t,loss,entropy,gate_open,updated
1,3.51369571685791,3.682075023651123,0,0
2,3.937716007232666,3.9489083290100098,1,1
3,3.9590256214141846,3.9943032264709473,1,1
4,3.6922056674957275,3.6386632919311523,1,1
5,3.4619994163513184,3.3924484252929688,0,0
6,3.647702693939209,3.6153016090393066,1,1
7,3.7833759784698486,3.607039451599121,1,1
8,3.626030445098877,3.589592218399048,1,1
9,3.558746099472046,3.5865557193756104,0,0
10,3.00605845451355,3.2703773975372314,1,1
11,3.6033775806427,3.4991211891174316,1,1
12,3.263950824737549,3.371504783630371,1,1
13,3.575263261795044,3.4604711532592773,0,0
14,3.9275119304656982,3.578339099884033,0,0
15,3.5509986877441406,3.433476448059082,0,0
16,4.091065406799316,3.4342947006225586,1,1
17,3.3590900897979736,3.234103202819824,0,0
18,3.159921407699585,3.0441675186157227,0,0
19,3.661851167678833,3.506495237350464,0,0
20,3.792067289352417,3.577601671218872,0,0
21,3.9440135955810547,3.656792402267456,0,0
22,3.820258855819702,3.481353759765625,1,1
23,3.9512298107147217,3.6049766540527344,1,1
24,3.063624143600464,3.035958766937256,0,0
25,3.0434906482696533,2.918256998062134,1,1
26,3.327721357345581,3.1527323722839355,1,1
27,3.435598134994507,3.2721002101898193,0,0
28,3.5669007301330566,3.4587554931640625,1,1
29,3.4652462005615234,3.4235987663269043,0,0
30,3.444082736968994,3.158888339996338,1,1
31,3.1693618297576904,3.014138698577881,0,0
32,2.9820432662963867,2.962002754211426,0,0
33,3.1164984703063965,2.9920907020568848,1,1
34,3.5129668712615967,3.3022916316986084,0,0
35,3.50368595123291,3.150832176208496,1,1
36,3.0026357173919678,2.7977957725524902,1,1
37,3.3352692127227783,2.9984257221221924,1,1
38,3.264376640319824,2.975611448287964,0,0
39,3.087125539779663,3.0072507858276367,0,0
40,3.8017661571502686,3.4324541091918945,0,0
41,3.548198699951172,3.438793420791626,1,1
42,3.722832202911377,3.5620522499084473,0,0
43,3.3194594383239746,3.1104416847229004,1,1
44,3.4689276218414307,3.183464765548706,1,1
45,2.9795029163360596,3.0053117275238037,1,1
46,3.1554834842681885,3.0494067668914795,0,0
47,3.305269479751587,3.1104612350463867,1,1
48,3.5924744606018066,3.259617805480957,1,1
49,3.1435232162475586,3.0056819915771484,1,1
50,3.649204730987549,3.2003140449523926,1,1
51,3.555232048034668,3.295605182647705,0,0
52,3.4562292098999023,3.1961324214935303,0,0
53,3.535252571105957,3.235722541809082,0,0
54,3.0489141941070557,3.080721855163574,1,1
55,3.7473948001861572,3.4314427375793457,0,0
56,3.5255019664764404,3.3349785804748535,0,0
57,3.9361941814422607,3.5132603645324707,1,1
58,3.525650978088379,3.169066905975342,1,1
59,3.4483063220977783,3.1635079383850098,1,1
60,2.8661978244781494,2.5958871841430664,0,0
61,3.0820271968841553,2.756561279296875,1,1
62,3.2881758213043213,2.8589179515838623,1,1
63,3.1406774520874023,3.006214141845703,1,1
64,3.282172203063965,3.0520853996276855,1,1
65,3.0128695964813232,2.834925889968872,1,1
66,3.119513511657715,2.9965600967407227,0,0
67,3.0825533866882324,3.0759854316711426,0,0
68,3.6513242721557617,3.3466923236846924,1,1
69,3.5768656730651855,3.4520413875579834,1,1
70,3.565361499786377,3.243278980255127,0,0
71,3.5698840618133545,3.398104667663574,0,0
72,3.730058431625366,3.608462333679199,1,1
73,3.975984811782837,3.56856107711792,1,1
74,3.7117481231689453,3.316147804260254,0,0
75,3.4540531635284424,3.3060686588287354,0,0
76,3.504523515701294,3.3200063705444336,1,1
77,3.70774507522583,3.3906381130218506,0,0
78,3.488163471221924,3.4447379112243652,1,1
79,3.8691680431365967,3.285693645477295,1,1
80,3.4762606620788574,3.2643585205078125,0,0
81,3.51010799407959,3.2684860229492188,1,1
82,3.4921889305114746,3.310790538787842,1,1
83,3.7487568855285645,3.4467129707336426,0,0
84,3.295605421066284,3.0554914474487305,1,1
85,3.5648653507232666,3.3298912048339844,0,0
86,3.6276161670684814,3.312804698944092,0,0
87,3.71209454536438,3.232893228530884,1,1
88,3.7858049869537354,3.4465065002441406,0,0
89,3.459458589553833,3.029707908630371,1,1
90,3.3258540630340576,3.1027021408081055,0,0
91,3.5236563682556152,3.238145589828491,0,0
92,3.6581945419311523,3.4167776107788086,1,1
93,3.8314881324768066,3.2713818550109863,1,1
94,4.099836349487305,3.6815004348754883,1,1
95,4.132356643676758,3.7606139183044434,0,0
96,3.5847837924957275,3.186406135559082,0,0
97,3.514652967453003,3.202857732772827,1,1
98,3.2633535861968994,3.095750331878662,1,1
99,3.509331464767456,3.202501058578491,1,1
100,3.658205032348633,3.2277088165283203,1,1
101,3.622999429702759,3.3622066974639893,1,1
102,3.717571973800659,3.432290554046631,1,1
103,3.440613031387329,3.25797700881958,1,1
104,3.410571575164795,3.1967527866363525,0,0
105,3.6880686283111572,3.279937267303467,1,1
106,2.965263605117798,2.8182854652404785,0,0
107,3.126739501953125,3.073646068572998,0,0
108,3.4765796661376953,3.2997653484344482,1,1
109,3.5029172897338867,3.1997275352478027,1,1
110,3.8670742511749268,3.241206169128418,0,0
111,2.90783429145813,2.940457344055176,1,1
112,2.7499139308929443,2.6895337104797363,1,1
113,2.983133316040039,2.964224100112915,1,1
114,2.9215197563171387,2.9135565757751465,0,0
115,3.310023069381714,3.051820755004883,1,1
116,3.509506940841675,3.148303747177124,1,1
117,3.6218645572662354,3.2572171688079834,1,1
118,3.5341808795928955,3.1261754035949707,0,0
119,3.4914793968200684,3.306795597076416,0,0
120,3.6638987064361572,3.3268864154815674,1,1
121,3.738961935043335,3.377255439758301,0,0
122,3.744536876678467,3.4706008434295654,0,0
123,4.175516128540039,3.6016414165496826,0,0
124,3.8711299896240234,3.534392833709717,1,1
125,3.6648707389831543,3.340318202972412,1,1
126,3.837928056716919,3.4355547428131104,1,1
127,3.629925012588501,3.301931858062744,1,1
128,3.793511390686035,3.3341028690338135,1,1
129,3.664625883102417,3.1913516521453857,0,0
130,3.5939393043518066,3.0221686363220215,0,0
131,3.379422903060913,2.986328363418579,1,1
132,3.2455034255981445,2.890626907348633,0,0
133,3.2437210083007812,2.996217727661133,1,1
134,3.162858486175537,2.91375732421875,1,1
135,3.451403856277466,3.014866828918457,1,1
136,3.2003960609436035,2.9472830295562744,0,0
137,3.4236605167388916,2.9735357761383057,0,0
138,3.365725517272949,3.0742130279541016,1,1
139,3.363482713699341,3.15785551071167,0,0
140,3.244598627090454,3.051135540008545,0,0
141,3.4306230545043945,3.137967348098755,1,1
142,3.233374834060669,3.209500789642334,0,0
143,3.520352602005005,3.187347888946533,0,0
144,3.3202767372131348,2.9119815826416016,1,1
145,3.3995845317840576,3.1113624572753906,1,1
146,3.222198486328125,2.9365293979644775,1,1
147,3.4285595417022705,2.9183919429779053,1,1
148,3.6497037410736084,3.0980725288391113,1,1
149,3.490691661834717,3.2253355979919434,0,0
150,3.2425529956817627,3.084789991378784,0,0
151,3.4333910942077637,3.0234649181365967,1,1
152,3.3367197513580322,3.115100145339966,1,1
153,3.684767007827759,3.1024134159088135,1,1
154,3.225375175476074,2.9216604232788086,0,0
155,3.209238052368164,2.8834710121154785,1,1
156,3.649984121322632,3.167994499206543,1,1
157,3.951144218444824,3.528390884399414,0,0
158,3.747551202774048,3.438839912414551,1,1
159,3.826058864593506,3.3250393867492676,1,1
160,3.568328857421875,2.987438201904297,1,1
161,3.6504359245300293,3.2380337715148926,0,0
162,3.5673351287841797,3.0722603797912598,1,1
163,3.110293388366699,2.9708032608032227,0,0
164,3.3107428550720215,2.892476797103882,0,0
165,3.1407246589660645,3.0561141967773438,1,1
166,3.524289608001709,3.126169204711914,1,1
167,2.758575439453125,2.7656922340393066,0,0
168,3.1878814697265625,3.029409170150757,1,1
169,3.270862579345703,3.1105759143829346,1,1
170,2.9845831394195557,2.9341347217559814,0,0
171,3.298372507095337,3.168529987335205,1,1
172,3.7645480632781982,3.2786669731140137,0,0
173,3.7199625968933105,3.3155808448791504,1,1
174,3.1894168853759766,2.7444303035736084,0,0
175,3.108769655227661,2.9211056232452393,0,0
176,3.0519251823425293,2.755960702896118,1,1
177,2.6743886470794678,2.302628755569458,0,0
178,3.0522327423095703,2.7729809284210205,0,0
179,3.53940486907959,3.11376953125,0,0
180,3.4307260513305664,3.2576913833618164,1,1
181,3.5160059928894043,3.274078845977783,0,0
182,3.4861867427825928,3.0549445152282715,0,0
183,3.7163712978363037,3.3668293952941895,1,1
184,3.4848523139953613,3.1574440002441406,1,1
185,3.5654962062835693,3.1978888511657715,1,1
186,3.773336410522461,3.228194236755371,1,1
187,3.614896535873413,3.1162784099578857,1,1
188,3.8576290607452393,3.1586356163024902,0,0
189,3.5357301235198975,3.0882856845855713,1,1
190,3.4325592517852783,2.967592477798462,1,1
191,3.448596239089966,3.049670696258545,0,0
192,3.70739483833313,3.1962850093841553,1,1
193,3.6266677379608154,3.2549939155578613,1,1
194,3.1185269355773926,2.902116298675537,1,1
195,3.1635782718658447,2.9124646186828613,0,0
196,3.6127336025238037,3.218562126159668,0,0
197,3.455665349960327,3.142904758453369,1,1
198,3.4893040657043457,3.2173914909362793,0,0
199,3.3047049045562744,3.0314183235168457,1,1
200,3.381784677505493,3.029613733291626,0,0
201,3.4941818714141846,3.346592426300049,1,1
202,3.538508176803589,3.2387442588806152,1,1
203,3.5898096561431885,3.1317739486694336,1,1
204,3.6479525566101074,3.131577491760254,0,0
205,3.4697163105010986,3.135233163833618,0,0
206,3.2724380493164062,2.883366107940674,0,0
207,3.2672150135040283,3.085252523422241,1,1
208,3.3199806213378906,3.0899791717529297,0,0
209,3.4604990482330322,3.1770241260528564,1,1
210,3.2565042972564697,3.0886449813842773,1,1
211,3.2914483547210693,3.0149476528167725,0,0
212,3.4887194633483887,3.0585267543792725,0,0
213,4.100347995758057,3.3360979557037354,0,0
214,3.7245230674743652,3.2339329719543457,1,1
215,4.001865863800049,3.368785858154297,1,1
216,3.6553027629852295,3.2586426734924316,1,1
217,3.819139242172241,3.3224000930786133,1,1
218,3.7099862098693848,3.200745105743408,1,1
219,3.440322160720825,2.959825277328491,1,1
220,2.987614631652832,2.7983648777008057,1,1
221,3.12880277633667,2.8006598949432373,1,1
222,3.022209405899048,2.8819985389709473,0,0
223,2.768259048461914,2.650861978530884,1,1
224,2.8746273517608643,2.602558135986328,0,0
225,3.0356850624084473,2.9910764694213867,0,0
226,2.7406702041625977,2.7800488471984863,1,1
227,2.8274340629577637,2.744380474090576,1,1
228,2.8689560890197754,2.748136520385742,0,0
229,3.3526246547698975,3.06748104095459,1,1
230,3.100966215133667,2.8508012294769287,1,1
231,3.0649237632751465,2.795363426208496,1,1
232,2.976067304611206,2.600153923034668,1,1
233,3.3081932067871094,2.8596882820129395,0,0
234,2.6964688301086426,2.5665135383605957,1,1
235,3.148435115814209,2.706465721130371,1,1
236,3.0285072326660156,2.633441686630249,1,1
237,3.26993989944458,2.602625608444214,1,1
238,3.373351573944092,2.9794721603393555,1,1
239,3.0367045402526855,2.735090732574463,0,0
240,2.8442575931549072,2.6386823654174805,0,0
241,3.446296453475952,3.0755233764648438,1,1
242,2.990903377532959,2.6762332916259766,1,1
243,3.6191468238830566,3.344639301300049,1,1
244,3.0198187828063965,2.938425064086914,0,0
245,3.1534645557403564,2.8731818199157715,0,0
246,3.6099629402160645,3.2821407318115234,1,1
247,3.591203451156616,3.145306348800659,1,1
248,3.3295555114746094,2.8655614852905273,1,1
249,3.343406915664673,3.1079115867614746,0,0
250,3.564894914627075,3.365427017211914,0,0
251,3.3701560497283936,3.1130504608154297,1,1
252,3.724595785140991,3.2763705253601074,0,0
253,3.3930835723876953,3.034933090209961,1,1
254,3.5202064514160156,3.206721305847168,1,1
255,3.68153977394104,2.996439218521118,0,0
256,4.069879531860352,3.1577067375183105,0,0
257,3.5582547187805176,3.1196181774139404,1,1
258,3.5573556423187256,3.136699676513672,1,1
259,3.763960599899292,3.1030819416046143,0,0
260,3.8246827125549316,2.9409847259521484,1,1
261,3.772524356842041,3.103975772857666,1,1
262,3.6679933071136475,3.0504000186920166,0,0
263,3.833223819732666,3.2028427124023438,0,0
264,3.600897789001465,2.9986190795898438,0,0
265,3.172184705734253,2.5941388607025146,0,0
266,3.503269672393799,3.087031841278076,1,1
267,3.067131996154785,2.8160362243652344,0,0
268,2.700709342956543,2.479104995727539,0,0
269,3.159367322921753,3.0915446281433105,1,1
270,3.069896697998047,3.0173542499542236,0,0
271,3.4419922828674316,3.10945463180542,0,0
272,3.760040283203125,3.354421615600586,1,1
273,3.5654726028442383,3.274352550506592,0,0
274,3.5901472568511963,3.238600730895996,1,1
275,3.4744935035705566,3.236414909362793,0,0
276,3.0812106132507324,3.143527030944824,1,1
277,3.5311169624328613,3.0532171726226807,1,1
278,3.538457155227661,3.077899932861328,0,0
279,3.1773455142974854,3.0725231170654297,1,1
280,3.661196231842041,3.2284629344940186,1,1
281,3.1846723556518555,3.0806846618652344,0,0
282,3.480367660522461,3.2599291801452637,0,0
283,3.1273703575134277,2.852487564086914,0,0
284,3.4684040546417236,3.206461191177368,0,0
285,3.6492412090301514,3.2377161979675293,0,0
286,3.3694710731506348,3.038947105407715,0,0
287,3.6963095664978027,3.221465587615967,0,0
288,3.6234729290008545,3.3056817054748535,0,0
289,3.711965799331665,3.265397071838379,0,0
290,3.632399559020996,3.431340456008911,1,1
291,3.572944164276123,3.1132497787475586,0,0
292,3.730515718460083,3.3623952865600586,0,0
293,3.502753734588623,3.0588345527648926,0,0
294,3.6262662410736084,3.0539438724517822,1,1
295,3.4647715091705322,2.9824156761169434,1,1
296,3.339967966079712,2.9205498695373535,0,0
297,2.9503655433654785,2.720505714416504,0,0
298,3.2088847160339355,2.8986196517944336,1,1
299,2.835988759994507,2.7536652088165283,1,1
300,3.1601948738098145,2.8065664768218994,0,0
301,3.47377610206604,3.0348219871520996,1,1
302,3.2764971256256104,2.8513240814208984,1,1
303,3.7534265518188477,3.3244547843933105,0,0
304,3.686042547225952,3.0875391960144043,1,1
305,3.7493815422058105,3.360135555267334,1,1
306,2.5670318603515625,2.4994425773620605,1,1
307,3.487942695617676,2.9171817302703857,0,0
308,3.5274293422698975,2.9843876361846924,1,1
309,3.647648572921753,3.1549899578094482,1,1
310,3.566296339035034,3.0326294898986816,1,1
311,3.449573516845703,3.042137622833252,1,1
312,3.4744274616241455,2.96834659576416,0,0
313,3.3926520347595215,2.8343186378479004,1,1
314,2.9726738929748535,2.562673568725586,1,1
315,3.462139844894409,2.976936101913452,1,1
316,3.8215253353118896,3.2761118412017822,1,1
317,3.1054906845092773,2.666987895965576,0,0
318,2.558375835418701,2.2572786808013916,1,1
319,3.202367067337036,2.9017109870910645,1,1
320,3.44897723197937,3.129678249359131,1,1
321,3.1146199703216553,2.902862787246704,1,1
322,3.0575523376464844,2.752458333969116,0,0
323,3.0932817459106445,2.7767345905303955,0,0
324,3.273298978805542,3.018596649169922,0,0
325,3.175772190093994,2.9668498039245605,1,1
326,3.702253580093384,3.071241855621338,1,1
327,3.53376841545105,3.137960910797119,0,0
328,3.4199724197387695,3.058311939239502,0,0
329,3.833521604537964,3.516474723815918,0,0
330,3.4444029331207275,3.2441697120666504,1,1
331,3.800999164581299,3.242678165435791,0,0
332,3.604461193084717,3.180419683456421,1,1
333,3.550848960876465,3.0110373497009277,0,0
334,3.274975061416626,2.7543931007385254,0,0
335,3.4562828540802,3.1554770469665527,1,1
336,3.571531057357788,3.1524362564086914,0,0
337,3.492708683013916,3.104079008102417,1,1
338,3.508815288543701,2.965366840362549,0,0
339,3.0951197147369385,2.692115306854248,1,1
340,3.3651607036590576,2.9120113849639893,0,0
341,3.035813331604004,2.7110273838043213,0,0
342,3.0304839611053467,2.7456815242767334,1,1
343,3.33992600440979,2.9088284969329834,0,0
344,3.5695252418518066,2.926112651824951,1,1
345,3.0876846313476562,2.8286566734313965,0,0
346,3.7296881675720215,3.2414817810058594,0,0
347,3.4963161945343018,3.033355712890625,0,0
348,3.6762099266052246,3.161099433898926,1,1
349,3.758434295654297,3.162614345550537,0,0
350,3.5981991291046143,3.072359561920166,1,1
351,3.6545920372009277,3.0143280029296875,1,1
352,4.027590274810791,3.2768266201019287,1,1
353,3.758692741394043,3.28037428855896,0,0
354,3.5875911712646484,2.918062210083008,1,1
355,3.180804491043091,2.807737350463867,0,0
356,3.696040153503418,3.1584060192108154,1,1
357,3.7744438648223877,3.329361915588379,1,1
358,3.703111171722412,3.2156622409820557,0,0
359,3.5643489360809326,3.2214198112487793,0,0
360,4.078269958496094,3.4216184616088867,1,1
361,4.363828659057617,3.478604555130005,0,0
362,3.5450775623321533,3.076587677001953,0,0
363,3.6078479290008545,3.235521078109741,1,1
364,3.5776915550231934,3.2708935737609863,1,1
365,3.4291722774505615,3.057112216949463,0,0
366,3.2809057235717773,3.131542444229126,1,1
367,3.4868836402893066,3.305325508117676,0,0
368,3.432849884033203,3.3373537063598633,0,0
369,3.6001763343811035,3.3043501377105713,0,0
370,3.4520998001098633,3.2670624256134033,0,0
371,3.1399545669555664,3.0683374404907227,1,1
372,2.6670308113098145,2.7075395584106445,0,0
373,3.262312650680542,3.0943994522094727,0,0
374,2.572857618331909,2.572972059249878,1,1
375,3.557278871536255,3.163595676422119,0,0
376,3.8057568073272705,3.419083595275879,0,0
377,4.131599426269531,3.401322603225708,0,0
378,2.875847101211548,2.604330539703369,1,1
379,3.3236336708068848,3.1200175285339355,0,0
380,3.1986136436462402,2.916198968887329,0,0
381,3.4008476734161377,3.040828227996826,0,0
382,3.203007698059082,2.94903302192688,0,0
383,2.9562976360321045,2.7870140075683594,0,0
384,3.079235553741455,2.8030459880828857,0,0
385,3.071305274963379,2.9947242736816406,1,1
386,3.4176385402679443,2.7986106872558594,1,1
387,3.708547830581665,3.1738479137420654,0,0
388,3.267805337905884,2.747020721435547,0,0
389,3.332928419113159,2.589766502380371,1,1
390,3.0704989433288574,2.5305087566375732,1,1
391,3.620051145553589,3.060866117477417,0,0
392,4.687459468841553,3.3283088207244873,1,1
393,5.269803524017334,3.416982889175415,1,1
394,2.899355173110962,2.481097936630249,1,1
395,3.5707318782806396,2.8599894046783447,1,1
396,3.483349084854126,2.811164140701294,1,1
397,3.466214895248413,2.6676712036132812,0,0
398,3.4093687534332275,2.69265079498291,0,0
399,3.183183193206787,2.765343189239502,0,0
400,3.5318098068237305,3.0993828773498535,1,1
401,3.72961688041687,3.159775495529175,0,0
402,3.5643503665924072,3.109891653060913,1,1
403,3.42665433883667,3.0992157459259033,1,1
404,3.4818756580352783,3.1617374420166016,0,0
405,3.877600908279419,3.4209702014923096,0,0
406,3.5650484561920166,3.209190607070923,0,0
407,3.6239118576049805,3.145859479904175,0,0
408,3.532977342605591,3.19191312789917,0,0
409,3.5084824562072754,3.1979823112487793,0,0
410,3.5019824504852295,3.1999001502990723,0,0
411,3.409959554672241,3.0275120735168457,0,0
412,3.1796772480010986,3.0008301734924316,0,0
413,3.295687437057495,3.0050811767578125,0,0
414,3.6971099376678467,3.213099956512451,1,1
415,3.6425650119781494,3.0997238159179688,1,1
416,3.1915040016174316,2.9808855056762695,1,1
417,3.474036693572998,3.1536660194396973,1,1
418,3.1600828170776367,2.9003653526306152,1,1
419,3.606818437576294,3.232691764831543,1,1
420,3.540431261062622,3.101799488067627,1,1
421,3.125227212905884,3.0473036766052246,0,0
422,3.2206313610076904,2.9396743774414062,1,1
423,3.472663164138794,3.0528054237365723,0,0
424,3.7436256408691406,3.0848007202148438,0,0
425,3.4771711826324463,3.181555986404419,0,0
426,3.634056329727173,3.172088146209717,0,0
427,3.4740772247314453,2.9737634658813477,0,0
428,3.5889670848846436,3.094208240509033,1,1
429,3.887115001678467,3.3555428981781006,0,0
430,3.9825167655944824,3.283923864364624,1,1
431,3.8759677410125732,3.085024356842041,0,0
432,4.010883331298828,3.2401723861694336,1,1
433,3.4241631031036377,2.939206123352051,1,1
434,3.8440074920654297,3.1806235313415527,1,1
435,3.256598472595215,2.8614349365234375,1,1
436,3.4826767444610596,3.272573947906494,1,1
437,3.200786828994751,2.927882671356201,0,0
438,3.045356273651123,2.8016512393951416,0,0
439,3.3212006092071533,2.8899102210998535,1,1
440,3.1467347145080566,2.89194393157959,0,0
441,3.234890937805176,2.95662260055542,1,1
442,3.356856107711792,2.9929769039154053,0,0
443,3.2582626342773438,3.0919687747955322,0,0
444,2.83624005317688,2.812352180480957,0,0
445,2.889129161834717,2.698674201965332,1,1
446,3.2423651218414307,3.154520034790039,1,1
447,3.9037387371063232,3.269798755645752,1,1
448,3.38334584236145,3.054603099822998,0,0
449,3.7944469451904297,3.3282253742218018,0,0
450,4.089977264404297,3.5577073097229004,1,1
451,3.628117561340332,3.3860135078430176,0,0
452,3.3985660076141357,3.00189208984375,0,0
453,3.2829253673553467,2.872304916381836,0,0
454,3.2504653930664062,2.7501211166381836,1,1
455,3.353982925415039,2.930269241333008,0,0
456,3.0914735794067383,2.8375296592712402,1,1
457,3.0064544677734375,2.775390625,0,0
458,2.8132100105285645,2.718726634979248,1,1
459,2.7638638019561768,2.5072994232177734,0,0
460,2.8809423446655273,2.628511905670166,0,0
461,3.0666141510009766,2.7710909843444824,0,0
462,3.0611870288848877,2.9415831565856934,0,0
463,2.9892489910125732,2.9495902061462402,1,1
464,3.238689661026001,2.9392714500427246,0,0
465,3.234661102294922,3.04557466506958,0,0
466,3.38873553276062,2.950003147125244,1,1
467,3.315415143966675,3.069476842880249,1,1
468,3.083791971206665,2.9807581901550293,1,1
469,3.225874423980713,2.9427309036254883,1,1
470,2.929044008255005,2.574573278427124,1,1
471,3.07696795463562,3.0088400840759277,1,1
472,3.097561836242676,2.9546737670898438,1,1
473,2.920489549636841,2.7070162296295166,1,1
474,3.2552566528320312,2.9982845783233643,1,1
475,2.9465861320495605,2.5708889961242676,0,0
476,2.844196319580078,2.693361520767212,0,0
477,3.118411064147949,2.7740859985351562,0,0
478,2.973742723464966,2.6970112323760986,0,0
479,3.006585121154785,2.820305824279785,0,0
480,2.7906594276428223,2.6142563819885254,0,0
481,3.7690229415893555,3.0416793823242188,0,0
482,4.2864885330200195,3.1805214881896973,1,1
483,3.4078874588012695,2.8969295024871826,1,1
484,3.9826509952545166,3.2147231101989746,0,0
485,3.6970653533935547,3.1379051208496094,0,0
486,3.993851900100708,3.207376480102539,1,1
487,3.7564454078674316,3.197342872619629,0,0
488,3.8211324214935303,3.2105259895324707,1,1
489,3.7898261547088623,3.055194854736328,0,0
490,4.119104862213135,3.308363437652588,0,0
491,3.885519027709961,3.1387200355529785,0,0
492,3.951955556869507,3.1305718421936035,0,0
493,3.7662270069122314,3.104283571243286,1,1
494,3.4156334400177,2.9797701835632324,1,1
495,3.2202701568603516,2.757554531097412,1,1
496,3.5920112133026123,3.018148183822632,0,0
497,3.679636240005493,3.147432327270508,1,1
498,3.5117578506469727,3.255573272705078,1,1
499,3.3065953254699707,3.1032137870788574,0,0
500,3.658341646194458,3.3331310749053955,0,0
501,3.755040168762207,3.16833758354187,1,1
502,3.5151875019073486,3.295788049697876,0,0
503,3.6941468715667725,3.1725473403930664,1,1
504,3.3940048217773438,3.038210153579712,1,1
505,3.254706621170044,3.057790756225586,1,1
506,3.6168525218963623,3.1771950721740723,0,0
507,3.4775643348693848,3.0747616291046143,0,0
508,3.370018720626831,3.0934789180755615,1,1
509,3.730961561203003,3.3505117893218994,1,1
510,3.4855945110321045,2.9878735542297363,1,1
511,4.042731285095215,3.464226007461548,1,1
512,3.7617080211639404,3.3762898445129395,0,0
513,3.3898377418518066,3.2259092330932617,1,1
514,3.56978702545166,3.3251190185546875,1,1
515,3.374333381652832,3.1258275508880615,1,1
516,3.896496057510376,3.285447597503662,0,0
517,3.879992723464966,3.3025221824645996,1,1
518,3.3946917057037354,3.1725940704345703,1,1
519,2.8653268814086914,2.723302125930786,0,0
520,2.5962560176849365,2.3632335662841797,0,0
521,2.7805471420288086,2.637051582336426,1,1
522,3.182837963104248,2.891839027404785,1,1
523,3.146085500717163,2.806523323059082,1,1
524,2.8112447261810303,2.4471042156219482,1,1
525,2.9786691665649414,2.5364441871643066,1,1
526,2.8613932132720947,2.3086020946502686,1,1
527,2.587125301361084,2.259528160095215,1,1
528,3.1193652153015137,2.621596336364746,1,1
529,3.0232980251312256,2.4765257835388184,0,0
530,3.532756805419922,2.895711660385132,1,1
531,4.00875186920166,3.3473870754241943,0,0
532,2.8704516887664795,2.3334646224975586,1,1
533,3.3686234951019287,2.872774600982666,1,1
534,3.2480409145355225,2.423288583755493,1,1
535,3.5075325965881348,2.914027214050293,0,0
536,3.598893165588379,2.9186275005340576,0,0
537,3.825831890106201,3.035641670227051,1,1
538,3.779299020767212,2.875978708267212,0,0
539,3.0857295989990234,2.8589236736297607,0,0
540,3.3711204528808594,2.7533092498779297,0,0
541,3.190960168838501,2.8354878425598145,1,1
542,3.4357452392578125,3.011622667312622,0,0
543,3.4542078971862793,2.8428845405578613,0,0
544,2.979771375656128,2.6242308616638184,0,0
545,3.381314992904663,2.892775297164917,0,0
546,2.3190762996673584,1.8941327333450317,1,1
547,2.2666964530944824,1.76575767993927,1,1
548,3.11592435836792,2.633803367614746,1,1
549,3.612773895263672,3.0633716583251953,0,0
550,3.359985828399658,2.775069236755371,0,0
551,3.479539632797241,2.9581918716430664,0,0
552,3.447681427001953,2.9052538871765137,0,0
553,3.3784284591674805,2.9333298206329346,0,0
554,3.4372570514678955,3.0808186531066895,1,1
555,2.7723910808563232,2.4606895446777344,1,1
556,2.9847538471221924,2.5861334800720215,1,1
557,2.984517812728882,2.6314897537231445,1,1
558,3.360846757888794,3.00102162361145,1,1
559,3.475292444229126,2.83907413482666,0,0
560,3.627896547317505,3.0809712409973145,1,1
561,3.2397725582122803,2.82491397857666,0,0
562,3.365302085876465,2.8963489532470703,0,0
563,3.496995210647583,2.9029901027679443,0,0
564,3.3547492027282715,2.7860770225524902,0,0
565,2.7660412788391113,2.2612521648406982,1,1
566,3.442542552947998,2.898348808288574,0,0
567,3.5482258796691895,3.09779953956604,1,1
568,3.3006508350372314,2.7627174854278564,1,1
569,3.8100526332855225,3.2278342247009277,1,1
570,3.627169609069824,3.016061305999756,0,0
571,3.1653435230255127,2.7819395065307617,1,1
572,2.903973340988159,2.498871088027954,1,1
573,3.727566719055176,3.0426714420318604,0,0
574,3.141230583190918,2.847792625427246,1,1
575,2.7354278564453125,2.518003463745117,0,0
576,2.8623979091644287,2.5139315128326416,0,0
577,3.2213683128356934,2.870623826980591,1,1
578,3.4497947692871094,2.997009754180908,0,0
579,3.7951865196228027,3.206096887588501,0,0
580,3.526237964630127,3.079218864440918,1,1
581,3.7418806552886963,3.133972406387329,1,1
582,3.345447301864624,2.8832130432128906,0,0
583,3.5427801609039307,3.008765697479248,1,1
584,3.643481492996216,3.104750633239746,1,1
585,3.118051290512085,2.683363914489746,1,1
586,3.392331600189209,3.017749547958374,0,0
587,3.3384530544281006,2.9892711639404297,1,1
588,3.526188611984253,3.020063877105713,0,0
589,3.407677412033081,2.9521093368530273,0,0
590,3.27298641204834,3.0206286907196045,0,0
591,3.068810224533081,2.9622349739074707,1,1
592,3.279829978942871,2.97784423828125,1,1
593,3.2061448097229004,3.151322841644287,1,1
594,3.225212574005127,2.5423922538757324,0,0
595,3.5091652870178223,2.9356276988983154,0,0
596,3.3206582069396973,2.740194320678711,1,1
597,3.2565557956695557,2.6591873168945312,1,1
598,3.4186179637908936,2.7867846488952637,1,1
599,3.4543275833129883,2.887765645980835,0,0
600,3.1379189491271973,2.899441957473755,0,0
601,3.4358325004577637,2.7998757362365723,1,1
602,3.514152765274048,2.92799711227417,1,1
603,3.447584390640259,3.2282681465148926,0,0
604,3.2865238189697266,3.0714824199676514,1,1
605,3.2982890605926514,3.150226354598999,1,1
606,3.4018023014068604,3.1977691650390625,1,1
607,3.418164014816284,3.102010488510132,1,1
608,3.058058023452759,2.9434735774993896,1,1
609,3.5972676277160645,3.149848461151123,0,0
610,3.604465961456299,3.1604206562042236,1,1
611,3.4362871646881104,2.9563798904418945,1,1
612,3.8127481937408447,3.1490001678466797,1,1
613,3.539415121078491,3.0218122005462646,1,1
614,3.5474276542663574,3.0310776233673096,0,0
615,3.309260845184326,2.9799678325653076,1,1
616,3.4683430194854736,3.2040281295776367,0,0
617,3.218522787094116,2.9436240196228027,0,0
618,3.5700645446777344,3.0664923191070557,1,1
619,3.440537691116333,3.1226425170898438,0,0
620,3.1300814151763916,2.7707371711730957,1,1
621,3.3722739219665527,2.8995938301086426,0,0
622,3.6805078983306885,2.996021270751953,0,0
623,3.5915937423706055,3.143193483352661,1,1
624,3.3224403858184814,2.952958106994629,0,0
625,3.496049404144287,3.10626482963562,1,1
626,3.3867368698120117,3.2102291584014893,1,1
627,3.6861212253570557,3.1815240383148193,1,1
628,3.5938072204589844,3.412987232208252,1,1
629,4.049745082855225,3.410086154937744,1,1
630,3.3020310401916504,2.82997465133667,1,1
631,3.1906373500823975,2.8776795864105225,0,0
632,3.440647840499878,3.000709295272827,1,1
633,3.446289539337158,3.0068905353546143,0,0
634,3.7838447093963623,3.2374792098999023,1,1
635,3.4665122032165527,3.1264352798461914,0,0
636,3.4588065147399902,2.980314254760742,0,0
637,3.533156394958496,2.962599039077759,0,0
638,3.1362388134002686,2.7863869667053223,0,0
639,3.68453311920166,3.06506085395813,0,0
640,3.533693552017212,3.1946654319763184,0,0
641,3.5819995403289795,3.110430955886841,1,1
642,3.5861430168151855,3.0992188453674316,0,0
643,2.9651010036468506,2.6266541481018066,1,1
644,2.8957808017730713,2.590541362762451,1,1
645,2.8716623783111572,2.6386430263519287,1,1
646,3.046924352645874,2.836968183517456,0,0
647,3.5481345653533936,3.049889326095581,1,1
648,3.391733407974243,3.06935453414917,1,1
649,4.140316009521484,3.3986124992370605,0,0
650,3.396038055419922,3.0422844886779785,1,1
651,3.574843645095825,3.2746894359588623,0,0
652,3.649171829223633,3.0768680572509766,0,0
653,3.369187116622925,3.0440001487731934,1,1
654,3.5667264461517334,3.1742992401123047,0,0
655,3.3687291145324707,3.0273048877716064,0,0
656,3.1193184852600098,2.964534044265747,0,0
657,3.289132833480835,2.8480310440063477,1,1
658,3.5692155361175537,3.2191853523254395,1,1
659,4.006817817687988,3.487166166305542,1,1
660,3.95332407951355,3.491903066635132,0,0
661,3.8402702808380127,3.2633466720581055,1,1
662,4.265889644622803,3.420844793319702,0,0
663,4.0991363525390625,3.3493599891662598,1,1
664,3.537019729614258,3.008007526397705,1,1
665,3.3389294147491455,2.902855396270752,0,0
666,3.765488624572754,3.147017478942871,1,1
667,3.5723068714141846,2.8972678184509277,0,0
668,4.233874320983887,3.4798755645751953,1,1
669,3.9881842136383057,3.248532772064209,1,1
670,3.7490038871765137,3.3485403060913086,0,0
671,3.954331874847412,3.4450769424438477,1,1
672,3.7536261081695557,3.2847046852111816,1,1
673,4.068628787994385,3.602764129638672,1,1
674,3.828380823135376,3.330820322036743,1,1
675,3.625300407409668,3.3257839679718018,0,0
676,3.5191400051116943,3.2655582427978516,1,1
677,3.7328429222106934,3.2092649936676025,0,0
678,3.9072039127349854,3.3922197818756104,0,0
679,4.04339075088501,3.610011100769043,0,0
680,4.009857654571533,3.36971378326416,0,0
681,4.003335952758789,3.3352246284484863,1,1
682,3.9261484146118164,3.427156686782837,1,1
683,3.7457363605499268,3.4016692638397217,1,1
684,3.9602110385894775,3.3597726821899414,1,1
685,3.7684333324432373,3.4528908729553223,1,1
686,3.353681802749634,3.0366787910461426,1,1
687,2.855107069015503,2.8878540992736816,0,0
688,3.938941717147827,3.249932050704956,0,0
689,3.033334732055664,2.96205472946167,1,1
690,3.540539503097534,3.272084951400757,1,1
691,3.0068438053131104,2.682220220565796,0,0
692,3.2576253414154053,2.9909842014312744,0,0
693,3.3331432342529297,3.0916669368743896,0,0
694,3.431513547897339,3.193026304244995,1,1
695,3.6398582458496094,3.224426507949829,0,0
696,3.498734712600708,3.2218172550201416,1,1
697,3.0861520767211914,3.062721014022827,0,0
698,3.361416816711426,2.958857297897339,1,1
699,2.6503989696502686,2.6867995262145996,1,1
700,3.547940731048584,3.2732865810394287,0,0
701,2.746148109436035,2.730856418609619,1,1
702,3.3284308910369873,2.8041129112243652,1,1
703,3.318451166152954,2.7874155044555664,1,1
704,3.301683187484741,2.8524298667907715,0,0
705,3.297590970993042,2.8724281787872314,1,1
706,3.233729600906372,2.639399290084839,1,1
707,3.525963306427002,2.9927244186401367,0,0
708,3.3473243713378906,2.9651665687561035,1,1
709,2.760183572769165,2.467911720275879,0,0
710,2.7035562992095947,2.2618751525878906,1,1
711,2.987612247467041,2.3671224117279053,0,0
712,3.1253960132598877,2.607271909713745,1,1
713,3.193819761276245,2.8818140029907227,1,1
714,3.481321096420288,3.1607508659362793,0,0
715,3.8523476123809814,3.3563344478607178,0,0
716,0.9118933081626892,0.9033925533294678,1,1
717,2.5042788982391357,2.1991209983825684,0,0
718,3.1269121170043945,2.9790000915527344,1,1
719,3.1649982929229736,3.0518083572387695,0,0
720,3.138767719268799,2.9890692234039307,1,1
721,3.288728713989258,3.0227174758911133,1,1
722,3.1655690670013428,2.8058555126190186,1,1
723,3.497161388397217,3.239741563796997,0,0
724,3.9409217834472656,3.3508877754211426,1,1
725,3.622345447540283,3.192502975463867,1,1
726,3.8388938903808594,3.3213515281677246,0,0
727,3.6480252742767334,3.2745914459228516,0,0
728,3.5940606594085693,3.309292793273926,0,0
729,3.6436986923217773,3.1434922218322754,1,1
730,3.4278862476348877,3.0939300060272217,1,1
731,3.605456590652466,3.330073595046997,1,1
732,3.6281321048736572,3.209521770477295,1,1
733,4.011715412139893,3.414104461669922,0,0
734,3.473971128463745,3.2061028480529785,1,1
735,3.3875198364257812,3.0406336784362793,1,1
736,3.673985004425049,3.2567715644836426,1,1
737,3.7108020782470703,3.2426228523254395,0,0
738,3.776365041732788,3.216032028198242,0,0
739,3.440152168273926,2.9839534759521484,1,1
740,3.602573871612549,3.1431515216827393,1,1
741,3.7194206714630127,3.1626532077789307,1,1
742,3.4206838607788086,3.082552194595337,0,0
743,3.7518231868743896,3.250915050506592,1,1
744,3.5736634731292725,3.2606770992279053,0,0
745,3.7343966960906982,3.3672003746032715,1,1
746,3.5035479068756104,3.0091726779937744,1,1
747,3.459817886352539,3.010192394256592,0,0
748,3.321519613265991,2.974177360534668,0,0
749,3.228964328765869,2.9981424808502197,1,1
750,3.5959694385528564,3.152740001678467,0,0
751,3.5834543704986572,3.1862971782684326,1,1
752,3.457273244857788,2.9934051036834717,1,1
753,3.509411096572876,2.8701632022857666,1,1
754,2.888472557067871,2.5176730155944824,1,1
755,3.7290163040161133,3.513251304626465,1,1
756,3.63608980178833,3.294825315475464,1,1
757,3.342048168182373,2.9617624282836914,1,1
758,3.803187608718872,3.270061492919922,0,0
759,3.6318042278289795,3.1672134399414062,0,0
760,4.067559242248535,3.5335004329681396,1,1
761,3.5209925174713135,3.331676959991455,0,0
762,3.6433005332946777,3.143453598022461,1,1
763,3.7607572078704834,3.156309127807617,1,1
764,4.349648952484131,3.3816401958465576,1,1
765,3.6556689739227295,3.1892919540405273,0,0
766,3.8862342834472656,3.21781587600708,0,0
767,3.5760488510131836,2.966968536376953,0,0
768,3.574618101119995,3.0231661796569824,0,0
769,3.6350221633911133,3.0446505546569824,1,1
770,3.4676430225372314,3.278799057006836,1,1
771,3.876138687133789,3.325105667114258,0,0
772,3.2999727725982666,3.012943744659424,1,1
773,3.232051372528076,3.073683977127075,1,1
774,3.522977352142334,3.1151797771453857,0,0
775,3.7276206016540527,3.2963979244232178,1,1
776,3.4060754776000977,3.0645687580108643,1,1
777,2.7451300621032715,2.6254749298095703,1,1
778,3.014646530151367,2.7501778602600098,0,0
779,3.3828089237213135,2.926172971725464,0,0
780,3.3686883449554443,3.152226686477661,1,1
781,3.9184560775756836,3.396096706390381,1,1
782,3.595064640045166,3.2594146728515625,0,0
783,3.1665496826171875,3.0738320350646973,1,1
784,3.3325893878936768,2.955531597137451,0,0
785,2.9152402877807617,2.6661038398742676,1,1
786,3.048304319381714,2.674748420715332,0,0
787,2.656733751296997,2.4840216636657715,1,1
788,3.547647714614868,3.0166635513305664,1,1
789,3.42435884475708,2.953855037689209,0,0
790,2.8214313983917236,2.5132997035980225,1,1
791,3.6074459552764893,2.914123058319092,1,1
792,3.4416472911834717,2.893707275390625,1,1
793,3.2508435249328613,2.870694160461426,1,1
794,3.5773003101348877,3.0585153102874756,0,0
795,3.532142162322998,3.1663808822631836,0,0
796,3.8106043338775635,3.238597869873047,0,0
797,3.255108118057251,3.0774362087249756,1,1
798,3.552952766418457,3.0740678310394287,1,1
799,3.6128787994384766,3.145031452178955,1,1
800,3.6750998497009277,3.225131034851074,0,0
801,3.8247122764587402,3.5008630752563477,1,1
802,3.8979759216308594,3.2382097244262695,0,0
803,3.7011466026306152,3.168511390686035,1,1
804,3.694925308227539,3.1231470108032227,0,0
805,3.324852228164673,2.9603638648986816,1,1
806,3.5833520889282227,3.177743434906006,1,1
807,3.9308769702911377,3.3927032947540283,0,0
808,3.63519549369812,3.290693759918213,0,0
809,3.4145970344543457,3.038954257965088,0,0
810,3.2972774505615234,2.8594045639038086,1,1
811,3.5190112590789795,2.9314863681793213,1,1
812,3.0291030406951904,2.6343586444854736,1,1
813,4.117649555206299,2.720780372619629,0,0
814,3.5353920459747314,2.8524675369262695,1,1
815,3.4140584468841553,2.9487905502319336,1,1
816,3.209367036819458,3.020486354827881,0,0
817,3.3291614055633545,2.980957508087158,1,1
818,3.6478912830352783,3.2229652404785156,0,0
819,3.3211851119995117,3.0892081260681152,0,0
820,3.5530402660369873,3.1346588134765625,1,1
821,3.444598436355591,3.125411033630371,0,0
822,3.4288063049316406,3.0724751949310303,1,1
823,3.5515224933624268,3.2583718299865723,1,1
824,3.555050849914551,3.247241973876953,0,0
825,4.338288307189941,3.641958236694336,1,1
826,3.7098844051361084,3.204939603805542,1,1
827,3.749277114868164,3.313173294067383,0,0
828,3.541374921798706,3.325103998184204,0,0
829,3.7258248329162598,3.3884377479553223,1,1
830,3.799633264541626,3.3172781467437744,1,1
831,3.8117294311523438,3.40743350982666,1,1
832,3.7722713947296143,3.5699610710144043,1,1
833,4.162430763244629,3.672804832458496,0,0
834,4.170829772949219,3.6150951385498047,1,1
835,3.774110794067383,3.378354787826538,0,0
836,3.703444242477417,3.4913976192474365,0,0
837,3.653144598007202,3.3192248344421387,1,1
838,3.9636263847351074,3.4580612182617188,1,1
839,3.4831933975219727,3.1003406047821045,0,0
840,3.6945016384124756,3.27224063873291,0,0
841,3.779731273651123,3.279550075531006,1,1
842,2.990011215209961,2.6365437507629395,0,0
843,3.3134260177612305,3.077381134033203,1,1
844,3.6835665702819824,3.138418197631836,1,1
845,3.3390276432037354,2.9585182666778564,0,0
846,3.4615671634674072,3.00076961517334,0,0
847,3.4099984169006348,2.9338958263397217,1,1
848,2.5528206825256348,2.2960448265075684,1,1
849,3.1367404460906982,2.919692039489746,1,1
850,3.106060266494751,2.8897132873535156,1,1
851,3.4785282611846924,3.1130294799804688,0,0
852,3.72751522064209,3.194213628768921,0,0
853,3.6140003204345703,3.2066335678100586,0,0
854,3.7923362255096436,3.226879119873047,1,1
855,3.207279920578003,3.014408826828003,0,0
856,3.168120861053467,3.0094261169433594,1,1
857,3.8277883529663086,3.4489104747772217,0,0
858,3.275888204574585,3.0872952938079834,1,1
859,2.632932186126709,2.4685168266296387,1,1
860,3.563524007797241,3.1021714210510254,0,0
861,3.9151742458343506,3.314420223236084,1,1
862,3.8680601119995117,3.1884565353393555,0,0
863,3.6270577907562256,3.1315014362335205,0,0
864,3.5491631031036377,3.0897977352142334,1,1
865,3.682652711868286,3.120406150817871,1,1
866,3.5087509155273438,3.114300012588501,0,0
867,3.606309175491333,3.1379222869873047,1,1
868,3.348872184753418,2.890315055847168,0,0
869,3.6571223735809326,3.2094335556030273,1,1
870,3.808957576751709,3.279604434967041,0,0
871,3.633227825164795,3.097320079803467,0,0
872,4.013020992279053,3.3917922973632812,0,0
873,3.393805503845215,3.1625823974609375,1,1
874,3.1902832984924316,2.9288556575775146,1,1
875,3.6772077083587646,2.941470146179199,0,0
876,3.3347604274749756,2.7390713691711426,1,1
877,2.8249125480651855,2.5308785438537598,1,1
878,2.9517922401428223,2.648850440979004,1,1
879,3.7796614170074463,3.1205849647521973,0,0
880,3.174712896347046,2.8939261436462402,1,1
881,3.3125767707824707,3.0594000816345215,1,1
882,3.2482287883758545,2.911688804626465,1,1
883,3.8744513988494873,3.008512020111084,0,0
884,3.5441551208496094,3.146674633026123,0,0
885,3.37640643119812,3.0135111808776855,1,1
886,3.6022255420684814,3.1641223430633545,1,1
887,3.370864152908325,3.111311674118042,1,1
888,3.5537490844726562,3.169844150543213,0,0
889,3.5511436462402344,3.2779438495635986,0,0
890,3.864053249359131,3.3645401000976562,1,1
891,3.852020502090454,3.484316349029541,0,0
892,3.9165589809417725,3.2812066078186035,1,1
893,3.9656832218170166,3.4005517959594727,1,1
894,4.148394584655762,3.5932531356811523,0,0
895,3.9735584259033203,3.5440006256103516,1,1
896,3.958815097808838,3.412139892578125,1,1
897,4.001061916351318,3.4313883781433105,1,1
898,3.7963712215423584,3.516305685043335,1,1
899,3.711327314376831,3.4345991611480713,0,0
900,3.6123952865600586,3.3210973739624023,1,1
901,3.7102110385894775,3.36436128616333,1,1
902,3.6000475883483887,3.2221882343292236,1,1
903,3.1415188312530518,2.944118022918701,1,1
904,3.1208603382110596,2.822762966156006,0,0
905,3.443633794784546,3.0694587230682373,1,1
906,4.069507598876953,3.465698719024658,1,1
907,3.151411294937134,2.7970380783081055,1,1
908,3.363212823867798,2.9759860038757324,0,0
909,3.9107680320739746,3.3184657096862793,1,1
910,3.6751017570495605,3.5091757774353027,1,1
911,3.947632312774658,3.739269733428955,0,0
912,3.726545810699463,3.4240317344665527,1,1
913,3.7385051250457764,3.399113655090332,0,0
914,4.0858354568481445,3.4590110778808594,1,1
915,3.5180020332336426,3.2329044342041016,1,1
916,3.739875078201294,3.346130132675171,0,0
917,2.8782806396484375,2.7001447677612305,1,1
918,3.2248594760894775,3.034025192260742,0,0
919,3.6271564960479736,3.3217029571533203,0,0
920,3.553861618041992,3.3068997859954834,1,1
921,3.7693185806274414,3.612910270690918,0,0
922,3.5930845737457275,3.3667194843292236,0,0
923,3.457930088043213,3.3673996925354004,1,1
924,3.289015769958496,2.9224331378936768,0,0
925,3.4102580547332764,3.2383337020874023,0,0
926,3.2850234508514404,3.263899326324463,0,0
927,3.1642494201660156,3.0042693614959717,0,0
928,3.184868097305298,3.0576343536376953,1,1
929,3.2511301040649414,2.972841739654541,0,0
930,2.9975194931030273,2.7972872257232666,0,0
931,3.202946662902832,2.86268949508667,1,1
932,3.4833767414093018,2.9522571563720703,1,1
933,3.2406225204467773,2.978203773498535,1,1
934,3.5089712142944336,2.9543659687042236,0,0
935,3.7756781578063965,3.443608045578003,0,0
936,3.2808187007904053,2.9651966094970703,0,0
937,3.7260665893554688,3.2167797088623047,0,0
938,3.9308764934539795,3.282475709915161,0,0
939,2.9598703384399414,2.8936123847961426,0,0
940,3.097987174987793,2.8190534114837646,1,1
941,3.1160736083984375,2.717587471008301,0,0
942,3.420767307281494,3.059380531311035,1,1
943,3.1904759407043457,3.0043222904205322,0,0
944,3.439817190170288,3.2368693351745605,1,1
945,3.8093738555908203,3.1240384578704834,0,0
946,2.8270556926727295,2.6348624229431152,1,1
947,2.9774529933929443,2.818389415740967,0,0
948,3.2821898460388184,2.9026026725769043,0,0
949,3.2649383544921875,2.949594020843506,0,0
950,3.630842685699463,3.220323085784912,0,0
951,3.4417929649353027,2.8856348991394043,1,1
952,3.7184677124023438,3.14361834526062,1,1
953,3.3669755458831787,3.1962146759033203,1,1
954,3.5878636837005615,3.3639204502105713,0,0
955,3.716508150100708,3.4661331176757812,0,0
956,3.698094129562378,3.366344451904297,0,0
957,3.378980875015259,3.296384811401367,1,1
958,3.3917152881622314,3.200122356414795,0,0
959,3.535696506500244,2.9478089809417725,1,1
960,3.8925299644470215,3.3175694942474365,0,0
961,4.042901992797852,3.3603100776672363,0,0
962,3.6585237979888916,3.236739158630371,0,0
963,3.7956607341766357,3.469832420349121,1,1
964,3.467543363571167,3.291701316833496,0,0
965,3.570204019546509,3.341458797454834,1,1
966,3.537714719772339,3.1515464782714844,0,0
967,3.3180689811706543,3.1673672199249268,0,0
968,3.3734707832336426,3.203660488128662,1,1
969,3.70231032371521,3.32857084274292,1,1
970,4.205450057983398,3.455498218536377,1,1
971,4.119650363922119,3.433976650238037,1,1
972,3.5431792736053467,3.305225133895874,1,1
973,4.239028453826904,3.694774627685547,1,1
974,3.9362709522247314,3.4621024131774902,0,0
975,3.6180691719055176,3.168365001678467,1,1
976,3.7254796028137207,3.3395111560821533,0,0
977,3.839250326156616,3.3135313987731934,1,1
978,3.692608594894409,3.374267339706421,1,1
979,3.654588222503662,3.1925716400146484,0,0
980,3.4562573432922363,2.9706854820251465,1,1
981,3.7667009830474854,3.397190809249878,1,1
982,3.61650013923645,3.0667407512664795,0,0
983,3.568748712539673,3.070223331451416,1,1
984,3.295109748840332,2.9518675804138184,1,1
985,3.2006189823150635,2.8194265365600586,1,1
986,2.8498480319976807,2.5746207237243652,0,0
987,2.6798815727233887,2.515472173690796,0,0
988,2.7175192832946777,2.531519889831543,0,0
989,3.393500804901123,3.1498970985412598,0,0
990,3.304056167602539,3.065250873565674,1,1
991,3.4552032947540283,3.032280921936035,1,1
992,3.447760581970215,2.8626813888549805,1,1
993,3.292800188064575,3.1392016410827637,0,0
994,3.1547107696533203,2.915146827697754,1,1
995,3.5595498085021973,3.131028890609741,1,1
996,3.29107928276062,3.095921039581299,1,1
997,3.2842929363250732,3.0099778175354004,1,1
998,3.0932228565216064,2.870286226272583,0,0
999,3.7602920532226562,3.341140031814575,1,1
1000,3.634272336959839,3.304938316345215,0,0
1001,3.3361427783966064,3.0614089965820312,1,1
1002,3.405181407928467,3.069378614425659,1,1
1003,3.570739507675171,3.1941237449645996,0,0
1004,3.8627753257751465,3.357147693634033,0,0
1005,3.2950477600097656,3.02040958404541,0,0
1006,3.7913639545440674,3.440401077270508,1,1
1007,3.8468101024627686,3.479609966278076,0,0
1008,3.460822105407715,3.168205738067627,0,0
1009,3.3787307739257812,3.2473106384277344,0,0
1010,3.209825038909912,2.9683785438537598,0,0
1011,3.233365535736084,2.9517741203308105,1,1
1012,3.8735499382019043,3.299468517303467,0,0
1013,3.3474972248077393,2.977644205093384,0,0
1014,3.251220941543579,3.0803208351135254,1,1
1015,3.2063426971435547,2.955508232116699,1,1
1016,3.4622340202331543,3.018612861633301,1,1
1017,3.376948595046997,3.0730438232421875,0,0
1018,3.6167266368865967,3.0397558212280273,1,1
1019,3.491913080215454,2.8066635131835938,1,1
1020,3.1599981784820557,2.7016406059265137,0,0
1021,3.193510055541992,3.037747859954834,1,1
1022,3.70023512840271,3.4936485290527344,0,0
1023,3.341663122177124,3.1349101066589355,0,0
1024,3.549773693084717,3.186833381652832,1,1
1025,3.610250473022461,3.1946794986724854,1,1
1026,3.4983322620391846,2.9382517337799072,1,1
1027,3.4226083755493164,3.053699016571045,0,0
1028,3.6831164360046387,3.382540225982666,1,1
1029,3.5400924682617188,3.441563606262207,0,0
1030,3.5746941566467285,3.30138897895813,0,0
1031,3.607534170150757,3.007814884185791,0,0
1032,3.878170967102051,3.1881186962127686,1,1
1033,2.8942182064056396,2.6192214488983154,0,0
1034,3.5472118854522705,3.070134162902832,1,1
1035,3.6209137439727783,3.2879295349121094,0,0
1036,3.6610107421875,3.292487144470215,1,1
1037,3.3909308910369873,2.9801831245422363,1,1
1038,3.251316785812378,2.9877126216888428,0,0
1039,3.299294948577881,3.1655359268188477,0,0
1040,3.2905564308166504,3.103483200073242,1,1
1041,3.5545613765716553,3.40993070602417,1,1
1042,3.711054563522339,3.3364906311035156,1,1
1043,2.9337918758392334,2.6453042030334473,0,0
1044,3.2572507858276367,2.8740458488464355,1,1
1045,3.2503864765167236,2.8692569732666016,1,1
1046,3.1423137187957764,2.9419479370117188,1,1
1047,3.303178071975708,3.1105055809020996,1,1
1048,3.408768653869629,3.02634859085083,0,0
1049,3.4383504390716553,2.951657772064209,1,1
1050,3.5313611030578613,3.3544323444366455,1,1
1051,3.933471441268921,3.4215166568756104,0,0
1052,3.0285422801971436,2.70102596282959,0,0
1053,3.1491875648498535,2.560380697250366,0,0
1054,2.8991332054138184,2.615203619003296,1,1
1055,2.9367313385009766,2.708733081817627,0,0
1056,3.0590407848358154,2.7202186584472656,1,1
1057,3.5671746730804443,3.0874054431915283,0,0
1058,3.761030673980713,3.292206048965454,0,0
1059,3.736523389816284,3.309993267059326,1,1
1060,3.546685218811035,3.222569465637207,0,0
1061,3.5741658210754395,3.0844740867614746,1,1
1062,3.552943229675293,3.254591941833496,1,1
1063,3.417332410812378,3.0652129650115967,0,0
1064,3.392467737197876,3.119137763977051,1,1
1065,3.7405192852020264,3.205899238586426,0,0
1066,3.4814040660858154,3.089158296585083,1,1
1067,3.516801595687866,3.1406829357147217,1,1
1068,3.3331949710845947,3.044760227203369,0,0
1069,3.0122547149658203,2.9150993824005127,0,0
1070,3.3983500003814697,3.0609874725341797,1,1
1071,3.22998046875,2.9853439331054688,1,1
1072,3.039055109024048,2.8027706146240234,0,0
1073,2.742276668548584,2.632366895675659,0,0
1074,3.2874488830566406,3.086313247680664,0,0
1075,3.3863697052001953,2.9731576442718506,0,0
1076,2.9485533237457275,2.722294807434082,1,1
1077,3.521244525909424,3.04021954536438,1,1
1078,3.343045949935913,2.857717514038086,0,0
1079,2.8568265438079834,2.4870049953460693,0,0
1080,2.5293078422546387,2.37154483795166,1,1
1081,2.7905819416046143,2.7251970767974854,1,1
1082,3.0893359184265137,3.1528377532958984,1,1
1083,3.2819530963897705,2.8824076652526855,0,0
1084,3.382204294204712,2.9592137336730957,1,1
1085,3.6719090938568115,3.025087356567383,1,1
1086,3.6746878623962402,3.088148355484009,1,1
1087,3.2992329597473145,2.742574691772461,1,1
1088,3.647282600402832,3.096062660217285,1,1
1089,3.3596928119659424,3.089212417602539,0,0
1090,3.5590434074401855,3.0349013805389404,1,1
1091,3.105074405670166,2.8452467918395996,0,0
1092,3.274049758911133,2.9813008308410645,0,0
1093,2.9806454181671143,2.875338554382324,1,1
1094,3.6443440914154053,3.2878103256225586,1,1
1095,2.962617874145508,2.9558098316192627,1,1
1096,3.319392681121826,3.0838046073913574,0,0
1097,3.393097162246704,3.1824934482574463,0,0
1098,3.4165518283843994,3.0905814170837402,0,0
1099,3.5888893604278564,3.200580358505249,0,0
1100,3.1741156578063965,3.090548515319824,1,1
1101,3.757999897003174,3.2238032817840576,1,1
1102,3.4294114112854004,2.9540743827819824,1,1
1103,3.352154016494751,3.007396697998047,1,1
1104,3.5042598247528076,3.175652503967285,1,1
1105,3.436962127685547,2.9927444458007812,1,1
1106,3.1794350147247314,3.061668872833252,1,1
1107,3.8053410053253174,3.4746499061584473,1,1
1108,3.56618070602417,3.3837647438049316,1,1
1109,3.5338187217712402,3.434262275695801,0,0
1110,3.548065423965454,3.317800998687744,0,0
1111,3.021695375442505,2.77156925201416,0,0
1112,2.871713399887085,2.76943302154541,0,0
1113,3.102013349533081,2.980175018310547,0,0
1114,3.290525436401367,3.134371519088745,1,1
1115,3.132519006729126,2.9339420795440674,0,0
1116,3.433757781982422,3.1471691131591797,0,0
1117,3.178539752960205,2.8959431648254395,1,1
1118,3.3091320991516113,3.0742974281311035,0,0
1119,3.1449508666992188,2.95281982421875,0,0
1120,3.1197009086608887,3.0159075260162354,0,0
1121,3.2514688968658447,2.770779609680176,0,0
1122,3.7394351959228516,3.1883177757263184,1,1
1123,3.6156013011932373,3.133220911026001,0,0
1124,3.84831166267395,3.20688533782959,1,1
1125,4.010814666748047,3.375991106033325,0,0
1126,3.8124566078186035,3.302703857421875,1,1
1127,3.124558925628662,2.7974278926849365,1,1
1128,3.0137765407562256,2.5306320190429688,0,0
1129,3.047583818435669,2.6938705444335938,1,1
1130,3.0950348377227783,2.7258481979370117,0,0
1131,2.9019672870635986,2.6258459091186523,1,1
1132,2.901925802230835,2.732154369354248,1,1
1133,2.9979779720306396,2.8320999145507812,0,0
1134,2.7988970279693604,2.5363969802856445,1,1
1135,2.689882516860962,2.6949431896209717,1,1
1136,3.20131516456604,3.0312862396240234,0,0
1137,3.252906560897827,3.076566219329834,0,0
1138,3.378460168838501,3.146528720855713,1,1
1139,3.443575382232666,3.1027464866638184,1,1
1140,4.619454860687256,3.916901111602783,1,1
1141,4.6813273429870605,3.923856496810913,0,0
1142,3.644763946533203,3.5584349632263184,1,1
1143,3.5274136066436768,3.22951078414917,0,0
1144,3.743086099624634,3.5079171657562256,0,0
1145,3.6276662349700928,3.4730722904205322,0,0
1146,3.835667133331299,3.431497573852539,1,1
1147,3.782954692840576,3.3857831954956055,1,1
1148,3.815776824951172,3.4483659267425537,1,1
1149,3.521960735321045,3.182542562484741,0,0
1150,3.697969675064087,3.3531599044799805,0,0
1151,4.037954807281494,3.453064203262329,1,1
1152,3.7589685916900635,3.116575241088867,0,0
1153,3.3999080657958984,3.070953130722046,1,1
1154,3.5581393241882324,3.110159397125244,1,1
1155,2.7965283393859863,2.75639009475708,1,1
1156,2.736459970474243,2.4448251724243164,1,1
1157,2.777966260910034,2.658968925476074,0,0
1158,3.054626941680908,2.961505651473999,1,1
1159,3.109689712524414,2.952608108520508,0,0
1160,3.3052637577056885,2.878336191177368,1,1
1161,3.4953503608703613,3.1345505714416504,0,0
1162,3.4584951400756836,3.1842806339263916,0,0
1163,3.148677110671997,2.9287161827087402,0,0
1164,3.6591713428497314,3.099804162979126,1,1
1165,3.146327495574951,2.897566795349121,0,0
1166,3.162733316421509,2.956697463989258,1,1
1167,3.011171817779541,2.8410239219665527,1,1
1168,3.516115188598633,3.044300079345703,0,0
1169,3.494947671890259,3.1814026832580566,1,1
1170,3.22794246673584,3.0696516036987305,1,1
1171,3.4711673259735107,3.097172260284424,0,0
1172,3.0732016563415527,2.9151172637939453,1,1
1173,3.407374620437622,3.0899505615234375,1,1
1174,3.3775618076324463,2.8858261108398438,0,0
1175,3.4250497817993164,3.147909641265869,1,1
1176,3.288602352142334,2.808645725250244,0,0
1177,3.568380355834961,3.0477399826049805,1,1
1178,3.9200525283813477,3.2643988132476807,0,0
1179,3.6105315685272217,3.1176767349243164,0,0
1180,2.9411840438842773,2.6723742485046387,0,0
1181,3.5935750007629395,3.312406539916992,0,0
1182,3.861100673675537,3.3729636669158936,0,0
1183,3.8514764308929443,3.4421634674072266,0,0
1184,3.8114991188049316,3.4446845054626465,0,0
1185,4.0693278312683105,3.647373676300049,1,1
1186,3.906862258911133,3.40950345993042,1,1
1187,3.9201786518096924,3.569244384765625,0,0
1188,3.6472232341766357,3.0847489833831787,1,1
1189,3.6277823448181152,3.1461591720581055,1,1
1190,2.885699510574341,2.348731517791748,0,0
1191,2.9040136337280273,2.3182544708251953,0,0
1192,3.3039844036102295,2.7887892723083496,1,1
1193,2.9671456813812256,2.5956544876098633,1,1
1194,3.495314598083496,3.176223039627075,1,1
1195,3.423705577850342,3.2801589965820312,0,0
1196,3.3168413639068604,3.042473316192627,1,1
1197,3.6583094596862793,3.2010302543640137,0,0
1198,3.27732515335083,3.089622735977173,1,1
1199,3.5223965644836426,3.1543595790863037,1,1
1200,3.066730499267578,3.031384229660034,1,1
1201,3.3561606407165527,3.177670955657959,0,0
1202,3.182657480239868,2.9383163452148438,1,1
1203,3.270022392272949,3.1329050064086914,1,1
1204,3.320293664932251,3.0037317276000977,1,1
1205,3.4363114833831787,3.1427481174468994,1,1
1206,3.4503307342529297,3.2429604530334473,0,0
1207,3.636291742324829,3.298536777496338,1,1
1208,3.221907377243042,3.135920524597168,1,1
1209,3.408176898956299,3.257600784301758,0,0
1210,3.3244996070861816,2.8252997398376465,0,0
1211,3.1358742713928223,2.8073978424072266,0,0
1212,2.994176149368286,2.6151838302612305,1,1
1213,3.0175297260284424,2.4454641342163086,1,1
1214,3.0310122966766357,2.6068613529205322,0,0
1215,3.341980457305908,2.6316580772399902,1,1
1216,3.4008567333221436,2.8413190841674805,1,1
1217,3.05349063873291,2.5935654640197754,1,1
1218,3.364546298980713,2.7576045989990234,1,1
1219,2.9759342670440674,2.5021045207977295,0,0
1220,3.238276958465576,2.5831079483032227,1,1
1221,3.2683348655700684,2.654557943344116,0,0
1222,3.3052666187286377,2.7016496658325195,0,0
1223,4.000194072723389,3.207667827606201,0,0
1224,4.102283000946045,3.0168261528015137,0,0
1225,3.228116273880005,2.9317188262939453,1,1
1226,3.5374631881713867,3.1007606983184814,0,0
1227,2.7859318256378174,2.626650333404541,0,0
1228,3.3273985385894775,2.9189562797546387,0,0
1229,3.65427827835083,3.5021297931671143,0,0
1230,3.495443105697632,3.3732919692993164,0,0
1231,3.1183242797851562,2.963395357131958,1,1
1232,3.3373653888702393,3.051379919052124,0,0
1233,3.2390708923339844,2.7939319610595703,0,0
1234,2.9388720989227295,2.7985219955444336,0,0
1235,3.9113705158233643,3.1985764503479004,0,0
1236,3.280050277709961,2.623929262161255,1,1
1237,3.363259792327881,2.955911874771118,1,1
1238,3.395096778869629,3.0440590381622314,1,1
1239,3.258526086807251,3.0494749546051025,1,1
1240,2.585115671157837,2.3020577430725098,1,1
1241,2.585665225982666,2.4927897453308105,1,1
1242,3.395224094390869,3.129509210586548,0,0
1243,3.0902488231658936,2.868823528289795,1,1
1244,3.399556875228882,3.1209447383880615,0,0
1245,3.534168004989624,3.3471970558166504,1,1
1246,3.1750423908233643,2.9085288047790527,0,0
1247,3.383890151977539,2.97019100189209,1,1
1248,3.1089372634887695,2.7888083457946777,1,1
1249,3.5222055912017822,3.0383992195129395,0,0
1250,3.244966745376587,2.837310791015625,0,0
1251,3.1285204887390137,2.777320384979248,0,0
1252,3.2816524505615234,2.8741724491119385,0,0
1253,3.192796468734741,2.840611457824707,1,1
1254,2.7270047664642334,2.5841784477233887,0,0
1255,3.793246269226074,3.3416805267333984,1,1
1256,3.352734088897705,3.3358592987060547,0,0
1257,3.8771941661834717,3.344898223876953,0,0
1258,3.2527782917022705,3.005209445953369,0,0
1259,3.1433639526367188,3.0299253463745117,0,0
1260,3.188931703567505,3.0919761657714844,1,1
1261,3.343219757080078,3.2015984058380127,1,1
1262,3.557579517364502,3.291933536529541,0,0
1263,3.521251678466797,3.185481071472168,1,1
1264,3.670372486114502,3.1319527626037598,0,0
1265,3.6962108612060547,3.160759210586548,1,1
1266,3.2645888328552246,2.995149612426758,1,1
1267,3.4093785285949707,3.0895049571990967,1,1
1268,3.341198205947876,3.073075294494629,1,1
1269,3.627164840698242,3.2206497192382812,0,0
1270,3.3699090480804443,2.8707833290100098,0,0
1271,3.658041477203369,3.171804189682007,1,1
1272,3.305548667907715,2.9608285427093506,1,1
1273,3.785999298095703,3.285280227661133,1,1
1274,3.618711233139038,3.2811386585235596,0,0
1275,3.7677249908447266,3.292545795440674,0,0
1276,3.197852611541748,2.830507516860962,1,1
1277,3.4161205291748047,2.9911208152770996,1,1
1278,3.561069965362549,3.2085986137390137,1,1
1279,3.394623279571533,3.0263381004333496,1,1
1280,3.358309745788574,2.834904193878174,1,1
1281,3.2390692234039307,2.9074695110321045,1,1
1282,3.1282808780670166,2.7787303924560547,1,1
1283,2.9418911933898926,2.420827865600586,1,1
1284,3.720090866088867,2.9467577934265137,0,0
1285,3.136063814163208,2.864018440246582,0,0
1286,2.925537586212158,2.7286999225616455,1,1
1287,3.4730348587036133,2.9634501934051514,0,0
1288,3.182119846343994,2.6786954402923584,1,1
1289,3.378788709640503,2.8995656967163086,0,0
1290,2.919799327850342,2.62669038772583,1,1
1291,3.2531158924102783,2.8101816177368164,0,0
1292,3.366041660308838,3.10075044631958,1,1
1293,3.3583316802978516,3.0693464279174805,0,0
1294,3.342081308364868,3.22324275970459,1,1
1295,3.2585537433624268,3.1475067138671875,0,0
1296,3.562445640563965,3.216383457183838,0,0
1297,3.6866841316223145,3.4203109741210938,0,0
1298,3.56819486618042,3.2822859287261963,0,0
1299,3.513704538345337,3.196065902709961,0,0
1300,3.9044337272644043,3.5226011276245117,0,0
1301,3.7503726482391357,3.537022590637207,1,1
1302,3.6554958820343018,3.4418585300445557,1,1
1303,3.5616090297698975,3.4014573097229004,0,0
1304,3.531566619873047,3.353166103363037,1,1
1305,3.5849645137786865,3.322140693664551,1,1
1306,3.613293170928955,3.2708816528320312,1,1
1307,3.581713914871216,3.2212603092193604,0,0
1308,3.380061626434326,3.119884967803955,0,0
1309,3.5793509483337402,3.4251480102539062,1,1
1310,3.6484999656677246,3.4081075191497803,0,0
1311,3.246638536453247,3.079782009124756,0,0
1312,3.5129594802856445,3.2979369163513184,1,1
1313,4.024048328399658,3.6163811683654785,0,0
1314,3.741293430328369,3.3616137504577637,0,0
1315,3.627392292022705,3.3905301094055176,0,0
1316,3.963667392730713,3.546468496322632,1,1
1317,3.603929281234741,3.2555160522460938,1,1
1318,2.9866464138031006,2.9537713527679443,1,1
1319,3.2323548793792725,3.115849018096924,0,0
1320,3.319200038909912,3.142418384552002,1,1
1321,2.833972930908203,2.7515487670898438,1,1
1322,3.4955928325653076,3.228794813156128,1,1
1323,3.3218936920166016,3.0565080642700195,0,0
1324,3.1076011657714844,3.021512269973755,0,0
1325,2.6751067638397217,2.5475916862487793,1,1
1326,3.2400319576263428,3.1222875118255615,0,0
1327,3.5124611854553223,3.24716854095459,1,1
1328,3.5637288093566895,3.248037815093994,0,0
1329,3.570071220397949,3.300600290298462,1,1
1330,3.5013766288757324,2.9863650798797607,0,0
1331,3.445145845413208,3.12300443649292,0,0
1332,2.0747742652893066,2.0354256629943848,1,1
1333,2.3651175498962402,2.1959896087646484,1,1
1334,3.2312662601470947,2.9778733253479004,0,0
1335,3.2597875595092773,2.8584585189819336,1,1
1336,3.203824043273926,2.8893563747406006,1,1
1337,3.310570478439331,2.9719953536987305,1,1
1338,3.48120379447937,2.926703929901123,1,1
1339,2.8991308212280273,2.5834622383117676,0,0
1340,3.0892887115478516,2.848616600036621,0,0
1341,3.446512460708618,3.020066022872925,1,1
1342,3.4800639152526855,3.145373821258545,0,0
1343,3.7383391857147217,3.249269723892212,0,0
1344,3.544586420059204,3.122215747833252,1,1
1345,3.6140923500061035,3.0675606727600098,0,0
1346,3.419100046157837,3.0067906379699707,0,0
1347,3.7056970596313477,3.2527804374694824,1,1
1348,3.2263755798339844,2.805448055267334,1,1
1349,3.6422946453094482,3.2688241004943848,1,1
1350,3.3329203128814697,2.9608895778656006,0,0
1351,3.4612598419189453,2.8556816577911377,1,1
1352,3.6101231575012207,3.048539876937866,0,0
1353,2.697646379470825,2.64206862449646,1,1
1354,2.9220080375671387,2.7460579872131348,0,0
1355,2.9577043056488037,2.7998275756835938,1,1
1356,2.8391644954681396,2.6735877990722656,0,0
1357,2.9170620441436768,2.7232584953308105,1,1
1358,2.84452748298645,2.707469940185547,1,1
1359,3.0954763889312744,2.903834342956543,1,1
1360,2.821028470993042,2.670654296875,1,1
1361,2.6683402061462402,2.554699182510376,0,0
1362,3.0398991107940674,2.684178590774536,0,0
1363,2.9709198474884033,2.663681983947754,0,0
1364,3.412294626235962,3.011593818664551,0,0
1365,3.400123119354248,3.148381471633911,0,0
1366,3.942777395248413,3.463852882385254,1,1
1367,3.911031723022461,3.5418765544891357,1,1
1368,3.869518995285034,3.4180080890655518,0,0
1369,3.624220609664917,3.297539234161377,0,0
1370,3.898381233215332,3.4341607093811035,0,0
1371,3.5053415298461914,3.2108521461486816,0,0
1372,3.896341562271118,3.4500184059143066,0,0
1373,3.377427816390991,2.993330478668213,0,0
1374,3.5153493881225586,3.282409191131592,0,0
1375,2.9970953464508057,2.66766357421875,1,1
1376,2.8851113319396973,2.61116099357605,1,1
1377,2.931711435317993,2.801849842071533,1,1
1378,3.3745405673980713,3.115868091583252,1,1
1379,3.2970738410949707,2.981342077255249,0,0
1380,3.0136325359344482,2.8241043090820312,0,0
1381,2.6944472789764404,2.441138744354248,0,0
1382,3.1002120971679688,2.745006561279297,0,0
1383,3.2607593536376953,3.124877691268921,1,1
1384,3.734112501144409,3.2189316749572754,1,1
1385,3.4541094303131104,3.127201557159424,0,0
1386,3.4935901165008545,2.995741605758667,1,1
1387,3.7803003787994385,3.340627431869507,1,1
1388,3.633789300918579,3.2380237579345703,1,1
1389,3.6102898120880127,3.3201847076416016,1,1
1390,3.49922251701355,3.2910313606262207,0,0
1391,3.5311028957366943,3.2905187606811523,1,1
1392,3.1302647590637207,2.959315776824951,1,1
1393,2.940808057785034,2.761136054992676,0,0
1394,3.170278310775757,2.854116201400757,1,1
1395,3.1683781147003174,2.071664810180664,1,1
1396,3.125135898590088,2.7222914695739746,1,1
1397,3.1932597160339355,2.2695882320404053,0,0
1398,2.795515537261963,2.5149645805358887,1,1
1399,3.0731797218322754,2.730693817138672,1,1
1400,2.679211139678955,2.5002737045288086,0,0
1401,2.9613149166107178,2.4775569438934326,0,0
1402,2.836890935897827,2.293008804321289,0,0
1403,2.8397531509399414,2.351161241531372,0,0
1404,2.7842485904693604,2.3010964393615723,0,0
1405,2.9162180423736572,2.341129779815674,0,0
1406,3.244152069091797,2.292252540588379,0,0
1407,3.1497251987457275,2.7879834175109863,1,1
1408,3.3624160289764404,2.8533377647399902,0,0
1409,3.839773654937744,3.4916934967041016,1,1
1410,3.230858325958252,2.993926763534546,1,1
1411,3.4039418697357178,3.079655647277832,1,1
1412,3.5136942863464355,3.0789990425109863,0,0
1413,3.6585423946380615,3.2026138305664062,1,1
1414,3.5169763565063477,3.0092289447784424,0,0
1415,3.6257517337799072,3.045010566711426,1,1
1416,3.468278169631958,3.1770498752593994,1,1
1417,3.6544103622436523,3.324409246444702,0,0
1418,3.1902916431427,2.8932411670684814,1,1
1419,3.1081643104553223,2.920203685760498,1,1
1420,3.2188832759857178,3.008589267730713,0,0
1421,3.7380552291870117,3.3088035583496094,1,1
1422,3.34450364112854,3.2243189811706543,0,0
1423,3.6195733547210693,3.151958465576172,1,1
1424,3.780388593673706,3.336117744445801,0,0
1425,3.757246494293213,3.2951574325561523,0,0
1426,4.104183673858643,3.45603609085083,0,0
1427,3.6672472953796387,3.2833433151245117,0,0
1428,3.6912519931793213,3.357140064239502,1,1
1429,3.618208885192871,3.368253707885742,0,0
1430,3.6785478591918945,3.216792583465576,1,1
1431,3.7260215282440186,3.4147915840148926,0,0
1432,3.809861183166504,3.303288698196411,1,1
1433,3.717381238937378,3.1627979278564453,0,0
1434,3.677644729614258,3.3837099075317383,1,1
1435,3.5422744750976562,3.246117353439331,1,1
1436,3.276862621307373,3.0978822708129883,0,0
1437,3.405967950820923,3.148184299468994,1,1
1438,2.9879400730133057,2.922011613845825,0,0
1439,2.7926995754241943,2.927140235900879,1,1
1440,3.284017562866211,3.0838053226470947,0,0
1441,3.364471197128296,3.2604427337646484,1,1
1442,3.0332412719726562,2.9215354919433594,0,0
1443,3.3939907550811768,3.0147151947021484,0,0
1444,2.991151809692383,2.8140392303466797,1,1
1445,3.151364326477051,2.831590175628662,1,1
1446,3.269101142883301,2.9715018272399902,1,1
1447,3.484236001968384,2.8225815296173096,1,1
1448,3.210643768310547,2.9294934272766113,0,0
1449,3.024650812149048,2.772846221923828,1,1
1450,3.5561561584472656,2.902559757232666,1,1
1451,3.333411931991577,3.0222527980804443,0,0
1452,3.496037721633911,3.0912864208221436,0,0
1453,3.8119163513183594,3.2612409591674805,1,1
1454,3.3786277770996094,3.006495475769043,1,1
1455,3.2037081718444824,2.7668843269348145,0,0
1456,3.255856513977051,3.007373332977295,1,1
1457,3.101806163787842,2.829890727996826,1,1
1458,3.023235321044922,2.813930034637451,0,0
1459,3.468402624130249,2.9551312923431396,1,1
1460,2.9186015129089355,2.7735893726348877,1,1
1461,3.442831039428711,2.9762961864471436,0,0
1462,3.2947309017181396,2.866872549057007,1,1
1463,3.465512752532959,2.9090118408203125,1,1
1464,3.2881250381469727,2.9146509170532227,0,0
1465,3.757982015609741,3.2422006130218506,1,1
1466,4.217169761657715,3.391183376312256,1,1
1467,3.6809754371643066,3.3127007484436035,1,1
1468,3.49049711227417,2.9226555824279785,0,0
1469,3.639272451400757,2.9651784896850586,1,1
1470,3.5741801261901855,3.169356346130371,1,1
1471,3.5424656867980957,3.2168374061584473,1,1
1472,3.9064102172851562,3.3909029960632324,0,0
1473,3.545701026916504,3.1620798110961914,1,1
1474,3.386488676071167,3.071322441101074,0,0
1475,3.862757444381714,3.3290889263153076,0,0
1476,3.7834622859954834,3.163334369659424,0,0
1477,3.7455713748931885,3.25585675239563,0,0
1478,3.526247501373291,3.2242512702941895,0,0
1479,3.6088781356811523,3.2252821922302246,0,0
1480,3.5095021724700928,3.1132562160491943,0,0
1481,3.6557083129882812,3.211674928665161,1,1
1482,3.1333208084106445,3.0488576889038086,1,1
1483,3.4404821395874023,3.2955877780914307,0,0
1484,3.332368850708008,3.221254825592041,1,1
1485,3.320143222808838,3.0152816772460938,0,0
1486,3.4360733032226562,3.1465015411376953,1,1
1487,3.292771339416504,3.019814968109131,1,1
1488,3.1507623195648193,3.037464141845703,1,1
1489,3.4389734268188477,3.1426777839660645,0,0
1490,3.1865599155426025,2.919728994369507,1,1
1491,3.270310401916504,2.9447617530822754,0,0
1492,3.321023941040039,2.9493350982666016,0,0
1493,2.696681022644043,2.4717905521392822,0,0
1494,3.2933175563812256,3.047477960586548,0,0
1495,3.051673173904419,2.8604655265808105,1,1
1496,3.3929901123046875,2.9341678619384766,1,1
1497,3.19734525680542,2.873894691467285,0,0
1498,3.2175991535186768,2.9603986740112305,1,1
1499,3.6673076152801514,3.3322179317474365,0,0
1500,3.4484875202178955,3.1266331672668457,0,0
1501,2.985821008682251,2.732100009918213,0,0
1502,3.4312946796417236,3.153087615966797,0,0
1503,3.4050419330596924,3.1077091693878174,1,1
1504,3.5445079803466797,3.05379056930542,0,0
1505,3.928152084350586,3.4406213760375977,0,0
1506,3.4145708084106445,3.2447080612182617,1,1
1507,3.1493794918060303,3.0057992935180664,1,1
1508,3.0917792320251465,2.721505641937256,1,1
1509,3.3307347297668457,2.8516902923583984,1,1
1510,3.4215798377990723,3.0767734050750732,1,1
1511,2.8727078437805176,2.5877861976623535,0,0
1512,2.626727819442749,2.19413423538208,0,0
1513,2.938018560409546,2.4845690727233887,0,0
1514,3.231502056121826,2.8632962703704834,1,1
1515,3.31166934967041,2.9646854400634766,1,1
1516,3.2010111808776855,2.9567952156066895,0,0
1517,3.025883436203003,2.777409553527832,1,1
1518,3.6289477348327637,3.125018358230591,0,0
1519,3.6884641647338867,3.230898857116699,1,1
1520,3.443434238433838,3.1466403007507324,0,0
1521,3.5762908458709717,3.281975269317627,1,1
1522,3.581854820251465,3.33768630027771,0,0
1523,2.8776161670684814,2.988743782043457,0,0
1524,3.5695886611938477,3.0655949115753174,1,1
1525,3.5409255027770996,3.2341079711914062,1,1
1526,3.687086343765259,3.2393763065338135,1,1
1527,3.5328152179718018,3.134030818939209,1,1
1528,3.7715682983398438,3.3284435272216797,0,0
1529,3.034029006958008,2.920370101928711,1,1
1530,3.1085150241851807,2.877901077270508,1,1
1531,3.271125555038452,2.82135009765625,0,0
1532,3.213341474533081,2.6991329193115234,0,0
1533,3.302809000015259,2.766735792160034,0,0
1534,3.5326600074768066,2.9743995666503906,1,1
1535,3.212188482284546,3.0182175636291504,1,1
1536,3.1561741828918457,2.939565896987915,0,0
1537,3.6815059185028076,3.244868278503418,0,0
1538,3.4947733879089355,3.2336843013763428,1,1
1539,3.3671822547912598,3.064164876937866,1,1
1540,3.6130104064941406,3.3379125595092773,1,1
1541,3.4332618713378906,3.2329423427581787,1,1
1542,3.517017364501953,3.3082361221313477,0,0
1543,3.4176077842712402,3.143697738647461,0,0
1544,3.00616192817688,2.8332014083862305,1,1
1545,3.2348344326019287,3.0223464965820312,0,0
1546,2.9976885318756104,3.022956371307373,0,0
1547,3.3236467838287354,3.1058826446533203,1,1
1548,3.2473626136779785,2.9108879566192627,1,1
1549,3.505715847015381,2.9543914794921875,0,0
1550,3.326831340789795,2.895799160003662,1,1
1551,3.4657745361328125,3.0856473445892334,1,1
1552,3.7832350730895996,3.2783758640289307,1,1
1553,3.3588850498199463,3.0155210494995117,1,1
1554,3.699688673019409,3.2451751232147217,0,0
1555,3.2916696071624756,3.0972812175750732,0,0
1556,3.1258482933044434,2.798363208770752,1,1
1557,3.188019037246704,2.8430027961730957,0,0
1558,2.881248712539673,2.6627302169799805,0,0
1559,3.3344056606292725,2.82878041267395,0,0
1560,3.7691538333892822,3.1411938667297363,0,0
1561,3.2522518634796143,3.0184550285339355,0,0
1562,3.2496800422668457,2.8567543029785156,0,0
1563,3.284219264984131,3.0285162925720215,0,0
1564,3.0268826484680176,2.8511805534362793,0,0
1565,3.322944164276123,2.9818763732910156,0,0
1566,3.814444065093994,3.346339225769043,1,1
1567,3.1545228958129883,2.7682034969329834,1,1
1568,3.533562421798706,3.0784146785736084,1,1
1569,3.9628067016601562,3.3787269592285156,0,0
1570,3.729586124420166,3.1669249534606934,0,0
1571,3.2761123180389404,2.760538101196289,0,0
1572,3.2843170166015625,2.9101181030273438,0,0
1573,3.406081438064575,3.1401121616363525,1,1
1574,3.009305477142334,2.797652006149292,1,1
1575,2.871173143386841,2.57936954498291,1,1
1576,2.8332879543304443,2.6996536254882812,0,0
1577,3.0575687885284424,2.9529073238372803,0,0
1578,3.5143110752105713,3.1781396865844727,0,0
1579,3.249830484390259,2.9304308891296387,0,0
1580,3.0477893352508545,2.7108380794525146,1,1
1581,3.8851795196533203,3.265408992767334,0,0
1582,3.4756853580474854,2.997074842453003,0,0
1583,3.6349542140960693,3.0668599605560303,1,1
1584,3.0767533779144287,2.9232125282287598,0,0
1585,3.2367300987243652,2.851024866104126,1,1
1586,3.3756496906280518,2.8212075233459473,1,1
1587,3.200145721435547,2.9146721363067627,1,1
1588,2.9562089443206787,2.6909890174865723,0,0
1589,3.0074779987335205,2.7896487712860107,1,1
1590,3.3900797367095947,3.0927441120147705,0,0
1591,3.149292230606079,2.954463005065918,0,0
1592,3.0253520011901855,2.8370094299316406,1,1
1593,3.171001672744751,2.8342740535736084,0,0
1594,3.4867796897888184,3.146608352661133,1,1
1595,3.34845232963562,3.0253849029541016,0,0
1596,3.258328914642334,2.965505361557007,1,1
1597,3.716238021850586,3.394249200820923,1,1
1598,3.528934955596924,3.3858983516693115,1,1
1599,3.605945587158203,3.408839225769043,1,1
1600,3.5376782417297363,3.352430820465088,1,1
1601,3.606210947036743,3.3574345111846924,1,1
1602,3.41691517829895,3.4151949882507324,0,0
1603,3.402517557144165,3.220797061920166,1,1
1604,3.0950746536254883,2.775135040283203,1,1
1605,2.937638998031616,2.7489166259765625,1,1
1606,3.216081380844116,2.816555976867676,0,0
1607,3.190014600753784,2.918823719024658,0,0
1608,3.595780611038208,3.189666271209717,1,1
1609,3.284050703048706,3.1343812942504883,1,1
1610,3.6785061359405518,3.2184624671936035,0,0
1611,3.4358177185058594,3.2012109756469727,1,1
1612,3.2936818599700928,3.1374588012695312,0,0
1613,3.77942156791687,3.2214155197143555,1,1
1614,3.4025793075561523,3.0170559883117676,0,0
1615,3.7605254650115967,3.0624799728393555,1,1
1616,2.8542652130126953,2.6525015830993652,1,1
1617,3.440488815307617,3.0238709449768066,1,1
1618,3.0864546298980713,3.156811237335205,0,0
1619,3.229177236557007,3.084585666656494,0,0
1620,3.470334053039551,3.073806047439575,1,1
1621,3.8097503185272217,3.2530312538146973,0,0
1622,3.856630563735962,3.2643637657165527,1,1
1623,3.851077079772949,3.430144786834717,0,0
1624,3.6217641830444336,3.273430824279785,1,1
1625,3.8687832355499268,3.1998748779296875,1,1
1626,3.4833950996398926,2.993441581726074,1,1
1627,2.927893877029419,2.5617785453796387,1,1
1628,3.4378514289855957,3.154538869857788,0,0
1629,3.6114907264709473,2.938450336456299,1,1
1630,3.397909164428711,2.8937296867370605,0,0
1631,3.629424571990967,2.9932045936584473,0,0
1632,3.6098623275756836,3.073033332824707,1,1
1633,3.3137004375457764,2.9250519275665283,0,0
1634,3.059377908706665,2.78442120552063,1,1
1635,3.1846113204956055,3.0875935554504395,1,1
1636,3.666865348815918,3.30146861076355,0,0
1637,3.2817699909210205,3.1386730670928955,1,1
1638,3.5002353191375732,3.0619258880615234,0,0
1639,3.5294456481933594,3.138184070587158,0,0
1640,3.408125877380371,3.0492119789123535,0,0
1641,3.3833444118499756,3.2390596866607666,1,1
1642,3.595919370651245,3.2073988914489746,1,1
1643,3.156548261642456,3.0475993156433105,1,1
1644,3.4123857021331787,3.1072750091552734,0,0
1645,3.808309555053711,3.354051351547241,1,1
1646,3.176271438598633,2.8907077312469482,0,0
1647,3.272799253463745,3.055682897567749,0,0
1648,3.0232441425323486,3.0086801052093506,0,0
1649,3.687514066696167,3.3001747131347656,0,0
1650,3.520676851272583,2.9365925788879395,1,1
1651,3.0082650184631348,2.845264196395874,0,0
1652,3.5921473503112793,3.3304283618927,0,0
1653,3.265594005584717,3.1412363052368164,0,0
1654,3.489628314971924,3.1795883178710938,1,1
1655,3.4359567165374756,3.179367780685425,0,0
1656,2.850379467010498,2.680704355239868,1,1
1657,2.7309727668762207,2.43096923828125,1,1
1658,3.675065040588379,3.3270769119262695,1,1
1659,3.615176200866699,3.2517924308776855,0,0
1660,3.805331230163574,3.4177284240722656,0,0
1661,3.2702713012695312,3.211592674255371,0,0
1662,3.206861734390259,3.067203998565674,1,1
1663,3.7024269104003906,3.3136746883392334,1,1
1664,3.7009613513946533,3.321547508239746,0,0
1665,3.4211907386779785,3.1013271808624268,0,0
1666,2.954528570175171,2.5721936225891113,1,1
1667,3.2633867263793945,2.8338475227355957,1,1
1668,3.5217843055725098,3.01041316986084,1,1
1669,3.309511184692383,3.0294761657714844,0,0
1670,3.0870845317840576,2.8541009426116943,1,1
1671,2.9218356609344482,2.9750545024871826,0,0
1672,2.8436083793640137,2.7542970180511475,0,0
1673,2.9627671241760254,2.898024082183838,1,1
1674,2.814662456512451,2.7839977741241455,0,0
1675,2.866687536239624,2.7833828926086426,0,0
1676,3.6020469665527344,3.3226845264434814,1,1
1677,3.513604164123535,3.312256336212158,0,0
1678,3.6893134117126465,3.1911582946777344,0,0
1679,3.513462781906128,3.119539737701416,1,1
1680,3.3442916870117188,3.069427490234375,1,1
1681,3.3616254329681396,2.9622974395751953,1,1
1682,3.3044447898864746,3.023697853088379,0,0
1683,3.432985544204712,3.2623531818389893,1,1
1684,3.228708267211914,2.9352712631225586,1,1
1685,3.58219838142395,3.1467437744140625,0,0
1686,3.4068362712860107,2.8908209800720215,0,0
1687,3.4965322017669678,3.0860865116119385,1,1
1688,3.4798433780670166,3.0636680126190186,0,0
1689,3.4810562133789062,3.3030879497528076,0,0
1690,3.410465717315674,3.2182276248931885,1,1
1691,3.84716796875,3.332221746444702,1,1
1692,3.5159289836883545,3.44815731048584,0,0
1693,3.7253754138946533,3.446352243423462,0,0
1694,3.816132068634033,3.5423874855041504,1,1
1695,3.3962936401367188,3.320167064666748,1,1
1696,3.3837034702301025,3.2351036071777344,1,1
1697,2.480086088180542,2.449199676513672,0,0
1698,3.516556739807129,3.2041053771972656,1,1
1699,3.3682122230529785,3.0720624923706055,0,0
1700,3.4349944591522217,3.0262203216552734,0,0
1701,3.496792793273926,3.085644245147705,0,0
1702,3.044626235961914,2.7435224056243896,0,0
1703,3.4359138011932373,3.1689329147338867,1,1
1704,3.305492877960205,2.9753637313842773,1,1
1705,3.625930070877075,3.0342702865600586,1,1
1706,3.15875506401062,2.7841830253601074,0,0
1707,3.5813915729522705,3.0587997436523438,0,0
1708,3.17185640335083,2.932983636856079,1,1
1709,3.5335018634796143,3.1551098823547363,0,0
1710,3.7396836280822754,3.169602394104004,0,0
1711,3.4015958309173584,2.998790740966797,1,1
1712,3.3598666191101074,3.1264400482177734,0,0
1713,3.5075011253356934,3.256511688232422,1,1
1714,3.1227056980133057,2.917177200317383,0,0
1715,3.6232223510742188,3.086411476135254,0,0
1716,3.3703320026397705,2.9735116958618164,0,0
1717,3.067568778991699,2.811065912246704,0,0
1718,3.067262887954712,3.0179193019866943,1,1
1719,3.1363048553466797,2.8478469848632812,0,0
1720,3.437556743621826,3.064347505569458,0,0
1721,3.4813077449798584,3.0675320625305176,0,0
1722,3.590533971786499,3.2237133979797363,0,0
1723,3.1324222087860107,2.8977255821228027,1,1
1724,2.961827278137207,2.8498144149780273,0,0
1725,3.523632049560547,3.212399959564209,1,1
1726,3.4168198108673096,2.9727048873901367,1,1
1727,3.46747088432312,3.0882339477539062,1,1
1728,3.5978283882141113,3.1930036544799805,0,0
1729,3.398925304412842,3.1247615814208984,1,1
1730,3.764334201812744,3.296370506286621,1,1
1731,3.316492795944214,2.93894624710083,1,1
1732,3.0398337841033936,2.7686028480529785,1,1
1733,3.593657970428467,3.2506320476531982,1,1
1734,3.723512887954712,3.057788848876953,0,0
1735,2.9955477714538574,2.7484140396118164,1,1
1736,3.172386646270752,2.778691291809082,0,0
1737,3.549067735671997,3.075007915496826,0,0
1738,3.1703829765319824,2.9244115352630615,0,0
1739,2.9586551189422607,2.9358434677124023,0,0
1740,3.4610226154327393,3.1398978233337402,1,1
1741,3.1661272048950195,2.8955020904541016,1,1
1742,3.3450849056243896,2.985720157623291,0,0
1743,3.520789384841919,3.2020950317382812,0,0
1744,2.7886149883270264,2.9365921020507812,1,1
1745,3.5189144611358643,3.240236759185791,1,1
1746,2.8848366737365723,2.8415346145629883,0,0
1747,2.9286069869995117,2.9768285751342773,0,0
1748,3.3902204036712646,3.255739688873291,0,0
1749,3.542008638381958,3.315019369125366,0,0
1750,3.554023027420044,3.1321210861206055,0,0
1751,3.559830665588379,3.364089012145996,1,1
1752,3.704899311065674,3.331562042236328,0,0
1753,3.9502594470977783,3.376546859741211,0,0
1754,3.561988353729248,3.0237810611724854,1,1
1755,3.6276378631591797,3.0669608116149902,1,1
1756,3.2582952976226807,2.8927736282348633,0,0
1757,3.595785140991211,3.0045461654663086,1,1
1758,3.5485305786132812,3.152843952178955,0,0
1759,3.452014446258545,3.2558178901672363,1,1
1760,3.344951629638672,3.093470573425293,0,0
1761,3.5006489753723145,3.100341796875,0,0
1762,2.5525593757629395,2.525259256362915,1,1
1763,3.0250415802001953,2.929330587387085,0,0
1764,3.4336435794830322,3.3295090198516846,0,0
1765,2.9484589099884033,2.7583401203155518,1,1
1766,2.7607810497283936,2.5662102699279785,1,1
1767,3.1243672370910645,2.980679512023926,0,0
1768,3.185452699661255,2.934683322906494,0,0
1769,3.0946645736694336,2.783863067626953,1,1
1770,3.357485055923462,3.0859169960021973,1,1
1771,3.0746872425079346,2.9791085720062256,1,1
1772,3.353630304336548,3.1777048110961914,0,0
1773,3.375153064727783,3.1266965866088867,1,1
1774,3.5405235290527344,3.014003276824951,0,0
1775,3.725947856903076,3.217306613922119,1,1
1776,3.7049012184143066,3.173365831375122,0,0
1777,3.874600887298584,3.2759575843811035,1,1
1778,3.8217384815216064,3.079428195953369,1,1
1779,3.554631233215332,3.2260046005249023,1,1
1780,3.438866376876831,3.290003776550293,0,0
1781,3.3982698917388916,3.255793571472168,0,0
1782,3.3840577602386475,3.064279556274414,1,1
1783,3.0368194580078125,2.7990903854370117,1,1
1784,3.252504825592041,3.015944004058838,0,0
1785,3.5278162956237793,3.15499210357666,1,1
1786,3.3250679969787598,3.156599760055542,0,0
1787,3.5530059337615967,3.256674289703369,1,1
1788,3.325927257537842,3.0740718841552734,1,1
1789,3.276350259780884,3.1022582054138184,1,1
1790,3.246995687484741,3.2128090858459473,1,1
1791,3.1092562675476074,3.0774364471435547,0,0
1792,3.3679821491241455,3.2040700912475586,0,0
1793,3.4484663009643555,3.2509658336639404,1,1
1794,3.39914870262146,3.2613720893859863,0,0
1795,3.4687111377716064,3.245062828063965,0,0
1796,3.491490364074707,3.378579616546631,1,1
1797,3.6612954139709473,3.3486328125,0,0
1798,3.508220911026001,3.3048195838928223,1,1
1799,2.5886669158935547,2.6083927154541016,0,0
1800,3.0225470066070557,3.0768980979919434,0,0
1801,2.9352102279663086,2.7318859100341797,0,0
1802,2.9840996265411377,2.8937923908233643,0,0
1803,3.0180630683898926,3.0006706714630127,1,1
1804,2.66996169090271,2.6207282543182373,1,1
1805,3.141317367553711,2.831531524658203,1,1
1806,3.6489007472991943,3.0063576698303223,0,0
1807,3.630079746246338,3.079258441925049,0,0
1808,3.512671709060669,2.8965165615081787,0,0
1809,3.5616977214813232,3.164895534515381,0,0
1810,4.287120342254639,3.6245932579040527,1,1
1811,3.8211798667907715,3.382038116455078,0,0
1812,2.897805690765381,2.7747976779937744,0,0
1813,2.739551544189453,2.538867473602295,0,0
1814,2.9518182277679443,2.7207584381103516,0,0
1815,3.029416799545288,2.50929856300354,0,0
1816,3.125795364379883,2.6785812377929688,1,1
1817,3.3000776767730713,2.784579277038574,1,1
1818,3.4378621578216553,2.9776103496551514,0,0
1819,3.502717971801758,3.1241989135742188,1,1
1820,3.8472464084625244,3.332573413848877,0,0
1821,4.09240198135376,3.319631576538086,0,0
1822,3.2679336071014404,2.8745768070220947,1,1
1823,3.280940055847168,2.8566670417785645,1,1
1824,3.486464500427246,3.094998836517334,0,0
1825,3.337214946746826,2.8866357803344727,0,0
1826,3.3455677032470703,2.9276537895202637,0,0
1827,3.4579389095306396,2.989773988723755,0,0
1828,3.0334880352020264,2.899620532989502,0,0
1829,2.9439117908477783,2.7595207691192627,1,1
1830,3.4796321392059326,3.13081693649292,1,1
1831,3.812756299972534,3.121471881866455,1,1
1832,3.9267828464508057,3.272637367248535,1,1
1833,3.3608205318450928,2.9364683628082275,1,1
1834,3.459285259246826,3.1961913108825684,1,1
1835,3.399942636489868,3.123737335205078,1,1
1836,3.4149487018585205,3.0215835571289062,0,0
1837,3.475574016571045,3.204688787460327,1,1
1838,3.5178442001342773,3.132356882095337,1,1
1839,3.624091625213623,3.14434814453125,0,0
1840,3.513866662979126,3.128406524658203,1,1
1841,3.771531581878662,3.35371732711792,0,0
1842,3.8604533672332764,3.5400733947753906,0,0
1843,3.820094347000122,3.516078472137451,0,0
1844,3.615537643432617,3.2138185501098633,1,1
1845,3.6744790077209473,3.1981170177459717,1,1
1846,3.7208216190338135,3.2768497467041016,1,1
1847,3.4516358375549316,3.116973876953125,0,0
1848,3.3051605224609375,3.154694080352783,1,1
1849,3.4675841331481934,3.1521198749542236,0,0
1850,3.0419225692749023,2.727773904800415,0,0
1851,3.0474226474761963,2.874256134033203,0,0
1852,3.1633074283599854,2.927647113800049,1,1
1853,3.4772441387176514,3.1026763916015625,0,0
1854,3.206855058670044,3.1540064811706543,0,0
1855,3.374819755554199,3.118154525756836,0,0
1856,3.1964821815490723,3.033635139465332,0,0
1857,3.6329798698425293,3.3533501625061035,1,1
1858,3.6446738243103027,3.44155216217041,0,0
1859,3.608022451400757,2.9786787033081055,0,0
1860,3.55063533782959,3.0521442890167236,0,0
1861,3.4477200508117676,2.962233066558838,1,1
1862,3.6115057468414307,3.207488536834717,1,1
1863,3.56888747215271,2.9359469413757324,0,0
1864,3.503767490386963,2.9732885360717773,0,0
1865,3.2174646854400635,2.8815619945526123,0,0
1866,3.60959792137146,3.245046615600586,1,1
1867,3.4005908966064453,2.9509482383728027,1,1
1868,3.4482944011688232,3.1184823513031006,0,0
1869,3.58036732673645,3.2408485412597656,0,0
1870,3.363670587539673,3.0749363899230957,1,1
1871,3.5262513160705566,3.1493895053863525,1,1
1872,3.2906084060668945,3.0966224670410156,0,0
1873,3.538126230239868,3.344545841217041,1,1
1874,3.2526423931121826,2.907057523727417,0,0
1875,3.2793033123016357,2.911189556121826,0,0
1876,2.5035765171051025,2.449998378753662,0,0
1877,3.678967237472534,3.2243881225585938,0,0
1878,3.4065210819244385,2.775418281555176,0,0
1879,3.389254331588745,2.9880940914154053,1,1
1880,3.6153452396392822,3.1363823413848877,1,1
1881,3.381028652191162,3.2296950817108154,0,0
1882,3.553171157836914,3.25486159324646,1,1
1883,3.8275232315063477,3.4194414615631104,0,0
1884,3.502692937850952,3.101151704788208,0,0
1885,3.274989366531372,2.9661741256713867,0,0
1886,3.158621072769165,2.914747714996338,0,0
1887,3.399230718612671,3.093916416168213,0,0
1888,3.0585715770721436,2.800532817840576,1,1
1889,3.16803240776062,2.935650587081909,0,0
1890,3.3182642459869385,3.274662733078003,1,1
1891,3.4011592864990234,3.1661171913146973,0,0
1892,3.0178112983703613,2.9780192375183105,1,1
1893,3.336258888244629,3.2113876342773438,1,1
1894,2.58048939704895,2.540299892425537,1,1
1895,2.9572179317474365,2.9462242126464844,1,1
1896,3.402945041656494,3.3679380416870117,1,1
1897,3.5392003059387207,3.3746542930603027,1,1
1898,3.738417148590088,3.321943521499634,0,0
1899,3.83939528465271,3.5271520614624023,1,1
1900,3.1662302017211914,2.9258785247802734,1,1
1901,3.279292583465576,3.008432388305664,1,1
1902,3.2287280559539795,2.9787850379943848,1,1
1903,3.1101491451263428,3.0455808639526367,1,1
1904,3.25895619392395,2.935542583465576,0,0
1905,3.5804343223571777,3.0199897289276123,0,0
1906,3.0503392219543457,2.913783073425293,0,0
1907,3.349346160888672,3.0335381031036377,1,1
1908,2.511063575744629,2.494126081466675,0,0
1909,2.75630521774292,2.593477249145508,0,0
1910,3.4415462017059326,3.0245308876037598,1,1
1911,3.1837925910949707,2.9179985523223877,1,1
1912,2.9729397296905518,2.7067084312438965,1,1
1913,2.5691685676574707,2.52813982963562,0,0
1914,3.444620132446289,2.8566741943359375,1,1
1915,3.6131560802459717,2.919447183609009,0,0
1916,3.551766872406006,3.0775835514068604,1,1
1917,3.2224814891815186,2.8598222732543945,0,0
1918,2.569303274154663,2.3773412704467773,1,1
1919,3.04103422164917,2.808751344680786,1,1
1920,3.1090028285980225,2.8940420150756836,1,1
1921,3.0386998653411865,2.816199541091919,1,1
1922,3.069888114929199,2.8308498859405518,0,0
1923,3.350841760635376,2.976963520050049,1,1
1924,3.529428482055664,3.130816698074341,0,0
1925,3.555063247680664,3.0633106231689453,0,0
1926,3.4873175621032715,3.079280138015747,0,0
1927,3.3408749103546143,2.879340648651123,1,1
1928,3.5536117553710938,3.1043624877929688,0,0
1929,3.4156877994537354,3.0637922286987305,1,1
1930,3.5278191566467285,3.0278759002685547,1,1
1931,3.158817768096924,2.9357385635375977,1,1
1932,3.4335451126098633,3.0377442836761475,1,1
1933,3.579745054244995,3.196798086166382,0,0
1934,3.0239274501800537,2.4490790367126465,0,0
1935,3.2752578258514404,2.9983198642730713,1,1
1936,3.264741897583008,2.7512807846069336,0,0
1937,3.349148988723755,2.923865795135498,0,0
1938,3.163670778274536,2.9044127464294434,0,0
1939,3.311483383178711,2.944063663482666,0,0
1940,3.3820266723632812,2.792079210281372,0,0
1941,3.5404438972473145,3.0136866569519043,0,0
1942,3.400458574295044,3.0266809463500977,0,0
1943,3.689518451690674,3.2135000228881836,1,1
1944,3.376340627670288,3.0631651878356934,1,1
1945,3.382195472717285,2.9694180488586426,0,0
1946,3.0272815227508545,2.647730827331543,1,1
1947,3.088071584701538,2.7856712341308594,1,1
1948,3.288004159927368,2.9395456314086914,0,0
1949,3.1004021167755127,2.7190475463867188,1,1
1950,3.4162869453430176,2.7684319019317627,0,0
1951,3.413007974624634,2.834237813949585,1,1
1952,3.4368255138397217,2.8436264991760254,0,0
1953,3.2485833168029785,2.9898245334625244,0,0
1954,3.5523831844329834,3.0482802391052246,0,0
1955,3.5486741065979004,3.207324266433716,0,0
1956,3.8137717247009277,3.1922850608825684,1,1
1957,3.535168409347534,3.0931239128112793,0,0
1958,3.7371785640716553,3.38840389251709,0,0
1959,4.023857593536377,3.3791255950927734,1,1
1960,3.939314603805542,3.368032693862915,1,1
1961,3.4465630054473877,2.9564735889434814,1,1
1962,3.8595402240753174,3.4196128845214844,0,0
1963,3.3681905269622803,3.1929070949554443,0,0
1964,3.153977870941162,3.2041568756103516,0,0
1965,3.69602370262146,3.3976335525512695,0,0
1966,3.85373854637146,3.293959140777588,0,0
1967,3.4015910625457764,3.0383009910583496,1,1
1968,3.671746015548706,3.2810487747192383,1,1
1969,3.1921749114990234,3.1818783283233643,1,1
1970,3.619480848312378,3.3759491443634033,1,1
1971,3.89665150642395,3.610504627227783,1,1
1972,3.835195541381836,3.5542445182800293,0,0
1973,2.9288721084594727,2.98801326751709,0,0
1974,3.2132205963134766,3.188066005706787,0,0
1975,3.1690475940704346,2.831791400909424,1,1
1976,3.123810291290283,2.8259968757629395,0,0
1977,3.3035011291503906,3.0368449687957764,0,0
1978,3.490159034729004,2.9944357872009277,1,1
1979,2.6889569759368896,2.5559914112091064,0,0
1980,2.738285541534424,2.72697377204895,0,0
1981,2.6933343410491943,2.586500644683838,0,0
1982,2.651405096054077,2.586663246154785,1,1
1983,3.3008766174316406,3.1366899013519287,0,0
1984,3.2810218334198,3.3528857231140137,1,1
1985,3.4325027465820312,3.4613213539123535,1,1
1986,3.478031873703003,3.3428940773010254,1,1
1987,3.24265718460083,3.1909968852996826,1,1
1988,2.6241087913513184,2.641500949859619,1,1
1989,3.1403372287750244,3.075174331665039,1,1
1990,3.199481725692749,3.0390825271606445,0,0
1991,3.0379014015197754,2.969482421875,0,0
1992,3.3276968002319336,2.961864948272705,0,0
1993,3.0081441402435303,2.9330191612243652,1,1
1994,3.5606086254119873,3.094383716583252,0,0
1995,3.593968629837036,3.2048721313476562,1,1
1996,3.1653175354003906,2.8209826946258545,0,0
1997,3.338900089263916,2.8786354064941406,1,1
1998,3.2774412631988525,2.918882369995117,0,0
1999,3.5924625396728516,3.031446933746338,1,1
2000,3.5266973972320557,3.1115217208862305,0,0
2001,3.4093387126922607,3.1364855766296387,0,0
2002,3.237548351287842,2.864572525024414,0,0
2003,3.379117488861084,2.851444959640503,1,1
2004,3.480215549468994,3.095930576324463,1,1
2005,3.467258930206299,3.1916215419769287,0,0
2006,3.3387937545776367,3.0014901161193848,1,1
2007,3.617129325866699,3.240190029144287,1,1
2008,3.3960752487182617,3.0301971435546875,0,0
2009,3.377542734146118,2.9590673446655273,1,1
2010,3.0498993396759033,2.9562911987304688,0,0
2011,3.9275219440460205,2.9402732849121094,0,0
2012,3.4164884090423584,3.0669426918029785,1,1
2013,3.694880247116089,3.314474582672119,1,1
2014,3.555476427078247,3.1506710052490234,0,0
2015,3.8155055046081543,3.3803727626800537,1,1
2016,4.076025485992432,3.494534492492676,1,1
2017,3.7772481441497803,3.312643051147461,1,1
2018,3.642822027206421,3.2863545417785645,0,0
2019,3.500735282897949,3.256686210632324,0,0
2020,3.2160654067993164,3.190521478652954,1,1
2021,3.675104856491089,3.3001456260681152,1,1
2022,3.2804698944091797,3.027660369873047,0,0
2023,3.4325757026672363,3.0622920989990234,0,0
2024,3.846742868423462,3.3348402976989746,0,0
2025,3.332181930541992,3.032125949859619,1,1
2026,3.413433790206909,3.0372228622436523,0,0
2027,3.818199872970581,3.209357738494873,0,0
2028,3.3854899406433105,3.0677831172943115,0,0
2029,3.404545783996582,3.098503351211548,0,0
2030,3.6793673038482666,3.090892791748047,0,0
2031,3.5607423782348633,3.1376426219940186,0,0
2032,3.3287415504455566,3.0834546089172363,0,0
2033,3.307608127593994,2.9312326908111572,1,1
2034,3.362978458404541,2.9424238204956055,1,1
2035,3.1326942443847656,2.9379212856292725,0,0
2036,3.7314999103546143,3.190415382385254,1,1
2037,3.10237193107605,2.8191561698913574,0,0
2038,3.4515182971954346,3.104396343231201,1,1
2039,3.336656332015991,3.150580406188965,0,0
2040,3.244565010070801,2.9995617866516113,1,1
2041,3.2381162643432617,3.1987216472625732,0,0
2042,3.2896504402160645,2.925891399383545,1,1
2043,3.0522589683532715,2.8962674140930176,1,1
2044,3.112879753112793,2.980585813522339,0,0
2045,3.350330352783203,3.272247791290283,1,1
2046,3.3761651515960693,3.2193098068237305,0,0
2047,3.7264883518218994,3.3839111328125,0,0
2048,3.4672391414642334,3.3819491863250732,0,0
2049,3.4780373573303223,2.9738917350769043,1,1
2050,3.4061272144317627,2.9970197677612305,1,1
2051,3.1754937171936035,2.6664669513702393,0,0
2052,3.2077324390411377,2.7618355751037598,0,0
2053,3.337690830230713,2.820549726486206,0,0
2054,4.080504894256592,2.953850746154785,0,0
2055,3.312103033065796,2.904327154159546,1,1
2056,3.166050434112549,2.759106159210205,0,0
2057,3.2872965335845947,3.0395984649658203,1,1
2058,3.1334471702575684,2.7405996322631836,0,0
2059,3.4814302921295166,3.0248804092407227,0,0
2060,3.5289571285247803,2.719437599182129,0,0
2061,3.372405529022217,2.9411065578460693,0,0
2062,3.1911613941192627,2.652533531188965,0,0
2063,3.379875659942627,3.013481378555298,0,0
2064,3.630643367767334,2.9621686935424805,1,1
2065,3.0332725048065186,2.73098087310791,0,0
2066,2.821993827819824,2.5637476444244385,0,0
2067,3.2964398860931396,3.01223087310791,1,1
2068,3.3171024322509766,2.904679775238037,1,1
2069,2.872795820236206,2.7029967308044434,0,0
2070,3.262575626373291,2.8477766513824463,0,0
2071,3.2001891136169434,2.9480104446411133,1,1
2072,3.39115571975708,2.910687208175659,0,0
2073,3.083266496658325,2.8261022567749023,0,0
2074,2.9042978286743164,2.621781826019287,1,1
2075,3.1836085319519043,3.031668186187744,1,1
2076,3.1039528846740723,2.9386391639709473,1,1
2077,3.773733139038086,3.2396304607391357,0,0
2078,3.793874740600586,3.3772475719451904,0,0
2079,3.5343992710113525,3.250483989715576,0,0
2080,3.140364170074463,2.959127902984619,0,0
2081,3.186112642288208,3.0082590579986572,1,1
2082,3.2545359134674072,3.155275344848633,0,0
2083,3.1871109008789062,3.242995262145996,0,0
2084,3.5898091793060303,3.3428053855895996,0,0
2085,3.0876920223236084,2.9457058906555176,1,1
2086,3.3267595767974854,2.8666696548461914,0,0
2087,3.521764039993286,3.193056583404541,1,1
2088,2.4486148357391357,2.231072425842285,0,0
2089,2.5196003913879395,2.488309383392334,1,1
2090,3.065497875213623,3.006542205810547,0,0
2091,2.9189980030059814,2.809927463531494,1,1
2092,2.888232707977295,2.6481494903564453,1,1
2093,3.327604055404663,3.1786956787109375,0,0
2094,3.777202844619751,3.3066277503967285,0,0
2095,3.4100356101989746,3.150383949279785,0,0
2096,3.629056930541992,3.369025230407715,0,0
2097,3.2085325717926025,3.059473991394043,1,1
2098,3.3557498455047607,2.956785202026367,0,0
2099,3.5744824409484863,3.2192840576171875,1,1
2100,3.484212875366211,3.0211715698242188,0,0
2101,3.6222105026245117,3.249713897705078,1,1
2102,3.6976547241210938,3.2565674781799316,0,0
2103,3.6170642375946045,3.23317813873291,0,0
2104,3.3425981998443604,2.960404872894287,1,1
2105,3.3828701972961426,2.9949636459350586,1,1
2106,3.3518292903900146,2.9694645404815674,1,1
2107,2.9798941612243652,2.752952814102173,1,1
2108,2.982215642929077,2.788667917251587,1,1
2109,3.3435163497924805,3.171863555908203,1,1
2110,3.2139203548431396,2.8252015113830566,1,1
2111,3.4240076541900635,3.13494873046875,0,0
2112,3.471605062484741,3.1605777740478516,1,1
2113,3.0676581859588623,3.019646167755127,0,0
2114,3.445328712463379,3.0930967330932617,0,0
2115,3.460789918899536,3.1605520248413086,1,1
2116,3.1733179092407227,2.9685287475585938,0,0
2117,3.3603508472442627,3.1166014671325684,0,0
2118,3.4076743125915527,3.2646493911743164,1,1
2119,3.3164525032043457,3.1798996925354004,0,0
2120,3.6494743824005127,3.192185878753662,0,0
2121,3.542559862136841,3.4187469482421875,0,0
2122,3.312377691268921,3.336369514465332,1,1
2123,3.5274925231933594,3.154879093170166,0,0
2124,3.7232730388641357,3.487123489379883,0,0
2125,3.6242733001708984,3.379899501800537,1,1
2126,3.601184844970703,3.2435712814331055,0,0
2127,3.0366947650909424,2.6926627159118652,1,1
2128,3.2519099712371826,2.474936008453369,0,0
2129,3.0464582443237305,2.6647067070007324,1,1
2130,3.2138333320617676,2.999307155609131,0,0
2131,3.290416717529297,2.8063435554504395,0,0
2132,3.35017466545105,2.6463398933410645,0,0
2133,3.1693613529205322,2.8329405784606934,1,1
2134,3.4762227535247803,3.0658936500549316,0,0
2135,3.7495436668395996,3.0444436073303223,1,1
2136,3.47239089012146,3.096212863922119,0,0
2137,3.654284715652466,3.337357997894287,0,0
2138,3.8058979511260986,3.3291358947753906,0,0
2139,3.5419363975524902,3.3593623638153076,1,1
2140,3.8134047985076904,3.3378100395202637,1,1
2141,3.4233176708221436,2.8602218627929688,0,0
2142,3.279439926147461,2.8177649974823,0,0
2143,3.166539192199707,2.8345868587493896,1,1
2144,3.570765495300293,3.092843532562256,0,0
2145,3.4108264446258545,3.077047824859619,1,1
2146,3.4307899475097656,3.0442328453063965,0,0
2147,2.9030938148498535,2.6277081966400146,1,1
2148,2.4032740592956543,2.4380416870117188,0,0
2149,3.042401075363159,2.729583740234375,1,1
2150,3.4381847381591797,3.059307813644409,0,0
2151,3.1007821559906006,2.9741177558898926,0,0
2152,2.9179763793945312,2.7544162273406982,1,1
2153,2.797135591506958,2.7962141036987305,0,0
2154,2.80336856842041,2.745288372039795,0,0
2155,3.1477115154266357,2.9051461219787598,0,0
2156,3.0042078495025635,2.746802568435669,1,1
2157,2.727107524871826,2.4626243114471436,1,1
2158,2.7123489379882812,2.5559089183807373,0,0
2159,2.6776442527770996,2.6958351135253906,1,1
2160,2.5288732051849365,2.3538055419921875,0,0
2161,3.170226573944092,2.873220920562744,1,1
2162,2.6172609329223633,2.3785362243652344,1,1
2163,2.5756733417510986,2.4761834144592285,1,1
2164,2.8188982009887695,2.5694451332092285,0,0
2165,2.8446998596191406,2.5475616455078125,0,0
2166,2.5713136196136475,2.2986836433410645,0,0
2167,2.516139030456543,2.2803831100463867,1,1
2168,2.6799087524414062,2.4473633766174316,0,0
2169,2.7170281410217285,2.4290528297424316,0,0
2170,2.301455020904541,2.217679500579834,1,1
2171,2.686852216720581,2.517660617828369,1,1
2172,3.326141119003296,3.00723934173584,1,1
2173,3.8982133865356445,3.1873393058776855,1,1
2174,3.0918760299682617,2.5833778381347656,1,1
2175,3.1487386226654053,2.5199170112609863,0,0
2176,3.4037508964538574,3.1099767684936523,1,1
2177,3.59285569190979,3.275391101837158,0,0
2178,3.596907615661621,3.244464874267578,1,1
2179,3.8072755336761475,3.3410286903381348,0,0
2180,3.330613136291504,3.0022192001342773,0,0
2181,3.4450080394744873,3.1685824394226074,1,1
2182,3.616673231124878,3.184694766998291,0,0
2183,3.407292366027832,2.918330192565918,0,0
2184,3.1403756141662598,2.9380245208740234,0,0
2185,2.869535207748413,2.65958833694458,0,0
2186,3.004833698272705,2.727684259414673,0,0
2187,2.9704065322875977,2.794881820678711,0,0
2188,2.9282264709472656,2.6990015506744385,0,0
2189,2.596298933029175,2.373067855834961,1,1
2190,2.6017935276031494,2.481034755706787,0,0
2191,2.8428192138671875,2.6052277088165283,1,1
2192,2.9261467456817627,2.6858649253845215,0,0
2193,3.1855344772338867,2.756768226623535,0,0
2194,3.8800835609436035,3.441551685333252,0,0
2195,3.799409866333008,3.4922189712524414,1,1
2196,3.8601417541503906,3.450939893722534,1,1
2197,3.8894505500793457,3.4966237545013428,1,1
2198,3.7701103687286377,3.22800350189209,0,0
2199,3.56797194480896,3.2781519889831543,0,0
2200,3.8618791103363037,3.266312599182129,1,1
2201,2.807990789413452,2.7012112140655518,1,1
2202,3.5012571811676025,3.1551058292388916,1,1
2203,3.448169708251953,3.096125364303589,0,0
2204,3.0548818111419678,2.7488768100738525,1,1
2205,3.2608535289764404,2.9567508697509766,0,0
2206,3.394303321838379,2.9877278804779053,0,0
2207,3.1098575592041016,2.9863669872283936,0,0
2208,2.7347664833068848,2.6959147453308105,0,0
2209,3.0961461067199707,2.9089109897613525,1,1
2210,3.011695623397827,2.9460508823394775,0,0
2211,3.1129283905029297,3.0403552055358887,1,1
2212,3.0583505630493164,2.8512024879455566,1,1
2213,2.951677083969116,2.682908535003662,0,0
2214,2.4696686267852783,2.3456482887268066,1,1
2215,2.5111188888549805,2.409595012664795,0,0
2216,2.858963966369629,2.65687894821167,1,1
2217,3.0125732421875,2.6297755241394043,1,1
2218,3.1381990909576416,2.6866064071655273,0,0
2219,3.2541873455047607,2.8401262760162354,1,1
2220,3.5406899452209473,2.979449987411499,0,0
2221,3.0052709579467773,2.5731430053710938,0,0
2222,2.901095151901245,2.518122911453247,1,1
2223,3.5134670734405518,3.217644214630127,1,1
2224,3.5727288722991943,3.2574148178100586,1,1
2225,3.509638786315918,3.1511647701263428,1,1
2226,3.596007823944092,3.1483492851257324,1,1
2227,3.146592140197754,2.915855646133423,0,0
2228,3.515557050704956,3.3159520626068115,1,1
2229,3.375847101211548,3.250112295150757,1,1
2230,3.050450325012207,2.9915380477905273,1,1
2231,3.4363338947296143,3.332763195037842,1,1
2232,3.4678502082824707,3.3480875492095947,0,0
2233,3.4242734909057617,3.1705923080444336,0,0
2234,3.4839634895324707,3.119291305541992,1,1
2235,3.2836010456085205,3.148658275604248,0,0
2236,3.2511682510375977,2.9950780868530273,0,0
2237,3.1717073917388916,3.106905698776245,0,0
2238,2.833940029144287,2.690906524658203,1,1
2239,3.209118127822876,2.9576644897460938,0,0
2240,2.9906954765319824,2.965437412261963,0,0
2241,3.1747281551361084,3.1005632877349854,1,1
2242,3.007422924041748,2.826929807662964,1,1
2243,3.340000867843628,3.0751442909240723,1,1
2244,3.0078585147857666,2.8801767826080322,0,0
2245,3.271653175354004,3.0659115314483643,0,0
2246,3.298156261444092,3.1226184368133545,1,1
2247,3.4350435733795166,3.153995990753174,0,0
2248,3.1677160263061523,2.9915366172790527,0,0
2249,3.015624523162842,2.9162437915802,1,1
2250,3.152693510055542,3.066728353500366,1,1
2251,3.1448214054107666,3.030355215072632,1,1
2252,3.375206232070923,3.136535167694092,0,0
2253,3.2901408672332764,3.185361623764038,0,0
2254,3.3024022579193115,3.118378162384033,0,0
2255,3.364060401916504,3.2220726013183594,0,0
2256,3.487238645553589,3.403536081314087,0,0
2257,3.258194923400879,3.2021913528442383,1,1
2258,4.287269115447998,3.635324239730835,0,0
2259,4.244894504547119,3.471431255340576,0,0
2260,3.9552628993988037,3.4779105186462402,1,1
2261,3.8760459423065186,3.41115140914917,1,1
2262,3.917146921157837,3.4754276275634766,0,0
2263,3.0170652866363525,2.738287925720215,0,0
2264,3.4978294372558594,3.29976749420166,1,1
2265,3.7884604930877686,3.3192553520202637,1,1
2266,3.840376377105713,3.4202353954315186,1,1
2267,3.0746757984161377,2.7714462280273438,1,1
2268,3.1496615409851074,2.930267810821533,0,0
2269,2.9839982986450195,2.8357670307159424,1,1
2270,3.0528299808502197,2.7381207942962646,0,0
2271,2.752687454223633,2.619537353515625,0,0
2272,3.4054183959960938,2.9965620040893555,1,1
2273,3.7380008697509766,3.4516615867614746,0,0
2274,3.51582407951355,3.491999864578247,0,0
2275,3.241114854812622,3.029064178466797,1,1
2276,3.3557047843933105,3.0579259395599365,1,1
2277,3.488628387451172,3.0569565296173096,1,1
2278,3.7335801124572754,3.2381606101989746,0,0
2279,3.9056382179260254,3.316758632659912,0,0
2280,3.86645770072937,3.365541458129883,0,0
2281,3.819448232650757,3.3637752532958984,1,1
2282,3.7943737506866455,3.497868061065674,0,0
2283,3.6960318088531494,3.29937481880188,1,1
2284,3.9880218505859375,3.5864005088806152,1,1
2285,4.107561111450195,3.6259725093841553,1,1
2286,3.0741186141967773,3.108086585998535,0,0
2287,3.610295295715332,3.202852249145508,0,0
2288,3.2523818016052246,3.0733654499053955,0,0
2289,3.466864585876465,2.997464179992676,1,1
2290,3.411637783050537,3.1068716049194336,0,0
2291,3.103158950805664,2.8860297203063965,0,0
2292,3.323986291885376,3.2759242057800293,1,1
2293,3.637827157974243,3.274878978729248,0,0
2294,3.7299792766571045,3.5460312366485596,0,0
2295,3.7755424976348877,3.5037262439727783,1,1
2296,3.6468513011932373,3.547548294067383,0,0
2297,3.4748332500457764,3.350505828857422,0,0
2298,3.960753917694092,3.5457985401153564,0,0
2299,3.4535369873046875,3.3106915950775146,1,1
2300,3.4339849948883057,3.343018054962158,1,1
2301,3.741429567337036,3.3394665718078613,1,1
2302,3.188978672027588,2.873223304748535,0,0
2303,3.0660057067871094,2.922170639038086,0,0
2304,3.2824151515960693,2.8292582035064697,1,1
2305,3.2206153869628906,2.975309133529663,0,0
2306,3.2130014896392822,2.796283721923828,0,0
2307,3.260633945465088,2.781254291534424,1,1
2308,3.392211675643921,2.8600287437438965,1,1
2309,3.4458296298980713,2.922145366668701,0,0
2310,3.769503116607666,3.4019439220428467,0,0
2311,3.6038291454315186,3.453784465789795,1,1
2312,2.9148929119110107,2.751829147338867,0,0
2313,3.1757419109344482,2.7613449096679688,1,1
2314,3.34385347366333,2.8120055198669434,1,1
2315,3.208679676055908,2.8514456748962402,1,1
2316,3.21374249458313,3.000904083251953,1,1
2317,3.162761926651001,3.1645610332489014,1,1
2318,3.2825324535369873,2.6950645446777344,1,1
2319,3.374662399291992,3.0263545513153076,1,1
2320,3.592991828918457,3.0956034660339355,0,0
2321,3.44460391998291,3.1194517612457275,0,0
2322,3.5830140113830566,3.1016616821289062,1,1
2323,3.6450586318969727,3.043884515762329,0,0
2324,3.5291638374328613,3.1710379123687744,1,1
2325,3.3970606327056885,3.100585460662842,1,1
2326,3.27630352973938,3.1357882022857666,0,0
2327,3.3745713233947754,3.0749263763427734,0,0
2328,3.3165643215179443,2.954498052597046,0,0
2329,3.617450475692749,3.284851312637329,0,0
2330,2.406991720199585,2.5504136085510254,0,0
2331,2.7588436603546143,2.6812305450439453,0,0
2332,3.193100929260254,2.9768853187561035,1,1
2333,3.233496904373169,2.9860646724700928,1,1
2334,3.308037042617798,3.1518356800079346,1,1
2335,3.520526885986328,3.3512697219848633,0,0
2336,3.4196548461914062,3.2124173641204834,1,1
2337,3.3312294483184814,3.1328012943267822,0,0
2338,3.6408958435058594,3.3108251094818115,0,0
2339,3.950798749923706,3.6693668365478516,1,1
2340,3.8979716300964355,3.376589298248291,0,0
2341,4.304588794708252,3.4994120597839355,0,0
2342,3.6759626865386963,3.298654794692993,1,1
2343,3.022303342819214,2.850160598754883,0,0
2344,3.203094959259033,2.9718399047851562,1,1
2345,3.0742833614349365,3.027338743209839,1,1
2346,3.2025389671325684,2.985610008239746,0,0
2347,2.961082696914673,2.779026508331299,1,1
2348,3.131667137145996,2.776257038116455,1,1
2349,3.469508171081543,2.987852096557617,1,1
2350,3.474247932434082,3.186038017272949,0,0
2351,3.6286537647247314,3.2856595516204834,0,0
2352,3.7648873329162598,3.39406418800354,1,1
2353,3.7827887535095215,3.42277193069458,1,1
2354,3.790985584259033,3.46903133392334,1,1
2355,2.7680277824401855,2.645951271057129,1,1
2356,3.150277853012085,2.936032295227051,0,0
2357,3.012270927429199,2.8356595039367676,0,0
2358,3.127415895462036,2.8073792457580566,1,1
2359,3.0950684547424316,2.873112678527832,1,1
2360,2.9742448329925537,2.7847635746002197,0,0
2361,2.7227277755737305,2.534595012664795,1,1
2362,3.2565293312072754,3.0826914310455322,1,1
2363,3.037074089050293,2.7960894107818604,0,0
2364,2.927771806716919,2.7516720294952393,0,0
2365,2.9586732387542725,2.6081669330596924,1,1
2366,3.2400102615356445,2.9418857097625732,1,1
2367,2.9747579097747803,2.847642183303833,1,1
2368,2.8855836391448975,2.736347198486328,0,0
2369,3.2315406799316406,3.03011155128479,1,1
2370,3.0235157012939453,2.792273759841919,1,1
2371,3.285288095474243,2.979775905609131,1,1
2372,3.6638128757476807,3.264641046524048,0,0
2373,3.6089813709259033,3.192735195159912,1,1
2374,3.4285366535186768,3.0139636993408203,1,1
2375,3.610214948654175,3.1231489181518555,1,1
2376,3.480545997619629,3.2343950271606445,1,1
2377,3.017124891281128,2.871880531311035,1,1
2378,3.497230291366577,3.211801767349243,0,0
2379,3.648756504058838,3.314516544342041,0,0
2380,3.3972253799438477,3.3094124794006348,1,1
2381,3.5636978149414062,3.303772449493408,1,1
2382,3.3814899921417236,3.3238203525543213,1,1
2383,3.6493093967437744,3.0499846935272217,1,1
2384,3.3052942752838135,2.959690570831299,0,0
2385,3.5718960762023926,3.201185941696167,0,0
2386,3.6806557178497314,3.3476195335388184,1,1
2387,3.8675789833068848,3.378389358520508,1,1
2388,3.787724018096924,3.1561450958251953,1,1
2389,3.4138011932373047,2.9910104274749756,0,0
2390,2.9680628776550293,2.5747878551483154,0,0
2391,2.708292007446289,2.4818339347839355,1,1
2392,2.725032091140747,2.6289100646972656,0,0
2393,3.086235284805298,2.6706206798553467,0,0
2394,2.284926652908325,2.08591365814209,1,1
2395,2.903881311416626,2.7899646759033203,1,1
2396,2.779012680053711,2.628718376159668,0,0
2397,3.3587608337402344,3.1115832328796387,1,1
2398,3.12854266166687,2.859261989593506,0,0
2399,3.676589250564575,3.0188448429107666,1,1
2400,3.224083185195923,2.9448039531707764,0,0
2401,3.5293004512786865,2.864396572113037,1,1
2402,3.5890917778015137,3.103214740753174,0,0
2403,3.324113368988037,3.0885448455810547,0,0
2404,3.269260883331299,2.8398025035858154,1,1
2405,3.0147879123687744,2.989065170288086,1,1
2406,2.726707696914673,2.4785354137420654,0,0
2407,3.076977252960205,2.7309558391571045,1,1
2408,2.8886430263519287,2.5647780895233154,0,0
2409,2.9403066635131836,2.776512384414673,1,1
2410,2.7519166469573975,2.470505714416504,0,0
2411,3.2341842651367188,2.777012825012207,0,0
2412,2.666538953781128,2.437227964401245,0,0
2413,3.234441041946411,2.877105236053467,1,1
2414,3.3034613132476807,3.028385639190674,1,1
2415,3.149425745010376,2.983128786087036,1,1
2416,3.6080892086029053,3.258004665374756,0,0
2417,3.419980764389038,3.3662962913513184,1,1
2418,3.4793753623962402,3.087833881378174,0,0
2419,2.962033748626709,2.7725770473480225,1,1
2420,3.171522617340088,2.9078855514526367,1,1
2421,2.812437057495117,2.460604429244995,0,0
2422,3.0808145999908447,2.727419137954712,1,1
2423,3.113510847091675,2.849287509918213,1,1
2424,3.0538289546966553,2.7409911155700684,1,1
2425,2.609999179840088,2.3122200965881348,1,1
2426,3.1341662406921387,2.960911512374878,1,1
2427,3.146864175796509,2.9776697158813477,1,1
2428,3.5944314002990723,3.1501970291137695,0,0
2429,3.346235990524292,2.9878766536712646,0,0
2430,3.305605411529541,2.916532516479492,1,1
2431,2.937100887298584,2.735347270965576,0,0
2432,2.6557998657226562,2.788092613220215,1,1
2433,2.6404225826263428,2.6262106895446777,0,0
2434,2.6621692180633545,2.7612411975860596,0,0
2435,2.5458528995513916,2.5298776626586914,0,0
2436,2.527247667312622,2.542729377746582,0,0
2437,2.6469013690948486,2.5930747985839844,0,0
2438,3.165078639984131,2.7011618614196777,0,0
2439,3.2487170696258545,2.959747314453125,0,0
2440,3.1751582622528076,2.869858741760254,0,0
2441,3.5410008430480957,3.1901135444641113,0,0
2442,3.466515302658081,3.1425087451934814,1,1
2443,3.2593166828155518,2.8185431957244873,1,1
2444,3.4084479808807373,2.9186224937438965,1,1
2445,3.1290957927703857,2.713083267211914,1,1
2446,3.24924635887146,2.6289596557617188,0,0
2447,3.381518840789795,2.873253107070923,1,1
2448,2.976195812225342,2.5491552352905273,0,0
2449,2.975019931793213,2.414750099182129,0,0
2450,3.216336250305176,2.417961835861206,1,1
2451,3.0689940452575684,2.546482563018799,0,0
2452,3.4878041744232178,2.698361396789551,0,0
2453,3.2521214485168457,2.6674611568450928,0,0
2454,3.5290045738220215,2.6285719871520996,1,1
2455,3.2481062412261963,2.749589204788208,0,0
2456,3.2750661373138428,2.7304139137268066,0,0
2457,3.4999618530273438,2.837930679321289,1,1
2458,2.9614670276641846,2.647203207015991,1,1
2459,3.3752899169921875,3.149782180786133,0,0
2460,3.405567169189453,3.057791233062744,0,0
2461,3.2940831184387207,3.0557661056518555,0,0
2462,3.410109758377075,3.1813361644744873,0,0
2463,3.3347015380859375,3.0069632530212402,0,0
2464,3.3795998096466064,2.948446750640869,1,1
2465,3.486088991165161,3.231924533843994,0,0
2466,3.648604154586792,3.3219246864318848,1,1
2467,3.4784176349639893,3.1986429691314697,1,1
2468,3.4979450702667236,3.137629508972168,1,1
2469,3.4101648330688477,2.8461341857910156,1,1
2470,3.046800374984741,2.817380666732788,0,0
2471,3.3946666717529297,3.0056405067443848,1,1
2472,3.222548484802246,2.9868600368499756,0,0
2473,3.424699306488037,3.062236785888672,0,0
2474,3.1997811794281006,3.119192600250244,0,0
2475,3.312882900238037,2.9487829208374023,1,1
2476,3.4706614017486572,3.1759819984436035,0,0
2477,3.322417736053467,3.035217046737671,0,0
2478,3.8980298042297363,3.2716243267059326,0,0
2479,3.164003849029541,3.0552382469177246,0,0
2480,3.372178077697754,3.2040767669677734,0,0
2481,3.0810513496398926,3.0368099212646484,1,1
2482,2.8934452533721924,2.8508102893829346,1,1
2483,3.4411003589630127,2.9979453086853027,0,0
2484,3.493173599243164,3.2721915245056152,0,0
2485,3.6729469299316406,3.373538017272949,0,0
2486,3.546386480331421,3.2056808471679688,1,1
2487,3.6699631214141846,3.2602856159210205,1,1
2488,3.6914174556732178,3.4046850204467773,0,0
2489,3.907832622528076,3.3592402935028076,0,0
2490,4.051868915557861,3.4137043952941895,0,0
2491,3.828578472137451,3.352914810180664,0,0
2492,4.1571125984191895,3.5248045921325684,0,0
2493,3.5052430629730225,3.1016440391540527,1,1
2494,3.8431103229522705,3.3670735359191895,1,1
2495,3.343341827392578,3.055373191833496,1,1
2496,3.4603326320648193,3.058410882949829,1,1
2497,3.5976240634918213,3.034369468688965,0,0
2498,3.230839729309082,2.9214229583740234,0,0
2499,3.3791067600250244,2.819199323654175,1,1
2500,3.3775880336761475,3.19619083404541,0,0
2501,3.404170274734497,2.9718692302703857,1,1
2502,3.1351892948150635,2.9728147983551025,1,1
2503,3.0040736198425293,2.836944103240967,0,0
2504,3.051103353500366,2.841926097869873,0,0
2505,3.163330316543579,2.9780735969543457,1,1
2506,3.331962823867798,2.86289644241333,1,1
2507,3.2931783199310303,3.0712761878967285,1,1
2508,2.817474365234375,2.5634827613830566,0,0
2509,3.226799249649048,3.026674270629883,1,1
2510,2.92643666267395,2.577948570251465,0,0
2511,2.7305266857147217,2.568286418914795,1,1
2512,2.846834182739258,2.62625789642334,1,1
2513,3.2115659713745117,2.9007463455200195,0,0
2514,3.011094331741333,2.637148380279541,0,0
2515,3.479767084121704,2.7863306999206543,0,0
2516,3.2870900630950928,2.8520078659057617,1,1
2517,3.367216110229492,2.912523031234741,1,1
2518,3.3056204319000244,2.822436571121216,0,0
2519,3.1110076904296875,2.7880470752716064,0,0
2520,3.164919376373291,2.9253928661346436,1,1
2521,3.1738944053649902,3.008047580718994,1,1
2522,3.439174175262451,3.1215872764587402,1,1
2523,3.6312947273254395,3.1557540893554688,1,1
2524,3.438495635986328,3.1930229663848877,0,0
2525,3.7365195751190186,3.423851728439331,0,0
2526,3.4699220657348633,3.046421527862549,0,0
2527,3.23913311958313,2.883967638015747,0,0
2528,3.83669114112854,3.007601737976074,0,0
2529,3.9036686420440674,3.3266046047210693,1,1
2530,2.976335048675537,2.870122194290161,1,1
2531,3.1591594219207764,3.200868606567383,0,0
2532,3.3541226387023926,3.137488603591919,0,0
2533,3.241704225540161,3.143033981323242,1,1
2534,3.2381441593170166,3.1727561950683594,1,1
2535,3.600435972213745,3.147771120071411,1,1
2536,3.6892542839050293,2.7904372215270996,0,0
2537,3.4590487480163574,3.318441390991211,1,1
2538,3.4389517307281494,3.164566993713379,1,1
2539,3.5256052017211914,3.247859477996826,0,0
2540,2.9930200576782227,2.736417770385742,0,0
2541,3.140275716781616,2.8482372760772705,1,1
2542,3.3619890213012695,2.993576765060425,1,1
2543,3.2258150577545166,3.049175500869751,0,0
2544,3.3566243648529053,3.113987922668457,0,0
2545,3.362454652786255,3.0275022983551025,1,1
2546,3.3738958835601807,3.1059768199920654,1,1
2547,3.370345115661621,3.102396011352539,1,1
2548,3.4748873710632324,3.213467597961426,1,1
2549,3.383378505706787,3.06937837600708,0,0
2550,3.445777654647827,2.9975204467773438,1,1
2551,3.899412155151367,3.3572816848754883,0,0
2552,3.5428054332733154,3.0373783111572266,1,1
2553,3.2857561111450195,2.9767913818359375,1,1
2554,3.450875759124756,3.09502911567688,0,0
2555,3.9412360191345215,3.569741725921631,0,0
2556,3.6099042892456055,3.1800994873046875,1,1
2557,3.776278257369995,3.1236140727996826,1,1
2558,3.022948741912842,2.6983633041381836,0,0
2559,3.5218238830566406,3.0960922241210938,0,0
2560,3.209604024887085,2.900071144104004,0,0
2561,3.189579486846924,2.8709075450897217,1,1
2562,3.131328582763672,2.833055019378662,1,1
2563,2.749199151992798,2.5504186153411865,0,0
2564,3.3960812091827393,2.9790546894073486,1,1
2565,3.5349512100219727,3.1070241928100586,1,1
2566,3.394008159637451,3.2397584915161133,1,1
2567,3.5919389724731445,3.2140798568725586,1,1
2568,3.6593358516693115,3.350799083709717,0,0
2569,3.5819201469421387,3.346756935119629,0,0
2570,4.01527214050293,3.567591905593872,0,0
2571,3.443391799926758,3.202653408050537,0,0
2572,4.033135414123535,3.3960776329040527,0,0
2573,3.4864487648010254,3.060155153274536,0,0
2574,3.5003249645233154,3.107769012451172,0,0
2575,3.606045722961426,3.331679105758667,0,0
2576,3.2719740867614746,3.2873191833496094,0,0
2577,3.634230613708496,3.323878049850464,0,0
2578,3.217972993850708,3.178706407546997,1,1
2579,3.2472140789031982,3.21016526222229,1,1
2580,3.6597800254821777,3.422976493835449,0,0
2581,3.5389552116394043,3.3744356632232666,1,1
2582,3.7491960525512695,3.5427348613739014,0,0
2583,3.3928310871124268,3.2404799461364746,1,1
2584,3.268141031265259,3.1686806678771973,1,1
2585,3.3807566165924072,3.219597816467285,1,1
2586,3.371466875076294,3.1773152351379395,0,0
2587,3.5864858627319336,3.2831227779388428,1,1
2588,3.5856258869171143,3.2556467056274414,0,0
2589,3.44040584564209,3.0555386543273926,1,1
2590,3.036604166030884,3.017793893814087,0,0
2591,3.269731044769287,3.0126116275787354,0,0
2592,3.4845869541168213,3.0794854164123535,0,0
2593,3.515512228012085,3.079400062561035,0,0
2594,3.327850341796875,3.105818033218384,1,1
2595,3.1664490699768066,2.8801004886627197,0,0
2596,3.1782493591308594,2.825899362564087,0,0
2597,3.4118504524230957,3.1060895919799805,0,0
2598,3.015239715576172,2.505906105041504,1,1
2599,3.306785821914673,2.86067533493042,0,0
2600,3.13383412361145,2.65529727935791,1,1
2601,3.0507214069366455,2.718520164489746,0,0
2602,3.2229273319244385,2.752397060394287,1,1
2603,2.9101245403289795,2.6540608406066895,0,0
2604,3.651451349258423,3.0205047130584717,0,0
2605,3.529038667678833,2.9248781204223633,0,0
2606,3.8406245708465576,3.5314574241638184,0,0
2607,3.958214521408081,3.3102128505706787,0,0
2608,3.928180694580078,3.333951473236084,1,1
2609,3.913358449935913,3.4409217834472656,1,1
2610,4.086876392364502,3.560438871383667,1,1
2611,3.7393131256103516,3.1041572093963623,0,0
2612,3.508962392807007,3.0625076293945312,0,0
2613,2.949875831604004,2.893148422241211,0,0
2614,3.1832191944122314,3.0447521209716797,1,1
2615,3.8281290531158447,3.367340087890625,1,1
2616,3.4722821712493896,3.205791473388672,0,0
2617,3.020197629928589,2.9664254188537598,0,0
2618,3.670483112335205,3.4692697525024414,0,0
2619,3.3887460231781006,3.3281283378601074,1,1
2620,3.367224931716919,2.9846394062042236,1,1
2621,2.6339776515960693,2.6833882331848145,0,0
2622,3.1043784618377686,3.175786018371582,0,0
2623,2.6065688133239746,2.868664503097534,0,0
2624,2.835460901260376,2.6861255168914795,1,1
2625,3.071723222732544,2.902385711669922,0,0
2626,3.501983642578125,3.239856719970703,0,0
2627,3.368943691253662,3.1458206176757812,0,0
2628,3.426023483276367,3.2315316200256348,1,1
2629,3.9068024158477783,3.3890106678009033,1,1
2630,3.3615150451660156,2.9976284503936768,1,1
2631,3.4545295238494873,3.0940499305725098,0,0
2632,3.5362093448638916,3.393662691116333,0,0
2633,3.5471391677856445,3.1999900341033936,1,1
2634,3.6565778255462646,3.2545158863067627,0,0
2635,3.6735615730285645,3.076423168182373,1,1
2636,3.500497817993164,3.2389590740203857,0,0
2637,3.4493649005889893,3.3644397258758545,0,0
2638,3.4215385913848877,3.344965934753418,0,0
2639,3.5398409366607666,3.3541579246520996,1,1
2640,3.8129050731658936,3.458561897277832,1,1
2641,3.212324857711792,2.969165325164795,1,1
2642,4.185248374938965,3.597654342651367,0,0
2643,3.1656992435455322,2.8531653881073,1,1
2644,3.7574942111968994,3.302335023880005,1,1
2645,3.4271650314331055,3.180539131164551,0,0
2646,3.4462239742279053,3.0872788429260254,1,1
2647,3.250791311264038,3.048748731613159,0,0
2648,3.363576650619507,2.975290298461914,0,0
2649,3.5239105224609375,3.365084648132324,0,0
2650,3.181217670440674,2.87300181388855,0,0
2651,3.008958339691162,2.9817490577697754,0,0
2652,3.132349729537964,2.9455385208129883,1,1
2653,2.9633874893188477,2.9650440216064453,0,0
2654,3.053339719772339,2.8027336597442627,0,0
2655,3.0490267276763916,2.8522796630859375,1,1
2656,3.428452730178833,3.3075623512268066,0,0
2657,3.634528875350952,3.332630157470703,1,1
2658,3.0185866355895996,2.8421034812927246,1,1
2659,3.061572551727295,2.8366127014160156,1,1
2660,2.9299166202545166,2.7482187747955322,0,0
2661,3.3651554584503174,2.9527130126953125,1,1
2662,3.0788774490356445,2.8843278884887695,0,0
2663,3.079843521118164,2.9289135932922363,1,1
2664,2.6453566551208496,2.578369617462158,0,0
2665,3.031712293624878,2.9477574825286865,0,0
2666,3.106720209121704,2.967215061187744,1,1
2667,2.915282726287842,2.832244396209717,1,1
2668,2.8093764781951904,2.804396629333496,0,0
2669,3.130082607269287,2.9441685676574707,1,1
2670,3.0647034645080566,2.7943074703216553,0,0
2671,3.2052924633026123,2.9034435749053955,1,1
2672,3.141756057739258,2.8097052574157715,1,1
2673,3.0415244102478027,2.880932569503784,1,1
2674,3.115696668624878,2.9101064205169678,1,1
2675,2.8878064155578613,2.70102858543396,1,1
2676,2.7247884273529053,2.511125087738037,1,1
2677,3.4503839015960693,3.0574281215667725,0,0
2678,3.050250291824341,2.724963665008545,1,1
2679,2.877298593521118,2.634167194366455,0,0
2680,3.233259677886963,2.9275619983673096,1,1
2681,3.217207670211792,2.6516623497009277,1,1
2682,3.292830467224121,2.9123806953430176,1,1
2683,3.2633750438690186,2.8901448249816895,1,1
2684,2.7488903999328613,2.465052604675293,1,1
2685,3.1703810691833496,2.751352310180664,1,1
2686,3.350909471511841,2.913680076599121,1,1
2687,3.14378023147583,2.7733254432678223,0,0
2688,3.1983346939086914,2.7032132148742676,0,0
2689,3.23258638381958,2.6792757511138916,1,1
2690,3.2012269496917725,2.70877742767334,0,0
2691,3.2219278812408447,2.8649487495422363,1,1
2692,3.1857454776763916,2.843310832977295,0,0
2693,2.5295987129211426,2.3982832431793213,0,0
2694,3.4293928146362305,3.270054578781128,1,1
2695,3.4908719062805176,3.4187870025634766,1,1
2696,3.493288278579712,3.4827494621276855,0,0
2697,3.621981620788574,3.3158202171325684,1,1
2698,4.0108418464660645,3.430000066757202,1,1
2699,3.8533072471618652,3.333876609802246,1,1
2700,2.8067543506622314,2.798279285430908,1,1
2701,3.1282167434692383,3.101958990097046,1,1
2702,3.0720672607421875,3.087742328643799,0,0
2703,3.657259941101074,3.4929075241088867,0,0
2704,3.8558599948883057,3.335618495941162,0,0
2705,3.7273104190826416,3.344334840774536,0,0
2706,3.6608588695526123,3.3573715686798096,0,0
2707,3.6797595024108887,3.4589972496032715,1,1
2708,3.7333929538726807,3.3804702758789062,1,1
2709,3.3898916244506836,3.337966203689575,1,1
2710,3.440504312515259,3.4070305824279785,0,0
2711,3.469748020172119,3.4597859382629395,1,1
2712,3.6878764629364014,3.3751044273376465,1,1
2713,3.5586421489715576,3.356863021850586,0,0
2714,3.3087682723999023,3.2911376953125,0,0
2715,3.3407676219940186,3.186814546585083,1,1
2716,3.6095070838928223,3.3312039375305176,1,1
2717,3.217066526412964,2.989295482635498,1,1
2718,3.3627493381500244,3.198873519897461,1,1
2719,3.4862008094787598,3.2583985328674316,0,0
2720,3.294650077819824,3.023681402206421,1,1
2721,3.399376630783081,3.1500303745269775,0,0
2722,3.8231852054595947,3.4882068634033203,1,1
2723,3.2983620166778564,3.0878491401672363,1,1
2724,3.406108856201172,3.0377001762390137,0,0
2725,2.986081123352051,2.854653835296631,1,1
2726,3.230448007583618,2.9129467010498047,1,1
2727,3.1123046875,2.9333972930908203,1,1
2728,3.6998350620269775,3.1794772148132324,1,1
2729,3.2503914833068848,2.972327470779419,1,1
2730,3.511721134185791,2.9955551624298096,1,1
2731,3.7482690811157227,3.179232597351074,0,0
2732,3.5501768589019775,3.146791696548462,1,1
2733,3.4477932453155518,2.8945140838623047,1,1
2734,3.680037498474121,3.362504005432129,0,0
2735,3.2375195026397705,2.961176872253418,1,1
2736,3.1582298278808594,2.867539167404175,1,1
2737,3.0309488773345947,3.0186243057250977,1,1
2738,3.4858312606811523,3.416534423828125,0,0
2739,2.8825745582580566,2.89422869682312,1,1
2740,2.4366304874420166,2.350162982940674,0,0
2741,2.59397292137146,2.389378309249878,1,1
2742,2.8382177352905273,2.824324369430542,0,0
2743,2.8146913051605225,2.8172950744628906,1,1
2744,2.777564525604248,2.7964839935302734,1,1
2745,2.8553836345672607,2.827549457550049,0,0
2746,2.9889771938323975,2.927258014678955,0,0
2747,2.965985059738159,3.013267755508423,0,0
2748,2.8722445964813232,2.7948169708251953,0,0
2749,2.8024511337280273,2.609683036804199,0,0
2750,3.0720388889312744,2.8384625911712646,0,0
2751,2.9480700492858887,2.7693142890930176,1,1
2752,2.4841105937957764,2.377025842666626,1,1
2753,2.6143178939819336,2.5447158813476562,0,0
2754,2.489417791366577,2.439206838607788,0,0
2755,2.4044578075408936,2.2665040493011475,1,1
2756,2.7200284004211426,2.5596070289611816,0,0
2757,2.6357340812683105,2.5626912117004395,0,0
2758,3.1214027404785156,2.8191492557525635,0,0
2759,2.979292631149292,2.7258763313293457,1,1
2760,2.586500406265259,2.4823122024536133,0,0
2761,3.395977258682251,3.1078903675079346,1,1
2762,3.7343664169311523,3.4099864959716797,1,1
2763,4.006306171417236,3.47967529296875,1,1
2764,3.5358095169067383,2.9462475776672363,1,1
2765,3.1919209957122803,2.9649882316589355,1,1
2766,2.9042975902557373,2.717764377593994,0,0
2767,2.9281744956970215,2.6845388412475586,0,0
2768,3.4112634658813477,3.1609201431274414,1,1
2769,2.8814854621887207,2.809419631958008,0,0
2770,3.2225310802459717,2.902496814727783,0,0
2771,3.081386089324951,2.634122848510742,0,0
2772,3.3421690464019775,2.9337830543518066,0,0
2773,3.0536434650421143,2.8077597618103027,0,0
2774,2.9543731212615967,2.7521145343780518,1,1
2775,3.2278339862823486,2.98128080368042,1,1
2776,3.1636569499969482,2.8324503898620605,1,1
2777,3.029423236846924,2.6813766956329346,1,1
2778,2.7317185401916504,2.608027935028076,0,0
2779,3.204348087310791,3.0434961318969727,0,0
2780,2.9015941619873047,2.711775779724121,1,1
2781,3.3365347385406494,2.8880972862243652,1,1
2782,3.2089829444885254,2.787086009979248,0,0
2783,3.436894416809082,3.235989809036255,0,0
2784,3.836185932159424,3.3516149520874023,1,1
2785,3.4354186058044434,3.256429672241211,0,0
2786,3.797322988510132,3.2643656730651855,0,0
2787,4.203002452850342,3.794443130493164,0,0
2788,3.630844831466675,3.23223614692688,1,1
2789,2.655172348022461,2.6618027687072754,0,0
2790,3.3373022079467773,3.003011465072632,0,0
2791,3.371283531188965,3.148383140563965,1,1
2792,3.1993730068206787,3.16085147857666,1,1
2793,3.0751497745513916,2.9610002040863037,1,1
2794,3.0529990196228027,2.9174211025238037,1,1
2795,2.8847005367279053,2.794269323348999,0,0
2796,3.2175486087799072,2.981337785720825,1,1
2797,3.3314998149871826,3.1276512145996094,0,0
2798,2.6513915061950684,2.5000572204589844,1,1
2799,2.965662956237793,2.791109085083008,0,0
2800,2.827150583267212,2.6301517486572266,1,1
2801,3.11700701713562,2.8749701976776123,1,1
2802,3.2022671699523926,3.1074070930480957,0,0
2803,3.4321014881134033,3.0913572311401367,1,1
2804,2.7288951873779297,2.471731185913086,0,0
2805,2.9998996257781982,2.771756410598755,1,1
2806,2.8767168521881104,2.685105085372925,1,1
2807,3.1890342235565186,2.7866265773773193,1,1
2808,2.8609211444854736,2.751187562942505,0,0
2809,3.169159412384033,2.991267204284668,0,0
2810,3.0142383575439453,2.8156847953796387,1,1
2811,3.3086183071136475,3.0754804611206055,0,0
2812,3.243041515350342,3.0290768146514893,0,0
2813,3.095048427581787,3.009173631668091,1,1
2814,3.01591420173645,2.9939749240875244,1,1
2815,2.946388006210327,2.7122461795806885,0,0
2816,3.6199891567230225,3.2035505771636963,0,0
2817,3.536945343017578,3.0695865154266357,1,1
2818,3.519228935241699,3.0841336250305176,0,0
2819,3.435227870941162,3.030869245529175,0,0
2820,4.307008266448975,3.479565382003784,0,0
2821,3.8237056732177734,3.215940237045288,0,0
2822,3.829780340194702,3.3112683296203613,0,0
2823,3.7681448459625244,3.2991926670074463,0,0
2824,3.8812220096588135,3.3678646087646484,0,0
2825,3.904928207397461,3.420854091644287,1,1
2826,4.169764995574951,3.5014309883117676,1,1
2827,4.178258895874023,3.64058780670166,1,1
2828,3.8336269855499268,3.4061989784240723,1,1
2829,4.423512935638428,3.9238271713256836,1,1
2830,3.5419633388519287,3.2014429569244385,1,1
2831,3.7349276542663574,3.3017992973327637,0,0
2832,3.4549055099487305,3.217710256576538,0,0
2833,4.022227764129639,3.6101903915405273,1,1
2834,3.561818838119507,3.452373504638672,0,0
2835,3.171203136444092,2.8469014167785645,1,1
2836,2.5475525856018066,2.2609963417053223,0,0
2837,3.3105642795562744,2.8654866218566895,0,0
2838,3.3326022624969482,3.1673738956451416,0,0
2839,3.5957491397857666,3.4571566581726074,0,0
2840,3.576446294784546,3.556389093399048,1,1
2841,3.1758487224578857,3.0613443851470947,1,1
2842,4.132800102233887,3.566291332244873,0,0
2843,3.307727098464966,3.040419578552246,0,0
2844,2.9403584003448486,2.70518159866333,0,0
2845,3.720180034637451,3.3974804878234863,1,1
2846,3.479792356491089,3.0630016326904297,1,1
2847,2.96490740776062,2.838711738586426,1,1
2848,3.3786261081695557,3.0023834705352783,0,0
2849,3.4081192016601562,3.0698533058166504,0,0
2850,3.904550313949585,3.4585278034210205,0,0
2851,3.508049249649048,3.2136707305908203,1,1
2852,3.195857524871826,2.854719638824463,1,1
2853,3.7492237091064453,3.2258987426757812,1,1
2854,3.2240514755249023,3.0794529914855957,0,0
2855,3.466874122619629,2.9487457275390625,0,0
2856,2.846021890640259,2.5389554500579834,1,1
2857,3.1742327213287354,2.926027774810791,0,0
2858,3.463312864303589,2.940023183822632,1,1
2859,3.320667028427124,2.9788637161254883,1,1
2860,3.450319528579712,3.041564464569092,0,0
2861,3.281432628631592,2.9396796226501465,0,0
2862,3.2527201175689697,2.857973098754883,0,0
2863,3.2374844551086426,2.9547154903411865,0,0
2864,3.0968024730682373,2.929929733276367,0,0
2865,3.210646152496338,2.7320830821990967,1,1
2866,3.0732593536376953,2.8182244300842285,1,1
2867,3.418128252029419,2.917727470397949,0,0
2868,3.627203941345215,3.112834930419922,1,1
2869,3.5759270191192627,3.237034559249878,1,1
2870,3.3181447982788086,3.1514058113098145,1,1
2871,3.2189910411834717,3.1853408813476562,1,1
2872,3.5837180614471436,3.313732624053955,0,0
2873,3.093740224838257,3.1157164573669434,1,1
2874,3.415071964263916,3.296661615371704,0,0
2875,3.5889503955841064,3.2374613285064697,0,0
2876,3.1396231651306152,2.9096837043762207,1,1
2877,3.465320348739624,3.1596598625183105,1,1
2878,3.4605066776275635,3.0559091567993164,1,1
2879,3.231410264968872,3.104962110519409,0,0
2880,3.194190740585327,3.0689308643341064,1,1
2881,3.158608913421631,2.932112216949463,1,1
2882,3.3896894454956055,3.0675928592681885,0,0
2883,3.383190155029297,3.2018356323242188,0,0
2884,3.4149439334869385,3.1400439739227295,0,0
2885,2.8261969089508057,2.5852906703948975,0,0
2886,3.222723960876465,2.9000043869018555,1,1
2887,3.2581465244293213,2.9230527877807617,1,1
2888,3.0144498348236084,2.8261866569519043,1,1
2889,3.0347046852111816,2.8645880222320557,0,0
2890,3.441572666168213,3.0842103958129883,0,0
2891,3.2082583904266357,2.9513394832611084,1,1
2892,3.714566946029663,2.9410715103149414,0,0
2893,3.3844070434570312,3.151015281677246,0,0
2894,3.223203182220459,2.862290382385254,0,0
2895,3.3064610958099365,2.6538748741149902,0,0
2896,3.776139497756958,3.206173896789551,1,1
2897,3.1298491954803467,2.821579694747925,0,0
2898,3.0534236431121826,2.603457450866699,1,1
2899,3.1517956256866455,2.8057003021240234,0,0
2900,2.823711395263672,2.583950996398926,0,0
2901,3.014857769012451,2.7078003883361816,1,1
2902,2.944734811782837,2.6612608432769775,0,0
2903,2.454495429992676,2.424248695373535,0,0
2904,2.7656078338623047,2.6346375942230225,1,1
2905,2.580246925354004,2.593890905380249,1,1
2906,2.5044965744018555,2.5517611503601074,0,0
2907,2.4556760787963867,2.467057704925537,1,1
2908,2.553344488143921,2.5246968269348145,0,0
2909,2.2276270389556885,2.299069404602051,1,1
2910,2.77140736579895,2.4542806148529053,1,1
2911,2.299961566925049,2.2483296394348145,1,1
2912,2.7098817825317383,2.5522215366363525,1,1
2913,2.5136547088623047,2.3717732429504395,1,1
2914,2.98418927192688,2.6616063117980957,0,0
2915,2.3485467433929443,2.0411245822906494,1,1
2916,3.0543630123138428,2.6159772872924805,1,1
2917,2.7950077056884766,2.643151044845581,0,0
2918,2.998077630996704,2.810072898864746,1,1
2919,3.2483181953430176,2.990715503692627,0,0
2920,3.7802462577819824,3.4782466888427734,1,1
2921,3.345625877380371,2.9774796962738037,1,1
2922,3.8162693977355957,3.2009050846099854,0,0
2923,3.501234769821167,3.1082592010498047,1,1
2924,3.6637420654296875,3.1329097747802734,1,1
2925,3.394514799118042,2.865170478820801,0,0
2926,3.341557502746582,2.799243211746216,0,0
2927,3.3125720024108887,2.686035633087158,1,1
2928,3.10522723197937,2.8287582397460938,1,1
2929,3.6401569843292236,3.107771396636963,1,1
2930,2.7096502780914307,2.544069766998291,1,1
2931,3.2164535522460938,2.85905385017395,1,1
2932,3.525308609008789,3.2460129261016846,1,1
2933,3.5829408168792725,3.0862226486206055,0,0
2934,3.5944952964782715,3.3161346912384033,0,0
2935,3.734557628631592,3.2821247577667236,1,1
2936,3.746506690979004,3.3198819160461426,1,1
2937,3.646735429763794,3.1752870082855225,0,0
2938,3.849060535430908,3.445134162902832,1,1
2939,3.300398349761963,2.9462344646453857,1,1
2940,3.442343235015869,3.2420759201049805,0,0
2941,3.104715585708618,3.085170269012451,0,0
2942,3.329857110977173,3.0244832038879395,0,0
2943,2.6056594848632812,2.338737964630127,1,1
2944,3.6959593296051025,3.3465499877929688,0,0
2945,3.4419093132019043,3.137072801589966,0,0
2946,3.661147356033325,3.2291994094848633,0,0
2947,3.7175698280334473,3.039872169494629,1,1
2948,3.7521555423736572,3.336452007293701,0,0
2949,3.8725759983062744,3.4166603088378906,0,0
2950,3.299217939376831,3.060190200805664,0,0
2951,3.106726884841919,3.05100154876709,0,0
2952,3.3701040744781494,3.07572603225708,0,0
2953,3.3556418418884277,2.995208740234375,0,0
2954,3.4681496620178223,3.1430296897888184,0,0
2955,3.5650837421417236,3.3088762760162354,0,0
2956,3.6900787353515625,3.1225435733795166,1,1
2957,2.9670705795288086,2.9565584659576416,1,1
2958,3.427619457244873,3.0637106895446777,0,0
2959,3.58833384513855,3.3456780910491943,1,1
2960,3.277589797973633,3.152726173400879,1,1
2961,3.2991039752960205,2.9545133113861084,0,0
2962,3.226595401763916,3.1701033115386963,1,1
2963,3.6368207931518555,3.1117987632751465,1,1
2964,3.4036076068878174,3.065340995788574,1,1
2965,3.099039077758789,2.851930618286133,1,1
2966,3.023871898651123,2.784231424331665,0,0
2967,3.1130263805389404,2.9183242321014404,1,1
2968,2.8270835876464844,2.7481095790863037,1,1
2969,3.3597404956817627,2.9820032119750977,0,0
2970,3.136014461517334,2.9938769340515137,1,1
2971,3.6229798793792725,3.3296523094177246,0,0
2972,3.379859447479248,2.9572877883911133,0,0
2973,3.805968999862671,3.2273685932159424,0,0
2974,3.678544759750366,3.1670217514038086,0,0
2975,3.615800142288208,3.0764026641845703,0,0
2976,3.533607244491577,2.9961352348327637,0,0
2977,3.5968477725982666,2.9876627922058105,0,0
2978,3.4053759574890137,3.0317249298095703,0,0
2979,3.5739781856536865,3.035555601119995,0,0
2980,3.3025031089782715,2.8298020362854004,1,1
2981,3.360306978225708,3.0008230209350586,0,0
2982,3.1185336112976074,2.870140314102173,1,1
2983,3.0611982345581055,2.8700931072235107,0,0
2984,3.6233668327331543,3.2406115531921387,0,0
2985,3.5654525756835938,3.242262840270996,0,0
2986,2.9267923831939697,2.891078472137451,0,0
2987,3.541740894317627,3.166232109069824,0,0
2988,3.4761877059936523,2.919487476348877,1,1
2989,3.187224864959717,2.8983728885650635,0,0
2990,3.494363307952881,2.978269577026367,1,1
2991,3.4783809185028076,3.112328052520752,0,0
2992,3.33609938621521,2.8228092193603516,1,1
2993,3.5608644485473633,3.0991086959838867,1,1
2994,3.547766923904419,3.251002788543701,0,0
2995,3.6687498092651367,3.3865966796875,1,1
2996,3.4567506313323975,3.3008174896240234,0,0
2997,2.828104257583618,2.7048399448394775,1,1
2998,3.1585497856140137,3.0245442390441895,0,0
2999,3.0493264198303223,2.576896905899048,1,1
3000,2.4052605628967285,2.348876953125,0,0
3001,2.836538791656494,2.5976812839508057,0,0
3002,3.4939124584198,2.9483606815338135,1,1
3003,3.2331016063690186,2.946333169937134,0,0
3004,3.2670586109161377,3.111222982406616,0,0
3005,3.255603075027466,2.9340476989746094,1,1
3006,3.287235736846924,2.9418721199035645,0,0
3007,3.631678342819214,3.264861583709717,0,0
3008,3.40612530708313,3.196056365966797,1,1
3009,3.460055112838745,3.316944122314453,1,1
3010,3.6871583461761475,3.4341044425964355,1,1
3011,3.533431053161621,3.278742551803589,0,0
3012,3.4468612670898438,3.245187997817993,1,1
3013,3.3878254890441895,3.1743078231811523,1,1
3014,3.343538284301758,3.228605031967163,0,0
3015,3.1674997806549072,3.0442123413085938,0,0
3016,2.9868812561035156,2.781935691833496,1,1
3017,2.8545806407928467,2.6577351093292236,0,0
3018,3.309023857116699,2.871708869934082,1,1
3019,3.1833655834198,2.980642318725586,1,1
3020,3.247009754180908,2.9827823638916016,1,1
3021,3.3136935234069824,3.2125942707061768,0,0
3022,3.392754077911377,3.042365550994873,1,1
3023,3.127121925354004,2.902712821960449,0,0
3024,3.1765267848968506,2.929107904434204,0,0
3025,3.1812949180603027,2.959169864654541,1,1
3026,3.3852813243865967,3.039309024810791,0,0
3027,3.234865665435791,3.016007900238037,1,1
3028,3.3984851837158203,3.2605090141296387,0,0
3029,3.504786491394043,3.4009599685668945,1,1
3030,3.216620445251465,2.968914031982422,1,1
3031,3.3505966663360596,3.033515214920044,1,1
3032,3.4985721111297607,3.134702205657959,0,0
3033,3.1111083030700684,2.9447996616363525,0,0
3034,3.4375879764556885,3.118009567260742,0,0
3035,3.9633829593658447,3.380978584289551,0,0
3036,3.1868271827697754,3.2439956665039062,0,0
3037,3.2194950580596924,3.0157315731048584,1,1
3038,3.424884080886841,3.3394081592559814,0,0
3039,3.4679112434387207,3.420085906982422,0,0
3040,2.7462234497070312,2.5605568885803223,0,0
3041,2.8007497787475586,2.5559768676757812,1,1
3042,2.6565608978271484,2.4861483573913574,1,1
3043,2.760638475418091,2.4594836235046387,1,1
3044,3.3383045196533203,2.987374782562256,0,0
3045,3.2657790184020996,2.5923750400543213,0,0
3046,2.979592800140381,2.591038703918457,1,1
3047,2.8290927410125732,2.6722517013549805,1,1
3048,2.876885414123535,2.6642842292785645,0,0
3049,2.9459228515625,2.588088274002075,0,0
3050,2.82621693611145,2.4959139823913574,0,0
3051,2.770949602127075,2.5573067665100098,0,0
3052,2.9689576625823975,2.558610439300537,1,1
3053,3.076427459716797,2.6213362216949463,1,1
3054,2.873462438583374,2.6574363708496094,1,1
3055,2.841634750366211,2.611952781677246,1,1
3056,2.874270439147949,2.6756646633148193,0,0
3057,2.452772617340088,2.301210641860962,0,0
3058,2.4147729873657227,2.370760440826416,1,1
3059,2.8997926712036133,2.6391608715057373,0,0
3060,3.534832000732422,3.3326973915100098,0,0
3061,3.8954806327819824,3.6595914363861084,0,0
3062,3.659604549407959,3.3287177085876465,1,1
3063,3.720102548599243,3.47754168510437,1,1
3064,3.546393632888794,3.429042339324951,1,1
3065,2.6425788402557373,2.3015522956848145,0,0
3066,3.0406506061553955,2.5463833808898926,1,1
3067,2.966939687728882,2.6798768043518066,1,1
3068,3.4267709255218506,2.989415168762207,1,1
3069,3.4097039699554443,3.159268379211426,1,1
3070,3.601553440093994,3.20666241645813,1,1
3071,3.4584996700286865,3.208184242248535,0,0
3072,3.2584917545318604,3.147171974182129,1,1
3073,2.84487247467041,2.575507640838623,0,0
3074,2.682910680770874,2.566127300262451,0,0
3075,3.2034735679626465,2.8570330142974854,1,1
3076,3.371302604675293,3.0026869773864746,0,0
3077,3.518801212310791,3.0722103118896484,0,0
3078,3.7751970291137695,3.4130730628967285,0,0
3079,3.58724045753479,3.2427847385406494,0,0
3080,3.306206703186035,2.9793386459350586,0,0
3081,4.027223110198975,3.458986520767212,1,1
3082,3.5710253715515137,3.2802371978759766,1,1
3083,3.5335423946380615,3.2822065353393555,1,1
3084,3.844499349594116,3.607062578201294,0,0
3085,3.7334628105163574,3.3687329292297363,0,0
3086,3.3369245529174805,2.977086067199707,1,1
3087,3.522143602371216,3.1099541187286377,1,1
3088,2.9106462001800537,2.8213069438934326,0,0
3089,3.1239960193634033,2.925762891769409,1,1
3090,3.129152774810791,3.0540144443511963,1,1
3091,3.087643623352051,2.872653007507324,1,1
3092,2.9854824542999268,2.7762389183044434,1,1
3093,3.3677444458007812,3.0541024208068848,0,0
3094,3.338873863220215,3.150214195251465,1,1
3095,3.493952751159668,3.286198139190674,1,1
3096,3.2802441120147705,3.1388111114501953,0,0
3097,3.061267375946045,2.940052032470703,1,1
3098,2.916795015335083,2.7264952659606934,1,1
3099,3.2089760303497314,2.8844761848449707,1,1
3100,3.278024435043335,2.8884453773498535,0,0
3101,3.1744544506073,2.872906446456909,1,1
3102,4.296069145202637,3.420243740081787,0,0
3103,2.5708582401275635,2.2441816329956055,0,0
3104,3.0301144123077393,2.8854503631591797,0,0
3105,2.851231336593628,2.764727830886841,1,1
3106,3.309053421020508,2.946059226989746,1,1
3107,3.013345718383789,2.935502052307129,0,0
3108,3.3670783042907715,3.0670723915100098,1,1
3109,2.9883387088775635,2.8967554569244385,0,0
3110,3.331545114517212,3.0314669609069824,0,0
3111,3.2875256538391113,2.9423460960388184,1,1
3112,3.417588949203491,3.1448678970336914,0,0
3113,3.1674277782440186,3.037929058074951,1,1
3114,3.588365316390991,3.321787118911743,0,0
3115,3.622415542602539,3.2805838584899902,1,1
3116,3.5336170196533203,3.353980302810669,0,0
3117,3.5565578937530518,3.252668857574463,1,1
3118,3.3417067527770996,3.1724727153778076,1,1
3119,3.6343319416046143,3.2576136589050293,1,1
3120,3.1931591033935547,2.9679625034332275,1,1
3121,3.312979221343994,3.2003870010375977,0,0
3122,3.220844030380249,3.123939275741577,0,0
3123,3.210278034210205,3.052624225616455,1,1
3124,3.1782264709472656,2.9701924324035645,1,1
3125,3.753011465072632,3.2346649169921875,1,1
3126,3.665428876876831,3.269906997680664,0,0
3127,3.562746047973633,3.2132630348205566,1,1
3128,3.6508700847625732,3.213500499725342,0,0
3129,2.9565787315368652,2.6451573371887207,0,0
3130,3.275266170501709,2.812917709350586,1,1
3131,3.471482515335083,3.025373697280884,1,1
3132,3.3915884494781494,3.0431385040283203,1,1
3133,3.2423627376556396,3.0247931480407715,1,1
3134,3.4733004570007324,3.0096511840820312,0,0
3135,3.3748111724853516,2.759096622467041,1,1
3136,3.007037878036499,2.833888530731201,1,1
3137,3.478289842605591,3.0596730709075928,0,0
3138,3.7199761867523193,3.2210299968719482,0,0
3139,3.214444637298584,2.756948471069336,0,0
3140,2.66208553314209,2.588883876800537,0,0
3141,3.092317819595337,2.913506507873535,0,0
3142,3.282534599304199,2.9099109172821045,0,0
3143,3.269291877746582,2.896017551422119,1,1
3144,3.5434670448303223,3.0644114017486572,1,1
3145,3.5887746810913086,3.3085837364196777,1,1
3146,3.6658520698547363,3.206800937652588,1,1
3147,3.4237821102142334,2.941188097000122,1,1
3148,3.5823190212249756,3.312937021255493,1,1
3149,3.744935989379883,3.4007554054260254,1,1
3150,3.719141960144043,3.2655088901519775,1,1
3151,3.484053134918213,3.147775888442993,1,1
3152,3.714711904525757,3.230232000350952,1,1
3153,3.6313235759735107,3.0668458938598633,0,0
3154,3.612739086151123,3.0963852405548096,1,1
3155,3.8889598846435547,3.3271327018737793,0,0
3156,3.7131495475769043,3.2605180740356445,1,1
3157,3.7349042892456055,3.2976622581481934,1,1
3158,3.48854660987854,3.18131947517395,0,0
3159,3.7612903118133545,3.3396058082580566,0,0
3160,3.6215016841888428,3.094788074493408,1,1
3161,3.5346624851226807,3.0925979614257812,0,0
3162,3.569512128829956,3.1371562480926514,0,0
3163,3.000805616378784,2.9215800762176514,1,1
3164,3.0482852458953857,2.854677200317383,0,0
3165,3.650703191757202,3.1260478496551514,1,1
3166,3.321173906326294,3.0139517784118652,1,1
3167,3.352367639541626,3.0085034370422363,1,1
3168,3.780202627182007,3.09332275390625,0,0
3169,3.6447348594665527,3.1375067234039307,0,0
3170,3.323296546936035,2.897569179534912,1,1
3171,3.1990957260131836,2.9612717628479004,1,1
3172,3.565141439437866,3.1009154319763184,0,0
3173,3.6174583435058594,3.02588152885437,0,0
3174,3.5415456295013428,3.2151107788085938,0,0
3175,3.4988088607788086,2.970738649368286,0,0
3176,3.1374218463897705,2.749453544616699,0,0
3177,3.21332049369812,3.05004620552063,0,0
3178,3.108917474746704,2.869313955307007,0,0
3179,3.157317876815796,2.8509888648986816,1,1
3180,2.9891278743743896,2.7272939682006836,1,1
3181,3.6103436946868896,3.2512283325195312,0,0
3182,3.4955215454101562,3.189531087875366,0,0
3183,3.7790675163269043,3.3468165397644043,0,0
3184,3.594306707382202,3.3706276416778564,0,0
3185,3.9869720935821533,3.5143723487854004,0,0
3186,3.704643726348877,3.24932599067688,0,0
3187,4.026366233825684,3.522844076156616,1,1
3188,3.9593093395233154,3.4372291564941406,1,1
3189,3.6242544651031494,3.115929365158081,0,0
3190,3.995685338973999,3.455376625061035,0,0
3191,3.6047565937042236,3.2141971588134766,0,0
3192,3.1582229137420654,2.8949551582336426,1,1
3193,3.7546536922454834,3.3092527389526367,0,0
3194,2.9295833110809326,2.6141529083251953,1,1
3195,2.9270951747894287,2.5538225173950195,0,0
3196,3.4472100734710693,3.0538487434387207,1,1
3197,3.7142326831817627,3.4383370876312256,1,1
3198,2.7841453552246094,2.793818950653076,0,0
3199,2.6627752780914307,2.5677037239074707,1,1
3200,3.29817533493042,2.952169895172119,1,1
3201,3.2119927406311035,2.8927507400512695,1,1
3202,3.071002721786499,2.973769426345825,1,1
3203,3.0685787200927734,2.9191741943359375,1,1
3204,3.0016539096832275,2.812068462371826,0,0
3205,3.2725703716278076,3.1327385902404785,0,0
3206,3.023733615875244,2.785292148590088,1,1
3207,3.0177268981933594,2.868173122406006,1,1
3208,3.253526449203491,3.038783073425293,0,0
3209,2.7454328536987305,2.5747323036193848,1,1
3210,3.0293853282928467,2.8815226554870605,1,1
3211,2.9658191204071045,2.820622682571411,0,0
3212,3.0303807258605957,2.8373899459838867,0,0
3213,3.313156843185425,2.8341457843780518,0,0
3214,3.1361842155456543,2.817904472351074,0,0
3215,3.2499382495880127,2.9979143142700195,0,0
3216,3.3181822299957275,3.122272491455078,1,1
3217,3.00370717048645,2.8013734817504883,0,0
3218,3.2286999225616455,2.8612191677093506,1,1
3219,3.127342939376831,2.8763275146484375,0,0
3220,3.3578715324401855,2.983837604522705,0,0
3221,3.2915964126586914,3.1217894554138184,1,1
3222,3.0779149532318115,2.9594430923461914,0,0
3223,3.229173421859741,3.037749767303467,0,0
3224,3.2763309478759766,3.0590176582336426,0,0
3225,3.292630434036255,3.0309572219848633,1,1
3226,3.3978848457336426,3.011202573776245,0,0
3227,3.6844093799591064,3.2112722396850586,0,0
3228,3.669360399246216,3.2311747074127197,1,1
3229,3.231729507446289,2.8445348739624023,1,1
3230,3.766631603240967,3.372654914855957,1,1
3231,3.676279306411743,3.4008312225341797,0,0
3232,3.3928494453430176,3.2020275592803955,0,0
3233,2.902726173400879,2.732466697692871,1,1
3234,3.5044050216674805,3.2331020832061768,0,0
3235,3.00866961479187,2.8628973960876465,1,1
3236,3.2874855995178223,3.186450958251953,0,0
3237,2.5916919708251953,2.3818769454956055,0,0
3238,3.4907140731811523,3.0930991172790527,1,1
3239,4.034116268157959,3.205183744430542,0,0
3240,3.0340287685394287,2.6074166297912598,0,0
3241,3.4815292358398438,3.0734896659851074,1,1
3242,3.436572551727295,3.072676658630371,1,1
3243,3.39729642868042,2.7493720054626465,0,0
3244,3.1495580673217773,2.6620893478393555,1,1
3245,3.3420002460479736,2.612180233001709,1,1
3246,3.1381924152374268,2.7222251892089844,1,1
3247,3.4369118213653564,2.9433794021606445,0,0
3248,3.709805965423584,3.164553642272949,1,1
3249,3.8451342582702637,3.4220945835113525,1,1
3250,3.266555070877075,2.9087114334106445,1,1
3251,3.6330173015594482,3.236588478088379,1,1
3252,3.604616165161133,3.135042667388916,0,0
3253,3.6087372303009033,3.174511432647705,1,1
3254,3.9845619201660156,3.5108871459960938,0,0
3255,3.7815234661102295,3.282201051712036,1,1
3256,3.99535870552063,3.664309024810791,1,1
3257,3.9156739711761475,3.5054593086242676,1,1
3258,3.358635902404785,3.0672435760498047,1,1
3259,3.412952423095703,3.133808135986328,0,0
3260,3.1405293941497803,3.118198871612549,1,1
3261,2.9264423847198486,2.739413261413574,0,0
3262,3.0637195110321045,2.850965976715088,0,0
3263,3.273340940475464,2.972825050354004,0,0
3264,3.283472776412964,3.147956371307373,1,1
3265,3.324371099472046,3.0429329872131348,1,1
3266,3.175082206726074,3.126211166381836,0,0
3267,3.516646385192871,3.187757968902588,1,1
3268,3.67561411857605,3.244257688522339,0,0
3269,3.2489778995513916,3.053537130355835,1,1
3270,3.182551622390747,3.1000173091888428,0,0
3271,2.763625383377075,2.613767623901367,0,0
3272,3.020103931427002,2.70241117477417,1,1
3273,3.0164670944213867,2.866971731185913,0,0
3274,3.161386251449585,3.0427727699279785,1,1
3275,3.2021470069885254,2.9700074195861816,1,1
3276,3.0814006328582764,2.9064226150512695,0,0
3277,2.841730833053589,2.7312190532684326,0,0
3278,2.8254239559173584,2.6516833305358887,0,0
3279,2.542773485183716,2.447615146636963,1,1
3280,2.919801950454712,2.8404059410095215,0,0
3281,2.927597999572754,2.756618022918701,0,0
3282,3.0760738849639893,2.83231782913208,1,1
3283,2.679594039916992,2.6741459369659424,0,0
3284,3.0634613037109375,2.8012094497680664,1,1
3285,3.0810024738311768,2.7384495735168457,0,0
3286,2.6765902042388916,2.5308079719543457,1,1
3287,3.102358818054199,2.8006019592285156,1,1
3288,2.7319271564483643,2.488414764404297,0,0
3289,2.9046781063079834,2.661311388015747,0,0
3290,3.0765271186828613,2.878424882888794,1,1
3291,3.524301052093506,3.2159411907196045,0,0
3292,3.6253864765167236,3.208491802215576,0,0
3293,3.5701098442077637,3.4646248817443848,0,0
3294,3.592757225036621,3.4669127464294434,0,0
3295,3.7917933464050293,3.3925814628601074,0,0
3296,3.340609073638916,3.0384678840637207,1,1
3297,3.4825775623321533,3.295742988586426,0,0
3298,3.7471425533294678,3.1465907096862793,0,0
3299,3.8398993015289307,3.364004135131836,0,0
3300,3.648435592651367,3.362619400024414,0,0
3301,4.1630682945251465,3.4602737426757812,1,1
3302,3.4980812072753906,2.994537353515625,1,1
3303,3.559638738632202,3.160900115966797,1,1
3304,3.5891036987304688,3.2984752655029297,0,0
3305,4.139671325683594,3.6648805141448975,1,1
3306,3.514953136444092,3.2424378395080566,1,1
3307,3.583643913269043,3.087879180908203,1,1
3308,3.4588663578033447,3.136404514312744,1,1
3309,3.3660099506378174,2.8815431594848633,0,0
3310,3.7593071460723877,3.4584884643554688,1,1
3311,3.9510657787323,3.4104385375976562,1,1
3312,3.62479829788208,3.365055561065674,0,0
3313,3.5747668743133545,3.4545114040374756,1,1
3314,3.290226936340332,3.078796625137329,1,1
3315,3.24282169342041,3.1166281700134277,1,1
3316,3.3665521144866943,3.2280144691467285,1,1
3317,3.230858087539673,3.077970504760742,1,1
3318,3.433225393295288,3.0719566345214844,0,0
3319,3.6272525787353516,3.1746301651000977,1,1
3320,3.436835289001465,3.246227264404297,0,0
3321,3.089942693710327,2.9020943641662598,1,1
3322,3.3310892581939697,2.8346993923187256,0,0
3323,3.3701388835906982,2.958514451980591,0,0
3324,3.737278938293457,3.190845489501953,1,1
3325,3.356431484222412,2.9961981773376465,1,1
3326,3.296905040740967,3.028595209121704,0,0
3327,3.4612932205200195,3.1121907234191895,0,0
3328,3.0815272331237793,2.89589786529541,0,0
3329,3.8865206241607666,3.140120506286621,1,1
3330,3.2996652126312256,3.093761920928955,0,0
3331,3.3896324634552,3.0546822547912598,1,1
3332,2.716243267059326,2.8069827556610107,1,1
3333,2.863311529159546,2.9561614990234375,0,0
3334,2.7827353477478027,2.7511179447174072,0,0
3335,2.6409051418304443,2.7162506580352783,1,1
3336,2.668304681777954,2.701725482940674,1,1
3337,2.749605178833008,2.708315849304199,0,0
3338,2.682823896408081,2.5760769844055176,1,1
3339,2.4537312984466553,2.4671194553375244,1,1
3340,2.3934361934661865,2.384521961212158,1,1
3341,2.3305070400238037,2.3678104877471924,1,1
3342,2.4691104888916016,2.375955581665039,1,1
3343,2.954315185546875,2.6370859146118164,0,0
3344,2.681969404220581,2.3860840797424316,0,0
3345,3.0945522785186768,2.8575456142425537,1,1
3346,3.0206899642944336,3.1470589637756348,1,1
3347,3.514047384262085,3.1644577980041504,1,1
3348,3.6386024951934814,3.429462432861328,1,1
3349,3.1574907302856445,2.9937057495117188,0,0
3350,3.0315799713134766,3.012753486633301,1,1
3351,3.2114038467407227,3.0578110218048096,1,1
3352,3.592498302459717,3.0866055488586426,1,1
3353,3.2654879093170166,2.982309341430664,1,1
3354,3.524609088897705,3.0899720191955566,1,1
3355,3.0914249420166016,2.7640023231506348,0,0
3356,3.1348602771759033,2.8875210285186768,1,1
3357,3.330259084701538,3.108358383178711,1,1
3358,3.4061546325683594,3.1967873573303223,0,0
3359,3.2069003582000732,2.9996135234832764,1,1
3360,3.3930187225341797,3.191494941711426,0,0
3361,3.2436916828155518,2.7955384254455566,0,0
3362,3.484912872314453,3.1728038787841797,1,1
3363,3.2572457790374756,2.9491751194000244,1,1
3364,3.2514891624450684,3.0142552852630615,0,0
3365,3.6094107627868652,2.9554996490478516,0,0
3366,3.626901626586914,3.0751986503601074,1,1
3367,3.6198368072509766,3.2161571979522705,1,1
3368,2.670969247817993,2.4408082962036133,0,0
3369,2.8083460330963135,2.595235586166382,0,0
3370,3.4761946201324463,3.157329559326172,1,1
3371,3.422276258468628,2.96968936920166,1,1
3372,3.393702983856201,2.963697910308838,1,1
3373,3.227189064025879,3.0468862056732178,1,1
3374,3.264695882797241,3.0563364028930664,0,0
3375,3.45853328704834,3.266453742980957,0,0
3376,4.13384485244751,3.773564577102661,1,1
3377,3.7789785861968994,3.586418867111206,1,1
3378,3.3913369178771973,3.3056163787841797,0,0
3379,3.644874334335327,3.6503307819366455,1,1
3380,3.808290958404541,3.4864609241485596,1,1
3381,3.8139333724975586,3.6009702682495117,1,1
3382,3.6630706787109375,3.518749713897705,0,0
3383,3.5428929328918457,3.002363681793213,1,1
3384,3.9460158348083496,3.6066930294036865,1,1
3385,3.4312663078308105,3.237302780151367,0,0
3386,3.6324708461761475,3.238818645477295,0,0
3387,3.291195869445801,3.143890380859375,0,0
3388,3.8388025760650635,3.2948575019836426,1,1
3389,3.508086681365967,3.3389596939086914,1,1
3390,3.5553011894226074,3.2454676628112793,1,1
3391,3.651735544204712,3.501181125640869,1,1
3392,3.5308918952941895,3.225611925125122,0,0
3393,3.0377070903778076,2.9691250324249268,1,1
3394,3.4091837406158447,3.053041458129883,1,1
3395,3.447648525238037,3.236464738845825,0,0
3396,3.2283852100372314,3.0091776847839355,0,0
3397,3.4558348655700684,3.124979019165039,1,1
3398,3.375535488128662,3.0290699005126953,0,0
3399,3.3463687896728516,2.973318099975586,1,1
3400,3.4937803745269775,3.2914419174194336,1,1
3401,3.5203802585601807,3.2173023223876953,1,1
3402,3.4534103870391846,3.378530502319336,0,0
3403,3.5436275005340576,3.2531075477600098,1,1
3404,3.191094160079956,3.1113574504852295,1,1
3405,3.6421706676483154,3.3387985229492188,0,0
3406,2.840729236602783,2.700259208679199,0,0
3407,2.930748224258423,2.27224063873291,1,1
3408,2.9565699100494385,2.5586278438568115,0,0
3409,3.073643684387207,2.759364604949951,0,0
3410,3.707181453704834,3.206597328186035,1,1
3411,3.4248061180114746,3.066445827484131,0,0
3412,3.9749257564544678,3.4870152473449707,1,1
3413,3.1647133827209473,3.0348074436187744,0,0
3414,3.356318712234497,3.0285792350769043,0,0
3415,2.7998547554016113,2.552753210067749,0,0
3416,3.195340394973755,2.8498027324676514,0,0
3417,3.052563428878784,2.680534839630127,1,1
3418,3.273797035217285,2.9759926795959473,1,1
3419,3.508063554763794,3.06386137008667,1,1
3420,3.018183946609497,2.923140048980713,0,0
3421,3.5761592388153076,3.208984375,1,1
3422,3.240966796875,3.0246832370758057,0,0
3423,3.5055043697357178,3.2530879974365234,1,1
3424,2.9436402320861816,2.75925350189209,1,1
3425,3.4553909301757812,3.1357500553131104,0,0
3426,3.5643603801727295,3.2691714763641357,0,0
3427,3.28425669670105,2.8954312801361084,0,0
3428,3.4178264141082764,3.022169828414917,0,0
3429,3.6033761501312256,3.371469736099243,0,0
3430,3.564857006072998,3.157778739929199,0,0
3431,3.200124740600586,2.941068649291992,1,1
3432,3.065068483352661,3.000676155090332,0,0
3433,3.3518197536468506,2.9784398078918457,1,1
3434,3.323737144470215,2.990344524383545,1,1
3435,3.177656650543213,3.0680923461914062,0,0
3436,3.4341824054718018,3.167874813079834,0,0
3437,3.1850805282592773,2.8841962814331055,1,1
3438,3.4394912719726562,2.998807907104492,1,1
3439,3.304959535598755,3.067918300628662,0,0
3440,3.493427276611328,3.2263851165771484,0,0
3441,3.1081061363220215,2.8463833332061768,0,0
3442,3.1630699634552,3.1120755672454834,1,1
3443,3.1913533210754395,3.0394930839538574,0,0
3444,2.9400856494903564,2.6186323165893555,0,0
3445,3.400501012802124,3.245666027069092,0,0
3446,3.882014036178589,3.425227642059326,0,0
3447,3.557023048400879,3.234257459640503,1,1
3448,3.6031782627105713,3.197101593017578,0,0
3449,3.3525381088256836,3.2310476303100586,0,0
3450,3.5718486309051514,3.244724988937378,1,1
3451,3.304558038711548,3.0771548748016357,1,1
3452,2.6879806518554688,2.696399688720703,0,0
3453,3.415215253829956,3.0256123542785645,0,0
3454,3.143190622329712,2.883862257003784,1,1
3455,2.9482200145721436,2.8451356887817383,1,1
3456,3.4246702194213867,3.223616600036621,1,1
3457,3.02122163772583,2.98970890045166,0,0
3458,2.9677016735076904,2.9891443252563477,1,1
3459,3.1014909744262695,3.04850172996521,1,1
3460,3.0624001026153564,3.132523536682129,0,0
3461,2.7260210514068604,2.785918951034546,1,1
3462,2.8068301677703857,2.695244550704956,0,0
3463,2.935741424560547,2.7098493576049805,0,0
3464,2.9814162254333496,2.885244846343994,0,0
3465,3.4244940280914307,3.345395088195801,0,0
3466,3.4384677410125732,3.253704309463501,0,0
3467,3.5638835430145264,3.3500325679779053,0,0
3468,3.162466287612915,3.1600258350372314,0,0
3469,3.3907880783081055,3.337512493133545,0,0
3470,3.248312473297119,3.297595739364624,0,0
3471,3.1256186962127686,3.02561354637146,1,1
3472,3.4273061752319336,3.3121018409729004,0,0
3473,3.5239222049713135,3.323500156402588,0,0
3474,3.040943145751953,3.1045656204223633,0,0
3475,3.5238137245178223,3.30387544631958,0,0
3476,3.2992136478424072,3.025282859802246,0,0
3477,3.5343453884124756,3.338268518447876,1,1
3478,3.3633151054382324,3.2481260299682617,0,0
3479,3.362901449203491,3.2226171493530273,1,1
3480,3.5706448554992676,3.3450136184692383,0,0
3481,3.4218626022338867,3.342586040496826,1,1
3482,3.3829665184020996,3.1916964054107666,0,0
3483,3.069855213165283,3.046177625656128,1,1
3484,3.230175495147705,3.135801315307617,0,0
3485,3.414401054382324,3.035118579864502,1,1
3486,3.341902494430542,2.87209415435791,1,1
3487,3.51652193069458,3.142106056213379,1,1
3488,3.5424318313598633,3.113375186920166,0,0
3489,3.72284197807312,3.1659927368164062,0,0
3490,3.3710718154907227,3.0670948028564453,0,0
3491,3.5471343994140625,3.089411735534668,0,0
3492,3.3498404026031494,2.7829253673553467,0,0
3493,3.6658220291137695,3.330561637878418,1,1
3494,3.104822874069214,2.8590126037597656,0,0
3495,4.05340576171875,3.3193249702453613,1,1
3496,3.83195424079895,3.4051942825317383,1,1
3497,3.8183720111846924,3.339452028274536,1,1
3498,3.676067590713501,3.336068868637085,0,0
3499,3.693033218383789,3.373234272003174,1,1
3500,3.7873685359954834,3.3988704681396484,0,0
3501,3.521228313446045,3.198333740234375,1,1
3502,3.6446194648742676,3.312714099884033,0,0
3503,3.5220184326171875,3.3086228370666504,0,0
3504,3.4091379642486572,3.1847569942474365,1,1
3505,3.5046417713165283,3.0893654823303223,0,0
3506,3.0088162422180176,2.751115083694458,1,1
3507,3.1299562454223633,2.9779698848724365,0,0
3508,2.895507335662842,2.561674118041992,0,0
3509,2.910813570022583,2.5846571922302246,0,0
3510,3.108863592147827,2.7831156253814697,0,0
3511,3.2059454917907715,2.832857847213745,1,1
3512,3.207071542739868,2.969688892364502,1,1
3513,3.0810554027557373,3.013641834259033,1,1
3514,3.2658143043518066,2.989427089691162,0,0
3515,3.3538570404052734,3.063015937805176,0,0
3516,3.112886905670166,2.770552635192871,0,0
3517,3.32169508934021,3.0193121433258057,1,1
3518,3.457632064819336,3.150543212890625,1,1
3519,3.4936139583587646,3.078517436981201,0,0
3520,3.6461403369903564,3.184973955154419,0,0
3521,3.5041685104370117,3.2134592533111572,1,1
3522,3.299520492553711,2.991870880126953,1,1
3523,3.2926478385925293,2.9669981002807617,1,1
3524,3.2062008380889893,3.0208029747009277,1,1
3525,3.192837715148926,2.9216811656951904,0,0
3526,3.4786126613616943,3.020024538040161,0,0
3527,3.900573492050171,3.2114417552948,0,0
3528,3.169394016265869,3.0656991004943848,0,0
3529,3.83003568649292,3.4843318462371826,1,1
3530,3.491971492767334,3.3965003490448,1,1
3531,3.6419713497161865,3.311769962310791,1,1
3532,3.7750513553619385,3.4645557403564453,0,0
3533,3.993002414703369,3.6781091690063477,0,0
3534,3.6030399799346924,3.438598871231079,1,1
3535,3.34916615486145,2.905640125274658,1,1
3536,3.284778118133545,2.8929262161254883,0,0
3537,3.209460973739624,2.813072919845581,0,0
3538,3.431671380996704,3.0328519344329834,0,0
3539,3.461170196533203,3.24349308013916,0,0
3540,3.198570728302002,2.865082263946533,1,1
3541,3.4107861518859863,3.1452102661132812,0,0
3542,3.7248198986053467,3.077671766281128,0,0
3543,3.301079511642456,2.967071771621704,0,0
3544,3.244191884994507,2.573334217071533,1,1
3545,3.0249178409576416,2.7434446811676025,0,0
3546,3.4086787700653076,3.122575283050537,1,1
3547,3.686037302017212,3.24700665473938,1,1
3548,3.653848648071289,3.2016448974609375,1,1
3549,3.573848247528076,3.168195962905884,0,0
3550,3.2934675216674805,2.8855373859405518,0,0
3551,3.260061264038086,3.0330166816711426,0,0
3552,4.366674423217773,3.404470443725586,0,0
3553,3.4948391914367676,3.289173126220703,0,0
3554,2.8378818035125732,2.4138317108154297,0,0
3555,2.9127755165100098,2.5064878463745117,0,0
3556,2.6313436031341553,2.3908605575561523,0,0
3557,3.1305949687957764,2.5126638412475586,1,1
3558,3.355142831802368,2.8526830673217773,1,1
3559,3.0897092819213867,2.7321953773498535,0,0
3560,3.1728734970092773,2.4926819801330566,0,0
3561,2.8078503608703613,2.3032097816467285,1,1
3562,3.5370686054229736,3.0108823776245117,0,0
3563,2.9188857078552246,2.700866222381592,1,1
3564,2.9771344661712646,2.4356231689453125,0,0
3565,2.7649405002593994,2.5489792823791504,0,0
3566,3.335129499435425,2.6958236694335938,0,0
3567,3.214221715927124,2.68471622467041,1,1
3568,3.2535362243652344,2.9008097648620605,1,1
3569,3.2661428451538086,2.9809508323669434,0,0
3570,3.370382308959961,2.9233336448669434,0,0
3571,3.1768321990966797,2.8291783332824707,0,0
3572,3.478916883468628,2.9540205001831055,1,1
3573,3.500377655029297,3.331818103790283,1,1
3574,3.514355421066284,3.3236136436462402,0,0
3575,3.1916215419769287,2.7998013496398926,1,1
3576,3.3205623626708984,3.2085468769073486,1,1
3577,3.465149164199829,3.1468992233276367,0,0
3578,3.3251187801361084,3.314000129699707,0,0
3579,3.824636936187744,3.5497050285339355,0,0
3580,3.690194845199585,3.3069686889648438,1,1
3581,3.0110981464385986,2.884721279144287,1,1
3582,3.0476841926574707,2.978372097015381,0,0
3583,3.6154558658599854,3.200852155685425,0,0
3584,3.057029962539673,2.7018535137176514,0,0
3585,3.320190906524658,3.039402723312378,0,0
3586,3.4407427310943604,3.244243621826172,0,0
3587,3.448992967605591,3.1749448776245117,1,1
3588,2.7408480644226074,2.5628089904785156,0,0
3589,2.7694525718688965,2.5512406826019287,1,1
3590,3.1029891967773438,2.88554310798645,0,0
3591,3.171936511993408,3.022554636001587,0,0
3592,2.958003282546997,2.726377487182617,0,0
3593,3.1090941429138184,2.792881965637207,1,1
3594,3.066791296005249,2.764723539352417,0,0
3595,2.6768107414245605,2.626582622528076,0,0
3596,2.9682564735412598,2.7249815464019775,0,0
3597,3.1322526931762695,2.7335660457611084,0,0
3598,2.9336657524108887,2.711257219314575,1,1
3599,2.9328415393829346,2.666477680206299,1,1
3600,3.129249334335327,2.912982940673828,0,0
3601,2.6258599758148193,2.6364755630493164,0,0
3602,2.780809164047241,2.5217535495758057,1,1
3603,3.571608543395996,3.0643348693847656,0,0
3604,2.690056562423706,2.572352886199951,0,0
3605,3.1259384155273438,2.9425361156463623,1,1
3606,3.15708327293396,3.004154682159424,1,1
3607,4.175943851470947,3.861748218536377,1,1
3608,4.019798278808594,3.5828051567077637,1,1
3609,3.5241503715515137,3.406569004058838,1,1
3610,3.6686158180236816,3.287123203277588,0,0
3611,3.4743540287017822,3.2815942764282227,0,0
3612,2.8543739318847656,2.7775440216064453,0,0
3613,3.06713604927063,2.81058406829834,0,0
3614,3.639936685562134,3.317782402038574,1,1
3615,3.697305202484131,3.5000085830688477,1,1
3616,3.332064628601074,3.264939785003662,0,0
3617,3.355900526046753,3.3212432861328125,1,1
3618,3.034188985824585,2.8510499000549316,1,1
3619,3.2208056449890137,3.102804660797119,0,0
3620,4.231080055236816,3.661341667175293,0,0
3621,3.860813617706299,3.4443013668060303,1,1
3622,3.515289306640625,3.344322681427002,0,0
3623,2.912105083465576,2.6884846687316895,1,1
3624,2.8562614917755127,2.5025031566619873,1,1
3625,2.933776378631592,2.8073434829711914,0,0
3626,3.2147064208984375,2.9753940105438232,1,1
3627,3.6501009464263916,3.251307487487793,0,0
3628,3.813744306564331,3.528256893157959,0,0
3629,3.3270695209503174,2.914790630340576,0,0
3630,2.3368940353393555,2.191220998764038,1,1
3631,3.566789388656616,3.422800302505493,0,0
3632,3.215583562850952,3.0420565605163574,1,1
3633,3.0649240016937256,2.880676507949829,1,1
3634,3.255958318710327,3.092700719833374,0,0
3635,2.9902901649475098,2.932096004486084,1,1
3636,3.517397880554199,3.262197494506836,0,0
3637,3.412482976913452,3.2627313137054443,0,0
3638,3.7941393852233887,3.344119071960449,1,1
3639,3.4085230827331543,3.244159698486328,0,0
3640,3.7959721088409424,3.420103073120117,0,0
3641,3.5204837322235107,3.3377175331115723,0,0
3642,3.450998306274414,3.3044333457946777,1,1
3643,3.7018983364105225,3.3901681900024414,1,1
3644,3.368755340576172,3.2423508167266846,1,1
3645,3.696058750152588,3.2547130584716797,1,1
3646,3.4592761993408203,3.2522168159484863,1,1
3647,3.391603469848633,3.0321736335754395,0,0
3648,3.5429961681365967,3.140327215194702,0,0
3649,3.773512601852417,3.2257916927337646,0,0
3650,4.065945148468018,3.4598002433776855,0,0
3651,3.535102605819702,3.0676212310791016,0,0
3652,3.538374900817871,3.1136178970336914,1,1
3653,3.262739896774292,3.119574785232544,1,1
3654,3.782855987548828,3.4112820625305176,0,0
3655,3.431490659713745,3.164639472961426,0,0
3656,3.5724573135375977,3.3561830520629883,0,0
3657,3.4201769828796387,3.223451614379883,1,1
3658,3.384650230407715,3.4557528495788574,1,1
3659,3.1765103340148926,2.8905892372131348,1,1
3660,2.7812163829803467,2.6510863304138184,1,1
3661,3.483369827270508,3.373394012451172,0,0
3662,3.6820921897888184,3.203153133392334,1,1
3663,3.2508389949798584,2.943690776824951,0,0
3664,3.7865123748779297,3.1842291355133057,1,1
3665,3.784494638442993,3.309624671936035,1,1
3666,3.2237653732299805,2.861959934234619,1,1
3667,2.995410442352295,2.244114398956299,1,1
3668,3.2635233402252197,2.554893970489502,1,1
3669,3.491292715072632,2.8030314445495605,1,1
3670,3.68066668510437,3.23628306388855,0,0
3671,3.501624584197998,3.1052424907684326,1,1
3672,3.308490037918091,3.025646686553955,0,0
3673,3.230543851852417,3.0466701984405518,1,1
3674,3.6392478942871094,3.1214375495910645,0,0
3675,3.2840569019317627,2.926546573638916,1,1
3676,3.264150619506836,3.058133602142334,0,0
3677,3.1926112174987793,3.032444953918457,0,0
3678,3.076334238052368,2.989487409591675,1,1
3679,3.187413215637207,2.9892163276672363,1,1
3680,3.0984671115875244,3.07613468170166,0,0
3681,3.318751811981201,3.316236972808838,1,1
3682,3.5352354049682617,3.433108329772949,0,0
3683,3.5231659412384033,3.3399038314819336,1,1
3684,3.589409589767456,3.3323891162872314,1,1
3685,3.8388009071350098,3.5113744735717773,1,1
3686,3.2895150184631348,3.0404915809631348,1,1
3687,3.1999106407165527,2.781374931335449,0,0
3688,3.3771986961364746,3.074288845062256,0,0
3689,3.6535074710845947,3.0882112979888916,0,0
3690,3.4523768424987793,3.1429710388183594,1,1
3691,3.5675199031829834,3.2761261463165283,0,0
3692,3.5386180877685547,3.14013409614563,0,0
3693,3.558195114135742,3.141606330871582,0,0
3694,3.594663381576538,3.188347816467285,0,0
3695,3.661494016647339,3.12857723236084,1,1
3696,3.303924083709717,2.946281909942627,0,0
3697,3.4475414752960205,3.073941707611084,0,0
3698,2.7266454696655273,2.592245101928711,0,0
3699,2.8758039474487305,2.7715046405792236,0,0
3700,3.3054165840148926,3.0912184715270996,0,0
3701,3.583159923553467,3.1013641357421875,0,0
3702,3.2312169075012207,2.9645113945007324,1,1
3703,3.518423318862915,3.1905314922332764,1,1
3704,3.653557777404785,3.4403553009033203,0,0
3705,3.781316041946411,3.40858793258667,0,0
3706,3.546628713607788,3.3013756275177,1,1
3707,3.7215702533721924,3.1979479789733887,1,1
3708,3.5372307300567627,3.314502477645874,1,1
3709,3.528043270111084,3.3279337882995605,1,1
3710,3.576470375061035,3.298823833465576,1,1
3711,3.6785717010498047,3.351353168487549,1,1
3712,3.732034683227539,3.345543384552002,0,0
3713,3.494072198867798,3.0327324867248535,0,0
3714,3.570559501647949,3.2516136169433594,0,0
3715,3.6038310527801514,3.199709892272949,0,0
3716,3.6917800903320312,3.2222275733947754,0,0
3717,3.412944793701172,3.022540330886841,0,0
3718,3.4853880405426025,3.2754158973693848,0,0
3719,2.8131332397460938,2.6270456314086914,1,1
3720,2.9902641773223877,2.7857120037078857,0,0
3721,3.388888359069824,3.0826385021209717,1,1
3722,2.652435541152954,2.7261247634887695,0,0
3723,3.2574222087860107,3.2516160011291504,0,0
3724,3.2060978412628174,3.1537065505981445,0,0
3725,3.2705788612365723,2.901242256164551,1,1
3726,3.1417722702026367,2.9789223670959473,0,0
3727,3.318767547607422,3.0026769638061523,0,0
3728,3.069129705429077,3.0067625045776367,0,0
3729,3.2890546321868896,3.136718988418579,1,1
3730,3.115992546081543,2.957385540008545,1,1
3731,3.1524293422698975,2.8806655406951904,0,0
3732,3.3543124198913574,3.172883987426758,1,1
3733,3.406247615814209,3.0871901512145996,0,0
3734,3.514824390411377,3.2562458515167236,0,0
3735,3.2790613174438477,3.125978708267212,1,1
3736,2.3053319454193115,2.2924723625183105,1,1
3737,3.4142658710479736,3.2323110103607178,0,0
3738,3.2013051509857178,3.2441623210906982,0,0
3739,3.2682595252990723,2.7745392322540283,0,0
3740,3.313607931137085,2.7503557205200195,0,0
3741,3.1724703311920166,2.8773064613342285,1,1
3742,3.245062828063965,3.1131551265716553,0,0
3743,3.5771970748901367,3.1389153003692627,1,1
3744,3.585094690322876,3.2870981693267822,0,0
3745,3.9478185176849365,2.8285727500915527,1,1
3746,4.328219413757324,3.005917549133301,1,1
3747,3.173264980316162,3.216531276702881,1,1
3748,3.5836496353149414,3.3849427700042725,1,1
3749,3.1616740226745605,3.061695098876953,1,1
3750,3.5079832077026367,3.179220199584961,0,0
3751,3.264984130859375,2.9181079864501953,1,1
3752,3.1477556228637695,2.759612560272217,0,0
3753,3.135713577270508,2.926304340362549,1,1
3754,3.2997562885284424,3.1224703788757324,0,0
3755,3.0706613063812256,2.8358747959136963,0,0
3756,3.6487743854522705,3.3638694286346436,1,1
3757,3.4030795097351074,3.149451494216919,0,0
3758,3.512497901916504,3.0978031158447266,0,0
3759,2.9060256481170654,2.727402925491333,0,0
3760,3.739164113998413,3.1803126335144043,1,1
3761,3.4678566455841064,3.3703622817993164,0,0
3762,3.6160378456115723,3.2513580322265625,1,1
3763,3.0314698219299316,2.742751121520996,1,1
3764,3.4927806854248047,2.9902572631835938,0,0
3765,3.227044105529785,2.9365601539611816,0,0
3766,3.8509421348571777,3.1565194129943848,0,0
3767,3.584690570831299,2.990355968475342,0,0
3768,3.212770700454712,2.7569375038146973,0,0
3769,3.5066022872924805,2.797638416290283,0,0
3770,2.970033884048462,2.802865982055664,0,0
3771,3.2505650520324707,2.88942813873291,0,0
3772,3.3899333477020264,3.022677421569824,0,0
3773,3.4469478130340576,3.194429397583008,1,1
3774,3.7581515312194824,3.4252407550811768,0,0
3775,3.411525249481201,3.238341808319092,0,0
3776,3.5745835304260254,3.248389959335327,0,0
3777,3.8198513984680176,3.539175510406494,0,0
3778,3.0005576610565186,2.8881118297576904,1,1
3779,3.635065793991089,3.3239951133728027,1,1
3780,3.3951358795166016,3.049696683883667,0,0
3781,3.3788974285125732,2.994640350341797,0,0
3782,3.1901633739471436,3.0661354064941406,1,1
3783,3.655052900314331,3.1585683822631836,0,0
3784,3.36161470413208,3.096545696258545,0,0
3785,3.5860073566436768,3.069965362548828,0,0
3786,3.6995420455932617,3.192028045654297,0,0
3787,3.6155664920806885,3.1272125244140625,0,0
3788,3.772382974624634,3.2451610565185547,0,0
3789,3.992100954055786,3.3388986587524414,0,0
3790,3.794649362564087,3.277681350708008,0,0
3791,3.0476572513580322,2.874056816101074,1,1
3792,3.489621877670288,3.0769214630126953,1,1
3793,3.0354199409484863,2.8314037322998047,0,0
3794,2.871506452560425,2.5155906677246094,1,1
3795,2.6991806030273438,2.6587679386138916,0,0
3796,3.2903451919555664,3.025350570678711,1,1
3797,3.391465663909912,3.125135660171509,1,1
3798,3.1270651817321777,3.1267216205596924,0,0
3799,3.398362874984741,3.168816566467285,0,0
3800,3.3962364196777344,3.2641360759735107,1,1
3801,3.36816668510437,3.2081499099731445,1,1
3802,3.114780902862549,3.0356521606445312,0,0
3803,3.2637624740600586,3.081084728240967,0,0
3804,3.2860169410705566,3.118807792663574,0,0
3805,3.741285800933838,3.4410977363586426,1,1
3806,3.3413922786712646,3.253668785095215,1,1
3807,3.3272719383239746,3.0841784477233887,1,1
3808,3.169780969619751,2.945711374282837,0,0
3809,2.9985973834991455,2.973644256591797,0,0
3810,3.1601288318634033,3.026507616043091,0,0
3811,3.418001174926758,3.1378660202026367,0,0
3812,3.0383341312408447,2.974792957305908,0,0
3813,2.837613821029663,2.8862037658691406,0,0
3814,3.148400068283081,3.020707607269287,1,1
3815,3.189685106277466,3.1975464820861816,1,1
3816,3.4950954914093018,3.1191418170928955,0,0
3817,3.3272221088409424,3.078361749649048,0,0
3818,3.484096050262451,3.1911561489105225,1,1
3819,3.053100347518921,3.052460193634033,0,0
3820,3.4027652740478516,2.9919533729553223,0,0
3821,3.357343912124634,2.9846858978271484,1,1
3822,3.4512903690338135,3.010823965072632,1,1
3823,3.7116217613220215,3.268968343734741,1,1
3824,2.9497416019439697,2.6479382514953613,0,0
3825,3.1361939907073975,3.016547441482544,0,0
3826,2.8170011043548584,2.640974283218384,1,1
3827,3.503209352493286,3.0140202045440674,1,1
3828,3.112586498260498,2.8793106079101562,0,0
3829,3.2332799434661865,3.0174431800842285,1,1
3830,3.1025195121765137,2.938488006591797,0,0
3831,3.454547882080078,3.0128254890441895,1,1
3832,2.6460485458374023,2.3844857215881348,1,1
3833,2.9606058597564697,2.4892327785491943,0,0
3834,3.650986433029175,3.1171600818634033,0,0
3835,3.583803653717041,3.344533920288086,0,0
3836,3.2872724533081055,2.9430484771728516,0,0
3837,3.278761386871338,2.9368085861206055,0,0
3838,2.776069164276123,2.6108298301696777,0,0
3839,3.6238114833831787,3.0496792793273926,0,0
3840,3.933750629425049,3.458327054977417,1,1
3841,3.3998680114746094,3.0025088787078857,0,0
3842,3.2428314685821533,2.8793764114379883,1,1
3843,3.0197744369506836,2.8207356929779053,1,1
3844,3.108914852142334,2.8666019439697266,0,0
3845,3.021484136581421,2.7907650470733643,0,0
3846,3.3763461112976074,2.743649959564209,0,0
3847,2.9915387630462646,2.774012804031372,0,0
3848,3.3072357177734375,2.806972026824951,0,0
3849,3.373102903366089,2.8690574169158936,1,1
3850,2.9926631450653076,2.5486769676208496,1,1
3851,3.2402102947235107,2.866145372390747,0,0
3852,3.1990628242492676,2.78568696975708,0,0
3853,3.33467960357666,2.9386916160583496,1,1
3854,3.3129608631134033,2.9211676120758057,1,1
3855,3.3317856788635254,2.9829514026641846,0,0
3856,3.221801280975342,2.932896614074707,0,0
3857,3.735858201980591,3.304978847503662,0,0
3858,3.6247830390930176,3.119535207748413,1,1
3859,3.4428305625915527,3.113464593887329,0,0
3860,3.5876874923706055,3.138336181640625,0,0
3861,3.7695586681365967,3.364981174468994,0,0
3862,3.415992259979248,3.047698497772217,1,1
3863,3.2996106147766113,3.146918773651123,0,0
3864,3.3268628120422363,3.127169370651245,1,1
3865,3.295433759689331,3.2061922550201416,1,1
3866,3.5099618434906006,3.153055191040039,1,1
3867,3.4629387855529785,3.2307515144348145,1,1
3868,3.7880606651306152,3.374239444732666,0,0
3869,3.6164443492889404,3.5980639457702637,1,1
3870,3.9174978733062744,3.59355092048645,0,0
3871,3.563347816467285,3.3793139457702637,0,0
3872,3.327529191970825,3.1356122493743896,0,0
3873,3.4908154010772705,3.1973283290863037,1,1
3874,3.4565086364746094,3.319828510284424,0,0
3875,3.8295986652374268,3.5349369049072266,0,0
3876,3.892125368118286,3.527581214904785,1,1
3877,3.5403974056243896,3.292395830154419,1,1
3878,3.75736927986145,3.334095001220703,0,0
3879,3.5009443759918213,3.16192364692688,0,0
3880,3.4727845191955566,3.273265838623047,1,1
3881,3.6605091094970703,3.299569606781006,0,0
3882,3.8019602298736572,3.5549306869506836,0,0
3883,3.7480340003967285,3.291717529296875,0,0
3884,3.353827476501465,3.243093252182007,1,1
3885,3.3362843990325928,3.249974489212036,1,1
3886,3.034266471862793,2.8362531661987305,0,0
3887,3.3865532875061035,3.183375597000122,1,1
3888,3.32824969291687,3.0161852836608887,0,0
3889,3.5351223945617676,3.0990042686462402,1,1
3890,3.350639581680298,2.89255952835083,0,0
3891,3.5158679485321045,3.1030631065368652,1,1
3892,3.3457961082458496,3.148163318634033,0,0
3893,3.1617414951324463,3.066720724105835,1,1
3894,3.4373679161071777,3.0370371341705322,0,0
3895,3.7455339431762695,3.4854345321655273,1,1
3896,3.825605869293213,3.7229647636413574,1,1
3897,3.653602123260498,3.391364097595215,0,0
3898,3.139267921447754,3.0400729179382324,1,1
3899,3.4713046550750732,3.2781002521514893,0,0
3900,3.537076473236084,3.2433953285217285,1,1
3901,3.7088911533355713,3.4405643939971924,0,0
3902,3.389875888824463,3.167797803878784,1,1
3903,3.3102285861968994,3.1031508445739746,1,1
3904,3.4732930660247803,3.1868371963500977,0,0
3905,3.2582294940948486,2.8409557342529297,0,0
3906,3.7042877674102783,3.243582248687744,1,1
3907,3.552077293395996,3.1744377613067627,0,0
3908,3.797398567199707,3.350630044937134,1,1
3909,3.9552767276763916,3.484734058380127,0,0
3910,3.7432308197021484,3.360987663269043,1,1
3911,3.675434112548828,3.3840529918670654,1,1
3912,4.047687530517578,3.5275166034698486,0,0
3913,3.815936326980591,3.5029330253601074,0,0
3914,3.738621950149536,3.4399871826171875,1,1
3915,3.7175865173339844,3.383434295654297,0,0
3916,3.636375904083252,3.559399127960205,0,0
3917,3.9543395042419434,3.5923657417297363,1,1
3918,3.5356483459472656,3.425407648086548,1,1
3919,3.657162666320801,3.3595638275146484,1,1
3920,2.851388692855835,2.7547214031219482,1,1
3921,3.519912004470825,3.2213659286499023,0,0
3922,3.461730480194092,3.3046579360961914,0,0
3923,3.453765392303467,3.305307388305664,1,1
3924,3.455082416534424,3.3528332710266113,0,0
3925,3.268084764480591,3.1442081928253174,0,0
3926,3.105637550354004,2.8944272994995117,1,1
3927,3.1880040168762207,3.000225305557251,0,0
3928,3.372816801071167,3.205138683319092,1,1
3929,3.34407901763916,3.166865825653076,0,0
3930,3.8438775539398193,3.6931614875793457,1,1
3931,3.7252357006073,3.670071840286255,1,1
3932,3.370675802230835,3.2305126190185547,0,0
3933,3.6126861572265625,3.376333475112915,1,1
3934,3.6616079807281494,3.24383282661438,1,1
3935,3.5039548873901367,3.278759241104126,1,1
3936,3.3490757942199707,3.1277294158935547,0,0
3937,3.4361329078674316,3.263411521911621,1,1
3938,3.605989694595337,3.3812174797058105,1,1
3939,3.3014650344848633,3.179600954055786,1,1
3940,3.0194880962371826,3.0124669075012207,0,0
3941,3.5710608959198,3.2517685890197754,0,0
3942,3.3693881034851074,3.3024420738220215,0,0
3943,2.9354429244995117,2.679821491241455,1,1
3944,3.303710699081421,3.1152610778808594,1,1
3945,3.487494468688965,3.1680099964141846,1,1
3946,3.447598695755005,3.2509756088256836,0,0
3947,3.8225393295288086,3.2385096549987793,1,1
3948,3.5214974880218506,3.0643537044525146,0,0
3949,3.555706262588501,3.2231674194335938,0,0
3950,3.4636149406433105,2.9882984161376953,1,1
3951,3.1541457176208496,2.9357903003692627,0,0
3952,3.5330843925476074,3.334163188934326,1,1
3953,3.6100106239318848,3.251344919204712,0,0
3954,3.7906696796417236,3.244691848754883,1,1
3955,3.5809497833251953,3.043140172958374,0,0
3956,3.5943682193756104,3.33929443359375,1,1
3957,3.563446044921875,3.3572757244110107,0,0
3958,3.96522855758667,3.5608644485473633,1,1
3959,3.7623581886291504,3.256037473678589,0,0
3960,3.5170481204986572,3.2488999366760254,0,0
3961,3.668118953704834,3.3500466346740723,0,0
3962,3.6750028133392334,3.263442277908325,0,0
3963,3.106825351715088,2.932586669921875,1,1
3964,3.4838595390319824,3.216374397277832,1,1
3965,3.5503032207489014,3.1914777755737305,0,0
3966,2.7419850826263428,2.6453521251678467,0,0
3967,2.6444594860076904,2.3640480041503906,0,0
3968,3.005053997039795,2.90667986869812,1,1
3969,3.3362576961517334,3.1124496459960938,1,1
3970,3.2728230953216553,2.679145336151123,0,0
3971,3.1969099044799805,2.692988157272339,0,0
3972,3.0317718982696533,2.737797737121582,0,0
3973,3.0930774211883545,2.599487781524658,0,0
3974,3.289682149887085,2.812035083770752,1,1
3975,3.120398998260498,2.730689525604248,0,0
3976,3.434882640838623,2.7668628692626953,1,1
3977,2.9900176525115967,2.5482325553894043,1,1
3978,2.710817337036133,2.385152816772461,0,0
3979,2.818971872329712,2.4441378116607666,0,0
3980,2.7574462890625,2.493182897567749,1,1
3981,3.021193027496338,2.603091239929199,0,0
3982,3.2822792530059814,2.875617504119873,1,1
3983,3.3219621181488037,3.012453556060791,0,0
3984,2.665625810623169,2.5138111114501953,1,1
3985,3.5845210552215576,3.23574161529541,0,0
3986,2.1391243934631348,2.047574281692505,1,1
3987,3.5276105403900146,3.107053279876709,0,0
3988,2.6729793548583984,2.371015787124634,0,0
3989,3.52616286277771,2.977747917175293,1,1
3990,3.1796131134033203,3.034515857696533,1,1
3991,3.5721323490142822,3.0379481315612793,1,1
3992,3.0180699825286865,2.841154098510742,1,1
3993,3.193704128265381,2.762502670288086,0,0
3994,3.2082252502441406,2.7953248023986816,0,0
3995,3.1560752391815186,2.9087915420532227,1,1
3996,3.4973442554473877,2.942960739135742,0,0
3997,3.4579086303710938,2.99617075920105,0,0
3998,3.421889066696167,2.926447868347168,1,1
3999,3.308044195175171,2.997770309448242,0,0
4000,3.416189193725586,2.9349048137664795,0,0
4001,3.392387866973877,2.776010274887085,0,0
4002,3.3217661380767822,3.0896170139312744,1,1
4003,3.9787163734436035,3.420677423477173,1,1
4004,4.263368129730225,3.5952720642089844,1,1
4005,3.587667226791382,3.109154224395752,1,1
4006,3.3194077014923096,2.952115058898926,1,1
4007,3.4358057975769043,3.062094211578369,1,1
4008,3.73294997215271,3.388810396194458,0,0
4009,3.7518820762634277,3.2560348510742188,0,0
4010,3.004939079284668,2.7513368129730225,0,0
4011,3.5613887310028076,3.1194629669189453,1,1
4012,3.538801908493042,3.2492668628692627,0,0
4013,3.6855826377868652,3.2972121238708496,1,1
4014,4.038156509399414,3.4277048110961914,1,1
4015,4.216288089752197,3.6312952041625977,1,1
4016,3.4501149654388428,2.932980537414551,1,1
4017,3.0877134799957275,2.865093231201172,1,1
4018,3.0781424045562744,2.9261202812194824,1,1
4019,3.0028817653656006,2.700439453125,1,1
4020,3.0779759883880615,2.813490390777588,1,1
4021,3.1025567054748535,2.9128341674804688,1,1
4022,3.214479923248291,2.7551960945129395,1,1
4023,2.7759690284729004,2.596738815307617,1,1
4024,2.489380121231079,2.398399829864502,1,1
4025,3.0676424503326416,2.7748231887817383,0,0
4026,2.8160855770111084,2.537351608276367,0,0
4027,3.122793674468994,2.9124369621276855,1,1
4028,3.2983241081237793,2.80696177482605,0,0
4029,3.4514236450195312,3.057485818862915,1,1
4030,3.45973801612854,2.9971611499786377,0,0
4031,3.523423194885254,3.085611343383789,1,1
4032,3.3206984996795654,2.95139479637146,0,0
4033,3.228222370147705,3.114616870880127,0,0
4034,3.378781795501709,3.155799627304077,0,0
4035,3.2462568283081055,2.9818954467773438,0,0
4036,3.288813591003418,3.1443285942077637,1,1
4037,3.3208653926849365,3.2478549480438232,0,0
4038,2.7402827739715576,2.5514559745788574,0,0
4039,2.6085212230682373,2.670140027999878,0,0
4040,3.0254056453704834,2.8542754650115967,1,1
4041,2.835787773132324,2.649705410003662,1,1
4042,2.744906187057495,2.6228890419006348,0,0
4043,2.996342420578003,2.6830573081970215,1,1
4044,3.49949312210083,3.2288658618927,0,0
4045,3.4080631732940674,3.1841135025024414,0,0
4046,3.469493865966797,3.3093364238739014,0,0
4047,3.2963831424713135,3.145883083343506,0,0
4048,3.4151980876922607,3.074533462524414,1,1
4049,3.251537561416626,3.080432891845703,1,1
4050,3.1664669513702393,3.175292730331421,1,1
4051,3.3447372913360596,3.004486560821533,1,1
4052,3.4570300579071045,3.162036418914795,1,1
4053,2.98654842376709,2.942291021347046,1,1
4054,3.200038194656372,2.947476625442505,0,0
4055,3.3063957691192627,3.0627307891845703,0,0
4056,3.127842903137207,2.7372355461120605,0,0
4057,3.316998243331909,3.186708450317383,0,0
4058,2.943310022354126,2.7667899131774902,1,1
4059,3.0485024452209473,2.7646496295928955,0,0
4060,3.2801971435546875,2.9826438426971436,1,1
4061,3.0284228324890137,2.834038734436035,1,1
4062,2.947145462036133,2.768793821334839,1,1
4063,3.0362632274627686,2.7269811630249023,0,0
4064,3.278231143951416,3.0861024856567383,1,1
4065,3.552962303161621,3.3500232696533203,1,1
4066,3.4128880500793457,3.3018178939819336,0,0
4067,3.2093088626861572,3.1153054237365723,1,1
4068,3.1300251483917236,3.0438811779022217,0,0
4069,3.3525402545928955,3.163900136947632,0,0
4070,3.0588221549987793,3.0925960540771484,0,0
4071,3.307535171508789,3.1849875450134277,1,1
4072,3.3250081539154053,3.206148624420166,0,0
4073,3.446571111679077,3.097715377807617,0,0
4074,3.8442270755767822,3.3286242485046387,0,0
4075,3.5039310455322266,3.2057812213897705,0,0
4076,3.471341371536255,3.201158046722412,1,1
4077,3.4642560482025146,3.2720232009887695,1,1
4078,3.2587809562683105,3.036156177520752,1,1
4079,3.0159013271331787,2.8921570777893066,1,1
4080,3.3930859565734863,3.0875115394592285,1,1
4081,3.0046024322509766,2.9271152019500732,1,1
4082,3.1232964992523193,2.8624072074890137,0,0
4083,3.395841360092163,3.1054372787475586,0,0
4084,3.351149320602417,3.0143072605133057,0,0
4085,3.4048850536346436,3.200899600982666,1,1
4086,3.7286009788513184,3.299649238586426,0,0
4087,3.192105531692505,3.1729111671447754,0,0
4088,2.928149938583374,2.703571319580078,1,1
4089,2.938156843185425,2.7889626026153564,0,0
4090,2.8044347763061523,2.893739700317383,0,0
4091,3.4205470085144043,3.2804229259490967,0,0
4092,3.289456367492676,3.147111415863037,0,0
4093,3.4673826694488525,3.259110689163208,1,1
4094,3.6684937477111816,3.3259191513061523,1,1
4095,3.6290717124938965,3.4357690811157227,1,1
4096,3.598072052001953,3.5281457901000977,0,0
4097,3.730409622192383,3.50057053565979,0,0
4098,3.4639806747436523,3.3337080478668213,0,0
4099,2.944610595703125,2.807868480682373,1,1
4100,3.0162105560302734,3.000981330871582,0,0
4101,3.233905553817749,3.134854316711426,0,0
4102,3.100717067718506,2.990891456604004,1,1
4103,3.5203516483306885,3.1130547523498535,1,1
4104,3.502873182296753,3.3120789527893066,1,1
4105,3.4981091022491455,3.334825038909912,0,0
4106,3.0864145755767822,2.9840989112854004,0,0
4107,3.230353593826294,2.8785324096679688,0,0
4108,3.8723056316375732,3.3823165893554688,0,0
4109,4.0828046798706055,3.5377085208892822,0,0
4110,3.7905545234680176,3.4018969535827637,0,0
4111,3.4413557052612305,3.117579460144043,0,0
4112,2.8086864948272705,2.636389970779419,0,0
4113,3.793137550354004,3.283686399459839,1,1
4114,3.6425726413726807,3.2995617389678955,0,0
4115,3.059278726577759,2.840737819671631,0,0
4116,3.3829963207244873,3.0715506076812744,1,1
4117,2.650761365890503,2.55989933013916,0,0
4118,3.2096290588378906,2.936683177947998,1,1
4119,3.1855344772338867,3.0007262229919434,0,0
4120,3.446686029434204,3.203618049621582,0,0
4121,3.3443493843078613,3.2675883769989014,1,1
4122,3.707064151763916,3.4967827796936035,1,1
4123,3.585805892944336,3.2974045276641846,1,1
4124,3.6254982948303223,3.3131210803985596,0,0
4125,2.937485456466675,2.7760024070739746,0,0
4126,3.3052122592926025,2.9411582946777344,0,0
4127,3.248007297515869,3.0689949989318848,0,0
4128,3.315556049346924,2.914322853088379,0,0
4129,3.7831530570983887,3.500032424926758,1,1
4130,3.339945077896118,3.1414003372192383,0,0
4131,2.949427843093872,2.607607364654541,1,1
4132,3.0562961101531982,2.690443992614746,1,1
4133,3.290165424346924,3.0518205165863037,1,1
4134,3.1014187335968018,2.7986392974853516,1,1
4135,2.959282398223877,2.829669952392578,1,1
4136,3.5040595531463623,2.996401786804199,1,1
4137,3.0340914726257324,2.7804107666015625,0,0
4138,3.1072022914886475,2.718451976776123,1,1
4139,3.266632318496704,2.7900242805480957,1,1
4140,3.0302746295928955,2.6948206424713135,0,0
4141,3.6862998008728027,3.2342441082000732,1,1
4142,3.1416666507720947,2.8940534591674805,1,1
4143,3.476654291152954,3.1729226112365723,1,1
4144,3.476627826690674,2.900588035583496,0,0
4145,3.1831045150756836,2.870265245437622,1,1
4146,3.2401247024536133,2.9294660091400146,0,0
4147,3.3793821334838867,3.032956123352051,0,0
4148,3.479872226715088,2.815338134765625,0,0
4149,3.265094757080078,2.8081767559051514,0,0
4150,3.3792519569396973,3.0153350830078125,1,1
4151,3.3441991806030273,2.9086244106292725,1,1
4152,3.4633100032806396,3.065009117126465,0,0
4153,3.453143835067749,3.0871009826660156,0,0
4154,3.3435511589050293,3.0311293601989746,1,1
4155,3.037309408187866,2.776482105255127,0,0
4156,2.840489149093628,2.535074234008789,0,0
4157,2.5466856956481934,2.247541666030884,1,1
4158,3.0002212524414062,2.792029857635498,1,1
4159,3.131368637084961,2.741342782974243,0,0
4160,3.1217100620269775,2.655038833618164,0,0
4161,2.948735475540161,2.799102306365967,0,0
4162,3.369262456893921,3.0507278442382812,0,0
4163,2.5593292713165283,2.5129425525665283,1,1
4164,3.4235377311706543,3.067613124847412,0,0
4165,3.637006998062134,3.3387951850891113,0,0
4166,3.6912121772766113,3.3552441596984863,0,0
4167,3.4137346744537354,3.005498170852661,1,1
4168,3.057185173034668,2.992020606994629,0,0
4169,3.255598783493042,2.92209529876709,0,0
4170,3.0900113582611084,2.9630391597747803,1,1
4171,3.229228973388672,2.9650349617004395,1,1
4172,3.1562235355377197,2.73690128326416,0,0
4173,3.4699721336364746,3.0586819648742676,1,1
4174,3.380157232284546,2.9882006645202637,1,1
4175,3.08630108833313,2.8731064796447754,1,1
4176,3.2154836654663086,3.1004886627197266,1,1
4177,3.385016918182373,3.0071418285369873,0,0
4178,3.856100082397461,3.3451006412506104,0,0
4179,3.449801445007324,3.2716965675354004,1,1
4180,3.4314491748809814,3.2097246646881104,0,0
4181,3.8154470920562744,3.2771458625793457,1,1
4182,3.8243913650512695,3.208068609237671,1,1
4183,3.286126136779785,3.073904275894165,1,1
4184,4.0669121742248535,3.409275531768799,0,0
4185,3.653715133666992,3.256621837615967,1,1
4186,3.9130358695983887,3.6019394397735596,0,0
4187,3.328295946121216,3.098245143890381,1,1
4188,3.338965892791748,3.011472225189209,1,1
4189,3.439877986907959,2.9174370765686035,1,1
4190,3.537703514099121,3.091794729232788,1,1
4191,3.3854992389678955,3.0269277095794678,0,0
4192,3.351283073425293,3.084843635559082,0,0
4193,3.2855443954467773,3.033750534057617,1,1
4194,3.270353078842163,3.123969078063965,0,0
4195,3.089184284210205,3.0077366828918457,1,1
4196,3.034555673599243,2.933227300643921,0,0
4197,3.527538299560547,3.307178497314453,0,0
4198,3.598041534423828,3.5351366996765137,1,1
4199,3.8731002807617188,3.5146079063415527,1,1
4200,3.996584177017212,3.5187573432922363,0,0
4201,3.4363553524017334,3.2253189086914062,0,0
4202,3.3356704711914062,3.2123374938964844,0,0
4203,3.4369518756866455,3.2481343746185303,0,0
4204,3.265094041824341,3.360039710998535,1,1
4205,3.8069019317626953,3.439316749572754,0,0
4206,3.2668745517730713,3.089137315750122,1,1
4207,3.461240768432617,3.297121047973633,0,0
4208,3.438783645629883,3.0034899711608887,0,0
4209,3.0141761302948,2.8976783752441406,0,0
4210,3.539628505706787,3.143606185913086,0,0
4211,2.9510929584503174,2.748340606689453,0,0
4212,2.9788529872894287,2.9010746479034424,0,0
4213,2.7867231369018555,2.757754325866699,1,1
4214,3.892019748687744,3.2982020378112793,0,0
4215,4.416858673095703,3.6250803470611572,1,1
4216,3.9957289695739746,3.463280439376831,1,1
4217,3.4620730876922607,3.1956448554992676,0,0
4218,3.0436582565307617,2.914308547973633,0,0
4219,3.410400867462158,3.108675003051758,0,0
4220,3.3862648010253906,3.1376705169677734,0,0
4221,3.3285884857177734,3.2862887382507324,1,1
4222,3.492485761642456,3.2365918159484863,1,1
4223,3.63899564743042,3.402249574661255,0,0
4224,3.7210006713867188,3.4127354621887207,1,1
4225,3.293459892272949,2.990621566772461,0,0
4226,3.168226957321167,2.940610408782959,1,1
4227,3.313041925430298,3.1307485103607178,0,0
4228,3.318018913269043,3.100253105163574,0,0
4229,3.4282419681549072,3.05621600151062,0,0
4230,3.809481620788574,3.329735517501831,1,1
4231,3.6448111534118652,3.283658266067505,1,1
4232,3.3593103885650635,3.0350098609924316,0,0
4233,3.3304007053375244,3.077714681625366,0,0
4234,3.3376424312591553,3.174898147583008,0,0
4235,3.453026533126831,3.1641740798950195,0,0
4236,3.5649631023406982,3.1201305389404297,1,1
4237,3.663689613342285,3.0563979148864746,0,0
4238,3.1108198165893555,2.7201156616210938,1,1
4239,3.1407971382141113,2.583057403564453,1,1
4240,3.2966995239257812,3.017550468444824,1,1
4241,3.4030888080596924,3.1133573055267334,1,1
4242,3.867722272872925,3.477447271347046,0,0
4243,3.498710870742798,2.9248290061950684,0,0
4244,3.3901946544647217,3.1858911514282227,1,1
4245,3.5350987911224365,3.2698590755462646,1,1
4246,3.518632650375366,2.9266934394836426,1,1
4247,3.5314414501190186,2.9705443382263184,0,0
4248,3.3158252239227295,2.918105125427246,0,0
4249,3.422806739807129,2.9663333892822266,1,1
4250,3.323988437652588,3.011561393737793,1,1
4251,3.4158873558044434,3.1572980880737305,0,0
4252,3.383344888687134,3.116258144378662,1,1
4253,3.2964463233947754,2.9380600452423096,1,1
4254,3.528949022293091,3.2337374687194824,0,0
4255,3.225616455078125,2.8260409832000732,0,0
4256,3.427537441253662,3.222676992416382,1,1
4257,3.288109540939331,2.8710973262786865,1,1
4258,2.754549264907837,2.703799247741699,0,0
4259,3.184807300567627,2.788370132446289,0,0
4260,3.369196653366089,3.1127676963806152,0,0
4261,3.6797213554382324,3.3950419425964355,1,1
4262,3.490924596786499,3.03399395942688,1,1
4263,3.5058507919311523,3.0568814277648926,1,1
4264,3.502753496170044,3.0401158332824707,1,1
4265,3.5590081214904785,3.412261962890625,0,0
4266,3.3774919509887695,3.2069923877716064,0,0
4267,3.1488263607025146,2.9606120586395264,0,0
4268,3.322129011154175,3.2298202514648438,0,0
4269,3.345409631729126,3.186497449874878,1,1
4270,3.3194901943206787,3.3146603107452393,1,1
4271,3.3954055309295654,3.230074882507324,1,1
4272,3.2368478775024414,3.0307159423828125,0,0
4273,2.936277389526367,2.9150238037109375,0,0
4274,3.5486059188842773,3.3349804878234863,1,1
4275,3.2311606407165527,3.112398147583008,1,1
4276,2.697572946548462,2.844787359237671,0,0
4277,2.9015469551086426,2.7499794960021973,1,1
4278,3.8519866466522217,3.5521106719970703,1,1
4279,3.3437564373016357,3.03275728225708,1,1
4280,3.4877450466156006,3.098728656768799,0,0
4281,2.308640956878662,2.403935194015503,0,0
4282,3.4565324783325195,3.310467004776001,1,1
4283,3.780050277709961,3.4783248901367188,0,0
4284,3.9161739349365234,3.4212701320648193,0,0
4285,3.65738582611084,3.316389322280884,0,0
4286,3.5413825511932373,3.2982966899871826,1,1
4287,3.3749566078186035,3.146977663040161,1,1
4288,3.5944664478302,3.2514402866363525,1,1
4289,3.4749646186828613,3.0657029151916504,0,0
4290,3.2622690200805664,3.0736594200134277,1,1
4291,3.4462599754333496,3.2871217727661133,0,0
4292,3.4239139556884766,3.2052879333496094,1,1
4293,3.0516421794891357,3.0456554889678955,0,0
4294,3.6516170501708984,3.1991405487060547,1,1
4295,3.2500176429748535,3.0406625270843506,1,1
4296,3.6717164516448975,3.4559268951416016,1,1
4297,3.518458843231201,3.2190802097320557,1,1
4298,3.084197759628296,3.029862880706787,1,1
4299,1.8478394746780396,1.8978357315063477,0,0
4300,3.3231754302978516,3.0937418937683105,1,1
4301,3.4884023666381836,3.389225959777832,0,0
4302,3.5774688720703125,3.443084716796875,1,1
4303,3.5897810459136963,3.403717041015625,1,1
4304,3.665109634399414,3.541172504425049,1,1
4305,3.2953097820281982,3.3261842727661133,0,0
4306,3.129180908203125,2.799231767654419,0,0
4307,3.052273988723755,2.857482433319092,1,1
4308,3.3783810138702393,2.9973349571228027,1,1
4309,3.2898738384246826,2.887169122695923,0,0
4310,3.2703657150268555,2.9847404956817627,1,1
4311,3.4132161140441895,3.055300712585449,0,0
4312,3.475848436355591,3.0941014289855957,1,1
4313,3.6559624671936035,3.0600662231445312,1,1
4314,3.4416303634643555,2.938323497772217,1,1
4315,3.4440038204193115,3.095273494720459,0,0
4316,3.5468297004699707,3.2777347564697266,0,0
4317,3.1941616535186768,2.9569482803344727,0,0
4318,3.3334083557128906,2.982862949371338,1,1
4319,3.4039926528930664,3.0219695568084717,0,0
4320,3.5119388103485107,3.2092719078063965,1,1
4321,3.651944875717163,3.199066162109375,0,0
4322,3.1882007122039795,2.8410990238189697,1,1
4323,3.496406316757202,3.2284913063049316,0,0
4324,3.257439136505127,2.9458844661712646,1,1
4325,3.167006015777588,2.7463459968566895,1,1
4326,1.8224436044692993,1.8061177730560303,1,1
4327,2.367121934890747,2.2711822986602783,0,0
4328,3.0752060413360596,2.906390905380249,1,1
4329,3.4737167358398438,3.0511460304260254,0,0
4330,3.197293519973755,3.048466205596924,1,1
4331,2.9484703540802,2.731072187423706,0,0
4332,3.28259015083313,3.0119285583496094,0,0
4333,3.321749448776245,3.009121894836426,1,1
4334,3.142667770385742,2.8918092250823975,1,1
4335,3.015977621078491,2.8804235458374023,1,1
4336,3.1560213565826416,2.911252737045288,0,0
4337,3.0822575092315674,2.6618447303771973,0,0
4338,2.88957142829895,2.7246198654174805,0,0
4339,3.677394390106201,3.1358911991119385,1,1
4340,2.6545841693878174,2.3887224197387695,1,1
4341,3.3133552074432373,3.0886642932891846,1,1
4342,3.0988800525665283,3.0252737998962402,1,1
4343,3.2445902824401855,2.9613890647888184,1,1
4344,3.1926538944244385,3.0006844997406006,1,1
4345,3.1176702976226807,2.9801573753356934,1,1
4346,3.1642439365386963,2.869029998779297,1,1
4347,3.3117949962615967,3.0500645637512207,1,1
4348,3.489804267883301,3.1378040313720703,0,0
4349,3.3211021423339844,3.087186574935913,0,0
4350,3.1608383655548096,2.8841686248779297,1,1
4351,3.1310718059539795,2.767893075942993,0,0
4352,2.646958589553833,2.4384374618530273,0,0
4353,3.2311973571777344,2.9982404708862305,1,1
4354,3.2514021396636963,2.9823617935180664,0,0
4355,3.4025046825408936,3.109807252883911,1,1
4356,3.674405574798584,3.2560105323791504,0,0
4357,3.1323750019073486,2.992643356323242,0,0
4358,2.7658159732818604,2.706141471862793,1,1
4359,2.846344232559204,2.7344908714294434,1,1
4360,2.626429796218872,2.384371280670166,1,1
4361,2.479940891265869,2.5302672386169434,1,1
4362,2.705866813659668,2.6194405555725098,1,1
4363,2.706242561340332,2.482414722442627,1,1
4364,2.594268321990967,2.548372268676758,0,0
4365,2.625432014465332,2.6303772926330566,1,1
4366,2.6843230724334717,2.5949912071228027,0,0
4367,2.5679221153259277,2.475163221359253,0,0
4368,2.9128804206848145,2.8414053916931152,0,0
4369,2.86434268951416,2.8314208984375,1,1
4370,3.120305299758911,2.8307013511657715,0,0
4371,3.6782426834106445,3.199737548828125,1,1
4372,3.520763874053955,3.22328519821167,1,1
4373,3.4764511585235596,3.1132826805114746,1,1
4374,3.5684597492218018,3.2131574153900146,0,0
4375,3.3041751384735107,3.08801531791687,1,1
4376,3.473468065261841,3.2186660766601562,1,1
4377,3.308244466781616,3.153365135192871,1,1
4378,3.3247246742248535,3.187066078186035,0,0
4379,3.3237218856811523,3.0035524368286133,1,1
4380,3.2467644214630127,3.16239595413208,1,1
4381,2.8857975006103516,2.6452276706695557,1,1
4382,3.27127742767334,2.80682373046875,0,0
4383,3.731515884399414,3.074470281600952,0,0
4384,3.1955313682556152,2.7069358825683594,1,1
4385,3.408435821533203,2.961007595062256,1,1
4386,3.37530255317688,3.043497085571289,0,0
4387,3.3914706707000732,3.0793797969818115,0,0
4388,3.606926918029785,3.1470608711242676,0,0
4389,3.499276638031006,2.885037422180176,0,0
4390,3.6360244750976562,3.095302104949951,0,0
4391,3.5665640830993652,3.070261001586914,1,1
4392,3.2167632579803467,2.88966703414917,0,0
4393,2.630751848220825,2.2364840507507324,0,0
4394,3.09472918510437,2.5558457374572754,0,0
4395,3.3315985202789307,2.8616280555725098,1,1
4396,3.088005781173706,2.841434955596924,0,0
4397,3.3239574432373047,2.8199257850646973,0,0
4398,3.3914711475372314,3.1422219276428223,1,1
4399,3.3097095489501953,2.933450698852539,1,1
4400,3.799347162246704,3.3194711208343506,0,0
4401,3.4243245124816895,2.8810722827911377,1,1
4402,3.6996519565582275,2.944883108139038,0,0
4403,4.487875461578369,2.772341251373291,0,0
4404,4.215087890625,2.665501594543457,1,1
4405,4.4330878257751465,2.8933372497558594,0,0
4406,5.458422660827637,2.6941771507263184,1,1
4407,4.485866069793701,2.654491424560547,1,1
4408,4.7515692710876465,2.80521559715271,1,1
4409,5.176424980163574,2.866384744644165,0,0
4410,4.119472980499268,2.9383749961853027,1,1
4411,3.804227590560913,2.677910804748535,0,0
4412,3.092689275741577,2.531341314315796,0,0
4413,3.746537208557129,3.093742847442627,1,1
4414,3.5359795093536377,3.1021971702575684,0,0
4415,3.5539557933807373,3.088456630706787,0,0
4416,3.561583995819092,3.0358400344848633,0,0
4417,3.4271788597106934,3.0741147994995117,1,1
4418,3.299665689468384,3.0662031173706055,1,1
4419,3.0129058361053467,2.6959028244018555,1,1
4420,3.0398123264312744,2.7270476818084717,1,1
4421,3.195246934890747,2.724140167236328,0,0
4422,3.5536813735961914,3.1452624797821045,0,0
4423,3.0537283420562744,2.6255860328674316,0,0
4424,3.1616241931915283,2.843717098236084,0,0
4425,3.67034649848938,3.2330524921417236,0,0
4426,3.1654293537139893,2.7102596759796143,0,0
4427,3.407503604888916,3.0162065029144287,0,0
4428,3.3602046966552734,3.1435797214508057,1,1
4429,3.5460188388824463,3.3347930908203125,1,1
4430,3.43782114982605,3.182663917541504,0,0
4431,3.080942392349243,2.8588647842407227,1,1
4432,2.8981974124908447,2.778207778930664,1,1
4433,2.8093602657318115,2.707517147064209,0,0
4434,3.40148663520813,3.1217010021209717,0,0
4435,3.010590076446533,2.827190399169922,0,0
4436,2.8401055335998535,2.6625611782073975,0,0
4437,3.2445499897003174,2.5923962593078613,1,1
4438,2.7117366790771484,2.1896629333496094,1,1
4439,3.3985841274261475,3.037179946899414,0,0
4440,3.232055902481079,2.7973265647888184,0,0
4441,3.5731725692749023,3.113786458969116,0,0
4442,3.3368704319000244,2.7899093627929688,1,1
4443,3.0216784477233887,2.5941784381866455,0,0
4444,3.257265567779541,2.8103530406951904,0,0
4445,3.3384523391723633,3.0163331031799316,0,0
4446,3.801220178604126,3.3462862968444824,1,1
4447,3.3350515365600586,3.113224744796753,0,0
4448,3.4958879947662354,3.2752134799957275,0,0
4449,3.7241077423095703,3.3803658485412598,0,0
4450,3.6690354347229004,3.108459949493408,1,1
4451,3.980616331100464,3.343201160430908,0,0
4452,4.07281494140625,3.64479398727417,1,1
4453,3.4814984798431396,3.221515417098999,1,1
4454,3.089839220046997,3.0227231979370117,1,1
4455,3.7586541175842285,3.5382487773895264,0,0
4456,3.6550161838531494,3.506300449371338,0,0
4457,3.538334846496582,3.3423290252685547,0,0
4458,3.718890428543091,3.4874114990234375,0,0
4459,3.6516942977905273,3.4322104454040527,0,0
4460,3.5775091648101807,3.4573447704315186,0,0
4461,3.3706228733062744,3.277519702911377,1,1
4462,3.881026029586792,3.4673659801483154,1,1
4463,3.5227184295654297,3.3458499908447266,0,0
4464,3.596489429473877,3.4540255069732666,1,1
4465,3.55627179145813,3.3192901611328125,0,0
4466,3.8270652294158936,3.3994295597076416,1,1
4467,3.687002420425415,3.5453312397003174,0,0
4468,3.7999112606048584,3.5737037658691406,1,1
4469,3.410870313644409,3.2574141025543213,0,0
4470,3.5495853424072266,3.178460121154785,0,0
4471,3.0100960731506348,2.8196582794189453,0,0
4472,2.943110466003418,2.811844825744629,0,0
4473,3.046755790710449,3.048511505126953,0,0
4474,2.870216131210327,2.7056589126586914,0,0
4475,2.8355369567871094,2.933821201324463,1,1
4476,3.50412917137146,3.3555116653442383,0,0
4477,3.264007091522217,3.2574031352996826,1,1
4478,3.0631000995635986,3.0287256240844727,1,1
4479,3.475764751434326,3.0462112426757812,0,0
4480,3.382906913757324,3.1826038360595703,1,1
4481,3.7390811443328857,3.3282103538513184,0,0
4482,3.8039278984069824,3.434636116027832,0,0
4483,3.8297319412231445,3.311202049255371,1,1
4484,3.6557955741882324,3.2471377849578857,1,1
4485,3.663142442703247,3.2869625091552734,1,1
4486,4.002676963806152,3.606342315673828,1,1
4487,3.701812505722046,3.4589779376983643,1,1
4488,3.6951701641082764,3.3910441398620605,1,1
4489,4.075969696044922,3.64982533454895,1,1
4490,3.7883927822113037,3.5552845001220703,0,0
4491,3.948831081390381,3.621346950531006,0,0
4492,3.7269108295440674,3.389998197555542,1,1
4493,3.696777582168579,3.5308122634887695,0,0
4494,3.6484174728393555,3.4919211864471436,0,0
4495,3.743248701095581,3.22890043258667,1,1
4496,3.3407554626464844,2.9610724449157715,0,0
4497,3.5656068325042725,3.408134937286377,0,0
4498,3.8739757537841797,3.5087385177612305,0,0
4499,3.9080467224121094,3.5289580821990967,0,0
4500,3.326920986175537,3.078648567199707,0,0
4501,3.4027340412139893,2.917635440826416,0,0
4502,3.3628857135772705,3.1436097621917725,0,0
4503,3.522916793823242,3.301331043243408,1,1
4504,3.3061702251434326,3.0278701782226562,1,1
4505,3.769012212753296,3.3168439865112305,1,1
4506,3.23563551902771,2.982740879058838,0,0
4507,3.4147512912750244,3.2268013954162598,0,0
4508,2.8088057041168213,2.676096200942993,1,1
4509,2.5900967121124268,2.538388967514038,1,1
4510,3.0179808139801025,2.8950066566467285,0,0
4511,3.2263357639312744,3.0081963539123535,0,0
4512,2.951700210571289,2.894346237182617,0,0
4513,3.0682992935180664,2.8084323406219482,1,1
4514,3.017394781112671,2.9697072505950928,1,1
4515,3.351984977722168,3.0712921619415283,0,0
4516,3.305569887161255,2.9810845851898193,0,0
4517,2.8410260677337646,2.8369040489196777,1,1
4518,3.1102726459503174,2.963148593902588,0,0
4519,3.1537561416625977,2.9496028423309326,1,1
4520,3.286736249923706,3.3120179176330566,1,1
4521,3.2011590003967285,2.980325698852539,1,1
4522,2.9817891120910645,3.0308749675750732,1,1
4523,3.008023977279663,3.0288538932800293,1,1
4524,3.2135419845581055,3.096628189086914,0,0
4525,3.5652103424072266,3.39528226852417,1,1
4526,3.3276963233947754,3.1403913497924805,1,1
4527,3.3138926029205322,3.1541953086853027,1,1
4528,3.3230221271514893,3.0955963134765625,1,1
4529,3.518738269805908,3.069474220275879,1,1
4530,3.143575668334961,2.8596763610839844,0,0
4531,3.1789324283599854,2.917616844177246,1,1
4532,3.373567819595337,3.0403573513031006,1,1
4533,3.3038883209228516,2.9364206790924072,1,1
4534,3.1719353199005127,2.8988566398620605,0,0
4535,3.480191707611084,3.1494688987731934,0,0
4536,3.4119303226470947,3.259166717529297,0,0
4537,3.0160200595855713,2.901430130004883,1,1
4538,3.435751438140869,3.2807483673095703,0,0
4539,3.1652259826660156,2.977231740951538,1,1
4540,3.550276279449463,3.341003656387329,1,1
4541,3.7980942726135254,3.5139122009277344,1,1
4542,4.124717712402344,3.676607847213745,1,1
4543,3.929050922393799,3.6021440029144287,1,1
4544,3.344407081604004,2.999527931213379,1,1
4545,3.6024558544158936,3.1573915481567383,1,1
4546,3.288623571395874,3.089468240737915,1,1
4547,3.560297966003418,3.159773349761963,0,0
4548,3.357481002807617,2.9779539108276367,1,1
4549,3.4744436740875244,3.080754280090332,0,0
4550,3.6851725578308105,3.5608863830566406,0,0
4551,3.5868611335754395,3.405883312225342,1,1
4552,3.431689977645874,3.170891761779785,1,1
4553,3.3149216175079346,3.1217293739318848,1,1
4554,3.6063878536224365,3.168220281600952,1,1
4555,3.5299746990203857,3.157325029373169,1,1
4556,3.6072542667388916,3.2959280014038086,0,0
4557,3.875147819519043,3.332897424697876,0,0
4558,3.2464728355407715,3.035752773284912,1,1
4559,3.696073532104492,3.0532431602478027,0,0
4560,3.3829660415649414,3.188868522644043,1,1
4561,3.6969945430755615,3.2488083839416504,1,1
4562,3.3824493885040283,3.2468340396881104,1,1
4563,3.481877326965332,3.2216110229492188,0,0
4564,3.792465925216675,3.5611157417297363,1,1
4565,3.4885809421539307,3.1965012550354004,0,0
4566,3.499274730682373,3.2723145484924316,0,0
4567,3.1658828258514404,3.0609235763549805,0,0
4568,3.199948787689209,3.2768173217773438,0,0
4569,3.773040533065796,2.9762120246887207,1,1
4570,3.2949631214141846,3.011542558670044,1,1
4571,3.3934638500213623,3.0205678939819336,1,1
4572,3.509300708770752,3.0425641536712646,0,0
4573,3.655629873275757,3.2512779235839844,1,1
4574,3.303156852722168,2.8896090984344482,0,0
4575,3.3942837715148926,3.159346103668213,1,1
4576,3.5852866172790527,3.1732048988342285,0,0
4577,3.7495923042297363,3.2711102962493896,1,1
4578,3.4664466381073,2.928368330001831,0,0
4579,3.405677556991577,3.0037055015563965,1,1
4580,3.7319176197052,3.1595232486724854,1,1
4581,3.609703540802002,3.0860228538513184,1,1
4582,3.9192452430725098,3.251392364501953,1,1
4583,3.7107937335968018,3.20391845703125,0,0
4584,3.4247920513153076,2.9834365844726562,0,0
4585,3.8574726581573486,3.300046920776367,1,1
4586,3.6380577087402344,3.240874767303467,1,1
4587,3.950841188430786,3.4857664108276367,1,1
4588,3.958364963531494,3.5771360397338867,1,1
4589,3.9265220165252686,3.5499966144561768,0,0
4590,4.018742561340332,3.6991965770721436,1,1
4591,3.78466796875,3.4916954040527344,1,1
4592,4.303476810455322,3.8817615509033203,0,0
4593,4.208890438079834,3.716057300567627,0,0
4594,3.803884267807007,3.582095146179199,1,1
4595,3.9503846168518066,3.454674243927002,0,0
4596,3.8701164722442627,3.491936206817627,1,1
4597,4.0630927085876465,3.399930477142334,1,1
4598,3.52960467338562,3.374851942062378,0,0
4599,3.828923463821411,3.5739428997039795,0,0
4600,3.8117172718048096,3.696481704711914,1,1
4601,3.4521701335906982,3.389760971069336,0,0
4602,3.6546988487243652,3.4014534950256348,0,0
4603,3.867438554763794,3.412322521209717,0,0
4604,4.063424587249756,3.5929760932922363,0,0
4605,3.8870842456817627,3.541445016860962,1,1
4606,3.7220563888549805,3.392444133758545,0,0
4607,3.9316656589508057,3.597855806350708,0,0
4608,3.626051187515259,3.4202077388763428,1,1
4609,3.4138450622558594,3.2427797317504883,0,0
4610,3.348555326461792,3.238609790802002,1,1
4611,3.3582258224487305,3.0896425247192383,0,0
4612,3.605428695678711,3.4157328605651855,1,1
4613,3.412991762161255,3.3026998043060303,0,0
4614,3.524594783782959,3.325031280517578,0,0
4615,3.5287129878997803,3.4389266967773438,0,0
4616,3.331007957458496,3.431394577026367,1,1
4617,3.479602098464966,3.412243366241455,0,0
4618,3.388190269470215,3.1242058277130127,1,1
4619,3.7695891857147217,3.6007535457611084,0,0
4620,3.2627642154693604,3.1074700355529785,0,0
4621,3.0161890983581543,2.9270691871643066,0,0
4622,3.3020570278167725,3.29221248626709,1,1
4623,3.3189377784729004,3.283262252807617,1,1
4624,3.464249849319458,3.1780545711517334,0,0
4625,3.2606990337371826,3.1407952308654785,1,1
4626,3.2518393993377686,3.106905221939087,1,1
4627,3.0672385692596436,2.7254955768585205,0,0
4628,3.221254587173462,2.8462207317352295,1,1
4629,2.940793514251709,2.7655019760131836,1,1
4630,3.1845157146453857,2.895939350128174,1,1
4631,3.131801128387451,2.9243688583374023,1,1
4632,2.760741710662842,2.4064388275146484,1,1
4633,2.9092583656311035,2.53883695602417,1,1
4634,2.974857807159424,2.505246877670288,0,0
4635,3.03025221824646,2.590634822845459,1,1
4636,3.110872507095337,2.7011594772338867,1,1
4637,2.7898144721984863,2.585538387298584,1,1
4638,2.774024248123169,2.4933695793151855,0,0
4639,2.933154582977295,2.4255943298339844,0,0
4640,2.678706407546997,2.4661593437194824,0,0
4641,3.336735248565674,2.8100569248199463,0,0
4642,3.1189846992492676,2.795769453048706,0,0
4643,2.906749725341797,2.7459867000579834,1,1
4644,2.875842332839966,2.5173749923706055,1,1
4645,3.479262351989746,3.0651776790618896,1,1
4646,3.329038619995117,3.1353511810302734,0,0
4647,3.751844644546509,3.07188081741333,1,1
4648,3.5464932918548584,3.385316848754883,0,0
4649,3.6438281536102295,3.34881591796875,0,0
4650,3.7725305557250977,3.466660737991333,1,1
4651,3.544346570968628,3.3222429752349854,0,0
4652,3.4260671138763428,2.934286117553711,0,0
4653,3.291261672973633,2.9391114711761475,1,1
4654,3.246511697769165,2.8476243019104004,0,0
4655,3.19494366645813,2.962273597717285,0,0
4656,3.7328522205352783,2.972907543182373,1,1
4657,3.9301202297210693,3.2429680824279785,0,0
4658,3.2188215255737305,2.947361946105957,0,0
4659,3.3003273010253906,3.0659008026123047,1,1
4660,3.1689107418060303,2.9703140258789062,1,1
4661,3.515845775604248,3.2138454914093018,0,0
4662,3.47963547706604,3.1134676933288574,1,1
4663,3.351280927658081,3.246819257736206,0,0
4664,3.261223077774048,3.211035966873169,0,0
4665,3.3549726009368896,3.243584156036377,0,0
4666,3.743161201477051,3.3750791549682617,0,0
4667,4.058548450469971,3.5760395526885986,0,0
4668,3.707195281982422,3.3812360763549805,1,1
4669,3.868143320083618,3.6175644397735596,1,1
4670,3.2620668411254883,3.1959362030029297,0,0
4671,3.940546751022339,3.6656064987182617,1,1
4672,4.076954364776611,3.6758599281311035,0,0
4673,3.714801549911499,3.3901712894439697,1,1
4674,3.5442068576812744,3.4649033546447754,1,1
4675,3.9535505771636963,3.7426183223724365,1,1
4676,3.6266469955444336,3.3289895057678223,0,0
4677,3.521254301071167,3.0790345668792725,0,0
4678,3.7976605892181396,3.105168342590332,1,1
4679,3.1882200241088867,3.0299949645996094,0,0
4680,3.5382816791534424,3.4294533729553223,0,0
4681,3.2642624378204346,3.2818431854248047,0,0
4682,2.9691896438598633,2.8706326484680176,1,1
4683,2.7732434272766113,2.8533480167388916,1,1
4684,2.8720109462738037,2.7379050254821777,1,1
4685,3.1698246002197266,3.0833258628845215,0,0
4686,3.316631317138672,2.955491065979004,1,1
4687,2.8063254356384277,2.598074436187744,1,1
4688,3.793950080871582,3.361419200897217,1,1
4689,3.5268731117248535,3.4398746490478516,1,1
4690,3.6126694679260254,3.258061647415161,1,1
4691,3.4654133319854736,3.1918511390686035,1,1
4692,3.737046003341675,3.4648759365081787,1,1
4693,2.9991660118103027,2.959690809249878,0,0
4694,3.304581642150879,3.1282756328582764,0,0
4695,3.9551339149475098,3.532414436340332,0,0
4696,3.4027252197265625,3.134263515472412,0,0
4697,2.996938467025757,3.0229949951171875,1,1
4698,3.28592586517334,3.1132631301879883,1,1
4699,3.074545383453369,2.9928431510925293,0,0
4700,3.373734712600708,3.1683237552642822,1,1
4701,3.2090818881988525,3.1627449989318848,0,0
4702,3.672935962677002,3.3485474586486816,0,0
4703,3.5312862396240234,3.446077346801758,1,1
4704,3.0711092948913574,3.1215333938598633,0,0
4705,2.9421334266662598,3.1160073280334473,0,0
4706,3.3219451904296875,3.3261337280273438,0,0
4707,3.2246110439300537,3.275223731994629,0,0
4708,3.4445393085479736,3.4480128288269043,1,1
4709,3.0874829292297363,3.177159309387207,0,0
4710,2.9175984859466553,2.905351161956787,1,1
4711,3.409419536590576,3.262096643447876,1,1
4712,3.321110963821411,3.171712875366211,1,1
4713,2.508333921432495,2.5374903678894043,0,0
4714,2.9795913696289062,2.8766725063323975,0,0
4715,3.232133150100708,3.085592746734619,1,1
4716,2.5509450435638428,2.4952993392944336,0,0
4717,3.2761871814727783,2.9264912605285645,1,1
4718,3.118075132369995,2.984273672103882,1,1
4719,3.5598654747009277,3.0485472679138184,0,0
4720,3.3417012691497803,3.1815857887268066,0,0
4721,3.334195137023926,3.1408133506774902,1,1
4722,3.239257574081421,3.051043748855591,1,1
4723,3.1835317611694336,2.914058208465576,1,1
4724,3.6386656761169434,3.3839783668518066,1,1
4725,3.674605131149292,3.3101885318756104,1,1
4726,3.232083559036255,2.966218948364258,0,0
4727,3.06300950050354,2.8148739337921143,1,1
4728,3.612271785736084,3.021944284439087,0,0
4729,3.4065451622009277,3.111185073852539,1,1
4730,3.799995183944702,3.2345237731933594,1,1
4731,3.3080036640167236,2.9581897258758545,0,0
4732,3.954500913619995,3.4550857543945312,1,1
4733,3.486314296722412,3.083681106567383,0,0
4734,3.2411623001098633,2.91217303276062,0,0
4735,3.3374085426330566,2.8986525535583496,1,1
4736,3.4585843086242676,3.0360822677612305,0,0
4737,3.318429946899414,2.9612631797790527,0,0
4738,3.6048030853271484,3.0704400539398193,1,1
4739,3.282987117767334,2.815556526184082,1,1
4740,3.1797351837158203,3.139404296875,1,1
4741,3.463707447052002,3.1376938819885254,0,0
4742,3.565276622772217,3.1448049545288086,0,0
4743,3.3751578330993652,3.2069945335388184,1,1
4744,2.953808307647705,2.916351795196533,1,1
4745,2.8045754432678223,2.6813926696777344,1,1
4746,2.5451772212982178,2.5616016387939453,1,1
4747,2.75650954246521,2.6044435501098633,1,1
4748,2.9521758556365967,2.916358470916748,1,1
4749,3.259209156036377,2.9693782329559326,0,0
4750,3.461331367492676,3.154261589050293,0,0
4751,3.321610927581787,3.1266188621520996,0,0
4752,2.2483108043670654,2.338002920150757,1,1
4753,2.9773051738739014,2.8295037746429443,1,1
4754,2.9750406742095947,2.69547176361084,0,0
4755,2.8826472759246826,2.7683587074279785,0,0
4756,2.6114752292633057,2.5579404830932617,0,0
4757,2.9833929538726807,2.8247227668762207,0,0
4758,2.557711124420166,2.5978293418884277,0,0
4759,2.9546585083007812,2.811600685119629,0,0
4760,2.7841997146606445,2.6940290927886963,1,1
4761,2.9410393238067627,2.78700590133667,0,0
4762,2.925123929977417,2.6466073989868164,1,1
4763,2.9615516662597656,2.8087849617004395,1,1
4764,2.4344584941864014,2.243910789489746,0,0
4765,2.811992883682251,2.6071672439575195,0,0
4766,2.4126861095428467,2.2118499279022217,1,1
4767,3.1191024780273438,2.8487563133239746,1,1
4768,2.9401066303253174,2.8637170791625977,0,0
4769,3.2754874229431152,2.970123767852783,0,0
4770,3.5613324642181396,3.2303366661071777,0,0
4771,3.143223524093628,2.7876272201538086,1,1
4772,3.7123401165008545,3.0368587970733643,1,1
4773,3.475450038909912,3.127232074737549,1,1
4774,3.279759168624878,3.0202882289886475,1,1
4775,3.2673163414001465,2.9772520065307617,1,1
4776,3.041261672973633,2.9813482761383057,0,0
4777,3.046048164367676,2.9908289909362793,1,1
4778,2.869706153869629,2.7603070735931396,1,1
4779,3.2678592205047607,3.0144104957580566,0,0
4780,3.362523317337036,3.0597057342529297,1,1
4781,3.2499582767486572,3.2343626022338867,0,0
4782,3.8889341354370117,3.271899938583374,1,1
4783,3.0458390712738037,2.911478281021118,0,0
4784,3.0341711044311523,2.9713997840881348,0,0
4785,3.323822498321533,2.885801315307617,0,0
4786,3.5180230140686035,3.4156768321990967,1,1
4787,3.2597432136535645,3.158951997756958,0,0
4788,3.465705156326294,3.422285556793213,1,1
4789,3.6551153659820557,3.552400827407837,0,0
4790,3.5543503761291504,3.4540185928344727,1,1
4791,2.831113815307617,2.8457236289978027,1,1
4792,3.906949520111084,3.5396995544433594,1,1
4793,3.354600667953491,3.033475637435913,1,1
4794,3.229245662689209,3.083456039428711,0,0
4795,3.403245449066162,3.278376579284668,1,1
4796,3.6590678691864014,3.4249227046966553,1,1
4797,3.4098215103149414,3.1091256141662598,0,0
4798,3.7773613929748535,3.315847873687744,0,0
4799,3.5291948318481445,3.064197540283203,0,0
4800,3.0543596744537354,2.805922508239746,1,1
4801,3.2702114582061768,2.8078322410583496,0,0
4802,3.3392910957336426,2.97086501121521,0,0
4803,3.288968563079834,2.9438798427581787,0,0
4804,3.1109302043914795,2.8750829696655273,1,1
4805,3.281606912612915,3.053640127182007,1,1
4806,3.1621429920196533,3.007538318634033,0,0
4807,3.2716453075408936,2.9908390045166016,0,0
4808,3.1897754669189453,2.882063865661621,0,0
4809,3.3423635959625244,2.9382128715515137,1,1
4810,3.270792245864868,2.933647394180298,1,1
4811,3.1651875972747803,2.8649611473083496,1,1
4812,3.2398223876953125,3.067438840866089,1,1
4813,3.4934518337249756,3.093219041824341,0,0
4814,3.1327147483825684,2.9257407188415527,0,0
4815,3.083611488342285,2.7551660537719727,0,0
4816,3.252793312072754,3.136902332305908,0,0
4817,3.636204719543457,3.192232847213745,0,0
4818,2.4323878288269043,2.3672971725463867,0,0
4819,2.871539354324341,2.584914445877075,1,1
4820,3.1673831939697266,2.9570393562316895,1,1
4821,2.993692636489868,2.8109781742095947,1,1
4822,2.7931292057037354,2.5368103981018066,1,1
4823,3.211530923843384,2.997079372406006,0,0
4824,3.4196369647979736,2.985152244567871,0,0
4825,2.2628889083862305,2.125509262084961,0,0
4826,3.1342594623565674,2.6777772903442383,1,1
4827,3.6033947467803955,3.1574771404266357,1,1
4828,3.3427417278289795,2.8512210845947266,0,0
4829,3.1522557735443115,2.8691036701202393,1,1
4830,3.1214094161987305,2.716461181640625,0,0
4831,3.4120266437530518,3.02821946144104,1,1
4832,3.461404800415039,2.970989227294922,1,1
4833,3.476299524307251,2.9870834350585938,0,0
4834,3.16469407081604,2.9209723472595215,0,0
4835,3.206117868423462,3.0649847984313965,1,1
4836,3.4978954792022705,3.0191354751586914,0,0
4837,2.881140947341919,2.7465176582336426,1,1
4838,3.050717353820801,2.7344131469726562,1,1
4839,3.1876697540283203,3.010098457336426,1,1
4840,3.1402204036712646,2.6744749546051025,0,0
4841,2.7522945404052734,2.3635993003845215,1,1
4842,3.250837564468384,2.6884336471557617,1,1
4843,3.383557081222534,2.7977170944213867,1,1
4844,2.880283832550049,2.5566787719726562,1,1
4845,3.222770929336548,3.022726535797119,1,1
4846,3.066107749938965,2.7720465660095215,1,1
4847,3.126938581466675,2.8615174293518066,1,1
4848,3.7811849117279053,3.2603423595428467,1,1
4849,3.6764769554138184,3.2659659385681152,1,1
4850,3.8327808380126953,3.61877179145813,1,1
4851,2.6776788234710693,2.704169988632202,1,1
4852,2.6221888065338135,2.755375385284424,0,0
4853,3.2634458541870117,3.1760308742523193,0,0
4854,2.7826006412506104,2.847283363342285,0,0
4855,3.0145444869995117,2.8850789070129395,0,0
4856,3.3185606002807617,3.027575969696045,0,0
4857,3.516183376312256,3.3607337474823,1,1
4858,3.7597482204437256,3.3705646991729736,1,1
4859,3.250864267349243,3.0223307609558105,1,1
4860,3.3292317390441895,3.103632926940918,0,0
4861,3.2258377075195312,2.910572052001953,0,0
4862,3.160565137863159,2.9934823513031006,0,0
4863,3.0571885108947754,2.8626887798309326,0,0
4864,3.199909210205078,2.97782826423645,1,1
4865,3.3607888221740723,3.198032855987549,0,0
4866,3.590852737426758,3.248291254043579,1,1
4867,3.503797769546509,3.312483549118042,1,1
4868,3.339958906173706,3.009765148162842,0,0
4869,3.362602472305298,3.1223859786987305,1,1
4870,3.4554591178894043,3.137209892272949,0,0
4871,3.203782558441162,3.0904464721679688,1,1
4872,3.239712715148926,3.111470937728882,1,1
4873,3.3965516090393066,3.210256814956665,1,1
4874,3.3134098052978516,3.1295528411865234,0,0
4875,2.694119930267334,2.7803592681884766,0,0
4876,3.326345682144165,3.0086944103240967,1,1
4877,3.080831527709961,3.0260448455810547,1,1
4878,3.2356021404266357,2.927572250366211,0,0
4879,2.975492238998413,2.8011443614959717,0,0
4880,3.3683528900146484,3.001154899597168,0,0
4881,3.252361536026001,2.8006041049957275,1,1
4882,3.386373281478882,2.9746599197387695,0,0
4883,3.2570009231567383,3.0540194511413574,1,1
4884,3.1561241149902344,2.962782621383667,1,1
4885,3.266385316848755,3.054877281188965,1,1
4886,3.2983758449554443,2.8747289180755615,0,0
4887,3.21347975730896,2.7233481407165527,0,0
4888,3.4490699768066406,2.942401885986328,1,1
4889,3.610865592956543,3.2766366004943848,0,0
4890,3.1070728302001953,2.722534418106079,0,0
4891,2.9563651084899902,2.571260690689087,1,1
4892,3.6012396812438965,3.1733925342559814,1,1
4893,3.6402809619903564,3.1088356971740723,1,1
4894,4.14288330078125,3.5225138664245605,1,1
4895,3.5899813175201416,3.1756725311279297,1,1
4896,3.516071081161499,3.2301766872406006,1,1
4897,3.6073522567749023,3.219390392303467,0,0
4898,3.4871866703033447,3.1289587020874023,0,0
4899,3.3481855392456055,2.84476375579834,0,0
4900,2.441816806793213,2.1406304836273193,1,1
4901,2.5918173789978027,2.358304262161255,1,1
4902,2.6207518577575684,2.413757801055908,0,0
4903,2.4027092456817627,2.329396963119507,1,1
4904,2.5624594688415527,2.5267107486724854,1,1
4905,2.5327985286712646,2.504185914993286,1,1
4906,2.4846229553222656,2.4422879219055176,0,0
4907,2.4370715618133545,2.4165360927581787,0,0
4908,2.372499465942383,2.295996904373169,0,0
4909,2.846500873565674,2.6905689239501953,0,0
4910,2.793447971343994,2.5933902263641357,1,1
4911,3.0876305103302,2.8609330654144287,0,0
4912,3.4751193523406982,3.2423746585845947,0,0
4913,3.1427724361419678,2.851209878921509,0,0
4914,3.4448013305664062,3.147891044616699,0,0
4915,3.52128529548645,3.1566426753997803,1,1
4916,3.5626518726348877,3.465097427368164,1,1
4917,3.179788112640381,3.1360244750976562,1,1
4918,3.3003344535827637,3.2507619857788086,1,1
4919,3.3854079246520996,3.194593906402588,0,0
4920,3.37646222114563,3.165684223175049,0,0
4921,3.561109781265259,3.4268264770507812,1,1
4922,3.4676413536071777,3.4477481842041016,0,0
4923,3.0995869636535645,3.0243401527404785,0,0
4924,3.3171133995056152,3.1860499382019043,0,0
4925,3.508594512939453,3.209836483001709,0,0
4926,3.045656442642212,3.091399669647217,1,1
4927,3.3807408809661865,3.3174571990966797,1,1
4928,2.9509732723236084,2.9840238094329834,1,1
4929,3.810645818710327,3.6166625022888184,1,1
4930,3.28883695602417,3.1178793907165527,1,1
4931,3.3800950050354004,3.142627716064453,1,1
4932,3.2963223457336426,3.0665249824523926,1,1
4933,3.023017644882202,2.8610715866088867,1,1
4934,2.8781120777130127,2.7671103477478027,0,0
4935,3.1719307899475098,2.8861641883850098,0,0
4936,2.692992925643921,2.490980625152588,1,1
4937,3.2834670543670654,3.0733554363250732,0,0
4938,3.231024980545044,2.8864364624023438,1,1
4939,3.0251104831695557,2.770982265472412,0,0
4940,3.1757147312164307,2.9015166759490967,0,0
4941,3.1964876651763916,3.189199924468994,0,0
4942,3.3109302520751953,3.057886838912964,0,0
4943,3.2694435119628906,2.9640161991119385,0,0
4944,2.9617016315460205,2.85843825340271,0,0
4945,3.336608648300171,3.1342220306396484,0,0
4946,3.0956008434295654,3.0465188026428223,0,0
4947,3.468904972076416,3.375432014465332,0,0
4948,3.545835018157959,3.3064894676208496,0,0
4949,3.2196261882781982,3.045027732849121,0,0
4950,3.5173122882843018,3.1619184017181396,0,0
4951,3.7400076389312744,3.355375289916992,1,1
4952,3.32914662361145,2.9784021377563477,0,0
4953,3.4665188789367676,3.1636834144592285,0,0
4954,3.5323429107666016,3.125612735748291,0,0
4955,3.4160473346710205,3.2656021118164062,0,0
4956,3.9171056747436523,3.4711618423461914,0,0
4957,3.7259604930877686,3.3267765045166016,0,0
4958,3.6503260135650635,3.320955276489258,1,1
4959,3.4626998901367188,3.129396915435791,0,0
4960,3.5389790534973145,3.2680959701538086,1,1
4961,3.595014810562134,3.2849583625793457,1,1
4962,3.1969497203826904,3.078474521636963,1,1
4963,3.178659439086914,3.090233325958252,0,0
4964,3.5311667919158936,3.250791549682617,1,1
4965,3.194370746612549,2.8464601039886475,1,1
4966,3.155689001083374,2.901981830596924,0,0
4967,3.4257121086120605,2.7732186317443848,0,0
4968,3.3399298191070557,3.1596908569335938,1,1
4969,3.823075532913208,3.4580562114715576,1,1
4970,3.7933948040008545,3.4661622047424316,0,0
4971,3.6072521209716797,3.3322830200195312,0,0
4972,3.58193039894104,3.4288344383239746,1,1
4973,3.6957967281341553,3.412688732147217,0,0
4974,2.9281177520751953,2.943115472793579,0,0
4975,2.8153178691864014,2.698554515838623,0,0
4976,3.221759557723999,2.7592897415161133,1,1
4977,3.1014626026153564,2.8195719718933105,0,0
4978,3.156071424484253,3.054325580596924,1,1
4979,3.193777561187744,2.9118223190307617,1,1
4980,3.5119950771331787,3.1291427612304688,0,0
4981,3.6457695960998535,3.328777551651001,0,0
4982,3.1763291358947754,3.0445990562438965,0,0
4983,3.323359251022339,3.0019898414611816,0,0
4984,3.3956692218780518,3.0327274799346924,0,0
4985,3.1609315872192383,2.8210768699645996,0,0
4986,3.308185577392578,3.1245882511138916,0,0
4987,2.4322593212127686,2.5496222972869873,0,0
4988,3.285888671875,2.9873552322387695,1,1
4989,3.248683214187622,2.921445846557617,0,0
4990,3.1200826168060303,2.9034972190856934,0,0
4991,3.1415340900421143,2.9645707607269287,1,1
4992,3.3567564487457275,2.90602707862854,0,0
4993,3.3123133182525635,3.1403465270996094,0,0
4994,3.12307071685791,2.8608734607696533,0,0
4995,3.106682538986206,2.9057259559631348,1,1
4996,3.3028879165649414,2.9881272315979004,1,1
4997,3.2561612129211426,2.994741439819336,0,0
4998,3.2380967140197754,2.8744583129882812,1,1
4999,3.254283905029297,2.924441337585449,1,1
5000,2.755918264389038,2.4444572925567627,1,1
5001,3.057222366333008,2.76412296295166,1,1
5002,3.29490327835083,2.7345309257507324,0,0
5003,3.166257381439209,2.6736795902252197,1,1
5004,3.395827054977417,3.068073034286499,0,0
5005,2.8181939125061035,2.680140495300293,0,0
5006,3.3240256309509277,2.7652904987335205,0,0
5007,3.223179340362549,2.7895359992980957,0,0
5008,3.6219301223754883,3.1078691482543945,1,1
5009,3.351213216781616,2.900599479675293,0,0
5010,2.8244388103485107,2.5283219814300537,0,0
5011,3.111356019973755,2.803239107131958,0,0
5012,3.1878132820129395,2.7683496475219727,1,1
5013,2.963040351867676,2.661790370941162,0,0
5014,3.1628541946411133,2.840418815612793,1,1
5015,2.9423279762268066,2.9357423782348633,1,1
5016,3.3694794178009033,3.1704609394073486,0,0
5017,2.881345748901367,2.763237714767456,1,1
5018,3.084453582763672,2.8394899368286133,1,1
5019,3.338514804840088,3.1475491523742676,0,0
5020,3.5323774814605713,3.2120299339294434,1,1
5021,3.6105473041534424,3.2647483348846436,0,0
5022,3.355069875717163,3.192469835281372,0,0
5023,3.3171186447143555,3.06500244140625,0,0
5024,3.627810478210449,3.459684133529663,1,1
5025,3.3348419666290283,3.12280011177063,1,1
5026,3.3804314136505127,3.1348133087158203,1,1
5027,3.7395217418670654,3.3918209075927734,1,1
5028,3.2536680698394775,2.999876022338867,1,1
5029,3.350943088531494,2.9485745429992676,0,0
5030,3.364820718765259,2.9920220375061035,0,0
5031,3.415276288986206,3.135122299194336,1,1
5032,3.6499080657958984,3.1690311431884766,0,0
5033,3.0973143577575684,2.7051682472229004,1,1
5034,2.892648935317993,2.5978879928588867,0,0
5035,3.2175405025482178,2.792656421661377,1,1
5036,3.8971498012542725,3.457503318786621,0,0
5037,2.902885675430298,2.6173019409179688,0,0
5038,3.0738425254821777,3.1091268062591553,1,1
5039,2.4672763347625732,2.437525749206543,1,1
5040,2.4609322547912598,2.3102903366088867,1,1
5041,2.6960461139678955,2.7293834686279297,1,1
5042,3.858736753463745,3.3466696739196777,1,1
5043,3.4682207107543945,3.1791176795959473,1,1
5044,3.091594934463501,2.7974400520324707,0,0
5045,3.3741848468780518,3.207855224609375,1,1
5046,3.4637084007263184,3.1044797897338867,1,1
5047,3.4127235412597656,3.106977701187134,1,1
5048,3.0599541664123535,3.070082426071167,0,0
5049,3.3379340171813965,3.077235698699951,1,1
5050,3.3274643421173096,3.0751523971557617,0,0
5051,3.38634991645813,3.240485191345215,0,0
5052,3.2009644508361816,2.969834089279175,0,0
5053,3.590852975845337,3.3998541831970215,0,0
5054,3.605020046234131,3.4247000217437744,0,0
5055,3.8707733154296875,3.447819948196411,1,1
5056,3.527008295059204,3.2758777141571045,1,1
5057,3.587900161743164,3.3445420265197754,1,1
5058,3.6156322956085205,3.412322521209717,1,1
5059,3.7624073028564453,3.613666534423828,0,0
5060,4.021716117858887,3.5671780109405518,1,1
5061,3.616633415222168,3.410642147064209,0,0
5062,3.6337811946868896,3.440394639968872,1,1
5063,3.6971750259399414,3.5085508823394775,1,1
5064,3.6239187717437744,3.3259191513061523,0,0
5065,3.4947383403778076,3.3463034629821777,0,0
5066,3.825195789337158,3.5754666328430176,1,1
5067,3.4421048164367676,3.3435635566711426,0,0
5068,3.8751604557037354,3.5844967365264893,0,0
5069,3.496058702468872,3.24839448928833,0,0
5070,3.395784616470337,3.0671610832214355,1,1
5071,3.5196852684020996,3.2589111328125,1,1
5072,3.2638161182403564,3.0968635082244873,1,1
5073,3.373671770095825,3.1122238636016846,1,1
5074,2.9998836517333984,3.0027706623077393,1,1
5075,3.743180274963379,3.4358983039855957,1,1
5076,3.200706720352173,3.0684125423431396,0,0
5077,3.5337724685668945,3.3528473377227783,1,1
5078,3.425686836242676,3.3466765880584717,1,1
5079,3.454413652420044,3.2137768268585205,0,0
5080,3.1377344131469727,3.069614887237549,1,1
5081,3.502108097076416,3.3916079998016357,0,0
5082,3.457918405532837,3.3167343139648438,0,0
5083,3.699678897857666,3.206803560256958,1,1
5084,3.5849432945251465,3.3387861251831055,1,1
5085,2.691486358642578,2.461798667907715,1,1
5086,2.9998281002044678,2.888958692550659,0,0
5087,3.0579159259796143,3.112398624420166,0,0
5088,3.447676181793213,3.168107509613037,1,1
5089,2.6406984329223633,2.5370872020721436,0,0
5090,3.1995527744293213,2.7973580360412598,1,1
5091,2.913102149963379,2.642831325531006,1,1
5092,2.500216484069824,2.4368040561676025,0,0
5093,3.175082206726074,2.860799789428711,0,0
5094,3.6408581733703613,3.3420138359069824,0,0
5095,3.3183631896972656,3.0804059505462646,1,1
5096,3.2825229167938232,2.973893404006958,0,0
5097,3.4518213272094727,3.282179594039917,1,1
5098,3.491865634918213,3.3123691082000732,0,0
5099,3.4827773571014404,3.1361918449401855,0,0
5100,3.318345546722412,3.122514247894287,1,1
5101,3.1224498748779297,3.002669334411621,1,1
5102,2.8882203102111816,2.7484965324401855,1,1
5103,3.491132974624634,3.0981125831604004,1,1
5104,3.228992462158203,3.068230390548706,0,0
5105,2.775052785873413,2.646627187728882,1,1
5106,3.3645095825195312,3.1838996410369873,1,1
5107,3.354005813598633,3.0898990631103516,0,0
5108,3.4110569953918457,3.045872926712036,1,1
5109,3.3114542961120605,3.1453850269317627,0,0
5110,2.695629835128784,2.5711936950683594,0,0
5111,2.8184101581573486,2.763888359069824,0,0
5112,3.0300467014312744,2.712919235229492,1,1
5113,2.989607572555542,2.654533863067627,1,1
5114,3.564797878265381,3.0041866302490234,0,0
5115,3.612277030944824,3.167546272277832,1,1
5116,3.296527862548828,2.7883286476135254,1,1
5117,3.2118403911590576,3.010598659515381,1,1
5118,3.7941064834594727,3.3573758602142334,1,1
5119,3.4178342819213867,3.187418222427368,1,1
5120,3.570603132247925,3.3580784797668457,1,1
5121,3.7862536907196045,3.682887077331543,1,1
5122,3.619948625564575,3.44016432762146,0,0
5123,3.5456299781799316,3.3638455867767334,1,1
5124,3.388798952102661,3.100496768951416,1,1
5125,3.8260338306427,3.5343518257141113,0,0
5126,3.9014434814453125,3.275303602218628,1,1
5127,3.3673551082611084,3.2167978286743164,0,0
5128,3.55161190032959,3.256402015686035,1,1
5129,3.776463031768799,3.4429361820220947,0,0
5130,3.7053632736206055,3.4245052337646484,0,0
5131,3.9313206672668457,3.5389420986175537,1,1
5132,3.5742127895355225,3.0659971237182617,0,0
5133,3.7677972316741943,3.3861372470855713,1,1
5134,3.036355495452881,2.7499115467071533,1,1
5135,2.5962886810302734,2.425215244293213,1,1
5136,2.969097375869751,2.8289108276367188,0,0
5137,2.7419447898864746,2.5194499492645264,0,0
5138,2.7756385803222656,2.617792844772339,0,0
5139,2.3609731197357178,2.3283820152282715,1,1
5140,3.0718677043914795,2.8806896209716797,1,1
5141,2.1879642009735107,2.0125927925109863,1,1
5142,3.281280517578125,3.005077838897705,0,0
5143,2.7355639934539795,2.619518756866455,1,1
5144,2.9737699031829834,2.683579444885254,1,1
5145,2.9644243717193604,2.728178024291992,1,1
5146,3.181049108505249,2.7544569969177246,1,1
5147,2.8004236221313477,2.5225820541381836,1,1
5148,3.124154567718506,2.8398988246917725,1,1
5149,3.160266160964966,2.794734001159668,1,1
5150,2.869795560836792,2.640303373336792,1,1
5151,3.048325538635254,2.6429805755615234,0,0
5152,2.942230701446533,2.766291618347168,1,1
5153,3.251600503921509,3.0021777153015137,0,0
5154,3.1516318321228027,2.984137773513794,1,1
5155,3.787576913833618,3.336667060852051,0,0
5156,2.9724886417388916,3.0263288021087646,1,1
5157,4.026022911071777,3.4005396366119385,1,1
5158,3.3126120567321777,3.06300687789917,0,0
5159,2.809295892715454,2.600090503692627,1,1
5160,2.7123358249664307,2.7719318866729736,0,0
5161,3.191260814666748,2.859100103378296,1,1
5162,3.139302968978882,3.0205626487731934,0,0
5163,3.267268657684326,3.0346555709838867,1,1
5164,2.9807417392730713,2.6824097633361816,0,0
5165,2.4764597415924072,2.4062931537628174,1,1
5166,2.5442984104156494,2.4406275749206543,0,0
5167,3.314849615097046,3.043125629425049,1,1
5168,3.5751004219055176,3.242795944213867,1,1
5169,3.647634983062744,3.343613624572754,1,1
5170,3.4571797847747803,3.3623671531677246,0,0
5171,3.3658413887023926,3.272416830062866,1,1
5172,3.8662264347076416,3.1815080642700195,0,0
5173,3.6344306468963623,3.2162225246429443,1,1
5174,3.9682328701019287,3.53944993019104,1,1
5175,4.1721510887146,3.566918134689331,0,0
5176,3.6804137229919434,3.2771050930023193,1,1
5177,3.8367819786071777,3.4084343910217285,1,1
5178,4.160337924957275,3.463289260864258,0,0
5179,3.830538272857666,3.327157974243164,0,0
5180,3.7282521724700928,3.3094639778137207,1,1
5181,3.6618950366973877,3.3495986461639404,0,0
5182,3.9981138706207275,3.4690868854522705,0,0
5183,3.4070677757263184,3.2590105533599854,0,0
5184,3.891960859298706,3.6125712394714355,0,0
5185,3.5259273052215576,3.1556012630462646,1,1
5186,3.7644360065460205,3.2208876609802246,1,1
5187,3.3194222450256348,2.9101130962371826,1,1
5188,2.4797518253326416,2.250965118408203,1,1
5189,2.787738561630249,2.458787441253662,1,1
5190,2.9924674034118652,2.6087565422058105,1,1
5191,3.362762212753296,2.911515474319458,1,1
5192,3.385239362716675,2.989626169204712,0,0
5193,3.705448627471924,3.168804168701172,1,1
5194,3.2863800525665283,3.098311185836792,1,1
5195,2.792930841445923,2.699063777923584,0,0
5196,2.82144832611084,2.4799089431762695,1,1
5197,2.7167716026306152,2.585707426071167,0,0
5198,3.00821590423584,2.848069906234741,1,1
5199,3.3549280166625977,3.0482521057128906,0,0
5200,2.8491694927215576,2.77754807472229,1,1
5201,3.1753222942352295,2.838181257247925,0,0
5202,2.606858253479004,2.4756641387939453,0,0
5203,3.336691379547119,2.937363624572754,1,1
5204,3.0462093353271484,2.9783918857574463,1,1
5205,3.5261754989624023,3.368406295776367,0,0
5206,3.2931411266326904,3.2631471157073975,0,0
5207,3.2795157432556152,3.257504463195801,0,0
5208,3.8222904205322266,3.538982391357422,1,1
5209,3.234632730484009,3.1722445487976074,1,1
5210,3.654078960418701,3.404789447784424,1,1
5211,3.5604872703552246,3.329901933670044,0,0
5212,3.6003847122192383,3.4832534790039062,0,0
5213,3.7406809329986572,3.6291277408599854,1,1
5214,3.6135261058807373,3.4093995094299316,1,1
5215,3.3006367683410645,3.2887115478515625,0,0
5216,3.5067546367645264,3.333421230316162,0,0
5217,3.256681442260742,2.84602952003479,0,0
5218,3.210719108581543,3.166916847229004,1,1
5219,3.305323600769043,3.2277095317840576,1,1
5220,3.74173641204834,3.530017375946045,0,0
5221,3.8919479846954346,3.658247947692871,0,0
5222,3.523684024810791,3.273129463195801,1,1
5223,3.2055158615112305,2.973151683807373,0,0
5224,4.361902713775635,2.640082836151123,1,1
5225,4.5112738609313965,3.347458839416504,0,0
5226,3.0782811641693115,3.082929849624634,0,0
5227,3.351186990737915,3.185908079147339,1,1
5228,2.9341142177581787,2.7966504096984863,0,0
5229,3.2740478515625,3.1448044776916504,1,1
5230,3.4824979305267334,3.0337753295898438,1,1
5231,3.747830390930176,3.2820792198181152,0,0
5232,3.5269463062286377,3.2942068576812744,0,0
5233,3.7931089401245117,3.407944679260254,0,0
5234,3.2761316299438477,3.1626884937286377,1,1
5235,3.766573667526245,3.4693493843078613,0,0
5236,3.6287968158721924,3.2878823280334473,0,0
5237,3.83072566986084,3.4071359634399414,0,0
5238,3.4981887340545654,3.2616162300109863,0,0
5239,3.8842780590057373,3.4027137756347656,1,1
5240,3.6898093223571777,3.1887223720550537,0,0
5241,3.569923162460327,2.9904513359069824,1,1
5242,3.13520884513855,2.8839235305786133,1,1
5243,3.263875961303711,2.998880386352539,0,0
5244,3.633321762084961,3.219654083251953,0,0
5245,3.9147210121154785,3.418414354324341,0,0
5246,3.7939558029174805,3.5230190753936768,0,0
5247,3.3420767784118652,3.134410858154297,1,1
5248,3.9336209297180176,3.498469352722168,1,1
5249,3.875498056411743,3.2849535942077637,0,0
5250,3.8799664974212646,3.3823659420013428,1,1
5251,3.474928855895996,3.3978824615478516,0,0
5252,3.2625560760498047,2.9976048469543457,0,0
5253,3.285792827606201,3.077436685562134,1,1
5254,3.2132763862609863,3.261737823486328,0,0
5255,3.462242603302002,3.267697334289551,0,0
5256,3.3980679512023926,3.232907772064209,1,1
5257,3.514268398284912,3.2874178886413574,1,1
5258,3.2630128860473633,3.0383222103118896,1,1
5259,3.2305989265441895,2.9208528995513916,1,1
5260,3.92515230178833,3.445115566253662,1,1
5261,3.3456058502197266,3.058419942855835,1,1
5262,3.1174819469451904,3.080535650253296,1,1
5263,3.2452409267425537,3.248408317565918,1,1
5264,3.534864664077759,3.199824810028076,0,0
5265,3.359231472015381,3.321629524230957,0,0
5266,3.037574052810669,3.0430514812469482,1,1
5267,3.2601451873779297,3.1993842124938965,1,1
5268,3.442110300064087,3.3497636318206787,1,1
5269,3.677473306655884,3.3977465629577637,0,0
5270,3.6009044647216797,3.426619529724121,0,0
5271,3.571200132369995,3.397106647491455,1,1
5272,3.5465831756591797,3.3058886528015137,0,0
5273,3.6117000579833984,3.369961738586426,0,0
5274,3.4665427207946777,3.4787089824676514,1,1
5275,3.532287359237671,3.3962349891662598,1,1
5276,3.497405529022217,3.1942286491394043,0,0
5277,3.003756523132324,2.8148868083953857,0,0
5278,2.853020668029785,2.787142276763916,1,1
5279,3.2034263610839844,3.069990634918213,0,0
5280,3.730404853820801,3.3835525512695312,0,0
5281,3.0701706409454346,2.8838798999786377,0,0
5282,2.865631341934204,2.6237645149230957,1,1
5283,3.316011667251587,3.0179784297943115,0,0
5284,2.8680806159973145,2.950634241104126,0,0
5285,2.9514689445495605,2.832393169403076,0,0
5286,2.7350003719329834,2.567883253097534,0,0
5287,2.63765025138855,2.441659927368164,0,0
5288,3.1157705783843994,2.9771361351013184,0,0
5289,2.9020872116088867,2.6821532249450684,1,1
5290,3.107064962387085,2.9762237071990967,0,0
5291,3.211068868637085,3.0030088424682617,0,0
5292,3.343234062194824,3.2553517818450928,1,1
5293,3.1546828746795654,2.9666688442230225,1,1
5294,3.1359097957611084,3.087437152862549,1,1
5295,3.0223374366760254,2.9346799850463867,0,0
5296,3.017655849456787,2.8240671157836914,1,1
5297,3.062206506729126,2.834785223007202,1,1
5298,3.4644298553466797,3.272547721862793,1,1
5299,3.054635524749756,2.9305973052978516,0,0
5300,3.1979899406433105,2.8019165992736816,1,1
5301,3.2005155086517334,2.996523141860962,0,0
5302,3.358532428741455,2.892040252685547,1,1
5303,2.7828874588012695,2.563368320465088,0,0
5304,2.8836207389831543,2.62717866897583,1,1
5305,3.0393624305725098,2.756985664367676,1,1
5306,3.498523235321045,2.9157347679138184,0,0
5307,2.9717133045196533,2.665937900543213,0,0
5308,3.1083297729492188,2.845114231109619,1,1
5309,2.984994411468506,2.7043349742889404,1,1
5310,3.063976764678955,2.837252616882324,1,1
5311,3.432830810546875,2.952927827835083,0,0
5312,3.1575498580932617,2.919281482696533,0,0
5313,3.4490904808044434,3.04058575630188,0,0
5314,3.5997426509857178,3.1274328231811523,0,0
5315,3.3584139347076416,2.9846131801605225,1,1
5316,3.1520586013793945,2.795719861984253,1,1
5317,3.6474454402923584,3.1909492015838623,1,1
5318,3.67769193649292,3.209336280822754,1,1
5319,3.4168972969055176,3.128668785095215,1,1
5320,3.111321449279785,2.8361639976501465,1,1
5321,3.4686567783355713,3.0756239891052246,0,0
5322,3.0674898624420166,2.9395627975463867,0,0
5323,2.9255733489990234,2.6965911388397217,1,1
5324,3.40336012840271,2.907151937484741,1,1
5325,3.288522481918335,3.051999807357788,1,1
5326,3.032473087310791,2.706414222717285,1,1
5327,3.574428081512451,3.0851893424987793,1,1
5328,3.385575294494629,3.154017448425293,1,1
5329,3.3294827938079834,3.1539525985717773,0,0
5330,3.3914225101470947,3.1741819381713867,1,1
5331,3.152787923812866,2.974651336669922,1,1
5332,3.3869106769561768,3.2317678928375244,0,0
5333,3.619265556335449,3.2951252460479736,1,1
5334,3.4619698524475098,3.2002673149108887,1,1
5335,3.6179614067077637,3.2261624336242676,1,1
5336,3.57806658744812,3.1704225540161133,0,0
5337,3.3359532356262207,2.9299254417419434,0,0
5338,3.562264919281006,3.030254602432251,0,0
5339,3.2676029205322266,2.8899030685424805,0,0
5340,3.179287910461426,3.0436649322509766,0,0
5341,2.8484106063842773,2.796360969543457,1,1
5342,3.2668685913085938,2.92858624458313,0,0
5343,3.115403175354004,2.8459882736206055,0,0
5344,3.432511568069458,2.9818811416625977,1,1
5345,2.9364371299743652,2.7401540279388428,1,1
5346,3.095489025115967,3.001573085784912,1,1
5347,3.036714553833008,2.8602662086486816,1,1
5348,2.913788318634033,2.7499678134918213,0,0
5349,2.9413650035858154,2.912327289581299,0,0
5350,3.3929033279418945,3.001494884490967,1,1
5351,3.4844284057617188,3.1145286560058594,1,1
5352,3.5270936489105225,3.3173933029174805,1,1
5353,3.1093616485595703,3.0166208744049072,0,0
5354,3.3900108337402344,3.2251944541931152,0,0
5355,3.2354414463043213,3.207822799682617,0,0
5356,3.450443983078003,3.16001033782959,0,0
5357,3.4146664142608643,3.241321563720703,0,0
5358,3.519193410873413,3.199195384979248,1,1
5359,3.6376547813415527,3.342927932739258,1,1
5360,3.7707529067993164,3.2274489402770996,0,0
5361,3.456721067428589,3.1858577728271484,1,1
5362,3.708564043045044,3.431262254714966,1,1
5363,3.3237032890319824,3.2532896995544434,1,1
5364,3.408531904220581,3.268402576446533,0,0
5365,3.6003835201263428,3.291504383087158,1,1
5366,3.5512866973876953,3.2407217025756836,0,0
5367,3.292217254638672,2.9975807666778564,1,1
5368,3.0941002368927,2.9920215606689453,1,1
5369,3.6658432483673096,3.292569160461426,1,1
5370,3.207538366317749,2.934382438659668,1,1
5371,3.300292730331421,2.9427270889282227,1,1
5372,3.4492619037628174,3.091221809387207,0,0
5373,3.237658977508545,3.099701404571533,1,1
5374,3.654776096343994,3.4376559257507324,1,1
5375,3.3994839191436768,3.2587528228759766,1,1
5376,3.9126126766204834,3.5758655071258545,1,1
5377,3.4919087886810303,3.3002638816833496,0,0
5378,3.617217779159546,3.1191213130950928,1,1
5379,3.6582083702087402,3.3785934448242188,1,1
5380,3.8604304790496826,3.523733615875244,0,0
5381,3.9511382579803467,3.604464530944824,1,1
5382,4.194059371948242,3.7186074256896973,1,1
5383,4.0056023597717285,3.5650839805603027,0,0
5384,4.058218002319336,3.461916446685791,0,0
5385,3.9663915634155273,3.5272741317749023,0,0
5386,3.4339218139648438,3.243616819381714,1,1
5387,3.615389585494995,3.1837353706359863,0,0
5388,3.963214635848999,3.361969470977783,0,0
5389,3.0978188514709473,3.0652401447296143,0,0
5390,3.1428661346435547,3.017012357711792,1,1
5391,2.920038938522339,2.930769443511963,1,1
5392,3.049323081970215,3.019742965698242,1,1
5393,3.2247703075408936,3.1781089305877686,0,0
5394,3.3533027172088623,3.10560941696167,1,1
5395,3.2498035430908203,3.161592721939087,1,1
5396,3.201618194580078,3.145796537399292,1,1
5397,3.1751410961151123,2.891258955001831,0,0
5398,3.326256275177002,3.273435115814209,0,0
5399,3.2563257217407227,3.1410274505615234,0,0
5400,3.360243797302246,3.2505626678466797,1,1
5401,3.315700054168701,3.2537832260131836,1,1
5402,3.742593288421631,3.557011842727661,0,0
5403,3.5098767280578613,3.257683277130127,0,0
5404,3.6209964752197266,3.139317035675049,1,1
5405,3.0390384197235107,2.834716320037842,0,0
5406,3.548853635787964,3.2204465866088867,0,0
5407,3.546543836593628,3.2450032234191895,0,0
5408,3.340211868286133,3.0517594814300537,1,1
5409,3.4786393642425537,3.0661425590515137,0,0
5410,3.657642364501953,3.344942092895508,1,1
5411,3.8771493434906006,3.348099708557129,1,1
5412,3.328747510910034,2.937643527984619,1,1
5413,3.529407024383545,3.283324956893921,1,1
5414,3.026798725128174,3.0708134174346924,1,1
5415,3.468012571334839,3.2140674591064453,0,0
5416,3.42769718170166,3.1030447483062744,1,1
5417,3.325197219848633,3.1244008541107178,0,0
5418,3.1873159408569336,3.0687732696533203,0,0
5419,3.2202794551849365,3.0818614959716797,0,0
5420,3.5953421592712402,3.191547155380249,0,0
5421,3.5575332641601562,3.193795680999756,0,0
5422,3.345224142074585,3.2211763858795166,0,0
5423,3.0620129108428955,2.949213981628418,1,1
5424,3.5089621543884277,3.088719367980957,0,0
5425,3.284114360809326,2.9644992351531982,1,1
5426,3.5296339988708496,3.0177698135375977,1,1
5427,3.613185405731201,3.2375214099884033,0,0
5428,3.740518093109131,3.254180431365967,1,1
5429,3.376002788543701,3.0873796939849854,1,1
5430,3.2556211948394775,3.0617637634277344,0,0
5431,3.247138738632202,3.0632457733154297,1,1
5432,2.984382152557373,3.07269549369812,1,1
5433,3.2903640270233154,3.219104290008545,0,0
5434,3.0541863441467285,3.1642932891845703,0,0
5435,3.3827168941497803,3.4020533561706543,0,0
5436,3.269531726837158,3.1374573707580566,1,1
5437,3.3059275150299072,3.257746696472168,1,1
5438,3.200272798538208,3.187169075012207,1,1
5439,3.363866090774536,3.1698691844940186,0,0
5440,3.2286806106567383,3.1854500770568848,0,0
5441,3.621528148651123,3.312286376953125,1,1
5442,2.861515998840332,2.64902663230896,1,1
5443,3.213128089904785,2.9670207500457764,0,0
5444,3.1952943801879883,3.0999913215637207,0,0
5445,2.8930089473724365,2.6699724197387695,0,0
5446,3.204599618911743,3.083742141723633,0,0
5447,3.085101366043091,2.981025457382202,0,0
5448,2.9228579998016357,2.782630443572998,1,1
5449,3.273500919342041,2.986884355545044,0,0
5450,3.1248719692230225,2.9212255477905273,0,0
5451,3.3614425659179688,3.0162851810455322,0,0
5452,3.5160675048828125,2.9174582958221436,1,1
5453,3.7890965938568115,3.283740520477295,1,1
5454,3.737236499786377,3.3882343769073486,1,1
5455,3.9694602489471436,3.4402966499328613,0,0
5456,3.9109296798706055,3.288393020629883,0,0
5457,3.5763490200042725,3.0828137397766113,1,1
5458,2.917746067047119,2.845726490020752,0,0
5459,3.2795188426971436,3.0687248706817627,1,1
5460,3.3554699420928955,2.976372003555298,0,0
5461,3.5626227855682373,3.2521629333496094,0,0
5462,3.627080202102661,3.3752188682556152,1,1
5463,3.012261152267456,2.9972033500671387,1,1
5464,2.918214797973633,2.854163885116577,1,1
5465,2.7261106967926025,2.4774513244628906,0,0
5466,3.590571403503418,2.8646764755249023,1,1
5467,3.027388572692871,2.923335075378418,0,0
5468,3.2720561027526855,3.017210006713867,1,1
5469,3.529480218887329,3.1866250038146973,0,0
5470,3.3452584743499756,2.9724669456481934,0,0
5471,2.880960702896118,2.5188984870910645,1,1
5472,3.042158603668213,2.836534261703491,0,0
5473,2.9174575805664062,2.764254570007324,0,0
5474,3.2437822818756104,3.0242974758148193,0,0
5475,3.005361795425415,2.940817356109619,0,0
5476,3.33732008934021,3.0410337448120117,1,1
5477,2.9256432056427,2.832137107849121,0,0
5478,3.113402843475342,2.962841510772705,0,0
5479,2.9388983249664307,2.8031859397888184,0,0
5480,3.0813114643096924,2.8459181785583496,1,1
5481,3.241265296936035,2.9150891304016113,0,0
5482,3.169229507446289,3.124018669128418,0,0
5483,3.415315866470337,3.1046433448791504,0,0
5484,3.4636428356170654,3.4498085975646973,1,1
5485,3.4605326652526855,3.2000651359558105,1,1
5486,3.310346841812134,3.1633856296539307,0,0
5487,3.3203351497650146,3.192366600036621,1,1
5488,3.3956587314605713,3.084467887878418,1,1
5489,3.004694938659668,2.9098856449127197,0,0
5490,2.8671908378601074,2.768428087234497,0,0
5491,3.0581753253936768,2.7503838539123535,1,1
5492,3.2035956382751465,2.9272572994232178,1,1
5493,3.203843832015991,3.072103977203369,1,1
5494,3.079651355743408,3.12530779838562,1,1
5495,3.2060627937316895,3.2069599628448486,0,0
5496,3.1831765174865723,3.2342724800109863,1,1
5497,3.162161111831665,3.3158740997314453,0,0
5498,3.4467504024505615,3.3023922443389893,0,0
5499,3.172243118286133,3.117414712905884,1,1
5500,2.832315683364868,2.6498403549194336,1,1
5501,3.090188980102539,2.8951148986816406,0,0
5502,3.432143211364746,3.076427698135376,1,1
5503,3.464672565460205,3.0783791542053223,1,1
5504,3.2414097785949707,2.9928464889526367,1,1
5505,3.166987895965576,2.831676721572876,0,0
5506,3.80007004737854,3.220353126525879,1,1
5507,3.1947712898254395,2.9051432609558105,0,0
5508,2.536958694458008,2.3278117179870605,1,1
5509,2.632028579711914,2.525545835494995,0,0
5510,2.7293310165405273,2.529520273208618,1,1
5511,2.778958559036255,2.403154134750366,1,1
5512,2.9364805221557617,2.750746250152588,0,0
5513,1.6116340160369873,1.7364999055862427,1,1
5514,2.3548238277435303,2.272655725479126,0,0
5515,2.7703614234924316,2.492295742034912,0,0
5516,3.2373082637786865,2.8233118057250977,0,0
5517,2.923168182373047,2.5579285621643066,1,1
5518,3.2667319774627686,2.685687303543091,1,1
5519,3.5748140811920166,3.050523042678833,0,0
5520,2.915222644805908,2.640903949737549,0,0
5521,3.063328266143799,2.8760457038879395,0,0
5522,3.223646879196167,2.7835161685943604,1,1
5523,2.8791890144348145,2.5771660804748535,0,0
5524,2.9679338932037354,2.578425884246826,0,0
5525,3.0315330028533936,2.85188889503479,1,1
5526,2.9445559978485107,2.7066609859466553,1,1
5527,2.8661699295043945,2.867887496948242,0,0
5528,2.8103718757629395,2.5825865268707275,1,1
5529,3.037238121032715,2.6178810596466064,1,1
5530,3.1487178802490234,2.590815305709839,0,0
5531,3.0210156440734863,2.752310276031494,1,1
5532,3.369880199432373,2.862454891204834,0,0
5533,3.479797124862671,2.9755494594573975,1,1
5534,3.0420777797698975,2.768336057662964,1,1
5535,3.377955436706543,3.0554006099700928,1,1
5536,3.474517822265625,3.1609182357788086,1,1
5537,2.884876251220703,2.6891541481018066,0,0
5538,2.9368131160736084,2.7464771270751953,0,0
5539,3.3551783561706543,3.118004322052002,1,1
5540,3.1715810298919678,3.0145323276519775,0,0
5541,2.9571893215179443,2.78157114982605,1,1
5542,3.2351479530334473,2.920443058013916,1,1
5543,3.5025100708007812,3.119208335876465,1,1
5544,3.485318660736084,3.1926376819610596,0,0
5545,3.605609655380249,3.0673532485961914,1,1
5546,3.730295181274414,3.273526191711426,1,1
5547,3.8383965492248535,3.4345202445983887,1,1
5548,3.6909072399139404,3.109405040740967,0,0
5549,3.4145984649658203,3.1128902435302734,0,0
5550,3.682584524154663,3.2013611793518066,1,1
5551,3.627269744873047,3.1766977310180664,0,0
5552,3.2104361057281494,3.0255584716796875,0,0
5553,3.480591297149658,3.274008274078369,1,1
5554,3.557828664779663,3.3437960147857666,0,0
5555,3.706448793411255,3.3681797981262207,0,0
5556,3.779698371887207,3.3198490142822266,1,1
5557,3.5925025939941406,3.415672779083252,1,1
5558,3.509448766708374,3.127551794052124,0,0
5559,3.858985662460327,3.40994930267334,1,1
5560,3.727323055267334,3.3709449768066406,0,0
5561,3.0975964069366455,2.9552342891693115,1,1
5562,3.012385368347168,2.9166173934936523,0,0
5563,2.924128770828247,2.8624134063720703,1,1
5564,3.3630454540252686,3.1950199604034424,0,0
5565,3.3098342418670654,3.0463855266571045,0,0
5566,2.7176599502563477,2.381110668182373,1,1
5567,3.001357316970825,2.748535633087158,0,0
5568,3.667874813079834,3.4140782356262207,0,0
5569,3.3725671768188477,3.1335678100585938,1,1
5570,3.4762887954711914,3.1983070373535156,0,0
5571,3.3837294578552246,3.156785011291504,0,0
5572,3.4958667755126953,3.1879005432128906,0,0
5573,3.572448968887329,3.3118810653686523,0,0
5574,3.5074307918548584,3.2012696266174316,0,0
5575,3.3176982402801514,3.226905345916748,1,1
5576,3.4645626544952393,3.273569107055664,0,0
5577,3.613845109939575,3.31064510345459,0,0
5578,3.7138445377349854,3.364193916320801,1,1
5579,3.763117551803589,3.6438732147216797,1,1
5580,3.6276700496673584,3.443636894226074,1,1
5581,3.4336955547332764,2.9678308963775635,0,0
5582,3.484454393386841,3.3989012241363525,0,0
5583,3.3785858154296875,3.09354829788208,0,0
5584,3.5526974201202393,3.425229072570801,0,0
5585,3.3775758743286133,3.1516270637512207,0,0
5586,3.4723033905029297,3.1941699981689453,0,0
5587,2.8542592525482178,2.624264717102051,1,1
5588,3.5673465728759766,3.436245918273926,1,1
5589,3.828336477279663,3.4115402698516846,0,0
5590,3.1094002723693848,3.0244412422180176,1,1
5591,3.4376354217529297,3.1947991847991943,0,0
5592,2.512723445892334,2.379659414291382,0,0
5593,3.6824193000793457,3.369870662689209,0,0
5594,3.89357328414917,3.4629268646240234,0,0
5595,3.120112895965576,3.0010313987731934,1,1
5596,3.228201389312744,2.9842731952667236,1,1
5597,3.2637574672698975,3.293858051300049,1,1
5598,3.1080825328826904,2.9577393531799316,1,1
5599,3.0973544120788574,2.988542318344116,1,1
5600,3.3257534503936768,3.092316150665283,0,0
5601,3.3976821899414062,2.995784282684326,1,1
5602,3.41021990776062,2.991765260696411,1,1
5603,3.5648367404937744,3.028866767883301,1,1
5604,3.572188377380371,3.2486603260040283,0,0
5605,3.9671621322631836,3.3538784980773926,1,1
5606,4.200417995452881,3.632852077484131,1,1
5607,3.8991146087646484,3.398005962371826,0,0
5608,3.627800226211548,3.274550199508667,1,1
5609,2.89699649810791,2.745049476623535,1,1
5610,3.0251007080078125,2.812553644180298,0,0
5611,3.0162205696105957,3.006751775741577,1,1
5612,3.2190117835998535,3.2333803176879883,1,1
5613,2.6864969730377197,2.805502414703369,0,0
5614,3.2600085735321045,3.155738353729248,0,0
5615,3.210876941680908,3.16351580619812,0,0
5616,2.7153875827789307,2.6166152954101562,1,1
5617,2.781129837036133,2.5911006927490234,0,0
5618,2.4954023361206055,2.2935562133789062,1,1
5619,2.775067090988159,2.5610291957855225,0,0
5620,3.011586904525757,2.846106767654419,0,0
5621,2.6640021800994873,2.677837610244751,1,1
5622,2.563560962677002,2.5060956478118896,0,0
5623,3.2772128582000732,3.1407148838043213,0,0
5624,2.869316577911377,2.746307849884033,1,1
5625,2.8275372982025146,2.6408610343933105,0,0
5626,3.08412504196167,2.8329434394836426,1,1
5627,3.0519297122955322,2.950317621231079,0,0
5628,3.2436108589172363,3.090158462524414,0,0
5629,3.0226962566375732,2.7488369941711426,1,1
5630,3.3235361576080322,3.0653064250946045,0,0
5631,3.2462947368621826,2.915447950363159,1,1
5632,3.1590824127197266,2.91324782371521,0,0
5633,2.879704713821411,2.7459704875946045,0,0
5634,2.8032901287078857,2.545767068862915,1,1
5635,3.0119986534118652,2.7178001403808594,0,0
5636,3.4356801509857178,3.1691508293151855,1,1
5637,3.047698497772217,2.9662985801696777,0,0
5638,3.564955234527588,3.21232271194458,1,1
5639,3.5639243125915527,3.135127305984497,0,0
5640,3.0547688007354736,2.6671652793884277,0,0
5641,2.895634412765503,2.491483211517334,1,1
5642,3.1230781078338623,2.8031911849975586,1,1
5643,3.30338191986084,2.8892524242401123,1,1
5644,3.447103977203369,3.246779441833496,1,1
5645,3.38069748878479,3.112509250640869,1,1
5646,3.2888100147247314,3.1066579818725586,1,1
5647,3.1950321197509766,3.0229103565216064,0,0
5648,3.137162923812866,2.8945565223693848,0,0
5649,2.6292061805725098,2.428926706314087,0,0
5650,2.8537285327911377,2.7729763984680176,1,1
5651,2.696946620941162,2.5559229850769043,1,1
5652,2.892906427383423,2.861333131790161,1,1
5653,3.1240789890289307,3.025676727294922,1,1
5654,2.9798200130462646,2.9793286323547363,1,1
5655,2.8140249252319336,2.75203275680542,0,0
5656,2.769563913345337,2.797712802886963,0,0
5657,2.50150728225708,2.5819873809814453,0,0
5658,2.5889580249786377,2.5448966026306152,0,0
5659,2.669529438018799,2.595781087875366,1,1
5660,2.703218698501587,2.5519392490386963,1,1
5661,3.045010566711426,2.842959403991699,1,1
5662,2.8068034648895264,2.830796957015991,0,0
5663,3.327782154083252,3.0877275466918945,1,1
5664,3.142853021621704,2.8194329738616943,0,0
5665,3.101550817489624,2.8396401405334473,0,0
5666,3.0930356979370117,2.761577606201172,1,1
5667,3.1901378631591797,2.6875247955322266,0,0
5668,3.670186758041382,3.1423280239105225,0,0
5669,3.7173995971679688,3.253201484680176,1,1
5670,3.1973073482513428,2.9084689617156982,0,0
5671,3.428180694580078,3.0132083892822266,0,0
5672,3.5604023933410645,2.96771502494812,1,1
5673,2.7016096115112305,2.3044846057891846,1,1
5674,2.8715295791625977,2.661285877227783,1,1
5675,2.8680613040924072,2.5477209091186523,0,0
5676,3.183943033218384,2.6129915714263916,1,1
5677,3.1234934329986572,2.4207324981689453,1,1
5678,3.0630528926849365,2.5232419967651367,1,1
5679,2.7370734214782715,2.426509380340576,0,0
5680,3.004875898361206,2.6786646842956543,1,1
5681,3.07096529006958,2.8991270065307617,0,0
5682,3.090752124786377,2.7529797554016113,0,0
5683,3.2094154357910156,2.913187026977539,1,1
5684,3.2122223377227783,2.9679648876190186,1,1
5685,2.8057045936584473,2.7267627716064453,1,1
5686,2.890073299407959,2.5786776542663574,1,1
5687,2.2873952388763428,2.1258082389831543,0,0
5688,3.044076919555664,2.8950259685516357,1,1
5689,3.336827278137207,3.052961587905884,0,0
5690,2.743349552154541,2.7940049171447754,0,0
5691,2.7795755863189697,2.6456828117370605,0,0
5692,2.6377763748168945,2.6251144409179688,0,0
5693,2.9590091705322266,2.683213949203491,1,1
5694,3.0486037731170654,2.6945767402648926,1,1
5695,2.984644889831543,2.7936489582061768,1,1
5696,2.9390504360198975,2.806610584259033,0,0
5697,3.1942739486694336,3.0305745601654053,0,0
5698,3.4517884254455566,3.0682036876678467,1,1
5699,3.6976261138916016,3.1254734992980957,0,0
5700,3.7799766063690186,3.3537802696228027,1,1
5701,3.4243712425231934,3.2341365814208984,1,1
5702,3.300032377243042,3.104369640350342,1,1
5703,3.2879931926727295,3.197336196899414,0,0
5704,3.0194075107574463,2.7476003170013428,0,0
5705,3.373194694519043,3.166851043701172,1,1
5706,3.732733726501465,3.1525208950042725,1,1
5707,2.6677701473236084,2.553203582763672,0,0
5708,2.9931087493896484,2.958369731903076,1,1
5709,3.688411235809326,3.414470672607422,0,0
5710,3.9675850868225098,3.5111265182495117,1,1
5711,3.5674147605895996,3.2260048389434814,0,0
5712,3.5139410495758057,3.2460062503814697,0,0
5713,3.35752272605896,3.1918275356292725,1,1
5714,2.767991781234741,2.7809057235717773,1,1
5715,3.494616985321045,3.232510805130005,0,0
5716,3.353318691253662,3.1879892349243164,1,1
5717,3.681227207183838,3.533581256866455,0,0
5718,3.4344120025634766,3.2501516342163086,1,1
5719,2.950100898742676,2.9983339309692383,1,1
5720,3.4268317222595215,3.241536855697632,1,1
5721,3.1009111404418945,3.0332913398742676,1,1
5722,2.9158949851989746,2.786559581756592,1,1
5723,3.410926580429077,3.1111748218536377,1,1
5724,2.9591407775878906,2.747006416320801,1,1
5725,3.0442099571228027,2.621976852416992,1,1
5726,2.9516985416412354,2.6697559356689453,1,1
5727,3.225968599319458,2.8899102210998535,0,0
5728,3.2059879302978516,2.8924648761749268,0,0
5729,3.197977066040039,3.0234031677246094,0,0
5730,3.028379440307617,2.7090864181518555,0,0
5731,3.2906060218811035,3.0688629150390625,1,1
5732,2.7939343452453613,2.6159415245056152,0,0
5733,3.3581390380859375,2.9011006355285645,1,1
5734,3.2359061241149902,2.858013868331909,0,0
5735,3.235835075378418,2.7933452129364014,0,0
5736,3.156954765319824,2.7230823040008545,1,1
5737,3.584956169128418,3.077207565307617,0,0
5738,3.327873706817627,2.9458165168762207,1,1
5739,2.9315950870513916,2.823538303375244,1,1
5740,3.308851957321167,3.483307361602783,1,1
5741,3.1690993309020996,2.9291775226593018,0,0
5742,2.0645101070404053,1.571151852607727,1,1
5743,2.941995620727539,2.903602123260498,0,0
5744,3.0949149131774902,2.8883144855499268,1,1
5745,2.95448637008667,2.8170440196990967,1,1
5746,3.7935311794281006,3.3540635108947754,1,1
5747,3.5889360904693604,3.2101316452026367,1,1
5748,2.6717512607574463,2.52510929107666,1,1
5749,3.2004952430725098,2.780834197998047,1,1
5750,3.0811195373535156,2.762847423553467,0,0
5751,3.211796283721924,3.0030269622802734,0,0
5752,3.0013978481292725,3.030794620513916,1,1
5753,3.3140580654144287,3.1610617637634277,0,0
5754,3.3708972930908203,2.9516587257385254,0,0
5755,3.6134421825408936,3.1389026641845703,0,0
5756,3.3455543518066406,3.138789176940918,1,1
5757,3.4509620666503906,3.108035087585449,1,1
5758,3.293355941772461,3.124021530151367,0,0
5759,3.8570034503936768,3.473130226135254,0,0
5760,4.009493827819824,3.5328149795532227,1,1
5761,3.672922372817993,3.3021433353424072,1,1
5762,4.1118855476379395,3.5153489112854004,1,1
5763,3.5481786727905273,3.1963703632354736,1,1
5764,3.042325258255005,2.8255953788757324,1,1
5765,3.771713972091675,3.1691408157348633,1,1
5766,3.6127853393554688,3.2947726249694824,0,0
5767,3.363588333129883,3.220731735229492,1,1
5768,3.098719596862793,2.908093214035034,0,0
5769,3.1945464611053467,2.9279677867889404,0,0
5770,3.2011282444000244,3.055823802947998,1,1
5771,2.8224904537200928,2.839989185333252,1,1
5772,3.232888698577881,3.0965538024902344,1,1
5773,3.1470158100128174,2.9702396392822266,0,0
5774,3.05712890625,2.8923721313476562,1,1
5775,3.2128734588623047,3.1724324226379395,0,0
5776,3.055987596511841,2.974125623703003,0,0
5777,3.040950059890747,2.852741241455078,0,0
5778,3.222827672958374,3.1616463661193848,1,1
5779,3.430995464324951,3.0875000953674316,0,0
5780,3.0758461952209473,3.0236310958862305,1,1
5781,3.1749424934387207,3.1050527095794678,1,1
5782,3.042074680328369,2.8019564151763916,0,0
5783,3.1651906967163086,2.984750986099243,0,0
5784,2.835737705230713,2.636530637741089,1,1
5785,3.341038465499878,3.02854585647583,1,1
5786,3.312262535095215,2.9473214149475098,0,0
5787,3.3611645698547363,2.8963334560394287,1,1
5788,3.7092678546905518,3.257343053817749,1,1
5789,2.9747142791748047,2.920440673828125,1,1
5790,2.6730098724365234,2.5723257064819336,1,1
5791,2.9981088638305664,3.024179458618164,1,1
5792,3.1861820220947266,3.095414161682129,1,1
5793,3.091548442840576,2.830399990081787,0,0
5794,3.3258440494537354,3.076638698577881,1,1
5795,3.393895387649536,3.0931506156921387,0,0
5796,3.7669215202331543,3.296792984008789,1,1
5797,3.2818620204925537,3.071134090423584,1,1
5798,3.1826281547546387,3.0564215183258057,0,0
5799,3.6428651809692383,3.2895710468292236,1,1
5800,3.0642542839050293,2.9856858253479004,0,0
5801,3.314518451690674,3.192084550857544,0,0
5802,3.5033318996429443,3.2633309364318848,1,1
5803,3.141138792037964,2.9899632930755615,1,1
5804,3.615750312805176,3.146077871322632,0,0
5805,3.575744390487671,3.084075927734375,1,1
5806,3.4311106204986572,3.0442891120910645,0,0
5807,3.6069979667663574,3.202291488647461,1,1
5808,3.4350459575653076,3.260988712310791,1,1
5809,3.7834150791168213,3.2965445518493652,1,1
5810,3.2885513305664062,3.127933979034424,0,0
5811,3.0729331970214844,2.9932451248168945,1,1
5812,3.1375277042388916,3.0219359397888184,0,0
5813,3.3147494792938232,3.1781835556030273,0,0
5814,3.1681087017059326,3.038771629333496,0,0
5815,3.905395984649658,3.0176637172698975,1,1
5816,4.022745132446289,2.9382429122924805,1,1
5817,3.2402777671813965,3.1228299140930176,0,0
5818,3.6136748790740967,3.2763962745666504,1,1
5819,4.154669761657715,3.19081974029541,0,0
5820,4.130517959594727,3.000814914703369,0,0
5821,3.939793109893799,3.0129234790802,0,0
5822,4.248056411743164,3.143240213394165,1,1
5823,3.101743459701538,2.849182605743408,1,1
5824,4.853466987609863,3.1927154064178467,0,0
5825,4.062985420227051,3.016930103302002,1,1
5826,3.560641050338745,3.1439383029937744,0,0
5827,3.6848413944244385,2.82955265045166,1,1
5828,3.973234176635742,3.1613826751708984,1,1
5829,3.2700681686401367,2.8959615230560303,1,1
5830,4.1411590576171875,3.4919471740722656,1,1
5831,3.4618496894836426,2.891177177429199,0,0
5832,3.5824153423309326,3.1292226314544678,0,0
5833,3.3637278079986572,2.90791654586792,0,0
5834,4.1832356452941895,2.7129087448120117,0,0
5835,3.9155070781707764,2.6652159690856934,0,0
5836,3.942955732345581,2.6302337646484375,0,0
5837,4.3804473876953125,2.8266615867614746,1,1
5838,3.9292376041412354,2.7049121856689453,0,0
5839,3.8978073596954346,2.937843084335327,0,0
5840,4.685477256774902,2.7924916744232178,0,0
5841,4.476871013641357,2.8905344009399414,1,1
5842,4.3007354736328125,2.987971305847168,1,1
5843,4.077040195465088,3.127072334289551,0,0
5844,3.736910581588745,3.339400291442871,1,1
5845,3.0786468982696533,2.9699227809906006,0,0
5846,3.2935287952423096,3.1388497352600098,0,0
5847,3.4276907444000244,3.2066359519958496,1,1
5848,3.939375638961792,3.300955295562744,0,0
5849,3.194795846939087,2.780972957611084,1,1
5850,2.989003896713257,2.791773796081543,1,1
5851,2.9902241230010986,2.7851920127868652,0,0
5852,3.2096786499023438,3.033923864364624,0,0
5853,3.233841896057129,3.243591547012329,1,1
5854,3.3360209465026855,3.176626682281494,1,1
5855,3.695065975189209,3.549870014190674,0,0
5856,3.552626371383667,3.3567686080932617,1,1
5857,3.287405014038086,3.1926937103271484,0,0
5858,3.978334903717041,3.4459028244018555,0,0
5859,3.3290538787841797,3.264033794403076,1,1
5860,3.3794891834259033,3.071012020111084,0,0
5861,3.6290969848632812,3.4440488815307617,0,0
5862,3.2004551887512207,2.982187271118164,0,0
5863,3.347184658050537,3.2156732082366943,0,0
5864,3.419182777404785,3.2579469680786133,1,1
5865,3.3152213096618652,3.079944133758545,1,1
5866,2.9514191150665283,2.949406623840332,0,0
5867,3.565700054168701,3.285240888595581,0,0
5868,3.1813771724700928,2.96472430229187,0,0
5869,3.336991786956787,3.242055654525757,0,0
5870,3.430668830871582,3.1959707736968994,0,0
5871,3.3523645401000977,3.0467772483825684,0,0
5872,3.2416768074035645,3.1274688243865967,0,0
5873,3.518143892288208,3.233870506286621,1,1
5874,3.2669320106506348,3.274359941482544,0,0
5875,3.0113470554351807,2.891167163848877,0,0
5876,3.4078686237335205,3.1810102462768555,1,1
5877,3.4062910079956055,3.0941824913024902,0,0
5878,3.2143442630767822,3.0653204917907715,0,0
5879,3.666349172592163,3.2838125228881836,1,1
5880,3.588090419769287,3.34782075881958,1,1
5881,3.1568210124969482,3.1667492389678955,1,1
5882,3.263678789138794,3.1286215782165527,0,0
5883,3.246310234069824,3.3142638206481934,1,1
5884,3.7638187408447266,3.3093318939208984,0,0
5885,3.276515483856201,3.0532262325286865,0,0
5886,3.3264145851135254,3.3182764053344727,0,0
5887,3.422262668609619,3.1979498863220215,0,0
5888,3.3109326362609863,3.281942367553711,1,1
5889,3.548480987548828,3.479008674621582,1,1
5890,3.57568097114563,3.4254093170166016,1,1
5891,3.78249192237854,3.175295829772949,0,0
5892,3.4290363788604736,3.132030963897705,1,1
5893,3.538862466812134,3.156925678253174,0,0
5894,3.1666758060455322,2.8769166469573975,1,1
5895,3.2332189083099365,2.986323118209839,0,0
5896,3.0717055797576904,2.812398910522461,1,1
5897,3.0493710041046143,2.918893337249756,1,1
5898,3.134195566177368,2.7083044052124023,1,1
5899,3.510413885116577,3.0214545726776123,0,0
5900,3.1755244731903076,2.801499843597412,0,0
5901,3.161776304244995,2.904101848602295,0,0
5902,3.454369306564331,3.011204957962036,0,0
5903,3.426628351211548,3.043297052383423,1,1
5904,3.164868116378784,2.8665924072265625,0,0
5905,3.16383957862854,2.850712776184082,0,0
5906,3.2383015155792236,2.7678825855255127,0,0
5907,2.8807921409606934,2.591580867767334,0,0
5908,3.1169512271881104,2.711400032043457,0,0
5909,3.116725444793701,2.7620201110839844,1,1
5910,3.168572425842285,2.6958107948303223,0,0
5911,3.1991615295410156,2.8245701789855957,1,1
5912,3.5981266498565674,2.834080219268799,1,1
5913,3.4959142208099365,3.1624653339385986,1,1
5914,3.744127035140991,3.1175789833068848,0,0
5915,3.003669500350952,2.667293071746826,0,0
5916,3.1366748809814453,2.702122211456299,1,1
5917,3.696277379989624,3.016342878341675,1,1
5918,3.580930709838867,3.016883134841919,0,0
5919,3.2027835845947266,2.917619228363037,1,1
5920,3.416790008544922,2.933405876159668,0,0
5921,3.262855291366577,2.804962635040283,0,0
5922,3.293203592300415,2.9056386947631836,1,1
5923,3.188499927520752,2.6152827739715576,0,0
5924,3.0856988430023193,2.766432762145996,1,1
5925,3.5306901931762695,3.0142464637756348,1,1
5926,2.366894245147705,1.980265736579895,1,1
5927,3.159780740737915,2.8942556381225586,1,1
5928,3.6777634620666504,3.270869016647339,1,1
5929,3.4171674251556396,3.326561450958252,0,0
5930,3.4560110569000244,3.4381823539733887,1,1
5931,2.778703451156616,2.7213518619537354,0,0
5932,2.9403815269470215,2.7447712421417236,1,1
5933,3.49055814743042,3.149427652359009,0,0
5934,2.9974634647369385,2.6215341091156006,1,1
5935,3.5037593841552734,3.2294821739196777,1,1
5936,3.0703678131103516,3.039393663406372,1,1
5937,3.068246364593506,2.895102024078369,0,0
5938,3.0790905952453613,2.9280261993408203,0,0
5939,3.3089969158172607,3.0781314373016357,0,0
5940,3.312196731567383,3.1229209899902344,0,0
5941,2.9085919857025146,3.0610270500183105,0,0
5942,3.0909054279327393,3.07362699508667,1,1
5943,3.3751018047332764,3.2727761268615723,1,1
5944,3.1807613372802734,2.9952876567840576,0,0
5945,2.9353890419006348,2.867568016052246,0,0
5946,3.6413989067077637,3.349102020263672,0,0
5947,3.1291983127593994,3.11967134475708,1,1
5948,3.6678874492645264,3.3869009017944336,0,0
5949,3.0452444553375244,3.0038650035858154,1,1
5950,2.9636144638061523,2.8595056533813477,1,1
5951,3.143671751022339,2.845921277999878,0,0
5952,3.2359530925750732,2.855926275253296,0,0
5953,3.352301836013794,3.1052560806274414,1,1
5954,3.180101156234741,3.1015501022338867,1,1
5955,3.129885673522949,2.961239814758301,1,1
5956,2.7017722129821777,2.54426908493042,0,0
5957,3.3471953868865967,3.1162936687469482,0,0
5958,3.5507538318634033,3.383676052093506,0,0
5959,3.6996984481811523,3.468141555786133,0,0
5960,3.1421844959259033,2.880044937133789,0,0
5961,3.051212787628174,2.9136502742767334,1,1
5962,3.5633246898651123,3.08365535736084,0,0
5963,3.488234281539917,3.1275415420532227,1,1
5964,3.6445531845092773,3.291691541671753,1,1
5965,3.0542619228363037,3.0078015327453613,1,1
5966,2.8696560859680176,2.551553249359131,0,0
5967,3.1627309322357178,2.7922253608703613,0,0
5968,2.932548761367798,2.641711711883545,1,1
5969,3.3636343479156494,2.8494420051574707,0,0
5970,3.155470371246338,2.7509548664093018,0,0
5971,3.4784371852874756,2.8831515312194824,1,1
5972,3.2529428005218506,2.925342082977295,0,0
5973,3.0420355796813965,2.8405203819274902,1,1
5974,2.726325273513794,2.476945400238037,0,0
5975,2.5466551780700684,2.4502720832824707,0,0
5976,3.041454553604126,2.801560163497925,1,1
5977,3.2282378673553467,2.8013296127319336,0,0
5978,3.324624538421631,3.071789503097534,1,1
5979,3.3930745124816895,2.982405424118042,0,0
5980,3.213545560836792,2.9830756187438965,1,1
5981,3.3116133213043213,2.9441721439361572,0,0
5982,3.5101747512817383,3.101857900619507,1,1
5983,3.5038771629333496,3.2849273681640625,0,0
5984,3.6128089427948,3.068514347076416,1,1
5985,3.3509087562561035,2.8897130489349365,0,0
5986,3.2851500511169434,2.90729022026062,0,0
5987,3.5471136569976807,3.097771644592285,0,0
5988,2.4201560020446777,2.402496814727783,1,1
5989,2.8012099266052246,2.661233425140381,1,1
5990,3.0865700244903564,2.772350549697876,1,1
5991,3.8699638843536377,3.376235008239746,0,0
5992,3.3444602489471436,2.9079294204711914,0,0
5993,4.088772773742676,3.3141772747039795,1,1
5994,3.472029209136963,3.1277427673339844,1,1
5995,3.7203845977783203,3.203195571899414,1,1
5996,3.6615335941314697,3.1835811138153076,0,0
5997,3.5589497089385986,3.064554452896118,0,0
5998,3.2934772968292236,3.0327115058898926,0,0
5999,3.0089805126190186,2.9097354412078857,0,0
6000,3.222883701324463,2.9879817962646484,0,0
6001,3.362555742263794,3.2249269485473633,1,1
6002,3.34767484664917,3.2077364921569824,1,1
6003,3.1518032550811768,2.9865779876708984,1,1
6004,3.2091739177703857,2.859567403793335,0,0
6005,3.720747470855713,3.3046255111694336,0,0
6006,3.461286783218384,3.095165252685547,0,0
6007,3.6281840801239014,3.264075756072998,1,1
6008,3.50156569480896,3.2120914459228516,1,1
6009,3.7188680171966553,3.3964130878448486,0,0
6010,3.886849880218506,3.3842687606811523,1,1
6011,3.634809970855713,3.3021349906921387,0,0
6012,3.752629280090332,3.4157228469848633,0,0
6013,3.5537500381469727,3.172450065612793,0,0
6014,3.7332520484924316,3.503746271133423,0,0
6015,3.6909801959991455,3.2983009815216064,0,0
6016,4.079823017120361,3.41465425491333,1,1
6017,3.7408111095428467,3.323563575744629,0,0
6018,4.010255813598633,3.538090944290161,0,0
6019,3.135929584503174,2.9058279991149902,1,1
6020,3.474437713623047,3.1805825233459473,1,1
6021,3.3519701957702637,3.1860055923461914,1,1
6022,3.198669195175171,3.102785587310791,0,0
6023,3.5783517360687256,3.315485954284668,1,1
6024,3.7140352725982666,3.3009161949157715,1,1
6025,3.3887510299682617,3.336101770401001,1,1
6026,3.072967529296875,3.026155948638916,1,1
6027,3.664735794067383,3.3391313552856445,0,0
6028,3.0155835151672363,3.018307685852051,1,1
6029,3.3656787872314453,3.0639615058898926,1,1
6030,3.2240264415740967,2.8615968227386475,0,0
6031,3.506654739379883,3.3277788162231445,1,1
6032,3.255070209503174,3.1096854209899902,1,1
6033,3.2766032218933105,3.169377326965332,0,0
6034,3.433448553085327,3.2042486667633057,0,0
6035,3.7090117931365967,3.363050699234009,1,1
6036,3.3944501876831055,3.3021037578582764,1,1
6037,3.697706699371338,3.2730488777160645,1,1
6038,3.661487340927124,3.354231834411621,1,1
6039,3.5582640171051025,3.3015553951263428,0,0
6040,3.246229410171509,3.0351948738098145,0,0
6041,2.717135190963745,2.4654808044433594,0,0
6042,2.758798122406006,2.296696424484253,1,1
6043,3.4009149074554443,3.1329050064086914,1,1
6044,3.4938912391662598,3.4833786487579346,1,1
6045,3.624239444732666,3.3772411346435547,0,0
6046,3.5414462089538574,3.3295838832855225,1,1
6047,3.5796353816986084,3.3177781105041504,0,0
6048,3.295011043548584,3.2497048377990723,0,0
6049,3.7630178928375244,3.496635913848877,0,0
6050,4.170787811279297,3.7707083225250244,1,1
6051,3.637953281402588,3.6260857582092285,1,1
6052,3.4138011932373047,3.2513720989227295,1,1
6053,3.928436517715454,3.4510879516601562,0,0
6054,3.5186610221862793,3.384368658065796,0,0
6055,3.507084608078003,3.3196496963500977,0,0
6056,3.4653749465942383,3.2851996421813965,1,1
6057,3.450908899307251,3.2074718475341797,0,0
6058,3.594127893447876,3.218395471572876,0,0
6059,3.901055335998535,3.5787715911865234,1,1
6060,3.5976614952087402,3.2009077072143555,0,0
6061,3.3412961959838867,3.2301950454711914,1,1
6062,3.140336036682129,2.9501984119415283,0,0
6063,3.3788914680480957,2.7785286903381348,1,1
6064,3.299004077911377,2.873171329498291,1,1
6065,2.884639024734497,2.535959243774414,1,1
6066,2.9119138717651367,2.719991445541382,1,1
6067,2.9740147590637207,2.4971861839294434,1,1
6068,3.0644140243530273,2.6301262378692627,0,0
6069,3.2375831604003906,2.701585292816162,1,1
6070,3.0922067165374756,2.603848695755005,1,1
6071,2.6646523475646973,2.2819266319274902,0,0
6072,3.101914644241333,2.5678253173828125,1,1
6073,3.194225549697876,2.726428985595703,1,1
6074,2.913081169128418,2.5833985805511475,1,1
6075,2.551034927368164,2.419503688812256,0,0
6076,3.0975072383880615,2.7295799255371094,0,0
6077,3.047414779663086,2.529837131500244,0,0
6078,2.9370832443237305,2.5390117168426514,0,0
6079,2.861832618713379,2.4567043781280518,1,1
6080,3.09114408493042,2.5554239749908447,1,1
6081,3.15743350982666,2.487588405609131,0,0
6082,3.213822364807129,2.739335536956787,0,0
6083,2.784343957901001,2.3877546787261963,0,0
6084,3.2074577808380127,2.8453269004821777,0,0
6085,3.180312395095825,2.7720577716827393,1,1
6086,2.921950101852417,2.43837571144104,1,1
6087,3.0993380546569824,2.681427001953125,1,1
6088,3.5060696601867676,2.9030303955078125,1,1
6089,3.3794944286346436,3.118285655975342,1,1
6090,3.235724449157715,3.0943636894226074,1,1
6091,2.909284830093384,2.8614442348480225,0,0
6092,3.448683023452759,3.021951675415039,1,1
6093,3.2630889415740967,3.1361823081970215,1,1
6094,3.384857654571533,3.226250410079956,0,0
6095,3.3885092735290527,3.4183199405670166,1,1
6096,2.9895730018615723,2.8514902591705322,1,1
6097,3.011990785598755,2.9149341583251953,1,1
6098,2.9935951232910156,2.9511752128601074,1,1
6099,3.0693249702453613,2.9607768058776855,1,1
6100,3.130004644393921,2.9401695728302,1,1
6101,2.9675068855285645,2.913604497909546,1,1
6102,2.7878119945526123,2.7115838527679443,1,1
6103,3.374267339706421,3.024643898010254,1,1
6104,3.383272171020508,3.2402520179748535,0,0
6105,3.734853982925415,3.4313650131225586,0,0
6106,3.6557953357696533,3.4947350025177,1,1
6107,3.438959836959839,3.106900691986084,0,0
6108,3.1485846042633057,3.0579137802124023,1,1
6109,2.8693583011627197,2.6682963371276855,1,1
6110,3.492544174194336,3.1644411087036133,0,0
6111,3.349714756011963,3.0942270755767822,0,0
6112,3.362363338470459,3.0494487285614014,0,0
6113,3.678014039993286,3.233081340789795,0,0
6114,3.426908016204834,3.1452693939208984,1,1
6115,2.2873847484588623,2.1629433631896973,1,1
6116,1.9704477787017822,2.135885715484619,0,0
6117,2.961515188217163,2.7656898498535156,0,0
6118,3.550185441970825,3.268397569656372,0,0
6119,3.5465033054351807,3.0528087615966797,1,1
6120,3.8219714164733887,3.183023452758789,0,0
6121,3.3793554306030273,3.0181963443756104,1,1
6122,3.1474838256835938,2.758014678955078,0,0
6123,3.5290591716766357,3.127490997314453,1,1
6124,2.9266204833984375,2.8478291034698486,1,1
6125,3.240253448486328,2.9705305099487305,0,0
6126,3.3132269382476807,3.0694565773010254,1,1
6127,3.1250510215759277,2.839510440826416,0,0
6128,3.2378339767456055,2.955582618713379,1,1
6129,3.2795002460479736,3.005084276199341,1,1
6130,3.2312822341918945,2.9556047916412354,1,1
6131,3.1834609508514404,2.9519097805023193,0,0
6132,3.1595449447631836,2.9933574199676514,1,1
6133,3.509873867034912,3.1487340927124023,0,0
6134,3.2271323204040527,2.9590299129486084,1,1
6135,3.019810676574707,2.8616740703582764,0,0
6136,3.4777824878692627,3.216485023498535,1,1
6137,3.7160184383392334,3.3507869243621826,0,0
6138,3.110363245010376,2.7917776107788086,0,0
6139,3.2853035926818848,2.89920711517334,0,0
6140,3.2497212886810303,2.8989176750183105,1,1
6141,3.1017096042633057,2.6924004554748535,1,1
6142,2.974355697631836,2.628030300140381,1,1
6143,2.9705145359039307,2.87799334526062,1,1
6144,2.8389041423797607,2.773489475250244,0,0
6145,2.72765851020813,2.478644847869873,1,1
6146,3.8648526668548584,3.527129888534546,0,0
6147,3.586216449737549,3.1030330657958984,1,1
6148,3.7137279510498047,3.234229564666748,1,1
6149,2.653780460357666,2.509458541870117,1,1
6150,2.6902472972869873,2.5220799446105957,1,1
6151,2.890868663787842,2.608555316925049,0,0
6152,2.9719645977020264,2.7160379886627197,1,1
6153,2.7991533279418945,2.7170791625976562,1,1
6154,2.590399980545044,2.5080718994140625,0,0
6155,3.1006743907928467,2.838446617126465,0,0
6156,2.5949511528015137,2.677273750305176,1,1
6157,2.8341872692108154,2.703366756439209,1,1
6158,2.649721622467041,2.4703621864318848,0,0
6159,2.9356484413146973,2.6717307567596436,1,1
6160,2.8394665718078613,2.607585906982422,0,0
6161,3.3497040271759033,2.836040496826172,1,1
6162,3.3514404296875,3.0885539054870605,0,0
6163,2.6069390773773193,2.440211057662964,0,0
6164,3.2281930446624756,3.0791540145874023,0,0
6165,3.245079278945923,2.9963483810424805,1,1
6166,2.8848516941070557,2.7095236778259277,0,0
6167,3.4941928386688232,3.1738600730895996,1,1
6168,3.195795774459839,2.9607434272766113,1,1
6169,2.996281385421753,2.956145763397217,0,0
6170,2.753183364868164,2.5502398014068604,0,0
6171,1.0985993146896362,1.0974074602127075,0,0
6172,3.2915148735046387,3.075070858001709,1,1
6173,3.158834457397461,2.7697501182556152,1,1
6174,3.273411989212036,3.023052215576172,0,0
6175,3.330686330795288,2.982389211654663,1,1
6176,3.1938107013702393,2.7629950046539307,1,1
6177,3.5415451526641846,3.2312350273132324,1,1
6178,3.3601577281951904,3.0770692825317383,1,1
6179,3.2848048210144043,2.918862819671631,1,1
6180,2.863638162612915,2.431027889251709,1,1
6181,2.7505760192871094,2.599172830581665,1,1
6182,3.2331931591033936,2.9768314361572266,0,0
6183,3.2405309677124023,3.196885585784912,1,1
6184,3.4542453289031982,3.2639031410217285,1,1
6185,3.2654879093170166,3.1056318283081055,1,1
6186,3.2534682750701904,2.9178457260131836,0,0
6187,3.600541114807129,3.030883550643921,0,0
6188,3.66707181930542,3.2425317764282227,1,1
6189,3.4166550636291504,3.1003923416137695,0,0
6190,3.296440839767456,3.0278737545013428,1,1
6191,3.091670036315918,2.803642749786377,0,0
6192,3.0778095722198486,2.770033121109009,0,0
6193,3.1083567142486572,2.79013729095459,1,1
6194,3.119668483734131,2.864842414855957,0,0
6195,2.7758936882019043,2.6832942962646484,0,0
6196,3.113990545272827,2.7738609313964844,1,1
6197,3.021186590194702,2.6686811447143555,0,0
6198,2.970780849456787,2.7457942962646484,1,1
6199,3.112508773803711,2.9387216567993164,1,1
6200,2.959709644317627,2.8631184101104736,1,1
6201,2.8127009868621826,2.4780778884887695,1,1
6202,3.193075656890869,2.898642063140869,0,0
6203,3.5963916778564453,3.1929233074188232,0,0
6204,3.5744593143463135,3.285318374633789,0,0
6205,3.5668091773986816,3.3792309761047363,0,0
6206,3.4040985107421875,3.156019687652588,1,1
6207,3.3624861240386963,3.1842551231384277,0,0
6208,3.692186117172241,3.134796619415283,0,0
6209,3.623549222946167,3.3099865913391113,1,1
6210,4.032742500305176,3.5144155025482178,0,0
6211,3.88326096534729,3.3114991188049316,0,0
6212,3.578756809234619,3.196770191192627,1,1
6213,3.676126003265381,3.3519809246063232,0,0
6214,3.8555126190185547,3.3098278045654297,0,0
6215,3.92860746383667,3.400003433227539,1,1
6216,3.8889248371124268,3.1900951862335205,1,1
6217,3.384692907333374,3.197401523590088,0,0
6218,3.5145349502563477,3.3515329360961914,1,1
6219,3.5335679054260254,3.22635555267334,0,0
6220,3.281494617462158,3.062032699584961,1,1
6221,3.2523505687713623,2.935492992401123,1,1
6222,3.666628360748291,3.2823591232299805,1,1
6223,3.577120304107666,3.291685104370117,1,1
6224,3.212618112564087,2.7390599250793457,1,1
6225,3.6339356899261475,3.0791921615600586,1,1
6226,2.990854024887085,2.7226414680480957,0,0
6227,3.1152915954589844,2.7766880989074707,0,0
6228,3.5023677349090576,3.169313430786133,1,1
6229,3.1222517490386963,3.0328235626220703,1,1
6230,3.4010937213897705,3.0530858039855957,0,0
6231,3.0486795902252197,2.834193706512451,1,1
6232,2.938415765762329,2.6882529258728027,0,0
6233,3.4471828937530518,2.991405487060547,0,0
6234,2.764784097671509,2.39467453956604,0,0
6235,3.124244451522827,2.703339099884033,0,0
6236,3.3613932132720947,3.268927812576294,1,1
6237,2.9523630142211914,3.0009851455688477,1,1
6238,2.919978141784668,2.8171443939208984,0,0
6239,3.3590171337127686,3.214069128036499,1,1
6240,3.4483802318573,3.163090705871582,0,0
6241,3.2308120727539062,2.96983003616333,1,1
6242,3.173860788345337,3.0256166458129883,0,0
6243,3.1185996532440186,2.9794278144836426,1,1
6244,3.2427046298980713,3.1789636611938477,1,1
6245,3.0800607204437256,2.880258083343506,1,1
6246,3.12890625,2.855478286743164,0,0
6247,2.723297119140625,2.386242151260376,0,0
6248,2.4834113121032715,2.295866012573242,1,1
6249,2.4942409992218018,2.214021682739258,0,0
6250,2.6505303382873535,2.317918062210083,0,0
6251,2.3653218746185303,2.2574234008789062,1,1
6252,2.4991037845611572,2.2938451766967773,1,1
6253,2.4327549934387207,2.398773431777954,1,1
6254,2.3948230743408203,2.343735694885254,0,0
6255,2.5801193714141846,2.5948896408081055,1,1
6256,2.642197847366333,2.4245963096618652,1,1
6257,3.1803505420684814,3.065685987472534,0,0
6258,3.112267017364502,2.7259891033172607,0,0
6259,3.2759878635406494,3.112832546234131,0,0
6260,3.192629814147949,3.2157349586486816,0,0
6261,3.023240327835083,2.8058416843414307,1,1
6262,3.112454891204834,2.985004425048828,0,0
6263,3.35294771194458,3.074066162109375,1,1
6264,3.258918285369873,3.012742519378662,1,1
6265,3.4209578037261963,3.061755657196045,0,0
6266,3.455108404159546,3.1136229038238525,0,0
6267,3.3607921600341797,3.0801424980163574,1,1
6268,3.436776876449585,3.159362316131592,1,1
6269,3.5033328533172607,3.2624478340148926,1,1
6270,3.5135819911956787,3.1102850437164307,0,0
6271,2.9957709312438965,2.846442461013794,1,1
6272,3.3284566402435303,2.9959394931793213,0,0
6273,3.5070338249206543,3.110590934753418,0,0
6274,3.5090856552124023,3.0100889205932617,0,0
6275,3.2578234672546387,3.060901641845703,1,1
6276,3.5754785537719727,3.148591995239258,0,0
6277,3.2480990886688232,3.0151095390319824,0,0
6278,3.445321559906006,3.0789942741394043,1,1
6279,3.318239212036133,2.957763910293579,1,1
6280,3.281174659729004,2.9700331687927246,0,0
6281,3.1723804473876953,2.9607090950012207,1,1
6282,3.39143967628479,3.085948944091797,1,1
6283,3.722811222076416,3.208183526992798,1,1
6284,3.2866084575653076,3.0140762329101562,1,1
6285,2.9866092205047607,2.8413376808166504,0,0
6286,3.808778762817383,3.406095027923584,0,0
6287,2.8920693397521973,2.7250113487243652,1,1
6288,2.687230348587036,2.535428047180176,1,1
6289,3.1651864051818848,2.8180623054504395,1,1
6290,3.141645669937134,2.884345054626465,0,0
6291,2.6299006938934326,2.666666030883789,1,1
6292,2.6945385932922363,2.6129157543182373,0,0
6293,2.903928518295288,2.7311935424804688,0,0
6294,2.976900577545166,2.725848436355591,1,1
6295,3.254204750061035,2.881045341491699,1,1
6296,3.3705053329467773,3.0087356567382812,0,0
6297,3.1215507984161377,2.761902332305908,0,0
6298,3.283966541290283,3.141839027404785,0,0
6299,3.175510883331299,3.027982711791992,0,0
6300,2.8004727363586426,2.526029348373413,1,1
6301,2.739957094192505,2.5734806060791016,0,0
6302,3.1640307903289795,2.7399463653564453,0,0
6303,2.2985806465148926,2.0959956645965576,1,1
6304,3.4408109188079834,3.0510094165802,0,0
6305,3.001333236694336,2.729146718978882,0,0
6306,3.0430352687835693,2.6731033325195312,0,0
6307,3.4989516735076904,2.9280433654785156,0,0
6308,2.7445385456085205,2.597194194793701,0,0
6309,3.142859697341919,3.0151405334472656,1,1
6310,2.9545137882232666,2.956817150115967,1,1
6311,3.2314205169677734,3.0890088081359863,1,1
6312,3.0738279819488525,3.0056700706481934,1,1
6313,3.1285083293914795,2.882302761077881,1,1
6314,2.684199810028076,2.530634880065918,0,0
6315,2.9395318031311035,2.7512950897216797,0,0
6316,3.693079948425293,3.3982319831848145,1,1
6317,2.6112732887268066,2.3489327430725098,1,1
6318,2.782682180404663,2.495354175567627,0,0
6319,3.0785255432128906,2.807279348373413,1,1
6320,3.439594268798828,3.027909994125366,0,0
6321,3.7452890872955322,3.3349108695983887,1,1
6322,3.5938220024108887,3.1600003242492676,0,0
6323,3.5793514251708984,3.297074556350708,0,0
6324,3.0666229724884033,2.8886425495147705,0,0
6325,3.2230868339538574,3.045159339904785,1,1
6326,3.0562760829925537,2.9060473442077637,0,0
6327,3.0887460708618164,2.753067970275879,1,1
6328,3.2463653087615967,2.9781789779663086,0,0
6329,3.5532352924346924,3.2087786197662354,1,1
6330,3.339966058731079,3.1423096656799316,0,0
6331,3.291632890701294,2.9991250038146973,1,1
6332,3.2828471660614014,2.8152413368225098,1,1
6333,3.1571593284606934,2.6293396949768066,0,0
6334,3.33101749420166,3.0214121341705322,1,1
6335,3.3559587001800537,2.964656352996826,1,1
6336,3.01710844039917,2.8046529293060303,1,1
6337,3.452416181564331,3.029977798461914,0,0
6338,1.7531684637069702,1.5229988098144531,1,1
6339,3.1474132537841797,2.9368276596069336,1,1
6340,3.2164406776428223,2.8060128688812256,0,0
6341,3.202200174331665,2.8089981079101562,0,0
6342,2.606086492538452,2.276207208633423,1,1
6343,2.779160261154175,2.533848762512207,0,0
6344,3.294076919555664,2.7495672702789307,0,0
6345,3.7782089710235596,3.030816078186035,0,0
6346,3.5644643306732178,3.073502540588379,0,0
6347,3.086862564086914,2.6919946670532227,1,1
6348,2.878960371017456,2.7072362899780273,0,0
6349,3.226893186569214,3.0104386806488037,0,0
6350,3.1125307083129883,2.9004242420196533,0,0
6351,3.112863063812256,2.8237204551696777,0,0
6352,3.4711673259735107,3.179734468460083,0,0
6353,3.5966827869415283,3.247791290283203,0,0
6354,3.2850112915039062,2.9297776222229004,1,1
6355,3.109579563140869,3.0733933448791504,1,1
6356,3.6041462421417236,3.2492904663085938,1,1
6357,3.316662073135376,2.944880962371826,1,1
6358,3.2093050479888916,3.049680709838867,1,1
6359,3.709346294403076,3.282884359359741,0,0
6360,3.543721914291382,3.161306858062744,1,1
6361,3.5179104804992676,3.0352818965911865,0,0
6362,3.541203022003174,3.1551995277404785,1,1
6363,3.7731192111968994,3.2945330142974854,0,0
6364,3.5281333923339844,3.2219138145446777,0,0
6365,3.289310932159424,3.0217363834381104,0,0
6366,3.669867515563965,3.33693265914917,0,0
6367,3.7219839096069336,3.3419713973999023,1,1
6368,3.6692276000976562,3.212148904800415,1,1
6369,3.277771234512329,3.1422317028045654,1,1
6370,3.403912305831909,2.8628129959106445,0,0
6371,3.362151622772217,3.0662736892700195,1,1
6372,3.212716579437256,3.1435399055480957,0,0
6373,3.307302474975586,3.111392021179199,1,1
6374,3.242913246154785,3.183734655380249,1,1
6375,3.325493812561035,3.1227869987487793,0,0
6376,3.0155065059661865,2.829869270324707,0,0
6377,3.259535074234009,3.1786351203918457,0,0
6378,3.1708388328552246,3.07974910736084,1,1
6379,3.2826852798461914,3.1734187602996826,0,0
6380,3.2298831939697266,3.139693260192871,0,0
6381,3.2237632274627686,3.0514841079711914,1,1
6382,2.8827273845672607,2.7046875953674316,0,0
6383,2.910494565963745,2.911039113998413,1,1
6384,3.055609941482544,2.991196393966675,1,1
6385,2.706780433654785,2.7310235500335693,0,0
6386,3.1032350063323975,2.8493449687957764,1,1
6387,3.008929491043091,2.9160399436950684,0,0
6388,2.640742540359497,2.5887227058410645,0,0
6389,2.96718692779541,2.768874406814575,1,1
6390,2.8821985721588135,2.8187427520751953,1,1
6391,3.066310405731201,2.8683853149414062,1,1
6392,3.4736216068267822,3.0310380458831787,0,0
6393,2.9267053604125977,2.7112247943878174,1,1
6394,2.9724717140197754,2.6210877895355225,1,1
6395,2.6837658882141113,2.5404915809631348,0,0
6396,3.0174129009246826,2.8909401893615723,1,1
6397,3.3156039714813232,3.0354690551757812,0,0
6398,3.2374603748321533,2.977757215499878,1,1
6399,3.505849599838257,3.361067056655884,0,0
6400,3.4223244190216064,3.2325568199157715,1,1
6401,2.8662946224212646,2.789602041244507,1,1
6402,3.385301113128662,3.0522217750549316,1,1
6403,2.6545090675354004,2.6300978660583496,0,0
6404,3.0155115127563477,2.8231093883514404,1,1
6405,2.8381803035736084,2.5735654830932617,0,0
6406,2.989734411239624,2.705106258392334,1,1
6407,2.9878039360046387,2.88757586479187,1,1
6408,3.019009590148926,2.8228697776794434,1,1
6409,3.092496395111084,2.8604941368103027,1,1
6410,3.3772523403167725,2.8501462936401367,1,1
6411,3.649522066116333,3.2081563472747803,0,0
6412,2.973294258117676,2.6836037635803223,0,0
6413,2.853041887283325,2.6709399223327637,0,0
6414,2.8490962982177734,2.697572708129883,1,1
6415,2.5859179496765137,2.330643653869629,1,1
6416,2.8498446941375732,2.587817907333374,1,1
6417,2.6706480979919434,2.385801315307617,0,0
6418,2.424866199493408,2.3002748489379883,1,1
6419,2.9196059703826904,2.6664719581604004,1,1
6420,2.965394973754883,2.610002040863037,0,0
6421,3.085334062576294,2.860394239425659,1,1
6422,3.2212233543395996,2.975602149963379,0,0
6423,2.9530162811279297,2.862051248550415,0,0
6424,3.227030038833618,2.788329601287842,0,0
6425,3.995016574859619,2.899362564086914,1,1
6426,2.7712554931640625,2.2517220973968506,1,1
6427,3.246150016784668,2.9864039421081543,1,1
6428,3.3949458599090576,2.8760786056518555,1,1
6429,3.2673795223236084,2.696159839630127,1,1
6430,2.966078042984009,2.552746057510376,1,1
6431,3.4266607761383057,3.0806944370269775,1,1
6432,3.2845144271850586,2.7595438957214355,1,1
6433,2.760518789291382,2.6247146129608154,0,0
6434,3.0761654376983643,2.982515811920166,0,0
6435,3.278348922729492,3.185678720474243,1,1
6436,3.3314456939697266,3.207613945007324,0,0
6437,3.544468641281128,3.2722573280334473,1,1
6438,3.2706146240234375,3.057311534881592,1,1
6439,3.5513079166412354,3.1973061561584473,1,1
6440,3.2877471446990967,3.31115984916687,1,1
6441,3.5410218238830566,3.245537757873535,1,1
6442,3.171297550201416,2.912419319152832,1,1
6443,3.309603691101074,3.0074503421783447,1,1
6444,3.6436173915863037,3.2273378372192383,0,0
6445,3.4690608978271484,3.000647783279419,0,0
6446,3.896510124206543,3.4192519187927246,0,0
6447,3.6316874027252197,3.27608060836792,1,1
6448,3.4166958332061768,3.1222498416900635,1,1
6449,3.231245517730713,2.9054322242736816,0,0
6450,3.420851945877075,3.181347370147705,1,1
6451,4.041914939880371,3.2216501235961914,1,1
6452,3.559735059738159,3.227726459503174,0,0
6453,3.928612470626831,3.4235520362854004,0,0
6454,3.771801710128784,3.323286533355713,0,0
6455,3.878793954849243,3.437054395675659,1,1
6456,3.7280497550964355,3.3906548023223877,1,1
6457,3.8760528564453125,3.5161375999450684,0,0
6458,3.320622444152832,3.2378745079040527,1,1
6459,3.476766586303711,3.285989761352539,1,1
6460,3.7851202487945557,3.5339856147766113,1,1
6461,3.4317967891693115,3.260603666305542,0,0
6462,3.831071615219116,3.5322041511535645,1,1
6463,4.017698287963867,3.815063953399658,0,0
6464,4.059340953826904,3.543315887451172,0,0
6465,3.9388933181762695,3.418755054473877,0,0
6466,3.9270212650299072,3.549445629119873,0,0
6467,3.16512131690979,2.8648111820220947,0,0
6468,3.0362496376037598,2.905910015106201,1,1
6469,3.580489158630371,3.3092637062072754,0,0
6470,3.2856481075286865,3.0917718410491943,0,0
6471,2.959388494491577,2.9534268379211426,0,0
6472,3.1912424564361572,2.991405487060547,0,0
6473,2.634227752685547,2.5618467330932617,1,1
6474,3.0400054454803467,2.9792356491088867,1,1
6475,3.085069417953491,2.882333517074585,1,1
6476,3.4983763694763184,3.3019652366638184,0,0
6477,3.2671749591827393,3.160296678543091,1,1
6478,3.7251827716827393,3.5405797958374023,0,0
6479,3.706883668899536,3.557875156402588,0,0
6480,3.2456648349761963,3.130650281906128,0,0
6481,2.9940102100372314,2.843550682067871,1,1
6482,3.0122170448303223,2.807152032852173,0,0
6483,2.6503875255584717,2.4171342849731445,1,1
6484,3.2513155937194824,3.170351505279541,1,1
6485,3.0780696868896484,2.8545379638671875,0,0
6486,3.300743818283081,3.2448654174804688,1,1
6487,3.447288751602173,3.1305463314056396,0,0
6488,3.6077754497528076,3.24662446975708,0,0
6489,3.6206092834472656,3.3303980827331543,1,1
6490,3.5374109745025635,3.3215041160583496,1,1
6491,3.5545012950897217,3.231520652770996,1,1
6492,2.6367621421813965,2.5201661586761475,1,1
6493,2.83882474899292,2.544602632522583,0,0
6494,2.578488349914551,2.5341596603393555,0,0
6495,2.1389877796173096,2.246736526489258,0,0
6496,3.118084669113159,2.930771589279175,1,1
6497,3.0033910274505615,2.719135284423828,1,1
6498,2.869493246078491,2.965151786804199,1,1
6499,2.814276933670044,2.7743914127349854,1,1
6500,3.4948039054870605,3.093531847000122,0,0
6501,3.499582529067993,3.0937395095825195,1,1
6502,3.482396364212036,3.108424663543701,0,0
6503,3.2988340854644775,2.910968065261841,0,0
6504,3.7455098628997803,3.2927162647247314,1,1
6505,3.7210893630981445,3.353771209716797,1,1
6506,3.336435317993164,2.819542646408081,1,1
6507,3.1671500205993652,2.6895270347595215,0,0
6508,3.377950668334961,3.013732433319092,1,1
6509,3.512387990951538,3.0127973556518555,1,1
6510,3.6582021713256836,3.041134834289551,1,1
6511,3.527539014816284,3.1246161460876465,1,1
6512,3.4103379249572754,2.986166000366211,0,0
6513,3.408264636993408,2.936469078063965,1,1
6514,3.1491544246673584,2.899773597717285,0,0
6515,3.8047680854797363,3.2489216327667236,1,1
6516,3.2160227298736572,3.0048294067382812,1,1
6517,2.6445987224578857,2.471932888031006,0,0
6518,3.4174909591674805,3.0957212448120117,0,0
6519,2.7412099838256836,2.4440178871154785,0,0
6520,2.715496301651001,2.505031108856201,1,1
6521,2.817420721054077,2.6969549655914307,1,1
6522,3.1514861583709717,3.067699909210205,1,1
6523,3.138885021209717,3.0619170665740967,0,0
6524,3.6880884170532227,3.6413941383361816,1,1
6525,3.735381841659546,3.560080051422119,0,0
6526,3.634366750717163,3.417217969894409,0,0
6527,4.123515605926514,3.685248613357544,0,0
6528,3.783306837081909,3.439725637435913,0,0
6529,3.678974151611328,3.3869571685791016,0,0
6530,3.7101593017578125,3.411634922027588,0,0
6531,3.3013734817504883,3.1252663135528564,0,0
6532,3.653322696685791,3.3094730377197266,1,1
6533,3.6029815673828125,3.4402899742126465,1,1
6534,3.9565858840942383,3.5422935485839844,1,1
6535,3.028292417526245,2.9265878200531006,0,0
6536,3.4345743656158447,3.2135486602783203,1,1
6537,3.252912759780884,3.102254629135132,0,0
6538,3.465749740600586,3.2042441368103027,1,1
6539,3.291198968887329,3.2182302474975586,0,0
6540,3.0865085124969482,2.9864444732666016,0,0
6541,3.3368096351623535,3.1954731941223145,1,1
6542,3.5747053623199463,3.393732786178589,0,0
6543,3.674248456954956,3.558101177215576,0,0
6544,3.843271017074585,3.492314338684082,0,0
6545,3.84542179107666,3.6408252716064453,1,1
6546,3.7105863094329834,3.6684319972991943,1,1
6547,3.550616502761841,3.4704737663269043,0,0
6548,3.0578601360321045,2.9870920181274414,0,0
6549,3.2755610942840576,2.970905303955078,1,1
6550,2.8957631587982178,2.835289478302002,1,1
6551,3.0245754718780518,2.7729501724243164,0,0
6552,3.2893502712249756,2.9596595764160156,1,1
6553,3.456270217895508,3.043800115585327,1,1
6554,3.205885410308838,2.8899009227752686,1,1
6555,3.083153009414673,2.9471898078918457,1,1
6556,3.5317189693450928,3.266695022583008,1,1
6557,3.619896411895752,3.355226755142212,1,1
6558,3.309497594833374,3.1878607273101807,0,0
6559,3.3919992446899414,3.2438313961029053,1,1
6560,3.361245632171631,3.0579380989074707,1,1
6561,3.1985995769500732,2.8535983562469482,1,1
6562,3.2182843685150146,2.91121768951416,1,1
6563,3.0948100090026855,3.0818092823028564,0,0
6564,3.244089365005493,3.1174211502075195,1,1
6565,3.497248888015747,3.3265187740325928,1,1
6566,2.94905948638916,2.9460809230804443,1,1
6567,3.557755708694458,3.014321804046631,0,0
6568,3.1942973136901855,2.920107841491699,0,0
6569,2.9355170726776123,2.814826011657715,0,0
6570,3.094933032989502,2.8138363361358643,1,1
6571,3.236605167388916,2.8569774627685547,1,1
6572,3.0376968383789062,2.854246139526367,1,1
6573,3.3465545177459717,2.9222617149353027,0,0
6574,3.2148311138153076,2.7791290283203125,0,0
6575,3.295515537261963,2.8608405590057373,0,0
6576,3.4682815074920654,3.1422576904296875,0,0
6577,2.6726748943328857,2.4805312156677246,0,0
6578,3.397765874862671,3.190474033355713,0,0
6579,2.515540599822998,2.3027217388153076,1,1
6580,2.9392287731170654,2.591761589050293,0,0
6581,2.6111958026885986,2.404266119003296,1,1
6582,3.678422212600708,3.2305569648742676,0,0
6583,3.5447330474853516,3.2619614601135254,0,0
6584,3.6626081466674805,3.3459057807922363,0,0
6585,2.889202117919922,2.8125247955322266,0,0
6586,3.358992099761963,3.1472182273864746,1,1
6587,3.526047468185425,3.3115522861480713,1,1
6588,3.440579414367676,3.212216854095459,0,0
6589,2.866574764251709,2.9882307052612305,1,1
6590,3.3687305450439453,3.0422420501708984,1,1
6591,3.6895813941955566,3.305722713470459,1,1
6592,3.952810525894165,3.5391809940338135,1,1
6593,3.527336835861206,3.4214611053466797,1,1
6594,3.5112991333007812,3.116968870162964,0,0
6595,3.554131031036377,3.131862163543701,0,0
6596,3.485626697540283,3.1389424800872803,0,0
6597,3.6769754886627197,3.3510451316833496,0,0
6598,3.2969770431518555,3.2421505451202393,0,0
6599,3.5998027324676514,3.123791456222534,1,1
6600,3.648644208908081,3.3726983070373535,1,1
6601,3.3810007572174072,3.2410576343536377,1,1
6602,3.3185980319976807,3.052551507949829,0,0
6603,3.3548758029937744,2.995492935180664,1,1
6604,3.4775896072387695,3.065904140472412,0,0
6605,3.5126359462738037,3.2714686393737793,0,0
6606,3.365003824234009,3.113440752029419,0,0
6607,3.549683094024658,3.2426958084106445,0,0
6608,3.4911139011383057,3.2800464630126953,1,1
6609,3.70186710357666,3.267848014831543,0,0
6610,3.3669779300689697,3.043757438659668,0,0
6611,3.124734401702881,2.965529680252075,1,1
6612,3.1527748107910156,3.032597541809082,1,1
6613,3.6396894454956055,3.3076658248901367,1,1
6614,3.390876293182373,3.1372389793395996,0,0
6615,3.485724925994873,3.1890830993652344,0,0
6616,3.890819549560547,3.4280402660369873,0,0
6617,3.3499910831451416,3.001274347305298,0,0
6618,3.1578385829925537,2.955866813659668,0,0
6619,2.7649991512298584,2.5802502632141113,1,1
6620,2.941838264465332,2.739426851272583,0,0
6621,3.2589268684387207,3.1183667182922363,0,0
6622,3.1855204105377197,2.8987622261047363,0,0
6623,3.363184928894043,3.05511736869812,1,1
6624,2.700779438018799,2.2989816665649414,1,1
6625,3.174602508544922,2.8383495807647705,1,1
6626,2.9967939853668213,2.711411952972412,1,1
6627,2.826371192932129,2.7292394638061523,0,0
6628,3.0581958293914795,2.8261916637420654,0,0
6629,3.1213672161102295,2.696631669998169,1,1
6630,2.907182216644287,2.701038360595703,0,0
6631,2.797024965286255,2.78075909614563,1,1
6632,2.863955497741699,2.842949390411377,1,1
6633,2.7339863777160645,2.7879436016082764,1,1
6634,2.9491686820983887,2.885390043258667,0,0
6635,2.4654529094696045,2.2380480766296387,1,1
6636,3.1861956119537354,3.057736396789551,0,0
6637,2.983070135116577,2.658280849456787,1,1
6638,2.9029271602630615,2.661691188812256,1,1
6639,2.8587920665740967,2.5032849311828613,0,0
6640,2.623253345489502,2.419796943664551,1,1
6641,2.5486466884613037,2.3117175102233887,0,0
6642,2.7683725357055664,2.487609624862671,0,0
6643,3.225994825363159,2.987464427947998,0,0
6644,3.766671657562256,3.1729798316955566,0,0
6645,3.5975985527038574,3.1079154014587402,0,0
6646,3.899994134902954,3.2261152267456055,0,0
6647,3.7976438999176025,3.252258062362671,0,0
6648,3.6356570720672607,3.2509303092956543,1,1
6649,3.4091336727142334,2.805083751678467,1,1
6650,3.5362727642059326,3.1980533599853516,0,0
6651,3.8609282970428467,3.293813943862915,0,0
6652,3.903024673461914,3.41611909866333,1,1
6653,3.8867299556732178,3.2151169776916504,0,0
6654,3.701958656311035,3.091449022293091,0,0
6655,3.539673328399658,2.9845128059387207,0,0
6656,3.5378530025482178,2.959418535232544,0,0
6657,3.319629430770874,2.889981269836426,1,1
6658,3.778308629989624,3.410555362701416,0,0
6659,3.6881368160247803,3.2907967567443848,1,1
6660,3.454493761062622,3.175543785095215,0,0
6661,3.3722002506256104,3.2480649948120117,1,1
6662,3.3661069869995117,3.2104687690734863,0,0
6663,3.415752649307251,3.094026565551758,1,1
6664,3.3204379081726074,3.147738456726074,1,1
6665,3.5445327758789062,3.2001357078552246,1,1
6666,3.085861921310425,2.871194839477539,0,0
6667,3.3036670684814453,2.93314266204834,1,1
6668,2.9410669803619385,2.6449577808380127,1,1
6669,3.4035065174102783,3.165922164916992,0,0
6670,3.1392431259155273,2.942655563354492,1,1
6671,3.254098892211914,3.171315908432007,1,1
6672,2.922365188598633,2.777040719985962,1,1
6673,3.1202094554901123,3.012092351913452,1,1
6674,3.1003363132476807,2.923495054244995,0,0
6675,2.9706830978393555,2.5774760246276855,0,0
6676,3.3534634113311768,2.966157913208008,1,1
6677,3.8802218437194824,3.3544774055480957,1,1
6678,3.012800693511963,2.6108837127685547,0,0
6679,3.0369162559509277,2.699411392211914,1,1
6680,2.935379981994629,2.88565731048584,0,0
6681,2.7301430702209473,2.6958634853363037,0,0
6682,3.052715301513672,2.893663167953491,1,1
6683,3.506469249725342,3.0097765922546387,1,1
6684,3.326080560684204,2.9938395023345947,0,0
6685,3.4289345741271973,3.1811108589172363,1,1
6686,2.5579099655151367,2.4844651222229004,1,1
6687,3.5422399044036865,3.2327592372894287,1,1
6688,3.236565589904785,3.1023294925689697,1,1
6689,2.8393633365631104,2.7524290084838867,0,0
6690,2.5639805793762207,2.5193519592285156,1,1
6691,2.986509084701538,2.7814409732818604,1,1
6692,3.135403871536255,2.9812088012695312,0,0
6693,3.2093682289123535,3.043419361114502,1,1
6694,3.249786138534546,3.017963171005249,1,1
6695,3.6155622005462646,3.2676384449005127,0,0
6696,3.635521411895752,3.247938632965088,0,0
6697,3.340308904647827,3.079509735107422,1,1
6698,3.3362112045288086,3.1428258419036865,0,0
6699,3.2195215225219727,2.910550594329834,0,0
6700,3.7021028995513916,3.1737327575683594,0,0
6701,3.2384238243103027,2.7763729095458984,1,1
6702,3.720172882080078,3.2405929565429688,1,1
6703,3.0710246562957764,2.6974353790283203,0,0
6704,3.1542348861694336,3.0557548999786377,0,0
6705,3.938124656677246,3.6037240028381348,0,0
6706,3.354820489883423,3.114438772201538,1,1
6707,3.469484567642212,3.1969430446624756,0,0
6708,3.11088490486145,2.7741003036499023,0,0
6709,2.7050230503082275,2.480048894882202,1,1
6710,3.3715922832489014,3.0438132286071777,0,0
6711,3.7549288272857666,3.2587008476257324,0,0
6712,3.2322185039520264,2.9315543174743652,0,0
6713,3.094390869140625,2.7168407440185547,0,0
6714,3.1285665035247803,2.9369254112243652,0,0
6715,3.418255090713501,3.1076064109802246,1,1
6716,3.2711689472198486,3.0843372344970703,0,0
6717,3.1592321395874023,2.922807216644287,1,1
6718,3.069343090057373,3.043318033218384,0,0
6719,3.3862016201019287,3.2213258743286133,1,1
6720,3.6451730728149414,3.149782657623291,1,1
6721,3.0426864624023438,2.977813720703125,1,1
6722,3.6240930557250977,3.3369245529174805,1,1
6723,3.1759469509124756,3.1563549041748047,0,0
6724,3.337761878967285,3.1384458541870117,0,0
6725,3.7002289295196533,3.5327913761138916,0,0
6726,3.7865166664123535,3.621723175048828,1,1
6727,3.1917688846588135,2.94858455657959,0,0
6728,3.5813920497894287,3.4625730514526367,1,1
6729,3.4548139572143555,3.221010684967041,1,1
6730,3.5405266284942627,3.365530014038086,1,1
6731,3.8599464893341064,3.579448699951172,0,0
6732,3.546285629272461,3.2949295043945312,0,0
6733,3.550447702407837,3.387091636657715,0,0
6734,3.8250205516815186,3.6999223232269287,0,0
6735,3.3336098194122314,3.109593391418457,1,1
6736,3.5915744304656982,3.4810147285461426,0,0
6737,3.6992743015289307,3.3956472873687744,1,1
6738,3.4442644119262695,3.2443270683288574,0,0
6739,4.120022773742676,3.3741703033447266,1,1
6740,3.276900291442871,3.075324058532715,1,1
6741,3.750648021697998,3.3366191387176514,1,1
6742,3.4337453842163086,3.2459638118743896,1,1
6743,4.187082290649414,3.6064887046813965,0,0
6744,3.881805658340454,3.4321088790893555,1,1
6745,3.441427230834961,3.1591386795043945,0,0
6746,3.992173194885254,3.324700355529785,1,1
6747,3.6677513122558594,3.251089096069336,1,1
6748,3.2744839191436768,3.0935475826263428,0,0
6749,3.1580917835235596,2.8651885986328125,0,0
6750,3.496088743209839,3.1735525131225586,1,1
6751,3.3675670623779297,3.168679714202881,1,1
6752,2.3894362449645996,2.318333148956299,0,0
6753,3.6171278953552246,3.3655893802642822,1,1
6754,3.352844476699829,3.221616744995117,1,1
6755,3.3767666816711426,3.0853428840637207,1,1
6756,3.2224223613739014,2.8591256141662598,1,1
6757,3.402634859085083,3.1755659580230713,1,1
6758,3.3689427375793457,3.104531764984131,1,1
6759,3.0375616550445557,3.168184757232666,1,1
6760,3.175516128540039,3.1706695556640625,1,1
6761,3.465301990509033,3.3429207801818848,1,1
6762,3.3929383754730225,3.368687391281128,1,1
6763,3.258014678955078,3.1261184215545654,0,0
6764,3.461885690689087,3.4749364852905273,0,0
6765,3.788167953491211,3.5226986408233643,0,0
6766,3.914393186569214,3.6707799434661865,1,1
6767,3.6841280460357666,3.489851236343384,1,1
6768,3.6105544567108154,3.36765718460083,1,1
6769,3.708207607269287,3.500108242034912,1,1
6770,3.48903226852417,3.1614551544189453,0,0
6771,3.508653402328491,3.246291160583496,1,1
6772,3.7455637454986572,3.3426270484924316,1,1
6773,3.7467336654663086,3.3693532943725586,1,1
6774,3.7806668281555176,3.384629964828491,1,1
6775,3.3196017742156982,3.027231216430664,1,1
6776,3.4806458950042725,3.178806781768799,0,0
6777,3.7834725379943848,3.2060341835021973,0,0
6778,3.623246192932129,3.3128223419189453,0,0
6779,3.124086618423462,2.8631396293640137,1,1
6780,3.3735852241516113,3.113316535949707,0,0
6781,3.082104206085205,2.7517404556274414,1,1
6782,3.587630271911621,3.1551642417907715,1,1
6783,3.9367504119873047,3.458482503890991,1,1
6784,3.3530962467193604,3.1170477867126465,1,1
6785,3.302135467529297,2.987581253051758,0,0
6786,2.6370151042938232,2.4216437339782715,1,1
6787,2.6678664684295654,2.5997796058654785,1,1
6788,2.8111531734466553,2.8167037963867188,1,1
6789,3.6026389598846436,3.2679603099823,1,1
6790,3.347101926803589,2.9762845039367676,1,1
6791,2.591196298599243,2.5810165405273438,0,0
6792,2.502011775970459,2.5100317001342773,1,1
6793,2.9631364345550537,2.6271939277648926,1,1
6794,3.010256052017212,3.03288197517395,0,0
6795,3.1938438415527344,2.9564900398254395,0,0
6796,2.9900686740875244,2.8194470405578613,0,0
6797,3.060206890106201,2.988431930541992,0,0
6798,3.1305313110351562,2.8887014389038086,1,1
6799,2.995731830596924,2.777864694595337,0,0
6800,3.197394847869873,2.9322805404663086,1,1
6801,3.1679677963256836,2.963994026184082,0,0
6802,3.0894272327423096,3.1319353580474854,0,0
6803,3.3506786823272705,2.9364147186279297,0,0
6804,3.393794536590576,3.1037092208862305,1,1
6805,3.5421528816223145,3.253617286682129,0,0
6806,3.1198153495788574,2.831973075866699,0,0
6807,2.8382835388183594,2.6807637214660645,1,1
6808,3.092160701751709,2.8569817543029785,0,0
6809,3.22062611579895,3.013169765472412,0,0
6810,3.133270025253296,2.8311734199523926,0,0
6811,2.654897689819336,2.59409236907959,0,0
6812,2.7966043949127197,2.4841294288635254,1,1
6813,3.577411651611328,3.15323543548584,0,0
6814,3.6959900856018066,3.3995895385742188,1,1
6815,3.8767175674438477,3.447902202606201,0,0
6816,3.5355136394500732,3.1184475421905518,1,1
6817,3.398303508758545,3.18347430229187,1,1
6818,3.8868119716644287,3.5903639793395996,1,1
6819,3.6901025772094727,3.41469144821167,1,1
6820,3.4800527095794678,3.2996249198913574,1,1
6821,2.7651126384735107,2.8157644271850586,0,0
6822,2.4618194103240967,2.576913356781006,1,1
6823,3.1407394409179688,3.012098550796509,0,0
6824,3.4186997413635254,3.167668342590332,0,0
6825,3.8466076850891113,3.369473934173584,0,0
6826,3.270120859146118,3.092691421508789,0,0
6827,3.0251166820526123,2.8723340034484863,1,1
6828,2.778604745864868,2.7679519653320312,1,1
6829,3.6402390003204346,3.3036553859710693,1,1
6830,3.4697396755218506,3.4547574520111084,0,0
6831,3.418980121612549,3.291980266571045,1,1
6832,3.0762224197387695,2.9332966804504395,0,0
6833,3.35036563873291,3.1305744647979736,0,0
6834,2.5757827758789062,2.4560546875,1,1
6835,2.9626429080963135,2.910114288330078,1,1
6836,3.070378303527832,2.907050371170044,0,0
6837,3.0169453620910645,2.7692911624908447,1,1
6838,3.022310495376587,2.9408226013183594,1,1
6839,3.278810977935791,3.233610153198242,1,1
6840,3.286097526550293,3.4595746994018555,1,1
6841,3.368637800216675,3.288938045501709,0,0
6842,3.3198821544647217,2.9261465072631836,0,0
6843,3.4090211391448975,3.0507240295410156,0,0
6844,3.451835870742798,3.01198410987854,0,0
6845,3.0638294219970703,2.728701591491699,0,0
6846,3.6364402770996094,3.140251398086548,0,0
6847,3.2980451583862305,2.727156639099121,1,1
6848,3.3087172508239746,2.720198631286621,0,0
6849,3.534640312194824,3.156215190887451,1,1
6850,3.3291616439819336,2.996601104736328,0,0
6851,4.008068084716797,3.230091094970703,0,0
6852,3.3055572509765625,2.91951322555542,1,1
6853,3.292982578277588,2.8961567878723145,0,0
6854,3.402294874191284,2.8850324153900146,0,0
6855,3.667126417160034,3.1779732704162598,0,0
6856,3.2232182025909424,2.847357749938965,0,0
6857,3.2645986080169678,2.939948081970215,0,0
6858,2.9850730895996094,2.8551783561706543,0,0
6859,3.608349561691284,3.412014961242676,0,0
6860,3.1832332611083984,3.0707833766937256,0,0
6861,3.148782253265381,2.9512457847595215,0,0
6862,3.5268640518188477,3.3444690704345703,0,0
6863,3.3695688247680664,3.221355438232422,0,0
6864,3.2487363815307617,3.2018074989318848,1,1
6865,3.775803565979004,3.297574520111084,1,1
6866,3.2951033115386963,2.89045786857605,1,1
6867,3.0885095596313477,3.0605835914611816,0,0
6868,2.8481199741363525,2.693459987640381,1,1
6869,3.236846685409546,3.088463306427002,0,0
6870,3.0391714572906494,2.819875717163086,1,1
6871,2.9220523834228516,2.9683027267456055,0,0
6872,3.334484815597534,3.176504135131836,0,0
6873,3.1921372413635254,3.2006566524505615,0,0
6874,3.2438113689422607,3.10054087638855,1,1
6875,3.50644588470459,3.1635777950286865,0,0
6876,3.2355918884277344,2.9183788299560547,0,0
6877,2.995666265487671,2.8095993995666504,1,1
6878,3.4947354793548584,3.2500758171081543,1,1
6879,3.6676266193389893,3.338411331176758,0,0
6880,3.3649537563323975,3.106635808944702,1,1
6881,2.6911208629608154,2.7367300987243652,1,1
6882,3.25887393951416,3.144436836242676,0,0
6883,3.472731113433838,3.4001736640930176,1,1
6884,3.2916886806488037,3.277087926864624,0,0
6885,3.9967081546783447,3.792901039123535,1,1
6886,3.12505841255188,3.1105637550354004,1,1
6887,3.369976758956909,3.157020330429077,1,1
6888,3.064117431640625,2.939701557159424,0,0
6889,3.4750142097473145,3.266786575317383,0,0
6890,3.3465473651885986,3.439115524291992,1,1
6891,3.5229527950286865,3.3134167194366455,0,0
6892,3.099382162094116,2.9194717407226562,1,1
6893,3.1745545864105225,2.890190362930298,0,0
6894,3.4551587104797363,3.1915409564971924,1,1
6895,3.0661065578460693,2.835455894470215,1,1
6896,2.492283582687378,2.5004048347473145,0,0
6897,2.809122085571289,2.479135513305664,0,0
6898,3.3235485553741455,2.9476966857910156,1,1
6899,2.5072269439697266,2.272648572921753,1,1
6900,2.8638463020324707,2.6997063159942627,0,0
6901,2.95466947555542,2.8893115520477295,1,1
6902,2.8305041790008545,2.717482805252075,1,1
6903,2.777392625808716,2.5758790969848633,1,1
6904,3.378291130065918,3.0254533290863037,0,0
6905,3.383458137512207,3.22655987739563,0,0
6906,3.545769214630127,3.227443218231201,1,1
6907,3.4971535205841064,3.160494565963745,0,0
6908,3.2243001461029053,3.038682460784912,1,1
6909,3.4204299449920654,3.1308541297912598,1,1
6910,3.165325403213501,2.9437804222106934,0,0
6911,2.8678996562957764,2.668895721435547,0,0
6912,2.825485944747925,2.6713247299194336,1,1
6913,2.909569501876831,2.653095245361328,1,1
6914,2.9215261936187744,2.5705490112304688,0,0
6915,2.38081693649292,2.227513313293457,0,0
6916,2.420746088027954,2.2636940479278564,0,0
6917,2.7501437664031982,2.654695987701416,1,1
6918,3.0275380611419678,2.8334667682647705,0,0
6919,3.0462112426757812,2.7813210487365723,0,0
6920,3.0799007415771484,2.838273525238037,1,1
6921,3.198091745376587,2.832195281982422,0,0
6922,3.564007043838501,3.2697081565856934,1,1
6923,3.3380558490753174,3.0110974311828613,1,1
6924,3.4367611408233643,3.0217444896698,1,1
6925,3.8279452323913574,3.4006733894348145,1,1
6926,3.561475992202759,3.1570615768432617,0,0
6927,3.305788993835449,3.161069869995117,1,1
6928,3.0583407878875732,2.8693552017211914,1,1
6929,3.3652350902557373,3.256868839263916,1,1
6930,3.3068597316741943,3.0500030517578125,1,1
6931,3.2067856788635254,2.908859968185425,0,0
6932,3.217489004135132,3.016340732574463,0,0
6933,3.700218677520752,3.52217435836792,0,0
6934,3.6176605224609375,3.076738119125366,1,1
6935,2.8003175258636475,2.637515068054199,1,1
6936,2.740818500518799,2.5404810905456543,1,1
6937,2.945936679840088,2.799102306365967,0,0
6938,2.989736318588257,2.8281686305999756,0,0
6939,3.122870922088623,2.895080327987671,0,0
6940,2.8131070137023926,2.8059871196746826,0,0
6941,3.440225839614868,3.321606397628784,1,1
6942,3.6341123580932617,3.2162370681762695,0,0
6943,3.377570152282715,3.132847785949707,0,0
6944,3.735074520111084,3.373488426208496,0,0
6945,3.5722689628601074,3.309662103652954,1,1
6946,3.2323052883148193,2.9858927726745605,0,0
6947,3.7010278701782227,3.295750379562378,1,1
6948,3.4050981998443604,3.132197380065918,0,0
6949,3.1138737201690674,3.1452813148498535,0,0
6950,3.481128454208374,3.2027344703674316,0,0
6951,3.376288652420044,3.1835896968841553,1,1
6952,3.248785972595215,3.1050822734832764,1,1
6953,3.209240674972534,3.081066608428955,1,1
6954,3.237462043762207,2.9546046257019043,0,0
6955,3.397922992706299,3.2224504947662354,1,1
6956,3.249070405960083,3.173344612121582,0,0
6957,3.618077039718628,3.3791544437408447,1,1
6958,2.350792169570923,2.2598724365234375,0,0
6959,2.4532032012939453,2.5405960083007812,0,0
6960,2.923888921737671,2.9885945320129395,0,0
6961,2.8513283729553223,2.789778709411621,1,1
6962,2.8586325645446777,2.7128748893737793,0,0
6963,2.7470457553863525,2.575500726699829,1,1
6964,3.5582492351531982,3.1242265701293945,0,0
6965,3.14406418800354,3.0287833213806152,1,1
6966,3.33060359954834,2.9162113666534424,0,0
6967,3.367058038711548,3.103482961654663,1,1
6968,3.3865623474121094,3.229766845703125,1,1
6969,3.8791165351867676,3.4292407035827637,1,1
6970,2.498504638671875,2.2571537494659424,1,1
6971,3.0691092014312744,3.006493330001831,0,0
6972,3.2975728511810303,2.993863105773926,1,1
6973,3.494218349456787,2.9657976627349854,1,1
6974,3.7875113487243652,3.1639273166656494,1,1
6975,3.6189920902252197,3.242824077606201,0,0
6976,3.6681675910949707,3.2641184329986572,0,0
6977,3.2952706813812256,3.0171592235565186,0,0
6978,3.3008763790130615,3.0482029914855957,0,0
6979,3.457477569580078,3.288917064666748,1,1
6980,3.292053461074829,3.190670967102051,1,1
6981,3.2903096675872803,3.082326650619507,0,0
6982,3.5655133724212646,3.3223721981048584,0,0
6983,3.644862651824951,3.3494455814361572,1,1
6984,3.540072441101074,3.374966621398926,0,0
6985,3.653202772140503,3.4124770164489746,0,0
6986,3.6974337100982666,3.500157594680786,0,0
6987,3.2736120223999023,3.1710352897644043,0,0
6988,2.884312391281128,2.889193058013916,0,0
6989,2.8878822326660156,2.681753158569336,0,0
6990,3.5417072772979736,3.1408069133758545,0,0
6991,3.2746315002441406,3.1089601516723633,0,0
6992,2.7723898887634277,2.796896457672119,0,0
6993,3.4648189544677734,3.424567699432373,1,1
6994,3.326443672180176,3.1537513732910156,0,0
6995,3.557044506072998,3.356360912322998,0,0
6996,3.520376682281494,3.3208999633789062,1,1
6997,3.5655252933502197,3.3094935417175293,0,0
6998,3.785977602005005,3.5100860595703125,0,0
6999,2.9616806507110596,2.583203077316284,1,1
7000,3.444828987121582,3.103346347808838,0,0
7001,3.5643584728240967,3.311211109161377,1,1
7002,3.2015857696533203,2.9698970317840576,0,0
7003,2.888784646987915,2.688778877258301,1,1
7004,3.328775644302368,3.1776013374328613,0,0
7005,3.4382548332214355,3.2472634315490723,1,1
7006,3.484611749649048,3.198096752166748,1,1
7007,3.554460048675537,3.2734460830688477,0,0
7008,3.5333070755004883,3.073246955871582,1,1
7009,3.1818528175354004,2.919766426086426,1,1
7010,3.315390110015869,2.989494800567627,1,1
7011,2.9235663414001465,2.777395248413086,0,0
7012,3.126908779144287,2.9456162452697754,1,1
7013,3.307427167892456,3.080327033996582,0,0
7014,3.3650283813476562,3.057600975036621,0,0
7015,3.0470473766326904,2.787898063659668,0,0
7016,3.1184115409851074,2.9118480682373047,0,0
7017,3.0192506313323975,2.904886484146118,0,0
7018,3.1541059017181396,3.0126090049743652,0,0
7019,3.024786949157715,2.9496712684631348,1,1
7020,3.216784715652466,2.975064754486084,0,0
7021,3.045456886291504,2.876025676727295,1,1
7022,3.371650457382202,3.099414110183716,0,0
7023,3.221541404724121,3.204578161239624,0,0
7024,3.185532808303833,3.028799533843994,0,0
7025,3.0122814178466797,2.899630069732666,1,1
7026,3.2677390575408936,3.1545557975769043,1,1
7027,3.6805849075317383,3.301295280456543,1,1
7028,3.631869077682495,3.286402940750122,1,1
7029,3.3710880279541016,3.179807662963867,1,1
7030,3.1743829250335693,3.0681982040405273,0,0
7031,3.378291368484497,2.9913504123687744,1,1
7032,3.2325406074523926,2.962583065032959,1,1
7033,3.2998976707458496,3.0746443271636963,0,0
7034,3.3922600746154785,3.2340240478515625,1,1
7035,3.417039394378662,3.2560672760009766,0,0
7036,3.5098001956939697,3.2466750144958496,0,0
7037,3.2700788974761963,3.034897804260254,1,1
7038,3.4051830768585205,3.239171028137207,0,0
7039,3.4931106567382812,3.211920738220215,0,0
7040,3.2506251335144043,3.247586727142334,0,0
7041,3.2144203186035156,3.097079277038574,0,0
7042,3.4615066051483154,3.3521523475646973,1,1
7043,3.7243776321411133,3.4576399326324463,1,1
7044,3.2621142864227295,3.076963424682617,0,0
7045,2.9083006381988525,2.8545327186584473,0,0
7046,2.847477674484253,2.7301583290100098,0,0
7047,3.898082971572876,3.4927940368652344,0,0
7048,3.7523014545440674,2.747767925262451,1,1
7049,3.1470816135406494,3.0413577556610107,1,1
7050,3.7668697834014893,3.436267852783203,0,0
7051,3.315531015396118,3.0881757736206055,0,0
7052,3.367030382156372,3.2878754138946533,0,0
7053,3.5511133670806885,3.2365074157714844,1,1
7054,3.357633113861084,3.0819754600524902,1,1
7055,2.8915157318115234,2.787144899368286,0,0
7056,2.8663859367370605,2.8395166397094727,0,0
7057,3.0801608562469482,3.1226344108581543,1,1
7058,3.3369438648223877,3.212902069091797,1,1
7059,2.932722806930542,2.8108432292938232,1,1
7060,3.0581259727478027,3.0930211544036865,0,0
7061,3.2364768981933594,3.215862274169922,1,1
7062,2.924982786178589,2.993093490600586,0,0
7063,2.9227914810180664,2.9533510208129883,1,1
7064,2.9994375705718994,3.069589614868164,0,0
7065,2.598700761795044,2.4535629749298096,1,1
7066,3.6415910720825195,3.192261219024658,1,1
7067,2.9987781047821045,2.790266990661621,1,1
7068,3.179847240447998,3.16043758392334,1,1
7069,3.2265734672546387,3.0187530517578125,1,1
7070,3.058825969696045,2.89015793800354,1,1
7071,3.0923922061920166,2.74592661857605,0,0
7072,3.268481492996216,2.9229161739349365,0,0
7073,2.92738938331604,2.6891067028045654,1,1
7074,2.7497949600219727,2.533121109008789,0,0
7075,3.1817727088928223,2.890310525894165,0,0
7076,3.458134651184082,3.2290139198303223,0,0
7077,2.935375928878784,2.731564521789551,0,0
7078,2.586440086364746,2.45864200592041,1,1
7079,2.9719152450561523,2.6672329902648926,1,1
7080,2.8736073970794678,2.7847721576690674,0,0
7081,3.0923690795898438,2.886725902557373,0,0
7082,3.160475015640259,2.8912277221679688,0,0
7083,2.923327922821045,2.8505566120147705,0,0
7084,2.745102643966675,2.6650750637054443,1,1
7085,3.0741517543792725,2.9843482971191406,1,1
7086,3.1744186878204346,2.8352370262145996,1,1
7087,3.02702260017395,2.88454270362854,1,1
7088,2.8321592807769775,2.8078012466430664,0,0
7089,3.1705801486968994,2.8083205223083496,0,0
7090,3.0592057704925537,2.76589035987854,1,1
7091,3.1029441356658936,2.8401384353637695,0,0
7092,3.162987470626831,2.814436435699463,1,1
7093,2.996969699859619,2.7982187271118164,1,1
7094,3.1986169815063477,2.7652900218963623,0,0
7095,2.998593807220459,2.7199888229370117,1,1
7096,3.0584876537323,2.753816604614258,1,1
7097,3.2664742469787598,3.0224056243896484,0,0
7098,3.0080490112304688,2.8545689582824707,1,1
7099,3.235896587371826,3.033787250518799,1,1
7100,3.060986042022705,2.8677186965942383,1,1
7101,3.340928077697754,3.063066244125366,1,1
7102,3.63582444190979,3.3217034339904785,0,0
7103,4.166852951049805,3.701282501220703,0,0
7104,3.753871440887451,3.4053378105163574,1,1
7105,3.9104745388031006,3.380558967590332,1,1
7106,3.611224889755249,3.4768569469451904,1,1
7107,3.294961929321289,2.8488211631774902,0,0
7108,3.1621079444885254,2.965552568435669,0,0
7109,3.5937557220458984,3.2270944118499756,0,0
7110,3.7553658485412598,3.2712764739990234,1,1
7111,3.276240587234497,3.065464496612549,1,1
7112,3.367011547088623,3.1107544898986816,0,0
7113,3.4404489994049072,3.1456298828125,1,1
7114,3.101916551589966,2.9499707221984863,0,0
7115,3.075684070587158,2.7353954315185547,1,1
7116,2.9853153228759766,2.836427688598633,1,1
7117,3.5871193408966064,3.327791690826416,0,0
7118,3.2563953399658203,2.977306604385376,1,1
7119,3.0205812454223633,2.9081664085388184,1,1
7120,2.8953821659088135,2.8179140090942383,0,0
7121,3.2272253036499023,3.046581268310547,0,0
7122,3.1850481033325195,2.7590179443359375,0,0
7123,3.350635051727295,2.914548397064209,0,0
7124,3.3423662185668945,2.9639320373535156,1,1
7125,3.1920883655548096,2.7881269454956055,0,0
7126,3.218689441680908,2.8817598819732666,1,1
7127,3.275718927383423,3.028630495071411,0,0
7128,3.5977108478546143,3.250429630279541,1,1
7129,3.429612398147583,3.222165584564209,0,0
7130,3.689706563949585,3.2715563774108887,1,1
7131,3.6015286445617676,3.2266476154327393,1,1
7132,3.8039872646331787,3.4114272594451904,0,0
7133,3.5094878673553467,3.1352133750915527,0,0
7134,3.646894931793213,3.3183584213256836,0,0
7135,3.8283426761627197,3.4331393241882324,1,1
7136,4.0186638832092285,3.4491546154022217,1,1
7137,3.794973611831665,3.309826135635376,1,1
7138,2.937222719192505,2.7808144092559814,0,0
7139,3.3913044929504395,3.140216827392578,1,1
7140,3.412564516067505,3.087367534637451,1,1
7141,3.57153058052063,3.1711788177490234,0,0
7142,3.532564401626587,3.1854407787323,0,0
7143,3.378535509109497,3.078404664993286,1,1
7144,3.326504945755005,3.0471863746643066,0,0
7145,2.866685390472412,2.6326818466186523,1,1
7146,2.890228509902954,2.7463974952697754,0,0
7147,3.1745853424072266,2.79258394241333,0,0
7148,3.0103037357330322,2.8992919921875,0,0
7149,3.6272244453430176,3.2721309661865234,1,1
7150,3.617647647857666,3.2977161407470703,1,1
7151,3.2303712368011475,2.8520660400390625,1,1
7152,3.6003024578094482,3.1426732540130615,1,1
7153,3.4060800075531006,3.0733413696289062,0,0
7154,3.0783002376556396,2.982990264892578,0,0
7155,3.432757616043091,3.192444324493408,0,0
7156,3.407823324203491,3.1387290954589844,1,1
7157,3.438722848892212,3.1034653186798096,1,1
7158,3.2064590454101562,2.9919676780700684,1,1
7159,3.243299722671509,2.844817876815796,1,1
7160,2.995846748352051,2.8813281059265137,1,1
7161,2.9837889671325684,2.75089168548584,0,0
7162,3.4711241722106934,3.195493221282959,0,0
7163,3.2660186290740967,3.1962389945983887,1,1
7164,3.353153944015503,3.2769651412963867,0,0
7165,3.2254791259765625,3.0714502334594727,1,1
7166,3.6347882747650146,3.3100874423980713,1,1
7167,3.409881353378296,2.96264386177063,1,1
7168,3.284280776977539,3.109734058380127,1,1
7169,3.2166216373443604,2.9331555366516113,1,1
7170,3.3999154567718506,2.9761881828308105,1,1
7171,3.2517857551574707,3.143791913986206,0,0
7172,3.353907823562622,3.2627992630004883,0,0
7173,2.917618989944458,2.989016532897949,0,0
7174,3.24210524559021,3.3079562187194824,0,0
7175,3.5395236015319824,3.4186019897460938,0,0
7176,3.7174642086029053,3.7028143405914307,0,0
7177,3.589932441711426,3.3169283866882324,0,0
7178,3.2953696250915527,3.0335795879364014,1,1
7179,2.710559606552124,2.769247055053711,1,1
7180,2.7701008319854736,2.8792929649353027,1,1
7181,2.7697277069091797,2.8383102416992188,1,1
7182,3.4911296367645264,3.142059803009033,0,0
7183,2.653064012527466,2.7023167610168457,0,0
7184,3.5233101844787598,3.3706374168395996,0,0
7185,2.5626375675201416,2.536843776702881,1,1
7186,3.487278461456299,3.123439073562622,0,0
7187,3.8206653594970703,3.2710893154144287,0,0
7188,3.791167974472046,3.483794927597046,0,0
7189,3.9018380641937256,3.435253143310547,0,0
7190,3.598193645477295,3.198559284210205,1,1
7191,3.630049705505371,3.3687758445739746,1,1
7192,3.9554243087768555,3.7624590396881104,0,0
7193,3.9604570865631104,3.4081146717071533,1,1
7194,3.419579029083252,2.9653995037078857,0,0
7195,3.534749746322632,3.3242478370666504,0,0
7196,3.559406042098999,3.478527545928955,0,0
7197,4.032175540924072,3.5052974224090576,1,1
7198,3.688843250274658,3.3370044231414795,1,1
7199,3.034890651702881,2.9681649208068848,1,1
7200,3.2223892211914062,3.217552661895752,0,0
7201,2.6331369876861572,2.676276445388794,0,0
7202,3.27402400970459,3.2328152656555176,0,0
7203,3.4802353382110596,3.3261985778808594,0,0
7204,3.266875982284546,3.0552635192871094,1,1
7205,2.830934762954712,2.935767650604248,0,0
7206,3.6082403659820557,3.4556636810302734,0,0
7207,3.7360751628875732,3.540898084640503,0,0
7208,3.412351608276367,3.246429920196533,1,1
7209,3.844841957092285,3.4373316764831543,1,1
7210,3.9379186630249023,3.607374906539917,1,1
7211,3.9390323162078857,3.816920757293701,1,1
7212,3.811344623565674,3.617619752883911,1,1
7213,3.931931495666504,3.672236919403076,0,0
7214,3.518958568572998,3.5584938526153564,0,0
7215,4.206717014312744,3.864750862121582,1,1
7216,3.6052703857421875,3.45222806930542,0,0
7217,3.732980489730835,3.5354628562927246,1,1
7218,4.183513641357422,3.824781894683838,0,0
7219,3.7084975242614746,3.3739736080169678,0,0
7220,3.3501648902893066,3.2101120948791504,1,1
7221,3.2166285514831543,3.1264476776123047,0,0
7222,3.8794453144073486,3.4638383388519287,0,0
7223,3.654717445373535,3.4724531173706055,0,0
7224,3.3629109859466553,3.3355209827423096,1,1
7225,3.0453531742095947,3.0083799362182617,0,0
7226,3.0856614112854004,3.0094683170318604,1,1
7227,3.368945360183716,3.315072536468506,1,1
7228,3.4720118045806885,3.2294797897338867,0,0
7229,3.4616663455963135,3.1701455116271973,0,0
7230,3.699678659439087,3.4021294116973877,0,0
7231,3.630385160446167,3.3671789169311523,0,0
7232,3.6094658374786377,3.3832385540008545,0,0
7233,3.920118570327759,3.461923360824585,1,1
7234,3.8301899433135986,3.47526478767395,0,0
7235,3.2188315391540527,3.050722122192383,0,0
7236,3.64212965965271,3.2723283767700195,1,1
7237,3.537102222442627,3.3739519119262695,0,0
7238,3.6122186183929443,3.2535207271575928,1,1
7239,3.3609609603881836,3.1211421489715576,0,0
7240,3.1117749214172363,2.98020601272583,0,0
7241,3.1876718997955322,3.0981979370117188,0,0
7242,3.6276354789733887,3.403614044189453,0,0
7243,3.8160133361816406,3.416977643966675,1,1
7244,3.5032176971435547,3.3881287574768066,1,1
7245,3.70273494720459,3.206916332244873,0,0
7246,3.7224459648132324,3.4996800422668457,0,0
7247,3.5660059452056885,3.4149439334869385,0,0
7248,3.4925596714019775,3.4007067680358887,1,1
7249,3.285891056060791,3.281240463256836,1,1
7250,3.409174680709839,3.223569631576538,1,1
7251,3.2998743057250977,3.0353472232818604,0,0
7252,2.9182305335998535,2.808448553085327,0,0
7253,3.529003143310547,3.3359007835388184,0,0
7254,3.1853835582733154,3.2264437675476074,0,0
7255,3.759042739868164,3.5638153553009033,0,0
7256,3.661843776702881,3.403109550476074,0,0
7257,3.657564878463745,3.2271978855133057,0,0
7258,3.750760078430176,3.5743236541748047,0,0
7259,3.2599339485168457,2.8613898754119873,0,0
7260,3.506579875946045,3.172579288482666,0,0
7261,3.539628267288208,3.152689218521118,1,1
7262,3.069257974624634,2.9560787677764893,1,1
7263,3.536637783050537,3.282235860824585,1,1
7264,3.3852648735046387,3.3945369720458984,1,1
7265,2.9986982345581055,3.024686813354492,0,0
7266,3.267563819885254,3.295907974243164,1,1
7267,3.398169755935669,3.214323043823242,0,0
7268,3.4323158264160156,3.368103265762329,0,0
7269,3.228393077850342,3.186460018157959,0,0
7270,3.4389703273773193,3.304471969604492,1,1
7271,3.257905960083008,2.9483323097229004,0,0
7272,3.1698150634765625,3.257493495941162,0,0
7273,3.1358866691589355,3.1796271800994873,0,0
7274,3.4802005290985107,3.317427396774292,0,0
7275,3.4308156967163086,3.3561410903930664,1,1
7276,3.3078649044036865,3.107513904571533,0,0
7277,3.166327953338623,3.0146591663360596,0,0
7278,3.4838411808013916,3.2856173515319824,0,0
7279,3.1503684520721436,3.1174254417419434,1,1
7280,3.0164687633514404,2.929218292236328,0,0
7281,3.114823818206787,2.941918134689331,0,0
7282,3.3151867389678955,2.8511624336242676,1,1
7283,3.2921829223632812,3.1375784873962402,0,0
7284,3.54569411277771,3.119332790374756,0,0
7285,2.9338295459747314,2.7638680934906006,1,1
7286,3.448812961578369,3.221304416656494,0,0
7287,3.751192092895508,3.3221726417541504,0,0
7288,2.9982802867889404,2.698909282684326,1,1
7289,3.0522031784057617,2.9493162631988525,1,1
7290,3.0586931705474854,2.9698028564453125,1,1
7291,3.278179883956909,3.1032118797302246,1,1
7292,3.5465829372406006,3.2798805236816406,1,1
7293,3.368769407272339,3.0586256980895996,0,0
7294,3.42555570602417,3.3097641468048096,1,1
7295,3.4339401721954346,3.171970844268799,1,1
7296,3.436561346054077,3.1856000423431396,0,0
7297,3.808223247528076,3.624190330505371,0,0
7298,3.4929120540618896,3.2779083251953125,1,1
7299,3.524287462234497,3.156568765640259,1,1
7300,3.5504417419433594,3.3298697471618652,1,1
7301,3.0075900554656982,2.9377832412719727,1,1
7302,3.3842849731445312,3.0713956356048584,0,0
7303,3.269695281982422,2.8909482955932617,1,1
7304,3.2063422203063965,2.9883010387420654,1,1
7305,2.783139705657959,2.758666515350342,0,0
7306,3.293951988220215,3.242513656616211,1,1
7307,3.01247501373291,2.912863254547119,1,1
7308,3.241699695587158,3.071652412414551,0,0
7309,3.3150014877319336,3.2024848461151123,0,0
7310,3.4800140857696533,3.340625286102295,1,1
7311,3.2143828868865967,3.110285520553589,0,0
7312,2.972602367401123,2.726365566253662,1,1
7313,3.1155052185058594,2.9375860691070557,0,0
7314,3.5484511852264404,3.272352695465088,0,0
7315,3.6362528800964355,3.1907379627227783,0,0
7316,3.3179550170898438,3.0918095111846924,0,0
7317,3.099688768386841,2.977332353591919,1,1
7318,3.4198076725006104,3.1057443618774414,1,1
7319,3.2954514026641846,3.0351948738098145,1,1
7320,3.4606382846832275,3.137782096862793,1,1
7321,3.0901107788085938,2.920139789581299,1,1
7322,3.3808281421661377,3.103379487991333,1,1
7323,3.398179054260254,3.2141079902648926,1,1
7324,3.3075993061065674,3.166717529296875,0,0
7325,3.616568088531494,3.303140163421631,0,0
7326,2.9340384006500244,2.7892794609069824,0,0
7327,3.2684314250946045,3.0703964233398438,1,1
7328,2.9183595180511475,2.776329755783081,1,1
7329,3.077385187149048,2.9370384216308594,0,0
7330,3.396282196044922,2.9938809871673584,0,0
7331,3.344381809234619,3.1224732398986816,1,1
7332,3.2552599906921387,3.0611510276794434,1,1
7333,2.9088857173919678,2.8304123878479004,0,0
7334,3.3762569427490234,3.080871105194092,1,1
7335,2.6650333404541016,2.436154842376709,1,1
7336,2.755549192428589,2.555821418762207,1,1
7337,2.7558233737945557,2.7207767963409424,1,1
7338,3.0764987468719482,2.9735653400421143,0,0
7339,3.127814292907715,2.842959403991699,1,1
7340,3.0274364948272705,2.7991018295288086,1,1
7341,2.9047136306762695,2.814753770828247,0,0
7342,3.304025888442993,2.828899383544922,1,1
7343,3.8221588134765625,3.4070401191711426,0,0
7344,3.3874499797821045,3.0768485069274902,0,0
7345,3.8018693923950195,3.2831921577453613,1,1
7346,3.4230237007141113,3.052812337875366,0,0
7347,3.675137519836426,3.101088285446167,1,1
7348,3.6145739555358887,3.107393980026245,1,1
7349,3.779191732406616,3.200606346130371,1,1
7350,3.746083974838257,3.178928852081299,1,1
7351,3.375697374343872,3.1498875617980957,0,0
7352,2.776949882507324,2.7054507732391357,1,1
7353,3.1380014419555664,3.057882785797119,0,0
7354,2.800759792327881,2.741795778274536,1,1
7355,3.2181830406188965,3.0688695907592773,0,0
7356,3.0985522270202637,2.965111255645752,1,1
7357,3.076425075531006,2.951538324356079,0,0
7358,3.7488350868225098,3.4574990272521973,0,0
7359,3.6439592838287354,3.329810619354248,0,0
7360,3.6994717121124268,3.48347806930542,1,1
7361,3.8409974575042725,3.4194138050079346,1,1
7362,3.458724021911621,3.305635690689087,0,0
7363,3.83171010017395,3.4710116386413574,1,1
7364,3.5206472873687744,3.3916287422180176,1,1
7365,3.2481915950775146,2.962493658065796,1,1
7366,2.928100824356079,2.861835241317749,0,0
7367,2.9844512939453125,2.7708585262298584,0,0
7368,3.055964708328247,2.939608573913574,1,1
7369,3.1840879917144775,2.91550874710083,0,0
7370,2.549856185913086,2.1495893001556396,0,0
7371,2.5871920585632324,2.3687868118286133,0,0
7372,2.8665499687194824,2.842428684234619,0,0
7373,3.3955130577087402,3.277587890625,0,0
7374,3.425537109375,3.289006471633911,1,1
7375,3.2407679557800293,3.2398571968078613,1,1
7376,3.088463544845581,3.179456949234009,0,0
7377,3.2145447731018066,3.120389938354492,1,1
7378,3.1772854328155518,3.217648506164551,0,0
7379,3.3818416595458984,3.3009722232818604,1,1
7380,3.3887763023376465,3.0537872314453125,0,0
7381,3.46923828125,3.307041883468628,0,0
7382,3.066387176513672,3.0945241451263428,0,0
7383,3.4407765865325928,3.1408493518829346,0,0
7384,3.795038938522339,3.5386900901794434,1,1
7385,3.1486263275146484,3.1321048736572266,1,1
7386,3.7096495628356934,3.5359554290771484,1,1
7387,3.2899439334869385,3.22112774848938,0,0
7388,3.0256500244140625,2.7559943199157715,1,1
7389,3.088989019393921,2.848504066467285,0,0
7390,3.160855293273926,2.97776460647583,1,1
7391,2.98156476020813,2.819149971008301,1,1
7392,3.351184129714966,2.909564256668091,0,0
7393,3.4388763904571533,3.0602056980133057,1,1
7394,3.2007601261138916,2.986769199371338,1,1
7395,3.1992030143737793,2.913163661956787,1,1
7396,3.2985918521881104,2.988436698913574,1,1
7397,3.4879281520843506,3.2045435905456543,1,1
7398,3.704204559326172,3.2762370109558105,1,1
7399,3.4859068393707275,3.196294069290161,0,0
7400,3.2955636978149414,2.928189754486084,0,0
7401,3.3861753940582275,2.9331817626953125,1,1
7402,3.3100674152374268,2.980681896209717,0,0
7403,3.2997121810913086,3.0687427520751953,1,1
7404,3.581754207611084,3.2096192836761475,0,0
7405,3.127641201019287,3.1423754692077637,1,1
7406,3.277218818664551,3.044929027557373,1,1
7407,3.114675521850586,2.937751293182373,1,1
7408,3.472017526626587,3.197542667388916,0,0
7409,3.5643086433410645,3.245476245880127,1,1
7410,3.5557727813720703,3.274052381515503,0,0
7411,3.448228597640991,3.1309871673583984,1,1
7412,3.415435552597046,2.982124090194702,1,1
7413,3.401461601257324,3.104647159576416,0,0
7414,3.1144042015075684,2.859558582305908,0,0
7415,3.062718152999878,2.8766777515411377,0,0
7416,3.2503347396850586,2.9943645000457764,1,1
7417,3.208453893661499,2.853097915649414,1,1
7418,3.0267176628112793,2.8378148078918457,0,0
7419,3.473935604095459,3.2380130290985107,0,0
7420,3.5453834533691406,3.459770917892456,0,0
7421,2.725365400314331,2.577922821044922,0,0
7422,2.7436697483062744,2.7312867641448975,1,1
7423,3.095628261566162,2.8250479698181152,1,1
7424,3.2106478214263916,2.921657085418701,0,0
7425,3.1661527156829834,2.836249828338623,0,0
7426,3.3230628967285156,3.0333852767944336,1,1
7427,3.7416226863861084,3.1740365028381348,1,1
7428,3.4640047550201416,3.2383036613464355,1,1
7429,3.141977071762085,2.9276676177978516,1,1
7430,2.9525840282440186,2.783328056335449,1,1
7431,3.1055538654327393,2.873150110244751,0,0
7432,2.6885530948638916,2.45768666267395,0,0
7433,2.9076883792877197,2.4380879402160645,1,1
7434,3.00506329536438,2.5907912254333496,0,0
7435,2.879060745239258,2.4503345489501953,0,0
7436,2.9761509895324707,2.610028028488159,0,0
7437,2.250771999359131,2.1857032775878906,1,1
7438,2.952057123184204,2.558199167251587,0,0
7439,3.2095141410827637,3.006248712539673,1,1
7440,3.3617236614227295,3.1511759757995605,0,0
7441,3.1528499126434326,3.0903995037078857,1,1
7442,3.0137734413146973,2.7832818031311035,0,0
7443,2.953580856323242,2.661775588989258,1,1
7444,3.3961706161499023,3.1033554077148438,0,0
7445,3.4574172496795654,3.0667335987091064,1,1
7446,3.2515532970428467,2.9495463371276855,1,1
7447,3.259831190109253,3.0938572883605957,0,0
7448,2.9437949657440186,2.7151002883911133,1,1
7449,3.1747589111328125,2.8083341121673584,1,1
7450,3.0805089473724365,2.8104991912841797,0,0
7451,3.298048973083496,2.95742130279541,1,1
7452,3.320482015609741,3.142726182937622,1,1
7453,3.4057986736297607,2.9402666091918945,0,0
7454,3.5865590572357178,2.892965316772461,1,1
7455,3.4763073921203613,3.010673761367798,1,1
7456,3.5718884468078613,3.087920665740967,0,0
7457,3.299147129058838,2.9495792388916016,0,0
7458,3.0174663066864014,2.9698357582092285,0,0
7459,2.969313144683838,2.7065858840942383,0,0
7460,3.440720796585083,3.1007003784179688,1,1
7461,2.462542772293091,2.2454986572265625,0,0
7462,3.4992868900299072,3.261197090148926,1,1
7463,3.4788434505462646,3.1517109870910645,1,1
7464,3.388892412185669,3.351125717163086,1,1
7465,3.687544107437134,3.3138015270233154,1,1
7466,3.385251045227051,2.959953784942627,0,0
7467,2.954479217529297,2.814147472381592,1,1
7468,3.3984158039093018,3.3139407634735107,0,0
7469,3.4614007472991943,3.159046173095703,1,1
7470,3.974743604660034,3.653212785720825,0,0
7471,3.4541945457458496,3.243875503540039,1,1
7472,3.618199110031128,3.1696882247924805,0,0
7473,3.181177854537964,3.037801742553711,0,0
7474,2.6069819927215576,2.5679049491882324,1,1
7475,3.300283193588257,3.138519763946533,1,1
7476,3.423166513442993,3.191500186920166,1,1
7477,3.047711133956909,3.015963554382324,1,1
7478,3.554546594619751,3.2797350883483887,0,0
7479,3.289560317993164,3.071485757827759,1,1
7480,3.2376716136932373,2.995171546936035,0,0
7481,3.235964298248291,3.136765241622925,1,1
7482,3.36399507522583,2.973400115966797,0,0
7483,3.2382686138153076,2.888124942779541,1,1
7484,3.238553524017334,2.9021623134613037,0,0
7485,3.067697763442993,2.6842782497406006,0,0
7486,3.119706630706787,2.8780264854431152,1,1
7487,3.0253281593322754,2.7289042472839355,0,0
7488,3.141308546066284,2.7756402492523193,0,0
7489,3.5342326164245605,3.2478580474853516,0,0
7490,3.3176581859588623,3.2266480922698975,0,0
7491,3.5701944828033447,3.5023961067199707,1,1
7492,3.914640188217163,3.403407573699951,1,1
7493,3.4543566703796387,3.1539788246154785,1,1
7494,3.6575236320495605,3.494112253189087,0,0
7495,3.5643930435180664,3.4818801879882812,0,0
7496,3.4350059032440186,3.204375982284546,0,0
7497,3.413464069366455,3.283323287963867,0,0
7498,3.44219708442688,3.319176197052002,1,1
7499,3.633362293243408,3.380707263946533,1,1
7500,3.542464256286621,3.2114498615264893,0,0
7501,3.6608169078826904,3.391551971435547,0,0
7502,3.4739081859588623,3.2385053634643555,0,0
7503,3.4148924350738525,3.2426559925079346,1,1
7504,3.2535808086395264,3.1996524333953857,1,1
7505,2.689063310623169,2.67570161819458,1,1
7506,2.8254079818725586,2.640113592147827,1,1
7507,2.5447685718536377,2.3376059532165527,0,0
7508,2.7757601737976074,2.6250052452087402,1,1
7509,3.009472608566284,2.74100399017334,1,1
7510,3.14172625541687,2.882650852203369,1,1
7511,3.217378854751587,2.951282024383545,1,1
7512,3.4600274562835693,3.193889617919922,1,1
7513,3.412097215652466,3.063032388687134,0,0
7514,3.864187479019165,3.342210292816162,0,0
7515,3.966007947921753,3.3197014331817627,0,0
7516,3.747546434402466,3.3444812297821045,1,1
7517,3.03434681892395,2.686279773712158,1,1
7518,3.2109994888305664,2.8483331203460693,0,0
7519,3.0401294231414795,2.797635078430176,0,0
7520,3.3684866428375244,2.9445018768310547,1,1
7521,3.7510342597961426,3.224475383758545,0,0
7522,3.4295122623443604,3.1452980041503906,0,0
7523,3.3169617652893066,3.0011706352233887,0,0
7524,3.584446907043457,3.199666976928711,1,1
7525,3.416041851043701,3.140336275100708,1,1
7526,3.3536102771759033,3.154416561126709,0,0
7527,3.702310085296631,3.3883237838745117,0,0
7528,3.4316935539245605,2.9978585243225098,1,1
7529,3.3439443111419678,3.087158203125,0,0
7530,3.544612407684326,3.200800657272339,0,0
7531,3.2674825191497803,2.8310513496398926,1,1
7532,3.4939398765563965,2.999873399734497,1,1
7533,3.6896305084228516,3.3018155097961426,0,0
7534,3.675504207611084,3.2539024353027344,1,1
7535,3.7414987087249756,3.3122010231018066,1,1
7536,3.262993574142456,3.159019947052002,1,1
7537,3.5079269409179688,3.0190091133117676,1,1
7538,3.0515921115875244,2.909355640411377,1,1
7539,3.713820695877075,3.367858409881592,0,0
7540,3.73073148727417,3.404648542404175,1,1
7541,2.8581409454345703,2.7886428833007812,1,1
7542,3.395171880722046,3.252242088317871,1,1
7543,3.0501208305358887,3.0926005840301514,1,1
7544,3.0723817348480225,3.0715551376342773,1,1
7545,3.2452292442321777,3.200061798095703,1,1
7546,3.1944148540496826,3.1818602085113525,1,1
7547,3.0984556674957275,2.964139938354492,0,0
7548,3.421860694885254,3.2014667987823486,1,1
7549,3.1053926944732666,2.9719810485839844,1,1
7550,2.7940173149108887,2.7389063835144043,1,1
7551,3.324868679046631,3.0993051528930664,1,1
7552,3.5250868797302246,3.167414903640747,0,0
7553,3.237536668777466,3.218926191329956,1,1
7554,3.42979097366333,3.172337532043457,1,1
7555,3.624433994293213,3.397616386413574,0,0
7556,3.361243963241577,3.184640645980835,0,0
7557,3.563063621520996,3.213317632675171,1,1
7558,3.3623478412628174,3.2409658432006836,1,1
7559,3.3990225791931152,3.0975539684295654,0,0
7560,3.4642832279205322,3.2358922958374023,1,1
7561,3.4306106567382812,3.2915306091308594,0,0
7562,3.2376790046691895,3.1887149810791016,1,1
7563,3.3643016815185547,3.0792713165283203,1,1
7564,3.279201030731201,3.039457321166992,1,1
7565,3.4080164432525635,2.902940273284912,1,1
7566,3.3428804874420166,3.1549720764160156,1,1
7567,3.46466326713562,2.9139862060546875,0,0
7568,3.419250965118408,3.083205461502075,1,1
7569,3.246737003326416,2.809569835662842,0,0
7570,3.1001267433166504,2.746001720428467,0,0
7571,3.198542594909668,2.9842777252197266,1,1
7572,3.214967727661133,3.084132194519043,1,1
7573,3.2991437911987305,2.8974437713623047,0,0
7574,3.5312981605529785,3.2161598205566406,1,1
7575,3.267058849334717,2.9718847274780273,0,0
7576,3.4034664630889893,3.1153101921081543,0,0
7577,3.4064948558807373,3.0222654342651367,1,1
7578,3.509918689727783,3.15199875831604,0,0
7579,2.9922091960906982,2.6761634349823,0,0
7580,2.8241379261016846,2.544499158859253,1,1
7581,3.176018238067627,2.6860246658325195,1,1
7582,3.0554139614105225,2.7373032569885254,0,0
7583,3.3333637714385986,3.0466442108154297,0,0
7584,2.981527090072632,2.7670247554779053,1,1
7585,2.674335479736328,2.5176076889038086,0,0
7586,2.9686055183410645,2.405015468597412,0,0
7587,3.2052271366119385,2.645996332168579,1,1
7588,3.052400827407837,2.7152938842773438,1,1
7589,2.992333173751831,2.721388816833496,1,1
7590,3.476361036300659,2.9667508602142334,0,0
7591,3.3177850246429443,3.057318687438965,0,0
7592,3.397186756134033,3.0784552097320557,1,1
7593,3.4529669284820557,3.330329418182373,1,1
7594,3.2114858627319336,3.228557586669922,1,1
7595,3.3811872005462646,3.110372543334961,0,0
7596,3.5857186317443848,3.283294200897217,0,0
7597,3.2273592948913574,3.195406675338745,1,1
7598,3.613804340362549,3.5320544242858887,0,0
7599,3.4461679458618164,3.3643150329589844,0,0
7600,3.451134443283081,3.16047739982605,1,1
7601,3.599498987197876,3.2930097579956055,0,0
7602,3.516447067260742,3.265329122543335,1,1
7603,3.551088809967041,3.3908045291900635,1,1
7604,3.529521942138672,3.3739819526672363,0,0
7605,3.340282917022705,3.2304539680480957,1,1
7606,3.204103469848633,3.091663360595703,0,0
7607,3.386767864227295,3.4312825202941895,0,0
7608,3.5109896659851074,3.2669458389282227,1,1
7609,3.2373478412628174,2.925447940826416,1,1
7610,3.483959913253784,3.3059120178222656,1,1
7611,3.6155686378479004,3.3634047508239746,1,1
7612,3.737882614135742,3.2308592796325684,0,0
7613,3.5774402618408203,3.220290422439575,1,1
7614,3.5795083045959473,3.164604425430298,1,1
7615,3.3403306007385254,3.0693349838256836,0,0
7616,2.943004608154297,2.606618881225586,0,0
7617,2.625702142715454,2.5341131687164307,0,0
7618,3.177262306213379,2.7818422317504883,1,1
7619,3.43831467628479,3.0594661235809326,1,1
7620,3.1673216819763184,2.9243407249450684,1,1
7621,3.185281991958618,2.957388162612915,0,0
7622,3.0478615760803223,2.8235578536987305,1,1
7623,3.2739205360412598,2.9108095169067383,0,0
7624,3.5299086570739746,3.1855013370513916,0,0
7625,3.3039591312408447,2.986423969268799,0,0
7626,3.360560417175293,3.1901116371154785,1,1
7627,3.2413747310638428,2.855475902557373,1,1
7628,3.0905656814575195,2.8565235137939453,0,0
7629,3.1018290519714355,2.845710515975952,1,1
7630,3.152040481567383,2.8027052879333496,0,0
7631,3.2973194122314453,2.922922134399414,1,1
7632,3.2513558864593506,3.1025683879852295,1,1
7633,3.6439437866210938,3.215672016143799,1,1
7634,3.3622803688049316,3.1196303367614746,0,0
7635,3.1145267486572266,3.04252290725708,1,1
7636,2.728384494781494,2.7628140449523926,0,0
7637,3.2664878368377686,3.181454658508301,1,1
7638,3.5742313861846924,3.369976043701172,1,1
7639,2.7348031997680664,2.7343673706054688,0,0
7640,2.9600749015808105,2.778639316558838,0,0
7641,3.440006971359253,3.0404815673828125,0,0
7642,3.6932921409606934,3.5217623710632324,1,1
7643,3.6933088302612305,3.505349636077881,0,0
7644,3.577090263366699,3.390965700149536,0,0
7645,3.579756736755371,3.4072494506835938,0,0
7646,3.950042247772217,3.649846076965332,1,1
7647,2.726254463195801,2.8314576148986816,1,1
7648,2.466881513595581,2.487851619720459,1,1
7649,2.783160924911499,2.6713972091674805,1,1
7650,2.6261274814605713,2.6887381076812744,0,0
7651,2.402890920639038,2.4404296875,1,1
7652,3.00179123878479,2.6598572731018066,0,0
7653,3.474569797515869,3.1022586822509766,1,1
7654,3.4463226795196533,3.0582022666931152,0,0
7655,3.3626084327697754,2.95664119720459,1,1
7656,2.8908419609069824,2.443978786468506,0,0
7657,3.0664985179901123,2.7720959186553955,0,0
7658,3.279393434524536,2.8881983757019043,1,1
7659,3.5544259548187256,3.067518711090088,1,1
7660,3.4164984226226807,2.999152421951294,0,0
7661,3.293048858642578,2.9358983039855957,0,0
7662,3.5971028804779053,2.859844446182251,0,0
7663,3.4202864170074463,2.790097951889038,0,0
7664,3.5934722423553467,3.11504864692688,1,1
7665,3.507145643234253,3.011591672897339,1,1
7666,3.2472927570343018,3.1257803440093994,1,1
7667,3.2996275424957275,3.0221729278564453,1,1
7668,3.4160757064819336,3.104114532470703,1,1
7669,3.5669517517089844,3.1611552238464355,0,0
7670,3.3412702083587646,3.0258326530456543,0,0
7671,3.6387510299682617,3.1087963581085205,1,1
7672,3.5704221725463867,2.9567270278930664,1,1
7673,3.1319539546966553,2.9839534759521484,1,1
7674,3.553359031677246,3.199657917022705,0,0
7675,3.2157788276672363,2.885054111480713,0,0
7676,3.2537710666656494,2.9189820289611816,1,1
7677,3.4539859294891357,3.1567864418029785,1,1
7678,2.939971923828125,2.9078140258789062,0,0
7679,3.312314033508301,2.8999578952789307,1,1
7680,3.5882623195648193,3.161530017852783,0,0
7681,3.5053324699401855,3.251124143600464,0,0
7682,3.360558032989502,3.142727851867676,0,0
7683,3.1204543113708496,3.0141513347625732,0,0
7684,3.513495683670044,3.2711434364318848,1,1
7685,3.3848531246185303,3.030463695526123,1,1
7686,3.1615772247314453,3.0872416496276855,1,1
7687,3.2887067794799805,3.235656261444092,0,0
7688,3.1190643310546875,3.01486873626709,1,1
7689,3.5477521419525146,3.4683427810668945,0,0
7690,3.4422051906585693,3.3107786178588867,0,0
7691,3.8049421310424805,3.5320024490356445,0,0
7692,3.6550838947296143,3.466867446899414,1,1
7693,3.646273374557495,3.23630952835083,0,0
7694,3.7943389415740967,3.415224313735962,1,1
7695,2.7508692741394043,2.8305888175964355,1,1
7696,3.115691900253296,3.0080032348632812,0,0
7697,3.3610620498657227,3.170048952102661,0,0
7698,3.2088189125061035,3.056063652038574,0,0
7699,3.370805025100708,3.156907796859741,0,0
7700,3.0998618602752686,2.985938549041748,0,0
7701,3.1038618087768555,2.9719183444976807,1,1
7702,2.7727293968200684,2.8753199577331543,1,1
7703,2.905311107635498,2.839840888977051,1,1
7704,3.626943588256836,3.494683265686035,0,0
7705,3.1613147258758545,3.2951300144195557,1,1
7706,3.3835527896881104,3.1792421340942383,0,0
7707,3.0361719131469727,2.8519561290740967,0,0
7708,3.5419132709503174,3.204545021057129,1,1
7709,3.4417457580566406,3.023164987564087,1,1
7710,3.6059534549713135,3.4474093914031982,1,1
7711,3.513037919998169,3.2060844898223877,1,1
7712,3.3297338485717773,3.048224925994873,0,0
7713,3.406219244003296,3.165062189102173,1,1
7714,3.2255125045776367,2.9730875492095947,1,1
7715,3.450099229812622,3.259229898452759,1,1
7716,3.3968238830566406,3.1806135177612305,1,1
7717,2.7921087741851807,2.7665159702301025,0,0
7718,3.227332830429077,3.185959815979004,1,1
7719,3.742060661315918,3.418276071548462,0,0
7720,3.1715004444122314,3.000302791595459,0,0
7721,3.5234179496765137,3.2406005859375,1,1
7722,3.213754415512085,3.170381546020508,1,1
7723,3.062892198562622,2.8754029273986816,1,1
7724,3.5716254711151123,3.1564459800720215,0,0
7725,3.472308397293091,3.0368266105651855,0,0
7726,3.4523680210113525,3.1341586112976074,0,0
7727,3.333127737045288,3.041501522064209,1,1
7728,3.6188838481903076,3.049562454223633,0,0
7729,3.5298869609832764,3.0728955268859863,0,0
7730,3.307413101196289,2.893918991088867,0,0
7731,3.0566093921661377,2.4102563858032227,0,0
7732,3.2876780033111572,2.9186134338378906,1,1
7733,3.5893447399139404,3.250995397567749,1,1
7734,3.49190092086792,3.185756206512451,1,1
7735,3.894639492034912,3.385707378387451,1,1
7736,3.5192086696624756,3.1825993061065674,0,0
7737,3.270472288131714,2.758091449737549,0,0
7738,3.285041570663452,2.8848419189453125,1,1
7739,3.607889413833618,3.1485939025878906,0,0
7740,3.514204978942871,3.1499218940734863,0,0
7741,3.4574692249298096,2.9581100940704346,1,1
7742,3.2438361644744873,2.7788665294647217,1,1
7743,3.4784696102142334,3.0583839416503906,1,1
7744,2.8264713287353516,2.827552318572998,1,1
7745,3.0968635082244873,2.869657039642334,1,1
7746,3.11928129196167,3.0510568618774414,0,0
7747,2.7013823986053467,2.7495474815368652,1,1
7748,3.0708119869232178,2.899458169937134,0,0
7749,3.2138681411743164,3.006239652633667,0,0
7750,3.226212501525879,3.0116629600524902,1,1
7751,3.302227258682251,3.2234883308410645,1,1
7752,3.251997947692871,2.9755139350891113,0,0
7753,3.289555072784424,2.814188241958618,0,0
7754,3.2419025897979736,2.8345770835876465,1,1
7755,3.024775743484497,2.975398063659668,1,1
7756,2.712637424468994,2.723952293395996,1,1
7757,3.09892201423645,2.889172315597534,1,1
7758,3.016263961791992,2.8150746822357178,0,0
7759,3.2241010665893555,2.7536158561706543,1,1
7760,2.2028400897979736,2.1524925231933594,0,0
7761,2.844937562942505,2.565509796142578,1,1
7762,3.184964895248413,2.7978830337524414,0,0
7763,3.0558953285217285,2.7795491218566895,1,1
7764,3.3288769721984863,2.8702454566955566,1,1
7765,3.15828800201416,2.8714144229888916,0,0
7766,3.219343900680542,2.897026300430298,1,1
7767,2.989136219024658,2.7790472507476807,1,1
7768,2.880481004714966,2.5638771057128906,0,0
7769,3.3905563354492188,2.9500889778137207,0,0
7770,3.1289265155792236,2.965381145477295,0,0
7771,3.1424083709716797,2.7457728385925293,1,1
7772,3.5093421936035156,3.0776591300964355,0,0
7773,2.9315006732940674,2.7557144165039062,0,0
7774,3.175612449645996,3.18591570854187,1,1
7775,3.021531105041504,2.9751148223876953,0,0
7776,3.0524966716766357,2.822404146194458,0,0
7777,3.3986499309539795,3.158029794692993,0,0
7778,2.878610372543335,2.6769678592681885,1,1
7779,2.766068458557129,2.637166976928711,0,0
7780,3.069943428039551,2.86923885345459,0,0
7781,3.358957529067993,2.875746011734009,1,1
7782,3.1617047786712646,2.7062156200408936,0,0
7783,2.886092185974121,2.5724618434906006,1,1
7784,3.1578598022460938,2.701179027557373,1,1
7785,3.3107693195343018,2.776527166366577,0,0
7786,3.3458220958709717,2.9914040565490723,1,1
7787,2.7177062034606934,2.585508346557617,1,1
7788,3.1665103435516357,3.0033836364746094,1,1
7789,3.1294171810150146,3.083014488220215,1,1
7790,3.112884283065796,3.007611036300659,1,1
7791,2.9359774589538574,2.7508277893066406,0,0
7792,2.9468514919281006,2.678030014038086,0,0
7793,3.172886371612549,3.092089891433716,0,0
7794,3.1859629154205322,2.948741912841797,0,0
7795,3.3752408027648926,3.274728775024414,1,1
7796,3.3116610050201416,3.1755895614624023,1,1
7797,3.008801221847534,2.980309009552002,0,0
7798,3.643374443054199,3.3258516788482666,1,1
7799,3.24945330619812,3.088139772415161,1,1
7800,3.3407726287841797,3.246157646179199,1,1
7801,3.555145025253296,3.4033756256103516,1,1
7802,3.378603935241699,3.245326042175293,0,0
7803,3.602189779281616,3.3252902030944824,1,1
7804,3.3942418098449707,3.2630491256713867,0,0
7805,3.1551167964935303,2.5678627490997314,1,1
7806,3.3110251426696777,3.2095775604248047,0,0
7807,3.074759006500244,2.9559741020202637,0,0
7808,3.1351065635681152,2.95161509513855,1,1
7809,3.025017023086548,2.9992313385009766,1,1
7810,2.772787094116211,2.6969127655029297,1,1
7811,3.0166079998016357,2.9195685386657715,1,1
7812,3.1892776489257812,2.91483211517334,0,0
7813,3.5751495361328125,3.2021851539611816,1,1
7814,3.6413145065307617,3.3009257316589355,0,0
7815,4.052684783935547,3.306138277053833,1,1
7816,3.99753737449646,3.4817471504211426,1,1
7817,3.1411476135253906,3.0002520084381104,0,0
7818,3.471248149871826,3.2157421112060547,0,0
7819,3.855478525161743,3.511518716812134,0,0
7820,3.757920503616333,3.3977103233337402,1,1
7821,3.6952342987060547,3.4659032821655273,1,1
7822,3.407135486602783,3.09182071685791,1,1
7823,3.6048238277435303,3.3660168647766113,0,0
7824,3.8056468963623047,3.4787769317626953,1,1
7825,3.285094738006592,3.1067187786102295,0,0
7826,3.5820252895355225,3.2742252349853516,0,0
7827,3.6304452419281006,3.1596219539642334,0,0
7828,3.3977067470550537,3.1726226806640625,0,0
7829,3.318439245223999,3.0750694274902344,0,0
7830,3.171041250228882,3.0406441688537598,0,0
7831,2.9609827995300293,2.903878927230835,1,1
7832,3.358646869659424,3.0394105911254883,0,0
7833,3.3102526664733887,3.0733914375305176,0,0
7834,3.2738285064697266,3.1004586219787598,1,1
7835,3.120107889175415,2.899440050125122,0,0
7836,3.492018699645996,3.1137595176696777,0,0
7837,3.4105310440063477,3.1912827491760254,1,1
7838,3.2751781940460205,2.977675676345825,1,1
7839,3.0403923988342285,2.905233383178711,1,1
7840,3.2824814319610596,2.988541841506958,0,0
7841,3.132977247238159,2.9140372276306152,1,1
7842,3.462465763092041,3.250819206237793,0,0
7843,3.2150158882141113,3.11122727394104,0,0
7844,3.132338762283325,2.8945586681365967,1,1
7845,3.309229850769043,2.7598254680633545,0,0
7846,3.264483690261841,2.947179079055786,0,0
7847,3.43210506439209,3.18483304977417,1,1
7848,3.327683925628662,3.1267104148864746,1,1
7849,3.3617613315582275,2.8867969512939453,1,1
7850,3.6030924320220947,3.239543914794922,1,1
7851,3.5625839233398438,3.276620864868164,1,1
7852,3.424757242202759,3.2568821907043457,1,1
7853,3.513399124145508,3.2425193786621094,1,1
7854,4.008648872375488,3.462620258331299,0,0
7855,3.3518564701080322,3.1829817295074463,1,1
7856,3.626641035079956,3.3932812213897705,1,1
7857,3.525379180908203,3.3268628120422363,0,0
7858,3.36318302154541,3.0626883506774902,1,1
7859,3.5986154079437256,3.3002967834472656,1,1
7860,3.550715684890747,3.1881237030029297,1,1
7861,2.9312033653259277,2.86714768409729,1,1
7862,3.1788413524627686,3.0819523334503174,1,1
7863,3.2913379669189453,2.9233362674713135,0,0
7864,3.718740701675415,3.169574737548828,0,0
7865,3.433943271636963,3.119601249694824,0,0
7866,3.2128140926361084,3.021895408630371,0,0
7867,3.570152759552002,3.430394172668457,0,0
7868,3.2960479259490967,3.1103265285491943,0,0
7869,3.1714110374450684,2.881150245666504,1,1
7870,3.6179049015045166,3.2396669387817383,0,0
7871,2.9493331909179688,2.752842903137207,0,0
7872,3.5819029808044434,3.2326884269714355,1,1
7873,3.756103515625,3.2513434886932373,1,1
7874,3.366126298904419,3.0754270553588867,0,0
7875,3.15598726272583,2.9955849647521973,1,1
7876,3.030871868133545,2.961493492126465,1,1
7877,3.415621757507324,3.284667491912842,0,0
7878,3.6672394275665283,3.380613088607788,1,1
7879,2.8062801361083984,2.8648438453674316,0,0
7880,3.2274703979492188,3.118130683898926,0,0
7881,3.60674786567688,3.297131061553955,0,0
7882,3.628920555114746,3.32305645942688,1,1
7883,3.5599043369293213,3.243980884552002,1,1
7884,3.883120536804199,3.2314038276672363,0,0
7885,3.0973188877105713,2.8997530937194824,1,1
7886,2.9115700721740723,2.6217899322509766,1,1
7887,3.069171667098999,2.7293753623962402,0,0
7888,2.9391956329345703,2.6681439876556396,1,1
7889,2.8467087745666504,2.6154158115386963,1,1
7890,2.847921371459961,2.555671453475952,0,0
7891,2.973625421524048,2.7084522247314453,0,0
7892,3.019625663757324,2.5960726737976074,0,0
7893,2.9006335735321045,2.6483001708984375,1,1
7894,2.770913600921631,2.5624165534973145,0,0
7895,2.9547994136810303,2.578256130218506,0,0
7896,3.0105278491973877,2.746479034423828,1,1
7897,3.006176471710205,2.831908702850342,1,1
7898,3.5465927124023438,3.1039445400238037,0,0
7899,3.347397804260254,3.1840896606445312,0,0
7900,2.9657435417175293,2.7730960845947266,1,1
7901,3.686194896697998,3.408466100692749,0,0
7902,3.5210015773773193,3.2134406566619873,1,1
7903,3.8415353298187256,3.5151143074035645,0,0
7904,3.931865930557251,3.514770269393921,0,0
7905,3.781564235687256,3.4097414016723633,1,1
7906,3.7440783977508545,3.506457805633545,1,1
7907,3.5894882678985596,3.272347927093506,0,0
7908,3.6653482913970947,3.4827418327331543,1,1
7909,3.6792380809783936,3.336454153060913,0,0
7910,3.407073974609375,3.2421987056732178,0,0
7911,3.187230348587036,3.047081232070923,0,0
7912,3.469054937362671,3.263869524002075,1,1
7913,3.4564692974090576,3.2993130683898926,1,1
7914,3.711888551712036,3.522825241088867,1,1
7915,3.675459384918213,3.4629604816436768,0,0
7916,3.527498722076416,3.3530185222625732,0,0
7917,3.92246413230896,3.415043592453003,0,0
7918,3.793670654296875,3.466862201690674,1,1
7919,3.577449083328247,3.2370243072509766,0,0
7920,3.377713441848755,3.2190699577331543,1,1
7921,3.597445011138916,3.3187105655670166,0,0
7922,3.9596269130706787,3.538468360900879,0,0
7923,4.167812824249268,3.557840347290039,1,1
7924,3.239315986633301,2.7806479930877686,1,1
7925,3.0581822395324707,2.920980930328369,0,0
7926,3.2144181728363037,3.0504345893859863,1,1
7927,3.1997132301330566,3.155953884124756,1,1
7928,3.304093360900879,3.066436290740967,1,1
7929,3.1258482933044434,2.8293991088867188,0,0
7930,3.8318703174591064,3.297109603881836,0,0
7931,3.587902069091797,3.0772626399993896,1,1
7932,2.9609568119049072,2.7112135887145996,1,1
7933,3.223376750946045,3.0097954273223877,0,0
7934,2.1921417713165283,2.1768782138824463,0,0
7935,2.7490901947021484,2.6162619590759277,0,0
7936,2.957977771759033,2.7458035945892334,1,1
7937,2.9675018787384033,2.6935582160949707,1,1
7938,2.774695873260498,2.5893425941467285,1,1
7939,3.268676280975342,2.8637020587921143,0,0
7940,3.5553669929504395,3.200798273086548,0,0
7941,3.526116371154785,3.146653652191162,0,0
7942,3.6206586360931396,3.2836499214172363,0,0
7943,3.4743235111236572,3.0445432662963867,1,1
7944,3.5029101371765137,2.9310264587402344,1,1
7945,3.178539991378784,2.9088478088378906,1,1
7946,3.7091991901397705,3.1280677318573,0,0
7947,3.574936866760254,3.0840325355529785,0,0
7948,3.034017562866211,3.010369300842285,1,1
7949,3.645171642303467,3.100442886352539,1,1
7950,3.4725589752197266,3.1589391231536865,0,0
7951,3.35091495513916,3.1808652877807617,0,0
7952,3.3398218154907227,3.046937942504883,0,0
7953,3.5449132919311523,3.220547914505005,1,1
7954,3.3997042179107666,3.1052210330963135,0,0
7955,3.5050597190856934,3.0927810668945312,0,0
7956,3.2478129863739014,3.2489013671875,1,1
7957,3.3108274936676025,3.0382442474365234,1,1
7958,3.2883107662200928,3.040381669998169,0,0
7959,3.229011058807373,3.066160202026367,0,0
7960,3.0226032733917236,2.7398951053619385,0,0
7961,3.3299522399902344,3.100348472595215,1,1
7962,3.4008069038391113,2.9510598182678223,0,0
7963,3.188961982727051,3.026984214782715,1,1
7964,3.1287941932678223,2.7777037620544434,0,0
7965,3.319338083267212,2.962207078933716,0,0
7966,3.37115740776062,3.178602695465088,0,0
7967,3.3465538024902344,3.0297183990478516,0,0
7968,3.64687442779541,3.2786412239074707,0,0
7969,3.328335762023926,2.9139227867126465,0,0
7970,3.081761360168457,2.806997060775757,1,1
7971,3.134899616241455,2.914787530899048,0,0
7972,3.500173330307007,3.145718812942505,0,0
7973,3.3630504608154297,3.2002906799316406,1,1
7974,3.428039789199829,3.2315006256103516,1,1
7975,3.697932004928589,3.3155882358551025,1,1
7976,3.2957701683044434,3.110142707824707,1,1
7977,3.3748514652252197,3.2978034019470215,1,1
7978,3.458989381790161,3.137939453125,0,0
7979,3.4458870887756348,3.19675612449646,1,1
7980,3.0585241317749023,3.0017495155334473,0,0
7981,3.5109550952911377,3.2250401973724365,1,1
7982,3.268399238586426,3.0209145545959473,0,0
7983,3.0802104473114014,2.86488676071167,0,0
7984,3.407489538192749,3.198819637298584,1,1
7985,2.9751081466674805,2.8856430053710938,1,1
7986,2.9904403686523438,3.0997815132141113,0,0
7987,3.7119579315185547,3.403421401977539,0,0
7988,3.1860313415527344,3.011030673980713,0,0
7989,2.9276866912841797,2.7664527893066406,0,0
7990,3.113240957260132,2.9474804401397705,0,0
7991,3.36482834815979,3.0810303688049316,1,1
7992,3.215942859649658,2.7909317016601562,1,1
7993,3.459092378616333,3.1607251167297363,1,1
7994,3.251573085784912,2.9922714233398438,1,1
7995,3.231795310974121,3.071321725845337,1,1
7996,3.285466194152832,2.968629837036133,0,0
7997,3.370664358139038,2.9611687660217285,0,0
7998,3.779587984085083,3.405838966369629,0,0
7999,3.4280683994293213,3.0130016803741455,1,1
8000,3.5038034915924072,3.209212064743042,1,1
8001,3.523327112197876,3.270677328109741,1,1
8002,3.2836952209472656,3.213261365890503,1,1
8003,3.5333592891693115,3.1634914875030518,0,0
8004,3.659372329711914,3.2181057929992676,1,1
8005,3.322683572769165,3.220954418182373,0,0
8006,3.5303454399108887,3.2117834091186523,0,0
8007,3.479581117630005,3.0883708000183105,1,1
8008,3.456716537475586,3.1127707958221436,0,0
8009,3.6344611644744873,3.344804286956787,1,1
8010,3.446521520614624,3.234797477722168,0,0
8011,3.2603280544281006,3.067809581756592,0,0
8012,3.3798043727874756,3.1454548835754395,0,0
8013,3.369520902633667,3.3024730682373047,1,1
8014,3.276028871536255,3.0809197425842285,1,1
8015,3.257131338119507,3.102695941925049,1,1
8016,3.2812232971191406,3.2154641151428223,0,0
8017,3.7164065837860107,3.5025434494018555,1,1
8018,3.340085029602051,3.1792643070220947,0,0
8019,3.2135417461395264,3.0957202911376953,0,0
8020,3.778109312057495,3.4961113929748535,1,1
8021,3.3078300952911377,3.1196024417877197,1,1
8022,3.7309744358062744,3.4312474727630615,0,0
8023,2.7397446632385254,2.8560359477996826,1,1
8024,3.0386080741882324,3.0777339935302734,1,1
8025,3.1453843116760254,3.0949888229370117,1,1
8026,3.38364839553833,3.04017972946167,0,0
8027,3.496101140975952,3.394930362701416,1,1
8028,3.4165546894073486,3.241492748260498,0,0
8029,3.4678030014038086,3.288938522338867,0,0
8030,3.0184485912323,2.9210703372955322,0,0
8031,3.101304531097412,2.974188804626465,1,1
8032,3.6469507217407227,3.151010274887085,0,0
8033,3.336989641189575,3.1046972274780273,0,0
8034,3.404193878173828,3.212080955505371,0,0
8035,3.274855136871338,3.114323616027832,0,0
8036,3.688138723373413,3.2652487754821777,0,0
8037,3.7530839443206787,3.559377908706665,0,0
8038,3.516162157058716,3.4792165756225586,0,0
8039,3.0147197246551514,2.9825100898742676,1,1
8040,2.7356386184692383,2.775448799133301,0,0
8041,2.871370553970337,2.945725440979004,1,1
8042,2.5895986557006836,2.6080987453460693,0,0
8043,2.9917516708374023,3.0062105655670166,1,1
8044,2.7096385955810547,2.733316421508789,1,1
8045,2.5531067848205566,2.6737208366394043,0,0
8046,3.0162103176116943,2.9445395469665527,1,1
8047,2.5968832969665527,2.450197696685791,0,0
8048,2.99951171875,2.8420591354370117,1,1
8049,3.1503376960754395,2.7948899269104004,1,1
8050,3.293748140335083,3.0087485313415527,1,1
8051,3.227921962738037,2.971390724182129,1,1
8052,2.888153076171875,2.562095880508423,1,1
8053,3.3540446758270264,3.189694404602051,0,0
8054,3.0750174522399902,2.94464373588562,1,1
8055,3.373279571533203,3.032191276550293,1,1
8056,3.406632661819458,3.1163558959960938,1,1
8057,3.293506145477295,3.0291905403137207,1,1
8058,3.3330700397491455,3.1742591857910156,1,1
8059,3.2834219932556152,3.113971710205078,0,0
8060,3.349959135055542,3.1919941902160645,0,0
8061,3.0375478267669678,2.8617162704467773,1,1
8062,3.354489326477051,3.197364568710327,0,0
8063,3.5082056522369385,3.157413959503174,0,0
8064,3.554591655731201,2.996013641357422,0,0
8065,3.4638967514038086,3.0244569778442383,1,1
8066,3.727975606918335,3.391749382019043,0,0
8067,4.084065914154053,3.811985492706299,0,0
8068,4.0740838050842285,3.54606556892395,1,1
8069,4.198464870452881,3.6032352447509766,1,1
8070,4.055843830108643,3.616593837738037,0,0
8071,3.7795777320861816,3.5182883739471436,0,0
8072,3.5076098442077637,3.1673731803894043,0,0
8073,2.7886502742767334,2.610987901687622,1,1
8074,3.065778970718384,2.766712188720703,1,1
8075,2.992241382598877,2.8888254165649414,0,0
8076,3.0321736335754395,2.7758617401123047,1,1
8077,2.7722911834716797,2.6938841342926025,0,0
8078,2.8976993560791016,2.7365756034851074,1,1
8079,2.9128456115722656,2.871809482574463,1,1
8080,2.480170249938965,2.537688970565796,1,1
8081,2.466229200363159,2.426431655883789,1,1
8082,2.7542498111724854,2.6399688720703125,0,0
8083,2.742347478866577,2.6145787239074707,1,1
8084,2.115419864654541,2.107616424560547,1,1
8085,2.8876330852508545,2.645155429840088,0,0
8086,3.590545415878296,3.2950501441955566,0,0
8087,3.3861751556396484,3.184084892272949,0,0
8088,3.6996607780456543,3.263031482696533,0,0
8089,3.3932316303253174,3.2161784172058105,1,1
8090,3.228982925415039,3.050779104232788,0,0
8091,3.508446455001831,3.245262622833252,0,0
8092,3.2556803226470947,2.911686897277832,1,1
8093,3.3874826431274414,3.1818718910217285,1,1
8094,3.5292561054229736,3.2171835899353027,0,0
8095,3.3322439193725586,2.899547576904297,0,0
8096,3.3221349716186523,2.9228556156158447,0,0
8097,2.795551300048828,2.682797908782959,1,1
8098,3.185471296310425,2.8237056732177734,0,0
8099,3.2025015354156494,2.9360718727111816,1,1
8100,3.739500045776367,3.1985130310058594,0,0
8101,3.858865261077881,3.3062491416931152,1,1
8102,3.5813653469085693,3.056673049926758,0,0
8103,3.540426731109619,3.150453567504883,1,1
8104,3.777705669403076,3.2817153930664062,1,1
8105,3.493234872817993,2.9861040115356445,0,0
8106,3.2115583419799805,2.8416261672973633,1,1
8107,3.161712884902954,2.9442286491394043,0,0
8108,3.4929277896881104,3.2090892791748047,0,0
8109,2.84690523147583,2.809579372406006,1,1
8110,3.267503499984741,3.1287336349487305,1,1
8111,3.627434253692627,3.431511402130127,1,1
8112,3.4622130393981934,3.331692695617676,1,1
8113,3.471673011779785,3.3393821716308594,0,0
8114,3.1541571617126465,2.9803848266601562,0,0
8115,2.1717727184295654,2.126689910888672,0,0
8116,2.830975294113159,2.572634696960449,1,1
8117,3.55427885055542,3.4458956718444824,0,0
8118,3.0946669578552246,2.854151487350464,1,1
8119,3.0484626293182373,2.7847983837127686,1,1
8120,3.452932596206665,2.9849777221679688,1,1
8121,3.196492910385132,2.9804065227508545,1,1
8122,3.401630401611328,3.1023616790771484,0,0
8123,3.6538023948669434,3.4362165927886963,1,1
8124,3.3411529064178467,3.1056675910949707,1,1
8125,3.651014804840088,3.31931209564209,1,1
8126,3.6059539318084717,3.3872835636138916,0,0
8127,3.5363659858703613,3.2581124305725098,1,1
8128,3.3899667263031006,3.261573314666748,1,1
8129,3.5832793712615967,3.4568660259246826,1,1
8130,3.718505382537842,3.6253175735473633,1,1
8131,3.316077947616577,3.113276481628418,0,0
8132,3.528656244277954,3.3480710983276367,0,0
8133,3.2197694778442383,3.247882843017578,0,0
8134,3.4776346683502197,3.443248748779297,0,0
8135,3.5093772411346436,3.1623899936676025,1,1
8136,3.393251895904541,3.2989823818206787,0,0
8137,3.576697587966919,3.5243921279907227,0,0
8138,3.1850898265838623,3.102091073989868,1,1
8139,3.169001579284668,2.8314685821533203,0,0
8140,3.455670118331909,3.3107471466064453,0,0
8141,3.37338924407959,3.139587163925171,0,0
8142,3.2864363193511963,3.3545279502868652,1,1
8143,3.249284267425537,3.190319299697876,0,0
8144,3.403035879135132,3.089498996734619,0,0
8145,3.320868968963623,3.1055173873901367,0,0
8146,3.4294064044952393,3.2240753173828125,1,1
8147,3.220776319503784,3.132505416870117,1,1
8148,3.795518398284912,3.4640541076660156,1,1
8149,3.519576072692871,3.426858425140381,1,1
8150,3.4495532512664795,3.2482876777648926,0,0
8151,3.448751211166382,3.2416529655456543,1,1
8152,3.2160415649414062,3.1361680030822754,0,0
8153,3.8115360736846924,3.4967713356018066,1,1
8154,3.3306357860565186,3.257169485092163,1,1
8155,3.5823824405670166,3.3057594299316406,0,0
8156,3.2897210121154785,3.162038803100586,0,0
8157,3.5721609592437744,3.294137954711914,0,0
8158,3.1856446266174316,3.1379895210266113,1,1
8159,3.003161907196045,2.9591989517211914,1,1
8160,2.707742214202881,2.7685465812683105,0,0
8161,2.945258140563965,2.7841908931732178,1,1
8162,2.9025559425354004,2.730248212814331,0,0
8163,3.0897879600524902,2.7592201232910156,0,0
8164,3.0219149589538574,2.97306489944458,0,0
8165,3.0707778930664062,2.9642562866210938,1,1
8166,2.893505096435547,3.028104066848755,1,1
8167,2.803553342819214,2.791367769241333,0,0
8168,2.7917885780334473,2.8044114112854004,0,0
8169,2.916172504425049,2.8276634216308594,0,0
8170,3.1737725734710693,2.8541433811187744,1,1
8171,2.9160375595092773,3.001138210296631,0,0
8172,3.016812801361084,2.949716806411743,1,1
8173,3.0589869022369385,2.9657535552978516,0,0
8174,3.126460075378418,3.039555788040161,0,0
8175,2.767763614654541,2.8289690017700195,1,1
8176,3.062469482421875,2.6518731117248535,1,1
8177,2.01523494720459,1.9353415966033936,1,1
8178,2.287710428237915,2.0989949703216553,1,1
8179,2.7368404865264893,2.3275930881500244,0,0
8180,3.2455742359161377,2.9342541694641113,1,1
8181,3.984658718109131,3.4015798568725586,0,0
8182,3.7300233840942383,3.0973262786865234,1,1
8183,3.70615816116333,3.2065539360046387,0,0
8184,3.7742457389831543,3.3940587043762207,0,0
8185,3.6214020252227783,3.0805397033691406,1,1
8186,2.921450138092041,2.430582284927368,0,0
8187,3.146375894546509,2.3763175010681152,1,1
8188,3.168605327606201,2.5185348987579346,0,0
8189,2.966597080230713,2.5181000232696533,0,0
8190,3.1079580783843994,2.5759620666503906,0,0
8191,2.974200963973999,2.4143285751342773,1,1
8192,3.082406520843506,2.7891273498535156,0,0
8193,3.3683807849884033,2.897348403930664,1,1
8194,3.4394874572753906,2.897984027862549,1,1
8195,3.1350152492523193,2.8930749893188477,1,1
8196,3.218898296356201,2.894033432006836,1,1
8197,3.1757357120513916,3.044400691986084,1,1
8198,3.741554021835327,3.2295334339141846,0,0
8199,3.6373205184936523,3.1018776893615723,0,0
8200,3.426839828491211,3.221536159515381,0,0
8201,3.661289691925049,3.1468257904052734,0,0
8202,3.4120540618896484,3.1013381481170654,0,0
8203,3.5655558109283447,3.072190284729004,1,1
8204,3.2388947010040283,2.9675955772399902,1,1
8205,3.296067953109741,3.017505168914795,0,0
8206,3.223404884338379,2.7870171070098877,1,1
8207,3.398747444152832,3.090602397918701,1,1
8208,3.4192190170288086,2.907923460006714,0,0
8209,3.5828559398651123,3.2108616828918457,0,0
8210,3.852228879928589,3.43533992767334,0,0
8211,3.181321144104004,2.8085336685180664,0,0
8212,2.579110622406006,2.5053467750549316,1,1
8213,3.2863759994506836,3.0406341552734375,0,0
8214,3.3738210201263428,2.946256160736084,0,0
8215,3.148752450942993,2.751743793487549,0,0
8216,3.110157012939453,2.9782798290252686,1,1
8217,2.9124536514282227,2.6759397983551025,0,0
8218,3.2485649585723877,2.877589702606201,0,0
8219,3.1632888317108154,2.8780622482299805,1,1
8220,3.26863431930542,2.9418890476226807,1,1
8221,3.276965379714966,2.9753634929656982,1,1
8222,3.1285171508789062,2.857396364212036,1,1
8223,3.5084388256073,3.0441129207611084,0,0
8224,3.151869535446167,2.851945638656616,1,1
8225,3.2826554775238037,3.041158676147461,1,1
8226,2.995702028274536,2.8853890895843506,0,0
8227,3.105316400527954,3.038130283355713,0,0
8228,3.4814698696136475,3.303285837173462,1,1
8229,3.6825850009918213,3.1479880809783936,0,0
8230,4.026693820953369,3.5403313636779785,0,0
8231,4.389572620391846,3.7431013584136963,0,0
8232,3.2621963024139404,2.9571051597595215,1,1
8233,3.6479086875915527,3.3398048877716064,0,0
8234,3.095296859741211,2.899287700653076,0,0
8235,3.3921496868133545,3.215024948120117,1,1
8236,3.072028398513794,2.995955467224121,0,0
8237,2.8830738067626953,2.865602493286133,1,1
8238,2.7887377738952637,2.7139804363250732,0,0
8239,3.1814868450164795,2.815631151199341,0,0
8240,2.733891010284424,2.614917278289795,0,0
8241,3.312913417816162,3.0278501510620117,0,0
8242,3.446503162384033,3.2552566528320312,1,1
8243,2.855302333831787,2.732828140258789,0,0
8244,3.46848201751709,3.17006778717041,1,1
8245,3.2993545532226562,2.997483015060425,1,1
8246,2.7280585765838623,2.5394062995910645,0,0
8247,2.606515645980835,2.55070161819458,0,0
8248,3.0467958450317383,2.845931053161621,0,0
8249,3.709890127182007,3.1871743202209473,1,1
8250,3.2479312419891357,3.0164098739624023,0,0
8251,3.4259111881256104,3.1262192726135254,0,0
8252,3.3853633403778076,3.044851064682007,1,1
8253,3.1252918243408203,2.7336878776550293,1,1
8254,3.42240571975708,3.0052759647369385,1,1
8255,2.9679982662200928,2.840914726257324,1,1
8256,3.189131259918213,2.8445115089416504,0,0
8257,3.5393404960632324,3.1542086601257324,0,0
8258,3.2138047218322754,2.8855819702148438,0,0
8259,3.3408796787261963,3.098989963531494,0,0
8260,3.0503954887390137,2.909493923187256,0,0
8261,3.337141990661621,3.1581802368164062,0,0
8262,3.4759418964385986,3.254647731781006,0,0
8263,3.3852317333221436,3.1989197731018066,0,0
8264,3.4488041400909424,3.381899833679199,1,1
8265,3.7281131744384766,3.4590189456939697,0,0
8266,3.441396951675415,3.2564282417297363,1,1
8267,3.7216687202453613,3.4453775882720947,0,0
8268,3.7218592166900635,3.534048080444336,0,0
8269,3.5243618488311768,3.273502826690674,1,1
8270,3.5858447551727295,3.1942975521087646,0,0
8271,3.186291456222534,2.8214974403381348,1,1
8272,3.3504810333251953,2.8843255043029785,1,1
8273,3.2621262073516846,2.999051570892334,0,0
8274,3.3686373233795166,3.031693935394287,1,1
8275,2.8761215209960938,2.5417730808258057,1,1
8276,2.894862413406372,2.7840442657470703,0,0
8277,3.5076026916503906,3.0948243141174316,0,0
8278,3.2601048946380615,2.855994939804077,0,0
8279,3.3583967685699463,3.1320993900299072,1,1
8280,3.365784168243408,3.0756936073303223,1,1
8281,3.1090428829193115,2.731072425842285,1,1
8282,3.2160377502441406,2.8798656463623047,0,0
8283,3.3209667205810547,2.882089853286743,0,0
8284,3.3588061332702637,2.9902005195617676,1,1
8285,2.7618372440338135,2.7739992141723633,1,1
8286,3.1470649242401123,2.9091615676879883,0,0
8287,3.590575933456421,2.952134132385254,1,1
8288,3.4785518646240234,3.2275965213775635,1,1
8289,2.8184876441955566,2.599985122680664,0,0
8290,3.1701693534851074,2.9698679447174072,1,1
8291,3.3963797092437744,3.180490732192993,1,1
8292,3.208822727203369,3.302450180053711,0,0
8293,3.4139153957366943,3.403444290161133,1,1
8294,3.2352044582366943,3.3041768074035645,0,0
8295,3.2278084754943848,3.288565158843994,0,0
8296,3.5098042488098145,3.541246175765991,0,0
8297,3.953376531600952,3.6936450004577637,0,0
8298,3.581167697906494,3.4542665481567383,1,1
8299,3.5507493019104004,3.5003714561462402,0,0
8300,3.5471601486206055,3.4111475944519043,1,1
8301,3.594755172729492,3.414876937866211,1,1
8302,3.2699661254882812,3.4706668853759766,0,0
8303,3.5161166191101074,3.5673375129699707,1,1
8304,3.425006866455078,3.217679977416992,0,0
8305,3.0832717418670654,2.9712419509887695,0,0
8306,3.482090950012207,3.417710781097412,1,1
8307,3.275409698486328,3.315995216369629,0,0
8308,3.3507165908813477,3.3192899227142334,1,1
8309,3.602915048599243,3.5347862243652344,0,0
8310,3.7880091667175293,3.6316394805908203,0,0
8311,3.903796672821045,3.673020124435425,0,0
8312,3.6009936332702637,3.4094834327697754,1,1
8313,3.790179491043091,3.400017738342285,1,1
8314,3.930717706680298,3.595151424407959,0,0
8315,3.225963592529297,3.085627555847168,1,1
8316,3.080935001373291,2.884615421295166,1,1
8317,3.059260606765747,2.844057559967041,0,0
8318,3.3849895000457764,3.015868663787842,1,1
8319,3.2753117084503174,2.8158018589019775,1,1
8320,2.9989795684814453,2.7128169536590576,0,0
8321,3.2750983238220215,2.8596811294555664,0,0
8322,3.2049174308776855,2.8595640659332275,1,1
8323,2.6957004070281982,2.7928009033203125,0,0
8324,3.463351011276245,3.246316909790039,1,1
8325,3.3582522869110107,3.244908332824707,1,1
8326,3.4902236461639404,3.2875595092773438,0,0
8327,3.4718217849731445,3.467803478240967,0,0
8328,3.5020477771759033,3.355910539627075,1,1
8329,3.2444894313812256,3.135066270828247,1,1
8330,3.3727564811706543,3.2382373809814453,0,0
8331,3.6521189212799072,3.33624005317688,1,1
8332,3.3844242095947266,3.330305576324463,1,1
8333,3.649826765060425,3.28886342048645,0,0
8334,3.5296759605407715,3.4312400817871094,0,0
8335,3.344576358795166,3.1394805908203125,1,1
8336,3.7691378593444824,3.5987982749938965,1,1
8337,3.5187904834747314,3.353511333465576,0,0
8338,3.8894240856170654,3.5549850463867188,0,0
8339,3.7563135623931885,3.4803433418273926,0,0
8340,3.862022638320923,3.6530961990356445,1,1
8341,3.746995687484741,3.6235132217407227,0,0
8342,3.6586148738861084,3.389139413833618,1,1
8343,3.1932120323181152,3.129394054412842,0,0
8344,3.4990556240081787,3.383505344390869,0,0
8345,3.0778613090515137,2.7726523876190186,1,1
8346,3.6568069458007812,3.0882625579833984,0,0
8347,3.6024463176727295,3.124333620071411,1,1
8348,3.6107921600341797,3.244633197784424,0,0
8349,3.6017990112304688,3.261491298675537,0,0
8350,3.774851083755493,3.3110625743865967,0,0
8351,3.5788626670837402,3.2294788360595703,1,1
8352,3.398714065551758,3.061373233795166,1,1
8353,3.224431037902832,3.1394872665405273,0,0
8354,3.1716439723968506,2.8943192958831787,0,0
8355,3.2599098682403564,3.197948932647705,0,0
8356,3.7211618423461914,3.1496498584747314,0,0
8357,3.4558374881744385,3.1337954998016357,0,0
8358,3.4188575744628906,3.1303839683532715,1,1
8359,3.2286102771759033,3.1309287548065186,1,1
8360,3.577676773071289,3.249666690826416,0,0
8361,3.0517477989196777,3.053675889968872,1,1
8362,3.480313777923584,3.291656017303467,1,1
8363,3.3577542304992676,3.090623378753662,1,1
8364,3.579716920852661,3.257723808288574,1,1
8365,3.0582520961761475,2.93123197555542,0,0
8366,3.3734195232391357,3.027448892593384,0,0
8367,2.852827787399292,2.664511203765869,0,0
8368,3.0943210124969482,2.976832866668701,0,0
8369,2.9638805389404297,2.788177728652954,1,1
8370,3.1388721466064453,2.7046265602111816,1,1
8371,3.1556105613708496,3.045468330383301,0,0
8372,3.1384289264678955,3.0241293907165527,1,1
8373,3.1632399559020996,2.805541753768921,1,1
8374,2.972090005874634,2.823037624359131,1,1
8375,3.1552207469940186,2.978714942932129,1,1
8376,3.0095572471618652,2.741668701171875,0,0
8377,2.824199914932251,2.6090307235717773,1,1
8378,3.290147066116333,3.047334671020508,0,0
8379,3.1706995964050293,2.9165689945220947,0,0
8380,3.2775819301605225,2.971040725708008,1,1
8381,2.7808005809783936,2.664346218109131,1,1
8382,2.8290138244628906,2.7000153064727783,1,1
8383,3.5672824382781982,3.0883307456970215,1,1
8384,2.832122325897217,2.666719436645508,0,0
8385,2.994525671005249,2.927809953689575,0,0
8386,2.9413352012634277,2.6697115898132324,0,0
8387,3.1541342735290527,2.9992289543151855,1,1
8388,3.410553455352783,3.1959962844848633,0,0
8389,3.3969616889953613,3.054788589477539,1,1
8390,3.0614817142486572,2.9715301990509033,0,0
8391,3.660860300064087,3.1654129028320312,1,1
8392,4.012729167938232,3.432889461517334,0,0
8393,3.6330924034118652,3.367496967315674,0,0
8394,3.0627846717834473,3.145282745361328,0,0
8395,3.333331823348999,3.2416024208068848,1,1
8396,3.6773757934570312,3.3687517642974854,0,0
8397,3.2643861770629883,3.328005075454712,1,1
8398,3.6601498126983643,3.6066222190856934,0,0
8399,2.909658432006836,2.9088447093963623,0,0
8400,3.6312716007232666,3.4993906021118164,1,1
8401,3.7724967002868652,3.6482887268066406,1,1
8402,3.707524299621582,3.552250385284424,1,1
8403,2.9346213340759277,2.798462390899658,0,0
8404,3.479335308074951,3.218636989593506,0,0
8405,3.7047712802886963,3.2863664627075195,0,0
8406,3.5071113109588623,3.233743190765381,0,0
8407,3.205798864364624,3.07710862159729,1,1
8408,3.3565659523010254,3.3272032737731934,1,1
8409,3.4633748531341553,3.196819305419922,0,0
8410,3.1320676803588867,2.9645161628723145,1,1
8411,2.916273593902588,2.827486991882324,1,1
8412,3.460881471633911,3.342545986175537,1,1
8413,3.013864755630493,2.970828056335449,0,0
8414,3.368464708328247,3.211477279663086,1,1
8415,3.1902191638946533,3.115933895111084,0,0
8416,3.5996880531311035,3.272357940673828,0,0
8417,3.261262893676758,3.084388494491577,1,1
8418,3.1889824867248535,2.850236177444458,0,0
8419,3.4009716510772705,3.1604108810424805,1,1
8420,3.3302133083343506,3.2137746810913086,1,1
8421,3.453401565551758,3.321251630783081,0,0
8422,3.3476853370666504,2.9474503993988037,0,0
8423,3.3699655532836914,3.037259340286255,1,1
8424,3.4353761672973633,3.2701096534729004,1,1
8425,3.310403347015381,3.13364839553833,0,0
8426,2.9920074939727783,2.9237146377563477,1,1
8427,3.306093692779541,3.0409841537475586,0,0
8428,3.189934730529785,2.8238205909729004,1,1
8429,3.3957390785217285,3.152442693710327,1,1
8430,3.687788486480713,3.235111713409424,1,1
8431,3.3899991512298584,3.097303867340088,0,0
8432,3.5284342765808105,3.0256330966949463,1,1
8433,3.1258509159088135,2.7767839431762695,0,0
8434,3.2955310344696045,2.887200355529785,0,0
8435,3.1504130363464355,2.9239916801452637,0,0
8436,2.973522901535034,2.925466299057007,0,0
8437,2.773618221282959,2.6863887310028076,0,0
8438,3.3529582023620605,3.036874771118164,0,0
8439,3.0755255222320557,2.970830202102661,0,0
8440,3.150228977203369,2.9932456016540527,0,0
8441,3.6397294998168945,3.2786996364593506,0,0
8442,3.129838705062866,2.888861656188965,0,0
8443,2.75285267829895,2.4524126052856445,1,1
8444,3.60094952583313,3.050520420074463,0,0
8445,2.76176381111145,2.638352155685425,0,0
8446,3.3690459728240967,3.046912670135498,0,0
8447,3.2924318313598633,2.9619953632354736,0,0
8448,3.212317705154419,2.918647289276123,0,0
8449,3.0545387268066406,2.888324737548828,1,1
8450,3.4373552799224854,3.1117119789123535,1,1
8451,3.1807053089141846,2.8171937465667725,1,1
8452,3.4645326137542725,3.151639938354492,1,1
8453,3.5038557052612305,3.1693003177642822,1,1
8454,2.6487183570861816,2.7012414932250977,0,0
8455,3.3785533905029297,3.0730292797088623,0,0
8456,2.997812509536743,2.6676177978515625,0,0
8457,3.180356979370117,2.8571527004241943,0,0
8458,3.538053274154663,3.2714743614196777,0,0
8459,3.387812376022339,3.144810438156128,0,0
8460,3.1612548828125,3.0705466270446777,0,0
8461,2.9842941761016846,2.826786994934082,1,1
8462,2.661064624786377,2.471231460571289,1,1
8463,2.3196866512298584,2.5072250366210938,0,0
8464,3.1802964210510254,3.0586957931518555,1,1
8465,3.2680110931396484,3.0176424980163574,0,0
8466,3.065505027770996,2.753946304321289,1,1
8467,2.8245341777801514,2.7237820625305176,1,1
8468,2.863919496536255,2.7276458740234375,0,0
8469,3.1255879402160645,2.983116388320923,1,1
8470,3.3373727798461914,3.10430908203125,1,1
8471,3.3247411251068115,3.1115100383758545,1,1
8472,3.259303569793701,2.8992679119110107,1,1
8473,3.1305878162384033,2.8956620693206787,0,0
8474,3.101794481277466,2.7795252799987793,1,1
8475,3.523444890975952,3.0265040397644043,0,0
8476,3.3846466541290283,3.01151442527771,1,1
8477,3.086491823196411,2.878520965576172,0,0
8478,3.309986114501953,3.058115005493164,1,1
8479,3.1460819244384766,3.0285627841949463,1,1
8480,2.840000867843628,2.6868252754211426,1,1
8481,3.194882869720459,2.8343915939331055,1,1
8482,2.5151753425598145,2.507237434387207,0,0
8483,3.021216630935669,2.8597142696380615,1,1
8484,3.5155463218688965,3.128117561340332,1,1
8485,3.8225598335266113,3.4230659008026123,1,1
8486,3.520409107208252,3.1899330615997314,1,1
8487,3.612605094909668,3.274661064147949,0,0
8488,2.6181793212890625,2.715580940246582,1,1
8489,2.7200753688812256,2.5592288970947266,1,1
8490,3.0183470249176025,2.888951301574707,1,1
8491,3.2493467330932617,3.0111310482025146,1,1
8492,2.8100945949554443,2.6994476318359375,0,0
8493,3.478740692138672,3.0750529766082764,0,0
8494,3.3459670543670654,3.019347667694092,1,1
8495,3.3625240325927734,3.2288780212402344,0,0
8496,3.3577215671539307,3.2786917686462402,0,0
8497,3.458491086959839,3.297267436981201,0,0
8498,2.9612555503845215,2.92915678024292,0,0
8499,3.5444164276123047,3.102254867553711,1,1
8500,3.1799166202545166,3.150888681411743,1,1
8501,3.6684763431549072,3.3786046504974365,1,1
8502,3.7298455238342285,3.5116121768951416,1,1
8503,3.4198811054229736,3.1605682373046875,0,0
8504,3.5239243507385254,3.220381259918213,1,1
8505,3.213571310043335,2.9756007194519043,0,0
8506,3.8600351810455322,3.3984861373901367,1,1
8507,3.3952691555023193,3.1975293159484863,0,0
8508,3.2347147464752197,3.177213430404663,0,0
8509,3.5297534465789795,3.1972670555114746,1,1
8510,3.5009560585021973,3.1927528381347656,0,0
8511,3.103851556777954,2.824280261993408,0,0
8512,3.0307743549346924,2.796287775039673,1,1
8513,3.6573309898376465,3.265021562576294,0,0
8514,3.6592650413513184,3.2489428520202637,1,1
8515,3.1119956970214844,3.0102546215057373,0,0
8516,3.3237926959991455,3.22611927986145,1,1
8517,3.4719607830047607,3.1893110275268555,0,0
8518,3.2957401275634766,3.163447618484497,0,0
8519,3.338031768798828,3.075620174407959,1,1
8520,3.589996099472046,3.3237361907958984,1,1
8521,3.374070882797241,2.9964354038238525,1,1
8522,3.456712245941162,3.0927236080169678,0,0
8523,3.3063018321990967,3.024181842803955,0,0
8524,3.1352169513702393,2.8642196655273438,1,1
8525,3.336555242538452,3.1406452655792236,1,1
8526,3.261772632598877,3.0791831016540527,0,0
8527,3.012061834335327,3.0229454040527344,1,1
8528,3.0863430500030518,2.9945068359375,0,0
8529,3.4052233695983887,3.1166510581970215,1,1
8530,3.2966530323028564,2.95711088180542,1,1
8531,3.2806382179260254,3.0294456481933594,1,1
8532,3.2733261585235596,3.0376925468444824,0,0
8533,3.4348740577697754,3.1584997177124023,0,0
8534,3.3150742053985596,3.050961494445801,1,1
8535,3.1405298709869385,3.2349202632904053,0,0
8536,3.7197844982147217,3.383579730987549,1,1
8537,3.7586164474487305,3.473280429840088,1,1
8538,3.292412281036377,3.112751007080078,1,1
8539,3.7395312786102295,3.525056838989258,1,1
8540,3.2054336071014404,3.1431915760040283,1,1
8541,2.4860923290252686,2.3983373641967773,1,1
8542,2.6808314323425293,2.6583046913146973,1,1
8543,2.9611082077026367,2.887849807739258,1,1
8544,3.7596192359924316,3.2831597328186035,1,1
8545,2.7933406829833984,2.8657593727111816,0,0
8546,3.1640634536743164,3.021714925765991,1,1
8547,3.3166980743408203,3.2091689109802246,0,0
8548,3.3823094367980957,3.2511725425720215,1,1
8549,3.450578451156616,3.178452968597412,0,0
8550,3.315349578857422,3.070543050765991,0,0
8551,3.3556506633758545,3.200615167617798,1,1
8552,3.392786741256714,3.0664544105529785,1,1
8553,3.2012689113616943,3.1433820724487305,1,1
8554,3.4445180892944336,3.373316764831543,1,1
8555,3.3801651000976562,3.263873815536499,0,0
8556,3.163602590560913,3.2016091346740723,1,1
8557,3.036060094833374,2.8616552352905273,1,1
8558,3.6449532508850098,3.4651050567626953,1,1
8559,3.7824699878692627,3.3800265789031982,1,1
8560,3.491588830947876,3.178863286972046,1,1
8561,2.8690237998962402,2.876450777053833,0,0
8562,3.1082122325897217,2.9577624797821045,0,0
8563,2.9889190196990967,2.8596065044403076,0,0
8564,3.2803385257720947,3.0822033882141113,1,1
8565,3.137897253036499,2.8842005729675293,0,0
8566,2.752438545227051,2.493570327758789,1,1
8567,3.0576043128967285,2.897604465484619,1,1
8568,3.012651205062866,2.8708701133728027,1,1
8569,3.305391550064087,2.9499692916870117,0,0
8570,3.4148142337799072,3.154771566390991,1,1
8571,2.942991256713867,2.9008965492248535,0,0
8572,3.108609199523926,2.934943199157715,0,0
8573,3.0335981845855713,3.1355881690979004,0,0
8574,3.0480544567108154,3.1722192764282227,0,0
8575,3.31052827835083,3.1540231704711914,0,0
8576,3.6896228790283203,3.4005837440490723,0,0
8577,3.5140910148620605,3.3738574981689453,1,1
8578,3.1288301944732666,3.0607545375823975,0,0
8579,3.52730655670166,3.3006045818328857,0,0
8580,3.3674228191375732,3.222059726715088,0,0
8581,3.3136441707611084,3.2985901832580566,0,0
8582,3.2846992015838623,3.0879082679748535,1,1
8583,3.6681506633758545,3.466041088104248,1,1
8584,3.5055837631225586,3.2442514896392822,0,0
8585,3.5200250148773193,3.354626417160034,0,0
8586,3.5899362564086914,3.248358726501465,1,1
8587,3.289421319961548,3.2017879486083984,0,0
8588,2.9920032024383545,2.954122543334961,0,0
8589,3.276479959487915,2.971757411956787,0,0
8590,3.0630364418029785,2.7955071926116943,0,0
8591,3.3967361450195312,3.143354654312134,1,1
8592,3.37045955657959,3.126340389251709,1,1
8593,3.1690542697906494,2.8524465560913086,1,1
8594,3.2387683391571045,2.9018101692199707,1,1
8595,3.713606834411621,3.4392480850219727,1,1
8596,3.459442377090454,3.2584996223449707,0,0
8597,3.2082037925720215,3.09403133392334,1,1
8598,3.437938690185547,2.935253381729126,0,0
8599,3.1076622009277344,2.9626286029815674,0,0
8600,3.602844715118408,3.296949863433838,0,0
8601,3.6883137226104736,3.4138407707214355,1,1
8602,3.8923027515411377,3.5243632793426514,0,0
8603,3.478182554244995,3.110642910003662,1,1
8604,3.59723162651062,3.251464366912842,0,0
8605,3.5605382919311523,3.197303533554077,1,1
8606,3.2110443115234375,2.95699405670166,1,1
8607,3.4207777976989746,3.075397491455078,0,0
8608,3.496170997619629,3.2361931800842285,0,0
8609,3.8821327686309814,3.4327430725097656,1,1
8610,3.3110811710357666,3.0428011417388916,1,1
8611,3.339052677154541,3.140780448913574,0,0
8612,3.3142380714416504,3.130402088165283,1,1
8613,3.4008877277374268,3.14033842086792,0,0
8614,3.8318278789520264,3.5667552947998047,0,0
8615,3.365041494369507,3.1179556846618652,1,1
8616,3.4435348510742188,3.179623603820801,0,0
8617,3.317072629928589,3.0267252922058105,1,1
8618,3.551844835281372,3.3350601196289062,0,0
8619,3.664473533630371,3.4196341037750244,0,0
8620,3.671996831893921,3.430746078491211,0,0
8621,3.2115046977996826,3.1480841636657715,0,0
8622,3.6527552604675293,3.451866865158081,1,1
8623,3.240387439727783,3.086601972579956,0,0
8624,3.4375147819519043,3.2341396808624268,1,1
8625,3.4308624267578125,3.0925323963165283,0,0
8626,3.4471662044525146,3.2027783393859863,1,1
8627,3.5097463130950928,3.4881820678710938,1,1
8628,3.6150264739990234,3.2827043533325195,1,1
8629,3.454066753387451,3.282782554626465,1,1
8630,3.5510900020599365,3.417466163635254,1,1
8631,3.6060125827789307,3.4707069396972656,1,1
8632,3.7075116634368896,3.379936695098877,1,1
8633,3.6181559562683105,3.4083800315856934,0,0
8634,3.6188366413116455,3.3853466510772705,1,1
8635,3.5744290351867676,3.357372283935547,1,1
8636,3.340402364730835,3.1932926177978516,0,0
8637,2.851313829421997,2.815753936767578,1,1
8638,2.4958655834198,2.5130271911621094,0,0
8639,3.2307074069976807,3.115762710571289,1,1
8640,3.2953226566314697,3.117652654647827,1,1
8641,3.1495511531829834,2.8742737770080566,1,1
8642,3.060009717941284,2.8668878078460693,1,1
8643,3.4185993671417236,3.319674015045166,1,1
8644,3.48700213432312,3.3723673820495605,0,0
8645,3.156271457672119,3.2810466289520264,1,1
8646,2.9405736923217773,2.7889726161956787,0,0
8647,3.290130138397217,3.0905184745788574,1,1
8648,3.3350141048431396,2.9836108684539795,1,1
8649,2.9369306564331055,2.8478200435638428,1,1
8650,3.2499494552612305,3.0183768272399902,0,0
8651,3.2329015731811523,3.0034985542297363,1,1
8652,2.8413925170898438,2.871614456176758,1,1
8653,3.1815638542175293,3.009800910949707,0,0
8654,2.672452688217163,2.65726375579834,1,1
8655,2.3935091495513916,2.462590217590332,0,0
8656,1.5703803300857544,1.760684609413147,0,0
8657,3.0242133140563965,2.8347010612487793,1,1
8658,2.951986789703369,2.49831485748291,0,0
8659,2.599400758743286,2.552258014678955,0,0
8660,3.304992914199829,3.1637887954711914,0,0
8661,3.0494749546051025,3.03792142868042,0,0
8662,2.8637185096740723,2.7862255573272705,0,0
8663,3.2582242488861084,3.027372121810913,0,0
8664,2.662659168243408,2.6812832355499268,0,0
8665,2.9638264179229736,2.893394708633423,0,0
8666,3.398815393447876,3.0977683067321777,1,1
8667,3.3133907318115234,3.046907424926758,1,1
8668,3.5458624362945557,3.1523609161376953,1,1
8669,3.2846720218658447,3.165069580078125,0,0
8670,2.776092052459717,2.671875,0,0
8671,2.888869047164917,2.7504587173461914,1,1
8672,2.9852607250213623,2.8787693977355957,1,1
8673,2.5282881259918213,2.4077253341674805,0,0
8674,3.1488893032073975,2.8424668312072754,0,0
8675,2.6962740421295166,2.6236765384674072,1,1
8676,3.5287115573883057,3.2481493949890137,1,1
8677,3.3137359619140625,3.126213550567627,0,0
8678,3.1476991176605225,3.078918933868408,0,0
8679,3.2915382385253906,3.0689423084259033,0,0
8680,3.6546688079833984,3.258124828338623,0,0
8681,3.309513807296753,2.9720187187194824,1,1
8682,3.7286012172698975,3.0106053352355957,1,1
8683,3.790379762649536,3.371957778930664,1,1
8684,3.1991751194000244,2.8952221870422363,1,1
8685,3.0906083583831787,3.0205039978027344,1,1
8686,3.2421507835388184,2.9988811016082764,1,1
8687,3.336472511291504,3.255743980407715,1,1
8688,3.143714666366577,3.0731887817382812,1,1
8689,3.0132241249084473,3.1571991443634033,1,1
8690,2.880570411682129,2.732417106628418,1,1
8691,2.8360118865966797,2.7891552448272705,0,0
8692,3.129805088043213,2.986295700073242,0,0
8693,2.9718728065490723,2.925450086593628,1,1
8694,3.037342071533203,2.9771485328674316,1,1
8695,3.396336317062378,3.188497543334961,0,0
8696,3.596224784851074,3.329153060913086,1,1
8697,3.441467523574829,3.289213180541992,1,1
8698,3.638655662536621,3.14835262298584,1,1
8699,3.5475640296936035,3.236835479736328,0,0
8700,2.8970930576324463,2.8244009017944336,1,1
8701,3.0443708896636963,2.919367790222168,0,0
8702,3.8713245391845703,3.437004804611206,0,0
8703,2.7280852794647217,2.6317710876464844,1,1
8704,3.646707057952881,3.2454733848571777,1,1
8705,3.446664333343506,3.1811280250549316,1,1
8706,3.3007583618164062,3.066455364227295,1,1
8707,3.529902935028076,3.1702311038970947,1,1
8708,3.6497652530670166,3.223513126373291,1,1
8709,3.2416141033172607,2.904844284057617,1,1
8710,3.9420578479766846,3.4375531673431396,1,1
8711,3.9203641414642334,3.5062003135681152,0,0
8712,3.6245365142822266,3.410294532775879,1,1
8713,3.4643654823303223,3.3167243003845215,0,0
8714,4.157363414764404,3.446824789047241,1,1
8715,3.574280023574829,3.1374073028564453,1,1
8716,3.8140134811401367,3.1893322467803955,0,0
8717,4.119490146636963,3.4638264179229736,0,0
8718,3.593876361846924,3.2158732414245605,0,0
8719,3.6676700115203857,3.3198297023773193,0,0
8720,3.7148475646972656,3.3388185501098633,1,1
8721,4.0576677322387695,3.3936030864715576,1,1
8722,3.7969882488250732,3.327587604522705,0,0
8723,3.938884735107422,3.433408737182617,0,0
8724,3.6654014587402344,3.4944472312927246,0,0
8725,3.641486883163452,3.1154065132141113,1,1
8726,3.4569318294525146,3.052011013031006,0,0
8727,3.263791084289551,2.8030128479003906,1,1
8728,2.6561028957366943,2.702397584915161,1,1
8729,2.6272974014282227,2.598586320877075,0,0
8730,3.2194650173187256,2.8991477489471436,1,1
8731,3.62138295173645,3.290018081665039,1,1
8732,3.6905019283294678,3.4672319889068604,1,1
8733,3.4155993461608887,3.1016364097595215,1,1
8734,3.246426820755005,3.208106517791748,1,1
8735,3.1798484325408936,3.233471393585205,0,0
8736,3.273362636566162,3.3342623710632324,0,0
8737,2.9477508068084717,3.029139518737793,0,0
8738,3.3031415939331055,2.99839186668396,0,0
8739,3.158538818359375,3.285325765609741,1,1
8740,3.273930311203003,3.2811620235443115,0,0
8741,3.6512038707733154,3.3572511672973633,1,1
8742,3.6660680770874023,3.5096755027770996,0,0
8743,3.4562995433807373,3.3538386821746826,0,0
8744,3.5902647972106934,3.246647357940674,1,1
8745,3.7024753093719482,3.4364571571350098,1,1
8746,3.8224446773529053,3.4839954376220703,1,1
8747,3.698192596435547,3.370852470397949,0,0
8748,3.283954620361328,3.0869052410125732,1,1
8749,3.441606044769287,3.250552177429199,0,0
8750,3.4789230823516846,3.334829807281494,1,1
8751,3.2378761768341064,3.1105828285217285,0,0
8752,3.2854301929473877,3.0233216285705566,1,1
8753,3.019390821456909,2.8462753295898438,1,1
8754,3.311363697052002,3.128025531768799,0,0
8755,2.956577777862549,2.8876380920410156,1,1
8756,2.655618667602539,2.725165843963623,1,1
8757,2.9181950092315674,2.838693380355835,0,0
8758,3.2298178672790527,3.132201671600342,0,0
8759,3.2705540657043457,3.0825862884521484,1,1
8760,2.8527255058288574,2.895297050476074,0,0
8761,2.997581958770752,2.981154203414917,0,0
8762,3.079822063446045,3.0691566467285156,0,0
8763,3.179567337036133,3.0939998626708984,1,1
8764,3.066868543624878,2.898566246032715,0,0
8765,2.829339027404785,2.8375542163848877,0,0
8766,2.8318707942962646,2.860849380493164,0,0
8767,2.846918821334839,2.8638625144958496,0,0
8768,2.65193510055542,2.6932177543640137,1,1
8769,2.8570573329925537,2.7789478302001953,0,0
8770,2.6072802543640137,2.7712321281433105,1,1
8771,3.117251396179199,3.0075647830963135,1,1
8772,3.0222764015197754,2.894360065460205,1,1
8773,2.832524299621582,2.796299457550049,0,0
8774,2.8995258808135986,2.869703531265259,1,1
8775,2.61021089553833,2.7016329765319824,0,0
8776,2.4524917602539062,2.402900218963623,1,1
8777,2.573244094848633,2.6052050590515137,1,1
8778,2.7573742866516113,2.6573143005371094,1,1
8779,2.517549991607666,2.468081474304199,1,1
8780,2.3423871994018555,2.4203991889953613,1,1
8781,2.5649378299713135,2.565403699874878,0,0
8782,2.3609423637390137,2.3080291748046875,1,1
8783,2.495448112487793,2.519258499145508,0,0
8784,2.6081998348236084,2.45719313621521,0,0
8785,2.557650089263916,2.5387115478515625,1,1
8786,2.386078357696533,2.3354783058166504,0,0
8787,2.4593021869659424,2.532214403152466,1,1
8788,2.588871955871582,2.405243396759033,0,0
8789,3.2605645656585693,2.975278854370117,0,0
8790,3.8723104000091553,3.4317307472229004,0,0
8791,3.5492141246795654,3.2199294567108154,1,1
8792,3.8060593605041504,3.373697280883789,0,0
8793,3.6642024517059326,3.405158281326294,1,1
8794,3.7939765453338623,3.4583580493927,0,0
8795,3.2397916316986084,2.856171131134033,0,0
8796,3.3418540954589844,3.0997631549835205,1,1
8797,3.497375965118408,3.2565219402313232,1,1
8798,3.6594207286834717,3.3174517154693604,1,1
8799,3.4292848110198975,3.2202866077423096,0,0
8800,3.177138090133667,3.0074946880340576,0,0
8801,3.621903419494629,3.125337600708008,1,1
8802,3.636385917663574,3.2680745124816895,0,0
8803,3.2845776081085205,2.860915184020996,1,1
8804,3.493412971496582,3.10599946975708,0,0
8805,3.068828582763672,2.737720251083374,1,1
8806,3.325857400894165,3.108220100402832,1,1
8807,3.1011247634887695,2.8403964042663574,0,0
8808,3.2388908863067627,2.941169261932373,0,0
8809,3.442551374435425,3.138186454772949,0,0
8810,3.3597567081451416,2.887174129486084,0,0
8811,3.3096535205841064,2.8278017044067383,0,0
8812,3.259603261947632,2.6657724380493164,0,0
8813,3.4244308471679688,2.9219090938568115,0,0
8814,3.577716588973999,2.8672327995300293,0,0
8815,3.6278281211853027,2.90341854095459,1,1
8816,3.344221353530884,2.6975255012512207,1,1
8817,3.1066393852233887,2.739590644836426,0,0
8818,3.3491079807281494,2.7964634895324707,0,0
8819,2.7755634784698486,2.4414925575256348,0,0
8820,2.3849923610687256,2.4265570640563965,1,1
8821,2.6967227458953857,2.621265172958374,0,0
8822,2.580373525619507,2.693239212036133,1,1
8823,2.4482641220092773,2.4041881561279297,0,0
8824,2.919306516647339,2.865178108215332,1,1
8825,3.256129264831543,2.893981695175171,1,1
8826,3.1727845668792725,2.8464295864105225,1,1
8827,3.2785308361053467,2.871358871459961,0,0
8828,3.1045618057250977,2.8350377082824707,1,1
8829,2.9817590713500977,2.6303367614746094,0,0
8830,2.82136607170105,2.5812864303588867,0,0
8831,2.591684579849243,2.172762155532837,0,0
8832,2.9996583461761475,2.7816367149353027,1,1
8833,3.1054341793060303,2.7410850524902344,1,1
8834,2.8642539978027344,2.6493611335754395,1,1
8835,3.2538230419158936,2.954085350036621,1,1
8836,3.5365822315216064,3.156095266342163,0,0
8837,3.6630895137786865,3.234522819519043,0,0
8838,3.2238030433654785,2.975759506225586,0,0
8839,3.2886476516723633,2.891155481338501,0,0
8840,2.529804229736328,2.4251723289489746,1,1
8841,3.0526626110076904,2.850554943084717,0,0
8842,2.9691338539123535,2.8440585136413574,0,0
8843,2.9371633529663086,2.7410902976989746,0,0
8844,3.535602569580078,3.020885467529297,0,0
8845,3.445237636566162,2.9204964637756348,0,0
8846,3.7468085289001465,3.3548779487609863,0,0
8847,3.5423619747161865,3.1705522537231445,0,0
8848,3.4461960792541504,2.8983359336853027,0,0
8849,3.6413698196411133,3.2420742511749268,1,1
8850,3.5533249378204346,3.0919909477233887,0,0
8851,3.914214849472046,3.321625232696533,0,0
8852,3.169525384902954,2.874124050140381,1,1
8853,3.293539047241211,2.850128173828125,0,0
8854,3.2438721656799316,2.9123072624206543,0,0
8855,3.114654541015625,3.029296875,1,1
8856,3.2497143745422363,3.0019869804382324,0,0
8857,3.488802671432495,3.2129387855529785,0,0
8858,3.599855422973633,3.210669994354248,1,1
8859,3.4169187545776367,3.0054666996002197,0,0
8860,3.315033435821533,2.9068875312805176,0,0
8861,3.4678006172180176,3.0909552574157715,0,0
8862,3.7675070762634277,3.3033480644226074,1,1
8863,3.4411544799804688,3.1331253051757812,1,1
8864,3.181692600250244,2.9080934524536133,1,1
8865,2.6682934761047363,2.169567823410034,0,0
8866,2.652813196182251,2.3484649658203125,1,1
8867,2.6141726970672607,2.4101340770721436,0,0
8868,2.457529306411743,2.143167018890381,0,0
8869,2.690624713897705,2.359854221343994,1,1
8870,2.7595603466033936,2.3592631816864014,0,0
8871,2.8159472942352295,2.546492099761963,0,0
8872,2.7891438007354736,2.4597487449645996,1,1
8873,2.7501463890075684,2.3217082023620605,0,0
8874,2.53965163230896,2.3193740844726562,0,0
8875,2.773439407348633,2.4034857749938965,1,1
8876,3.1979222297668457,2.7707059383392334,1,1
8877,2.880953311920166,2.618279218673706,1,1
8878,3.0479769706726074,2.72981333732605,1,1
8879,2.8650262355804443,2.47890043258667,1,1
8880,2.542464017868042,2.4161577224731445,1,1
8881,2.578108310699463,2.2654080390930176,0,0
8882,2.605710506439209,2.180534839630127,1,1
8883,2.762495517730713,2.373854160308838,1,1
8884,2.9511499404907227,2.5570662021636963,1,1
8885,2.8642077445983887,2.7861545085906982,1,1
8886,2.9604272842407227,2.5232815742492676,0,0
8887,3.015045642852783,2.5681142807006836,0,0
8888,2.7833330631256104,2.795567512512207,1,1
8889,3.616547107696533,3.2898051738739014,1,1
8890,3.2582848072052,3.1922531127929688,0,0
8891,3.5460140705108643,3.210516929626465,1,1
8892,3.4445390701293945,3.196767568588257,0,0
8893,3.426487922668457,3.186770439147949,1,1
8894,2.201338291168213,2.2243237495422363,0,0
8895,3.4308621883392334,3.1115522384643555,0,0
8896,3.054640531539917,2.806527614593506,0,0
8897,3.331836700439453,3.2097525596618652,1,1
8898,3.3685035705566406,3.1287786960601807,0,0
8899,3.4955649375915527,3.3465795516967773,0,0
8900,3.2702689170837402,3.067227363586426,0,0
8901,3.6050631999969482,3.278620719909668,0,0
8902,3.008918523788452,2.99936842918396,0,0
8903,3.5036728382110596,3.2721619606018066,1,1
8904,3.2726593017578125,3.0586390495300293,0,0
8905,3.3483846187591553,3.199575424194336,0,0
8906,3.306833505630493,3.1245205402374268,1,1
8907,3.514219045639038,3.1917531490325928,0,0
8908,3.231483221054077,2.9462146759033203,1,1
8909,3.118664503097534,3.0515921115875244,1,1
8910,3.2518906593322754,2.995917797088623,0,0
8911,3.179084300994873,2.844865322113037,1,1
8912,3.054577589035034,2.8657262325286865,0,0
8913,2.1760222911834717,2.3080992698669434,1,1
8914,3.0196878910064697,2.8875303268432617,1,1
8915,3.065506935119629,2.8679347038269043,0,0
8916,3.2650058269500732,3.2207489013671875,0,0
8917,3.085564613342285,3.0941660404205322,1,1
8918,3.2740695476531982,3.045060634613037,1,1
8919,3.4389584064483643,3.2761893272399902,1,1
8920,3.411404848098755,3.2931835651397705,0,0
8921,3.428957462310791,3.3844616413116455,1,1
8922,3.329918384552002,3.2510666847229004,0,0
8923,3.9101006984710693,3.59334659576416,0,0
8924,3.6433000564575195,3.4076943397521973,0,0
8925,3.325403928756714,3.443272590637207,1,1
8926,3.478027105331421,3.4762401580810547,1,1
8927,3.364793062210083,3.3001675605773926,1,1
8928,3.26522159576416,3.0986623764038086,0,0
8929,3.586876153945923,3.3538479804992676,1,1
8930,3.329793930053711,3.1436920166015625,1,1
8931,3.1325759887695312,3.1451492309570312,1,1
8932,2.95235276222229,2.803640842437744,1,1
8933,2.786379337310791,2.4486827850341797,0,0
8934,2.7161169052124023,2.4453659057617188,1,1
8935,2.7015349864959717,2.435075283050537,0,0
8936,3.100304126739502,2.4295966625213623,1,1
8937,2.8635263442993164,2.495738983154297,1,1
8938,2.814030170440674,2.369659900665283,1,1
8939,2.929593324661255,2.6244583129882812,0,0
8940,2.9375674724578857,2.5911989212036133,1,1
8941,2.879840850830078,2.5371644496917725,0,0
8942,2.715097427368164,2.338008403778076,0,0
8943,2.9074933528900146,2.4170937538146973,1,1
8944,2.506972551345825,2.191486358642578,0,0
8945,3.093971014022827,2.60022234916687,1,1
8946,2.6828293800354004,2.2886295318603516,0,0
8947,3.015866994857788,2.6193840503692627,0,0
8948,2.954359531402588,2.540661334991455,0,0
8949,3.207571268081665,2.8957839012145996,1,1
8950,2.920945644378662,2.561901569366455,1,1
8951,2.7222633361816406,2.363361358642578,1,1
8952,3.3830056190490723,3.0630550384521484,0,0
8953,2.5185306072235107,2.4291274547576904,0,0
8954,3.350165605545044,2.9718260765075684,0,0
8955,3.5962517261505127,2.864678382873535,0,0
8956,2.1010231971740723,2.094315528869629,0,0
8957,2.3772470951080322,2.300859212875366,1,1
8958,3.000875473022461,2.784437894821167,1,1
8959,3.1272428035736084,2.7549610137939453,0,0
8960,2.9631121158599854,2.5989019870758057,0,0
8961,3.1097240447998047,2.6714744567871094,0,0
8962,3.077202320098877,2.740901470184326,0,0
8963,3.126443386077881,2.8444180488586426,1,1
8964,3.0551929473876953,2.73203706741333,1,1
8965,2.929434061050415,2.8830480575561523,1,1
8966,3.1759791374206543,2.7508273124694824,1,1
8967,3.2266931533813477,2.8470468521118164,0,0
8968,3.2974185943603516,2.907055377960205,1,1
8969,3.705223560333252,3.1827220916748047,0,0
8970,3.5385727882385254,3.143974781036377,1,1
8971,3.5490121841430664,3.0621397495269775,0,0
8972,3.1080589294433594,2.7237753868103027,0,0
8973,3.2180941104888916,3.003293991088867,1,1
8974,3.4399678707122803,2.992619037628174,0,0
8975,3.6892778873443604,3.1504220962524414,0,0
8976,3.5458366870880127,3.090425968170166,0,0
8977,3.3315749168395996,3.060882806777954,1,1
8978,3.163410186767578,2.822218418121338,0,0
8979,3.257075548171997,2.871015787124634,1,1
8980,3.184828996658325,2.90378737449646,1,1
8981,3.373072624206543,3.0700085163116455,0,0
8982,3.584951400756836,3.1306090354919434,0,0
8983,3.6300220489501953,3.0557923316955566,0,0
8984,3.1324713230133057,2.7457101345062256,0,0
8985,3.3417563438415527,2.995713710784912,0,0
8986,3.0160679817199707,2.646601676940918,0,0
8987,3.3191890716552734,2.95878005027771,1,1
8988,3.726365804672241,3.341014862060547,0,0
8989,3.5818891525268555,3.12758731842041,1,1
8990,3.474163293838501,3.0310287475585938,1,1
8991,3.657017469406128,3.2881858348846436,1,1
8992,3.699754476547241,3.2816033363342285,1,1
8993,3.4859390258789062,3.0709402561187744,1,1
8994,3.542585611343384,3.285191774368286,1,1
8995,3.667555809020996,3.1121809482574463,1,1
8996,3.507357597351074,3.0132029056549072,0,0
8997,3.773192882537842,3.4626495838165283,1,1
8998,3.505728006362915,3.3191404342651367,1,1
8999,3.076216697692871,2.9473681449890137,1,1
9000,3.3559882640838623,3.2174248695373535,0,0
9001,3.60267972946167,3.327449321746826,0,0
9002,3.501675844192505,3.3245511054992676,1,1
9003,3.4917492866516113,3.270380973815918,1,1
9004,3.3423991203308105,3.3580338954925537,1,1
9005,3.3676834106445312,3.2318124771118164,1,1
9006,3.6669058799743652,3.317173957824707,1,1
9007,3.488353967666626,3.295220375061035,0,0
9008,3.511780261993408,3.248589515686035,1,1
9009,3.4833383560180664,3.180950403213501,0,0
9010,3.207144260406494,3.124149799346924,1,1
9011,3.4593100547790527,3.2592697143554688,1,1
9012,3.7227015495300293,3.3650341033935547,1,1
9013,3.771674156188965,3.4066686630249023,1,1
9014,3.2033677101135254,3.288054943084717,0,0
9015,3.2507591247558594,3.2985117435455322,1,1
9016,3.3862040042877197,3.354475975036621,1,1
9017,3.0008113384246826,3.006622552871704,0,0
9018,2.97365140914917,2.9971675872802734,1,1
9019,3.010145902633667,3.0469484329223633,1,1
9020,2.9165053367614746,2.9430696964263916,0,0
9021,3.094937324523926,2.9818453788757324,0,0
9022,3.164731025695801,3.0006837844848633,1,1
9023,3.154823064804077,3.067796468734741,0,0
9024,3.200512170791626,3.2011733055114746,1,1
9025,3.3327741622924805,3.1002330780029297,0,0
9026,3.173154592514038,3.1852993965148926,0,0
9027,3.5088791847229004,3.5818581581115723,0,0
9028,3.5149917602539062,3.2392287254333496,1,1
9029,3.3593952655792236,3.10783052444458,0,0
9030,3.208735942840576,3.116095542907715,1,1
9031,2.794933795928955,2.5956225395202637,1,1
9032,3.0928943157196045,2.9435791969299316,1,1
9033,3.1005520820617676,2.8815789222717285,1,1
9034,3.479269504547119,3.187751531600952,0,0
9035,2.746919631958008,2.5964741706848145,0,0
9036,2.58609938621521,2.476116895675659,0,0
9037,2.5120811462402344,2.5432631969451904,0,0
9038,2.355133295059204,2.3725759983062744,1,1
9039,2.9205660820007324,2.5237927436828613,1,1
9040,2.9122934341430664,2.6439476013183594,0,0
9041,2.8425049781799316,2.693436622619629,1,1
9042,2.866532325744629,2.6324422359466553,1,1
9043,3.117626428604126,2.970975399017334,0,0
9044,3.416156053543091,3.195035934448242,1,1
9045,3.3446524143218994,3.122105121612549,0,0
9046,2.941221237182617,2.7621490955352783,0,0
9047,3.4871838092803955,3.090857982635498,0,0
9048,3.174605369567871,2.997535228729248,1,1
9049,3.304151773452759,3.204453945159912,1,1
9050,3.2533414363861084,3.0073704719543457,1,1
9051,3.0717365741729736,2.955580949783325,0,0
9052,3.2060141563415527,2.966031074523926,0,0
9053,3.260969638824463,3.179210662841797,0,0
9054,3.6859018802642822,3.1494665145874023,0,0
9055,3.485692024230957,3.202669858932495,1,1
9056,3.2962629795074463,2.873795986175537,1,1
9057,3.4733994007110596,3.1630403995513916,0,0
9058,3.4932572841644287,3.040290594100952,1,1
9059,3.1770591735839844,2.852019786834717,0,0
9060,3.5899622440338135,3.303598642349243,1,1
9061,3.6936113834381104,3.207474946975708,1,1
9062,3.6064155101776123,3.3448758125305176,1,1
9063,3.2827401161193848,2.988313674926758,1,1
9064,3.230577230453491,2.8889575004577637,0,0
9065,2.9489097595214844,2.8179564476013184,0,0
9066,2.7906734943389893,2.6758079528808594,0,0
9067,3.277632474899292,3.1314659118652344,1,1
9068,3.4456770420074463,3.236025094985962,0,0
9069,3.2598228454589844,2.936849594116211,1,1
9070,3.033752202987671,2.7148382663726807,1,1
9071,2.935375452041626,2.9269847869873047,1,1
9072,3.353273868560791,3.1672122478485107,1,1
9073,3.0852155685424805,3.1124563217163086,1,1
9074,3.291841983795166,3.0878891944885254,0,0
9075,3.036792039871216,2.6867270469665527,1,1
9076,3.231574773788452,3.103339195251465,0,0
9077,3.4773054122924805,3.2242562770843506,0,0
9078,3.488149642944336,3.146803140640259,1,1
9079,3.8230743408203125,3.4629645347595215,0,0
9080,3.7628800868988037,3.3795480728149414,0,0
9081,3.7631137371063232,3.393167495727539,0,0
9082,4.180901527404785,3.483875274658203,0,0
9083,3.5174014568328857,3.2127389907836914,1,1
9084,3.5851306915283203,3.200901746749878,0,0
9085,3.560020685195923,3.0628819465637207,1,1
9086,3.6545164585113525,3.2585813999176025,1,1
9087,4.128474235534668,3.5957627296447754,0,0
9088,3.41434383392334,3.1220626831054688,0,0
9089,3.8653523921966553,3.4171433448791504,1,1
9090,3.2898192405700684,2.9755735397338867,0,0
9091,3.561868667602539,3.048642158508301,0,0
9092,3.7580552101135254,3.435512065887451,1,1
9093,3.5289225578308105,3.0614242553710938,0,0
9094,3.1386702060699463,2.7806317806243896,1,1
9095,2.710592746734619,2.537169933319092,1,1
9096,2.854541063308716,2.700957775115967,0,0
9097,3.1952309608459473,3.021611213684082,0,0
9098,3.2824037075042725,3.0125784873962402,1,1
9099,3.0694122314453125,2.8013319969177246,0,0
9100,2.980487823486328,2.7904152870178223,0,0
9101,3.0910980701446533,2.7418322563171387,0,0
9102,3.008188009262085,2.6353068351745605,0,0
9103,3.040618419647217,2.7652924060821533,0,0
9104,3.0676093101501465,2.907590866088867,0,0
9105,3.350273847579956,2.741647481918335,1,1
9106,2.9346258640289307,2.7485098838806152,0,0
9107,3.247807025909424,2.842777967453003,0,0
9108,3.2536752223968506,2.8918395042419434,0,0
9109,3.0774548053741455,2.7059388160705566,0,0
9110,2.7758164405822754,2.6649065017700195,1,1
9111,3.264474630355835,3.097801923751831,0,0
9112,2.2314274311065674,2.2167420387268066,1,1
9113,3.241575241088867,3.0717616081237793,0,0
9114,3.2988576889038086,3.032282590866089,0,0
9115,3.3784000873565674,3.1517958641052246,1,1
9116,3.2028820514678955,2.977463483810425,1,1
9117,3.0341029167175293,3.056016206741333,0,0
9118,3.263284206390381,3.008124351501465,1,1
9119,3.099565029144287,2.920194625854492,1,1
9120,3.1713380813598633,3.1238880157470703,1,1
9121,3.1794822216033936,3.133389949798584,0,0
9122,3.3233487606048584,3.1088647842407227,0,0
9123,3.1077537536621094,3.0949273109436035,0,0
9124,3.524195671081543,3.2055091857910156,0,0
9125,3.2781758308410645,3.1596462726593018,0,0
9126,3.491931676864624,3.200723648071289,1,1
9127,3.069126844406128,2.8325448036193848,1,1
9128,3.1915996074676514,3.0091710090637207,0,0
9129,2.8542299270629883,2.726714849472046,1,1
9130,2.8579187393188477,2.7106616497039795,0,0
9131,3.0836281776428223,3.1176459789276123,0,0
9132,2.875742197036743,2.759881019592285,1,1
9133,3.196873903274536,3.1217143535614014,1,1
9134,3.4689865112304688,3.1061208248138428,0,0
9135,3.6183254718780518,3.1858880519866943,1,1
9136,3.3302340507507324,3.0742716789245605,1,1
9137,3.3891847133636475,3.2584996223449707,1,1
9138,2.9280734062194824,2.833272933959961,1,1
9139,3.072951078414917,3.0589499473571777,1,1
9140,2.7637479305267334,2.619922161102295,1,1
9141,2.607011318206787,2.3800859451293945,0,0
9142,3.3797078132629395,2.8044545650482178,1,1
9143,2.580214262008667,2.4500765800476074,0,0
9144,2.5896875858306885,2.378023386001587,1,1
9145,3.040713310241699,2.80570650100708,0,0
9146,2.8664071559906006,2.6746702194213867,1,1
9147,2.7630221843719482,2.4621310234069824,1,1
9148,2.4811174869537354,2.2668612003326416,1,1
9149,2.865445375442505,2.759613513946533,1,1
9150,2.9117214679718018,2.9241702556610107,0,0
9151,3.2303714752197266,3.1033504009246826,1,1
9152,3.6406004428863525,3.2391037940979004,1,1
9153,3.5437376499176025,3.295487880706787,1,1
9154,3.573523759841919,3.166872978210449,1,1
9155,3.5237176418304443,3.249704360961914,1,1
9156,3.3711705207824707,3.2688307762145996,0,0
9157,3.583002805709839,3.3185348510742188,0,0
9158,3.4261958599090576,3.114788770675659,0,0
9159,3.187802314758301,3.133694887161255,0,0
9160,3.3268020153045654,3.1105241775512695,1,1
9161,2.8707334995269775,2.8046340942382812,1,1
9162,3.0859313011169434,2.9378104209899902,0,0
9163,3.3644936084747314,3.08647084236145,0,0
9164,3.0670735836029053,2.9647955894470215,0,0
9165,3.354128122329712,2.928358554840088,1,1
9166,3.0114078521728516,2.9353199005126953,0,0
9167,2.7846083641052246,2.649010181427002,0,0
9168,3.2792246341705322,3.0240283012390137,1,1
9169,2.8197858333587646,2.783616542816162,0,0
9170,3.4974002838134766,3.1845149993896484,1,1
9171,2.9715609550476074,3.0535035133361816,1,1
9172,3.364485502243042,3.4079859256744385,0,0
9173,3.2543065547943115,3.2057723999023438,1,1
9174,3.2314398288726807,3.1954195499420166,0,0
9175,3.0063085556030273,2.894979953765869,1,1
9176,3.458144426345825,3.180757999420166,1,1
9177,3.482090711593628,3.2907841205596924,0,0
9178,3.4716076850891113,3.2424139976501465,1,1
9179,3.0775504112243652,2.9145569801330566,1,1
9180,3.4388539791107178,2.980107307434082,0,0
9181,3.1435883045196533,2.9673664569854736,0,0
9182,2.9134745597839355,2.869497776031494,0,0
9183,3.047517776489258,2.855715274810791,0,0
9184,3.079861640930176,2.8506994247436523,0,0
9185,3.3683953285217285,3.143007516860962,0,0
9186,3.155251979827881,2.9882826805114746,1,1
9187,3.2108023166656494,3.0565457344055176,0,0
9188,3.02614426612854,2.912257671356201,1,1
9189,3.2358431816101074,2.8621115684509277,0,0
9190,3.13834547996521,2.7437753677368164,0,0
9191,3.764960765838623,3.0732622146606445,1,1
9192,2.981872320175171,2.700943946838379,1,1
9193,3.3133327960968018,2.977717876434326,1,1
9194,3.304013252258301,3.081263542175293,1,1
9195,3.5335443019866943,3.194995641708374,1,1
9196,3.422330856323242,3.150348424911499,1,1
9197,3.5126304626464844,3.326672315597534,1,1
9198,3.1637368202209473,3.0909528732299805,1,1
9199,3.240889310836792,2.91572904586792,0,0
9200,3.293853282928467,2.9811267852783203,0,0
9201,3.100214719772339,2.6597771644592285,1,1
9202,3.173851251602173,3.0361218452453613,1,1
9203,3.456944465637207,3.1662614345550537,0,0
9204,2.7099971771240234,2.431966781616211,1,1
9205,3.143233060836792,2.9570517539978027,0,0
9206,3.6327900886535645,3.363513231277466,0,0
9207,3.474804162979126,3.066300868988037,1,1
9208,3.655977964401245,3.2978243827819824,1,1
9209,3.3149683475494385,3.2037601470947266,0,0
9210,3.8059651851654053,3.391281843185425,0,0
9211,3.526186227798462,3.36453914642334,1,1
9212,3.142848014831543,2.8795225620269775,1,1
9213,3.140667200088501,3.1543593406677246,1,1
9214,3.0950400829315186,3.0794405937194824,1,1
9215,3.5379247665405273,3.2399604320526123,0,0
9216,3.3925106525421143,3.1977243423461914,1,1
9217,3.314671039581299,3.0612149238586426,1,1
9218,3.303065061569214,3.033243179321289,1,1
9219,3.3907151222229004,3.183748722076416,1,1
9220,3.5474438667297363,3.2340497970581055,1,1
9221,3.515105724334717,3.2540431022644043,1,1
9222,3.134521961212158,2.9392035007476807,1,1
9223,2.812026023864746,2.533583641052246,0,0
9224,3.1049458980560303,2.876781463623047,1,1
9225,3.5111823081970215,3.124433994293213,0,0
9226,3.4713940620422363,3.089073419570923,1,1
9227,3.5294692516326904,3.123241424560547,0,0
9228,3.830831289291382,3.26385235786438,0,0
9229,3.4634413719177246,3.2115249633789062,1,1
9230,3.34610652923584,3.0034127235412598,0,0
9231,2.8026862144470215,2.7499022483825684,0,0
9232,3.5898451805114746,3.4012839794158936,0,0
9233,3.2831921577453613,3.3487496376037598,0,0
9234,3.2912240028381348,2.901273250579834,0,0
9235,3.0735490322113037,3.0994420051574707,1,1
9236,2.876035451889038,2.795806884765625,1,1
9237,3.2042622566223145,3.2299695014953613,0,0
9238,3.2341344356536865,3.0791802406311035,1,1
9239,2.4367589950561523,2.2876453399658203,1,1
9240,3.3484485149383545,3.1482226848602295,1,1
9241,3.302783966064453,2.9326090812683105,1,1
9242,3.246854305267334,2.9336555004119873,0,0
9243,3.2282001972198486,2.791651725769043,1,1
9244,3.3501596450805664,2.7963695526123047,1,1
9245,3.320063591003418,2.744973659515381,0,0
9246,2.89986515045166,2.6557106971740723,0,0
9247,3.2041800022125244,2.8199167251586914,0,0
9248,3.2073636054992676,2.526698112487793,0,0
9249,3.149909496307373,2.753802537918091,0,0
9250,2.1284282207489014,2.2061965465545654,0,0
9251,3.0895493030548096,2.839587688446045,0,0
9252,3.1711297035217285,2.8859384059906006,1,1
9253,3.2837142944335938,3.1019887924194336,1,1
9254,3.4041919708251953,3.2046866416931152,0,0
9255,3.6361260414123535,3.3886094093322754,0,0
9256,3.9045891761779785,3.4543263912200928,1,1
9257,3.7753400802612305,3.410062313079834,0,0
9258,3.400047540664673,3.3125112056732178,1,1
9259,3.08817982673645,2.9819698333740234,1,1
9260,3.3018853664398193,3.0560755729675293,1,1
9261,3.5881333351135254,3.0702366828918457,0,0
9262,3.1086647510528564,2.786118507385254,1,1
9263,3.051048517227173,2.945347785949707,0,0
9264,2.9631876945495605,2.670921564102173,1,1
9265,3.7742719650268555,3.253702163696289,0,0
9266,3.717926025390625,3.1854658126831055,0,0
9267,3.5995545387268066,3.1719484329223633,1,1
9268,3.139381170272827,3.1165425777435303,0,0
9269,3.1732048988342285,2.8305888175964355,0,0
9270,2.867985486984253,2.824957847595215,1,1
9271,3.2060115337371826,2.8956069946289062,0,0
9272,3.4670331478118896,3.2591114044189453,0,0
9273,3.154449224472046,3.065521478652954,1,1
9274,3.2358334064483643,3.1178946495056152,1,1
9275,3.502714157104492,3.0754432678222656,0,0
9276,3.527282238006592,3.296067237854004,0,0
9277,3.029298782348633,2.9098894596099854,0,0
9278,4.1726298332214355,3.7463221549987793,0,0
9279,3.905294179916382,3.427879810333252,0,0
9280,2.8755459785461426,2.549027919769287,0,0
9281,3.085329055786133,2.7029762268066406,0,0
9282,3.2383294105529785,2.9984447956085205,1,1
9283,2.9170007705688477,2.8302009105682373,1,1
9284,2.7118823528289795,2.555797576904297,1,1
9285,2.8912181854248047,2.653573513031006,1,1
9286,2.624736785888672,2.43916654586792,0,0
9287,2.745023727416992,2.4713401794433594,1,1
9288,2.97721791267395,2.786763906478882,1,1
9289,3.588003158569336,3.312509059906006,1,1
9290,3.5291688442230225,3.2198867797851562,1,1
9291,3.7367444038391113,3.35286021232605,1,1
9292,3.2107863426208496,3.188000440597534,0,0
9293,3.6941921710968018,3.4364404678344727,0,0
9294,3.793649435043335,3.377232074737549,0,0
9295,3.7575979232788086,3.438312292098999,0,0
9296,3.746725082397461,3.439520835876465,0,0
9297,3.3842713832855225,3.0552761554718018,0,0
9298,3.4943132400512695,3.2639412879943848,0,0
9299,3.612731695175171,3.3996801376342773,1,1
9300,3.0525293350219727,3.111640691757202,1,1
9301,3.1169111728668213,3.1312742233276367,1,1
9302,3.53072452545166,3.1677231788635254,1,1
9303,2.8178791999816895,2.5430870056152344,1,1
9304,3.47933030128479,3.322551727294922,0,0
9305,3.522444486618042,3.3053300380706787,1,1
9306,3.4019808769226074,3.2014284133911133,0,0
9307,3.3023147583007812,3.1617496013641357,1,1
9308,3.189751386642456,3.139739990234375,0,0
9309,3.7294740676879883,3.300341844558716,0,0
9310,3.2531449794769287,3.1862096786499023,1,1
9311,2.916382074356079,2.7987663745880127,1,1
9312,3.627357006072998,3.3749094009399414,1,1
9313,2.395883798599243,2.3010315895080566,0,0
9314,2.9564690589904785,2.7600178718566895,0,0
9315,3.544825553894043,3.2794084548950195,1,1
9316,3.776256561279297,3.249648094177246,0,0
9317,3.8952436447143555,3.265437126159668,0,0
9318,4.164903163909912,3.3066906929016113,0,0
9319,3.457548141479492,3.160715103149414,0,0
9320,3.8059232234954834,3.29480242729187,0,0
9321,3.5761399269104004,3.2131004333496094,0,0
9322,3.511207342147827,3.0635619163513184,1,1
9323,3.6961240768432617,3.277693510055542,1,1
9324,3.368063449859619,3.0436761379241943,0,0
9325,3.1050941944122314,2.8471436500549316,1,1
9326,3.294445037841797,3.014829635620117,0,0
9327,2.9344451427459717,2.93264102935791,1,1
9328,3.000706195831299,2.893094062805176,0,0
9329,2.6604275703430176,2.7237930297851562,1,1
9330,2.8081893920898438,2.7525815963745117,1,1
9331,3.201733350753784,2.916639804840088,0,0
9332,3.232372283935547,3.0178756713867188,0,0
9333,3.2687671184539795,3.0602033138275146,1,1
9334,3.559760808944702,3.205904006958008,0,0
9335,3.3833813667297363,3.1143457889556885,0,0
9336,2.9220402240753174,2.709217071533203,0,0
9337,3.031397581100464,2.914759635925293,1,1
9338,2.8647871017456055,2.6511754989624023,0,0
9339,3.3212602138519287,3.0120177268981934,0,0
9340,2.7796568870544434,2.698169469833374,1,1
9341,3.034014940261841,2.699955940246582,1,1
9342,3.0522656440734863,2.7697465419769287,0,0
9343,3.1427934169769287,2.869020462036133,1,1
9344,3.0870156288146973,2.8920369148254395,1,1
9345,3.6222660541534424,3.114485740661621,0,0
9346,3.2214159965515137,2.9493367671966553,1,1
9347,3.7083470821380615,3.3782854080200195,1,1
9348,3.2045161724090576,2.9437265396118164,0,0
9349,3.203179359436035,2.734619140625,1,1
9350,2.410879611968994,2.29355525970459,0,0
9351,2.8299150466918945,2.6138556003570557,1,1
9352,3.692470073699951,3.1536779403686523,1,1
9353,3.5827183723449707,3.2506179809570312,0,0
9354,3.217724084854126,2.8716752529144287,0,0
9355,3.2358579635620117,2.9517641067504883,0,0
9356,3.194512128829956,2.720694065093994,1,1
9357,3.3288633823394775,2.8213400840759277,1,1
9358,2.878960132598877,2.596053123474121,0,0
9359,2.930814504623413,2.4955737590789795,1,1
9360,3.3068923950195312,2.869605541229248,0,0
9361,3.35965895652771,2.898355484008789,1,1
9362,3.174774646759033,2.7921438217163086,1,1
9363,3.525766372680664,3.0436110496520996,1,1
9364,2.453016996383667,2.3208160400390625,1,1
9365,3.3711304664611816,3.135066032409668,1,1
9366,2.494100332260132,2.4489974975585938,1,1
9367,2.0182132720947266,2.129335403442383,1,1
9368,3.012303590774536,2.8803412914276123,0,0
9369,3.104778289794922,3.0384576320648193,1,1
9370,2.753366231918335,2.7365236282348633,0,0
9371,3.5106236934661865,3.2400009632110596,1,1
9372,3.1746580600738525,3.1556859016418457,1,1
9373,3.3544230461120605,3.154849052429199,1,1
9374,3.2333247661590576,3.0953407287597656,0,0
9375,3.36434268951416,3.0767157077789307,0,0
9376,3.2555837631225586,3.1623127460479736,0,0
9377,3.286487340927124,3.1911637783050537,0,0
9378,2.57765531539917,2.488463878631592,1,1
9379,3.6306514739990234,3.3025243282318115,0,0
9380,3.4845449924468994,3.2383694648742676,1,1
9381,3.5466651916503906,3.4023914337158203,0,0
9382,3.2405495643615723,2.8543968200683594,0,0
9383,2.6621081829071045,2.4927403926849365,0,0
9384,3.270097494125366,3.2168684005737305,0,0
9385,2.5220115184783936,2.5293450355529785,1,1
9386,3.123784303665161,3.0043423175811768,1,1
9387,3.0839061737060547,3.0055856704711914,1,1
9388,3.2647674083709717,3.0706002712249756,1,1
9389,2.9877336025238037,2.759136915206909,1,1
9390,3.4425711631774902,2.9571118354797363,0,0
9391,3.69393253326416,3.178170919418335,0,0
9392,3.611680030822754,3.219966411590576,1,1
9393,3.398651361465454,3.2353010177612305,0,0
9394,3.4955108165740967,3.130492687225342,0,0
9395,3.51130747795105,3.175713539123535,1,1
9396,3.0833866596221924,2.827638864517212,1,1
9397,3.1273763179779053,2.747300624847412,0,0
9398,3.323296308517456,3.0855422019958496,0,0
9399,3.126033067703247,3.060323715209961,0,0
9400,3.830134630203247,3.5001416206359863,1,1
9401,3.253211259841919,3.13883638381958,1,1
9402,3.2390990257263184,3.070211410522461,0,0
9403,3.520521402359009,3.0279064178466797,1,1
9404,3.727220296859741,3.3863933086395264,0,0
9405,3.568246841430664,3.1585516929626465,0,0
9406,3.4724531173706055,3.1349334716796875,1,1
9407,3.0975522994995117,2.9240803718566895,0,0
9408,3.1156108379364014,3.072929859161377,0,0
9409,3.36973237991333,3.1021993160247803,0,0
9410,3.622990608215332,3.205620765686035,1,1
9411,3.4289474487304688,3.187448740005493,0,0
9412,3.714883804321289,3.3229312896728516,1,1
9413,3.6181015968322754,3.1284589767456055,1,1
9414,3.2689616680145264,3.05647873878479,0,0
9415,3.124950647354126,3.0864617824554443,1,1
9416,3.445397138595581,3.0808377265930176,0,0
9417,3.088097095489502,2.9636240005493164,1,1
9418,3.1144280433654785,2.8388376235961914,0,0
9419,3.309703826904297,2.920771837234497,0,0
9420,3.7189512252807617,3.317127227783203,1,1
9421,3.604452133178711,3.18339204788208,0,0
9422,3.4799537658691406,3.2898764610290527,0,0
9423,3.6867668628692627,3.2996826171875,0,0
9424,3.346541166305542,3.117938280105591,1,1
9425,3.566476345062256,3.3116719722747803,1,1
9426,3.414910316467285,3.3104641437530518,1,1
9427,3.4830143451690674,3.139899253845215,1,1
9428,3.3550941944122314,3.220046043395996,0,0
9429,3.707772970199585,3.3569507598876953,0,0
9430,3.356987476348877,3.1592488288879395,1,1
9431,3.466973304748535,3.277348041534424,0,0
9432,3.056333303451538,3.033477306365967,0,0
9433,3.03825306892395,2.973217010498047,1,1
9434,2.889863967895508,2.8002724647521973,0,0
9435,3.066704034805298,3.0375852584838867,0,0
9436,3.306452989578247,3.33994197845459,1,1
9437,3.1840646266937256,3.2201523780822754,0,0
9438,3.4410059452056885,3.1429591178894043,1,1
9439,3.1690070629119873,3.022719383239746,1,1
9440,3.0753583908081055,2.8749680519104004,1,1
9441,3.0981228351593018,2.910017967224121,1,1
9442,2.756847620010376,2.535943031311035,0,0
9443,3.3198459148406982,3.0700669288635254,0,0
9444,3.0753231048583984,2.8144423961639404,1,1
9445,3.3698859214782715,3.0583877563476562,1,1
9446,3.2567434310913086,2.9711480140686035,1,1
9447,3.081634998321533,2.7974672317504883,0,0
9448,3.199453353881836,2.9958019256591797,0,0
9449,3.0480899810791016,3.1231844425201416,0,0
9450,3.1413915157318115,2.976104497909546,1,1
9451,3.296783208847046,2.9892101287841797,0,0
9452,3.413038492202759,3.1239876747131348,1,1
9453,2.9958584308624268,2.7201085090637207,0,0
9454,3.5472512245178223,3.2985751628875732,0,0
9455,3.6197214126586914,3.224492073059082,1,1
9456,3.4174342155456543,3.0840003490448,1,1
9457,2.001607894897461,1.8998838663101196,0,0
9458,2.948610544204712,2.9285411834716797,1,1
9459,3.3197813034057617,3.0916748046875,0,0
9460,2.808962106704712,2.9106459617614746,0,0
9461,3.004253625869751,3.064539670944214,1,1
9462,3.485745668411255,3.244833469390869,0,0
9463,3.1088931560516357,3.080349922180176,0,0
9464,3.1129515171051025,2.9769792556762695,1,1
9465,3.2544095516204834,3.1957898139953613,1,1
9466,3.393806219100952,3.1791839599609375,0,0
9467,3.4670917987823486,3.1084485054016113,0,0
9468,3.499983549118042,3.3828635215759277,0,0
9469,3.411001205444336,3.387899398803711,0,0
9470,2.739030122756958,2.7770986557006836,0,0
9471,2.768889904022217,2.9212255477905273,1,1
9472,3.32934308052063,3.2037997245788574,0,0
9473,3.7140212059020996,3.3355844020843506,1,1
9474,2.60638689994812,2.5396549701690674,0,0
9475,2.810516119003296,2.803896427154541,1,1
9476,3.1519205570220947,2.9602649211883545,1,1
9477,2.725292444229126,2.6243669986724854,1,1
9478,3.102181911468506,3.018738269805908,0,0
9479,3.0620155334472656,2.8625335693359375,0,0
9480,3.4847612380981445,3.032799243927002,0,0
9481,3.4996535778045654,3.1378979682922363,1,1
9482,3.2789673805236816,3.180417776107788,0,0
9483,3.196162700653076,3.075887680053711,1,1
9484,3.218022108078003,2.882538080215454,0,0
9485,3.4232659339904785,3.161566972732544,1,1
9486,3.2826294898986816,3.01895809173584,0,0
9487,2.9651310443878174,2.909808874130249,1,1
9488,3.1992297172546387,3.0238614082336426,0,0
9489,3.3235926628112793,3.0404107570648193,0,0
9490,3.033945322036743,2.8610758781433105,1,1
9491,3.2146449089050293,2.9166040420532227,0,0
9492,3.140728712081909,3.0128300189971924,0,0
9493,2.8528473377227783,2.875199794769287,0,0
9494,3.1125667095184326,3.0118205547332764,0,0
9495,2.90132474899292,2.7968649864196777,1,1
9496,3.263979196548462,2.936276912689209,0,0
9497,3.188828945159912,2.9272818565368652,0,0
9498,3.1512153148651123,2.996243953704834,0,0
9499,3.192270278930664,2.893512725830078,0,0
9500,2.7444918155670166,2.666746139526367,0,0
9501,2.9622113704681396,2.7842092514038086,1,1
9502,3.0993213653564453,2.8912453651428223,0,0
9503,3.0394818782806396,2.733438491821289,0,0
9504,3.806382179260254,3.3885655403137207,1,1
9505,3.3514504432678223,3.1401610374450684,0,0
9506,2.936204433441162,2.758594036102295,0,0
9507,3.2003467082977295,2.811248302459717,1,1
9508,3.5826687812805176,3.192448616027832,1,1
9509,3.3098692893981934,3.0070407390594482,1,1
9510,3.45750093460083,3.158790111541748,1,1
9511,3.0177178382873535,2.9436588287353516,0,0
9512,3.5507259368896484,2.9762508869171143,0,0
9513,3.2123863697052,2.9102232456207275,1,1
9514,3.2018003463745117,3.0017144680023193,0,0
9515,3.3834102153778076,3.0794320106506348,0,0
9516,3.5378010272979736,3.3232741355895996,1,1
9517,3.803971767425537,3.4553754329681396,0,0
9518,3.5776987075805664,3.1296143531799316,0,0
9519,3.453394889831543,3.2554969787597656,0,0
9520,3.4248507022857666,3.089322090148926,0,0
9521,3.147296667098999,2.7967629432678223,0,0
9522,3.0174672603607178,2.7912659645080566,1,1
9523,3.548509120941162,3.178576707839966,1,1
9524,3.654280424118042,3.2768614292144775,0,0
9525,3.209947347640991,2.9141974449157715,1,1
9526,3.181495428085327,2.8546581268310547,0,0
9527,2.4561784267425537,2.449759006500244,0,0
9528,2.8800671100616455,2.605823516845703,0,0
9529,2.9179067611694336,2.6857616901397705,0,0
9530,3.366157054901123,2.9471466541290283,1,1
9531,2.9956703186035156,2.8455464839935303,1,1
9532,2.9179880619049072,2.919417381286621,1,1
9533,3.6659202575683594,3.4387893676757812,0,0
9534,3.5639991760253906,3.4763174057006836,1,1
9535,2.9119338989257812,2.7470645904541016,1,1
9536,3.240250587463379,2.865103244781494,0,0
9537,3.2333879470825195,3.0092954635620117,0,0
9538,3.3038723468780518,3.050891876220703,0,0
9539,3.206446886062622,2.8738279342651367,0,0
9540,3.142658233642578,2.8420798778533936,1,1
9541,3.291564464569092,2.959719181060791,1,1
9542,3.394758939743042,3.0332212448120117,0,0
9543,3.3495194911956787,3.0383553504943848,0,0
9544,3.4220540523529053,3.188304901123047,0,0
9545,3.2799999713897705,3.085984230041504,0,0
9546,3.2534544467926025,3.068675994873047,0,0
9547,3.369021415710449,3.2327401638031006,1,1
9548,3.2106130123138428,2.796572685241699,0,0
9549,3.322150945663452,3.1018753051757812,1,1
9550,3.3144116401672363,3.216020345687866,0,0
9551,3.4225025177001953,2.9333860874176025,0,0
9552,3.6003103256225586,3.1414594650268555,1,1
9553,3.310447931289673,2.7931690216064453,1,1
9554,2.846219539642334,2.4292140007019043,1,1
9555,3.3577542304992676,2.9824156761169434,0,0
9556,3.4518070220947266,3.129182815551758,1,1
9557,3.3431525230407715,3.165811061859131,0,0
9558,3.089796304702759,3.0202202796936035,0,0
9559,3.1615402698516846,3.0795278549194336,0,0
9560,3.223357915878296,3.0877716541290283,0,0
9561,3.6774725914001465,3.347435712814331,1,1
9562,3.274212121963501,2.9741337299346924,0,0
9563,3.240826368331909,3.0044519901275635,1,1
9564,3.38895845413208,3.076486587524414,0,0
9565,3.4578359127044678,3.0487425327301025,1,1
9566,3.2888834476470947,3.2999308109283447,0,0
9567,3.4838919639587402,3.190295457839966,1,1
9568,3.1255764961242676,3.086958408355713,1,1
9569,3.265895366668701,3.186471939086914,0,0
9570,3.1357760429382324,2.9881715774536133,0,0
9571,2.8769612312316895,2.815089702606201,0,0
9572,3.2459442615509033,2.9104928970336914,0,0
9573,3.3917958736419678,2.9095592498779297,1,1
9574,3.2785654067993164,2.9193363189697266,0,0
9575,3.780399799346924,3.3223822116851807,1,1
9576,3.678906202316284,3.242077350616455,1,1
9577,3.3402621746063232,2.947178840637207,0,0
9578,3.4734511375427246,3.211292266845703,0,0
9579,3.3032326698303223,3.260542869567871,0,0
9580,3.54421329498291,3.5496301651000977,1,1
9581,2.8595011234283447,2.8987672328948975,1,1
9582,4.246922969818115,3.7580456733703613,1,1
9583,3.7545106410980225,3.53989315032959,1,1
9584,3.716684579849243,3.660130023956299,0,0
9585,3.3527512550354004,3.3437938690185547,1,1
9586,3.118994951248169,3.116358757019043,0,0
9587,3.0251379013061523,2.884371519088745,0,0
9588,3.0388336181640625,2.851433277130127,0,0
9589,2.9246699810028076,3.001185178756714,1,1
9590,3.9103124141693115,3.5150065422058105,0,0
9591,3.088139295578003,2.8517260551452637,1,1
9592,2.379737615585327,2.451979637145996,1,1
9593,2.9506676197052,3.1174509525299072,0,0
9594,3.269430637359619,3.2700300216674805,1,1
9595,3.1726114749908447,3.1451992988586426,1,1
9596,2.7712936401367188,2.920130729675293,1,1
9597,3.139557361602783,3.0416619777679443,0,0
9598,3.317685604095459,3.218421459197998,0,0
9599,3.0275487899780273,2.9866089820861816,1,1
9600,3.7315449714660645,3.346426010131836,1,1
9601,3.2306737899780273,3.2393176555633545,1,1
9602,3.1480231285095215,3.0738182067871094,0,0
9603,3.3458375930786133,3.2481400966644287,0,0
9604,3.8026814460754395,3.540830373764038,1,1
9605,3.6779541969299316,3.446258544921875,1,1
9606,3.7157561779022217,3.467374801635742,1,1
9607,3.5835437774658203,3.4680967330932617,1,1
9608,3.6344292163848877,3.3740968704223633,1,1
9609,3.3287360668182373,3.280850410461426,0,0
9610,3.603341579437256,3.2893521785736084,1,1
9611,3.1549072265625,2.892270088195801,1,1
9612,2.9088428020477295,2.6172118186950684,1,1
9613,3.0994057655334473,2.6868934631347656,1,1
9614,3.163499593734741,2.807011365890503,1,1
9615,3.404977560043335,3.1673941612243652,1,1
9616,3.3901989459991455,3.334813117980957,1,1
9617,3.586477518081665,3.4955835342407227,0,0
9618,3.7904841899871826,3.5738015174865723,1,1
9619,3.3420212268829346,3.195481777191162,1,1
9620,3.3891632556915283,3.1468725204467773,1,1
9621,3.954676389694214,3.4167582988739014,0,0
9622,3.3501482009887695,3.1985011100769043,1,1
9623,3.39334774017334,3.245208263397217,0,0
9624,3.744844913482666,3.57735538482666,1,1
9625,3.7839136123657227,3.602541446685791,1,1
9626,3.4465627670288086,2.9169654846191406,1,1
9627,3.2507059574127197,3.0385355949401855,0,0
9628,3.7836763858795166,3.334825038909912,1,1
9629,3.3742949962615967,3.19741153717041,1,1
9630,4.030576705932617,3.555241107940674,0,0
9631,3.4632575511932373,3.177949905395508,0,0
9632,2.9900128841400146,2.747087001800537,0,0
9633,3.2094361782073975,2.987229824066162,1,1
9634,3.531221389770508,3.1914048194885254,0,0
9635,3.325608968734741,3.088827610015869,1,1
9636,3.4584178924560547,3.199795722961426,0,0
9637,3.2303431034088135,3.053980588912964,1,1
9638,3.4364750385284424,3.1407132148742676,1,1
9639,3.8410727977752686,3.2717442512512207,0,0
9640,3.4716203212738037,3.287627696990967,0,0
9641,3.2224388122558594,2.9197888374328613,0,0
9642,3.0676848888397217,2.7278554439544678,0,0
9643,3.540855884552002,3.0274786949157715,1,1
9644,3.411712169647217,2.9449310302734375,0,0
9645,3.511782646179199,3.0145950317382812,0,0
9646,3.5157535076141357,3.060006618499756,1,1
9647,3.5597012042999268,3.0762805938720703,0,0
9648,3.12813138961792,2.9441771507263184,1,1
9649,3.054811954498291,3.0446503162384033,0,0
9650,3.4352126121520996,3.3316919803619385,1,1
9651,3.342730760574341,3.0674195289611816,0,0
9652,2.9732446670532227,2.9844086170196533,1,1
9653,3.5973777770996094,3.4863474369049072,1,1
9654,2.5227599143981934,2.560293674468994,0,0
9655,3.486302375793457,3.171381711959839,1,1
9656,3.336635112762451,3.2037501335144043,0,0
9657,3.098816394805908,2.910897970199585,0,0
9658,2.8890089988708496,2.8066210746765137,0,0
9659,3.761226177215576,3.2760586738586426,1,1
9660,3.849053382873535,3.31967830657959,0,0
9661,3.2178759574890137,2.7352375984191895,1,1
9662,2.921295166015625,2.925960063934326,1,1
9663,3.374608278274536,3.2342424392700195,0,0
9664,3.510427951812744,3.165985584259033,1,1
9665,3.2354211807250977,2.7938742637634277,0,0
9666,3.5594780445098877,3.2956926822662354,0,0
9667,3.4250779151916504,2.9430160522460938,0,0
9668,3.1362552642822266,2.801212787628174,0,0
9669,3.267627716064453,2.9120731353759766,0,0
9670,3.6281511783599854,3.2422008514404297,0,0
9671,3.789823532104492,3.3198208808898926,1,1
9672,3.7282211780548096,3.281421422958374,0,0
9673,3.711149215698242,3.1434390544891357,0,0
9674,3.814530372619629,3.2867414951324463,1,1
9675,3.0484163761138916,2.755382776260376,1,1
9676,3.5550968647003174,3.1079280376434326,1,1
9677,3.741727113723755,3.2354986667633057,1,1
9678,3.4699246883392334,3.1825714111328125,0,0
9679,2.7249934673309326,2.512026071548462,0,0
9680,2.8610007762908936,2.580411911010742,1,1
9681,2.563514232635498,2.40120267868042,1,1
9682,2.669511556625366,2.404818058013916,0,0
9683,2.905078649520874,2.8965635299682617,1,1
9684,2.5783798694610596,2.577754497528076,0,0
9685,2.6447603702545166,2.57737135887146,0,0
9686,2.5181617736816406,2.4698984622955322,0,0
9687,3.0412211418151855,3.046999454498291,0,0
9688,3.222059965133667,3.000948905944824,1,1
9689,3.553326368331909,3.435842990875244,0,0
9690,3.2559969425201416,3.2310376167297363,0,0
9691,3.251544237136841,3.230396032333374,1,1
9692,3.0179531574249268,3.0234107971191406,0,0
9693,2.946251153945923,2.858112335205078,0,0
9694,3.457184076309204,3.2247066497802734,1,1
9695,3.171828269958496,2.9498648643493652,1,1
9696,3.2279105186462402,3.1090188026428223,0,0
9697,3.3576626777648926,3.0828421115875244,0,0
9698,3.0484344959259033,3.0099077224731445,1,1
9699,2.988417387008667,2.9540138244628906,1,1
9700,3.0241332054138184,2.9281251430511475,1,1
9701,2.7636263370513916,2.745840549468994,0,0
9702,2.8714094161987305,2.7101187705993652,0,0
9703,2.484760284423828,2.5617733001708984,0,0
9704,2.474231481552124,2.643716812133789,0,0
9705,2.885361433029175,2.8702940940856934,1,1
9706,2.4722657203674316,2.4402785301208496,1,1
9707,2.875253915786743,2.772465467453003,1,1
9708,3.0577783584594727,2.89343523979187,1,1
9709,2.8025600910186768,2.6461637020111084,0,0
9710,3.068040370941162,2.9408774375915527,0,0
9711,2.7966742515563965,2.670106887817383,0,0
9712,3.022721529006958,2.942542314529419,1,1
9713,2.8482449054718018,2.7059290409088135,0,0
9714,3.0062317848205566,2.9287047386169434,0,0
9715,3.1291074752807617,2.8727951049804688,0,0
9716,2.6761293411254883,2.4954748153686523,0,0
9717,3.047501564025879,2.903310775756836,0,0
9718,3.300628900527954,2.9267995357513428,0,0
9719,3.1716761589050293,2.9745020866394043,0,0
9720,3.104712724685669,2.9182281494140625,0,0
9721,3.066774845123291,2.6480565071105957,1,1
9722,3.6368796825408936,3.2682762145996094,0,0
9723,3.1806724071502686,3.0023274421691895,0,0
9724,3.1774463653564453,3.0291507244110107,0,0
9725,3.3669652938842773,3.006228446960449,0,0
9726,2.8524062633514404,2.7571985721588135,0,0
9727,3.1040284633636475,2.9615206718444824,0,0
9728,3.081418752670288,2.870276689529419,1,1
9729,3.294480085372925,2.917351722717285,1,1
9730,3.421295404434204,3.0649256706237793,0,0
9731,3.3384344577789307,3.110074281692505,1,1
9732,3.070025682449341,3.001980781555176,1,1
9733,3.2803843021392822,2.9426708221435547,1,1
9734,3.197968006134033,2.9392282962799072,0,0
9735,3.0861308574676514,2.803323268890381,0,0
9736,3.070274591445923,2.830902576446533,1,1
9737,3.2087512016296387,2.9003567695617676,1,1
9738,3.2004754543304443,2.9640421867370605,1,1
9739,3.2008697986602783,2.9507765769958496,0,0
9740,3.343994140625,3.078213930130005,0,0
9741,3.2204749584198,2.9780731201171875,0,0
9742,3.154576301574707,2.9880900382995605,0,0
9743,3.467198610305786,3.089263677597046,1,1
9744,3.1811492443084717,2.990077018737793,1,1
9745,3.0650908946990967,2.85740327835083,1,1
9746,2.621518611907959,2.33366060256958,1,1
9747,3.1167080402374268,2.700094699859619,0,0
9748,2.696765899658203,2.501856565475464,1,1
9749,2.572350263595581,2.31239914894104,1,1
9750,2.780137062072754,2.545576572418213,1,1
9751,3.0229814052581787,2.582134246826172,1,1
9752,2.954305648803711,2.896235227584839,0,0
9753,2.7802069187164307,2.6795315742492676,1,1
9754,2.986851692199707,2.784390926361084,1,1
9755,2.5610599517822266,2.4855947494506836,1,1
9756,2.3069257736206055,2.514632225036621,1,1
9757,2.9236538410186768,2.981523275375366,0,0
9758,3.08864688873291,3.1341769695281982,1,1
9759,2.8361005783081055,2.698429584503174,0,0
9760,2.902637243270874,3.0952179431915283,1,1
9761,2.7688634395599365,2.813107490539551,0,0
9762,2.891623020172119,2.729757785797119,0,0
9763,2.961674690246582,2.788717746734619,1,1
9764,3.2958877086639404,3.297356128692627,1,1
9765,3.311248540878296,3.229170799255371,0,0
9766,3.2655720710754395,3.2274720668792725,1,1
9767,3.677602767944336,3.557584762573242,0,0
9768,3.5579633712768555,3.4792847633361816,0,0
9769,2.9811978340148926,2.879988670349121,0,0
9770,2.927748441696167,2.6876394748687744,0,0
9771,3.068392753601074,2.7537689208984375,1,1
9772,3.004098653793335,2.611408233642578,1,1
9773,2.850538492202759,2.5234177112579346,0,0
9774,2.7504138946533203,2.4837379455566406,0,0
9775,2.8963422775268555,2.519371271133423,0,0
9776,3.1925342082977295,3.150207996368408,1,1
9777,3.178981065750122,3.260068416595459,1,1
9778,3.3285810947418213,2.966580867767334,1,1
9779,3.3363585472106934,2.7405638694763184,0,0
9780,3.3553659915924072,3.2220561504364014,0,0
9781,3.635202169418335,3.1989240646362305,0,0
9782,3.51789927482605,3.063817262649536,1,1
9783,3.9345672130584717,3.47371244430542,0,0
9784,3.522224187850952,3.230161428451538,0,0
9785,3.4669339656829834,3.0846197605133057,0,0
9786,2.832900285720825,2.799304485321045,1,1
9787,2.9381675720214844,2.731996774673462,0,0
9788,3.6198644638061523,3.3789446353912354,0,0
9789,3.023482322692871,2.7234184741973877,1,1
9790,3.1912600994110107,2.8427562713623047,0,0
9791,3.1272013187408447,2.746483087539673,0,0
9792,3.3746097087860107,3.112852096557617,1,1
9793,3.4303505420684814,3.0798590183258057,1,1
9794,3.545004367828369,3.2043612003326416,1,1
9795,3.0987777709960938,2.9646549224853516,0,0
9796,3.1248579025268555,3.0165529251098633,0,0
9797,3.635648488998413,3.2978248596191406,1,1
9798,3.3526644706726074,3.0845227241516113,1,1
9799,2.933807134628296,2.710235118865967,0,0
9800,2.813013792037964,2.756434202194214,0,0
9801,2.966958522796631,2.758331537246704,0,0
9802,3.1431796550750732,2.7662034034729004,0,0
9803,3.0803005695343018,2.6496341228485107,0,0
9804,2.8458731174468994,2.655451774597168,1,1
9805,3.0110347270965576,2.914809226989746,1,1
9806,2.8252477645874023,2.6618597507476807,0,0
9807,3.017296552658081,2.812046527862549,1,1
9808,2.6778719425201416,2.514212131500244,1,1
9809,2.790908098220825,2.523259162902832,1,1
9810,2.775599718093872,2.82468843460083,1,1
9811,2.970820903778076,2.8233933448791504,0,0
9812,2.8470346927642822,2.745266914367676,0,0
9813,2.9354472160339355,2.902495861053467,1,1
9814,2.806448221206665,2.6422228813171387,0,0
9815,3.10831880569458,2.9331088066101074,0,0
9816,3.1414804458618164,2.987168312072754,0,0
9817,3.1624648571014404,3.053642749786377,1,1
9818,2.912877082824707,2.7508299350738525,0,0
9819,3.082676887512207,2.9184913635253906,1,1
9820,3.1606950759887695,3.1096010208129883,0,0
9821,3.246790647506714,3.2054107189178467,0,0
9822,3.1236014366149902,2.8568966388702393,1,1
9823,3.4577748775482178,3.2474687099456787,0,0
9824,3.32027530670166,2.9393858909606934,1,1
9825,3.757561206817627,3.3477654457092285,1,1
9826,3.2788219451904297,3.2181060314178467,0,0
9827,3.1693458557128906,3.0262985229492188,0,0
9828,2.718783378601074,2.5015482902526855,1,1
9829,3.35603404045105,3.08833384513855,1,1
9830,3.3532986640930176,3.172244071960449,0,0
9831,3.780946731567383,3.5087971687316895,0,0
9832,3.1131885051727295,2.910670280456543,1,1
9833,2.5284805297851562,2.5920522212982178,0,0
9834,3.0761725902557373,2.9519803524017334,0,0
9835,2.5120418071746826,2.5340025424957275,0,0
9836,2.927722454071045,2.97853684425354,0,0
9837,2.9396116733551025,2.8287293910980225,0,0
9838,3.222614049911499,3.1473987102508545,0,0
9839,3.6233532428741455,3.3735568523406982,0,0
9840,3.4592413902282715,3.4610161781311035,1,1
9841,3.607764720916748,3.2881269454956055,0,0
9842,3.2235114574432373,2.9021661281585693,1,1
9843,3.216217517852783,2.8280606269836426,0,0
9844,3.3738725185394287,2.883026123046875,1,1
9845,3.6638638973236084,3.322432279586792,0,0
9846,3.7770636081695557,3.377755641937256,0,0
9847,3.550276756286621,3.1142525672912598,0,0
9848,3.7470383644104004,3.2084386348724365,1,1
9849,3.4253089427948,3.263227701187134,0,0
9850,3.524670124053955,3.3748257160186768,1,1
9851,3.2733631134033203,3.187405824661255,0,0
9852,3.3773083686828613,3.293027400970459,1,1
9853,3.4877703189849854,3.006833791732788,0,0
9854,3.4833033084869385,3.3240084648132324,0,0
9855,3.0079755783081055,2.9355521202087402,1,1
9856,3.018434762954712,2.9378159046173096,0,0
9857,3.039215326309204,2.96661376953125,0,0
9858,3.296626091003418,3.1323318481445312,0,0
9859,3.0689268112182617,3.0087637901306152,1,1
9860,3.5338528156280518,3.202939748764038,1,1
9861,3.531290292739868,3.2484893798828125,0,0
9862,3.154902219772339,3.0827574729919434,0,0
9863,3.5610013008117676,3.3418262004852295,1,1
9864,3.3134446144104004,3.1826326847076416,0,0
9865,3.0314059257507324,2.9520816802978516,0,0
9866,3.090547800064087,3.1315324306488037,1,1
9867,3.2354085445404053,3.1650071144104004,0,0
9868,3.2286856174468994,3.1017465591430664,0,0
9869,3.293868064880371,3.2337234020233154,0,0
9870,3.1401002407073975,2.906759023666382,1,1
9871,3.1124796867370605,3.046066999435425,1,1
9872,3.0614354610443115,3.019096851348877,1,1
9873,3.168734550476074,3.0566201210021973,1,1
9874,2.9544999599456787,2.703643798828125,0,0
9875,2.704472303390503,2.50838041305542,0,0
9876,2.222350597381592,2.1007261276245117,1,1
9877,2.581932783126831,2.3148350715637207,0,0
9878,2.4701266288757324,2.453420639038086,0,0
9879,2.7390568256378174,2.5731000900268555,0,0
9880,2.3540608882904053,2.367133617401123,0,0
9881,2.5696585178375244,2.5165061950683594,0,0
9882,3.037719964981079,2.57686710357666,1,1
9883,3.554945707321167,3.132336139678955,1,1
9884,3.4574787616729736,3.026643753051758,0,0
9885,3.42112135887146,3.142146110534668,0,0
9886,3.5659193992614746,3.1089956760406494,0,0
9887,3.8450701236724854,3.1758904457092285,0,0
9888,3.814185857772827,3.1715760231018066,0,0
9889,3.5161080360412598,3.0013949871063232,0,0
9890,3.195261240005493,2.867260456085205,1,1
9891,3.700979232788086,3.2430219650268555,0,0
9892,3.830301523208618,3.2592272758483887,1,1
9893,3.3524842262268066,2.978854179382324,0,0
9894,3.446300745010376,3.1511175632476807,1,1
9895,3.4581377506256104,3.1009159088134766,0,0
9896,3.459604263305664,3.221172571182251,1,1
9897,2.992206335067749,2.7639198303222656,0,0
9898,3.541146993637085,3.199526309967041,0,0
9899,3.546424627304077,3.0675711631774902,0,0
9900,2.9325544834136963,2.837587833404541,1,1
9901,3.034292697906494,2.840311050415039,1,1
9902,3.2702267169952393,3.0863137245178223,1,1
9903,2.8006749153137207,2.7479193210601807,1,1
9904,3.0892841815948486,2.9728994369506836,0,0
9905,3.183197259902954,3.041454792022705,1,1
9906,3.4731013774871826,3.3008570671081543,0,0
9907,3.2231788635253906,3.118119239807129,0,0
9908,3.0893657207489014,2.927337646484375,0,0
9909,3.334578514099121,3.274425745010376,1,1
9910,3.130389451980591,2.9779622554779053,0,0
9911,3.245939254760742,3.096284866333008,1,1
9912,3.098931312561035,2.937863826751709,1,1
9913,2.997450828552246,2.8323252201080322,0,0
9914,3.12800931930542,2.8384759426116943,1,1
9915,2.9560768604278564,2.856457233428955,0,0
9916,3.0878095626831055,2.907582998275757,0,0
9917,2.960797071456909,2.7425811290740967,0,0
9918,3.103086233139038,2.8211042881011963,1,1
9919,3.271583318710327,3.004547357559204,1,1
9920,3.1118531227111816,2.8059871196746826,0,0
9921,2.898488759994507,2.6239864826202393,0,0
9922,3.4103317260742188,2.9131648540496826,0,0
9923,3.0023040771484375,2.77238130569458,0,0
9924,3.309255361557007,2.9211604595184326,0,0
9925,3.1614789962768555,2.8205533027648926,0,0
9926,3.042640447616577,2.7869062423706055,0,0
9927,3.0330164432525635,2.75325345993042,0,0
9928,3.342142105102539,2.955148458480835,1,1
9929,3.02042555809021,2.8776464462280273,1,1
9930,3.007434606552124,2.803867816925049,1,1
9931,2.7137129306793213,2.575507164001465,1,1
9932,2.8362669944763184,2.637754201889038,1,1
9933,3.134291410446167,2.9711203575134277,1,1
9934,2.9186816215515137,2.7797937393188477,1,1
9935,3.0853257179260254,2.8795948028564453,1,1
9936,3.2964792251586914,3.095170497894287,1,1
9937,3.2635223865509033,3.133419990539551,0,0
9938,3.081979751586914,3.0347321033477783,0,0
9939,3.1129965782165527,2.986595630645752,0,0
9940,3.2052338123321533,3.133629083633423,1,1
9941,2.5803744792938232,2.714216470718384,1,1
9942,3.225592613220215,3.0334229469299316,0,0
9943,3.220897912979126,2.921128749847412,1,1
9944,3.078752279281616,2.9594316482543945,1,1
9945,2.892427682876587,2.790708541870117,0,0
9946,3.1381144523620605,2.872938394546509,0,0
9947,3.428363084793091,3.1921608448028564,0,0
9948,3.2853918075561523,3.090517044067383,0,0
9949,3.206043243408203,3.155095100402832,1,1
9950,3.546388864517212,3.498098850250244,1,1
9951,3.4242148399353027,3.348104476928711,0,0
9952,3.490108013153076,3.4142887592315674,1,1
9953,3.4734604358673096,3.3523082733154297,0,0
9954,3.5426225662231445,3.470881938934326,0,0
9955,3.5437004566192627,3.4569921493530273,1,1
9956,3.4891059398651123,3.3123574256896973,1,1
9957,2.989783525466919,2.790363311767578,1,1
9958,3.482978105545044,3.310014009475708,0,0
9959,3.1131229400634766,2.901334285736084,1,1
9960,3.0040247440338135,2.6733951568603516,0,0
9961,3.132627248764038,2.8763930797576904,0,0
9962,3.3577232360839844,3.2829456329345703,1,1
9963,3.6286044120788574,3.402721881866455,1,1
9964,3.6567652225494385,3.520047664642334,0,0
9965,3.789095878601074,3.484344005584717,0,0
9966,3.9695374965667725,3.511871814727783,0,0
9967,3.742227077484131,3.410167932510376,1,1
9968,3.6191132068634033,3.525764226913452,1,1
9969,3.935166120529175,3.522294282913208,1,1
9970,3.598615884780884,3.2779464721679688,0,0
9971,3.7493574619293213,3.4843404293060303,0,0
9972,3.4684109687805176,3.2953271865844727,0,0
9973,3.414567470550537,3.048177719116211,1,1
9974,3.729551076889038,3.4710798263549805,1,1
9975,3.301682710647583,2.9810147285461426,1,1
9976,2.2463419437408447,2.321995973587036,0,0
9977,2.2581441402435303,2.174560070037842,1,1
9978,2.2590973377227783,2.2682695388793945,1,1
9979,2.3959438800811768,2.418945789337158,1,1
9980,2.5272836685180664,2.474738121032715,1,1
9981,2.487799882888794,2.305232048034668,1,1
9982,2.3565852642059326,2.364502429962158,0,0
9983,2.168165683746338,2.217156171798706,1,1
9984,3.084623336791992,2.3710858821868896,1,1
9985,2.8777196407318115,2.785923480987549,0,0
9986,3.4195704460144043,3.043424606323242,1,1
9987,3.349644899368286,3.143101453781128,1,1
9988,3.89835524559021,3.386613368988037,1,1
9989,3.2840170860290527,2.9891953468322754,1,1
9990,2.715794801712036,2.4709525108337402,0,0
9991,2.3997881412506104,2.1966094970703125,0,0
9992,3.6696410179138184,3.2006235122680664,0,0
9993,2.1389644145965576,1.9806501865386963,1,1
9994,2.311433792114258,2.0621495246887207,0,0
9995,3.3047893047332764,2.859619617462158,1,1
9996,3.1805825233459473,2.7234554290771484,1,1
9997,3.259355068206787,2.9843969345092773,1,1
9998,3.233103036880493,2.943335771560669,0,0
9999,3.273561477661133,3.0248537063598633,0,0
10000,3.6776630878448486,3.40293550491333,0,0
