t,ce,conservation,gate_open,updated
1,4.172710418701172,0.0,0,0
2,3.8435699939727783,0.0,1,1
3,3.8393101692199707,0.0,1,1
4,4.9302897453308105,0.0,1,1
5,4.988809585571289,0.0,0,0
6,4.910302639007568,0.0,1,1
7,5.0801167488098145,0.0,1,1
8,3.412799835205078,0.0,1,1
9,4.191714763641357,0.0,0,0
10,4.208134174346924,0.0,1,1
11,4.392345428466797,0.0,1,1
12,3.7471365928649902,0.0,1,1
13,3.9105663299560547,0.0,0,0
14,4.6434550285339355,0.0,0,0
15,4.498498916625977,0.0,0,0
16,4.1542534828186035,0.0,1,1
17,4.899928092956543,0.0,0,0
18,4.504415512084961,0.0,0,0
19,3.6302847862243652,0.0,0,0
20,3.6744489669799805,0.0,0,0
21,4.6553239822387695,0.0,0,0
22,4.3080573081970215,0.0,1,1
23,4.053732395172119,0.0,1,1
24,4.651689529418945,0.0,0,0
25,4.118494510650635,0.0,1,1
26,4.752673149108887,0.0,1,1
27,5.332770347595215,0.0,0,0
28,4.174058437347412,0.0,1,1
29,4.868716239929199,0.0,0,0
30,4.86757230758667,0.0,1,1
31,4.781855583190918,0.0,0,0
32,4.033546447753906,0.0,0,0
33,3.893810272216797,0.0,1,1
34,3.711068630218506,0.0,0,0
35,3.8801469802856445,0.0,1,1
36,4.407242298126221,0.0,1,1
37,4.796931266784668,0.0,1,1
38,4.304248332977295,0.0,0,0
39,4.446561336517334,0.0,0,0
40,4.594381332397461,0.0,0,0
41,4.7948784828186035,0.0,1,1
42,4.402003765106201,0.0,0,0
43,4.442062854766846,0.0,1,1
44,3.855225086212158,0.0,1,1
45,4.045816421508789,0.0,1,1
46,4.3519368171691895,0.0,0,0
47,3.891282558441162,0.0,1,1
48,3.6256966590881348,0.0,1,1
49,4.53040885925293,0.0,1,1
50,4.582735061645508,0.0,1,1
51,3.2043204307556152,0.0,0,0
52,3.677121162414551,0.0,0,0
53,4.093230247497559,0.0,0,0
54,3.383596658706665,0.0,1,1
55,4.05171537399292,0.0,0,0
56,3.9146454334259033,0.0,0,0
57,3.6294376850128174,0.0,1,1
58,3.777649402618408,0.0,1,1
59,3.1130101680755615,0.0,1,1
60,3.42834734916687,0.0,0,0
61,4.111715316772461,0.0,1,1
62,3.588358163833618,0.0,1,1
63,3.457590103149414,0.0,1,1
64,4.025819778442383,0.0,1,1
65,3.5110785961151123,0.0,1,1
66,3.967259645462036,0.0,0,0
67,3.9331867694854736,0.0,0,0
68,4.144206523895264,0.0,1,1
69,4.236056327819824,0.0,1,1
70,3.8638572692871094,0.0,0,0
71,2.8995819091796875,0.0,0,0
72,3.641831874847412,0.0,1,1
73,3.8531301021575928,0.0,1,1
74,4.455999851226807,0.0,0,0
75,4.655442237854004,0.0,0,0
76,3.6337509155273438,0.0,1,1
77,4.3582587242126465,0.0,0,0
78,4.482346534729004,0.0,1,1
79,4.190587520599365,0.0,1,1
80,4.217789173126221,0.0,0,0
81,4.184075355529785,0.0,1,1
82,4.136209964752197,0.0,1,1
83,4.322519779205322,0.0,0,0
84,3.621135711669922,0.0,1,1
85,3.3735525608062744,0.0,0,0
86,3.7383594512939453,0.0,0,0
87,3.750591993331909,0.0,1,1
88,3.709381580352783,0.0,0,0
89,2.63814115524292,0.0,1,1
90,2.986867904663086,0.0,0,0
91,3.3732359409332275,0.0,0,0
92,3.5205893516540527,0.0,1,1
93,3.852311611175537,0.0,1,1
94,4.2264604568481445,0.0,1,1
95,3.8433339595794678,0.0,0,0
96,2.9837353229522705,0.0,0,0
97,2.7135167121887207,0.0,1,1
98,3.8168845176696777,0.0,1,1
99,4.262766361236572,0.0,1,1
100,3.919142961502075,0.0,1,1
101,3.801142930984497,0.0,1,1
102,4.287801265716553,0.0,1,1
103,2.8604049682617188,0.0,1,1
104,3.933971881866455,0.0,0,0
105,3.6356446743011475,0.0,1,1
106,3.5823965072631836,0.0,0,0
107,3.909242630004883,0.0,0,0
108,3.8305842876434326,0.0,1,1
109,2.9718539714813232,0.0,1,1
110,4.001866340637207,0.0,0,0
111,3.1778931617736816,0.0,1,1
112,3.5863349437713623,0.0,1,1
113,4.523883819580078,0.0,1,1
114,3.946671962738037,0.0,0,0
115,4.003825664520264,0.0,1,1
116,4.565787315368652,0.0,1,1
117,3.5753908157348633,0.0,1,1
118,3.326327085494995,0.0,0,0
119,3.4397201538085938,0.0,0,0
120,3.747159242630005,0.0,1,1
121,3.662419319152832,0.0,0,0
122,3.2913761138916016,0.0,0,0
123,3.982814311981201,0.0,0,0
124,3.724318265914917,0.0,1,1
125,3.5139472484588623,0.0,1,1
126,4.00223445892334,0.0,1,1
127,3.8251161575317383,0.0,1,1
128,2.670823574066162,0.0,1,1
129,2.049211025238037,0.0,0,0
130,2.2920069694519043,0.0,0,0
131,2.8775882720947266,0.0,1,1
132,2.5218920707702637,0.0,0,0
133,3.6124327182769775,0.0,1,1
134,4.3120036125183105,0.0,1,1
135,3.829447031021118,0.0,1,1
136,4.299628257751465,0.0,0,0
137,4.224969387054443,0.0,0,0
138,4.602736949920654,0.0,1,1
139,4.145976543426514,0.0,0,0
140,3.9892220497131348,0.0,0,0
141,4.714868545532227,0.0,1,1
142,4.306756496429443,0.0,0,0
143,4.709567546844482,0.0,0,0
144,4.367154121398926,0.0,1,1
145,4.673914432525635,0.0,1,1
146,4.36571741104126,0.0,1,1
147,4.1704840660095215,0.0,1,1
148,4.1186933517456055,0.0,1,1
149,4.3722429275512695,0.0,0,0
150,4.265002250671387,0.0,0,0
151,4.5234785079956055,0.0,1,1
152,4.352011203765869,0.0,1,1
153,4.344715118408203,0.0,1,1
154,4.019233703613281,0.0,0,0
155,4.458353519439697,0.0,1,1
156,3.9605963230133057,0.0,1,1
157,4.27507209777832,0.0,0,0
158,4.303771018981934,0.0,1,1
159,4.318609714508057,0.0,1,1
160,4.196534156799316,0.0,1,1
161,4.308339595794678,0.0,0,0
162,3.9520318508148193,0.0,1,1
163,4.082695484161377,0.0,0,0
164,4.422765254974365,0.0,0,0
165,4.00544548034668,0.0,1,1
166,4.275035381317139,0.0,1,1
167,3.9100050926208496,0.0,0,0
168,4.3856987953186035,0.0,1,1
169,4.377098560333252,0.0,1,1
170,4.339904308319092,0.0,0,0
171,4.1574883460998535,0.0,1,1
172,4.592934608459473,0.0,0,0
173,4.4727582931518555,0.0,1,1
174,3.955615282058716,0.0,0,0
175,4.113099575042725,0.0,0,0
176,4.140165328979492,0.0,1,1
177,4.165441513061523,0.0,0,0
178,3.511495590209961,0.0,0,0
179,3.8570423126220703,0.0,0,0
180,4.087707042694092,0.0,1,1
181,3.8865482807159424,0.0,0,0
182,3.6213982105255127,0.0,0,0
183,4.499131202697754,0.0,1,1
184,4.696167945861816,0.0,1,1
185,5.235894203186035,0.0,1,1
186,4.981090068817139,0.0,1,1
187,4.240446090698242,0.0,1,1
188,3.576449155807495,0.0,0,0
189,4.096202850341797,0.0,1,1
190,3.8230369091033936,0.0,1,1
191,4.384713649749756,0.0,0,0
192,3.9910359382629395,0.0,1,1
193,3.8632001876831055,0.0,1,1
194,3.840648889541626,0.0,1,1
195,4.230091571807861,0.0,0,0
196,4.450002670288086,0.0,0,0
197,4.348625659942627,0.0,1,1
198,4.309440612792969,0.0,0,0
199,4.272080898284912,0.0,1,1
200,4.26259708404541,0.0,0,0
201,4.8619489669799805,0.0,1,1
202,4.004415988922119,0.0,1,1
203,4.598267078399658,0.0,1,1
204,4.113094806671143,0.0,0,0
205,4.0655198097229,0.0,0,0
206,4.376789569854736,0.0,0,0
207,4.346947193145752,0.0,1,1
208,4.139634132385254,0.0,0,0
209,4.097147464752197,0.0,1,1
210,4.201066970825195,0.0,1,1
211,4.426141738891602,0.0,0,0
212,4.158044338226318,0.0,0,0
213,4.456623554229736,0.0,0,0
214,4.438416004180908,0.0,1,1
215,4.294590950012207,0.0,1,1
216,4.55144739151001,0.0,1,1
217,4.360918045043945,0.0,1,1
218,3.045797109603882,0.0,1,1
219,2.845055103302002,0.0,1,1
220,1.6987698078155518,0.0,1,1
221,1.698084831237793,0.0,1,1
222,3.0628838539123535,0.0,0,0
223,2.8072361946105957,0.0,1,1
224,3.064561367034912,0.0,0,0
225,3.3119609355926514,0.0,0,0
226,2.880948781967163,0.0,1,1
227,4.004096984863281,0.0,1,1
228,3.680230140686035,0.0,0,0
229,3.980182647705078,0.0,1,1
230,4.035876750946045,0.0,1,1
231,3.084003448486328,0.0,1,1
232,4.1197967529296875,0.0,1,1
233,4.293745040893555,0.0,0,0
234,4.491544723510742,0.0,1,1
235,3.9851536750793457,0.0,1,1
236,3.5755550861358643,0.0,1,1
237,3.900303602218628,0.0,1,1
238,3.9165046215057373,0.0,1,1
239,4.0034027099609375,0.0,0,0
240,4.193413257598877,0.0,0,0
241,3.7878880500793457,0.0,1,1
242,4.357898712158203,0.0,1,1
243,4.389057636260986,0.0,1,1
244,4.05100154876709,0.0,0,0
245,3.868427038192749,0.0,0,0
246,4.050829887390137,0.0,1,1
247,3.669790267944336,0.0,1,1
248,4.043137550354004,0.0,1,1
249,4.188069820404053,0.0,0,0
250,4.000113010406494,0.0,0,0
251,4.143692970275879,0.0,1,1
252,3.86960768699646,0.0,0,0
253,3.996258020401001,0.0,1,1
254,4.158499717712402,0.0,1,1
255,3.465088129043579,0.0,0,0
256,4.040156364440918,0.0,0,0
257,5.179620265960693,0.0,1,1
258,4.993088722229004,0.0,1,1
259,4.862715244293213,0.0,0,0
260,4.400152683258057,0.0,1,1
261,4.331156253814697,0.0,1,1
262,4.48316764831543,0.0,0,0
263,4.530242443084717,0.0,0,0
264,4.785135746002197,0.0,0,0
265,4.779829025268555,0.0,0,0
266,5.022747993469238,0.0,1,1
267,3.8718390464782715,0.0,0,0
268,4.241217136383057,0.0,0,0
269,4.218082427978516,0.0,1,1
270,3.765981912612915,0.0,0,0
271,4.079897880554199,0.0,0,0
272,4.0246262550354,0.0,1,1
273,4.0457563400268555,0.0,0,0
274,4.214709758758545,0.0,1,1
275,3.598007917404175,0.0,0,0
276,4.130931854248047,0.0,1,1
277,3.8512165546417236,0.0,1,1
278,4.472877502441406,0.0,0,0
279,3.982548952102661,0.0,1,1
280,4.006063938140869,0.0,1,1
281,3.424586772918701,0.0,0,0
282,3.5421924591064453,0.0,0,0
283,3.827230930328369,0.0,0,0
284,4.272843837738037,0.0,0,0
285,3.7675349712371826,0.0,0,0
286,4.483346939086914,0.0,0,0
287,3.9653210639953613,0.0,0,0
288,3.7382373809814453,0.0,0,0
289,3.707939863204956,0.0,0,0
290,4.416703701019287,0.0,1,1
291,4.010156631469727,0.0,0,0
292,4.04575252532959,0.0,0,0
293,4.0705246925354,0.0,0,0
294,4.356642723083496,0.0,1,1
295,4.1709513664245605,0.0,1,1
296,3.844542980194092,0.0,0,0
297,3.3765530586242676,0.0,0,0
298,4.027048110961914,0.0,1,1
299,4.068747520446777,0.0,1,1
300,3.8984603881835938,0.0,0,0
301,3.706913471221924,0.0,1,1
302,4.347466945648193,0.0,1,1
303,4.421946048736572,0.0,0,0
304,4.010830402374268,0.0,1,1
305,2.732041120529175,0.0,1,1
306,3.056743621826172,0.0,1,1
307,3.757434606552124,0.0,0,0
308,2.7330288887023926,0.0,1,1
309,3.846759080886841,0.0,1,1
310,4.4482927322387695,0.0,1,1
311,4.4570088386535645,0.0,1,1
312,4.038215160369873,0.0,0,0
313,3.858307123184204,0.0,1,1
314,4.167995929718018,0.0,1,1
315,4.2153496742248535,0.0,1,1
316,3.210451364517212,0.0,1,1
317,3.9588685035705566,0.0,0,0
318,3.7422258853912354,0.0,1,1
319,3.791834592819214,0.0,1,1
320,3.5267958641052246,0.0,1,1
321,4.433537483215332,0.0,1,1
322,3.5341246128082275,0.0,0,0
323,3.24882435798645,0.0,0,0
324,3.4921555519104004,0.0,0,0
325,3.626288414001465,0.0,1,1
326,3.9063615798950195,0.0,1,1
327,4.252656936645508,0.0,0,0
328,3.6482040882110596,0.0,0,0
329,3.3709828853607178,0.0,0,0
330,2.277440071105957,0.0,1,1
331,3.194394826889038,0.0,0,0
332,3.6428911685943604,0.0,1,1
333,4.23894739151001,0.0,0,0
334,3.2744853496551514,0.0,0,0
335,3.112325429916382,0.0,1,1
336,2.8684041500091553,0.0,0,0
337,4.300389766693115,0.0,1,1
338,3.7694878578186035,0.0,0,0
339,4.4503326416015625,0.0,1,1
340,4.237747669219971,0.0,0,0
341,4.2455058097839355,0.0,0,0
342,4.370848655700684,0.0,1,1
343,3.0885252952575684,0.0,0,0
344,3.8556201457977295,0.0,1,1
345,3.9573047161102295,0.0,0,0
346,3.5442748069763184,0.0,0,0
347,3.3219692707061768,0.0,0,0
348,4.116103172302246,0.0,1,1
349,3.177812099456787,0.0,0,0
350,3.2094485759735107,0.0,1,1
351,3.219423770904541,0.0,1,1
352,3.0846495628356934,0.0,1,1
353,3.9647138118743896,0.0,0,0
354,3.9367847442626953,0.0,1,1
355,3.9129040241241455,0.0,0,0
356,4.08228874206543,0.0,1,1
357,4.096494674682617,0.0,1,1
358,3.314119338989258,0.0,0,0
359,3.2040672302246094,0.0,0,0
360,4.273153781890869,0.0,1,1
361,4.345520973205566,0.0,0,0
362,4.090594291687012,0.0,0,0
363,3.7836573123931885,0.0,1,1
364,4.799489974975586,0.0,1,1
365,3.9856207370758057,0.0,0,0
366,4.1731414794921875,0.0,1,1
367,4.065730571746826,0.0,0,0
368,4.506402492523193,0.0,0,0
369,3.4666919708251953,0.0,0,0
370,4.8529276847839355,0.0,0,0
371,4.484184265136719,0.0,1,1
372,4.160399913787842,0.0,0,0
373,4.077552795410156,0.0,0,0
374,3.837993860244751,0.0,1,1
375,4.37877893447876,0.0,0,0
376,4.365062236785889,0.0,0,0
377,3.564053535461426,0.0,0,0
378,3.847191572189331,0.0,1,1
379,4.480870246887207,0.0,0,0
380,4.440934658050537,0.0,0,0
381,3.9155220985412598,0.0,0,0
382,3.835690498352051,0.0,0,0
383,3.2156565189361572,0.0,0,0
384,3.68593430519104,0.0,0,0
385,3.8483150005340576,0.0,1,1
386,4.175767421722412,0.0,1,1
387,3.5770821571350098,0.0,0,0
388,4.115079402923584,0.0,0,0
389,4.06898832321167,0.0,1,1
390,3.795665740966797,0.0,1,1
391,3.5936522483825684,0.0,0,0
392,3.810922861099243,0.0,1,1
393,3.7267587184906006,0.0,1,1
394,3.8261308670043945,0.0,1,1
395,4.093806266784668,0.0,1,1
396,3.6227962970733643,0.0,1,1
397,4.408064842224121,0.0,0,0
398,4.042365074157715,0.0,0,0
399,4.4017157554626465,0.0,0,0
400,4.023215293884277,0.0,1,1
401,3.83245849609375,0.0,0,0
402,4.127435684204102,0.0,1,1
403,3.7095255851745605,0.0,1,1
404,4.4280853271484375,0.0,0,0
405,3.986292600631714,0.0,0,0
406,3.689499616622925,0.0,0,0
407,3.2654950618743896,0.0,0,0
408,3.7088465690612793,0.0,0,0
409,3.5798275470733643,0.0,0,0
410,3.435861587524414,0.0,0,0
411,3.845755100250244,0.0,0,0
412,4.145525932312012,0.0,0,0
413,3.6803839206695557,0.0,0,0
414,3.936295509338379,0.0,1,1
415,3.467569589614868,0.0,1,1
416,3.8282172679901123,0.0,1,1
417,3.4543023109436035,0.0,1,1
418,3.4474759101867676,0.0,1,1
419,3.2502329349517822,0.0,1,1
420,4.448952674865723,0.0,1,1
421,3.931406021118164,0.0,0,0
422,4.209887504577637,0.0,1,1
423,4.315523147583008,0.0,0,0
424,4.6069111824035645,0.0,0,0
425,4.351497650146484,0.0,0,0
426,4.260074615478516,0.0,0,0
427,4.277924537658691,0.0,0,0
428,4.420979976654053,0.0,1,1
429,4.252662658691406,0.0,0,0
430,4.437105178833008,0.0,1,1
431,4.518316745758057,0.0,0,0
432,4.143624305725098,0.0,1,1
433,3.8771448135375977,0.0,1,1
434,3.7831950187683105,0.0,1,1
435,3.8590266704559326,0.0,1,1
436,4.08962345123291,0.0,1,1
437,4.392823219299316,0.0,0,0
438,2.8119800090789795,0.0,0,0
439,2.8226258754730225,0.0,1,1
440,3.261986017227173,0.0,0,0
441,3.2113630771636963,0.0,1,1
442,2.9087975025177,0.0,0,0
443,3.560190439224243,0.0,0,0
444,3.0556423664093018,0.0,0,0
445,2.7214548587799072,0.0,1,1
446,3.536827325820923,0.0,1,1
447,2.8572280406951904,0.0,1,1
448,3.444504976272583,0.0,0,0
449,3.4583964347839355,0.0,0,0
450,3.1737098693847656,0.0,1,1
451,3.8751888275146484,0.0,0,0
452,3.9628536701202393,0.0,0,0
453,3.3209335803985596,0.0,0,0
454,3.2674026489257812,0.0,1,1
455,3.445810556411743,0.0,0,0
456,3.23270583152771,0.0,1,1
457,3.3876640796661377,0.0,0,0
458,3.3120431900024414,0.0,1,1
459,4.004936695098877,0.0,0,0
460,3.895612955093384,0.0,0,0
461,3.2714247703552246,0.0,0,0
462,2.5451745986938477,0.0,0,0
463,3.4241366386413574,0.0,1,1
464,3.1533026695251465,0.0,0,0
465,3.434221029281616,0.0,0,0
466,4.334340572357178,0.0,1,1
467,3.7958247661590576,0.0,1,1
468,3.979156017303467,0.0,1,1
469,4.055697917938232,0.0,1,1
470,3.8862361907958984,0.0,1,1
471,3.5911262035369873,0.0,1,1
472,3.270613670349121,0.0,1,1
473,2.811721086502075,0.0,1,1
474,3.5049545764923096,0.0,1,1
475,4.0373148918151855,0.0,0,0
476,4.182643890380859,0.0,0,0
477,3.621087074279785,0.0,0,0
478,3.9258859157562256,0.0,0,0
479,4.460407257080078,0.0,0,0
480,3.8001136779785156,0.0,0,0
481,3.5541372299194336,0.0,0,0
482,3.8660566806793213,0.0,1,1
483,3.0056726932525635,0.0,1,1
484,4.282034397125244,0.0,0,0
485,4.1823577880859375,0.0,0,0
486,4.316404819488525,0.0,1,1
487,4.006241798400879,0.0,0,0
488,3.717989921569824,0.0,1,1
489,3.4514710903167725,0.0,0,0
490,3.960970878601074,0.0,0,0
491,3.947737693786621,0.0,0,0
492,3.8631742000579834,0.0,0,0
493,4.299603462219238,0.0,1,1
494,4.154752254486084,0.0,1,1
495,3.9977381229400635,0.0,1,1
496,3.577667474746704,0.0,0,0
497,4.314213752746582,0.0,1,1
498,4.729310035705566,0.0,1,1
499,3.5848770141601562,0.0,0,0
500,3.9759533405303955,0.0,0,0
501,4.028006553649902,0.0,1,1
502,3.6686856746673584,0.0,0,0
503,4.501357555389404,0.0,1,1
504,3.992356777191162,0.0,1,1
505,3.6828346252441406,0.0,1,1
506,4.159627437591553,0.0,0,0
507,3.7932677268981934,0.0,0,0
508,4.217753887176514,0.0,1,1
509,4.164093017578125,0.0,1,1
510,4.139062881469727,0.0,1,1
511,3.8658509254455566,0.0,1,1
512,4.470770359039307,0.0,0,0
513,4.630921363830566,0.0,1,1
514,4.122525691986084,0.0,1,1
515,3.5958449840545654,0.0,1,1
516,3.8952953815460205,0.0,0,0
517,3.737647294998169,0.0,1,1
518,3.5612974166870117,0.0,1,1
519,4.329661846160889,0.0,0,0
520,4.870193004608154,0.0,0,0
521,3.389235019683838,0.0,1,1
522,3.256753921508789,0.0,1,1
523,3.478262186050415,0.0,1,1
524,4.830474376678467,0.0,1,1
525,3.7729101181030273,0.0,1,1
526,2.2992210388183594,0.0,1,1
527,2.3834786415100098,0.0,1,1
528,1.7051562070846558,0.0,1,1
529,1.7960644960403442,0.0,0,0
530,2.6895556449890137,0.0,1,1
531,3.110215663909912,0.0,0,0
532,2.682041645050049,0.0,1,1
533,2.167792558670044,0.0,1,1
534,2.8964812755584717,0.0,1,1
535,3.33315372467041,0.0,0,0
536,3.616614818572998,0.0,0,0
537,3.275890350341797,0.0,1,1
538,3.38889479637146,0.0,0,0
539,2.657472610473633,0.0,0,0
540,3.1611180305480957,0.0,0,0
541,2.70963191986084,0.0,1,1
542,3.430842638015747,0.0,0,0
543,3.1752541065216064,0.0,0,0
544,2.569546699523926,0.0,0,0
545,2.4575562477111816,0.0,0,0
546,3.631355047225952,0.0,1,1
547,4.097540378570557,0.0,1,1
548,4.263124942779541,0.0,1,1
549,3.725773811340332,0.0,0,0
550,3.5191047191619873,0.0,0,0
551,3.715142011642456,0.0,0,0
552,4.174651622772217,0.0,0,0
553,4.318821430206299,0.0,0,0
554,3.6668026447296143,0.0,1,1
555,4.057748317718506,0.0,1,1
556,3.977299928665161,0.0,1,1
557,3.8977155685424805,0.0,1,1
558,3.54379940032959,0.0,1,1
559,3.2930917739868164,0.0,0,0
560,3.8536064624786377,0.0,1,1
561,3.859281539916992,0.0,0,0
562,3.6439144611358643,0.0,0,0
563,4.355397701263428,0.0,0,0
564,4.3687520027160645,0.0,0,0
565,3.9023053646087646,0.0,1,1
566,4.4646525382995605,0.0,0,0
567,4.060613632202148,0.0,1,1
568,4.256427764892578,0.0,1,1
569,3.829951763153076,0.0,1,1
570,4.047089099884033,0.0,0,0
571,3.627568006515503,0.0,1,1
572,3.972609043121338,0.0,1,1
573,4.187347412109375,0.0,0,0
574,4.162167072296143,0.0,1,1
575,4.004401683807373,0.0,0,0
576,4.310181140899658,0.0,0,0
577,4.071167469024658,0.0,1,1
578,3.9686119556427,0.0,0,0
579,3.1306707859039307,0.0,0,0
580,3.725104331970215,0.0,1,1
581,3.2226176261901855,0.0,1,1
582,3.3712244033813477,0.0,0,0
583,3.8850908279418945,0.0,1,1
584,3.6983330249786377,0.0,1,1
585,3.392118215560913,0.0,1,1
586,2.578016996383667,0.0,0,0
587,2.891986608505249,0.0,1,1
588,3.1096904277801514,0.0,0,0
589,3.0258851051330566,0.0,0,0
590,3.281879186630249,0.0,0,0
591,2.909849166870117,0.0,1,1
592,3.533069133758545,0.0,1,1
593,3.4854886531829834,0.0,1,1
594,3.5826432704925537,0.0,0,0
595,3.2377545833587646,0.0,0,0
596,3.309203624725342,0.0,1,1
597,3.7192718982696533,0.0,1,1
598,3.8426461219787598,0.0,1,1
599,3.918701410293579,0.0,0,0
600,4.00649881362915,0.0,0,0
601,4.1355743408203125,0.0,1,1
602,4.47343111038208,0.0,1,1
603,2.8449769020080566,0.0,0,0
604,2.7412476539611816,0.0,1,1
605,3.5756142139434814,0.0,1,1
606,4.2933030128479,0.0,1,1
607,3.035304307937622,0.0,1,1
608,3.6710805892944336,0.0,1,1
609,3.9487104415893555,0.0,0,0
610,4.004652500152588,0.0,1,1
611,3.984187126159668,0.0,1,1
612,4.307713985443115,0.0,1,1
613,3.605370283126831,0.0,1,1
614,3.244281053543091,0.0,0,0
615,3.3830013275146484,0.0,1,1
616,3.565174102783203,0.0,0,0
617,3.928006172180176,0.0,0,0
618,3.407083034515381,0.0,1,1
619,2.9839742183685303,0.0,0,0
620,3.793325901031494,0.0,1,1
621,2.4403162002563477,0.0,0,0
622,3.2101197242736816,0.0,0,0
623,3.413318395614624,0.0,1,1
624,4.434540271759033,0.0,0,0
625,3.5559141635894775,0.0,1,1
626,3.5291383266448975,0.0,1,1
627,2.746210813522339,0.0,1,1
628,2.9453742504119873,0.0,1,1
629,3.2713189125061035,0.0,1,1
630,2.828155755996704,0.0,1,1
631,3.1022751331329346,0.0,0,0
632,3.27870774269104,0.0,1,1
633,2.8711421489715576,0.0,0,0
634,3.2909209728240967,0.0,1,1
635,3.133112668991089,0.0,0,0
636,3.3839776515960693,0.0,0,0
637,2.882058620452881,0.0,0,0
638,3.179772138595581,0.0,0,0
639,3.5477852821350098,0.0,0,0
640,3.550361156463623,0.0,0,0
641,3.345858097076416,0.0,1,1
642,4.115872383117676,0.0,0,0
643,3.9307937622070312,0.0,1,1
644,4.688161849975586,0.0,1,1
645,3.7500932216644287,0.0,1,1
646,4.585854530334473,0.0,0,0
647,4.338291168212891,0.0,1,1
648,4.003511428833008,0.0,1,1
649,3.8650996685028076,0.0,0,0
650,4.289599418640137,0.0,1,1
651,3.6870360374450684,0.0,0,0
652,4.197409152984619,0.0,0,0
653,4.059902667999268,0.0,1,1
654,4.289229393005371,0.0,0,0
655,4.632169246673584,0.0,0,0
656,4.1433892250061035,0.0,0,0
657,3.6449902057647705,0.0,1,1
658,4.030385494232178,0.0,1,1
659,3.8061716556549072,0.0,1,1
660,3.491060733795166,0.0,0,0
661,4.200221538543701,0.0,1,1
662,3.2814202308654785,0.0,0,0
663,3.5187392234802246,0.0,1,1
664,4.3792405128479,0.0,1,1
665,3.9200756549835205,0.0,0,0
666,4.050947666168213,0.0,1,1
667,3.6316616535186768,0.0,0,0
668,3.640786647796631,0.0,1,1
669,3.378262758255005,0.0,1,1
670,3.182539939880371,0.0,0,0
671,3.687504291534424,0.0,1,1
672,3.2815423011779785,0.0,1,1
673,2.9559075832366943,0.0,1,1
674,2.8054521083831787,0.0,1,1
675,3.241541862487793,0.0,0,0
676,3.3848133087158203,0.0,1,1
677,3.5538852214813232,0.0,0,0
678,3.5704102516174316,0.0,0,0
679,3.7243635654449463,0.0,0,0
680,4.303085803985596,0.0,0,0
681,4.374478340148926,0.0,1,1
682,3.4897918701171875,0.0,1,1
683,4.851630210876465,0.0,1,1
684,3.775191307067871,0.0,1,1
685,4.225215911865234,0.0,1,1
686,4.706595420837402,0.0,1,1
687,4.491471767425537,0.0,0,0
688,4.535897254943848,0.0,0,0
689,4.661643028259277,0.0,1,1
690,4.595928192138672,0.0,1,1
691,3.634920358657837,0.0,0,0
692,4.584218502044678,0.0,0,0
693,3.923408031463623,0.0,0,0
694,4.803875923156738,0.0,1,1
695,4.7310285568237305,0.0,0,0
696,4.741177558898926,0.0,1,1
697,4.20323371887207,0.0,0,0
698,4.635378360748291,0.0,1,1
699,3.751066207885742,0.0,1,1
700,3.799827814102173,0.0,0,0
701,3.4674859046936035,0.0,1,1
702,3.2119696140289307,0.0,1,1
703,3.8061423301696777,0.0,1,1
704,4.075164318084717,0.0,0,0
705,3.8626739978790283,0.0,1,1
706,4.175380706787109,0.0,1,1
707,4.063198566436768,0.0,0,0
708,3.6366689205169678,0.0,1,1
709,3.630058765411377,0.0,0,0
710,4.057538032531738,0.0,1,1
711,4.004408836364746,0.0,0,0
712,4.9415106773376465,0.0,1,1
713,5.102327823638916,0.0,1,1
714,4.822218418121338,0.0,0,0
715,4.066433429718018,0.0,0,0
716,3.3832006454467773,0.0,1,1
717,3.476867914199829,0.0,0,0
718,3.014727830886841,0.0,1,1
719,3.3587887287139893,0.0,0,0
720,4.16110897064209,0.0,1,1
721,3.647118330001831,0.0,1,1
722,3.8035542964935303,0.0,1,1
723,3.3858892917633057,0.0,0,0
724,2.8813929557800293,0.0,1,1
725,3.888925075531006,0.0,1,1
726,3.256349563598633,0.0,0,0
727,3.328364133834839,0.0,0,0
728,3.670955181121826,0.0,0,0
729,3.528841257095337,0.0,1,1
730,3.61216402053833,0.0,1,1
731,3.6226165294647217,0.0,1,1
732,3.393723726272583,0.0,1,1
733,3.39555287361145,0.0,0,0
734,2.530656576156616,0.0,1,1
735,2.2295615673065186,0.0,1,1
736,3.098097562789917,0.0,1,1
737,3.0496950149536133,0.0,0,0
738,3.514774799346924,0.0,0,0
739,2.3800745010375977,0.0,1,1
740,2.256052255630493,0.0,1,1
741,2.818342685699463,0.0,1,1
742,4.233247756958008,0.0,0,0
743,4.137294292449951,0.0,1,1
744,4.197701930999756,0.0,0,0
745,4.923810958862305,0.0,1,1
746,4.383005142211914,0.0,1,1
747,3.0281898975372314,0.0,0,0
748,2.684258460998535,0.0,0,0
749,3.7761874198913574,0.0,1,1
750,3.0468599796295166,0.0,0,0
751,3.483304977416992,0.0,1,1
752,3.1229119300842285,0.0,1,1
753,3.6345582008361816,0.0,1,1
754,3.578629970550537,0.0,1,1
755,2.9552001953125,0.0,1,1
756,2.8124120235443115,0.0,1,1
757,2.922318458557129,0.0,1,1
758,2.963071346282959,0.0,0,0
759,3.0362212657928467,0.0,0,0
760,3.3052031993865967,0.0,1,1
761,3.070377826690674,0.0,0,0
762,3.5836269855499268,0.0,1,1
763,3.2917561531066895,0.0,1,1
764,4.296323299407959,0.0,1,1
765,4.0868306159973145,0.0,0,0
766,3.8923211097717285,0.0,0,0
767,3.8586690425872803,0.0,0,0
768,2.9628686904907227,0.0,0,0
769,3.245884418487549,0.0,1,1
770,3.953666925430298,0.0,1,1
771,3.369769811630249,0.0,0,0
772,4.1752119064331055,0.0,1,1
773,4.01999568939209,0.0,1,1
774,4.207552433013916,0.0,0,0
775,3.7565653324127197,0.0,1,1
776,4.2681498527526855,0.0,1,1
777,4.8098039627075195,0.0,1,1
778,4.353187561035156,0.0,0,0
779,3.7913990020751953,0.0,0,0
780,3.2861523628234863,0.0,1,1
781,3.8342039585113525,0.0,1,1
782,3.7369563579559326,0.0,0,0
783,4.389752388000488,0.0,1,1
784,4.579818248748779,0.0,0,0
785,4.62045955657959,0.0,1,1
786,4.228112697601318,0.0,0,0
787,4.534409523010254,0.0,1,1
788,3.9368746280670166,0.0,1,1
789,3.138260841369629,0.0,0,0
790,3.2885782718658447,0.0,1,1
791,3.775806427001953,0.0,1,1
792,3.7796828746795654,0.0,1,1
793,4.187691688537598,0.0,1,1
794,3.8393235206604004,0.0,0,0
795,4.261229991912842,0.0,0,0
796,3.957231283187866,0.0,0,0
797,3.3460443019866943,0.0,1,1
798,3.6126019954681396,0.0,1,1
799,3.639127016067505,0.0,1,1
800,3.38944673538208,0.0,0,0
801,4.254106521606445,0.0,1,1
802,4.280008792877197,0.0,0,0
803,3.643515110015869,0.0,1,1
804,4.020459175109863,0.0,0,0
805,3.599729061126709,0.0,1,1
806,3.624514579772949,0.0,1,1
807,3.9326915740966797,0.0,0,0
808,3.9050252437591553,0.0,0,0
809,3.927122116088867,0.0,0,0
810,3.7832205295562744,0.0,1,1
811,3.5385143756866455,0.0,1,1
812,3.735380172729492,0.0,1,1
813,3.584887742996216,0.0,0,0
814,3.8684768676757812,0.0,1,1
815,3.514855146408081,0.0,1,1
816,3.4363558292388916,0.0,0,0
817,2.9504642486572266,0.0,1,1
818,4.238898277282715,0.0,0,0
819,3.869124174118042,0.0,0,0
820,4.267434597015381,0.0,1,1
821,4.445495128631592,0.0,0,0
822,3.114767551422119,0.0,1,1
823,3.2921857833862305,0.0,1,1
824,3.670598030090332,0.0,0,0
825,3.8637313842773438,0.0,1,1
826,3.8466296195983887,0.0,1,1
827,3.8547239303588867,0.0,0,0
828,2.996891975402832,0.0,0,0
829,3.6292672157287598,0.0,1,1
830,4.457075595855713,0.0,1,1
831,3.8509297370910645,0.0,1,1
832,4.0078229904174805,0.0,1,1
833,3.5673766136169434,0.0,0,0
834,3.431647539138794,0.0,1,1
835,3.741534948348999,0.0,0,0
836,3.7724804878234863,0.0,0,0
837,3.8630006313323975,0.0,1,1
838,3.4537744522094727,0.0,1,1
839,4.0973310470581055,0.0,0,0
840,3.661437749862671,0.0,0,0
841,4.62414026260376,0.0,1,1
842,3.5289974212646484,0.0,0,0
843,3.673471450805664,0.0,1,1
844,4.118986129760742,0.0,1,1
845,3.6182539463043213,0.0,0,0
846,4.051061630249023,0.0,0,0
847,3.870469093322754,0.0,1,1
848,3.8018975257873535,0.0,1,1
849,4.057400703430176,0.0,1,1
850,4.221770286560059,0.0,1,1
851,4.189902305603027,0.0,0,0
852,3.8957529067993164,0.0,0,0
853,4.128124237060547,0.0,0,0
854,3.1071617603302,0.0,1,1
855,3.8788442611694336,0.0,0,0
856,4.212571620941162,0.0,1,1
857,3.6447527408599854,0.0,0,0
858,3.4876887798309326,0.0,1,1
859,4.036229610443115,0.0,1,1
860,4.35301399230957,0.0,0,0
861,3.5361387729644775,0.0,1,1
862,3.70578932762146,0.0,0,0
863,3.284067392349243,0.0,0,0
864,3.459676504135132,0.0,1,1
865,2.71636700630188,0.0,1,1
866,3.1424641609191895,0.0,0,0
867,4.317467212677002,0.0,1,1
868,3.2511091232299805,0.0,0,0
869,3.1472012996673584,0.0,1,1
870,3.6401805877685547,0.0,0,0
871,3.901258707046509,0.0,0,0
872,3.7375667095184326,0.0,0,0
873,4.482804775238037,0.0,1,1
874,4.159983158111572,0.0,1,1
875,2.994300365447998,0.0,0,0
876,4.196770668029785,0.0,1,1
877,3.7867846488952637,0.0,1,1
878,3.4428579807281494,0.0,1,1
879,3.2929112911224365,0.0,0,0
880,3.3657753467559814,0.0,1,1
881,3.1201467514038086,0.0,1,1
882,3.255471706390381,0.0,1,1
883,3.46634578704834,0.0,0,0
884,3.8471338748931885,0.0,0,0
885,4.388378620147705,0.0,1,1
886,4.139135837554932,0.0,1,1
887,4.6057000160217285,0.0,1,1
888,3.546576976776123,0.0,0,0
889,4.112936973571777,0.0,0,0
890,4.038815021514893,0.0,1,1
891,4.414324760437012,0.0,0,0
892,3.7821006774902344,0.0,1,1
893,3.790325403213501,0.0,1,1
894,4.577236652374268,0.0,0,0
895,4.884664058685303,0.0,1,1
896,3.3641140460968018,0.0,1,1
897,3.507089138031006,0.0,1,1
898,3.607922315597534,0.0,1,1
899,3.38256573677063,0.0,0,0
900,3.849999189376831,0.0,1,1
901,3.7836532592773438,0.0,1,1
902,3.5130512714385986,0.0,1,1
903,3.2257192134857178,0.0,1,1
904,3.408834457397461,0.0,0,0
905,3.438882827758789,0.0,1,1
906,3.1326425075531006,0.0,1,1
907,2.948270320892334,0.0,1,1
908,2.735049247741699,0.0,0,0
909,3.3849287033081055,0.0,1,1
910,3.085880756378174,0.0,1,1
911,3.0651750564575195,0.0,0,0
912,3.5524752140045166,0.0,1,1
913,3.660547971725464,0.0,0,0
914,3.429365396499634,0.0,1,1
915,3.2481343746185303,0.0,1,1
916,3.2868895530700684,0.0,0,0
917,3.3462295532226562,0.0,1,1
918,3.181241273880005,0.0,0,0
919,3.5326364040374756,0.0,0,0
920,3.6005115509033203,0.0,1,1
921,3.6493027210235596,0.0,0,0
922,3.553499460220337,0.0,0,0
923,3.729602336883545,0.0,1,1
924,3.363799810409546,0.0,0,0
925,3.6669371128082275,0.0,0,0
926,3.6121737957000732,0.0,0,0
927,3.7663583755493164,0.0,0,0
928,3.1727325916290283,0.0,1,1
929,3.2119693756103516,0.0,0,0
930,3.895258903503418,0.0,0,0
931,3.4471051692962646,0.0,1,1
932,3.162564516067505,0.0,1,1
933,3.274878740310669,0.0,1,1
934,3.2386767864227295,0.0,0,0
935,3.4456653594970703,0.0,0,0
936,3.163454055786133,0.0,0,0
937,3.3322339057922363,0.0,0,0
938,2.8785736560821533,0.0,0,0
939,3.831880807876587,0.0,0,0
940,3.499656915664673,0.0,1,1
941,3.5330400466918945,0.0,0,0
942,2.951719045639038,0.0,1,1
943,2.830430746078491,0.0,0,0
944,3.215977430343628,0.0,1,1
945,3.666429281234741,0.0,0,0
946,3.607067346572876,0.0,1,1
947,3.3735382556915283,0.0,0,0
948,3.1232993602752686,0.0,0,0
949,3.4164206981658936,0.0,0,0
950,2.3045432567596436,0.0,0,0
951,2.1797688007354736,0.0,1,1
952,2.5063047409057617,0.0,1,1
953,3.123030662536621,0.0,1,1
954,4.416149139404297,0.0,0,0
955,4.321328639984131,0.0,0,0
956,4.184216499328613,0.0,0,0
957,3.224154472351074,0.0,1,1
958,3.686769962310791,0.0,0,0
959,4.266172885894775,0.0,1,1
960,4.442948818206787,0.0,0,0
961,4.096638202667236,0.0,0,0
962,4.08366584777832,0.0,0,0
963,4.512187957763672,0.0,1,1
964,4.571080207824707,0.0,0,0
965,4.0933308601379395,0.0,1,1
966,4.054236888885498,0.0,0,0
967,4.163934707641602,0.0,0,0
968,4.186408996582031,0.0,1,1
969,4.240925312042236,0.0,1,1
970,4.050778865814209,0.0,1,1
971,4.4631547927856445,0.0,1,1
972,4.161105155944824,0.0,1,1
973,4.0858025550842285,0.0,1,1
974,4.491739273071289,0.0,0,0
975,4.156046390533447,0.0,1,1
976,2.3890457153320312,0.0,0,0
977,3.693406581878662,0.0,1,1
978,4.224976062774658,0.0,1,1
979,3.48820161819458,0.0,0,0
980,1.9689080715179443,0.0,1,1
981,3.4624409675598145,0.0,1,1
982,3.2791190147399902,0.0,0,0
983,3.6161937713623047,0.0,1,1
984,3.812145709991455,0.0,1,1
985,3.8773193359375,0.0,1,1
986,3.8325767517089844,0.0,0,0
987,3.7933099269866943,0.0,0,0
988,3.7297286987304688,0.0,0,0
989,3.8998138904571533,0.0,0,0
990,4.158500671386719,0.0,1,1
991,4.301906108856201,0.0,1,1
992,4.248167991638184,0.0,1,1
993,3.7406601905822754,0.0,0,0
994,4.118306636810303,0.0,1,1
995,3.2332653999328613,0.0,1,1
996,3.9828341007232666,0.0,1,1
997,4.435642719268799,0.0,1,1
998,4.433647155761719,0.0,0,0
999,3.616856813430786,0.0,1,1
1000,3.002500295639038,0.0,0,0
1001,3.6897695064544678,0.0,1,1
1002,3.7767467498779297,0.0,1,1
1003,3.2372167110443115,0.0,0,0
1004,4.096251487731934,0.0,0,0
1005,3.734989643096924,0.0,0,0
1006,3.2863070964813232,0.0,1,1
1007,3.3790204524993896,0.0,0,0
1008,3.9246232509613037,0.0,0,0
1009,4.2064971923828125,0.0,0,0
1010,4.024080753326416,0.0,0,0
1011,3.6537792682647705,0.0,1,1
1012,3.734407663345337,0.0,0,0
1013,4.189880847930908,0.0,0,0
1014,3.5232133865356445,0.0,1,1
1015,4.09498929977417,0.0,1,1
1016,3.5790586471557617,0.0,1,1
1017,2.8404085636138916,0.0,0,0
1018,3.9091622829437256,0.0,1,1
1019,3.6976513862609863,0.0,1,1
1020,4.024747371673584,0.0,0,0
1021,3.88787579536438,0.0,1,1
1022,3.1668074131011963,0.0,0,0
1023,4.727470397949219,0.0,0,0
1024,3.8942904472351074,0.0,1,1
1025,4.157981872558594,0.0,1,1
1026,4.280600070953369,0.0,1,1
1027,4.4200439453125,0.0,0,0
1028,3.6786158084869385,0.0,1,1
1029,4.138025283813477,0.0,0,0
1030,4.3025407791137695,0.0,0,0
1031,3.9010415077209473,0.0,0,0
1032,3.78725266456604,0.0,1,1
1033,4.739312171936035,0.0,0,0
1034,4.542450428009033,0.0,1,1
1035,4.728615760803223,0.0,0,0
1036,4.161925315856934,0.0,1,1
1037,4.180882453918457,0.0,1,1
1038,4.616687774658203,0.0,0,0
1039,4.330550670623779,0.0,0,0
1040,4.175837993621826,0.0,1,1
1041,4.176489353179932,0.0,1,1
1042,4.057102203369141,0.0,1,1
1043,4.127502918243408,0.0,0,0
1044,4.304028511047363,0.0,1,1
1045,3.8434786796569824,0.0,1,1
1046,4.057685852050781,0.0,1,1
1047,3.1529784202575684,0.0,1,1
1048,3.6728463172912598,0.0,0,0
1049,4.061212539672852,0.0,1,1
1050,4.336653709411621,0.0,1,1
1051,3.4296958446502686,0.0,0,0
1052,3.4204750061035156,0.0,0,0
1053,3.5828354358673096,0.0,0,0
1054,3.6196019649505615,0.0,1,1
1055,3.9648985862731934,0.0,0,0
1056,2.9352145195007324,0.0,1,1
1057,3.556884288787842,0.0,0,0
1058,3.735351324081421,0.0,0,0
1059,2.841228723526001,0.0,1,1
1060,2.861994743347168,0.0,0,0
1061,3.916511297225952,0.0,1,1
1062,4.165619850158691,0.0,1,1
1063,3.732503890991211,0.0,0,0
1064,4.322037696838379,0.0,1,1
1065,4.208507537841797,0.0,0,0
1066,4.629525184631348,0.0,1,1
1067,3.741976737976074,0.0,1,1
1068,3.978391408920288,0.0,0,0
1069,3.7194266319274902,0.0,0,0
1070,2.9919466972351074,0.0,1,1
1071,3.245396375656128,0.0,1,1
1072,3.36106014251709,0.0,0,0
1073,3.3797976970672607,0.0,0,0
1074,4.068177223205566,0.0,0,0
1075,3.0608203411102295,0.0,0,0
1076,3.3815457820892334,0.0,1,1
1077,3.4806697368621826,0.0,1,1
1078,3.3095104694366455,0.0,0,0
1079,3.755821704864502,0.0,0,0
1080,3.4820609092712402,0.0,1,1
1081,2.9218735694885254,0.0,1,1
1082,4.109874248504639,0.0,1,1
1083,3.666998863220215,0.0,0,0
1084,3.237428903579712,0.0,1,1
1085,1.9527814388275146,0.0,1,1
1086,1.6991602182388306,0.0,1,1
1087,2.7856733798980713,0.0,1,1
1088,3.9106345176696777,0.0,1,1
1089,3.6844770908355713,0.0,0,0
1090,3.823598623275757,0.0,1,1
1091,4.346642017364502,0.0,0,0
1092,4.109158515930176,0.0,0,0
1093,3.9521217346191406,0.0,1,1
1094,4.250854015350342,0.0,1,1
1095,4.242574691772461,0.0,1,1
1096,3.1977264881134033,0.0,0,0
1097,3.8030192852020264,0.0,0,0
1098,4.063988208770752,0.0,0,0
1099,3.9796621799468994,0.0,0,0
1100,3.9900219440460205,0.0,1,1
1101,3.841310977935791,0.0,1,1
1102,3.178401231765747,0.0,1,1
1103,3.5278708934783936,0.0,1,1
1104,3.210225820541382,0.0,1,1
1105,3.5925850868225098,0.0,1,1
1106,3.7701032161712646,0.0,1,1
1107,2.9186558723449707,0.0,1,1
1108,3.6612722873687744,0.0,1,1
1109,4.250378131866455,0.0,0,0
1110,3.7493417263031006,0.0,0,0
1111,4.274218559265137,0.0,0,0
1112,3.9483983516693115,0.0,0,0
1113,3.8769145011901855,0.0,0,0
1114,4.150973796844482,0.0,1,1
1115,3.6722912788391113,0.0,0,0
1116,3.428574323654175,0.0,0,0
1117,3.780599355697632,0.0,1,1
1118,3.5030696392059326,0.0,0,0
1119,3.87715482711792,0.0,0,0
1120,3.8098158836364746,0.0,0,0
1121,3.596041679382324,0.0,0,0
1122,3.192899227142334,0.0,1,1
1123,3.2092058658599854,0.0,0,0
1124,3.7513325214385986,0.0,1,1
1125,4.193871021270752,0.0,0,0
1126,3.9366791248321533,0.0,1,1
1127,4.346953392028809,0.0,1,1
1128,3.927570104598999,0.0,0,0
1129,3.820826292037964,0.0,1,1
1130,4.358736038208008,0.0,0,0
1131,4.342764377593994,0.0,1,1
1132,4.006713390350342,0.0,1,1
1133,3.931765079498291,0.0,0,0
1134,3.7272887229919434,0.0,1,1
1135,3.68742299079895,0.0,1,1
1136,3.65202260017395,0.0,0,0
1137,3.3934595584869385,0.0,0,0
1138,4.160088539123535,0.0,1,1
1139,4.237919807434082,0.0,1,1
1140,3.6825647354125977,0.0,1,1
1141,2.144967555999756,0.0,0,0
1142,1.3186160326004028,0.0,1,1
1143,2.319371461868286,0.0,0,0
1144,3.556129217147827,0.0,0,0
1145,3.8323869705200195,0.0,0,0
1146,4.108450889587402,0.0,1,1
1147,3.8516175746917725,0.0,1,1
1148,4.29526424407959,0.0,1,1
1149,3.9911811351776123,0.0,0,0
1150,4.633578300476074,0.0,0,0
1151,4.569364547729492,0.0,1,1
1152,4.3188862800598145,0.0,0,0
1153,4.455122947692871,0.0,1,1
1154,4.51437520980835,0.0,1,1
1155,4.1428141593933105,0.0,1,1
1156,3.9684581756591797,0.0,1,1
1157,4.342330455780029,0.0,0,0
1158,4.398911952972412,0.0,1,1
1159,3.8515536785125732,0.0,0,0
1160,4.7912468910217285,0.0,1,1
1161,4.820908546447754,0.0,0,0
1162,3.905240774154663,0.0,0,0
1163,3.88200044631958,0.0,0,0
1164,3.9776065349578857,0.0,1,1
1165,4.297519207000732,0.0,0,0
1166,3.9239137172698975,0.0,1,1
1167,4.2439775466918945,0.0,1,1
1168,4.064105033874512,0.0,0,0
1169,4.168922424316406,0.0,1,1
1170,4.180970191955566,0.0,1,1
1171,4.452894687652588,0.0,0,0
1172,4.0264763832092285,0.0,1,1
1173,4.117199897766113,0.0,1,1
1174,3.4286587238311768,0.0,0,0
1175,3.898831844329834,0.0,1,1
1176,4.7151079177856445,0.0,0,0
1177,4.3436174392700195,0.0,1,1
1178,3.827601671218872,0.0,0,0
1179,3.6290111541748047,0.0,0,0
1180,3.8052759170532227,0.0,0,0
1181,3.9184396266937256,0.0,0,0
1182,4.423245429992676,0.0,0,0
1183,4.327621936798096,0.0,0,0
1184,3.8552744388580322,0.0,0,0
1185,3.8771934509277344,0.0,1,1
1186,4.119900703430176,0.0,1,1
1187,4.520622730255127,0.0,0,0
1188,4.098354816436768,0.0,1,1
1189,4.455215930938721,0.0,1,1
1190,3.9030063152313232,0.0,0,0
1191,2.686917781829834,0.0,0,0
1192,3.2868924140930176,0.0,1,1
1193,3.6757102012634277,0.0,1,1
1194,4.574557781219482,0.0,1,1
1195,1.8014413118362427,0.0,0,0
1196,2.998991012573242,0.0,1,1
1197,3.0876381397247314,0.0,0,0
1198,3.719717264175415,0.0,1,1
1199,4.2161664962768555,0.0,1,1
1200,4.4341325759887695,0.0,1,1
1201,4.104299545288086,0.0,0,0
1202,4.265699863433838,0.0,1,1
1203,3.9507932662963867,0.0,1,1
1204,3.8416216373443604,0.0,1,1
1205,4.837843894958496,0.0,1,1
1206,4.170137405395508,0.0,0,0
1207,4.340104103088379,0.0,1,1
1208,4.134860992431641,0.0,1,1
1209,4.397615432739258,0.0,0,0
1210,4.865551948547363,0.0,0,0
1211,4.653360366821289,0.0,0,0
1212,4.230442523956299,0.0,1,1
1213,4.036323070526123,0.0,1,1
1214,4.327450275421143,0.0,0,0
1215,4.916506767272949,0.0,1,1
1216,4.8769612312316895,0.0,1,1
1217,4.49039888381958,0.0,1,1
1218,4.740493297576904,0.0,1,1
1219,4.401012897491455,0.0,0,0
1220,4.3573713302612305,0.0,1,1
1221,4.283608913421631,0.0,0,0
1222,4.067911148071289,0.0,0,0
1223,4.135013103485107,0.0,0,0
1224,4.394772529602051,0.0,0,0
1225,4.2202277183532715,0.0,1,1
1226,3.88417387008667,0.0,0,0
1227,4.55396842956543,0.0,0,0
1228,4.278257846832275,0.0,0,0
1229,4.005760192871094,0.0,0,0
1230,4.529253005981445,0.0,0,0
1231,4.508901596069336,0.0,1,1
1232,4.155691623687744,0.0,0,0
1233,3.8833889961242676,0.0,0,0
1234,4.64514684677124,0.0,0,0
1235,4.100225448608398,0.0,0,0
1236,4.643781661987305,0.0,1,1
1237,4.585623741149902,0.0,1,1
1238,4.676359176635742,0.0,1,1
1239,4.376990795135498,0.0,1,1
1240,4.462413787841797,0.0,1,1
1241,3.918292760848999,0.0,1,1
1242,4.567626953125,0.0,0,0
1243,3.9778225421905518,0.0,1,1
1244,4.090632915496826,0.0,0,0
1245,3.5913991928100586,0.0,1,1
1246,4.733474254608154,0.0,0,0
1247,4.636781692504883,0.0,1,1
1248,3.6779842376708984,0.0,1,1
1249,4.639528274536133,0.0,0,0
1250,4.7594218254089355,0.0,0,0
1251,3.4226090908050537,0.0,0,0
1252,3.265157461166382,0.0,0,0
1253,2.6930737495422363,0.0,1,1
1254,3.2142488956451416,0.0,0,0
1255,3.6345512866973877,0.0,1,1
1256,3.8171520233154297,0.0,0,0
1257,2.9080944061279297,0.0,0,0
1258,3.359326124191284,0.0,0,0
1259,3.7642130851745605,0.0,0,0
1260,4.219717979431152,0.0,1,1
1261,3.6324245929718018,0.0,1,1
1262,4.3280029296875,0.0,0,0
1263,3.6757211685180664,0.0,1,1
1264,3.9830117225646973,0.0,0,0
1265,4.573174953460693,0.0,1,1
1266,3.177767276763916,0.0,1,1
1267,3.665602207183838,0.0,1,1
1268,3.435619354248047,0.0,1,1
1269,3.885383129119873,0.0,0,0
1270,4.235778331756592,0.0,0,0
1271,3.9351537227630615,0.0,1,1
1272,3.917529344558716,0.0,1,1
1273,4.001110553741455,0.0,1,1
1274,3.161585807800293,0.0,0,0
1275,4.240583896636963,0.0,0,0
1276,4.323173522949219,0.0,1,1
1277,3.600755214691162,0.0,1,1
1278,3.310460090637207,0.0,1,1
1279,3.1842777729034424,0.0,1,1
1280,3.191802740097046,0.0,1,1
1281,2.984304666519165,0.0,1,1
1282,2.7256581783294678,0.0,1,1
1283,2.7776825428009033,0.0,1,1
1284,3.8277409076690674,0.0,0,0
1285,3.1232547760009766,0.0,0,0
1286,3.2246177196502686,0.0,1,1
1287,3.2939655780792236,0.0,0,0
1288,3.2452847957611084,0.0,1,1
1289,3.7928307056427,0.0,0,0
1290,3.7650043964385986,0.0,1,1
1291,3.4836347103118896,0.0,0,0
1292,3.3095736503601074,0.0,1,1
1293,2.9717941284179688,0.0,0,0
1294,3.624196767807007,0.0,1,1
1295,3.8553621768951416,0.0,0,0
1296,3.6446712017059326,0.0,0,0
1297,3.2995517253875732,0.0,0,0
1298,3.85439395904541,0.0,0,0
1299,3.8447675704956055,0.0,0,0
1300,4.125802040100098,0.0,0,0
1301,3.8481338024139404,0.0,1,1
1302,3.75510311126709,0.0,1,1
1303,3.563270092010498,0.0,0,0
1304,3.5619571208953857,0.0,1,1
1305,3.674269437789917,0.0,1,1
1306,3.2049336433410645,0.0,1,1
1307,4.057748317718506,0.0,0,0
1308,3.898994207382202,0.0,0,0
1309,4.047998905181885,0.0,1,1
1310,4.068288803100586,0.0,0,0
1311,3.7539994716644287,0.0,0,0
1312,4.585594654083252,0.0,1,1
1313,4.079298496246338,0.0,0,0
1314,3.6672770977020264,0.0,0,0
1315,4.390880107879639,0.0,0,0
1316,4.957640171051025,0.0,1,1
1317,4.015619277954102,0.0,1,1
1318,4.523999214172363,0.0,1,1
1319,4.058980464935303,0.0,0,0
1320,3.605689525604248,0.0,1,1
1321,2.8964571952819824,0.0,1,1
1322,4.56900691986084,0.0,1,1
1323,4.693949222564697,0.0,0,0
1324,3.2312521934509277,0.0,0,0
1325,3.1650285720825195,0.0,1,1
1326,4.559149265289307,0.0,0,0
1327,5.1652398109436035,0.0,1,1
1328,4.421465873718262,0.0,0,0
1329,4.105052471160889,0.0,1,1
1330,4.539702415466309,0.0,0,0
1331,4.5397114753723145,0.0,0,0
1332,4.579561710357666,0.0,1,1
1333,4.624286651611328,0.0,1,1
1334,4.3248467445373535,0.0,0,0
1335,4.206179618835449,0.0,1,1
1336,4.736856460571289,0.0,1,1
1337,4.863949298858643,0.0,1,1
1338,4.503664016723633,0.0,1,1
1339,4.265423774719238,0.0,0,0
1340,3.737797737121582,0.0,0,0
1341,4.538798809051514,0.0,1,1
1342,4.274650573730469,0.0,0,0
1343,3.803840398788452,0.0,0,0
1344,4.392175674438477,0.0,1,1
1345,4.4158806800842285,0.0,0,0
1346,4.676788806915283,0.0,0,0
1347,4.546383857727051,0.0,1,1
1348,5.140926361083984,0.0,1,1
1349,4.453259468078613,0.0,1,1
1350,4.525158882141113,0.0,0,0
1351,3.5129401683807373,0.0,1,1
1352,4.591044902801514,0.0,0,0
1353,5.3634819984436035,0.0,1,1
1354,5.213696479797363,0.0,0,0
1355,4.624706745147705,0.0,1,1
1356,4.107897758483887,0.0,0,0
1357,4.304321765899658,0.0,1,1
1358,4.848689079284668,0.0,1,1
1359,4.20296049118042,0.0,1,1
1360,4.428955078125,0.0,1,1
1361,3.862663984298706,0.0,0,0
1362,3.9052529335021973,0.0,0,0
1363,3.5837178230285645,0.0,0,0
1364,3.1249265670776367,0.0,0,0
1365,3.2857139110565186,0.0,0,0
1366,3.858859062194824,0.0,1,1
1367,3.059661388397217,0.0,1,1
1368,3.3417863845825195,0.0,0,0
1369,3.574098587036133,0.0,0,0
1370,4.117856502532959,0.0,0,0
1371,3.858915328979492,0.0,0,0
1372,3.5599756240844727,0.0,0,0
1373,3.3859355449676514,0.0,0,0
1374,3.5106608867645264,0.0,0,0
1375,3.363814115524292,0.0,1,1
1376,3.8633084297180176,0.0,1,1
1377,4.112425327301025,0.0,1,1
1378,3.7954771518707275,0.0,1,1
1379,4.211737632751465,0.0,0,0
1380,3.9009881019592285,0.0,0,0
1381,4.468999862670898,0.0,0,0
1382,4.050601959228516,0.0,0,0
1383,4.347504615783691,0.0,1,1
1384,3.6077797412872314,0.0,1,1
1385,2.81046462059021,0.0,0,0
1386,3.6322264671325684,0.0,1,1
1387,3.6281871795654297,0.0,1,1
1388,2.558609962463379,0.0,1,1
1389,3.070621967315674,0.0,1,1
1390,3.4232072830200195,0.0,0,0
1391,3.486457347869873,0.0,1,1
1392,2.642622709274292,0.0,1,1
1393,2.532878875732422,0.0,0,0
1394,2.7842416763305664,0.0,1,1
1395,2.673217296600342,0.0,1,1
1396,2.674997329711914,0.0,1,1
1397,2.6495463848114014,0.0,0,0
1398,3.5009140968322754,0.0,1,1
1399,3.860825538635254,0.0,1,1
1400,2.964397668838501,0.0,0,0
1401,3.3136494159698486,0.0,0,0
1402,2.8149147033691406,0.0,0,0
1403,3.307278633117676,0.0,0,0
1404,3.6430022716522217,0.0,0,0
1405,3.724860191345215,0.0,0,0
1406,3.741719961166382,0.0,0,0
1407,4.00269889831543,0.0,1,1
1408,3.4745991230010986,0.0,0,0
1409,3.2941739559173584,0.0,1,1
1410,3.7806248664855957,0.0,1,1
1411,3.7121224403381348,0.0,1,1
1412,3.70766019821167,0.0,0,0
1413,3.61686372756958,0.0,1,1
1414,3.6686739921569824,0.0,0,0
1415,3.869065046310425,0.0,1,1
1416,3.495096206665039,0.0,1,1
1417,4.17329216003418,0.0,0,0
1418,4.17410945892334,0.0,1,1
1419,4.190709114074707,0.0,1,1
1420,4.545630931854248,0.0,0,0
1421,4.389939785003662,0.0,1,1
1422,1.6684321165084839,0.0,0,0
1423,1.6482396125793457,0.0,1,1
1424,1.9882683753967285,0.0,0,0
1425,3.7677955627441406,0.0,0,0
1426,3.4999234676361084,0.0,0,0
1427,3.350116729736328,0.0,0,0
1428,3.2753803730010986,0.0,1,1
1429,3.4790515899658203,0.0,0,0
1430,3.3798811435699463,0.0,1,1
1431,3.197974681854248,0.0,0,0
1432,4.208550453186035,0.0,1,1
1433,2.9116756916046143,0.0,0,0
1434,2.056025743484497,0.0,1,1
1435,3.3971199989318848,0.0,1,1
1436,4.275949001312256,0.0,0,0
1437,4.18958854675293,0.0,1,1
1438,4.335184574127197,0.0,0,0
1439,4.638102054595947,0.0,1,1
1440,4.197279453277588,0.0,0,0
1441,4.371687412261963,0.0,1,1
1442,4.089483737945557,0.0,0,0
1443,4.530886650085449,0.0,0,0
1444,4.341575622558594,0.0,1,1
1445,4.183399677276611,0.0,1,1
1446,4.142689228057861,0.0,1,1
1447,4.049251079559326,0.0,1,1
1448,4.39325475692749,0.0,0,0
1449,4.0579304695129395,0.0,1,1
1450,4.326234817504883,0.0,1,1
1451,3.9196012020111084,0.0,0,0
1452,4.449793815612793,0.0,0,0
1453,4.384763717651367,0.0,1,1
1454,4.124200820922852,0.0,1,1
1455,4.689685344696045,0.0,0,0
1456,5.425524711608887,0.0,1,1
1457,4.752004146575928,0.0,1,1
1458,4.384289264678955,0.0,0,0
1459,4.472769260406494,0.0,1,1
1460,4.325976371765137,0.0,1,1
1461,4.496490478515625,0.0,0,0
1462,4.826544761657715,0.0,1,1
1463,4.783275127410889,0.0,1,1
1464,4.651472568511963,0.0,0,0
1465,5.004157066345215,0.0,1,1
1466,5.163294315338135,0.0,1,1
1467,4.371928691864014,0.0,1,1
1468,3.2371037006378174,0.0,0,0
1469,3.9815425872802734,0.0,1,1
1470,3.910921335220337,0.0,1,1
1471,4.554588794708252,0.0,1,1
1472,4.009166240692139,0.0,0,0
1473,4.190985679626465,0.0,1,1
1474,4.122169494628906,0.0,0,0
1475,3.5679171085357666,0.0,0,0
1476,4.04908561706543,0.0,0,0
1477,4.2511420249938965,0.0,0,0
1478,3.9021127223968506,0.0,0,0
1479,3.741178035736084,0.0,0,0
1480,4.0408477783203125,0.0,0,0
1481,4.057612419128418,0.0,1,1
1482,3.86220121383667,0.0,1,1
1483,3.3462960720062256,0.0,0,0
1484,3.997210741043091,0.0,1,1
1485,4.162568092346191,0.0,0,0
1486,3.60263729095459,0.0,1,1
1487,3.7288076877593994,0.0,1,1
1488,4.128513813018799,0.0,1,1
1489,4.105052947998047,0.0,0,0
1490,4.232758045196533,0.0,1,1
1491,4.036887168884277,0.0,0,0
1492,3.9301183223724365,0.0,0,0
1493,4.422949314117432,0.0,0,0
1494,3.0835394859313965,0.0,0,0
1495,4.117588043212891,0.0,1,1
1496,4.05211877822876,0.0,1,1
1497,4.066319465637207,0.0,0,0
1498,3.818514585494995,0.0,1,1
1499,4.169245719909668,0.0,0,0
1500,4.167482852935791,0.0,0,0
1501,4.150083541870117,0.0,0,0
1502,3.7395811080932617,0.0,0,0
1503,3.0950536727905273,0.0,1,1
1504,4.095289707183838,0.0,0,0
1505,4.141197204589844,0.0,0,0
1506,4.536220550537109,0.0,1,1
1507,3.829555034637451,0.0,1,1
1508,4.4009928703308105,0.0,1,1
1509,4.677125453948975,0.0,1,1
1510,4.3379902839660645,0.0,1,1
1511,4.5256123542785645,0.0,0,0
1512,3.5094401836395264,0.0,0,0
1513,4.770227432250977,0.0,0,0
1514,4.209017276763916,0.0,1,1
1515,3.597844123840332,0.0,1,1
1516,4.092214584350586,0.0,0,0
1517,4.61214542388916,0.0,1,1
1518,4.784017086029053,0.0,0,0
1519,4.070192813873291,0.0,1,1
1520,3.986781120300293,0.0,0,0
1521,3.6747286319732666,0.0,1,1
1522,4.1692304611206055,0.0,0,0
1523,4.4062724113464355,0.0,0,0
1524,3.1208200454711914,0.0,1,1
1525,4.2054243087768555,0.0,1,1
1526,4.243323802947998,0.0,1,1
1527,3.351642608642578,0.0,1,1
1528,4.138358116149902,0.0,0,0
1529,3.942486047744751,0.0,1,1
1530,4.479158878326416,0.0,1,1
1531,4.087151050567627,0.0,0,0
1532,4.249676704406738,0.0,0,0
1533,4.186252117156982,0.0,0,0
1534,3.55511736869812,0.0,1,1
1535,3.967125177383423,0.0,1,1
1536,4.119974136352539,0.0,0,0
1537,3.2254135608673096,0.0,0,0
1538,3.9892709255218506,0.0,1,1
1539,4.04800271987915,0.0,1,1
1540,3.743680477142334,0.0,1,1
1541,4.04930305480957,0.0,1,1
1542,3.248678684234619,0.0,0,0
1543,4.301111698150635,0.0,0,0
1544,2.966303825378418,0.0,1,1
1545,3.2067224979400635,0.0,0,0
1546,3.471327304840088,0.0,0,0
1547,3.4021878242492676,0.0,1,1
1548,2.8210980892181396,0.0,1,1
1549,3.761840581893921,0.0,0,0
1550,3.585435628890991,0.0,1,1
1551,3.837507963180542,0.0,1,1
1552,4.144524097442627,0.0,1,1
1553,4.622908115386963,0.0,1,1
1554,4.231091499328613,0.0,0,0
1555,3.761530637741089,0.0,0,0
1556,4.012423038482666,0.0,1,1
1557,3.721464157104492,0.0,0,0
1558,3.755690336227417,0.0,0,0
1559,3.4064838886260986,0.0,0,0
1560,3.4410951137542725,0.0,0,0
1561,2.77144455909729,0.0,0,0
1562,3.288119316101074,0.0,0,0
1563,2.833873987197876,0.0,0,0
1564,2.921398639678955,0.0,0,0
1565,3.4139091968536377,0.0,0,0
1566,3.876788377761841,0.0,1,1
1567,4.2619547843933105,0.0,1,1
1568,3.683708667755127,0.0,1,1
1569,3.8313097953796387,0.0,0,0
1570,3.835310697555542,0.0,0,0
1571,3.713651657104492,0.0,0,0
1572,3.8274612426757812,0.0,0,0
1573,4.606517314910889,0.0,1,1
1574,4.080621242523193,0.0,1,1
1575,3.7266924381256104,0.0,1,1
1576,3.519059419631958,0.0,0,0
1577,3.3776535987854004,0.0,0,0
1578,4.061995029449463,0.0,0,0
1579,4.000288486480713,0.0,0,0
1580,3.5812137126922607,0.0,1,1
1581,3.5680322647094727,0.0,0,0
1582,4.377434253692627,0.0,0,0
1583,4.132883548736572,0.0,1,1
1584,3.633504867553711,0.0,0,0
1585,3.589428186416626,0.0,1,1
1586,3.9164137840270996,0.0,1,1
1587,3.6908202171325684,0.0,1,1
1588,4.457292556762695,0.0,0,0
1589,3.7249794006347656,0.0,1,1
1590,3.946475028991699,0.0,0,0
1591,4.358626842498779,0.0,0,0
1592,4.081658840179443,0.0,1,1
1593,4.0255022048950195,0.0,0,0
1594,4.733585834503174,0.0,1,1
1595,4.040396213531494,0.0,0,0
1596,4.2386794090271,0.0,1,1
1597,4.065021514892578,0.0,1,1
1598,3.975708246231079,0.0,1,1
1599,3.647797107696533,0.0,1,1
1600,3.8993334770202637,0.0,1,1
1601,4.228473663330078,0.0,1,1
1602,3.9046669006347656,0.0,0,0
1603,4.1674370765686035,0.0,1,1
1604,4.271069526672363,0.0,1,1
1605,4.355957508087158,0.0,1,1
1606,4.081440448760986,0.0,0,0
1607,4.07958459854126,0.0,0,0
1608,3.749453067779541,0.0,1,1
1609,4.063996315002441,0.0,1,1
1610,4.069207668304443,0.0,0,0
1611,4.431632995605469,0.0,1,1
1612,3.545189142227173,0.0,0,0
1613,3.393244504928589,0.0,1,1
1614,2.9606969356536865,0.0,0,0
1615,3.7626450061798096,0.0,1,1
1616,3.8077220916748047,0.0,1,1
1617,3.968857765197754,0.0,1,1
1618,3.867880344390869,0.0,0,0
1619,3.6673073768615723,0.0,0,0
1620,3.918506383895874,0.0,1,1
1621,3.5831098556518555,0.0,0,0
1622,3.7828221321105957,0.0,1,1
1623,3.597505807876587,0.0,0,0
1624,3.8202874660491943,0.0,1,1
1625,3.93155837059021,0.0,1,1
1626,4.543195724487305,0.0,1,1
1627,3.635775327682495,0.0,1,1
1628,3.459624767303467,0.0,0,0
1629,4.296288967132568,0.0,1,1
1630,3.6345160007476807,0.0,0,0
1631,3.9920432567596436,0.0,0,0
1632,3.3038926124572754,0.0,1,1
1633,3.570354700088501,0.0,0,0
1634,4.234618186950684,0.0,1,1
1635,4.2508158683776855,0.0,1,1
1636,4.242081642150879,0.0,0,0
1637,3.5916543006896973,0.0,1,1
1638,4.120605945587158,0.0,0,0
1639,4.9591779708862305,0.0,0,0
1640,4.082116603851318,0.0,0,0
1641,4.359407424926758,0.0,1,1
1642,4.136408805847168,0.0,1,1
1643,3.9981510639190674,0.0,1,1
1644,4.261892795562744,0.0,0,0
1645,3.660504102706909,0.0,1,1
1646,4.349083423614502,0.0,0,0
1647,4.071414470672607,0.0,0,0
1648,4.330539226531982,0.0,0,0
1649,3.900470733642578,0.0,0,0
1650,4.008432865142822,0.0,1,1
1651,4.257053375244141,0.0,0,0
1652,4.200876712799072,0.0,0,0
1653,4.04705286026001,0.0,0,0
1654,4.812857627868652,0.0,1,1
1655,4.801422595977783,0.0,0,0
1656,4.814042091369629,0.0,1,1
1657,4.119816303253174,0.0,1,1
1658,4.704413890838623,0.0,1,1
1659,4.667015552520752,0.0,0,0
1660,4.614673137664795,0.0,0,0
1661,4.441497325897217,0.0,0,0
1662,4.95472526550293,0.0,1,1
1663,3.867356538772583,0.0,1,1
1664,4.435083866119385,0.0,0,0
1665,4.740604400634766,0.0,0,0
1666,5.267222881317139,0.0,1,1
1667,4.051146984100342,0.0,1,1
1668,4.438940525054932,0.0,1,1
1669,4.063621520996094,0.0,0,0
1670,3.822234630584717,0.0,1,1
1671,4.489190578460693,0.0,0,0
1672,3.251784086227417,0.0,0,0
1673,3.2398245334625244,0.0,1,1
1674,2.9212467670440674,0.0,0,0
1675,3.5766806602478027,0.0,0,0
1676,3.836625337600708,0.0,1,1
1677,3.9842352867126465,0.0,0,0
1678,3.97099232673645,0.0,0,0
1679,3.4442124366760254,0.0,1,1
1680,3.6311278343200684,0.0,1,1
1681,3.7545762062072754,0.0,1,1
1682,4.057152271270752,0.0,0,0
1683,3.68334698677063,0.0,1,1
1684,3.25252366065979,0.0,1,1
1685,1.14961838722229,0.0,0,0
1686,1.750566840171814,0.0,0,0
1687,2.8908159732818604,0.0,1,1
1688,3.284043550491333,0.0,0,0
1689,3.097083806991577,0.0,0,0
1690,2.832496166229248,0.0,1,1
1691,3.9696481227874756,0.0,1,1
1692,3.73189640045166,0.0,0,0
1693,4.543625831604004,0.0,0,0
1694,3.710334300994873,0.0,1,1
1695,3.844719171524048,0.0,1,1
1696,3.923311471939087,0.0,1,1
1697,4.541520118713379,0.0,0,0
1698,3.7751121520996094,0.0,1,1
1699,3.7536237239837646,0.0,0,0
1700,3.1250548362731934,0.0,0,0
1701,3.825540065765381,0.0,0,0
1702,4.249731540679932,0.0,0,0
1703,3.56326961517334,0.0,1,1
1704,4.022008419036865,0.0,1,1
1705,2.490800142288208,0.0,1,1
1706,2.9287328720092773,0.0,0,0
1707,3.2007863521575928,0.0,0,0
1708,3.965526819229126,0.0,1,1
1709,4.160764694213867,0.0,0,0
1710,5.226166725158691,0.0,0,0
1711,3.929199457168579,0.0,1,1
1712,4.45701265335083,0.0,0,0
1713,4.253840923309326,0.0,1,1
1714,4.159228801727295,0.0,0,0
1715,3.9254331588745117,0.0,0,0
1716,4.481295585632324,0.0,0,0
1717,4.324450492858887,0.0,0,0
1718,4.088469982147217,0.0,1,1
1719,4.112839698791504,0.0,0,0
1720,3.726320505142212,0.0,0,0
1721,4.687379360198975,0.0,0,0
1722,4.0375823974609375,0.0,0,0
1723,3.882505178451538,0.0,1,1
1724,3.680462598800659,0.0,0,0
1725,3.9256210327148438,0.0,1,1
1726,4.410152435302734,0.0,1,1
1727,4.005834102630615,0.0,1,1
1728,4.790829181671143,0.0,0,0
1729,2.7360191345214844,0.0,1,1
1730,4.35231351852417,0.0,1,1
1731,4.249637603759766,0.0,1,1
1732,4.133426189422607,0.0,1,1
1733,4.850573539733887,0.0,1,1
1734,3.398282289505005,0.0,0,0
1735,3.7386398315429688,0.0,1,1
1736,4.0021162033081055,0.0,0,0
1737,4.957226276397705,0.0,0,0
1738,4.662253379821777,0.0,0,0
1739,4.161850452423096,0.0,0,0
1740,4.154514789581299,0.0,1,1
1741,2.4830446243286133,0.0,1,1
1742,2.8031952381134033,0.0,0,0
1743,2.872586965560913,0.0,0,0
1744,2.9206762313842773,0.0,1,1
1745,3.507030725479126,0.0,1,1
1746,3.755474328994751,0.0,0,0
1747,3.686941385269165,0.0,0,0
1748,2.6843554973602295,0.0,0,0
1749,3.638963222503662,0.0,0,0
1750,3.0620789527893066,0.0,0,0
1751,2.4911088943481445,0.0,1,1
1752,4.212162494659424,0.0,0,0
1753,4.157224178314209,0.0,0,0
1754,5.167194843292236,0.0,1,1
1755,4.279926300048828,0.0,1,1
1756,3.326481580734253,0.0,0,0
1757,3.6644082069396973,0.0,1,1
1758,3.959144353866577,0.0,0,0
1759,3.9882707595825195,0.0,1,1
1760,3.8022122383117676,0.0,0,0
1761,3.679901599884033,0.0,0,0
1762,3.8227927684783936,0.0,1,1
1763,4.237725257873535,0.0,0,0
1764,3.5762763023376465,0.0,0,0
1765,4.011826992034912,0.0,1,1
1766,3.6430952548980713,0.0,1,1
1767,4.264975070953369,0.0,0,0
1768,3.5955545902252197,0.0,0,0
1769,4.460428237915039,0.0,1,1
1770,4.421051025390625,0.0,1,1
1771,4.594837665557861,0.0,1,1
1772,4.309966564178467,0.0,0,0
1773,4.330541610717773,0.0,1,1
1774,4.128323078155518,0.0,0,0
1775,4.1637864112854,0.0,1,1
1776,4.347041130065918,0.0,0,0
1777,3.89739990234375,0.0,1,1
1778,4.461066246032715,0.0,1,1
1779,4.605538845062256,0.0,1,1
1780,4.3234968185424805,0.0,0,0
1781,4.107754707336426,0.0,0,0
1782,4.310439586639404,0.0,1,1
1783,4.323321342468262,0.0,1,1
1784,4.269759178161621,0.0,0,0
1785,4.014226913452148,0.0,1,1
1786,3.9978787899017334,0.0,0,0
1787,4.116132736206055,0.0,1,1
1788,4.035798072814941,0.0,1,1
1789,4.095779895782471,0.0,1,1
1790,4.080246925354004,0.0,1,1
1791,4.338063716888428,0.0,0,0
1792,4.001223564147949,0.0,0,0
1793,2.7493045330047607,0.0,1,1
1794,2.7849583625793457,0.0,0,0
1795,2.95464825630188,0.0,0,0
1796,3.2677464485168457,0.0,1,1
1797,3.6302566528320312,0.0,0,0
1798,4.2252888679504395,0.0,1,1
1799,4.16011381149292,0.0,0,0
1800,3.6969289779663086,0.0,0,0
1801,3.58298921585083,0.0,0,0
1802,3.862924337387085,0.0,0,0
1803,4.535430431365967,0.0,1,1
1804,4.22648811340332,0.0,1,1
1805,5.0080671310424805,0.0,1,1
1806,4.2069010734558105,0.0,0,0
1807,4.491471290588379,0.0,0,0
1808,4.866820812225342,0.0,0,0
1809,4.317193031311035,0.0,0,0
1810,4.040933132171631,0.0,1,1
1811,4.4006571769714355,0.0,0,0
1812,4.638123989105225,0.0,0,0
1813,4.554223537445068,0.0,0,0
1814,4.041269779205322,0.0,0,0
1815,4.839783191680908,0.0,0,0
1816,4.496186256408691,0.0,1,1
1817,4.068276405334473,0.0,1,1
1818,4.418784141540527,0.0,0,0
1819,4.455763339996338,0.0,1,1
1820,3.8862953186035156,0.0,0,0
1821,3.028848171234131,0.0,0,0
1822,3.3857460021972656,0.0,1,1
1823,3.6278626918792725,0.0,1,1
1824,4.244094371795654,0.0,0,0
1825,4.175217628479004,0.0,0,0
1826,4.056868553161621,0.0,0,0
1827,4.474919319152832,0.0,0,0
1828,4.155572891235352,0.0,0,0
1829,4.257939338684082,0.0,1,1
1830,4.24440860748291,0.0,1,1
1831,4.005108833312988,0.0,1,1
1832,4.115007400512695,0.0,1,1
1833,3.639331817626953,0.0,1,1
1834,3.543414354324341,0.0,1,1
1835,3.9842164516448975,0.0,1,1
1836,3.9545719623565674,0.0,0,0
1837,3.939297676086426,0.0,1,1
1838,3.4331774711608887,0.0,1,1
1839,3.972134590148926,0.0,0,0
1840,3.673328161239624,0.0,1,1
1841,3.261143207550049,0.0,0,0
1842,3.7849037647247314,0.0,0,0
1843,3.135561943054199,0.0,0,0
1844,4.1005353927612305,0.0,1,1
1845,3.819551706314087,0.0,1,1
1846,4.189509868621826,0.0,1,1
1847,3.3033175468444824,0.0,0,0
1848,3.737598180770874,0.0,1,1
1849,4.2255859375,0.0,0,0
1850,3.713805675506592,0.0,0,0
1851,4.474739074707031,0.0,0,0
1852,4.580414295196533,0.0,1,1
1853,3.3009097576141357,0.0,0,0
1854,3.9412810802459717,0.0,0,0
1855,4.088051795959473,0.0,0,0
1856,4.535983085632324,0.0,0,0
1857,4.318846225738525,0.0,1,1
1858,4.283013343811035,0.0,0,0
1859,3.764410972595215,0.0,0,0
1860,4.054071426391602,0.0,0,0
1861,4.7477126121521,0.0,1,1
1862,4.67673397064209,0.0,1,1
1863,4.111830234527588,0.0,0,0
1864,4.951320648193359,0.0,0,0
1865,3.117811918258667,0.0,0,0
1866,3.3135125637054443,0.0,1,1
1867,3.2859556674957275,0.0,1,1
1868,3.2482259273529053,0.0,0,0
1869,3.911304473876953,0.0,0,0
1870,3.8012964725494385,0.0,1,1
1871,3.819672107696533,0.0,1,1
1872,3.960123300552368,0.0,0,0
1873,3.943636178970337,0.0,1,1
1874,3.6863365173339844,0.0,0,0
1875,3.623178482055664,0.0,0,0
1876,4.055380821228027,0.0,0,0
1877,4.313838958740234,0.0,0,0
1878,3.705038547515869,0.0,0,0
1879,3.731687307357788,0.0,1,1
1880,3.6323611736297607,0.0,1,1
1881,3.3106937408447266,0.0,0,0
1882,3.730344295501709,0.0,1,1
1883,3.893970012664795,0.0,0,0
1884,3.1861655712127686,0.0,0,0
1885,4.0657525062561035,0.0,0,0
1886,3.9807355403900146,0.0,0,0
1887,4.000990867614746,0.0,0,0
1888,4.600077152252197,0.0,1,1
1889,4.014595985412598,0.0,0,0
1890,3.7198843955993652,0.0,1,1
1891,3.637166976928711,0.0,0,0
1892,3.550055980682373,0.0,1,1
1893,3.9011781215667725,0.0,1,1
1894,3.7849395275115967,0.0,1,1
1895,4.1520609855651855,0.0,1,1
1896,4.021369934082031,0.0,1,1
1897,3.9901225566864014,0.0,1,1
1898,4.112761497497559,0.0,0,0
1899,4.085031986236572,0.0,1,1
1900,3.8753018379211426,0.0,1,1
1901,3.341487169265747,0.0,1,1
1902,3.696535587310791,0.0,1,1
1903,3.77207350730896,0.0,1,1
1904,3.2306385040283203,0.0,0,0
1905,4.174534797668457,0.0,0,0
1906,4.244182586669922,0.0,0,0
1907,3.904973268508911,0.0,1,1
1908,3.7409956455230713,0.0,0,0
1909,4.111732006072998,0.0,0,0
1910,3.9975216388702393,0.0,1,1
1911,4.166004180908203,0.0,1,1
1912,4.385647773742676,0.0,1,1
1913,4.294630527496338,0.0,0,0
1914,3.7202184200286865,0.0,1,1
1915,3.896998167037964,0.0,0,0
1916,3.6410813331604004,0.0,1,1
1917,4.195271015167236,0.0,0,0
1918,4.067205429077148,0.0,1,1
1919,3.6498425006866455,0.0,1,1
1920,3.699660539627075,0.0,1,1
1921,4.0192484855651855,0.0,1,1
1922,3.734269618988037,0.0,0,0
1923,3.8437373638153076,0.0,1,1
1924,4.256528854370117,0.0,0,0
1925,4.22893762588501,0.0,0,0
1926,4.7196574211120605,0.0,0,0
1927,4.876206874847412,0.0,1,1
1928,4.7745161056518555,0.0,0,0
1929,4.628190040588379,0.0,1,1
1930,4.020045280456543,0.0,1,1
1931,4.162480354309082,0.0,1,1
1932,4.524829387664795,0.0,1,1
1933,4.819739818572998,0.0,0,0
1934,4.447608947753906,0.0,0,0
1935,4.507253646850586,0.0,1,1
1936,4.510155200958252,0.0,0,0
1937,4.300036907196045,0.0,0,0
1938,4.163038730621338,0.0,0,0
1939,3.92502760887146,0.0,0,0
1940,4.6094770431518555,0.0,0,0
1941,4.7204365730285645,0.0,0,0
1942,4.027480602264404,0.0,0,0
1943,4.4422783851623535,0.0,1,1
1944,4.01596736907959,0.0,1,1
1945,4.304732322692871,0.0,0,0
1946,4.119019508361816,0.0,1,1
1947,4.112165451049805,0.0,1,1
1948,4.548111438751221,0.0,0,0
1949,4.216712474822998,0.0,1,1
1950,4.235398769378662,0.0,0,0
1951,4.309629917144775,0.0,1,1
1952,4.210208415985107,0.0,0,0
1953,3.4053537845611572,0.0,0,0
1954,3.7952237129211426,0.0,0,0
1955,4.217988014221191,0.0,0,0
1956,3.1217970848083496,0.0,1,1
1957,3.434739589691162,0.0,0,0
1958,2.5414717197418213,0.0,0,0
1959,2.8863935470581055,0.0,1,1
1960,2.881741762161255,0.0,1,1
1961,3.1041452884674072,0.0,1,1
1962,2.890582799911499,0.0,0,0
1963,3.560840368270874,0.0,0,0
1964,3.886373281478882,0.0,0,0
1965,3.54573917388916,0.0,0,0
1966,3.5956506729125977,0.0,0,0
1967,3.68825101852417,0.0,1,1
1968,4.130733966827393,0.0,1,1
1969,3.603701591491699,0.0,1,1
1970,3.8428075313568115,0.0,1,1
1971,3.7519352436065674,0.0,1,1
1972,3.8446478843688965,0.0,0,0
1973,3.748708724975586,0.0,0,0
1974,3.707113265991211,0.0,0,0
1975,3.9419002532958984,0.0,1,1
1976,3.979025363922119,0.0,0,0
1977,3.6018080711364746,0.0,0,0
1978,3.823502540588379,0.0,1,1
1979,3.9479830265045166,0.0,0,0
1980,4.024769306182861,0.0,0,0
1981,3.235142230987549,0.0,0,0
1982,3.6793110370635986,0.0,1,1
1983,4.374452590942383,0.0,0,0
1984,4.349531173706055,0.0,1,1
1985,3.9557089805603027,0.0,1,1
1986,4.296913146972656,0.0,1,1
1987,3.8766961097717285,0.0,1,1
1988,4.4282379150390625,0.0,1,1
1989,3.4251842498779297,0.0,1,1
1990,4.471801280975342,0.0,0,0
1991,4.2605204582214355,0.0,0,0
1992,4.342391490936279,0.0,0,0
1993,4.7531962394714355,0.0,1,1
1994,4.43919038772583,0.0,0,0
1995,3.921060562133789,0.0,1,1
1996,4.209273338317871,0.0,0,0
1997,4.455814361572266,0.0,1,1
1998,4.077898025512695,0.0,0,0
1999,4.453297138214111,0.0,1,1
2000,4.225010395050049,0.0,0,0
2001,3.771993637084961,0.0,0,0
2002,3.474102735519409,0.0,0,0
2003,4.348360061645508,0.0,1,1
2004,3.7499806880950928,0.0,1,1
2005,4.44407320022583,0.0,0,0
2006,3.843067169189453,0.0,1,1
2007,3.8363354206085205,0.0,1,1
2008,4.015585899353027,0.0,0,0
2009,4.671122074127197,0.0,1,1
2010,4.355708599090576,0.0,0,0
2011,3.947789430618286,0.0,0,0
2012,4.278761386871338,0.0,1,1
2013,4.121059894561768,0.0,1,1
2014,4.227861404418945,0.0,0,0
2015,4.238807678222656,0.0,1,1
2016,4.223227024078369,0.0,1,1
2017,4.587442398071289,0.0,1,1
2018,3.3596880435943604,0.0,0,0
2019,4.3997297286987305,0.0,0,0
2020,4.198025226593018,0.0,1,1
2021,4.903720378875732,0.0,1,1
2022,2.9587008953094482,0.0,0,0
2023,4.343252658843994,0.0,0,0
2024,3.5044498443603516,0.0,0,0
2025,3.674179792404175,0.0,1,1
2026,3.451833963394165,0.0,0,0
2027,3.6880884170532227,0.0,0,0
2028,3.4896445274353027,0.0,0,0
2029,3.791797637939453,0.0,0,0
2030,4.00832462310791,0.0,0,0
2031,3.86065673828125,0.0,0,0
2032,3.5717105865478516,0.0,0,0
2033,4.204378604888916,0.0,1,1
2034,3.5088045597076416,0.0,1,1
2035,4.033968448638916,0.0,0,0
2036,2.7924463748931885,0.0,1,1
2037,2.7649431228637695,0.0,0,0
2038,3.431623935699463,0.0,1,1
2039,3.542053461074829,0.0,0,0
2040,3.9292118549346924,0.0,1,1
2041,4.598957538604736,0.0,0,0
2042,4.227406978607178,0.0,1,1
2043,3.660247325897217,0.0,1,1
2044,4.734435558319092,0.0,0,0
2045,3.345125913619995,0.0,1,1
2046,4.0784125328063965,0.0,0,0
2047,3.6643378734588623,0.0,0,0
2048,3.7743210792541504,0.0,0,0
2049,3.9016525745391846,0.0,1,1
2050,3.708801507949829,0.0,1,1
2051,2.86958909034729,0.0,0,0
2052,2.731825590133667,0.0,0,0
2053,3.588489055633545,0.0,0,0
2054,3.964433193206787,0.0,0,0
2055,4.351474285125732,0.0,1,1
2056,3.653702974319458,0.0,0,0
2057,4.36211633682251,0.0,1,1
2058,3.8392484188079834,0.0,0,0
2059,4.497604846954346,0.0,0,0
2060,3.9075825214385986,0.0,0,0
2061,3.7131094932556152,0.0,0,0
2062,3.731099843978882,0.0,0,0
2063,4.043865203857422,0.0,0,0
2064,3.894547939300537,0.0,1,1
2065,3.768381357192993,0.0,0,0
2066,3.8126537799835205,0.0,0,0
2067,4.418336391448975,0.0,1,1
2068,4.488091468811035,0.0,1,1
2069,4.283134460449219,0.0,0,0
2070,3.9047417640686035,0.0,0,0
2071,2.851799488067627,0.0,1,1
2072,3.5857832431793213,0.0,0,0
2073,3.514559268951416,0.0,0,0
2074,3.5531165599823,0.0,1,1
2075,3.4866013526916504,0.0,1,1
2076,3.415334939956665,0.0,1,1
2077,3.213822364807129,0.0,0,0
2078,2.8439013957977295,0.0,0,0
2079,3.851374387741089,0.0,0,0
2080,3.558906078338623,0.0,0,0
2081,3.5864481925964355,0.0,1,1
2082,4.087855815887451,0.0,0,0
2083,4.175285339355469,0.0,0,0
2084,4.3659892082214355,0.0,0,0
2085,4.2624945640563965,0.0,1,1
2086,4.215884685516357,0.0,0,0
2087,4.563948154449463,0.0,1,1
2088,4.33510684967041,0.0,0,0
2089,3.321723461151123,0.0,1,1
2090,3.1829724311828613,0.0,0,0
2091,3.4759111404418945,0.0,1,1
2092,3.791097640991211,0.0,1,1
2093,3.557598352432251,0.0,0,0
2094,3.4613404273986816,0.0,0,0
2095,3.7281174659729004,0.0,0,0
2096,3.1026744842529297,0.0,0,0
2097,3.024686098098755,0.0,1,1
2098,4.086757183074951,0.0,0,0
2099,4.0567097663879395,0.0,1,1
2100,3.7517812252044678,0.0,0,0
2101,4.421986103057861,0.0,1,1
2102,3.9719552993774414,0.0,0,0
2103,4.184292316436768,0.0,0,0
2104,3.7359769344329834,0.0,1,1
2105,3.428190231323242,0.0,1,1
2106,4.592566013336182,0.0,1,1
2107,3.868055582046509,0.0,1,1
2108,4.268172264099121,0.0,1,1
2109,3.727871894836426,0.0,1,1
2110,3.8401365280151367,0.0,1,1
2111,3.801548480987549,0.0,0,0
2112,4.431182384490967,0.0,1,1
2113,3.6159164905548096,0.0,0,0
2114,3.5978381633758545,0.0,0,0
2115,3.7529232501983643,0.0,1,1
2116,3.890211343765259,0.0,0,0
2117,3.6985676288604736,0.0,0,0
2118,3.7740671634674072,0.0,1,1
2119,4.230749130249023,0.0,0,0
2120,3.8054895401000977,0.0,0,0
2121,3.764453172683716,0.0,0,0
2122,3.5980401039123535,0.0,1,1
2123,3.3329827785491943,0.0,0,0
2124,3.9120938777923584,0.0,0,0
2125,3.7166035175323486,0.0,1,1
2126,3.7847421169281006,0.0,0,0
2127,3.6270809173583984,0.0,1,1
2128,3.9744114875793457,0.0,0,0
2129,3.3607068061828613,0.0,1,1
2130,2.382279396057129,0.0,0,0
2131,2.8202602863311768,0.0,0,0
2132,3.8519983291625977,0.0,0,0
2133,3.222548007965088,0.0,1,1
2134,2.8414840698242188,0.0,0,0
2135,3.374732494354248,0.0,1,1
2136,3.552671432495117,0.0,0,0
2137,2.6524338722229004,0.0,0,0
2138,3.4678452014923096,0.0,0,0
2139,3.1857149600982666,0.0,1,1
2140,3.68609356880188,0.0,1,1
2141,2.8232648372650146,0.0,0,0
2142,2.6386091709136963,0.0,0,0
2143,3.2127158641815186,0.0,1,1
2144,2.2545387744903564,0.0,0,0
2145,2.1717350482940674,0.0,1,1
2146,2.1015725135803223,0.0,0,0
2147,3.9093525409698486,0.0,1,1
2148,3.299821138381958,0.0,0,0
2149,3.199169635772705,0.0,1,1
2150,3.4382426738739014,0.0,0,0
2151,3.760483741760254,0.0,0,0
2152,2.8878121376037598,0.0,1,1
2153,3.1423885822296143,0.0,0,0
2154,4.178607940673828,0.0,0,0
2155,4.2841596603393555,0.0,0,0
2156,3.8112149238586426,0.0,1,1
2157,3.630432367324829,0.0,1,1
2158,3.549772262573242,0.0,0,0
2159,3.29099440574646,0.0,1,1
2160,3.589946746826172,0.0,0,0
2161,3.9349865913391113,0.0,1,1
2162,3.4641730785369873,0.0,1,1
2163,3.756030797958374,0.0,1,1
2164,4.2388434410095215,0.0,0,0
2165,3.4939632415771484,0.0,0,0
2166,3.56791090965271,0.0,0,0
2167,3.6334168910980225,0.0,1,1
2168,3.370243549346924,0.0,0,0
2169,3.6880300045013428,0.0,0,0
2170,3.2271337509155273,0.0,1,1
2171,3.6157829761505127,0.0,1,1
2172,4.003648281097412,0.0,1,1
2173,2.954134464263916,0.0,1,1
2174,3.3561511039733887,0.0,1,1
2175,3.3707590103149414,0.0,0,0
2176,3.8501696586608887,0.0,1,1
2177,3.538140058517456,0.0,0,0
2178,3.6041958332061768,0.0,1,1
2179,3.947732448577881,0.0,0,0
2180,3.7429728507995605,0.0,0,0
2181,3.76352858543396,0.0,1,1
2182,3.864712953567505,0.0,0,0
2183,3.4637646675109863,0.0,0,0
2184,3.7231199741363525,0.0,0,0
2185,3.192126750946045,0.0,0,0
2186,4.508392810821533,0.0,0,0
2187,3.831827163696289,0.0,0,0
2188,3.701150894165039,0.0,0,0
2189,3.5420315265655518,0.0,1,1
2190,4.084120273590088,0.0,0,0
2191,4.171844959259033,0.0,1,1
2192,3.800210475921631,0.0,0,0
2193,3.5512335300445557,0.0,0,0
2194,4.203097820281982,0.0,0,0
2195,3.667538642883301,0.0,1,1
2196,2.936811685562134,0.0,1,1
2197,4.214004039764404,0.0,1,1
2198,4.206632137298584,0.0,0,0
2199,3.8737597465515137,0.0,0,0
2200,3.5427558422088623,0.0,1,1
2201,4.2658257484436035,0.0,1,1
2202,2.803995132446289,0.0,1,1
2203,3.7237277030944824,0.0,0,0
2204,3.9819700717926025,0.0,1,1
2205,3.327965021133423,0.0,0,0
2206,2.75036883354187,0.0,0,0
2207,3.071164131164551,0.0,0,0
2208,3.547152042388916,0.0,0,0
2209,3.0923421382904053,0.0,1,1
2210,3.1560781002044678,0.0,0,0
2211,3.3753459453582764,0.0,1,1
2212,3.349982976913452,0.0,1,1
2213,3.2939233779907227,0.0,0,0
2214,3.602726697921753,0.0,1,1
2215,4.004335403442383,0.0,0,0
2216,3.590010166168213,0.0,1,1
2217,3.4455721378326416,0.0,1,1
2218,3.4176688194274902,0.0,0,0
2219,3.775219678878784,0.0,1,1
2220,3.5121779441833496,0.0,0,0
2221,3.205030679702759,0.0,0,0
2222,3.2419707775115967,0.0,1,1
2223,3.640852212905884,0.0,1,1
2224,3.520554542541504,0.0,1,1
2225,3.4454195499420166,0.0,1,1
2226,3.6888251304626465,0.0,1,1
2227,4.197749614715576,0.0,0,0
2228,4.266637325286865,0.0,1,1
2229,4.020292282104492,0.0,1,1
2230,4.541916370391846,0.0,1,1
2231,4.363773345947266,0.0,1,1
2232,4.242647171020508,0.0,0,0
2233,4.709365367889404,0.0,0,0
2234,4.324697017669678,0.0,1,1
2235,4.581524848937988,0.0,0,0
2236,3.5642364025115967,0.0,0,0
2237,2.5016093254089355,0.0,0,0
2238,2.640446662902832,0.0,1,1
2239,2.2293317317962646,0.0,0,0
2240,2.5889508724212646,0.0,0,0
2241,2.6161391735076904,0.0,1,1
2242,2.762129545211792,0.0,1,1
2243,2.3795278072357178,0.0,1,1
2244,2.611335277557373,0.0,0,0
2245,2.735405445098877,0.0,0,0
2246,2.3656251430511475,0.0,1,1
2247,2.557173252105713,0.0,0,0
2248,2.4265055656433105,0.0,0,0
2249,3.0297975540161133,0.0,1,1
2250,2.5208332538604736,0.0,1,1
2251,2.8443899154663086,0.0,1,1
2252,2.273763656616211,0.0,0,0
2253,2.4375510215759277,0.0,0,0
2254,2.495962381362915,0.0,0,0
2255,3.2318410873413086,0.0,0,0
2256,4.055904865264893,0.0,0,0
2257,4.108019828796387,0.0,1,1
2258,3.045419931411743,0.0,0,0
2259,3.823704957962036,0.0,0,0
2260,3.94311261177063,0.0,1,1
2261,3.871023178100586,0.0,1,1
2262,4.64970588684082,0.0,0,0
2263,5.449314594268799,0.0,0,0
2264,5.4452619552612305,0.0,1,1
2265,5.72653865814209,0.0,1,1
2266,5.341136455535889,0.0,1,1
2267,4.107113361358643,0.0,1,1
2268,3.744335651397705,0.0,0,0
2269,3.7794034481048584,0.0,1,1
2270,3.8173086643218994,0.0,0,0
2271,4.4829254150390625,0.0,0,0
2272,4.297184467315674,0.0,1,1
2273,3.9764461517333984,0.0,0,0
2274,4.34414005279541,0.0,0,0
2275,4.68919563293457,0.0,1,1
2276,3.6394827365875244,0.0,1,1
2277,3.846147060394287,0.0,1,1
2278,4.1902995109558105,0.0,0,0
2279,4.472906112670898,0.0,0,0
2280,3.664046287536621,0.0,0,0
2281,3.778733968734741,0.0,1,1
2282,3.885801076889038,0.0,0,0
2283,3.8796613216400146,0.0,1,1
2284,4.271326541900635,0.0,1,1
2285,4.027950763702393,0.0,1,1
2286,4.940032005310059,0.0,0,0
2287,3.576263189315796,0.0,0,0
2288,4.57835054397583,0.0,0,0
2289,4.1162943840026855,0.0,1,1
2290,4.174592971801758,0.0,0,0
2291,3.608177661895752,0.0,0,0
2292,4.022329330444336,0.0,1,1
2293,3.667567253112793,0.0,0,0
2294,2.3115851879119873,0.0,0,0
2295,1.9417461156845093,0.0,1,1
2296,2.1352503299713135,0.0,0,0
2297,2.3561477661132812,0.0,0,0
2298,2.7555785179138184,0.0,0,0
2299,2.9115259647369385,0.0,1,1
2300,2.646515130996704,0.0,1,1
2301,3.0607011318206787,0.0,1,1
2302,2.969142198562622,0.0,0,0
2303,3.005013942718506,0.0,0,0
2304,3.6707420349121094,0.0,1,1
2305,3.0064361095428467,0.0,0,0
2306,3.634972333908081,0.0,0,0
2307,3.0656328201293945,0.0,1,1
2308,3.250434398651123,0.0,1,1
2309,2.7572035789489746,0.0,0,0
2310,3.5839152336120605,0.0,0,0
2311,4.159330368041992,0.0,1,1
2312,2.920419931411743,0.0,0,0
2313,2.392367362976074,0.0,1,1
2314,3.528285503387451,0.0,1,1
2315,3.4363672733306885,0.0,1,1
2316,3.1998512744903564,0.0,1,1
2317,3.5474636554718018,0.0,1,1
2318,3.1987783908843994,0.0,1,1
2319,3.451845407485962,0.0,1,1
2320,3.5977542400360107,0.0,0,0
2321,3.5190842151641846,0.0,0,0
2322,3.8514175415039062,0.0,1,1
2323,3.3257510662078857,0.0,0,0
2324,3.4880874156951904,0.0,1,1
2325,3.602477788925171,0.0,1,1
2326,3.517517328262329,0.0,0,0
2327,3.2583796977996826,0.0,0,0
2328,2.911930799484253,0.0,0,0
2329,3.9980626106262207,0.0,0,0
2330,3.9492194652557373,0.0,0,0
2331,3.871088981628418,0.0,0,0
2332,3.8272788524627686,0.0,1,1
2333,3.719099998474121,0.0,1,1
2334,3.8516690731048584,0.0,1,1
2335,3.5748648643493652,0.0,0,0
2336,4.009416580200195,0.0,1,1
2337,4.2872443199157715,0.0,0,0
2338,3.9915316104888916,0.0,0,0
2339,4.931230068206787,0.0,1,1
2340,3.9574131965637207,0.0,0,0
2341,4.895082950592041,0.0,0,0
2342,4.066879749298096,0.0,1,1
2343,2.5887246131896973,0.0,0,0
2344,3.439939498901367,0.0,1,1
2345,3.7511537075042725,0.0,1,1
2346,4.4804182052612305,0.0,0,0
2347,4.348675727844238,0.0,1,1
2348,4.273492336273193,0.0,1,1
2349,4.473852157592773,0.0,1,1
2350,4.139975070953369,0.0,0,0
2351,4.250987529754639,0.0,0,0
2352,3.697791337966919,0.0,1,1
2353,4.275099277496338,0.0,1,1
2354,4.086010932922363,0.0,1,1
2355,3.8797531127929688,0.0,1,1
2356,4.32430362701416,0.0,0,0
2357,4.527795314788818,0.0,0,0
2358,3.5456130504608154,0.0,1,1
2359,3.875270366668701,0.0,1,1
2360,3.4862451553344727,0.0,0,0
2361,4.034498691558838,0.0,1,1
2362,3.64068603515625,0.0,1,1
2363,3.3943943977355957,0.0,0,0
2364,3.6782376766204834,0.0,0,0
2365,4.15349006652832,0.0,1,1
2366,3.0142476558685303,0.0,1,1
2367,3.1475658416748047,0.0,1,1
2368,3.8535852432250977,0.0,0,0
2369,2.9443869590759277,0.0,1,1
2370,3.5921177864074707,0.0,1,1
2371,3.927377939224243,0.0,1,1
2372,3.84647798538208,0.0,0,0
2373,4.007463455200195,0.0,1,1
2374,3.7256879806518555,0.0,1,1
2375,3.5637800693511963,0.0,1,1
2376,3.667524814605713,0.0,1,1
2377,4.173017978668213,0.0,1,1
2378,4.065945625305176,0.0,0,0
2379,3.8017919063568115,0.0,0,0
2380,3.500990390777588,0.0,1,1
2381,3.845970630645752,0.0,1,1
2382,3.8977692127227783,0.0,1,1
2383,3.4951679706573486,0.0,1,1
2384,3.681640386581421,0.0,0,0
2385,3.8601505756378174,0.0,0,0
2386,3.9397871494293213,0.0,1,1
2387,3.0547173023223877,0.0,1,1
2388,3.5484464168548584,0.0,1,1
2389,3.359950542449951,0.0,0,0
2390,3.650784730911255,0.0,0,0
2391,3.5201005935668945,0.0,1,1
2392,3.928541421890259,0.0,0,0
2393,3.5284881591796875,0.0,0,0
2394,3.9908008575439453,0.0,1,1
2395,3.605525493621826,0.0,1,1
2396,4.021745681762695,0.0,0,0
2397,3.727997064590454,0.0,1,1
2398,3.8853182792663574,0.0,0,0
2399,3.6258041858673096,0.0,1,1
2400,3.8106558322906494,0.0,0,0
2401,3.5809104442596436,0.0,1,1
2402,3.8373496532440186,0.0,0,0
2403,3.7183194160461426,0.0,0,0
2404,3.6742820739746094,0.0,1,1
2405,4.114834785461426,0.0,1,1
2406,3.657036781311035,0.0,0,0
2407,3.8033056259155273,0.0,1,1
2408,3.564401388168335,0.0,0,0
2409,3.3391759395599365,0.0,1,1
2410,3.6629421710968018,0.0,0,0
2411,3.937124729156494,0.0,0,0
2412,4.053311824798584,0.0,0,0
2413,3.6064441204071045,0.0,1,1
2414,3.842634916305542,0.0,1,1
2415,3.7918434143066406,0.0,1,1
2416,4.446120738983154,0.0,0,0
2417,4.431036949157715,0.0,1,1
2418,4.026435852050781,0.0,0,0
2419,3.867894172668457,0.0,1,1
2420,4.366477966308594,0.0,1,1
2421,4.273472309112549,0.0,0,0
2422,4.144132137298584,0.0,1,1
2423,4.456315040588379,0.0,1,1
2424,4.36174201965332,0.0,1,1
2425,4.489165306091309,0.0,1,1
2426,3.7612602710723877,0.0,1,1
2427,4.252202033996582,0.0,1,1
2428,4.59753942489624,0.0,0,0
2429,4.269477844238281,0.0,0,0
2430,4.3954644203186035,0.0,1,1
2431,4.719353675842285,0.0,0,0
2432,4.5532073974609375,0.0,1,1
2433,4.141833782196045,0.0,0,0
2434,5.409559726715088,0.0,0,0
2435,3.812244415283203,0.0,0,0
2436,3.3932082653045654,0.0,0,0
2437,3.8851382732391357,0.0,0,0
2438,4.002967834472656,0.0,0,0
2439,2.4771523475646973,0.0,0,0
2440,4.081408977508545,0.0,0,0
2441,3.474456310272217,0.0,0,0
2442,3.9822540283203125,0.0,1,1
2443,3.844425678253174,0.0,1,1
2444,4.035189628601074,0.0,1,1
2445,4.017725467681885,0.0,1,1
2446,3.601576566696167,0.0,0,0
2447,3.424769401550293,0.0,1,1
2448,3.7307093143463135,0.0,0,0
2449,3.1820552349090576,0.0,0,0
2450,3.686788320541382,0.0,1,1
2451,3.5980443954467773,0.0,0,0
2452,3.5829412937164307,0.0,0,0
2453,3.009981870651245,0.0,0,0
2454,4.13930082321167,0.0,1,1
2455,3.725508213043213,0.0,0,0
2456,4.080090045928955,0.0,0,0
2457,3.3219850063323975,0.0,1,1
2458,3.7415621280670166,0.0,1,1
2459,3.710576057434082,0.0,0,0
2460,3.733057975769043,0.0,0,0
2461,3.9684383869171143,0.0,0,0
2462,3.999274253845215,0.0,0,0
2463,3.9535164833068848,0.0,0,0
2464,2.899418830871582,0.0,1,1
2465,3.1480467319488525,0.0,0,0
2466,2.460752010345459,0.0,1,1
2467,3.4412729740142822,0.0,1,1
2468,3.671022415161133,0.0,1,1
2469,3.8456180095672607,0.0,1,1
2470,4.523624420166016,0.0,0,0
2471,3.8747527599334717,0.0,1,1
2472,3.643498182296753,0.0,0,0
2473,4.216118812561035,0.0,0,0
2474,4.467089653015137,0.0,0,0
2475,4.429232120513916,0.0,1,1
2476,3.639347791671753,0.0,0,0
2477,4.258943557739258,0.0,0,0
2478,4.253045558929443,0.0,0,0
2479,3.8260364532470703,0.0,0,0
2480,4.078103065490723,0.0,0,0
2481,2.3850700855255127,0.0,1,1
2482,4.005130290985107,0.0,1,1
2483,3.47668194770813,0.0,0,0
2484,3.969696283340454,0.0,0,0
2485,2.6007089614868164,0.0,0,0
2486,3.2293457984924316,0.0,1,1
2487,2.8467421531677246,0.0,1,1
2488,3.1919660568237305,0.0,0,0
2489,3.346820831298828,0.0,0,0
2490,3.2789177894592285,0.0,0,0
2491,3.7896175384521484,0.0,0,0
2492,3.5952606201171875,0.0,0,0
2493,3.0691945552825928,0.0,1,1
2494,3.1723122596740723,0.0,1,1
2495,4.468729496002197,0.0,1,1
2496,3.6411075592041016,0.0,1,1
2497,3.9264371395111084,0.0,0,0
2498,3.960228681564331,0.0,0,0
2499,4.380928993225098,0.0,1,1
2500,4.085089206695557,0.0,0,0
2501,2.729745626449585,0.0,1,1
2502,2.968111038208008,0.0,1,1
2503,3.49957275390625,0.0,0,0
2504,3.129368543624878,0.0,0,0
2505,3.41070818901062,0.0,1,1
2506,3.762552499771118,0.0,1,1
2507,3.642714023590088,0.0,1,1
2508,4.1161651611328125,0.0,0,0
2509,3.9392106533050537,0.0,1,1
2510,3.8291900157928467,0.0,0,0
2511,2.4177205562591553,0.0,1,1
2512,3.724215507507324,0.0,1,1
2513,4.179629802703857,0.0,0,0
2514,4.24667501449585,0.0,0,0
2515,4.150110244750977,0.0,0,0
2516,3.664128303527832,0.0,1,1
2517,3.9894673824310303,0.0,1,1
2518,4.039438724517822,0.0,0,0
2519,3.8066937923431396,0.0,0,0
2520,4.054410457611084,0.0,1,1
2521,3.8532068729400635,0.0,1,1
2522,4.608388423919678,0.0,1,1
2523,4.405897617340088,0.0,1,1
2524,4.04786491394043,0.0,0,0
2525,4.122369766235352,0.0,0,0
2526,4.500237464904785,0.0,0,0
2527,4.400350093841553,0.0,0,0
2528,4.425854682922363,0.0,0,0
2529,4.23780632019043,0.0,1,1
2530,4.7229108810424805,0.0,1,1
2531,4.141417026519775,0.0,0,0
2532,4.616293430328369,0.0,0,0
2533,4.379179000854492,0.0,1,1
2534,4.3429670333862305,0.0,1,1
2535,4.546090126037598,0.0,1,1
2536,3.934267520904541,0.0,0,0
2537,3.942469835281372,0.0,1,1
2538,4.104445457458496,0.0,1,1
2539,4.431034564971924,0.0,0,0
2540,4.5998358726501465,0.0,0,0
2541,4.7838897705078125,0.0,1,1
2542,3.316627264022827,0.0,1,1
2543,2.6286182403564453,0.0,0,0
2544,2.5233685970306396,0.0,0,0
2545,2.926048994064331,0.0,1,1
2546,2.9341487884521484,0.0,1,1
2547,2.6888656616210938,0.0,1,1
2548,3.7769458293914795,0.0,1,1
2549,3.0338354110717773,0.0,0,0
2550,3.262524127960205,0.0,1,1
2551,2.642472267150879,0.0,0,0
2552,3.1164395809173584,0.0,1,1
2553,3.562863349914551,0.0,1,1
2554,3.630060911178589,0.0,0,0
2555,3.366987466812134,0.0,0,0
2556,3.8056623935699463,0.0,1,1
2557,3.140869379043579,0.0,1,1
2558,4.0051350593566895,0.0,0,0
2559,3.820801258087158,0.0,0,0
2560,4.1457014083862305,0.0,0,0
2561,3.9961659908294678,0.0,1,1
2562,3.4714930057525635,0.0,1,1
2563,4.0287604331970215,0.0,0,0
2564,4.021564483642578,0.0,1,1
2565,3.822199583053589,0.0,1,1
2566,3.991408586502075,0.0,1,1
2567,4.084617614746094,0.0,1,1
2568,4.146134853363037,0.0,0,0
2569,3.936184883117676,0.0,0,0
2570,3.369920492172241,0.0,0,0
2571,3.679482936859131,0.0,0,0
2572,2.9991445541381836,0.0,0,0
2573,3.5778379440307617,0.0,0,0
2574,3.444753885269165,0.0,0,0
2575,3.2752685546875,0.0,0,0
2576,3.3227949142456055,0.0,0,0
2577,3.945056438446045,0.0,0,0
2578,3.148637294769287,0.0,1,1
2579,3.6033737659454346,0.0,1,1
2580,3.432258367538452,0.0,0,0
2581,3.33884859085083,0.0,1,1
2582,3.9608418941497803,0.0,0,0
2583,3.4888343811035156,0.0,1,1
2584,3.524132013320923,0.0,1,1
2585,3.820422649383545,0.0,1,1
2586,4.257970333099365,0.0,0,0
2587,4.158785820007324,0.0,1,1
2588,3.61859130859375,0.0,0,0
2589,4.083158016204834,0.0,1,1
2590,3.6971001625061035,0.0,0,0
2591,3.7267444133758545,0.0,0,0
2592,3.8829421997070312,0.0,0,0
2593,3.7407989501953125,0.0,0,0
2594,3.907942533493042,0.0,1,1
2595,3.9681363105773926,0.0,0,0
2596,3.6745078563690186,0.0,0,0
2597,3.7093212604522705,0.0,0,0
2598,3.9625415802001953,0.0,1,1
2599,3.3738887310028076,0.0,0,0
2600,4.553825378417969,0.0,1,1
2601,3.6862916946411133,0.0,0,0
2602,3.965162992477417,0.0,1,1
2603,4.252988815307617,0.0,0,0
2604,4.185041427612305,0.0,0,0
2605,4.270894527435303,0.0,0,0
2606,4.072366714477539,0.0,0,0
2607,3.617504835128784,0.0,0,0
2608,4.118034839630127,0.0,1,1
2609,4.043368816375732,0.0,1,1
2610,4.515142440795898,0.0,1,1
2611,4.791525840759277,0.0,0,0
2612,4.4340009689331055,0.0,0,0
2613,4.092688083648682,0.0,0,0
2614,4.345750331878662,0.0,1,1
2615,4.294142246246338,0.0,1,1
2616,3.8886983394622803,0.0,0,0
2617,4.714208126068115,0.0,0,0
2618,4.360559463500977,0.0,0,0
2619,3.983126401901245,0.0,1,1
2620,3.919816255569458,0.0,1,1
2621,2.889396905899048,0.0,0,0
2622,3.942955493927002,0.0,0,0
2623,3.0885493755340576,0.0,0,0
2624,3.8535866737365723,0.0,1,1
2625,3.4657845497131348,0.0,0,0
2626,3.281710624694824,0.0,0,0
2627,3.5061845779418945,0.0,0,0
2628,3.168933153152466,0.0,1,1
2629,3.819962978363037,0.0,1,1
2630,3.861586570739746,0.0,1,1
2631,3.410128593444824,0.0,0,0
2632,3.9100778102874756,0.0,0,0
2633,2.8120851516723633,0.0,1,1
2634,2.8778066635131836,0.0,0,0
2635,2.3929712772369385,0.0,1,1
2636,3.481430768966675,0.0,0,0
2637,3.3407342433929443,0.0,0,0
2638,3.4395663738250732,0.0,0,0
2639,3.63791823387146,0.0,1,1
2640,3.7865488529205322,0.0,1,1
2641,3.9098706245422363,0.0,1,1
2642,3.5228629112243652,0.0,0,0
2643,3.9775564670562744,0.0,1,1
2644,3.5711445808410645,0.0,1,1
2645,3.5355751514434814,0.0,0,0
2646,4.352016448974609,0.0,1,1
2647,4.194993495941162,0.0,0,0
2648,2.928358316421509,0.0,0,0
2649,1.343074917793274,0.0,0,0
2650,2.0255818367004395,0.0,0,0
2651,2.498913288116455,0.0,0,0
2652,2.9019386768341064,0.0,1,1
2653,3.6249186992645264,0.0,0,0
2654,3.3477132320404053,0.0,0,0
2655,3.896270275115967,0.0,1,1
2656,2.759350299835205,0.0,0,0
2657,3.4747352600097656,0.0,1,1
2658,3.769474983215332,0.0,1,1
2659,3.638676881790161,0.0,1,1
2660,3.254044771194458,0.0,0,0
2661,3.333827018737793,0.0,1,1
2662,3.9252119064331055,0.0,0,0
2663,3.098726749420166,0.0,1,1
2664,3.5781922340393066,0.0,0,0
2665,3.2752685546875,0.0,0,0
2666,3.5034258365631104,0.0,1,1
2667,3.9751176834106445,0.0,1,1
2668,3.887902021408081,0.0,0,0
2669,3.889665365219116,0.0,1,1
2670,3.747762441635132,0.0,0,0
2671,4.146142959594727,0.0,1,1
2672,4.07342004776001,0.0,1,1
2673,3.3856287002563477,0.0,1,1
2674,3.6492857933044434,0.0,1,1
2675,4.271796226501465,0.0,1,1
2676,4.103676795959473,0.0,1,1
2677,4.194974899291992,0.0,0,0
2678,3.4832396507263184,0.0,1,1
2679,4.327598571777344,0.0,0,0
2680,4.424384117126465,0.0,1,1
2681,3.2655365467071533,0.0,1,1
2682,3.0685830116271973,0.0,1,1
2683,4.119377136230469,0.0,1,1
2684,3.7437009811401367,0.0,1,1
2685,4.088140487670898,0.0,1,1
2686,3.0256054401397705,0.0,1,1
2687,3.40144419670105,0.0,0,0
2688,4.611741542816162,0.0,0,0
2689,3.9360368251800537,0.0,1,1
2690,2.4502904415130615,0.0,0,0
2691,3.2272696495056152,0.0,1,1
2692,2.9159059524536133,0.0,0,0
2693,3.2160017490386963,0.0,0,0
2694,3.5771710872650146,0.0,1,1
2695,3.5935919284820557,0.0,1,1
2696,3.152284860610962,0.0,0,0
2697,3.0884695053100586,0.0,1,1
2698,3.230534553527832,0.0,1,1
2699,3.6616480350494385,0.0,1,1
2700,2.125480890274048,0.0,1,1
2701,2.8923473358154297,0.0,1,1
2702,2.84114146232605,0.0,0,0
2703,3.590850591659546,0.0,0,0
2704,2.7981836795806885,0.0,0,0
2705,2.63923716545105,0.0,0,0
2706,2.621121883392334,0.0,0,0
2707,2.5764405727386475,0.0,1,1
2708,3.04313325881958,0.0,1,1
2709,2.917253255844116,0.0,1,1
2710,3.324071168899536,0.0,0,0
2711,3.4276859760284424,0.0,1,1
2712,3.3006880283355713,0.0,1,1
2713,3.542653799057007,0.0,0,0
2714,4.122405529022217,0.0,0,0
2715,3.2049500942230225,0.0,1,1
2716,4.650813102722168,0.0,1,1
2717,4.339155673980713,0.0,1,1
2718,4.385781764984131,0.0,1,1
2719,4.00423526763916,0.0,0,0
2720,4.1776814460754395,0.0,1,1
2721,3.9053995609283447,0.0,0,0
2722,4.31798791885376,0.0,1,1
2723,4.097888469696045,0.0,1,1
2724,4.22374153137207,0.0,0,0
2725,4.377305030822754,0.0,1,1
2726,4.055421352386475,0.0,1,1
2727,4.169426441192627,0.0,1,1
2728,3.887653350830078,0.0,1,1
2729,4.776407241821289,0.0,1,1
2730,3.3748416900634766,0.0,1,1
2731,3.3135595321655273,0.0,0,0
2732,4.04006814956665,0.0,1,1
2733,3.7517411708831787,0.0,1,1
2734,2.386176109313965,0.0,0,0
2735,3.0684969425201416,0.0,1,1
2736,2.814603328704834,0.0,1,1
2737,3.139164924621582,0.0,1,1
2738,3.256617784500122,0.0,0,0
2739,3.2930991649627686,0.0,1,1
2740,3.6814467906951904,0.0,0,0
2741,3.8672854900360107,0.0,1,1
2742,3.9745383262634277,0.0,0,0
2743,3.7607791423797607,0.0,1,1
2744,3.1318280696868896,0.0,1,1
2745,3.3734629154205322,0.0,0,0
2746,2.797980308532715,0.0,0,0
2747,3.260946273803711,0.0,0,0
2748,3.8502590656280518,0.0,0,0
2749,3.8175618648529053,0.0,0,0
2750,3.6577250957489014,0.0,0,0
2751,4.311060428619385,0.0,1,1
2752,4.179933071136475,0.0,1,1
2753,4.20512056350708,0.0,0,0
2754,4.085715293884277,0.0,0,0
2755,3.8110198974609375,0.0,1,1
2756,3.843430757522583,0.0,0,0
2757,4.470731735229492,0.0,0,0
2758,4.4003705978393555,0.0,0,0
2759,4.656233787536621,0.0,1,1
2760,4.45543098449707,0.0,0,0
2761,3.8580055236816406,0.0,1,1
2762,4.505215644836426,0.0,1,1
2763,4.006825923919678,0.0,1,1
2764,4.3457350730896,0.0,1,1
2765,4.170525074005127,0.0,1,1
2766,4.2845845222473145,0.0,0,0
2767,3.6608238220214844,0.0,0,0
2768,3.9704396724700928,0.0,1,1
2769,3.3749337196350098,0.0,0,0
2770,3.5489964485168457,0.0,0,0
2771,3.3313510417938232,0.0,0,0
2772,4.330787658691406,0.0,0,0
2773,3.2850794792175293,0.0,0,0
2774,3.3293163776397705,0.0,1,1
2775,2.890808582305908,0.0,1,1
2776,3.8467648029327393,0.0,1,1
2777,3.1630895137786865,0.0,1,1
2778,3.5455498695373535,0.0,0,0
2779,3.378220796585083,0.0,0,0
2780,3.268925428390503,0.0,1,1
2781,3.4438555240631104,0.0,1,1
2782,3.6319408416748047,0.0,0,0
2783,3.5510997772216797,0.0,0,0
2784,3.034496307373047,0.0,1,1
2785,2.965317487716675,0.0,0,0
2786,3.0398471355438232,0.0,0,0
2787,2.878882646560669,0.0,0,0
2788,2.890247106552124,0.0,1,1
2789,3.1825904846191406,0.0,0,0
2790,2.9181036949157715,0.0,0,0
2791,2.9761905670166016,0.0,1,1
2792,2.6125588417053223,0.0,1,1
2793,3.0939674377441406,0.0,1,1
2794,2.7865359783172607,0.0,1,1
2795,3.3548390865325928,0.0,0,0
2796,3.324070453643799,0.0,1,1
2797,3.002641201019287,0.0,0,0
2798,3.7083652019500732,0.0,1,1
2799,3.4384915828704834,0.0,0,0
2800,3.2441070079803467,0.0,1,1
2801,4.245248794555664,0.0,1,1
2802,4.28589391708374,0.0,0,0
2803,3.437005043029785,0.0,1,1
2804,3.50818133354187,0.0,0,0
2805,3.830775260925293,0.0,1,1
2806,3.5074243545532227,0.0,1,1
2807,3.779669761657715,0.0,1,1
2808,3.7731130123138428,0.0,0,0
2809,3.822861909866333,0.0,0,0
2810,3.7075257301330566,0.0,1,1
2811,3.8871002197265625,0.0,0,0
2812,3.886955976486206,0.0,0,0
2813,4.316575527191162,0.0,1,1
2814,3.7993428707122803,0.0,1,1
2815,3.759279251098633,0.0,0,0
2816,3.456059217453003,0.0,0,0
2817,4.023961067199707,0.0,1,1
2818,4.430586814880371,0.0,0,0
2819,2.959873676300049,0.0,0,0
2820,3.0561022758483887,0.0,0,0
2821,3.3384199142456055,0.0,0,0
2822,2.8582375049591064,0.0,0,0
2823,3.7186617851257324,0.0,0,0
2824,3.638016700744629,0.0,0,0
2825,4.513160705566406,0.0,1,1
2826,3.418208599090576,0.0,1,1
2827,3.9913489818573,0.0,1,1
2828,3.4300692081451416,0.0,1,1
2829,3.708116054534912,0.0,1,1
2830,3.5729501247406006,0.0,1,1
2831,4.677690029144287,0.0,0,0
2832,3.7296693325042725,0.0,0,0
2833,4.104231834411621,0.0,1,1
2834,4.240261554718018,0.0,0,0
2835,4.564910411834717,0.0,1,1
2836,4.306295871734619,0.0,0,0
2837,4.097846508026123,0.0,0,0
2838,4.045381546020508,0.0,0,0
2839,4.517011642456055,0.0,0,0
2840,3.9455714225769043,0.0,1,1
2841,4.117550373077393,0.0,1,1
2842,4.449785232543945,0.0,0,0
2843,4.438960075378418,0.0,0,0
2844,4.131280899047852,0.0,0,0
2845,4.591190338134766,0.0,1,1
2846,4.055663108825684,0.0,1,1
2847,4.8205180168151855,0.0,1,1
2848,4.013541221618652,0.0,0,0
2849,3.9439375400543213,0.0,0,0
2850,4.456547260284424,0.0,0,0
2851,3.9912257194519043,0.0,1,1
2852,3.380023717880249,0.0,1,1
2853,3.501466751098633,0.0,1,1
2854,3.6887080669403076,0.0,0,0
2855,3.5968704223632812,0.0,0,0
2856,3.993518352508545,0.0,1,1
2857,3.9842922687530518,0.0,0,0
2858,3.6678926944732666,0.0,1,1
2859,3.5111606121063232,0.0,1,1
2860,2.93017840385437,0.0,0,0
2861,3.120924472808838,0.0,0,0
2862,3.4184682369232178,0.0,0,0
2863,3.738405227661133,0.0,0,0
2864,3.8045191764831543,0.0,0,0
2865,3.8867850303649902,0.0,1,1
2866,3.418933629989624,0.0,1,1
2867,3.62235951423645,0.0,0,0
2868,3.11981201171875,0.0,1,1
2869,3.259141206741333,0.0,1,1
2870,3.877242088317871,0.0,1,1
2871,3.356496572494507,0.0,1,1
2872,2.8687453269958496,0.0,0,0
2873,3.190778970718384,0.0,1,1
2874,3.6046969890594482,0.0,0,0
2875,3.8781259059906006,0.0,0,0
2876,3.0588338375091553,0.0,1,1
2877,3.955061674118042,0.0,1,1
2878,3.4181947708129883,0.0,1,1
2879,3.5281453132629395,0.0,0,0
2880,3.037473201751709,0.0,1,1
2881,3.757388114929199,0.0,1,1
2882,3.040856122970581,0.0,0,0
2883,3.0046226978302,0.0,0,0
2884,3.9960551261901855,0.0,0,0
2885,3.472202777862549,0.0,0,0
2886,3.87278413772583,0.0,1,1
2887,3.8040406703948975,0.0,1,1
2888,3.5610430240631104,0.0,1,1
2889,3.7730376720428467,0.0,0,0
2890,3.6444520950317383,0.0,0,0
2891,3.6082398891448975,0.0,1,1
2892,3.6657636165618896,0.0,0,0
2893,3.647822856903076,0.0,0,0
2894,4.133646011352539,0.0,0,0
2895,3.410985231399536,0.0,0,0
2896,3.6450178623199463,0.0,1,1
2897,3.7881839275360107,0.0,0,0
2898,3.7025208473205566,0.0,1,1
2899,3.1704771518707275,0.0,0,0
2900,3.93833065032959,0.0,0,0
2901,3.8330774307250977,0.0,1,1
2902,3.7783520221710205,0.0,0,0
2903,3.6128170490264893,0.0,0,0
2904,4.058010101318359,0.0,1,1
2905,3.7705790996551514,0.0,1,1
2906,3.6879327297210693,0.0,0,0
2907,4.172800540924072,0.0,1,1
2908,3.6311254501342773,0.0,0,0
2909,4.391650199890137,0.0,1,1
2910,3.5702168941497803,0.0,1,1
2911,4.05372428894043,0.0,1,1
2912,3.761077642440796,0.0,1,1
2913,3.917517900466919,0.0,1,1
2914,3.8804075717926025,0.0,0,0
2915,4.371590614318848,0.0,1,1
2916,4.331252098083496,0.0,1,1
2917,4.02225923538208,0.0,0,0
2918,3.5212411880493164,0.0,1,1
2919,4.0655131340026855,0.0,0,0
2920,3.7187540531158447,0.0,1,1
2921,3.871453285217285,0.0,1,1
2922,4.08308744430542,0.0,0,0
2923,3.5712435245513916,0.0,1,1
2924,3.410815477371216,0.0,1,1
2925,3.7036712169647217,0.0,0,0
2926,4.097668170928955,0.0,0,0
2927,4.413451194763184,0.0,1,1
2928,4.133893013000488,0.0,1,1
2929,4.270240783691406,0.0,1,1
2930,3.8178248405456543,0.0,1,1
2931,3.650310754776001,0.0,1,1
2932,4.285843372344971,0.0,1,1
2933,3.874119997024536,0.0,0,0
2934,3.736837387084961,0.0,0,0
2935,3.856877565383911,0.0,1,1
2936,4.049731731414795,0.0,1,1
2937,4.345494747161865,0.0,0,0
2938,4.136501789093018,0.0,1,1
2939,3.8341164588928223,0.0,1,1
2940,4.198945045471191,0.0,0,0
2941,3.8350234031677246,0.0,0,0
2942,3.9744911193847656,0.0,0,0
2943,3.9807240962982178,0.0,1,1
2944,3.6757025718688965,0.0,0,0
2945,3.5612363815307617,0.0,0,0
2946,3.149151563644409,0.0,0,0
2947,4.15719747543335,0.0,1,1
2948,4.142992973327637,0.0,0,0
2949,4.080508232116699,0.0,0,0
2950,3.9272515773773193,0.0,0,0
2951,3.7263402938842773,0.0,0,0
2952,4.237722396850586,0.0,0,0
2953,3.719494104385376,0.0,0,0
2954,3.286991596221924,0.0,0,0
2955,4.185952186584473,0.0,0,0
2956,3.8554558753967285,0.0,1,1
2957,3.6422739028930664,0.0,1,1
2958,3.7939629554748535,0.0,0,0
2959,3.7288193702697754,0.0,1,1
2960,4.110587120056152,0.0,1,1
2961,4.199404716491699,0.0,0,0
2962,3.7315328121185303,0.0,1,1
2963,3.1210391521453857,0.0,1,1
2964,3.654341459274292,0.0,1,1
2965,3.4910480976104736,0.0,1,1
2966,3.2785439491271973,0.0,0,0
2967,3.4980924129486084,0.0,1,1
2968,1.8154469728469849,0.0,1,1
2969,1.8951915502548218,0.0,0,0
2970,2.8868868350982666,0.0,1,1
2971,3.586127996444702,0.0,0,0
2972,3.08072829246521,0.0,0,0
2973,3.5821750164031982,0.0,0,0
2974,3.6503653526306152,0.0,0,0
2975,3.2505342960357666,0.0,0,0
2976,3.3150479793548584,0.0,0,0
2977,3.097383499145508,0.0,0,0
2978,3.0332067012786865,0.0,0,0
2979,3.7046823501586914,0.0,0,0
2980,3.7240138053894043,0.0,1,1
2981,4.293583393096924,0.0,0,0
2982,3.8597140312194824,0.0,1,1
2983,3.938027858734131,0.0,0,0
2984,3.139125347137451,0.0,0,0
2985,3.3312647342681885,0.0,0,0
2986,3.4473512172698975,0.0,0,0
2987,4.081917762756348,0.0,0,0
2988,3.867213487625122,0.0,1,1
2989,3.2882471084594727,0.0,0,0
2990,3.687673807144165,0.0,1,1
2991,3.6478731632232666,0.0,0,0
2992,4.357152938842773,0.0,1,1
2993,4.509561538696289,0.0,1,1
2994,3.7881522178649902,0.0,0,0
2995,2.823302984237671,0.0,1,1
2996,3.48226261138916,0.0,0,0
2997,3.503875255584717,0.0,1,1
2998,3.327404499053955,0.0,0,0
2999,3.7889270782470703,0.0,1,1
3000,3.837477684020996,0.0,0,0
3001,3.693532943725586,0.0,0,0
3002,3.7941231727600098,0.0,1,1
3003,3.5140461921691895,0.0,0,0
3004,3.986419200897217,0.0,0,0
3005,3.112985372543335,0.0,1,1
3006,3.1496126651763916,0.0,0,0
3007,3.1029748916625977,0.0,0,0
3008,3.0734310150146484,0.0,1,1
3009,3.848978281021118,0.0,1,1
3010,3.773339033126831,0.0,1,1
3011,3.7664737701416016,0.0,0,0
3012,3.8040757179260254,0.0,1,1
3013,4.020057201385498,0.0,1,1
3014,3.792297124862671,0.0,0,0
3015,3.433738946914673,0.0,0,0
3016,3.2917940616607666,0.0,1,1
3017,3.484801769256592,0.0,0,0
3018,4.163580894470215,0.0,1,1
3019,4.666408538818359,0.0,1,1
3020,4.150956630706787,0.0,1,1
3021,4.1393327713012695,0.0,0,0
3022,4.231145858764648,0.0,1,1
3023,3.9746618270874023,0.0,0,0
3024,3.8617918491363525,0.0,0,0
3025,4.789743900299072,0.0,1,1
3026,4.768478870391846,0.0,0,0
3027,3.6989550590515137,0.0,1,1
3028,3.255054473876953,0.0,0,0
3029,2.841744899749756,0.0,1,1
3030,3.6467249393463135,0.0,1,1
3031,4.0099616050720215,0.0,1,1
3032,4.232498645782471,0.0,0,0
3033,3.7240259647369385,0.0,0,0
3034,3.9698314666748047,0.0,0,0
3035,4.010639190673828,0.0,0,0
3036,3.7928788661956787,0.0,0,0
3037,4.111429691314697,0.0,1,1
3038,4.3275017738342285,0.0,0,0
3039,3.5931286811828613,0.0,0,0
3040,3.6340723037719727,0.0,0,0
3041,3.8823087215423584,0.0,1,1
3042,3.756757974624634,0.0,1,1
3043,3.811387300491333,0.0,1,1
3044,3.7912731170654297,0.0,0,0
3045,3.6018919944763184,0.0,0,0
3046,3.6946892738342285,0.0,1,1
3047,3.5210461616516113,0.0,1,1
3048,3.691406726837158,0.0,0,0
3049,3.9726457595825195,0.0,0,0
3050,3.866933584213257,0.0,0,0
3051,3.935340642929077,0.0,0,0
3052,3.4371261596679688,0.0,1,1
3053,3.302457809448242,0.0,1,1
3054,3.4127142429351807,0.0,1,1
3055,4.11651086807251,0.0,1,1
3056,3.9589858055114746,0.0,0,0
3057,3.644108772277832,0.0,0,0
3058,3.6785013675689697,0.0,1,1
3059,3.442089319229126,0.0,0,0
3060,3.7702059745788574,0.0,0,0
3061,4.05260705947876,0.0,0,0
3062,3.8020613193511963,0.0,1,1
3063,4.289720058441162,0.0,1,1
3064,3.6248183250427246,0.0,1,1
3065,4.042667865753174,0.0,0,0
3066,4.188985347747803,0.0,1,1
3067,3.6840085983276367,0.0,1,1
3068,3.2624926567077637,0.0,1,1
3069,3.1461071968078613,0.0,1,1
3070,3.412498712539673,0.0,1,1
3071,3.629563808441162,0.0,0,0
3072,3.2751591205596924,0.0,1,1
3073,3.326848030090332,0.0,0,0
3074,3.4825706481933594,0.0,0,0
3075,3.431673049926758,0.0,1,1
3076,3.448227882385254,0.0,0,0
3077,3.835096597671509,0.0,0,0
3078,3.3829689025878906,0.0,0,0
3079,3.4475491046905518,0.0,0,0
3080,4.005765914916992,0.0,0,0
3081,3.6126296520233154,0.0,1,1
3082,4.04694128036499,0.0,1,1
3083,4.138993263244629,0.0,1,1
3084,4.192039966583252,0.0,0,0
3085,4.469210147857666,0.0,0,0
3086,4.143655300140381,0.0,1,1
3087,3.978445291519165,0.0,1,1
3088,3.578704595565796,0.0,0,0
3089,4.464385509490967,0.0,1,1
3090,3.776031970977783,0.0,1,1
3091,3.996251344680786,0.0,1,1
3092,3.352294445037842,0.0,1,1
3093,3.7131946086883545,0.0,0,0
3094,3.825076103210449,0.0,1,1
3095,3.5529682636260986,0.0,1,1
3096,3.125941753387451,0.0,0,0
3097,3.5831260681152344,0.0,1,1
3098,3.866381883621216,0.0,1,1
3099,3.9258997440338135,0.0,1,1
3100,4.404417991638184,0.0,0,0
3101,4.451029300689697,0.0,1,1
3102,3.9586946964263916,0.0,0,0
3103,3.4857232570648193,0.0,0,0
3104,3.9529831409454346,0.0,0,0
3105,3.6995608806610107,0.0,1,1
3106,3.3179328441619873,0.0,1,1
3107,3.9031896591186523,0.0,0,0
3108,3.2525808811187744,0.0,1,1
3109,3.416153907775879,0.0,0,0
3110,3.8658816814422607,0.0,0,0
3111,3.9707982540130615,0.0,1,1
3112,4.722441673278809,0.0,0,0
3113,4.055305004119873,0.0,1,1
3114,2.8893113136291504,0.0,0,0
3115,3.6357266902923584,0.0,1,1
3116,4.254422664642334,0.0,0,0
3117,4.3380608558654785,0.0,1,1
3118,4.756600379943848,0.0,1,1
3119,5.036821365356445,0.0,1,1
3120,4.693286895751953,0.0,1,1
3121,4.264248847961426,0.0,0,0
3122,3.4249422550201416,0.0,0,0
3123,3.2275748252868652,0.0,1,1
3124,4.180156707763672,0.0,1,1
3125,3.3841514587402344,0.0,1,1
3126,3.552384376525879,0.0,0,0
3127,3.714113235473633,0.0,1,1
3128,3.3005735874176025,0.0,0,0
3129,3.086916923522949,0.0,0,0
3130,3.251646041870117,0.0,1,1
3131,3.1326117515563965,0.0,1,1
3132,3.3902480602264404,0.0,1,1
3133,3.496920347213745,0.0,1,1
3134,3.7322447299957275,0.0,0,0
3135,3.681901693344116,0.0,1,1
3136,3.556354522705078,0.0,1,1
3137,4.163416385650635,0.0,0,0
3138,3.507249593734741,0.0,0,0
3139,4.192321300506592,0.0,0,0
3140,3.4110190868377686,0.0,0,0
3141,4.024762153625488,0.0,0,0
3142,3.9078404903411865,0.0,0,0
3143,4.374306678771973,0.0,1,1
3144,3.7056796550750732,0.0,1,1
3145,4.1854753494262695,0.0,1,1
3146,4.231378555297852,0.0,1,1
3147,3.534789800643921,0.0,1,1
3148,3.6870362758636475,0.0,1,1
3149,2.8484597206115723,0.0,1,1
3150,3.649998426437378,0.0,1,1
3151,3.2877161502838135,0.0,1,1
3152,3.4636070728302,0.0,1,1
3153,3.2638556957244873,0.0,0,0
3154,3.5442230701446533,0.0,1,1
3155,3.6578612327575684,0.0,0,0
3156,3.18974232673645,0.0,1,1
3157,3.2537765502929688,0.0,1,1
3158,3.3416264057159424,0.0,0,0
3159,3.8756840229034424,0.0,0,0
3160,3.528256416320801,0.0,1,1
3161,3.5483405590057373,0.0,0,0
3162,3.5203499794006348,0.0,0,0
3163,3.6705682277679443,0.0,1,1
3164,3.120087146759033,0.0,0,0
3165,3.7582404613494873,0.0,1,1
3166,3.6204469203948975,0.0,1,1
3167,3.415621042251587,0.0,1,1
3168,3.94797682762146,0.0,0,0
3169,3.816434144973755,0.0,0,0
3170,3.9190163612365723,0.0,1,1
3171,3.5834624767303467,0.0,1,1
3172,3.094219207763672,0.0,0,0
3173,4.13967752456665,0.0,0,0
3174,3.6606507301330566,0.0,0,0
3175,4.3422956466674805,0.0,0,0
3176,4.280037879943848,0.0,0,0
3177,3.53943133354187,0.0,0,0
3178,4.034851551055908,0.0,0,0
3179,3.4950833320617676,0.0,1,1
3180,4.0636162757873535,0.0,1,1
3181,3.2175652980804443,0.0,0,0
3182,3.9018664360046387,0.0,0,0
3183,3.631770610809326,0.0,0,0
3184,3.8975751399993896,0.0,0,0
3185,4.169137477874756,0.0,0,0
3186,3.267223596572876,0.0,0,0
3187,2.710874080657959,0.0,1,1
3188,3.5207202434539795,0.0,1,1
3189,2.7676446437835693,0.0,0,0
3190,3.326951026916504,0.0,0,0
3191,3.7041313648223877,0.0,0,0
3192,4.159285068511963,0.0,1,1
3193,3.881182909011841,0.0,0,0
3194,3.54071307182312,0.0,1,1
3195,4.037047386169434,0.0,0,0
3196,4.359212875366211,0.0,1,1
3197,4.119074821472168,0.0,1,1
3198,3.5425333976745605,0.0,0,0
3199,3.9745492935180664,0.0,1,1
3200,3.8779375553131104,0.0,1,1
3201,3.732450246810913,0.0,1,1
3202,3.9251255989074707,0.0,1,1
3203,3.936629295349121,0.0,1,1
3204,3.904601573944092,0.0,0,0
3205,4.055699825286865,0.0,0,0
3206,4.334469795227051,0.0,1,1
3207,4.3810930252075195,0.0,1,1
3208,4.4229278564453125,0.0,0,0
3209,4.466396808624268,0.0,1,1
3210,3.5516741275787354,0.0,1,1
3211,3.768026828765869,0.0,0,0
3212,3.3684003353118896,0.0,0,0
3213,3.9443018436431885,0.0,0,0
3214,3.8950555324554443,0.0,0,0
3215,3.9835920333862305,0.0,0,0
3216,3.3505055904388428,0.0,1,1
3217,3.600898027420044,0.0,0,0
3218,3.760225534439087,0.0,1,1
3219,3.6521685123443604,0.0,0,0
3220,3.988858461380005,0.0,0,0
3221,3.8926024436950684,0.0,1,1
3222,4.213505744934082,0.0,0,0
3223,4.193455696105957,0.0,0,0
3224,3.804319381713867,0.0,0,0
3225,3.854692220687866,0.0,1,1
3226,4.612956523895264,0.0,0,0
3227,4.032702922821045,0.0,0,0
3228,3.8033013343811035,0.0,1,1
3229,3.854532480239868,0.0,1,1
3230,4.284801483154297,0.0,1,1
3231,4.431123733520508,0.0,0,0
3232,3.511215925216675,0.0,0,0
3233,3.325971841812134,0.0,1,1
3234,3.2090845108032227,0.0,0,0
3235,4.073085308074951,0.0,1,1
3236,3.4504194259643555,0.0,0,0
3237,4.277644634246826,0.0,0,0
3238,3.954416513442993,0.0,1,1
3239,3.765921115875244,0.0,0,0
3240,3.385979175567627,0.0,0,0
3241,2.942410469055176,0.0,1,1
3242,3.158867835998535,0.0,1,1
3243,3.6055004596710205,0.0,0,0
3244,2.5067803859710693,0.0,1,1
3245,3.8060946464538574,0.0,1,1
3246,3.1762783527374268,0.0,1,1
3247,3.764493942260742,0.0,0,0
3248,3.712278366088867,0.0,1,1
3249,3.077890157699585,0.0,1,1
3250,3.4618403911590576,0.0,1,1
3251,3.8733489513397217,0.0,1,1
3252,4.122727394104004,0.0,0,0
3253,4.109299182891846,0.0,1,1
3254,3.6872806549072266,0.0,0,0
3255,3.6154747009277344,0.0,1,1
3256,3.887572765350342,0.0,1,1
3257,3.4853594303131104,0.0,1,1
3258,3.7862768173217773,0.0,1,1
3259,3.7718255519866943,0.0,0,0
3260,3.227743625640869,0.0,1,1
3261,3.333994150161743,0.0,0,0
3262,3.2842304706573486,0.0,0,0
3263,3.6594760417938232,0.0,0,0
3264,3.8497462272644043,0.0,1,1
3265,3.312241554260254,0.0,1,1
3266,3.316716194152832,0.0,0,0
3267,3.5268566608428955,0.0,1,1
3268,3.343311071395874,0.0,0,0
3269,4.166265964508057,0.0,1,1
3270,4.017043590545654,0.0,0,0
3271,3.2274584770202637,0.0,0,0
3272,3.4923501014709473,0.0,1,1
3273,3.3068013191223145,0.0,0,0
3274,3.470731496810913,0.0,1,1
3275,2.9972307682037354,0.0,1,1
3276,3.58200740814209,0.0,0,0
3277,4.131004333496094,0.0,0,0
3278,4.033890247344971,0.0,0,0
3279,4.56138277053833,0.0,1,1
3280,4.010306358337402,0.0,0,0
3281,3.6022281646728516,0.0,0,0
3282,2.814342498779297,0.0,1,1
3283,3.670551300048828,0.0,0,0
3284,3.9373388290405273,0.0,1,1
3285,3.5238454341888428,0.0,0,0
3286,3.795008659362793,0.0,1,1
3287,3.07611346244812,0.0,1,1
3288,4.166774272918701,0.0,0,0
3289,4.090228080749512,0.0,0,0
3290,3.104665994644165,0.0,1,1
3291,3.339794635772705,0.0,0,0
3292,1.603139042854309,0.0,0,0
3293,2.404545545578003,0.0,0,0
3294,3.4697086811065674,0.0,0,0
3295,4.5213942527771,0.0,0,0
3296,4.441605567932129,0.0,1,1
3297,4.049728870391846,0.0,0,0
3298,3.8346543312072754,0.0,0,0
3299,4.288390159606934,0.0,0,0
3300,3.903170108795166,0.0,0,0
3301,3.773702383041382,0.0,1,1
3302,3.5029735565185547,0.0,1,1
3303,3.395475387573242,0.0,1,1
3304,3.279512405395508,0.0,0,0
3305,4.336867809295654,0.0,1,1
3306,4.280086517333984,0.0,1,1
3307,3.6512656211853027,0.0,1,1
3308,3.4994149208068848,0.0,1,1
3309,3.438854932785034,0.0,0,0
3310,3.737657070159912,0.0,1,1
3311,3.2190864086151123,0.0,1,1
3312,3.8440463542938232,0.0,0,0
3313,3.457482099533081,0.0,1,1
3314,3.8881473541259766,0.0,1,1
3315,3.9548864364624023,0.0,1,1
3316,3.935293436050415,0.0,1,1
3317,4.188312530517578,0.0,1,1
3318,3.3119747638702393,0.0,0,0
3319,3.685410737991333,0.0,1,1
3320,3.177873134613037,0.0,0,0
3321,3.5933899879455566,0.0,1,1
3322,4.400479793548584,0.0,0,0
3323,2.6494340896606445,0.0,0,0
3324,3.3531606197357178,0.0,1,1
3325,2.7968616485595703,0.0,1,1
3326,3.404465436935425,0.0,0,0
3327,2.6677439212799072,0.0,0,0
3328,3.0159075260162354,0.0,0,0
3329,2.8804996013641357,0.0,1,1
3330,3.9419357776641846,0.0,0,0
3331,3.497392416000366,0.0,1,1
3332,3.9499404430389404,0.0,1,1
3333,4.067427635192871,0.0,0,0
3334,4.390044689178467,0.0,0,0
3335,3.5321993827819824,0.0,1,1
3336,3.6350011825561523,0.0,1,1
3337,3.992732286453247,0.0,0,0
3338,3.7020747661590576,0.0,1,1
3339,4.209681510925293,0.0,1,1
3340,3.6280925273895264,0.0,1,1
3341,3.7542545795440674,0.0,1,1
3342,4.260679244995117,0.0,1,1
3343,3.92822265625,0.0,0,0
3344,3.8091745376586914,0.0,0,0
3345,4.1677727699279785,0.0,1,1
3346,4.086255073547363,0.0,1,1
3347,3.9908103942871094,0.0,1,1
3348,4.118219375610352,0.0,1,1
3349,4.525550842285156,0.0,0,0
3350,4.337366580963135,0.0,1,1
3351,4.023409366607666,0.0,1,1
3352,3.6637043952941895,0.0,1,1
3353,4.363278388977051,0.0,1,1
3354,3.8907384872436523,0.0,1,1
3355,3.826690912246704,0.0,0,0
3356,4.222977161407471,0.0,1,1
3357,3.8519978523254395,0.0,1,1
3358,3.7138619422912598,0.0,0,0
3359,3.3985536098480225,0.0,1,1
3360,4.531777381896973,0.0,0,0
3361,3.9297850131988525,0.0,0,0
3362,4.08110237121582,0.0,1,1
3363,3.7457056045532227,0.0,1,1
3364,4.019576549530029,0.0,0,0
3365,4.3564534187316895,0.0,0,0
3366,3.886033773422241,0.0,1,1
3367,4.2029242515563965,0.0,1,1
3368,3.6484665870666504,0.0,0,0
3369,3.7148444652557373,0.0,0,0
3370,3.8494925498962402,0.0,1,1
3371,3.174229860305786,0.0,1,1
3372,1.2456592321395874,0.0,1,1
3373,2.004868984222412,0.0,1,1
3374,3.0831446647644043,0.0,0,0
3375,3.265756845474243,0.0,0,0
3376,3.8298983573913574,0.0,1,1
3377,4.330927848815918,0.0,1,1
3378,3.053321599960327,0.0,0,0
3379,3.8323004245758057,0.0,1,1
3380,3.712294578552246,0.0,1,1
3381,3.999358892440796,0.0,1,1
3382,3.4851877689361572,0.0,0,0
3383,3.4008045196533203,0.0,1,1
3384,3.720592975616455,0.0,1,1
3385,3.9392433166503906,0.0,0,0
3386,3.345223903656006,0.0,0,0
3387,3.3723063468933105,0.0,0,0
3388,3.7959229946136475,0.0,1,1
3389,3.819075584411621,0.0,1,1
3390,3.4459187984466553,0.0,1,1
3391,3.5492894649505615,0.0,1,1
3392,4.132077693939209,0.0,0,0
3393,4.186345100402832,0.0,1,1
3394,3.3592960834503174,0.0,1,1
3395,3.858705520629883,0.0,0,0
3396,3.8848519325256348,0.0,0,0
3397,4.270458698272705,0.0,1,1
3398,4.1343994140625,0.0,0,0
3399,4.097256660461426,0.0,1,1
3400,3.267085313796997,0.0,1,1
3401,3.713437080383301,0.0,1,1
3402,3.9096713066101074,0.0,0,0
3403,3.5166709423065186,0.0,1,1
3404,4.068843841552734,0.0,1,1
3405,3.9488792419433594,0.0,0,0
3406,3.65215802192688,0.0,0,0
3407,3.4217817783355713,0.0,1,1
3408,3.963937520980835,0.0,0,0
3409,3.5865142345428467,0.0,0,0
3410,3.544123649597168,0.0,1,1
3411,3.572049617767334,0.0,0,0
3412,2.9273335933685303,0.0,1,1
3413,3.027815103530884,0.0,0,0
3414,3.281278371810913,0.0,0,0
3415,2.658493757247925,0.0,0,0
3416,2.8229305744171143,0.0,0,0
3417,3.2493839263916016,0.0,1,1
3418,3.5147087574005127,0.0,1,1
3419,3.5306100845336914,0.0,1,1
3420,3.7986044883728027,0.0,0,0
3421,3.3406059741973877,0.0,1,1
3422,4.122194766998291,0.0,0,0
3423,3.9281818866729736,0.0,1,1
3424,3.6353838443756104,0.0,1,1
3425,3.245833396911621,0.0,0,0
3426,3.208730459213257,0.0,0,0
3427,3.544088840484619,0.0,0,0
3428,3.9042978286743164,0.0,0,0
3429,3.759888172149658,0.0,0,0
3430,4.322149753570557,0.0,0,0
3431,3.317523956298828,0.0,1,1
3432,3.835111618041992,0.0,0,0
3433,4.000694751739502,0.0,1,1
3434,3.8187382221221924,0.0,1,1
3435,4.293560028076172,0.0,0,0
3436,3.225368022918701,0.0,0,0
3437,3.864377737045288,0.0,1,1
3438,4.398155212402344,0.0,1,1
3439,4.240789413452148,0.0,0,0
3440,3.4678664207458496,0.0,0,0
3441,3.6208620071411133,0.0,0,0
3442,3.0345709323883057,0.0,1,1
3443,3.092822790145874,0.0,0,0
3444,3.940342426300049,0.0,0,0
3445,3.8449008464813232,0.0,0,0
3446,3.5970001220703125,0.0,0,0
3447,4.321939468383789,0.0,1,1
3448,3.2989237308502197,0.0,0,0
3449,3.7800023555755615,0.0,0,0
3450,3.1816134452819824,0.0,1,1
3451,4.2613043785095215,0.0,1,1
3452,4.068511962890625,0.0,0,0
3453,4.0725908279418945,0.0,0,0
3454,3.626859664916992,0.0,1,1
3455,3.5126729011535645,0.0,1,1
3456,3.0710227489471436,0.0,1,1
3457,3.256809711456299,0.0,0,0
3458,3.743744373321533,0.0,1,1
3459,3.755401372909546,0.0,1,1
3460,3.7331361770629883,0.0,0,0
3461,3.3598055839538574,0.0,1,1
3462,3.6206588745117188,0.0,0,0
3463,3.7719078063964844,0.0,0,0
3464,4.010880947113037,0.0,0,0
3465,3.805405378341675,0.0,0,0
3466,3.435500144958496,0.0,0,0
3467,2.948556900024414,0.0,0,0
3468,4.1919097900390625,0.0,0,0
3469,4.047582149505615,0.0,0,0
3470,3.0946462154388428,0.0,0,0
3471,2.9339089393615723,0.0,1,1
3472,2.99125599861145,0.0,0,0
3473,3.053675651550293,0.0,0,0
3474,2.914365530014038,0.0,0,0
3475,4.1403117179870605,0.0,0,0
3476,4.265989780426025,0.0,0,0
3477,3.3225600719451904,0.0,1,1
3478,4.177093982696533,0.0,0,0
3479,4.068300247192383,0.0,1,1
3480,4.222808361053467,0.0,0,0
3481,3.5333216190338135,0.0,1,1
3482,4.029684543609619,0.0,0,0
3483,3.751147508621216,0.0,1,1
3484,4.547080993652344,0.0,0,0
3485,4.4114990234375,0.0,1,1
3486,3.5805554389953613,0.0,1,1
3487,4.334001541137695,0.0,1,1
3488,4.316373825073242,0.0,0,0
3489,4.0903401374816895,0.0,0,0
3490,4.128391742706299,0.0,0,0
3491,3.716531753540039,0.0,0,0
3492,4.742610454559326,0.0,0,0
3493,3.7315354347229004,0.0,1,1
3494,4.058108806610107,0.0,0,0
3495,4.243009090423584,0.0,1,1
3496,3.876319169998169,0.0,1,1
3497,3.9474496841430664,0.0,1,1
3498,3.5752992630004883,0.0,0,0
3499,3.5891997814178467,0.0,1,1
3500,4.278228759765625,0.0,0,0
3501,3.6209347248077393,0.0,1,1
3502,3.2113776206970215,0.0,0,0
3503,2.7300524711608887,0.0,0,0
3504,3.4438745975494385,0.0,1,1
3505,3.472508668899536,0.0,0,0
3506,3.440953016281128,0.0,1,1
3507,3.643939256668091,0.0,0,0
3508,3.7568466663360596,0.0,0,0
3509,2.655229330062866,0.0,0,0
3510,2.746077060699463,0.0,0,0
3511,3.3992481231689453,0.0,1,1
3512,3.155994176864624,0.0,1,1
3513,3.796063184738159,0.0,1,1
3514,3.3846826553344727,0.0,0,0
3515,3.3864598274230957,0.0,0,0
3516,2.557075023651123,0.0,0,0
3517,2.4141533374786377,0.0,1,1
3518,3.095876693725586,0.0,1,1
3519,3.4878880977630615,0.0,0,0
3520,3.144782781600952,0.0,0,0
3521,3.1140313148498535,0.0,1,1
3522,3.860342264175415,0.0,1,1
3523,3.9188995361328125,0.0,1,1
3524,3.737922191619873,0.0,1,1
3525,3.7358787059783936,0.0,0,0
3526,3.6386935710906982,0.0,0,0
3527,3.4565627574920654,0.0,0,0
3528,3.356912612915039,0.0,0,0
3529,4.680785655975342,0.0,1,1
3530,3.5122523307800293,0.0,1,1
3531,4.499549865722656,0.0,1,1
3532,4.078293800354004,0.0,0,0
3533,4.179297924041748,0.0,0,0
3534,4.337700843811035,0.0,1,1
3535,4.432977199554443,0.0,1,1
3536,3.919149160385132,0.0,0,0
3537,4.402524471282959,0.0,0,0
3538,2.8983376026153564,0.0,0,0
3539,3.6918327808380127,0.0,0,0
3540,3.752967357635498,0.0,1,1
3541,3.961509943008423,0.0,0,0
3542,3.7379372119903564,0.0,0,0
3543,3.039393901824951,0.0,0,0
3544,2.7931859493255615,0.0,1,1
3545,3.6856768131256104,0.0,0,0
3546,3.49269962310791,0.0,1,1
3547,3.476884126663208,0.0,1,1
3548,3.722938060760498,0.0,1,1
3549,4.04209041595459,0.0,0,0
3550,3.2544615268707275,0.0,0,0
3551,3.8250927925109863,0.0,0,0
3552,3.8080105781555176,0.0,0,0
3553,4.2592315673828125,0.0,0,0
3554,3.4059972763061523,0.0,0,0
3555,3.923861265182495,0.0,0,0
3556,3.7761998176574707,0.0,0,0
3557,3.971522808074951,0.0,1,1
3558,3.931497812271118,0.0,1,1
3559,3.6617777347564697,0.0,0,0
3560,3.8494551181793213,0.0,0,0
3561,4.077151775360107,0.0,1,1
3562,3.810795783996582,0.0,0,0
3563,4.273446083068848,0.0,1,1
3564,3.9706406593322754,0.0,0,0
3565,3.97751784324646,0.0,0,0
3566,4.282245635986328,0.0,0,0
3567,3.9270753860473633,0.0,1,1
3568,4.190840244293213,0.0,1,1
3569,3.940460681915283,0.0,0,0
3570,4.154540538787842,0.0,0,0
3571,3.7831597328186035,0.0,0,0
3572,4.406505584716797,0.0,1,1
3573,3.828549861907959,0.0,1,1
3574,4.284629821777344,0.0,0,0
3575,3.5100045204162598,0.0,1,1
3576,3.1493821144104004,0.0,1,1
3577,3.3235108852386475,0.0,0,0
3578,3.0744383335113525,0.0,0,0
3579,3.399972915649414,0.0,0,0
3580,3.3115389347076416,0.0,1,1
3581,2.8653652667999268,0.0,1,1
3582,3.3117239475250244,0.0,0,0
3583,3.6926798820495605,0.0,0,0
3584,2.9657528400421143,0.0,0,0
3585,2.801804780960083,0.0,0,0
3586,3.244464874267578,0.0,0,0
3587,3.363861322402954,0.0,1,1
3588,3.564265489578247,0.0,0,0
3589,4.2710041999816895,0.0,1,1
3590,4.2746477127075195,0.0,0,0
3591,4.1907243728637695,0.0,0,0
3592,4.468275547027588,0.0,0,0
3593,4.6589674949646,0.0,1,1
3594,4.110105991363525,0.0,0,0
3595,3.9622342586517334,0.0,0,0
3596,4.23359489440918,0.0,0,0
3597,4.255731105804443,0.0,0,0
3598,4.401377201080322,0.0,1,1
3599,3.732747793197632,0.0,1,1
3600,3.551223039627075,0.0,0,0
3601,2.9874391555786133,0.0,0,0
3602,3.170391082763672,0.0,1,1
3603,2.574319362640381,0.0,0,0
3604,3.025987386703491,0.0,0,0
3605,2.4888832569122314,0.0,1,1
3606,3.4686007499694824,0.0,1,1
3607,2.9014039039611816,0.0,1,1
3608,3.79643177986145,0.0,1,1
3609,3.683934211730957,0.0,1,1
3610,3.6325600147247314,0.0,0,0
3611,4.342148303985596,0.0,0,0
3612,3.979055643081665,0.0,0,0
3613,3.918989896774292,0.0,0,0
3614,3.7886035442352295,0.0,1,1
3615,3.9593393802642822,0.0,1,1
3616,4.081282615661621,0.0,0,0
3617,4.348557949066162,0.0,1,1
3618,5.2223944664001465,0.0,1,1
3619,4.4666619300842285,0.0,0,0
3620,4.0842084884643555,0.0,0,0
3621,4.040353775024414,0.0,1,1
3622,3.7341697216033936,0.0,0,0
3623,3.4916467666625977,0.0,1,1
3624,3.8875532150268555,0.0,1,1
3625,3.89320969581604,0.0,0,0
3626,4.030622482299805,0.0,1,1
3627,4.187219619750977,0.0,0,0
3628,4.009923458099365,0.0,0,0
3629,3.6815083026885986,0.0,0,0
3630,3.6752281188964844,0.0,1,1
3631,3.893810510635376,0.0,0,0
3632,4.373246192932129,0.0,1,1
3633,3.3137147426605225,0.0,1,1
3634,3.0083141326904297,0.0,0,0
3635,2.981553554534912,0.0,1,1
3636,3.77194881439209,0.0,0,0
3637,3.7630202770233154,0.0,0,0
3638,3.5161631107330322,0.0,1,1
3639,4.013216018676758,0.0,0,0
3640,4.51336145401001,0.0,0,0
3641,4.662411689758301,0.0,0,0
3642,4.283736705780029,0.0,1,1
3643,4.330822467803955,0.0,1,1
3644,4.16714334487915,0.0,1,1
3645,3.4412598609924316,0.0,1,1
3646,4.0796685218811035,0.0,1,1
3647,3.445251226425171,0.0,0,0
3648,3.7565011978149414,0.0,0,0
3649,3.833752393722534,0.0,0,0
3650,3.927821159362793,0.0,0,0
3651,4.080009937286377,0.0,0,0
3652,3.7968010902404785,0.0,1,1
3653,4.015535831451416,0.0,1,1
3654,3.8846471309661865,0.0,0,0
3655,4.297942638397217,0.0,0,0
3656,4.210604190826416,0.0,0,0
3657,4.031020164489746,0.0,1,1
3658,4.705296993255615,0.0,1,1
3659,4.712160110473633,0.0,1,1
3660,4.241727828979492,0.0,1,1
3661,4.490749359130859,0.0,0,0
3662,4.615298748016357,0.0,1,1
3663,3.753053903579712,0.0,0,0
3664,4.547094821929932,0.0,1,1
3665,3.9733049869537354,0.0,1,1
3666,3.8543660640716553,0.0,1,1
3667,3.8397603034973145,0.0,1,1
3668,4.689660549163818,0.0,1,1
3669,4.770301818847656,0.0,1,1
3670,4.253168106079102,0.0,0,0
3671,4.607788562774658,0.0,1,1
3672,4.646605491638184,0.0,0,0
3673,4.1356329917907715,0.0,1,1
3674,3.6821630001068115,0.0,0,0
3675,4.544323921203613,0.0,1,1
3676,4.242330551147461,0.0,0,0
3677,2.6432321071624756,0.0,0,0
3678,2.8664634227752686,0.0,1,1
3679,3.3159706592559814,0.0,1,1
3680,2.8763129711151123,0.0,0,0
3681,4.033127307891846,0.0,1,1
3682,3.6943564414978027,0.0,0,0
3683,3.786137580871582,0.0,1,1
3684,2.9342377185821533,0.0,1,1
3685,3.2077443599700928,0.0,1,1
3686,3.858525276184082,0.0,1,1
3687,3.4649884700775146,0.0,0,0
3688,3.5688769817352295,0.0,0,0
3689,3.395772695541382,0.0,0,0
3690,4.024262428283691,0.0,1,1
3691,4.270651340484619,0.0,0,0
3692,4.1407318115234375,0.0,0,0
3693,3.7473270893096924,0.0,0,0
3694,4.240938663482666,0.0,0,0
3695,3.880981206893921,0.0,1,1
3696,3.3947224617004395,0.0,0,0
3697,4.061496257781982,0.0,0,0
3698,4.173003196716309,0.0,0,0
3699,3.767279863357544,0.0,0,0
3700,4.264054298400879,0.0,0,0
3701,4.359287261962891,0.0,0,0
3702,4.290236473083496,0.0,1,1
3703,3.942249298095703,0.0,1,1
3704,3.611074447631836,0.0,0,0
3705,3.9719107151031494,0.0,0,0
3706,4.048529148101807,0.0,1,1
3707,3.9634788036346436,0.0,1,1
3708,4.435418605804443,0.0,1,1
3709,4.068561553955078,0.0,1,1
3710,3.9292314052581787,0.0,1,1
3711,3.6307334899902344,0.0,1,1
3712,3.795849323272705,0.0,0,0
3713,3.844393253326416,0.0,0,0
3714,3.8852028846740723,0.0,0,0
3715,4.456154823303223,0.0,0,0
3716,3.65193772315979,0.0,0,0
3717,4.026901721954346,0.0,0,0
3718,4.077098369598389,0.0,0,0
3719,4.1675825119018555,0.0,1,1
3720,3.882261276245117,0.0,0,0
3721,3.9486639499664307,0.0,1,1
3722,4.529162406921387,0.0,0,0
3723,3.432826519012451,0.0,0,0
3724,3.9601216316223145,0.0,0,0
3725,3.62919282913208,0.0,1,1
3726,2.966547727584839,0.0,0,0
3727,3.4108548164367676,0.0,0,0
3728,2.551503896713257,0.0,0,0
3729,3.3424060344696045,0.0,1,1
3730,3.3951468467712402,0.0,1,1
3731,3.3405230045318604,0.0,0,0
3732,3.0422329902648926,0.0,1,1
3733,3.0231783390045166,0.0,0,0
3734,3.3341047763824463,0.0,0,0
3735,3.974303722381592,0.0,1,1
3736,4.262221336364746,0.0,1,1
3737,4.210536956787109,0.0,0,0
3738,3.669154644012451,0.0,0,0
3739,4.167089939117432,0.0,0,0
3740,4.499946117401123,0.0,0,0
3741,4.031484603881836,0.0,1,1
3742,4.529202938079834,0.0,0,0
3743,4.1447224617004395,0.0,1,1
3744,4.247925758361816,0.0,0,0
3745,2.839020013809204,0.0,1,1
3746,3.517944574356079,0.0,1,1
3747,3.855117082595825,0.0,1,1
3748,2.9935803413391113,0.0,1,1
3749,3.3922531604766846,0.0,1,1
3750,4.089327812194824,0.0,0,0
3751,3.2581405639648438,0.0,1,1
3752,3.303149461746216,0.0,0,0
3753,3.6947600841522217,0.0,1,1
3754,3.656832218170166,0.0,0,0
3755,2.8255789279937744,0.0,0,0
3756,3.1454577445983887,0.0,1,1
3757,2.862217426300049,0.0,0,0
3758,4.083064556121826,0.0,0,0
3759,2.4473562240600586,0.0,0,0
3760,3.4133431911468506,0.0,1,1
3761,3.285939931869507,0.0,0,0
3762,3.807309627532959,0.0,1,1
3763,3.0305891036987305,0.0,1,1
3764,3.08766770362854,0.0,0,0
3765,2.649060010910034,0.0,0,0
3766,3.233022689819336,0.0,0,0
3767,3.4400949478149414,0.0,0,0
3768,3.8355064392089844,0.0,0,0
3769,4.296152591705322,0.0,0,0
3770,4.1619791984558105,0.0,0,0
3771,4.137605667114258,0.0,0,0
3772,4.1726861000061035,0.0,0,0
3773,3.9226315021514893,0.0,1,1
3774,4.692741394042969,0.0,0,0
3775,4.390637397766113,0.0,0,0
3776,3.4193451404571533,0.0,0,0
3777,4.1384711265563965,0.0,0,0
3778,3.932417392730713,0.0,1,1
3779,3.552828550338745,0.0,1,1
3780,3.6539814472198486,0.0,0,0
3781,3.169891119003296,0.0,0,0
3782,3.6457467079162598,0.0,1,1
3783,3.9817962646484375,0.0,0,0
3784,4.1784443855285645,0.0,0,0
3785,3.557504653930664,0.0,0,0
3786,4.332942962646484,0.0,0,0
3787,3.906566619873047,0.0,0,0
3788,3.8415801525115967,0.0,0,0
3789,3.898719549179077,0.0,0,0
3790,4.12801456451416,0.0,0,0
3791,3.7469968795776367,0.0,1,1
3792,2.4731967449188232,0.0,1,1
3793,3.5498294830322266,0.0,0,0
3794,3.0896880626678467,0.0,1,1
3795,3.3507907390594482,0.0,0,0
3796,4.220118999481201,0.0,1,1
3797,4.088489055633545,0.0,1,1
3798,3.2727887630462646,0.0,0,0
3799,3.5986831188201904,0.0,0,0
3800,3.7206122875213623,0.0,1,1
3801,3.0985279083251953,0.0,1,1
3802,3.1830928325653076,0.0,0,0
3803,3.8737380504608154,0.0,0,0
3804,3.804520845413208,0.0,0,0
3805,3.5843923091888428,0.0,1,1
3806,4.529976844787598,0.0,1,1
3807,4.651378631591797,0.0,1,1
3808,3.978849411010742,0.0,0,0
3809,4.019321441650391,0.0,0,0
3810,4.046858787536621,0.0,0,0
3811,2.427788496017456,0.0,0,0
3812,1.8440102338790894,0.0,0,0
3813,2.068794012069702,0.0,0,0
3814,2.897538423538208,0.0,1,1
3815,3.0099220275878906,0.0,1,1
3816,3.422288656234741,0.0,0,0
3817,3.017204523086548,0.0,0,0
3818,3.1007604598999023,0.0,1,1
3819,3.874199867248535,0.0,0,0
3820,3.7182750701904297,0.0,0,0
3821,3.369389533996582,0.0,1,1
3822,4.180612087249756,0.0,1,1
3823,4.410086631774902,0.0,1,1
3824,4.205216407775879,0.0,0,0
3825,4.584830284118652,0.0,0,0
3826,4.518833637237549,0.0,1,1
3827,4.058688640594482,0.0,1,1
3828,3.881486177444458,0.0,0,0
3829,3.335010051727295,0.0,1,1
3830,3.4015328884124756,0.0,0,0
3831,3.9295928478240967,0.0,1,1
3832,3.4053804874420166,0.0,1,1
3833,3.9810080528259277,0.0,0,0
3834,3.302001953125,0.0,0,0
3835,3.578727960586548,0.0,0,0
3836,3.9829819202423096,0.0,0,0
3837,3.951535701751709,0.0,0,0
3838,3.3837006092071533,0.0,0,0
3839,3.5537188053131104,0.0,0,0
3840,3.518235445022583,0.0,1,1
3841,3.352121353149414,0.0,0,0
3842,4.011210918426514,0.0,1,1
3843,2.7143380641937256,0.0,1,1
3844,3.152700662612915,0.0,0,0
3845,3.454094648361206,0.0,0,0
3846,3.511298656463623,0.0,0,0
3847,3.32975697517395,0.0,0,0
3848,3.3411011695861816,0.0,0,0
3849,3.489339590072632,0.0,1,1
3850,3.9464824199676514,0.0,1,1
3851,3.8287971019744873,0.0,0,0
3852,3.2946996688842773,0.0,0,0
3853,2.864544630050659,0.0,1,1
3854,3.6408889293670654,0.0,1,1
3855,3.3973331451416016,0.0,0,0
3856,3.741849184036255,0.0,0,0
3857,3.932215452194214,0.0,0,0
3858,3.5442800521850586,0.0,1,1
3859,3.5607361793518066,0.0,0,0
3860,3.5941643714904785,0.0,0,0
3861,4.190311431884766,0.0,0,0
3862,3.972139835357666,0.0,1,1
3863,4.070080280303955,0.0,0,0
3864,3.5070767402648926,0.0,1,1
3865,3.594815254211426,0.0,1,1
3866,3.6202611923217773,0.0,1,1
3867,3.377725839614868,0.0,1,1
3868,2.799901247024536,0.0,0,0
3869,3.435784101486206,0.0,1,1
3870,3.778765916824341,0.0,0,0
3871,4.258096694946289,0.0,0,0
3872,3.4705255031585693,0.0,0,0
3873,3.3925275802612305,0.0,1,1
3874,2.987997055053711,0.0,0,0
3875,3.7893717288970947,0.0,0,0
3876,3.7265565395355225,0.0,1,1
3877,3.3711163997650146,0.0,1,1
3878,3.9062349796295166,0.0,0,0
3879,3.6133084297180176,0.0,0,0
3880,3.988661527633667,0.0,1,1
3881,3.3718652725219727,0.0,0,0
3882,4.22170877456665,0.0,0,0
3883,4.324550628662109,0.0,0,0
3884,3.783406972885132,0.0,1,1
3885,4.010719299316406,0.0,1,1
3886,4.071233749389648,0.0,0,0
3887,4.463732719421387,0.0,1,1
3888,3.8591935634613037,0.0,0,0
3889,4.033567905426025,0.0,1,1
3890,4.046756744384766,0.0,0,0
3891,3.691516399383545,0.0,1,1
3892,3.5621674060821533,0.0,0,0
3893,4.2041401863098145,0.0,1,1
3894,4.4945478439331055,0.0,0,0
3895,4.488795757293701,0.0,1,1
3896,3.375659942626953,0.0,1,1
3897,3.9268972873687744,0.0,0,0
3898,4.359524726867676,0.0,1,1
3899,4.089079856872559,0.0,0,0
3900,3.8408589363098145,0.0,1,1
3901,3.268825054168701,0.0,0,0
3902,3.7923803329467773,0.0,1,1
3903,3.9858593940734863,0.0,1,1
3904,4.105397701263428,0.0,0,0
3905,4.194888591766357,0.0,0,0
3906,3.988738536834717,0.0,1,1
3907,4.283058166503906,0.0,0,0
3908,4.185702323913574,0.0,1,1
3909,2.98643159866333,0.0,0,0
3910,4.014320373535156,0.0,1,1
3911,3.7895724773406982,0.0,1,1
3912,3.5951144695281982,0.0,0,0
3913,3.1327266693115234,0.0,0,0
3914,3.452800989151001,0.0,1,1
3915,4.42163610458374,0.0,0,0
3916,3.8840157985687256,0.0,0,0
3917,4.167701244354248,0.0,1,1
3918,5.140262603759766,0.0,1,1
3919,4.15956449508667,0.0,1,1
3920,3.9029934406280518,0.0,1,1
3921,2.8724467754364014,0.0,0,0
3922,3.210949182510376,0.0,0,0
3923,3.521458625793457,0.0,1,1
3924,3.0415432453155518,0.0,0,0
3925,2.9456944465637207,0.0,0,0
3926,3.0482120513916016,0.0,1,1
3927,2.405625820159912,0.0,0,0
3928,3.024967670440674,0.0,1,1
3929,3.6026923656463623,0.0,0,0
3930,3.6626758575439453,0.0,1,1
3931,3.8987722396850586,0.0,1,1
3932,3.005405902862549,0.0,0,0
3933,2.870067834854126,0.0,1,1
3934,3.170461893081665,0.0,1,1
3935,3.1373612880706787,0.0,1,1
3936,3.1809940338134766,0.0,0,0
3937,2.8226025104522705,0.0,1,1
3938,2.9921798706054688,0.0,1,1
3939,3.0278308391571045,0.0,1,1
3940,3.8740391731262207,0.0,0,0
3941,3.528184413909912,0.0,0,0
3942,3.738504409790039,0.0,0,0
3943,3.5099291801452637,0.0,1,1
3944,3.3521926403045654,0.0,1,1
3945,4.2218546867370605,0.0,1,1
3946,3.9610254764556885,0.0,0,0
3947,3.87404465675354,0.0,1,1
3948,3.630418539047241,0.0,0,0
3949,3.6057379245758057,0.0,0,0
3950,2.6786224842071533,0.0,1,1
3951,3.416161298751831,0.0,0,0
3952,3.83495831489563,0.0,1,1
3953,3.266275644302368,0.0,0,0
3954,3.6547443866729736,0.0,1,1
3955,3.5638201236724854,0.0,0,0
3956,3.2620863914489746,0.0,1,1
3957,3.6089866161346436,0.0,0,0
3958,3.6419663429260254,0.0,1,1
3959,3.8459665775299072,0.0,0,0
3960,3.33280348777771,0.0,0,0
3961,3.634258508682251,0.0,0,0
3962,4.084494590759277,0.0,0,0
3963,4.045241832733154,0.0,1,1
3964,4.213781356811523,0.0,1,1
3965,4.308793544769287,0.0,0,0
3966,3.5304059982299805,0.0,0,0
3967,3.2044858932495117,0.0,0,0
3968,3.615034580230713,0.0,1,1
3969,3.7840497493743896,0.0,1,1
3970,3.622298240661621,0.0,0,0
3971,3.7556650638580322,0.0,0,0
3972,3.8926053047180176,0.0,0,0
3973,4.156178951263428,0.0,0,0
3974,4.380026817321777,0.0,1,1
3975,3.6948628425598145,0.0,0,0
3976,4.050995826721191,0.0,1,1
3977,3.8313369750976562,0.0,1,1
3978,3.7223052978515625,0.0,0,0
3979,4.042190074920654,0.0,0,0
3980,4.039543628692627,0.0,1,1
3981,4.194736957550049,0.0,0,0
3982,3.81815242767334,0.0,1,1
3983,4.476260662078857,0.0,0,0
3984,3.988069534301758,0.0,1,1
3985,4.518660068511963,0.0,0,0
3986,4.155599594116211,0.0,1,1
3987,3.764798641204834,0.0,0,0
3988,4.347177028656006,0.0,0,0
3989,4.101833820343018,0.0,1,1
3990,3.325599193572998,0.0,1,1
3991,3.855633497238159,0.0,1,1
3992,4.526033878326416,0.0,1,1
3993,3.4673216342926025,0.0,0,0
3994,3.475846290588379,0.0,0,0
3995,3.369720935821533,0.0,1,1
3996,4.297299861907959,0.0,0,0
3997,4.038699150085449,0.0,0,0
3998,3.675588369369507,0.0,1,1
3999,4.380157947540283,0.0,0,0
4000,3.8774170875549316,0.0,0,0
4001,3.6466708183288574,0.0,0,0
4002,4.154536724090576,0.0,1,1
4003,4.3483171463012695,0.0,1,1
4004,4.2554450035095215,0.0,1,1
4005,4.984256744384766,0.0,1,1
4006,4.948183059692383,0.0,1,1
4007,3.565532684326172,0.0,1,1
4008,4.280575752258301,0.0,0,0
4009,4.233786582946777,0.0,0,0
4010,3.9985744953155518,0.0,0,0
4011,4.197044372558594,0.0,1,1
4012,3.8614444732666016,0.0,0,0
4013,3.541877269744873,0.0,1,1
4014,3.9994523525238037,0.0,1,1
4015,4.2066779136657715,0.0,1,1
4016,3.98684024810791,0.0,1,1
4017,3.62870717048645,0.0,1,1
4018,3.467852830886841,0.0,1,1
4019,3.6217756271362305,0.0,1,1
4020,4.102822780609131,0.0,1,1
4021,4.189538955688477,0.0,1,1
4022,4.3382768630981445,0.0,1,1
4023,3.582231044769287,0.0,1,1
4024,3.671170949935913,0.0,1,1
4025,3.7000832557678223,0.0,0,0
4026,4.078667640686035,0.0,0,0
4027,4.045236587524414,0.0,1,1
4028,4.246446132659912,0.0,0,0
4029,3.853266477584839,0.0,1,1
4030,3.9284613132476807,0.0,0,0
4031,4.258480548858643,0.0,1,1
4032,3.866328239440918,0.0,0,0
4033,4.179106712341309,0.0,0,0
4034,3.9550812244415283,0.0,0,0
4035,3.9960296154022217,0.0,0,0
4036,3.678920030593872,0.0,1,1
4037,3.8820266723632812,0.0,0,0
4038,4.076913356781006,0.0,0,0
4039,3.447007179260254,0.0,0,0
4040,3.7435474395751953,0.0,1,1
4041,3.656763792037964,0.0,1,1
4042,3.5602457523345947,0.0,0,0
4043,3.4650657176971436,0.0,1,1
4044,3.772217035293579,0.0,0,0
4045,3.909806489944458,0.0,0,0
4046,4.108388423919678,0.0,0,0
4047,3.2442054748535156,0.0,0,0
4048,3.4072060585021973,0.0,1,1
4049,3.9388790130615234,0.0,1,1
4050,3.559170722961426,0.0,1,1
4051,3.667477607727051,0.0,1,1
4052,4.1336750984191895,0.0,1,1
4053,3.4691567420959473,0.0,1,1
4054,3.9097166061401367,0.0,0,0
4055,3.4671578407287598,0.0,0,0
4056,3.5641260147094727,0.0,0,0
4057,3.961775541305542,0.0,0,0
4058,4.030569076538086,0.0,1,1
4059,2.8276660442352295,0.0,0,0
4060,3.8493144512176514,0.0,1,1
4061,3.7697534561157227,0.0,1,1
4062,3.8201334476470947,0.0,1,1
4063,4.0193095207214355,0.0,0,0
4064,3.284395694732666,0.0,1,1
4065,4.066544532775879,0.0,1,1
4066,3.6925690174102783,0.0,0,0
4067,4.281218528747559,0.0,1,1
4068,4.51001501083374,0.0,0,0
4069,3.6093766689300537,0.0,0,0
4070,4.438154220581055,0.0,0,0
4071,3.8316545486450195,0.0,1,1
4072,3.90276837348938,0.0,0,0
4073,3.6288986206054688,0.0,0,0
4074,3.8970532417297363,0.0,0,0
4075,3.634563684463501,0.0,0,0
4076,4.353432655334473,0.0,1,1
4077,3.803706169128418,0.0,1,1
4078,3.610154867172241,0.0,1,1
4079,4.220998764038086,0.0,1,1
4080,3.5380022525787354,0.0,1,1
4081,4.202700614929199,0.0,1,1
4082,3.7274084091186523,0.0,0,0
4083,3.9163875579833984,0.0,0,0
4084,3.796811819076538,0.0,0,0
4085,4.163181781768799,0.0,1,1
4086,3.883861780166626,0.0,0,0
4087,4.132307529449463,0.0,0,0
4088,4.0570149421691895,0.0,1,1
4089,3.7843196392059326,0.0,0,0
4090,4.037768363952637,0.0,0,0
4091,4.45107889175415,0.0,0,0
4092,4.435282230377197,0.0,0,0
4093,3.7891671657562256,0.0,1,1
4094,3.8020331859588623,0.0,1,1
4095,4.320812702178955,0.0,1,1
4096,4.298876762390137,0.0,0,0
4097,4.067280292510986,0.0,0,0
4098,4.293397903442383,0.0,0,0
4099,4.366256237030029,0.0,1,1
4100,4.238979339599609,0.0,0,0
4101,4.165927410125732,0.0,0,0
4102,3.3603644371032715,0.0,1,1
4103,4.225560665130615,0.0,1,1
4104,3.490252733230591,0.0,1,1
4105,3.623708963394165,0.0,0,0
4106,3.5863852500915527,0.0,0,0
4107,4.063780784606934,0.0,0,0
4108,4.030725955963135,0.0,0,0
4109,3.5187745094299316,0.0,0,0
4110,3.8016772270202637,0.0,0,0
4111,3.85532283782959,0.0,0,0
4112,4.012551307678223,0.0,0,0
4113,3.8838789463043213,0.0,1,1
4114,4.629276752471924,0.0,0,0
4115,3.860609531402588,0.0,0,0
4116,4.161009788513184,0.0,1,1
4117,3.632925271987915,0.0,0,0
4118,3.727872371673584,0.0,1,1
4119,3.5783698558807373,0.0,0,0
4120,3.773965358734131,0.0,0,0
4121,3.9040567874908447,0.0,1,1
4122,3.2906415462493896,0.0,1,1
4123,3.4206154346466064,0.0,1,1
4124,3.6170051097869873,0.0,0,0
4125,4.024213790893555,0.0,0,0
4126,4.369368553161621,0.0,0,0
4127,4.0132927894592285,0.0,0,0
4128,4.126285552978516,0.0,0,0
4129,3.60679030418396,0.0,1,1
4130,3.638378143310547,0.0,0,0
4131,3.3014914989471436,0.0,1,1
4132,2.772317409515381,0.0,1,1
4133,3.2372384071350098,0.0,1,1
4134,3.534470796585083,0.0,1,1
4135,3.5537235736846924,0.0,1,1
4136,3.354003429412842,0.0,1,1
4137,3.688194513320923,0.0,0,0
4138,3.1725523471832275,0.0,1,1
4139,3.8346939086914062,0.0,1,1
4140,3.920172691345215,0.0,0,0
4141,2.604956865310669,0.0,1,1
4142,2.9107680320739746,0.0,1,1
4143,2.651857852935791,0.0,1,1
4144,3.938082456588745,0.0,0,0
4145,3.6785848140716553,0.0,1,1
4146,3.37715220451355,0.0,0,0
4147,2.1015710830688477,0.0,0,0
4148,1.8670706748962402,0.0,0,0
4149,2.602670907974243,0.0,0,0
4150,3.6888790130615234,0.0,1,1
4151,3.4133434295654297,0.0,1,1
4152,3.6479291915893555,0.0,0,0
4153,3.501664400100708,0.0,0,0
4154,2.6618456840515137,0.0,1,1
4155,3.237330198287964,0.0,0,0
4156,3.6719541549682617,0.0,0,0
4157,3.0436577796936035,0.0,1,1
4158,4.489892959594727,0.0,1,1
4159,4.262651443481445,0.0,0,0
4160,4.308051109313965,0.0,0,0
4161,3.99029541015625,0.0,0,0
4162,3.610900640487671,0.0,0,0
4163,4.056111812591553,0.0,1,1
4164,4.261581897735596,0.0,0,0
4165,3.580432891845703,0.0,0,0
4166,3.7448768615722656,0.0,0,0
4167,3.49183988571167,0.0,1,1
4168,4.079514026641846,0.0,0,0
4169,4.141730785369873,0.0,0,0
4170,3.9494752883911133,0.0,1,1
4171,3.4202051162719727,0.0,1,1
4172,3.9599568843841553,0.0,0,0
4173,4.452312469482422,0.0,1,1
4174,4.2067131996154785,0.0,1,1
4175,4.269826412200928,0.0,1,1
4176,4.395326614379883,0.0,1,1
4177,3.8179662227630615,0.0,0,0
4178,3.725409507751465,0.0,0,0
4179,4.059882640838623,0.0,1,1
4180,4.047226428985596,0.0,0,0
4181,4.201911449432373,0.0,1,1
4182,4.071199893951416,0.0,1,1
4183,3.6977319717407227,0.0,1,1
4184,3.363476037979126,0.0,0,0
4185,3.6770401000976562,0.0,1,1
4186,3.509770631790161,0.0,0,0
4187,3.375983715057373,0.0,1,1
4188,3.418757677078247,0.0,1,1
4189,4.285665988922119,0.0,1,1
4190,3.8816778659820557,0.0,1,1
4191,3.658825159072876,0.0,0,0
4192,3.905397653579712,0.0,0,0
4193,4.236750602722168,0.0,1,1
4194,4.230286598205566,0.0,0,0
4195,3.8488717079162598,0.0,1,1
4196,3.762319564819336,0.0,0,0
4197,3.4905357360839844,0.0,0,0
4198,3.4701154232025146,0.0,1,1
4199,4.07295036315918,0.0,1,1
4200,3.5181326866149902,0.0,0,0
4201,4.497105121612549,0.0,0,0
4202,4.015115737915039,0.0,0,0
4203,4.053535461425781,0.0,0,0
4204,4.2685699462890625,0.0,1,1
4205,3.5178818702697754,0.0,0,0
4206,4.0446295738220215,0.0,1,1
4207,4.055972099304199,0.0,0,0
4208,4.0879411697387695,0.0,0,0
4209,3.805959939956665,0.0,0,0
4210,4.2546916007995605,0.0,0,0
4211,4.21690559387207,0.0,0,0
4212,4.101223468780518,0.0,0,0
4213,3.7009618282318115,0.0,1,1
4214,3.8893513679504395,0.0,0,0
4215,3.804165840148926,0.0,1,1
4216,4.063498497009277,0.0,1,1
4217,4.737767219543457,0.0,0,0
4218,4.155441761016846,0.0,0,0
4219,3.7021524906158447,0.0,0,0
4220,4.060585021972656,0.0,0,0
4221,4.466981410980225,0.0,1,1
4222,4.410952091217041,0.0,1,1
4223,2.9972939491271973,0.0,0,0
4224,3.221217632293701,0.0,1,1
4225,3.2456612586975098,0.0,0,0
4226,3.202054977416992,0.0,1,1
4227,3.32869029045105,0.0,0,0
4228,2.4921138286590576,0.0,0,0
4229,2.615549087524414,0.0,0,0
4230,3.526674747467041,0.0,1,1
4231,2.7380518913269043,0.0,1,1
4232,3.480201244354248,0.0,0,0
4233,2.8845114707946777,0.0,0,0
4234,3.6858997344970703,0.0,0,0
4235,3.201035499572754,0.0,0,0
4236,3.819284200668335,0.0,1,1
4237,3.8334851264953613,0.0,0,0
4238,4.277379035949707,0.0,1,1
4239,3.5130515098571777,0.0,1,1
4240,4.41701078414917,0.0,1,1
4241,3.6957755088806152,0.0,1,1
4242,4.3807759284973145,0.0,0,0
4243,4.472711563110352,0.0,0,0
4244,4.111301898956299,0.0,1,1
4245,4.393404483795166,0.0,1,1
4246,4.480429172515869,0.0,1,1
4247,4.374272346496582,0.0,0,0
4248,4.249210357666016,0.0,0,0
4249,4.230508804321289,0.0,1,1
4250,4.522882461547852,0.0,1,1
4251,3.7351512908935547,0.0,0,0
4252,4.1199951171875,0.0,1,1
4253,3.9435276985168457,0.0,1,1
4254,4.577404975891113,0.0,0,0
4255,3.945202589035034,0.0,0,0
4256,4.106629848480225,0.0,1,1
4257,4.232079029083252,0.0,1,1
4258,4.135632514953613,0.0,0,0
4259,4.485588550567627,0.0,0,0
4260,3.2220890522003174,0.0,0,0
4261,3.8288261890411377,0.0,1,1
4262,3.7421395778656006,0.0,1,1
4263,3.4402284622192383,0.0,1,1
4264,2.51005482673645,0.0,1,1
4265,2.704188346862793,0.0,0,0
4266,3.55106258392334,0.0,0,0
4267,3.1937146186828613,0.0,0,0
4268,3.7673723697662354,0.0,0,0
4269,4.086490631103516,0.0,1,1
4270,4.136955261230469,0.0,1,1
4271,4.110543727874756,0.0,1,1
4272,3.882005453109741,0.0,0,0
4273,3.770310878753662,0.0,0,0
4274,3.564448118209839,0.0,1,1
4275,3.8684022426605225,0.0,1,1
4276,3.3190948963165283,0.0,0,0
4277,3.558609962463379,0.0,1,1
4278,3.4984779357910156,0.0,1,1
4279,3.4189321994781494,0.0,1,1
4280,4.014981269836426,0.0,0,0
4281,3.274353265762329,0.0,0,0
4282,3.719813823699951,0.0,1,1
4283,3.5361416339874268,0.0,0,0
4284,3.74916410446167,0.0,0,0
4285,3.278437614440918,0.0,0,0
4286,3.3350586891174316,0.0,1,1
4287,3.426847457885742,0.0,1,1
4288,3.410928249359131,0.0,1,1
4289,3.1632773876190186,0.0,0,0
4290,3.7785215377807617,0.0,1,1
4291,4.1073689460754395,0.0,0,0
4292,3.3691751956939697,0.0,1,1
4293,3.548623561859131,0.0,0,0
4294,3.3051249980926514,0.0,1,1
4295,3.490546464920044,0.0,1,1
4296,3.6774485111236572,0.0,1,1
4297,3.7276642322540283,0.0,1,1
4298,3.322429656982422,0.0,1,1
4299,3.470339059829712,0.0,0,0
4300,3.2238247394561768,0.0,1,1
4301,3.1722230911254883,0.0,0,0
4302,3.1370954513549805,0.0,1,1
4303,2.9128146171569824,0.0,1,1
4304,3.448509931564331,0.0,1,1
4305,3.4741833209991455,0.0,0,0
4306,3.636889696121216,0.0,0,0
4307,3.3902461528778076,0.0,1,1
4308,3.0294792652130127,0.0,1,1
4309,3.1277658939361572,0.0,0,0
4310,3.3274402618408203,0.0,1,1
4311,3.677884578704834,0.0,0,0
4312,4.191114902496338,0.0,1,1
4313,4.002076625823975,0.0,1,1
4314,4.6023268699646,0.0,1,1
4315,4.642901420593262,0.0,0,0
4316,4.041332721710205,0.0,0,0
4317,3.851841449737549,0.0,0,0
4318,3.5198709964752197,0.0,1,1
4319,3.6420819759368896,0.0,0,0
4320,3.970262289047241,0.0,1,1
4321,3.8772661685943604,0.0,0,0
4322,3.5646958351135254,0.0,1,1
4323,3.883002281188965,0.0,0,0
4324,4.280488967895508,0.0,1,1
4325,4.421167373657227,0.0,1,1
4326,4.197812557220459,0.0,1,1
4327,3.535132884979248,0.0,0,0
4328,3.686574697494507,0.0,1,1
4329,3.9353842735290527,0.0,0,0
4330,4.080996990203857,0.0,1,1
4331,4.195864200592041,0.0,0,0
4332,3.3795299530029297,0.0,0,0
4333,3.168546676635742,0.0,1,1
4334,3.3908002376556396,0.0,1,1
4335,3.092500686645508,0.0,1,1
4336,2.3315906524658203,0.0,0,0
4337,2.757883310317993,0.0,0,0
4338,2.4360523223876953,0.0,0,0
4339,2.7870402336120605,0.0,1,1
4340,2.004256010055542,0.0,1,1
4341,2.89125394821167,0.0,1,1
4342,2.3695461750030518,0.0,1,1
4343,2.439652681350708,0.0,1,1
4344,2.492074728012085,0.0,1,1
4345,2.144904375076294,0.0,1,1
4346,2.263835906982422,0.0,1,1
4347,2.3470726013183594,0.0,1,1
4348,2.326137065887451,0.0,0,0
4349,2.1963696479797363,0.0,0,0
4350,3.226449728012085,0.0,1,1
4351,2.417800188064575,0.0,0,0
4352,2.270181894302368,0.0,0,0
4353,2.6121740341186523,0.0,1,1
4354,4.00566291809082,0.0,0,0
4355,3.9222614765167236,0.0,1,1
4356,4.033420562744141,0.0,0,0
4357,4.255367279052734,0.0,0,0
4358,3.904891014099121,0.0,1,1
4359,3.9002504348754883,0.0,1,1
4360,4.210153579711914,0.0,1,1
4361,4.067057132720947,0.0,1,1
4362,4.256146430969238,0.0,1,1
4363,4.511032581329346,0.0,1,1
4364,4.368849754333496,0.0,0,0
4365,3.598507881164551,0.0,1,1
4366,4.074274063110352,0.0,0,0
4367,4.187986850738525,0.0,0,0
4368,3.0584418773651123,0.0,0,0
4369,2.9915852546691895,0.0,1,1
4370,4.096058368682861,0.0,0,0
4371,3.8518099784851074,0.0,1,1
4372,3.601956367492676,0.0,1,1
4373,3.8518664836883545,0.0,1,1
4374,3.474836826324463,0.0,0,0
4375,3.24792218208313,0.0,1,1
4376,3.2375707626342773,0.0,1,1
4377,3.6265361309051514,0.0,1,1
4378,3.991004467010498,0.0,0,0
4379,3.86020827293396,0.0,1,1
4380,3.713649034500122,0.0,1,1
4381,3.281259059906006,0.0,1,1
4382,3.0941638946533203,0.0,0,0
4383,3.312692403793335,0.0,0,0
4384,3.2357943058013916,0.0,1,1
4385,3.6470656394958496,0.0,1,1
4386,3.320409059524536,0.0,0,0
4387,3.4637532234191895,0.0,0,0
4388,3.5040602684020996,0.0,0,0
4389,3.1856048107147217,0.0,0,0
4390,3.897376775741577,0.0,0,0
4391,3.3724801540374756,0.0,1,1
4392,3.5059704780578613,0.0,0,0
4393,3.2376115322113037,0.0,0,0
4394,3.507005214691162,0.0,0,0
4395,2.393350124359131,0.0,1,1
4396,3.099591016769409,0.0,0,0
4397,3.0017449855804443,0.0,0,0
4398,2.8336548805236816,0.0,1,1
4399,3.076737642288208,0.0,1,1
4400,3.075103998184204,0.0,0,0
4401,3.902529239654541,0.0,1,1
4402,3.185868501663208,0.0,0,0
4403,3.871398687362671,0.0,0,0
4404,3.68233060836792,0.0,1,1
4405,4.1887617111206055,0.0,0,0
4406,3.5637047290802,0.0,1,1
4407,4.08282995223999,0.0,1,1
4408,4.705134391784668,0.0,1,1
4409,3.651207685470581,0.0,0,0
4410,3.849851369857788,0.0,1,1
4411,3.4325497150421143,0.0,0,0
4412,3.6654157638549805,0.0,0,0
4413,4.146953105926514,0.0,1,1
4414,3.50754714012146,0.0,0,0
4415,3.811394453048706,0.0,0,0
4416,3.6220152378082275,0.0,0,0
4417,3.579263925552368,0.0,1,1
4418,4.061633110046387,0.0,1,1
4419,4.060400009155273,0.0,1,1
4420,3.235222339630127,0.0,1,1
4421,2.991947889328003,0.0,0,0
4422,3.7765815258026123,0.0,0,0
4423,3.418355941772461,0.0,0,0
4424,3.793471574783325,0.0,0,0
4425,3.5863516330718994,0.0,0,0
4426,3.3411030769348145,0.0,0,0
4427,3.1419477462768555,0.0,0,0
4428,4.058204174041748,0.0,1,1
4429,3.7037694454193115,0.0,1,1
4430,3.8049681186676025,0.0,0,0
4431,3.7894673347473145,0.0,1,1
4432,3.3432767391204834,0.0,1,1
4433,3.6587486267089844,0.0,0,0
4434,3.6527538299560547,0.0,0,0
4435,3.5329971313476562,0.0,0,0
4436,3.926992416381836,0.0,0,0
4437,3.255101203918457,0.0,1,1
4438,3.168731451034546,0.0,1,1
4439,3.7157461643218994,0.0,0,0
4440,3.662477493286133,0.0,0,0
4441,3.4089014530181885,0.0,0,0
4442,3.354853868484497,0.0,1,1
4443,2.785750150680542,0.0,0,0
4444,2.864816188812256,0.0,0,0
4445,3.6081459522247314,0.0,0,0
4446,3.0856964588165283,0.0,1,1
4447,3.1715199947357178,0.0,0,0
4448,3.7084717750549316,0.0,0,0
4449,3.985731601715088,0.0,0,0
4450,3.4281423091888428,0.0,1,1
4451,3.329831600189209,0.0,0,0
4452,3.661160945892334,0.0,1,1
4453,3.7423152923583984,0.0,1,1
4454,3.2758421897888184,0.0,1,1
4455,3.560133934020996,0.0,0,0
4456,3.4562196731567383,0.0,0,0
4457,3.8614892959594727,0.0,0,0
4458,3.6378719806671143,0.0,0,0
4459,4.062843322753906,0.0,0,0
4460,4.099332809448242,0.0,0,0
4461,3.7934582233428955,0.0,1,1
4462,3.5324060916900635,0.0,1,1
4463,3.114466428756714,0.0,0,0
4464,3.0843093395233154,0.0,1,1
4465,3.3837387561798096,0.0,0,0
4466,3.388489246368408,0.0,1,1
4467,3.291116237640381,0.0,0,0
4468,3.6308505535125732,0.0,1,1
4469,3.627701997756958,0.0,0,0
4470,4.418773651123047,0.0,0,0
4471,3.5989840030670166,0.0,0,0
4472,3.9941534996032715,0.0,0,0
4473,3.8049700260162354,0.0,0,0
4474,3.8174328804016113,0.0,0,0
4475,3.8333592414855957,0.0,1,1
4476,3.5547051429748535,0.0,0,0
4477,4.3149824142456055,0.0,1,1
4478,3.911682367324829,0.0,1,1
4479,4.522364139556885,0.0,0,0
4480,3.4715380668640137,0.0,1,1
4481,4.2063398361206055,0.0,0,0
4482,4.970827102661133,0.0,0,0
4483,4.942653179168701,0.0,1,1
4484,5.370539665222168,0.0,1,1
4485,4.826107501983643,0.0,1,1
4486,4.6701531410217285,0.0,1,1
4487,5.1461181640625,0.0,1,1
4488,4.1419477462768555,0.0,1,1
4489,4.894559383392334,0.0,1,1
4490,5.204098224639893,0.0,0,0
4491,3.147836446762085,0.0,0,0
4492,3.669874668121338,0.0,1,1
4493,3.1314990520477295,0.0,0,0
4494,3.7671289443969727,0.0,0,0
4495,3.4642224311828613,0.0,1,1
4496,4.171570777893066,0.0,0,0
4497,3.9748315811157227,0.0,0,0
4498,4.36094331741333,0.0,0,0
4499,4.20569372177124,0.0,0,0
4500,3.6901378631591797,0.0,0,0
4501,3.1549055576324463,0.0,0,0
4502,3.6459801197052,0.0,0,0
4503,3.709076166152954,0.0,1,1
4504,4.034488201141357,0.0,1,1
4505,3.260662794113159,0.0,1,1
4506,2.3679234981536865,0.0,0,0
4507,2.571908712387085,0.0,0,0
4508,2.296604633331299,0.0,1,1
4509,2.4203357696533203,0.0,1,1
4510,2.9291014671325684,0.0,0,0
4511,3.5274643898010254,0.0,0,0
4512,4.042707920074463,0.0,0,0
4513,3.8553359508514404,0.0,1,1
4514,3.941509246826172,0.0,1,1
4515,3.4941909313201904,0.0,0,0
4516,3.210023880004883,0.0,0,0
4517,2.8209054470062256,0.0,1,1
4518,3.220083236694336,0.0,0,0
4519,3.833969831466675,0.0,1,1
4520,3.325573444366455,0.0,1,1
4521,4.256608963012695,0.0,1,1
4522,3.4910452365875244,0.0,1,1
4523,3.7976267337799072,0.0,1,1
4524,4.235102653503418,0.0,0,0
4525,4.00516939163208,0.0,1,1
4526,4.289647102355957,0.0,1,1
4527,4.321231842041016,0.0,1,1
4528,3.6598358154296875,0.0,1,1
4529,4.573986053466797,0.0,1,1
4530,3.9327011108398438,0.0,0,0
4531,4.186192512512207,0.0,1,1
4532,3.7919654846191406,0.0,1,1
4533,3.7587642669677734,0.0,1,1
4534,4.324644088745117,0.0,0,0
4535,4.748631477355957,0.0,0,0
4536,4.484428405761719,0.0,0,0
4537,4.296523094177246,0.0,1,1
4538,3.4359703063964844,0.0,0,0
4539,3.8840105533599854,0.0,1,1
4540,4.380958557128906,0.0,1,1
4541,4.111672401428223,0.0,1,1
4542,3.9934096336364746,0.0,1,1
4543,3.6011922359466553,0.0,1,1
4544,4.266677379608154,0.0,1,1
4545,4.009719371795654,0.0,1,1
4546,4.575459003448486,0.0,1,1
4547,3.9158215522766113,0.0,0,0
4548,3.94769024848938,0.0,1,1
4549,3.751330614089966,0.0,0,0
4550,3.704401731491089,0.0,0,0
4551,4.142340183258057,0.0,1,1
4552,4.189910411834717,0.0,1,1
4553,4.08434534072876,0.0,1,1
4554,4.571602821350098,0.0,1,1
4555,4.3329572677612305,0.0,1,1
4556,4.328866958618164,0.0,0,0
4557,4.109359264373779,0.0,0,0
4558,4.191330909729004,0.0,1,1
4559,4.118888854980469,0.0,0,0
4560,3.614931344985962,0.0,1,1
4561,4.455603122711182,0.0,1,1
4562,4.678161144256592,0.0,1,1
4563,4.118541240692139,0.0,0,0
4564,4.055760383605957,0.0,1,1
4565,4.178734302520752,0.0,0,0
4566,3.683680295944214,0.0,0,0
4567,4.325523376464844,0.0,0,0
4568,4.439369201660156,0.0,0,0
4569,3.8957936763763428,0.0,1,1
4570,3.525151491165161,0.0,1,1
4571,2.9063103199005127,0.0,1,1
4572,3.472918748855591,0.0,0,0
4573,3.600348711013794,0.0,1,1
4574,3.387403964996338,0.0,0,0
4575,3.260288953781128,0.0,1,1
4576,3.7570581436157227,0.0,0,0
4577,3.200974702835083,0.0,1,1
4578,3.538370132446289,0.0,0,0
4579,3.7323412895202637,0.0,1,1
4580,3.7492597103118896,0.0,1,1
4581,3.752162456512451,0.0,1,1
4582,3.6099724769592285,0.0,1,1
4583,3.331918716430664,0.0,0,0
4584,4.112266540527344,0.0,0,0
4585,4.454366207122803,0.0,1,1
4586,4.029794692993164,0.0,1,1
4587,4.059144496917725,0.0,1,1
4588,3.9944591522216797,0.0,1,1
4589,3.7070116996765137,0.0,0,0
4590,2.740288734436035,0.0,1,1
4591,3.5533602237701416,0.0,1,1
4592,3.686697483062744,0.0,0,0
4593,3.7762205600738525,0.0,0,0
4594,3.8140270709991455,0.0,1,1
4595,3.937903642654419,0.0,0,0
4596,3.7270681858062744,0.0,1,1
4597,2.988572359085083,0.0,1,1
4598,3.8293864727020264,0.0,0,0
4599,3.5237655639648438,0.0,0,0
4600,4.188210487365723,0.0,1,1
4601,3.7741849422454834,0.0,0,0
4602,3.3702633380889893,0.0,0,0
4603,3.7333779335021973,0.0,0,0
4604,4.386136054992676,0.0,0,0
4605,4.274256706237793,0.0,1,1
4606,3.8284969329833984,0.0,0,0
4607,4.215489387512207,0.0,0,0
4608,4.108651161193848,0.0,1,1
4609,3.8942737579345703,0.0,0,0
4610,3.7479546070098877,0.0,1,1
4611,4.163722991943359,0.0,0,0
4612,4.205262660980225,0.0,1,1
4613,4.256612300872803,0.0,0,0
4614,4.116191387176514,0.0,0,0
4615,3.930004119873047,0.0,0,0
4616,3.5124740600585938,0.0,1,1
4617,4.044146537780762,0.0,0,0
4618,3.5038907527923584,0.0,1,1
4619,3.6304092407226562,0.0,0,0
4620,3.9495491981506348,0.0,0,0
4621,3.711360454559326,0.0,0,0
4622,3.968108654022217,0.0,1,1
4623,3.264892339706421,0.0,1,1
4624,3.9570746421813965,0.0,0,0
4625,2.645134925842285,0.0,1,1
4626,2.3448638916015625,0.0,1,1
4627,1.3250213861465454,0.0,0,0
4628,2.3027453422546387,0.0,1,1
4629,3.04644775390625,0.0,1,1
4630,3.554673194885254,0.0,1,1
4631,3.1833457946777344,0.0,1,1
4632,3.6610705852508545,0.0,1,1
4633,3.2736785411834717,0.0,1,1
4634,3.5151901245117188,0.0,0,0
4635,4.148390769958496,0.0,1,1
4636,3.910393238067627,0.0,1,1
4637,3.553056478500366,0.0,1,1
4638,3.9897005558013916,0.0,0,0
4639,3.956819534301758,0.0,0,0
4640,3.612884998321533,0.0,0,0
4641,4.7532525062561035,0.0,0,0
4642,4.333777904510498,0.0,0,0
4643,4.737863063812256,0.0,1,1
4644,4.579495906829834,0.0,1,1
4645,4.290511608123779,0.0,1,1
4646,4.076920986175537,0.0,0,0
4647,4.261137962341309,0.0,1,1
4648,4.830154895782471,0.0,0,0
4649,4.626532077789307,0.0,0,0
4650,4.003129959106445,0.0,1,1
4651,3.5564348697662354,0.0,0,0
4652,3.776524305343628,0.0,0,0
4653,3.8903229236602783,0.0,1,1
4654,4.0051116943359375,0.0,0,0
4655,3.676429510116577,0.0,0,0
4656,3.85121750831604,0.0,1,1
4657,3.7086403369903564,0.0,0,0
4658,3.489832878112793,0.0,0,0
4659,3.604207992553711,0.0,1,1
4660,3.6702091693878174,0.0,1,1
4661,4.017152309417725,0.0,0,0
4662,3.5492892265319824,0.0,1,1
4663,3.8197264671325684,0.0,0,0
4664,4.114809036254883,0.0,0,0
4665,3.3512279987335205,0.0,0,0
4666,4.298106670379639,0.0,0,0
4667,4.239558219909668,0.0,0,0
4668,4.298561096191406,0.0,1,1
4669,3.8469810485839844,0.0,1,1
4670,4.462770462036133,0.0,0,0
4671,4.268462657928467,0.0,1,1
4672,4.18211030960083,0.0,0,0
4673,4.622531890869141,0.0,1,1
4674,3.771162509918213,0.0,1,1
4675,2.3994741439819336,0.0,1,1
4676,2.726804256439209,0.0,0,0
4677,2.715850591659546,0.0,0,0
4678,3.024559497833252,0.0,1,1
4679,2.8301188945770264,0.0,0,0
4680,3.1894330978393555,0.0,0,0
4681,3.408578395843506,0.0,0,0
4682,3.2665212154388428,0.0,1,1
4683,2.810026168823242,0.0,1,1
4684,3.356921434402466,0.0,1,1
4685,2.6981706619262695,0.0,0,0
4686,2.8998360633850098,0.0,1,1
4687,1.8884844779968262,0.0,1,1
4688,2.5917928218841553,0.0,1,1
4689,3.4992947578430176,0.0,1,1
4690,3.4206254482269287,0.0,1,1
4691,3.8015758991241455,0.0,1,1
4692,3.036221504211426,0.0,1,1
4693,2.81524920463562,0.0,0,0
4694,3.1997897624969482,0.0,0,0
4695,3.0050644874572754,0.0,0,0
4696,3.509723663330078,0.0,0,0
4697,2.969761371612549,0.0,1,1
4698,3.032572031021118,0.0,1,1
4699,2.361992597579956,0.0,0,0
4700,2.303511381149292,0.0,1,1
4701,2.6325461864471436,0.0,0,0
4702,2.7947912216186523,0.0,0,0
4703,3.5578055381774902,0.0,1,1
4704,3.1882741451263428,0.0,0,0
4705,2.9529330730438232,0.0,0,0
4706,3.5221967697143555,0.0,0,0
4707,3.802398204803467,0.0,0,0
4708,3.591952323913574,0.0,1,1
4709,4.265182018280029,0.0,0,0
4710,4.092957019805908,0.0,1,1
4711,3.9220948219299316,0.0,1,1
4712,3.946370840072632,0.0,1,1
4713,3.71520733833313,0.0,0,0
4714,4.365795135498047,0.0,0,0
4715,3.7060294151306152,0.0,1,1
4716,3.761013984680176,0.0,0,0
4717,3.7125792503356934,0.0,1,1
4718,2.436099052429199,0.0,1,1
4719,2.9783060550689697,0.0,0,0
4720,3.6734750270843506,0.0,0,0
4721,3.2699317932128906,0.0,1,1
4722,4.0019636154174805,0.0,1,1
4723,4.166759967803955,0.0,1,1
4724,2.797499418258667,0.0,1,1
4725,2.882544755935669,0.0,1,1
4726,3.7603487968444824,0.0,0,0
4727,4.073123455047607,0.0,1,1
4728,3.384042263031006,0.0,0,0
4729,3.451486587524414,0.0,1,1
4730,3.7381083965301514,0.0,1,1
4731,4.020684242248535,0.0,0,0
4732,3.8955671787261963,0.0,1,1
4733,3.5192010402679443,0.0,0,0
4734,3.29011869430542,0.0,0,0
4735,4.472033977508545,0.0,1,1
4736,4.263665199279785,0.0,0,0
4737,3.761293649673462,0.0,0,0
4738,4.318386077880859,0.0,1,1
4739,4.179929733276367,0.0,1,1
4740,4.4108567237854,0.0,1,1
4741,3.988804578781128,0.0,0,0
4742,4.085964202880859,0.0,0,0
4743,2.894000291824341,0.0,1,1
4744,3.087035655975342,0.0,1,1
4745,2.8753836154937744,0.0,1,1
4746,2.728898763656616,0.0,1,1
4747,2.5295722484588623,0.0,1,1
4748,2.640282392501831,0.0,1,1
4749,3.3638226985931396,0.0,0,0
4750,2.771210193634033,0.0,0,0
4751,3.3786704540252686,0.0,0,0
4752,3.0758965015411377,0.0,1,1
4753,1.828513264656067,0.0,1,1
4754,3.0373106002807617,0.0,0,0
4755,3.3628251552581787,0.0,0,0
4756,3.042670488357544,0.0,0,0
4757,3.371553659439087,0.0,0,0
4758,3.68332576751709,0.0,0,0
4759,3.392009973526001,0.0,0,0
4760,3.54107403755188,0.0,1,1
4761,3.7622294425964355,0.0,0,0
4762,3.620023488998413,0.0,1,1
4763,3.5593080520629883,0.0,1,1
4764,3.7214550971984863,0.0,0,0
4765,3.923649787902832,0.0,0,0
4766,4.225006580352783,0.0,1,1
4767,3.1326282024383545,0.0,1,1
4768,3.854792356491089,0.0,0,0
4769,3.2137515544891357,0.0,0,0
4770,2.6646625995635986,0.0,0,0
4771,3.61014986038208,0.0,1,1
4772,4.068017959594727,0.0,1,1
4773,3.7241315841674805,0.0,1,1
4774,3.2986502647399902,0.0,1,1
4775,3.9458274841308594,0.0,1,1
4776,3.1529541015625,0.0,0,0
4777,3.412235975265503,0.0,1,1
4778,3.5961222648620605,0.0,1,1
4779,3.691929817199707,0.0,0,0
4780,4.107351303100586,0.0,1,1
4781,3.979288339614868,0.0,0,0
4782,3.1781182289123535,0.0,1,1
4783,3.9820950031280518,0.0,0,0
4784,3.9571919441223145,0.0,0,0
4785,3.2695226669311523,0.0,0,0
4786,3.2985873222351074,0.0,1,1
4787,3.8907878398895264,0.0,0,0
4788,3.6841635704040527,0.0,1,1
4789,3.271224021911621,0.0,0,0
4790,3.5691769123077393,0.0,1,1
4791,3.808802366256714,0.0,1,1
4792,4.421216011047363,0.0,1,1
4793,3.252234697341919,0.0,1,1
4794,4.213775634765625,0.0,0,0
4795,3.563938617706299,0.0,1,1
4796,4.050931930541992,0.0,1,1
4797,4.163358211517334,0.0,0,0
4798,4.278257846832275,0.0,0,0
4799,4.065227031707764,0.0,0,0
4800,3.5558478832244873,0.0,1,1
4801,4.100702285766602,0.0,0,0
4802,3.511045217514038,0.0,0,0
4803,3.1271491050720215,0.0,0,0
4804,3.383629322052002,0.0,1,1
4805,3.6952099800109863,0.0,1,1
4806,3.368619680404663,0.0,0,0
4807,2.80780029296875,0.0,0,0
4808,2.513554811477661,0.0,0,0
4809,3.4700071811676025,0.0,1,1
4810,3.698840618133545,0.0,1,1
4811,3.123180627822876,0.0,1,1
4812,3.5530128479003906,0.0,1,1
4813,3.3610692024230957,0.0,0,0
4814,2.4703190326690674,0.0,0,0
4815,3.386284112930298,0.0,0,0
4816,3.7199931144714355,0.0,0,0
4817,4.124349594116211,0.0,0,0
4818,3.4654037952423096,0.0,0,0
4819,3.4639623165130615,0.0,1,1
4820,3.8135547637939453,0.0,1,1
4821,4.166980266571045,0.0,1,1
4822,4.043226718902588,0.0,1,1
4823,4.0414838790893555,0.0,0,0
4824,3.582097053527832,0.0,0,0
4825,3.6456923484802246,0.0,0,0
4826,3.899372100830078,0.0,1,1
4827,3.0379536151885986,0.0,1,1
4828,2.8397881984710693,0.0,0,0
4829,2.7046780586242676,0.0,1,1
4830,3.264052629470825,0.0,0,0
4831,2.579747438430786,0.0,1,1
4832,2.4528424739837646,0.0,1,1
4833,3.0564370155334473,0.0,0,0
4834,2.5945956707000732,0.0,0,0
4835,2.598015785217285,0.0,1,1
4836,2.889286518096924,0.0,0,0
4837,2.821397304534912,0.0,1,1
4838,2.5552704334259033,0.0,1,1
4839,2.8479485511779785,0.0,1,1
4840,3.744210720062256,0.0,0,0
4841,3.363787889480591,0.0,1,1
4842,3.607844114303589,0.0,1,1
4843,3.2486603260040283,0.0,1,1
4844,3.486278772354126,0.0,1,1
4845,3.307131052017212,0.0,1,1
4846,3.6767375469207764,0.0,1,1
4847,3.927248954772949,0.0,1,1
4848,3.773146152496338,0.0,1,1
4849,3.8606927394866943,0.0,1,1
4850,3.802131414413452,0.0,1,1
4851,4.240196704864502,0.0,1,1
4852,3.7723984718322754,0.0,0,0
4853,4.2702131271362305,0.0,0,0
4854,3.4827005863189697,0.0,0,0
4855,4.100223541259766,0.0,0,0
4856,3.126622200012207,0.0,0,0
4857,4.2588791847229,0.0,1,1
4858,4.200822353363037,0.0,1,1
4859,4.101217269897461,0.0,1,1
4860,3.8621129989624023,0.0,0,0
4861,3.1839325428009033,0.0,0,0
4862,3.51802396774292,0.0,0,0
4863,3.650125026702881,0.0,0,0
4864,3.5868446826934814,0.0,1,1
4865,3.546673059463501,0.0,0,0
4866,4.052656173706055,0.0,1,1
4867,4.041837215423584,0.0,1,1
4868,3.9189279079437256,0.0,0,0
4869,3.611557722091675,0.0,1,1
4870,4.807168483734131,0.0,0,0
4871,4.063649654388428,0.0,1,1
4872,4.5103631019592285,0.0,1,1
4873,4.403855323791504,0.0,1,1
4874,5.310845375061035,0.0,0,0
4875,4.1451497077941895,0.0,0,0
4876,3.8974931240081787,0.0,1,1
4877,4.132044792175293,0.0,1,1
4878,4.415207386016846,0.0,0,0
4879,4.3437371253967285,0.0,0,0
4880,4.358867168426514,0.0,0,0
4881,3.6404619216918945,0.0,1,1
4882,3.429710626602173,0.0,0,0
4883,3.940605401992798,0.0,1,1
4884,3.997974395751953,0.0,1,1
4885,3.7994184494018555,0.0,1,1
4886,3.9553468227386475,0.0,0,0
4887,4.092682361602783,0.0,0,0
4888,3.517192840576172,0.0,1,1
4889,3.6914875507354736,0.0,0,0
4890,4.076744079589844,0.0,0,0
4891,4.229375839233398,0.0,1,1
4892,3.6990714073181152,0.0,1,1
4893,4.235108852386475,0.0,1,1
4894,4.13859748840332,0.0,1,1
4895,3.928190231323242,0.0,1,1
4896,4.03927755355835,0.0,1,1
4897,4.036746025085449,0.0,0,0
4898,3.9267122745513916,0.0,0,0
4899,4.5765485763549805,0.0,0,0
4900,3.7755870819091797,0.0,1,1
4901,4.61583948135376,0.0,1,1
4902,3.816009283065796,0.0,0,0
4903,4.146910190582275,0.0,1,1
4904,4.308335781097412,0.0,1,1
4905,3.70369815826416,0.0,1,1
4906,3.4596171379089355,0.0,0,0
4907,3.9467532634735107,0.0,0,0
4908,3.884537696838379,0.0,0,0
4909,3.8218679428100586,0.0,0,0
4910,3.9131643772125244,0.0,1,1
4911,3.7742481231689453,0.0,0,0
4912,3.417980909347534,0.0,0,0
4913,4.003676414489746,0.0,0,0
4914,4.135855197906494,0.0,0,0
4915,3.5026066303253174,0.0,1,1
4916,4.213431358337402,0.0,1,1
4917,3.65063214302063,0.0,1,1
4918,3.993360757827759,0.0,1,1
4919,3.7183616161346436,0.0,0,0
4920,3.418872117996216,0.0,0,0
4921,4.30197286605835,0.0,1,1
4922,4.7483038902282715,0.0,0,0
4923,4.270829677581787,0.0,0,0
4924,4.171688556671143,0.0,0,0
4925,4.119499206542969,0.0,0,0
4926,4.8134026527404785,0.0,1,1
4927,3.496396780014038,0.0,1,1
4928,3.510589122772217,0.0,1,1
4929,3.9658203125,0.0,1,1
4930,3.5460894107818604,0.0,1,1
4931,3.571070432662964,0.0,1,1
4932,3.7703969478607178,0.0,1,1
4933,3.9551820755004883,0.0,1,1
4934,3.7753238677978516,0.0,0,0
4935,3.6302573680877686,0.0,0,0
4936,3.9428329467773438,0.0,1,1
4937,4.110866069793701,0.0,0,0
4938,4.224549770355225,0.0,1,1
4939,3.549262523651123,0.0,0,0
4940,4.610562324523926,0.0,0,0
4941,4.259825229644775,0.0,0,0
4942,4.140749931335449,0.0,0,0
4943,4.622699737548828,0.0,0,0
4944,4.655454158782959,0.0,0,0
4945,4.476948261260986,0.0,0,0
4946,4.865400314331055,0.0,0,0
4947,4.664269924163818,0.0,0,0
4948,4.224482536315918,0.0,0,0
4949,4.58320426940918,0.0,0,0
4950,4.652683734893799,0.0,0,0
4951,4.528034687042236,0.0,1,1
4952,3.275585412979126,0.0,0,0
4953,4.037606239318848,0.0,0,0
4954,4.226531028747559,0.0,0,0
4955,3.754664421081543,0.0,0,0
4956,3.6977756023406982,0.0,0,0
4957,3.399710178375244,0.0,0,0
4958,3.723306179046631,0.0,1,1
4959,3.4953250885009766,0.0,0,0
4960,4.187436580657959,0.0,1,1
4961,3.6248812675476074,0.0,1,1
4962,3.376862049102783,0.0,1,1
4963,3.637515068054199,0.0,0,0
4964,3.807267427444458,0.0,1,1
4965,3.5984315872192383,0.0,1,1
4966,3.7957265377044678,0.0,0,0
4967,3.8373026847839355,0.0,0,0
4968,3.1448073387145996,0.0,1,1
4969,3.710745334625244,0.0,1,1
4970,3.52519154548645,0.0,0,0
4971,3.383021354675293,0.0,0,0
4972,3.296912431716919,0.0,1,1
4973,3.481907367706299,0.0,0,0
4974,3.4470343589782715,0.0,0,0
4975,3.289522409439087,0.0,0,0
4976,3.7557742595672607,0.0,1,1
4977,3.7196335792541504,0.0,0,0
4978,3.8815677165985107,0.0,1,1
4979,3.8919782638549805,0.0,1,1
4980,3.3217928409576416,0.0,0,0
4981,3.0891382694244385,0.0,0,0
4982,3.8009674549102783,0.0,0,0
4983,3.701610803604126,0.0,0,0
4984,3.7743654251098633,0.0,0,0
4985,3.301903009414673,0.0,0,0
4986,3.696620225906372,0.0,0,0
4987,3.112826347351074,0.0,0,0
4988,3.3416836261749268,0.0,1,1
4989,3.3399276733398438,0.0,0,0
4990,3.3900256156921387,0.0,0,0
4991,4.012086391448975,0.0,1,1
4992,3.629599094390869,0.0,0,0
4993,3.3098015785217285,0.0,0,0
4994,3.6218929290771484,0.0,0,0
4995,3.9754552841186523,0.0,1,1
4996,4.241714954376221,0.0,1,1
4997,3.805858612060547,0.0,0,0
4998,4.4409379959106445,0.0,1,1
4999,4.030617713928223,0.0,1,1
5000,4.092113018035889,0.0,1,1
5001,3.8928258419036865,0.0,1,1
5002,4.037077903747559,0.0,0,0
5003,3.594561815261841,0.0,1,1
5004,3.786205768585205,0.0,0,0
5005,2.961883306503296,0.0,0,0
5006,3.8982839584350586,0.0,0,0
5007,3.4644229412078857,0.0,0,0
5008,3.562940835952759,0.0,1,1
5009,4.024702072143555,0.0,0,0
5010,3.901329755783081,0.0,0,0
5011,3.9836266040802,0.0,0,0
5012,4.092504978179932,0.0,1,1
5013,4.0081682205200195,0.0,0,0
5014,3.867588758468628,0.0,1,1
5015,3.7324304580688477,0.0,1,1
5016,3.730926752090454,0.0,0,0
5017,3.9491851329803467,0.0,1,1
5018,4.444192409515381,0.0,1,1
5019,3.487408399581909,0.0,0,0
5020,3.128866672515869,0.0,1,1
5021,4.0441131591796875,0.0,0,0
5022,3.9024665355682373,0.0,0,0
5023,4.561347961425781,0.0,0,0
5024,2.8133389949798584,0.0,1,1
5025,2.7336373329162598,0.0,1,1
5026,3.644742965698242,0.0,1,1
5027,3.1491200923919678,0.0,1,1
5028,3.068647861480713,0.0,1,1
5029,3.2010786533355713,0.0,0,0
5030,3.2589142322540283,0.0,0,0
5031,2.610060214996338,0.0,1,1
5032,2.8702661991119385,0.0,0,0
5033,3.2869021892547607,0.0,1,1
5034,3.5755422115325928,0.0,0,0
5035,4.502582550048828,0.0,1,1
5036,2.7241714000701904,0.0,0,0
5037,3.45749831199646,0.0,0,0
5038,3.8761870861053467,0.0,1,1
5039,4.10732889175415,0.0,1,1
5040,4.1751251220703125,0.0,1,1
5041,4.276662826538086,0.0,1,1
5042,4.057610988616943,0.0,1,1
5043,4.116359233856201,0.0,1,1
5044,3.9423115253448486,0.0,0,0
5045,2.615817070007324,0.0,1,1
5046,2.5709846019744873,0.0,1,1
5047,3.4773550033569336,0.0,1,1
5048,3.069382905960083,0.0,0,0
5049,3.542720079421997,0.0,1,1
5050,3.862433910369873,0.0,0,0
5051,3.321540355682373,0.0,0,0
5052,3.7475759983062744,0.0,0,0
5053,3.303058385848999,0.0,0,0
5054,3.7173337936401367,0.0,0,0
5055,3.831914186477661,0.0,1,1
5056,3.9118757247924805,0.0,1,1
5057,3.7848548889160156,0.0,1,1
5058,3.8278417587280273,0.0,1,1
5059,3.824984073638916,0.0,0,0
5060,4.303361415863037,0.0,1,1
5061,4.073009490966797,0.0,0,0
5062,3.958635091781616,0.0,1,1
5063,4.037292003631592,0.0,1,1
5064,3.7003769874572754,0.0,0,0
5065,3.4467203617095947,0.0,0,0
5066,4.508995056152344,0.0,1,1
5067,4.372084140777588,0.0,0,0
5068,4.02686071395874,0.0,0,0
5069,4.101954936981201,0.0,0,0
5070,3.679642915725708,0.0,1,1
5071,3.541778087615967,0.0,1,1
5072,3.8917975425720215,0.0,1,1
5073,4.1956095695495605,0.0,1,1
5074,4.260908126831055,0.0,1,1
5075,4.356303691864014,0.0,1,1
5076,4.157516002655029,0.0,0,0
5077,3.3874399662017822,0.0,1,1
5078,4.212973117828369,0.0,1,1
5079,3.9594974517822266,0.0,0,0
5080,3.7946197986602783,0.0,1,1
5081,3.2056663036346436,0.0,0,0
5082,4.16629695892334,0.0,0,0
5083,3.6816091537475586,0.0,1,1
5084,3.6048502922058105,0.0,1,1
5085,3.5565571784973145,0.0,1,1
5086,4.2611188888549805,0.0,0,0
5087,4.128153324127197,0.0,0,0
5088,3.5979671478271484,0.0,1,1
5089,2.7745203971862793,0.0,0,0
5090,2.704698085784912,0.0,1,1
5091,2.786543607711792,0.0,1,1
5092,3.605441093444824,0.0,0,0
5093,3.258957862854004,0.0,0,0
5094,3.7297658920288086,0.0,0,0
5095,4.120051860809326,0.0,1,1
5096,3.48801851272583,0.0,0,0
5097,4.064370155334473,0.0,1,1
5098,4.013469219207764,0.0,0,0
5099,4.567381858825684,0.0,0,0
5100,4.143235683441162,0.0,1,1
5101,4.353825092315674,0.0,1,1
5102,4.355146408081055,0.0,1,1
5103,3.971201181411743,0.0,1,1
5104,4.832106590270996,0.0,0,0
5105,4.299042701721191,0.0,1,1
5106,4.162166595458984,0.0,1,1
5107,4.496575355529785,0.0,0,0
5108,4.887332439422607,0.0,1,1
5109,4.275048732757568,0.0,0,0
5110,4.073681831359863,0.0,0,0
5111,3.564290761947632,0.0,0,0
5112,3.9285178184509277,0.0,1,1
5113,3.892849922180176,0.0,1,1
5114,4.391390323638916,0.0,0,0
5115,3.4224624633789062,0.0,1,1
5116,3.947762966156006,0.0,1,1
5117,3.86741042137146,0.0,1,1
5118,4.382127285003662,0.0,1,1
5119,3.841399908065796,0.0,1,1
5120,3.518580436706543,0.0,1,1
5121,3.861804246902466,0.0,1,1
5122,3.535496950149536,0.0,0,0
5123,3.947709083557129,0.0,1,1
5124,3.949641704559326,0.0,1,1
5125,4.424017429351807,0.0,0,0
5126,3.8858091831207275,0.0,1,1
5127,4.090848445892334,0.0,0,0
5128,4.466152191162109,0.0,1,1
5129,4.268353462219238,0.0,0,0
5130,3.662421703338623,0.0,0,0
5131,3.8139610290527344,0.0,1,1
5132,3.621631383895874,0.0,0,0
5133,3.262305736541748,0.0,1,1
5134,3.971552610397339,0.0,1,1
5135,4.19252872467041,0.0,1,1
5136,3.8304779529571533,0.0,0,0
5137,4.009976863861084,0.0,0,0
5138,3.9810919761657715,0.0,0,0
5139,4.465367317199707,0.0,1,1
5140,4.015954494476318,0.0,1,1
5141,4.1176886558532715,0.0,1,1
5142,3.9042086601257324,0.0,0,0
5143,3.663748025894165,0.0,1,1
5144,3.7249181270599365,0.0,1,1
5145,3.7550203800201416,0.0,1,1
5146,4.157252788543701,0.0,1,1
5147,3.7476260662078857,0.0,1,1
5148,4.479004383087158,0.0,1,1
5149,4.23252010345459,0.0,1,1
5150,4.150280952453613,0.0,1,1
5151,4.055665493011475,0.0,0,0
5152,3.5941927433013916,0.0,1,1
5153,3.5814337730407715,0.0,0,0
5154,4.0949859619140625,0.0,1,1
5155,4.058380126953125,0.0,0,0
5156,4.042126178741455,0.0,1,1
5157,4.101807594299316,0.0,1,1
5158,3.999474048614502,0.0,0,0
5159,4.5769853591918945,0.0,1,1
5160,3.69706392288208,0.0,0,0
5161,4.639383316040039,0.0,1,1
5162,3.758394241333008,0.0,0,0
5163,3.55790638923645,0.0,1,1
5164,3.2224960327148438,0.0,0,0
5165,3.93310809135437,0.0,1,1
5166,3.7833187580108643,0.0,0,0
5167,4.068556308746338,0.0,1,1
5168,3.307671070098877,0.0,1,1
5169,3.5593106746673584,0.0,1,1
5170,4.272835731506348,0.0,0,0
5171,4.220508575439453,0.0,1,1
5172,4.6270670890808105,0.0,0,0
5173,4.137687683105469,0.0,1,1
5174,4.222481727600098,0.0,1,1
5175,4.189371109008789,0.0,0,0
5176,4.196022033691406,0.0,1,1
5177,4.584830284118652,0.0,1,1
5178,4.343081951141357,0.0,0,0
5179,4.697636127471924,0.0,0,0
5180,4.476813316345215,0.0,1,1
5181,4.584090232849121,0.0,0,0
5182,4.371267795562744,0.0,0,0
5183,4.8877668380737305,0.0,0,0
5184,3.850019693374634,0.0,0,0
5185,4.328648567199707,0.0,1,1
5186,4.352628231048584,0.0,1,1
5187,4.2955145835876465,0.0,1,1
5188,3.3283324241638184,0.0,1,1
5189,3.2531895637512207,0.0,1,1
5190,3.593534231185913,0.0,1,1
5191,3.4825968742370605,0.0,1,1
5192,3.332030773162842,0.0,0,0
5193,4.137994766235352,0.0,1,1
5194,3.9641733169555664,0.0,1,1
5195,4.031576156616211,0.0,0,0
5196,3.3643431663513184,0.0,1,1
5197,3.660504102706909,0.0,0,0
5198,3.6654014587402344,0.0,1,1
5199,4.554042339324951,0.0,0,0
5200,4.856631278991699,0.0,1,1
5201,3.877849578857422,0.0,0,0
5202,3.241743326187134,0.0,0,0
5203,3.5011587142944336,0.0,1,1
5204,3.461505651473999,0.0,1,1
5205,3.5055887699127197,0.0,0,0
5206,3.6825337409973145,0.0,0,0
5207,4.1336565017700195,0.0,0,0
5208,2.9856836795806885,0.0,1,1
5209,2.8316726684570312,0.0,1,1
5210,2.6668078899383545,0.0,1,1
5211,2.3533029556274414,0.0,0,0
5212,2.9389543533325195,0.0,0,0
5213,3.3990869522094727,0.0,1,1
5214,3.3875503540039062,0.0,1,1
5215,4.043337821960449,0.0,0,0
5216,3.456925868988037,0.0,0,0
5217,3.9363605976104736,0.0,0,0
5218,3.787722587585449,0.0,1,1
5219,3.773383855819702,0.0,1,1
5220,3.8762881755828857,0.0,0,0
5221,3.6085915565490723,0.0,0,0
5222,4.1812663078308105,0.0,1,1
5223,3.6597228050231934,0.0,0,0
5224,3.7976975440979004,0.0,1,1
5225,3.865504026412964,0.0,0,0
5226,3.8780508041381836,0.0,0,0
5227,3.8090245723724365,0.0,1,1
5228,4.027727127075195,0.0,0,0
5229,3.072415351867676,0.0,1,1
5230,4.145447254180908,0.0,1,1
5231,3.305570602416992,0.0,0,0
5232,3.473113775253296,0.0,0,0
5233,4.678880214691162,0.0,0,0
5234,4.873348236083984,0.0,1,1
5235,3.984531879425049,0.0,0,0
5236,3.9559617042541504,0.0,0,0
5237,4.353224754333496,0.0,0,0
5238,3.9718170166015625,0.0,0,0
5239,4.386361598968506,0.0,1,1
5240,3.5648996829986572,0.0,0,0
5241,4.117060661315918,0.0,1,1
5242,3.8875441551208496,0.0,1,1
5243,4.6670708656311035,0.0,0,0
5244,3.6922447681427,0.0,0,0
5245,3.625035524368286,0.0,0,0
5246,3.882258892059326,0.0,0,0
5247,4.663938999176025,0.0,1,1
5248,3.889774799346924,0.0,1,1
5249,3.316544532775879,0.0,0,0
5250,3.8109145164489746,0.0,1,1
5251,3.8277206420898438,0.0,0,0
5252,4.001497268676758,0.0,0,0
5253,3.913862705230713,0.0,1,1
5254,3.6384029388427734,0.0,0,0
5255,3.192246198654175,0.0,0,0
5256,3.5939605236053467,0.0,1,1
5257,3.6726443767547607,0.0,1,1
5258,3.3780667781829834,0.0,1,1
5259,3.4943296909332275,0.0,1,1
5260,4.17054557800293,0.0,1,1
5261,3.4947311878204346,0.0,1,1
5262,3.337891101837158,0.0,1,1
5263,3.6453192234039307,0.0,1,1
5264,3.2252817153930664,0.0,0,0
5265,3.4611504077911377,0.0,0,0
5266,3.5680153369903564,0.0,1,1
5267,2.6784350872039795,0.0,1,1
5268,3.4824442863464355,0.0,1,1
5269,3.3443007469177246,0.0,0,0
5270,2.824127435684204,0.0,0,0
5271,3.0221307277679443,0.0,1,1
5272,2.819532632827759,0.0,0,0
5273,3.4731650352478027,0.0,0,0
5274,3.7732577323913574,0.0,1,1
5275,3.679032802581787,0.0,1,1
5276,3.888715982437134,0.0,0,0
5277,3.797980308532715,0.0,0,0
5278,2.9937100410461426,0.0,1,1
5279,3.385442018508911,0.0,0,0
5280,3.0885231494903564,0.0,0,0
5281,3.0743987560272217,0.0,0,0
5282,3.4113547801971436,0.0,1,1
5283,3.251420497894287,0.0,0,0
5284,3.802316665649414,0.0,0,0
5285,3.527524948120117,0.0,0,0
5286,3.270914316177368,0.0,0,0
5287,3.2808806896209717,0.0,0,0
5288,3.356964588165283,0.0,0,0
5289,2.847318410873413,0.0,1,1
5290,3.308405876159668,0.0,0,0
5291,3.4633471965789795,0.0,0,0
5292,3.7301599979400635,0.0,1,1
5293,3.4498825073242188,0.0,1,1
5294,3.7088046073913574,0.0,1,1
5295,3.746687650680542,0.0,0,0
5296,3.556729316711426,0.0,1,1
5297,3.280745506286621,0.0,1,1
5298,3.2995216846466064,0.0,1,1
5299,3.6403567790985107,0.0,0,0
5300,4.037606716156006,0.0,1,1
5301,3.5276875495910645,0.0,0,0
5302,4.164754867553711,0.0,1,1
5303,3.665104627609253,0.0,0,0
5304,3.761472225189209,0.0,1,1
5305,3.5746140480041504,0.0,1,1
5306,3.8462271690368652,0.0,0,0
5307,3.7059977054595947,0.0,0,0
5308,3.444046974182129,0.0,1,1
5309,3.284214735031128,0.0,1,1
5310,3.506422758102417,0.0,1,1
5311,3.8756725788116455,0.0,0,0
5312,3.256706953048706,0.0,0,0
5313,3.6502795219421387,0.0,0,0
5314,3.646129846572876,0.0,0,0
5315,3.851823329925537,0.0,1,1
5316,4.5050835609436035,0.0,1,1
5317,4.003058910369873,0.0,1,1
5318,3.21307373046875,0.0,1,1
5319,3.6787736415863037,0.0,1,1
5320,3.9808053970336914,0.0,1,1
5321,3.7501940727233887,0.0,0,0
5322,4.289158821105957,0.0,0,0
5323,3.972914457321167,0.0,1,1
5324,4.31389856338501,0.0,1,1
5325,4.001784801483154,0.0,1,1
5326,3.7695224285125732,0.0,1,1
5327,4.27636194229126,0.0,1,1
5328,4.216277122497559,0.0,1,1
5329,3.8812577724456787,0.0,0,0
5330,3.6059088706970215,0.0,1,1
5331,3.961601972579956,0.0,1,1
5332,3.83552885055542,0.0,0,0
5333,4.273299217224121,0.0,1,1
5334,3.691969871520996,0.0,1,1
5335,4.090632438659668,0.0,1,1
5336,3.627274513244629,0.0,0,0
5337,4.326562404632568,0.0,0,0
5338,4.287975311279297,0.0,0,0
5339,3.3179922103881836,0.0,0,0
5340,3.9854137897491455,0.0,0,0
5341,3.473435640335083,0.0,1,1
5342,3.6624135971069336,0.0,0,0
5343,3.69594144821167,0.0,0,0
5344,3.6102681159973145,0.0,1,1
5345,4.003448963165283,0.0,1,1
5346,3.091684579849243,0.0,1,1
5347,2.8415613174438477,0.0,1,1
5348,3.6747164726257324,0.0,0,0
5349,3.2398905754089355,0.0,0,0
5350,4.343265533447266,0.0,1,1
5351,3.656634569168091,0.0,1,1
5352,3.5399703979492188,0.0,1,1
5353,4.465323448181152,0.0,0,0
5354,2.316970109939575,0.0,0,0
5355,4.03146505355835,0.0,0,0
5356,4.800687313079834,0.0,0,0
5357,4.581925392150879,0.0,0,0
5358,5.045051097869873,0.0,1,1
5359,4.205230712890625,0.0,1,1
5360,2.7814691066741943,0.0,0,0
5361,3.470402479171753,0.0,1,1
5362,3.196524143218994,0.0,1,1
5363,4.290650844573975,0.0,1,1
5364,3.739311456680298,0.0,0,0
5365,3.680954933166504,0.0,1,1
5366,4.527212142944336,0.0,0,0
5367,4.023386478424072,0.0,1,1
5368,3.988318920135498,0.0,1,1
5369,3.954012870788574,0.0,1,1
5370,4.157037258148193,0.0,1,1
5371,3.7929859161376953,0.0,1,1
5372,3.977937698364258,0.0,0,0
5373,4.099110126495361,0.0,1,1
5374,4.178273677825928,0.0,1,1
5375,4.020279884338379,0.0,1,1
5376,3.609701633453369,0.0,1,1
5377,4.141142845153809,0.0,0,0
5378,3.805767774581909,0.0,1,1
5379,4.247411251068115,0.0,1,1
5380,3.9792490005493164,0.0,0,0
5381,4.1531500816345215,0.0,1,1
5382,3.8976240158081055,0.0,1,1
5383,3.748971939086914,0.0,0,0
5384,4.544196128845215,0.0,0,0
5385,4.26910924911499,0.0,0,0
5386,4.6408305168151855,0.0,1,1
5387,3.847702741622925,0.0,0,0
5388,3.557284355163574,0.0,0,0
5389,3.597102642059326,0.0,0,0
5390,3.7722835540771484,0.0,1,1
5391,4.252259731292725,0.0,1,1
5392,4.211696624755859,0.0,1,1
5393,4.283771991729736,0.0,0,0
5394,3.517524480819702,0.0,1,1
5395,4.025100231170654,0.0,1,1
5396,3.9113948345184326,0.0,1,1
5397,4.216920375823975,0.0,0,0
5398,4.289156913757324,0.0,0,0
5399,3.6895196437835693,0.0,0,0
5400,3.9976930618286133,0.0,1,1
5401,4.292943477630615,0.0,1,1
5402,3.5319297313690186,0.0,0,0
5403,4.623495578765869,0.0,0,0
5404,4.259962558746338,0.0,1,1
5405,4.126684188842773,0.0,0,0
5406,3.562077283859253,0.0,0,0
5407,3.75929594039917,0.0,0,0
5408,3.9856417179107666,0.0,1,1
5409,3.924708366394043,0.0,0,0
5410,3.672487735748291,0.0,1,1
5411,4.312663555145264,0.0,1,1
5412,3.434067487716675,0.0,1,1
5413,3.376436233520508,0.0,1,1
5414,4.354124069213867,0.0,1,1
5415,4.179774284362793,0.0,0,0
5416,4.249748229980469,0.0,1,1
5417,4.05980920791626,0.0,0,0
5418,3.761104106903076,0.0,0,0
5419,3.457465648651123,0.0,0,0
5420,3.833547353744507,0.0,0,0
5421,3.4311776161193848,0.0,0,0
5422,3.868332624435425,0.0,0,0
5423,4.080087184906006,0.0,1,1
5424,3.322767496109009,0.0,0,0
5425,3.691735029220581,0.0,1,1
5426,3.1329939365386963,0.0,1,1
5427,3.879216194152832,0.0,0,0
5428,3.5362162590026855,0.0,1,1
5429,3.2347805500030518,0.0,1,1
5430,3.2753548622131348,0.0,0,0
5431,3.228142499923706,0.0,1,1
5432,3.529755115509033,0.0,1,1
5433,2.2491118907928467,0.0,0,0
5434,3.661536455154419,0.0,0,0
5435,3.3403711318969727,0.0,0,0
5436,2.8310155868530273,0.0,1,1
5437,2.7805228233337402,0.0,1,1
5438,2.710742473602295,0.0,1,1
5439,2.283276319503784,0.0,0,0
5440,1.6494685411453247,0.0,0,0
5441,2.3648855686187744,0.0,1,1
5442,2.7051289081573486,0.0,1,1
5443,2.0018808841705322,0.0,0,0
5444,2.331871747970581,0.0,0,0
5445,1.8961734771728516,0.0,0,0
5446,1.8703168630599976,0.0,0,0
5447,2.530263900756836,0.0,0,0
5448,2.4713125228881836,0.0,1,1
5449,2.7898471355438232,0.0,0,0
5450,3.1385202407836914,0.0,0,0
5451,2.5359950065612793,0.0,0,0
5452,2.82936954498291,0.0,1,1
5453,2.9576268196105957,0.0,1,1
5454,2.620509386062622,0.0,1,1
5455,2.4924967288970947,0.0,0,0
5456,2.535357713699341,0.0,0,0
5457,2.808764934539795,0.0,1,1
5458,3.1595892906188965,0.0,0,0
5459,2.5086827278137207,0.0,1,1
5460,2.300065040588379,0.0,0,0
5461,3.0275979042053223,0.0,0,0
5462,2.555837869644165,0.0,1,1
5463,3.120831251144409,0.0,1,1
5464,3.1866979598999023,0.0,1,1
5465,2.6677966117858887,0.0,0,0
5466,2.7291860580444336,0.0,1,1
5467,2.92649507522583,0.0,0,0
5468,2.731065511703491,0.0,1,1
5469,2.7736103534698486,0.0,0,0
5470,2.789839744567871,0.0,0,0
5471,2.789222478866577,0.0,1,1
5472,2.5129177570343018,0.0,0,0
5473,2.8124005794525146,0.0,0,0
5474,2.484804391860962,0.0,0,0
5475,3.7974345684051514,0.0,0,0
5476,2.559641122817993,0.0,1,1
5477,2.738600492477417,0.0,0,0
5478,3.0496249198913574,0.0,0,0
5479,2.883559465408325,0.0,0,0
5480,3.109395980834961,0.0,1,1
5481,4.162694931030273,0.0,0,0
5482,4.275067329406738,0.0,0,0
5483,3.703294038772583,0.0,0,0
5484,4.488987922668457,0.0,1,1
5485,3.783872365951538,0.0,1,1
5486,3.4183731079101562,0.0,0,0
5487,3.595689058303833,0.0,1,1
5488,3.9990625381469727,0.0,1,1
5489,4.152739524841309,0.0,0,0
5490,3.9480032920837402,0.0,0,0
5491,3.7988600730895996,0.0,1,1
5492,3.9203598499298096,0.0,1,1
5493,4.53240442276001,0.0,1,1
5494,4.608608722686768,0.0,1,1
5495,3.9830968379974365,0.0,0,0
5496,3.9142370223999023,0.0,1,1
5497,4.192405700683594,0.0,0,0
5498,4.352969646453857,0.0,0,0
5499,4.6655449867248535,0.0,1,1
5500,3.920262098312378,0.0,1,1
5501,4.106560230255127,0.0,0,0
5502,4.792366027832031,0.0,1,1
5503,4.1865620613098145,0.0,1,1
5504,4.078261852264404,0.0,1,1
5505,4.27689266204834,0.0,0,0
5506,3.493462085723877,0.0,1,1
5507,3.496938943862915,0.0,0,0
5508,4.742502689361572,0.0,1,1
5509,2.9437143802642822,0.0,0,0
5510,2.5885090827941895,0.0,1,1
5511,3.035053253173828,0.0,1,1
5512,3.244377613067627,0.0,0,0
5513,2.8338775634765625,0.0,1,1
5514,3.574962615966797,0.0,0,0
5515,2.882797956466675,0.0,0,0
5516,3.0258982181549072,0.0,0,0
5517,3.211805582046509,0.0,1,1
5518,2.909217357635498,0.0,1,1
5519,2.79824161529541,0.0,0,0
5520,3.337599754333496,0.0,0,0
5521,3.8067214488983154,0.0,0,0
5522,3.628129482269287,0.0,1,1
5523,3.52677583694458,0.0,0,0
5524,3.91409969329834,0.0,0,0
5525,3.8033969402313232,0.0,1,1
5526,4.4505743980407715,0.0,1,1
5527,4.089776515960693,0.0,0,0
5528,4.013988018035889,0.0,1,1
5529,3.396022319793701,0.0,1,1
5530,4.476320266723633,0.0,0,0
5531,3.878765821456909,0.0,1,1
5532,4.851568222045898,0.0,0,0
5533,4.517354965209961,0.0,1,1
5534,4.297400951385498,0.0,1,1
5535,3.417341470718384,0.0,1,1
5536,2.981463670730591,0.0,1,1
5537,2.85266375541687,0.0,0,0
5538,3.3676044940948486,0.0,0,0
5539,4.277526378631592,0.0,1,1
5540,4.113156795501709,0.0,0,0
5541,3.150035858154297,0.0,1,1
5542,3.2479660511016846,0.0,1,1
5543,3.7470996379852295,0.0,1,1
5544,3.814800500869751,0.0,0,0
5545,3.329404592514038,0.0,1,1
5546,3.519186496734619,0.0,1,1
5547,3.7019002437591553,0.0,1,1
5548,3.4270553588867188,0.0,0,0
5549,3.8297760486602783,0.0,0,0
5550,3.3912882804870605,0.0,1,1
5551,3.962226390838623,0.0,0,0
5552,4.012407302856445,0.0,0,0
5553,3.197967290878296,0.0,1,1
5554,3.1102166175842285,0.0,0,0
5555,3.561960220336914,0.0,0,0
5556,3.748922348022461,0.0,1,1
5557,3.4883675575256348,0.0,1,1
5558,3.323749303817749,0.0,0,0
5559,3.2780349254608154,0.0,1,1
5560,3.6167469024658203,0.0,0,0
5561,3.9736881256103516,0.0,1,1
5562,3.7184720039367676,0.0,0,0
5563,3.7792136669158936,0.0,1,1
5564,4.6548638343811035,0.0,0,0
5565,3.2464118003845215,0.0,0,0
5566,3.2777442932128906,0.0,1,1
5567,3.431565284729004,0.0,0,0
5568,3.432039499282837,0.0,0,0
5569,3.2080752849578857,0.0,1,1
5570,3.0626068115234375,0.0,0,0
5571,3.6265835762023926,0.0,0,0
5572,3.549391508102417,0.0,0,0
5573,3.098323345184326,0.0,0,0
5574,3.4440829753875732,0.0,0,0
5575,3.4145898818969727,0.0,1,1
5576,3.397129774093628,0.0,0,0
5577,3.1188230514526367,0.0,0,0
5578,3.6867215633392334,0.0,1,1
5579,3.5454492568969727,0.0,1,1
5580,3.7057106494903564,0.0,1,1
5581,3.2535622119903564,0.0,0,0
5582,3.507500648498535,0.0,0,0
5583,3.705329418182373,0.0,0,0
5584,3.7754268646240234,0.0,0,0
5585,3.79118275642395,0.0,0,0
5586,3.83719801902771,0.0,0,0
5587,3.8627920150756836,0.0,1,1
5588,1.2714905738830566,0.0,1,1
5589,2.999513864517212,0.0,0,0
5590,3.697427749633789,0.0,1,1
5591,3.663743495941162,0.0,0,0
5592,2.9691407680511475,0.0,0,0
5593,3.6719963550567627,0.0,0,0
5594,3.7920141220092773,0.0,0,0
5595,4.142617702484131,0.0,1,1
5596,3.936681032180786,0.0,1,1
5597,3.9534339904785156,0.0,1,1
5598,3.958132743835449,0.0,1,1
5599,4.059421062469482,0.0,1,1
5600,4.659464359283447,0.0,0,0
5601,4.066551208496094,0.0,1,1
5602,4.2715888023376465,0.0,1,1
5603,4.36858606338501,0.0,1,1
5604,3.9211695194244385,0.0,0,0
5605,4.530855655670166,0.0,1,1
5606,4.798192501068115,0.0,1,1
5607,4.354254722595215,0.0,0,0
5608,4.354706287384033,0.0,1,1
5609,4.746824741363525,0.0,1,1
5610,4.127625942230225,0.0,0,0
5611,4.7479119300842285,0.0,1,1
5612,4.800870418548584,0.0,1,1
5613,4.113752841949463,0.0,0,0
5614,4.271390914916992,0.0,0,0
5615,5.155256748199463,0.0,0,0
5616,4.119890213012695,0.0,1,1
5617,3.946902275085449,0.0,0,0
5618,3.8825559616088867,0.0,1,1
5619,3.9920642375946045,0.0,0,0
5620,3.9428815841674805,0.0,0,0
5621,4.1808648109436035,0.0,1,1
5622,4.664523601531982,0.0,0,0
5623,4.4100117683410645,0.0,0,0
5624,3.891937494277954,0.0,1,1
5625,3.5322790145874023,0.0,0,0
5626,4.328880786895752,0.0,1,1
5627,1.928873062133789,0.0,0,0
5628,2.5583760738372803,0.0,0,0
5629,2.458327293395996,0.0,1,1
5630,3.388798236846924,0.0,0,0
5631,3.7009942531585693,0.0,1,1
5632,3.861715793609619,0.0,0,0
5633,4.388025283813477,0.0,0,0
5634,4.119896411895752,0.0,1,1
5635,4.018280029296875,0.0,0,0
5636,4.622803688049316,0.0,1,1
5637,3.5236494541168213,0.0,0,0
5638,3.8952555656433105,0.0,1,1
5639,3.6536707878112793,0.0,0,0
5640,4.877480983734131,0.0,0,0
5641,3.8362252712249756,0.0,1,1
5642,3.6955182552337646,0.0,1,1
5643,4.06990909576416,0.0,1,1
5644,3.4300363063812256,0.0,1,1
5645,2.9936864376068115,0.0,1,1
5646,3.5806522369384766,0.0,1,1
5647,4.467932224273682,0.0,0,0
5648,4.295714855194092,0.0,0,0
5649,2.4053874015808105,0.0,0,0
5650,3.8652260303497314,0.0,1,1
5651,4.033915042877197,0.0,1,1
5652,3.2715580463409424,0.0,1,1
5653,4.0872578620910645,0.0,1,1
5654,3.5817785263061523,0.0,1,1
5655,3.620471239089966,0.0,0,0
5656,4.137825012207031,0.0,0,0
5657,4.103519916534424,0.0,0,0
5658,2.717282772064209,0.0,0,0
5659,4.010274887084961,0.0,1,1
5660,3.775270700454712,0.0,1,1
5661,3.4699103832244873,0.0,1,1
5662,4.705626964569092,0.0,0,0
5663,4.12498140335083,0.0,1,1
5664,3.754481554031372,0.0,0,0
5665,3.6965978145599365,0.0,0,0
5666,3.9607815742492676,0.0,1,1
5667,4.501021385192871,0.0,0,0
5668,3.009389877319336,0.0,0,0
5669,3.467942714691162,0.0,1,1
5670,3.945268154144287,0.0,0,0
5671,3.611825704574585,0.0,0,0
5672,4.267429351806641,0.0,1,1
5673,4.0506486892700195,0.0,1,1
5674,4.0296454429626465,0.0,1,1
5675,4.095046520233154,0.0,0,0
5676,3.8714041709899902,0.0,1,1
5677,4.077449798583984,0.0,1,1
5678,4.034834861755371,0.0,1,1
5679,4.1999125480651855,0.0,0,0
5680,3.7801873683929443,0.0,1,1
5681,3.204049587249756,0.0,0,0
5682,4.037024974822998,0.0,0,0
5683,4.04466438293457,0.0,1,1
5684,3.9633374214172363,0.0,1,1
5685,3.558117151260376,0.0,1,1
5686,3.855672836303711,0.0,1,1
5687,3.5513975620269775,0.0,0,0
5688,4.437846660614014,0.0,1,1
5689,3.946009874343872,0.0,0,0
5690,4.11913537979126,0.0,0,0
5691,4.370687484741211,0.0,0,0
5692,4.186963081359863,0.0,0,0
5693,4.6241455078125,0.0,1,1
5694,4.4999470710754395,0.0,1,1
5695,4.61195182800293,0.0,1,1
5696,2.830554723739624,0.0,0,0
5697,2.751995325088501,0.0,0,0
5698,3.4954652786254883,0.0,1,1
5699,4.277281284332275,0.0,0,0
5700,4.015029430389404,0.0,1,1
5701,3.636366844177246,0.0,1,1
5702,3.6837384700775146,0.0,1,1
5703,3.8461809158325195,0.0,0,0
5704,3.410496950149536,0.0,0,0
5705,4.096441268920898,0.0,1,1
5706,3.469268560409546,0.0,1,1
5707,3.0324573516845703,0.0,0,0
5708,3.4838950634002686,0.0,1,1
5709,4.38154935836792,0.0,0,0
5710,3.7960288524627686,0.0,1,1
5711,3.5234522819519043,0.0,0,0
5712,3.733196258544922,0.0,0,0
5713,4.273355484008789,0.0,1,1
5714,3.357434034347534,0.0,1,1
5715,3.176274538040161,0.0,0,0
5716,3.542367935180664,0.0,1,1
5717,3.430469512939453,0.0,0,0
5718,3.397237777709961,0.0,1,1
5719,3.825901985168457,0.0,1,1
5720,3.8674588203430176,0.0,1,1
5721,4.061017990112305,0.0,1,1
5722,4.289129734039307,0.0,1,1
5723,3.987734079360962,0.0,1,1
5724,4.142794132232666,0.0,1,1
5725,3.4647860527038574,0.0,1,1
5726,3.359898090362549,0.0,1,1
5727,3.584125518798828,0.0,0,0
5728,3.8727002143859863,0.0,0,0
5729,3.514130115509033,0.0,0,0
5730,4.106224060058594,0.0,0,0
5731,3.9296793937683105,0.0,1,1
5732,3.4466445446014404,0.0,0,0
5733,3.75637149810791,0.0,1,1
5734,3.685270071029663,0.0,0,0
5735,3.7818896770477295,0.0,0,0
5736,4.159548759460449,0.0,1,1
5737,3.438981533050537,0.0,0,0
5738,4.295825004577637,0.0,1,1
5739,3.362415313720703,0.0,1,1
5740,4.615912914276123,0.0,1,1
5741,4.036201477050781,0.0,0,0
5742,3.7866408824920654,0.0,1,1
5743,3.9452428817749023,0.0,0,0
5744,3.5907139778137207,0.0,1,1
5745,3.9159069061279297,0.0,1,1
5746,4.52846622467041,0.0,1,1
5747,4.774860382080078,0.0,1,1
5748,4.344078063964844,0.0,1,1
5749,3.90985107421875,0.0,1,1
5750,3.6573598384857178,0.0,0,0
5751,4.075095176696777,0.0,0,0
5752,2.8953824043273926,0.0,1,1
5753,3.113215923309326,0.0,0,0
5754,2.943000555038452,0.0,0,0
5755,2.9471688270568848,0.0,0,0
5756,2.9669177532196045,0.0,1,1
5757,3.048008918762207,0.0,1,1
5758,3.0788886547088623,0.0,0,0
5759,3.01761531829834,0.0,0,0
5760,2.973766803741455,0.0,1,1
5761,2.277740240097046,0.0,1,1
5762,2.64875864982605,0.0,1,1
5763,3.217222213745117,0.0,1,1
5764,3.037797689437866,0.0,1,1
5765,3.3253183364868164,0.0,1,1
5766,2.416404962539673,0.0,0,0
5767,2.750713348388672,0.0,1,1
5768,2.849911689758301,0.0,0,0
5769,2.4992144107818604,0.0,0,0
5770,3.0060994625091553,0.0,1,1
5771,2.2173194885253906,0.0,1,1
5772,3.5004239082336426,0.0,1,1
5773,3.0086090564727783,0.0,0,0
5774,2.690406084060669,0.0,1,1
5775,3.157376527786255,0.0,0,0
5776,3.3469607830047607,0.0,0,0
5777,2.3766262531280518,0.0,0,0
5778,2.8057518005371094,0.0,1,1
5779,3.219874143600464,0.0,0,0
5780,2.9298317432403564,0.0,1,1
5781,3.0565695762634277,0.0,1,1
5782,3.26603102684021,0.0,0,0
5783,3.894735813140869,0.0,0,0
5784,3.133568048477173,0.0,1,1
5785,2.7469899654388428,0.0,1,1
5786,2.783386707305908,0.0,0,0
5787,3.9594595432281494,0.0,1,1
5788,2.84395432472229,0.0,1,1
5789,2.8369977474212646,0.0,1,1
5790,3.7382137775421143,0.0,1,1
5791,3.6369872093200684,0.0,1,1
5792,3.9135913848876953,0.0,1,1
5793,3.8680124282836914,0.0,0,0
5794,4.135329723358154,0.0,1,1
5795,4.415962219238281,0.0,0,0
5796,4.286075592041016,0.0,1,1
5797,4.389964580535889,0.0,1,1
5798,4.303574085235596,0.0,0,0
5799,4.861904144287109,0.0,1,1
5800,4.773707389831543,0.0,0,0
5801,4.5964484214782715,0.0,0,0
5802,4.476294994354248,0.0,1,1
5803,3.961721658706665,0.0,1,1
5804,3.6421921253204346,0.0,0,0
5805,4.183377265930176,0.0,1,1
5806,4.286411285400391,0.0,0,0
5807,4.316450119018555,0.0,1,1
5808,4.386341571807861,0.0,1,1
5809,4.561291694641113,0.0,1,1
5810,4.107926845550537,0.0,0,0
5811,4.202885150909424,0.0,1,1
5812,4.599407196044922,0.0,0,0
5813,4.660699367523193,0.0,0,0
5814,3.6587021350860596,0.0,0,0
5815,3.20463490486145,0.0,1,1
5816,4.548474311828613,0.0,1,1
5817,3.591686964035034,0.0,0,0
5818,4.106139183044434,0.0,1,1
5819,4.105159282684326,0.0,0,0
5820,4.331995964050293,0.0,0,0
5821,4.3049702644348145,0.0,0,0
5822,4.097978591918945,0.0,1,1
5823,3.655003070831299,0.0,1,1
5824,4.091800689697266,0.0,0,0
5825,3.5825858116149902,0.0,1,1
5826,3.900336980819702,0.0,0,0
5827,4.2678985595703125,0.0,1,1
5828,3.90517258644104,0.0,1,1
5829,3.8822755813598633,0.0,1,1
5830,4.322202682495117,0.0,1,1
5831,2.578950881958008,0.0,0,0
5832,3.419395685195923,0.0,0,0
5833,4.210914611816406,0.0,0,0
5834,3.2309415340423584,0.0,0,0
5835,3.392131805419922,0.0,0,0
5836,2.8484103679656982,0.0,0,0
5837,3.4619507789611816,0.0,1,1
5838,3.734100580215454,0.0,0,0
5839,1.492411732673645,0.0,0,0
5840,2.4921791553497314,0.0,0,0
5841,4.161712169647217,0.0,1,1
5842,4.262259006500244,0.0,1,1
5843,4.019571781158447,0.0,0,0
5844,3.1535661220550537,0.0,1,1
5845,4.11887264251709,0.0,0,0
5846,4.034259796142578,0.0,0,0
5847,3.900031089782715,0.0,1,1
5848,4.28756046295166,0.0,0,0
5849,3.687567949295044,0.0,1,1
5850,4.654087066650391,0.0,1,1
5851,4.4796905517578125,0.0,0,0
5852,4.1156487464904785,0.0,0,0
5853,3.7757344245910645,0.0,1,1
5854,3.970421075820923,0.0,1,1
5855,3.6193196773529053,0.0,0,0
5856,3.8390040397644043,0.0,1,1
5857,4.1899285316467285,0.0,0,0
5858,3.9115962982177734,0.0,0,0
5859,4.031846046447754,0.0,1,1
5860,4.205691337585449,0.0,0,0
5861,3.739025592803955,0.0,0,0
5862,4.303150177001953,0.0,0,0
5863,4.021571636199951,0.0,0,0
5864,4.343580722808838,0.0,1,1
5865,4.819349765777588,0.0,1,1
5866,4.136314392089844,0.0,0,0
5867,3.5546886920928955,0.0,0,0
5868,3.8809359073638916,0.0,0,0
5869,4.313161373138428,0.0,0,0
5870,3.928678035736084,0.0,0,0
5871,4.47076940536499,0.0,0,0
5872,4.02730655670166,0.0,0,0
5873,4.28527307510376,0.0,1,1
5874,3.820793628692627,0.0,0,0
5875,3.8627872467041016,0.0,0,0
5876,3.875173330307007,0.0,1,1
5877,3.959778070449829,0.0,0,0
5878,4.330723285675049,0.0,0,0
5879,4.457959175109863,0.0,1,1
5880,3.9236302375793457,0.0,1,1
5881,4.40023946762085,0.0,1,1
5882,4.061806678771973,0.0,0,0
5883,3.6504452228546143,0.0,1,1
5884,4.276442050933838,0.0,0,0
5885,3.9875009059906006,0.0,0,0
5886,4.107159614562988,0.0,0,0
5887,3.663034677505493,0.0,0,0
5888,3.6512153148651123,0.0,1,1
5889,3.895150899887085,0.0,1,1
5890,4.204878807067871,0.0,1,1
5891,4.07444953918457,0.0,0,0
5892,4.304010391235352,0.0,1,1
5893,3.6863279342651367,0.0,0,0
5894,4.390942573547363,0.0,1,1
5895,4.790073871612549,0.0,0,0
5896,4.789114952087402,0.0,1,1
5897,4.289300441741943,0.0,1,1
5898,4.446388244628906,0.0,1,1
5899,3.4794962406158447,0.0,0,0
5900,4.042057514190674,0.0,0,0
5901,4.22091817855835,0.0,0,0
5902,4.080846786499023,0.0,0,0
5903,4.183608055114746,0.0,1,1
5904,4.016876697540283,0.0,0,0
5905,3.7483737468719482,0.0,0,0
5906,3.8116259574890137,0.0,0,0
5907,4.346773147583008,0.0,0,0
5908,3.478242874145508,0.0,0,0
5909,4.214144706726074,0.0,1,1
5910,4.310497760772705,0.0,0,0
5911,3.7267348766326904,0.0,1,1
5912,3.328768491744995,0.0,1,1
5913,3.882601737976074,0.0,1,1
5914,3.9147186279296875,0.0,0,0
5915,3.8523383140563965,0.0,0,0
5916,3.6444530487060547,0.0,1,1
5917,3.669671058654785,0.0,1,1
5918,4.394742965698242,0.0,0,0
5919,2.416130542755127,0.0,1,1
5920,3.6902711391448975,0.0,0,0
5921,3.973884105682373,0.0,0,0
5922,3.5859155654907227,0.0,1,1
5923,3.5401902198791504,0.0,0,0
5924,3.0991225242614746,0.0,1,1
5925,3.1815595626831055,0.0,1,1
5926,3.9555394649505615,0.0,1,1
5927,3.562680721282959,0.0,1,1
5928,3.566164016723633,0.0,1,1
5929,4.0200514793396,0.0,0,0
5930,3.9427597522735596,0.0,1,1
5931,4.425282955169678,0.0,0,0
5932,4.509823322296143,0.0,1,1
5933,4.322788238525391,0.0,0,0
5934,4.579022407531738,0.0,1,1
5935,3.8909242153167725,0.0,1,1
5936,3.774974822998047,0.0,1,1
5937,3.8542985916137695,0.0,0,0
5938,4.211853981018066,0.0,0,0
5939,3.084564447402954,0.0,0,0
5940,4.146608829498291,0.0,0,0
5941,3.473073720932007,0.0,0,0
5942,3.9625189304351807,0.0,1,1
5943,3.932762622833252,0.0,1,1
5944,3.6595356464385986,0.0,0,0
5945,4.142547130584717,0.0,0,0
5946,2.8956947326660156,0.0,0,0
5947,2.1551897525787354,0.0,1,1
5948,3.3932552337646484,0.0,0,0
5949,2.439253330230713,0.0,1,1
5950,3.213691234588623,0.0,1,1
5951,2.6571969985961914,0.0,0,0
5952,2.630098342895508,0.0,0,0
5953,2.979837656021118,0.0,1,1
5954,3.432795286178589,0.0,1,1
5955,3.0852768421173096,0.0,1,1
5956,3.6473355293273926,0.0,0,0
5957,4.259985446929932,0.0,0,0
5958,3.8443329334259033,0.0,0,0
5959,3.543078660964966,0.0,0,0
5960,3.3430988788604736,0.0,0,0
5961,3.437100648880005,0.0,1,1
5962,3.6167614459991455,0.0,0,0
5963,3.9971868991851807,0.0,1,1
5964,3.6263060569763184,0.0,1,1
5965,3.8096201419830322,0.0,1,1
5966,4.170182228088379,0.0,0,0
5967,4.0538411140441895,0.0,0,0
5968,3.704129219055176,0.0,1,1
5969,3.883322238922119,0.0,0,0
5970,3.827517509460449,0.0,0,0
5971,3.8403022289276123,0.0,1,1
5972,4.2942399978637695,0.0,0,0
5973,3.7780954837799072,0.0,1,1
5974,4.176568984985352,0.0,0,0
5975,3.4605720043182373,0.0,0,0
5976,4.4093403816223145,0.0,1,1
5977,4.133711814880371,0.0,0,0
5978,3.8911216259002686,0.0,1,1
5979,3.8004229068756104,0.0,0,0
5980,4.302886962890625,0.0,1,1
5981,3.630833625793457,0.0,0,0
5982,3.7756845951080322,0.0,1,1
5983,3.9652414321899414,0.0,0,0
5984,2.8130600452423096,0.0,1,1
5985,3.0136475563049316,0.0,0,0
5986,2.7774744033813477,0.0,0,0
5987,2.937286853790283,0.0,0,0
5988,3.5538456439971924,0.0,1,1
5989,3.5121607780456543,0.0,1,1
5990,4.029025077819824,0.0,1,1
5991,4.122933387756348,0.0,0,0
5992,4.038486480712891,0.0,0,0
5993,3.5252299308776855,0.0,1,1
5994,4.297174453735352,0.0,1,1
5995,4.505321025848389,0.0,1,1
5996,4.016170501708984,0.0,0,0
5997,4.268747806549072,0.0,0,0
5998,3.8740601539611816,0.0,0,0
5999,4.214418411254883,0.0,0,0
6000,3.5235414505004883,0.0,0,0
6001,2.8512961864471436,0.0,1,1
6002,3.90207839012146,0.0,1,1
6003,3.2269275188446045,0.0,1,1
6004,3.6830849647521973,0.0,0,0
6005,3.5772347450256348,0.0,0,0
6006,3.5212066173553467,0.0,0,0
6007,4.005915641784668,0.0,1,1
6008,4.456416606903076,0.0,1,1
6009,3.5651214122772217,0.0,0,0
6010,4.112457752227783,0.0,1,1
6011,4.2023162841796875,0.0,0,0
6012,3.865426778793335,0.0,0,0
6013,3.560436248779297,0.0,0,0
6014,3.837681531906128,0.0,0,0
6015,3.9842991828918457,0.0,0,0
6016,4.28729772567749,0.0,1,1
6017,4.190219879150391,0.0,0,0
6018,3.608604669570923,0.0,0,0
6019,3.9643425941467285,0.0,1,1
6020,4.175454139709473,0.0,1,1
6021,4.5067877769470215,0.0,1,1
6022,5.2728424072265625,0.0,0,0
6023,4.053615570068359,0.0,1,1
6024,3.502479314804077,0.0,1,1
6025,3.8624298572540283,0.0,1,1
6026,3.2785496711730957,0.0,1,1
6027,4.1098527908325195,0.0,0,0
6028,3.9352059364318848,0.0,1,1
6029,3.423605442047119,0.0,1,1
6030,3.856018304824829,0.0,0,0
6031,2.523550271987915,0.0,1,1
6032,2.5571517944335938,0.0,1,1
6033,2.653737783432007,0.0,0,0
6034,2.8544228076934814,0.0,0,0
6035,2.828230142593384,0.0,1,1
6036,2.809385299682617,0.0,1,1
6037,3.1092422008514404,0.0,1,1
6038,3.2114217281341553,0.0,1,1
6039,4.205935955047607,0.0,0,0
6040,3.7767674922943115,0.0,0,0
6041,3.500694990158081,0.0,0,0
6042,3.7715582847595215,0.0,1,1
6043,3.6016578674316406,0.0,1,1
6044,2.75783634185791,0.0,1,1
6045,3.216507911682129,0.0,0,0
6046,3.65531325340271,0.0,1,1
6047,3.082637310028076,0.0,0,0
6048,3.166686773300171,0.0,0,0
6049,3.712008476257324,0.0,0,0
6050,3.566648006439209,0.0,1,1
6051,3.169043779373169,0.0,1,1
6052,2.852417230606079,0.0,1,1
6053,2.9194416999816895,0.0,0,0
6054,3.2714600563049316,0.0,0,0
6055,3.1044185161590576,0.0,0,0
6056,3.354871988296509,0.0,1,1
6057,3.8051486015319824,0.0,0,0
6058,3.1863179206848145,0.0,0,0
6059,3.2925517559051514,0.0,1,1
6060,3.4182498455047607,0.0,0,0
6061,3.6339192390441895,0.0,1,1
6062,3.692545175552368,0.0,0,0
6063,3.665801763534546,0.0,1,1
6064,3.145458459854126,0.0,1,1
6065,2.5112011432647705,0.0,1,1
6066,3.445223093032837,0.0,1,1
6067,3.4462130069732666,0.0,1,1
6068,3.593390941619873,0.0,0,0
6069,3.748157024383545,0.0,1,1
6070,4.094213008880615,0.0,1,1
6071,4.438072204589844,0.0,0,0
6072,4.725709438323975,0.0,1,1
6073,4.5963358879089355,0.0,1,1
6074,4.032956600189209,0.0,1,1
6075,4.281835556030273,0.0,0,0
6076,4.7123236656188965,0.0,0,0
6077,4.262964725494385,0.0,0,0
6078,3.9335103034973145,0.0,0,0
6079,4.5369791984558105,0.0,1,1
6080,2.856829881668091,0.0,1,1
6081,3.0797245502471924,0.0,0,0
6082,3.37080717086792,0.0,0,0
6083,3.044447422027588,0.0,0,0
6084,2.9118666648864746,0.0,0,0
6085,3.3504652976989746,0.0,1,1
6086,3.798600435256958,0.0,1,1
6087,3.710277795791626,0.0,1,1
6088,3.723365306854248,0.0,1,1
6089,3.620532274246216,0.0,1,1
6090,3.6972496509552,0.0,1,1
6091,3.7465078830718994,0.0,0,0
6092,3.8311643600463867,0.0,1,1
6093,4.1289849281311035,0.0,1,1
6094,3.803227424621582,0.0,0,0
6095,3.519503355026245,0.0,1,1
6096,3.0943610668182373,0.0,1,1
6097,2.7064170837402344,0.0,1,1
6098,2.7536418437957764,0.0,1,1
6099,2.0246500968933105,0.0,1,1
6100,3.6117022037506104,0.0,1,1
6101,3.4467852115631104,0.0,1,1
6102,3.4190216064453125,0.0,1,1
6103,3.4969570636749268,0.0,1,1
6104,3.9536795616149902,0.0,0,0
6105,4.118493556976318,0.0,0,0
6106,4.066758632659912,0.0,1,1
6107,4.19456672668457,0.0,0,0
6108,4.253515720367432,0.0,1,1
6109,3.742948055267334,0.0,1,1
6110,3.853377342224121,0.0,0,0
6111,4.466553211212158,0.0,0,0
6112,5.044581890106201,0.0,0,0
6113,3.9602115154266357,0.0,0,0
6114,4.0923542976379395,0.0,1,1
6115,4.290021896362305,0.0,1,1
6116,3.6075384616851807,0.0,0,0
6117,3.7741265296936035,0.0,0,0
6118,4.13167667388916,0.0,0,0
6119,4.012352466583252,0.0,1,1
6120,4.288479328155518,0.0,0,0
6121,3.671485424041748,0.0,1,1
6122,3.365644693374634,0.0,0,0
6123,3.812939405441284,0.0,1,1
6124,4.1372809410095215,0.0,1,1
6125,3.548809051513672,0.0,0,0
6126,3.0795247554779053,0.0,1,1
6127,2.8665990829467773,0.0,0,0
6128,3.3266048431396484,0.0,1,1
6129,3.6088411808013916,0.0,1,1
6130,3.3659090995788574,0.0,1,1
6131,3.547447919845581,0.0,0,0
6132,3.4159889221191406,0.0,1,1
6133,4.122555255889893,0.0,0,0
6134,3.1319589614868164,0.0,1,1
6135,3.0690298080444336,0.0,0,0
6136,3.3463521003723145,0.0,1,1
6137,4.056270599365234,0.0,0,0
6138,3.8584234714508057,0.0,0,0
6139,3.1233105659484863,0.0,0,0
6140,3.3938848972320557,0.0,1,1
6141,3.4872655868530273,0.0,1,1
6142,3.659738540649414,0.0,1,1
6143,3.358668088912964,0.0,1,1
6144,3.4519174098968506,0.0,0,0
6145,3.2369296550750732,0.0,1,1
6146,3.156113624572754,0.0,0,0
6147,3.3836705684661865,0.0,1,1
6148,3.1343834400177,0.0,1,1
6149,3.396385908126831,0.0,1,1
6150,3.2740378379821777,0.0,1,1
6151,4.096319675445557,0.0,0,0
6152,3.828212022781372,0.0,1,1
6153,4.6183648109436035,0.0,1,1
6154,4.836391925811768,0.0,0,0
6155,3.063789129257202,0.0,0,0
6156,2.5732367038726807,0.0,1,1
6157,2.746034860610962,0.0,1,1
6158,2.8225038051605225,0.0,0,0
6159,2.394209146499634,0.0,1,1
6160,2.9432337284088135,0.0,0,0
6161,2.8859052658081055,0.0,1,1
6162,3.0287418365478516,0.0,0,0
6163,2.948389768600464,0.0,0,0
6164,2.7688815593719482,0.0,0,0
6165,2.7174806594848633,0.0,1,1
6166,2.9027812480926514,0.0,0,0
6167,3.301175117492676,0.0,1,1
6168,3.3774256706237793,0.0,1,1
6169,2.823559045791626,0.0,0,0
6170,2.73750376701355,0.0,0,0
6171,2.624974489212036,0.0,0,0
6172,3.9734251499176025,0.0,1,1
6173,3.7333710193634033,0.0,1,1
6174,4.092828273773193,0.0,0,0
6175,4.112720489501953,0.0,1,1
6176,3.332106828689575,0.0,1,1
6177,3.804286003112793,0.0,1,1
6178,3.6967031955718994,0.0,1,1
6179,4.24699068069458,0.0,1,1
6180,3.7700281143188477,0.0,1,1
6181,4.68444299697876,0.0,1,1
6182,3.847318410873413,0.0,0,0
6183,4.263914108276367,0.0,1,1
6184,4.437611103057861,0.0,1,1
6185,4.202644348144531,0.0,1,1
6186,3.681983709335327,0.0,0,0
6187,3.8304696083068848,0.0,0,0
6188,4.311488628387451,0.0,1,1
6189,4.227075576782227,0.0,0,0
6190,4.025303363800049,0.0,1,1
6191,4.210662364959717,0.0,0,0
6192,3.928037166595459,0.0,0,0
6193,4.149685859680176,0.0,1,1
6194,4.354188919067383,0.0,0,0
6195,4.195745944976807,0.0,0,0
6196,3.9204368591308594,0.0,1,1
6197,3.9590885639190674,0.0,0,0
6198,4.3669047355651855,0.0,1,1
6199,4.0205864906311035,0.0,1,1
6200,4.12741231918335,0.0,1,1
6201,4.276772499084473,0.0,1,1
6202,4.281454563140869,0.0,0,0
6203,4.378239631652832,0.0,0,0
6204,4.4064040184021,0.0,0,0
6205,3.7180562019348145,0.0,0,0
6206,4.339779853820801,0.0,1,1
6207,4.146427154541016,0.0,0,0
6208,3.4294536113739014,0.0,0,0
6209,3.72448468208313,0.0,1,1
6210,3.817164897918701,0.0,0,0
6211,3.7636749744415283,0.0,0,0
6212,3.4384546279907227,0.0,1,1
6213,3.5018930435180664,0.0,0,0
6214,3.7526040077209473,0.0,0,0
6215,2.925682783126831,0.0,1,1
6216,3.628939628601074,0.0,1,1
6217,4.269077777862549,0.0,0,0
6218,3.9138965606689453,0.0,1,1
6219,3.8004117012023926,0.0,0,0
6220,3.7104763984680176,0.0,1,1
6221,3.0642764568328857,0.0,1,1
6222,3.6426916122436523,0.0,1,1
6223,3.428485155105591,0.0,1,1
6224,3.5079517364501953,0.0,1,1
6225,4.251086711883545,0.0,1,1
6226,4.116692543029785,0.0,0,0
6227,3.6228883266448975,0.0,0,0
6228,2.039785146713257,0.0,1,1
6229,1.4535876512527466,0.0,1,1
6230,2.584341287612915,0.0,0,0
6231,3.4626030921936035,0.0,1,1
6232,2.603224039077759,0.0,0,0
6233,3.3944849967956543,0.0,0,0
6234,3.294947624206543,0.0,0,0
6235,2.917273759841919,0.0,0,0
6236,3.4613287448883057,0.0,1,1
6237,4.2116379737854,0.0,1,1
6238,4.881060600280762,0.0,0,0
6239,4.495882511138916,0.0,1,1
6240,4.476932525634766,0.0,0,0
6241,4.8621416091918945,0.0,1,1
6242,4.500222682952881,0.0,0,0
6243,3.415255546569824,0.0,1,1
6244,4.058565139770508,0.0,1,1
6245,4.399438381195068,0.0,1,1
6246,4.728271961212158,0.0,0,0
6247,4.602778911590576,0.0,0,0
6248,4.61204719543457,0.0,1,1
6249,4.740323543548584,0.0,0,0
6250,4.360290050506592,0.0,0,0
6251,4.346151828765869,0.0,1,1
6252,4.2578582763671875,0.0,1,1
6253,4.539113998413086,0.0,1,1
6254,4.919180393218994,0.0,0,0
6255,4.441993236541748,0.0,1,1
6256,4.534080982208252,0.0,1,1
6257,4.0783467292785645,0.0,0,0
6258,4.282953262329102,0.0,0,0
6259,4.650143146514893,0.0,0,0
6260,4.403082847595215,0.0,0,0
6261,4.434596061706543,0.0,1,1
6262,4.385163307189941,0.0,0,0
6263,4.482414722442627,0.0,1,1
6264,4.595525741577148,0.0,1,1
6265,4.357092380523682,0.0,0,0
6266,4.135482311248779,0.0,0,0
6267,4.728818893432617,0.0,1,1
6268,4.588368892669678,0.0,1,1
6269,4.237028121948242,0.0,1,1
6270,4.846736907958984,0.0,0,0
6271,4.542164325714111,0.0,1,1
6272,4.557635307312012,0.0,0,0
6273,4.678892135620117,0.0,0,0
6274,4.697999954223633,0.0,0,0
6275,2.2913408279418945,0.0,1,1
6276,2.6412911415100098,0.0,0,0
6277,3.6160027980804443,0.0,0,0
6278,3.353220224380493,0.0,1,1
6279,4.084076404571533,0.0,1,1
6280,4.840182304382324,0.0,0,0
6281,3.7939000129699707,0.0,1,1
6282,4.432436466217041,0.0,1,1
6283,4.979310989379883,0.0,1,1
6284,4.569992542266846,0.0,1,1
6285,5.095250606536865,0.0,0,0
6286,5.0588698387146,0.0,0,0
6287,4.709249973297119,0.0,1,1
6288,4.9680657386779785,0.0,1,1
6289,3.6477138996124268,0.0,1,1
6290,3.787440061569214,0.0,0,0
6291,2.251365900039673,0.0,1,1
6292,3.330559015274048,0.0,0,0
6293,3.9158082008361816,0.0,0,0
6294,3.7439796924591064,0.0,1,1
6295,3.628307342529297,0.0,1,1
6296,4.133677959442139,0.0,0,0
6297,3.6405417919158936,0.0,0,0
6298,3.7374753952026367,0.0,0,0
6299,4.273167610168457,0.0,0,0
6300,3.4441466331481934,0.0,1,1
6301,2.874924898147583,0.0,0,0
6302,3.7280473709106445,0.0,0,0
6303,2.989823341369629,0.0,1,1
6304,3.841374158859253,0.0,0,0
6305,3.426647901535034,0.0,0,0
6306,3.9176392555236816,0.0,0,0
6307,3.5302624702453613,0.0,0,0
6308,3.2446377277374268,0.0,0,0
6309,3.4744980335235596,0.0,1,1
6310,3.640737771987915,0.0,1,1
6311,4.067795753479004,0.0,1,1
6312,3.9377048015594482,0.0,1,1
6313,3.981779098510742,0.0,1,1
6314,4.046450614929199,0.0,0,0
6315,4.1808857917785645,0.0,0,0
6316,4.364841461181641,0.0,1,1
6317,3.8838601112365723,0.0,1,1
6318,4.659072399139404,0.0,0,0
6319,4.459223747253418,0.0,1,1
6320,4.232247829437256,0.0,0,0
6321,4.2227783203125,0.0,1,1
6322,4.388792037963867,0.0,0,0
6323,4.325984477996826,0.0,0,0
6324,4.9738640785217285,0.0,0,0
6325,3.947988510131836,0.0,1,1
6326,4.694403171539307,0.0,0,0
6327,3.848576068878174,0.0,1,1
6328,4.283634662628174,0.0,0,0
6329,4.9095025062561035,0.0,1,1
6330,4.392639636993408,0.0,0,0
6331,4.331056118011475,0.0,1,1
6332,3.6880977153778076,0.0,1,1
6333,3.540541648864746,0.0,0,0
6334,4.243156909942627,0.0,1,1
6335,4.118641376495361,0.0,1,1
6336,4.170976638793945,0.0,1,1
6337,2.424877643585205,0.0,0,0
6338,2.535202980041504,0.0,1,1
6339,3.2305808067321777,0.0,1,1
6340,3.802518129348755,0.0,0,0
6341,3.9632558822631836,0.0,0,0
6342,4.535897731781006,0.0,1,1
6343,4.501605033874512,0.0,0,0
6344,3.0935215950012207,0.0,0,0
6345,3.3351590633392334,0.0,0,0
6346,2.586874008178711,0.0,0,0
6347,2.9250879287719727,0.0,1,1
6348,3.563619613647461,0.0,0,0
6349,3.3370144367218018,0.0,0,0
6350,3.532989025115967,0.0,0,0
6351,2.888503313064575,0.0,0,0
6352,3.06577205657959,0.0,0,0
6353,3.1514103412628174,0.0,0,0
6354,3.3823976516723633,0.0,1,1
6355,3.019197702407837,0.0,1,1
6356,3.470470905303955,0.0,1,1
6357,3.3379476070404053,0.0,1,1
6358,3.1409971714019775,0.0,1,1
6359,3.084566354751587,0.0,0,0
6360,3.67536997795105,0.0,1,1
6361,3.0303571224212646,0.0,0,0
6362,3.163644313812256,0.0,1,1
6363,3.2995870113372803,0.0,0,0
6364,3.4202497005462646,0.0,0,0
6365,3.3016324043273926,0.0,0,0
6366,3.4233686923980713,0.0,0,0
6367,3.0574827194213867,0.0,1,1
6368,2.947537660598755,0.0,1,1
6369,3.2554001808166504,0.0,1,1
6370,3.0031490325927734,0.0,0,0
6371,2.8745152950286865,0.0,1,1
6372,3.6139094829559326,0.0,0,0
6373,3.3444173336029053,0.0,1,1
6374,3.1736927032470703,0.0,1,1
6375,3.7983529567718506,0.0,0,0
6376,2.931657075881958,0.0,0,0
6377,3.3933053016662598,0.0,0,0
6378,3.27510142326355,0.0,1,1
6379,3.3406548500061035,0.0,0,0
6380,3.6063849925994873,0.0,0,0
6381,3.6259191036224365,0.0,1,1
6382,3.384047269821167,0.0,0,0
6383,3.115333080291748,0.0,1,1
6384,3.0249390602111816,0.0,1,1
6385,3.5024211406707764,0.0,0,0
6386,3.1990694999694824,0.0,1,1
6387,3.381261110305786,0.0,0,0
6388,3.4685561656951904,0.0,0,0
6389,3.2930123805999756,0.0,1,1
6390,3.7570643424987793,0.0,1,1
6391,3.3286519050598145,0.0,1,1
6392,3.630849838256836,0.0,0,0
6393,3.446909189224243,0.0,1,1
6394,3.434657335281372,0.0,1,1
6395,3.9020729064941406,0.0,0,0
6396,3.236835241317749,0.0,1,1
6397,3.425835371017456,0.0,0,0
6398,3.9597408771514893,0.0,1,1
6399,3.5325381755828857,0.0,0,0
6400,3.5572638511657715,0.0,1,1
6401,3.314579725265503,0.0,1,1
6402,3.5251104831695557,0.0,1,1
6403,4.334190368652344,0.0,0,0
6404,4.433168888092041,0.0,1,1
6405,4.477277755737305,0.0,0,0
6406,4.0544891357421875,0.0,1,1
6407,3.8142006397247314,0.0,1,1
6408,3.8366079330444336,0.0,1,1
6409,4.094030380249023,0.0,1,1
6410,4.3743367195129395,0.0,1,1
6411,3.7075910568237305,0.0,0,0
6412,3.688216209411621,0.0,0,0
6413,3.5024571418762207,0.0,0,0
6414,3.6071789264678955,0.0,1,1
6415,2.9689362049102783,0.0,1,1
6416,3.930356025695801,0.0,1,1
6417,4.016463279724121,0.0,0,0
6418,3.534360408782959,0.0,1,1
6419,3.2299909591674805,0.0,1,1
6420,2.710160255432129,0.0,0,0
6421,3.485856294631958,0.0,1,1
6422,3.08482027053833,0.0,0,0
6423,2.531287670135498,0.0,0,0
6424,3.783099889755249,0.0,0,0
6425,3.990476608276367,0.0,1,1
6426,3.5632073879241943,0.0,1,1
6427,4.216594696044922,0.0,1,1
6428,4.220346927642822,0.0,1,1
6429,3.549870491027832,0.0,1,1
6430,4.101048946380615,0.0,1,1
6431,3.6062138080596924,0.0,1,1
6432,3.6518948078155518,0.0,1,1
6433,3.6304118633270264,0.0,0,0
6434,3.481539249420166,0.0,0,0
6435,4.138838291168213,0.0,1,1
6436,4.018404960632324,0.0,0,0
6437,3.399678945541382,0.0,1,1
6438,3.704763889312744,0.0,1,1
6439,4.370177745819092,0.0,1,1
6440,4.7666707038879395,0.0,1,1
6441,4.556593894958496,0.0,1,1
6442,3.907991647720337,0.0,1,1
6443,3.6973965167999268,0.0,1,1
6444,4.117096424102783,0.0,0,0
6445,3.7638278007507324,0.0,0,0
6446,3.6639902591705322,0.0,0,0
6447,4.5009942054748535,0.0,1,1
6448,3.9710745811462402,0.0,1,1
6449,3.637916326522827,0.0,0,0
6450,3.8731141090393066,0.0,1,1
6451,3.8150277137756348,0.0,1,1
6452,4.706992149353027,0.0,0,0
6453,4.073359966278076,0.0,0,0
6454,4.660966873168945,0.0,0,0
6455,4.620532989501953,0.0,1,1
6456,4.936988353729248,0.0,1,1
6457,4.719419479370117,0.0,0,0
6458,4.374814987182617,0.0,1,1
6459,4.6215410232543945,0.0,1,1
6460,4.692976474761963,0.0,1,1
6461,4.921759128570557,0.0,0,0
6462,4.980343818664551,0.0,1,1
6463,4.403881072998047,0.0,0,0
6464,4.555495262145996,0.0,0,0
6465,3.3389158248901367,0.0,0,0
6466,3.7683701515197754,0.0,0,0
6467,3.850339651107788,0.0,0,0
6468,3.4503321647644043,0.0,1,1
6469,3.8255417346954346,0.0,0,0
6470,2.9930758476257324,0.0,0,0
6471,3.555307149887085,0.0,0,0
6472,3.5716588497161865,0.0,0,0
6473,3.531961441040039,0.0,1,1
6474,3.5814132690429688,0.0,1,1
6475,3.721825361251831,0.0,1,1
6476,3.2389984130859375,0.0,0,0
6477,3.4854400157928467,0.0,1,1
6478,4.0479512214660645,0.0,0,0
6479,3.5639753341674805,0.0,0,0
6480,3.449995756149292,0.0,0,0
6481,3.6535074710845947,0.0,1,1
6482,4.269191741943359,0.0,0,0
6483,3.384253978729248,0.0,1,1
6484,4.011909484863281,0.0,1,1
6485,3.710775136947632,0.0,0,0
6486,3.7357614040374756,0.0,1,1
6487,3.3435330390930176,0.0,0,0
6488,3.211721658706665,0.0,0,0
6489,3.7059292793273926,0.0,1,1
6490,3.004312515258789,0.0,1,1
6491,2.831291675567627,0.0,1,1
6492,2.816967487335205,0.0,1,1
6493,3.4339473247528076,0.0,0,0
6494,3.09588885307312,0.0,0,0
6495,3.496771812438965,0.0,0,0
6496,3.90517520904541,0.0,1,1
6497,3.018517255783081,0.0,1,1
6498,3.235696315765381,0.0,1,1
6499,3.7135074138641357,0.0,1,1
6500,3.297302484512329,0.0,0,0
6501,3.294285774230957,0.0,1,1
6502,4.187229633331299,0.0,0,0
6503,2.823077440261841,0.0,0,0
6504,3.555281639099121,0.0,1,1
6505,2.9059042930603027,0.0,1,1
6506,2.4133665561676025,0.0,1,1
6507,3.0338518619537354,0.0,0,0
6508,3.650998592376709,0.0,1,1
6509,3.2921016216278076,0.0,1,1
6510,3.26194429397583,0.0,1,1
6511,3.2305495738983154,0.0,1,1
6512,3.5312047004699707,0.0,0,0
6513,3.7078709602355957,0.0,1,1
6514,3.1048057079315186,0.0,0,0
6515,3.3500688076019287,0.0,1,1
6516,3.5333125591278076,0.0,1,1
6517,3.409306526184082,0.0,0,0
6518,4.323003768920898,0.0,0,0
6519,2.9831771850585938,0.0,0,0
6520,3.210876226425171,0.0,1,1
6521,3.186406373977661,0.0,1,1
6522,3.3392646312713623,0.0,1,1
6523,3.6196305751800537,0.0,0,0
6524,3.4613325595855713,0.0,1,1
6525,3.45869779586792,0.0,0,0
6526,3.2147302627563477,0.0,0,0
6527,3.564631938934326,0.0,0,0
6528,3.8200771808624268,0.0,0,0
6529,3.486658811569214,0.0,0,0
6530,3.8440136909484863,0.0,0,0
6531,3.691267967224121,0.0,0,0
6532,3.6298413276672363,0.0,1,1
6533,4.065179824829102,0.0,1,1
6534,3.9131672382354736,0.0,1,1
6535,4.30146598815918,0.0,0,0
6536,4.2502522468566895,0.0,1,1
6537,3.9123754501342773,0.0,0,0
6538,3.960359573364258,0.0,1,1
6539,4.02002477645874,0.0,0,0
6540,3.3316619396209717,0.0,0,0
6541,3.6620376110076904,0.0,1,1
6542,3.625701665878296,0.0,0,0
6543,4.254159450531006,0.0,0,0
6544,4.155056953430176,0.0,0,0
6545,3.5087969303131104,0.0,1,1
6546,3.925124406814575,0.0,1,1
6547,4.447760105133057,0.0,0,0
6548,3.9179723262786865,0.0,0,0
6549,3.952253580093384,0.0,1,1
6550,4.66018009185791,0.0,1,1
6551,4.244932174682617,0.0,0,0
6552,3.372257947921753,0.0,1,1
6553,3.8721420764923096,0.0,1,1
6554,3.8858349323272705,0.0,1,1
6555,4.467066764831543,0.0,1,1
6556,4.0386576652526855,0.0,1,1
6557,3.8060076236724854,0.0,1,1
6558,4.417362689971924,0.0,0,0
6559,4.628045082092285,0.0,1,1
6560,3.6240904331207275,0.0,1,1
6561,3.690722703933716,0.0,1,1
6562,3.6506619453430176,0.0,1,1
6563,3.491485834121704,0.0,0,0
6564,3.4880781173706055,0.0,1,1
6565,3.117302894592285,0.0,1,1
6566,3.2412500381469727,0.0,1,1
6567,3.9156012535095215,0.0,0,0
6568,3.8414199352264404,0.0,0,0
6569,3.6588354110717773,0.0,0,0
6570,4.714566707611084,0.0,1,1
6571,3.658137559890747,0.0,1,1
6572,3.973587989807129,0.0,1,1
6573,4.086325168609619,0.0,0,0
6574,3.6261632442474365,0.0,0,0
6575,3.690112352371216,0.0,0,0
6576,3.9744069576263428,0.0,0,0
6577,4.145300388336182,0.0,0,0
6578,3.7347841262817383,0.0,0,0
6579,3.751953125,0.0,1,1
6580,4.017993927001953,0.0,0,0
6581,4.126247882843018,0.0,1,1
6582,4.031871318817139,0.0,0,0
6583,3.7794241905212402,0.0,0,0
6584,4.1130805015563965,0.0,0,0
6585,4.249812126159668,0.0,0,0
6586,4.586664199829102,0.0,1,1
6587,4.003847122192383,0.0,1,1
6588,4.079397678375244,0.0,0,0
6589,3.8959646224975586,0.0,1,1
6590,4.112491130828857,0.0,1,1
6591,2.881537675857544,0.0,1,1
6592,3.597203493118286,0.0,1,1
6593,3.612886905670166,0.0,1,1
6594,3.7869794368743896,0.0,0,0
6595,3.99383544921875,0.0,0,0
6596,3.968871593475342,0.0,0,0
6597,3.765594244003296,0.0,0,0
6598,4.274597644805908,0.0,0,0
6599,3.4546151161193848,0.0,1,1
6600,3.686676502227783,0.0,1,1
6601,3.6766579151153564,0.0,1,1
6602,4.074716567993164,0.0,0,0
6603,3.6258492469787598,0.0,1,1
6604,3.395322322845459,0.0,0,0
6605,4.235418319702148,0.0,0,0
6606,3.876680612564087,0.0,0,0
6607,4.027641296386719,0.0,0,0
6608,4.078402996063232,0.0,1,1
6609,3.214573383331299,0.0,0,0
6610,3.3400816917419434,0.0,0,0
6611,2.3453729152679443,0.0,1,1
6612,2.7342417240142822,0.0,1,1
6613,2.533560276031494,0.0,1,1
6614,2.5224342346191406,0.0,0,0
6615,2.3757781982421875,0.0,0,0
6616,2.2406866550445557,0.0,0,0
6617,2.7660017013549805,0.0,0,0
6618,2.0674660205841064,0.0,0,0
6619,2.2301433086395264,0.0,1,1
6620,2.303532123565674,0.0,0,0
6621,2.5665361881256104,0.0,0,0
6622,2.3996968269348145,0.0,0,0
6623,2.415031909942627,0.0,1,1
6624,2.6264655590057373,0.0,1,1
6625,2.4848122596740723,0.0,1,1
6626,2.4081358909606934,0.0,1,1
6627,2.3669896125793457,0.0,0,0
6628,2.1721723079681396,0.0,0,0
6629,2.2588651180267334,0.0,1,1
6630,2.275315523147583,0.0,0,0
6631,2.052700996398926,0.0,1,1
6632,2.47719144821167,0.0,1,1
6633,2.3687305450439453,0.0,1,1
6634,2.9966890811920166,0.0,0,0
6635,2.749589204788208,0.0,1,1
6636,2.220156192779541,0.0,0,0
6637,2.700470209121704,0.0,1,1
6638,2.7131450176239014,0.0,1,1
6639,3.2868144512176514,0.0,0,0
6640,3.9246015548706055,0.0,1,1
6641,3.4556453227996826,0.0,0,0
6642,4.261411190032959,0.0,0,0
6643,4.523297309875488,0.0,0,0
6644,4.23262882232666,0.0,0,0
6645,3.499988079071045,0.0,0,0
6646,3.1006174087524414,0.0,0,0
6647,3.6631946563720703,0.0,0,0
6648,3.7532010078430176,0.0,1,1
6649,3.542104482650757,0.0,1,1
6650,3.9526851177215576,0.0,0,0
6651,4.105305194854736,0.0,0,0
6652,4.068997859954834,0.0,1,1
6653,4.258511543273926,0.0,0,0
6654,4.216106414794922,0.0,0,0
6655,3.908296585083008,0.0,0,0
6656,3.8615052700042725,0.0,0,0
6657,4.171716213226318,0.0,1,1
6658,3.9845759868621826,0.0,0,0
6659,3.579824209213257,0.0,1,1
6660,3.788719654083252,0.0,0,0
6661,3.661813259124756,0.0,1,1
6662,3.9755747318267822,0.0,0,0
6663,4.081544876098633,0.0,1,1
6664,4.119387149810791,0.0,1,1
6665,3.690629720687866,0.0,1,1
6666,4.002480983734131,0.0,0,0
6667,3.999717950820923,0.0,1,1
6668,4.067389488220215,0.0,1,1
6669,4.188840389251709,0.0,0,0
6670,3.901487350463867,0.0,1,1
6671,4.16678524017334,0.0,1,1
6672,4.187476634979248,0.0,1,1
6673,4.238071918487549,0.0,1,1
6674,4.441776752471924,0.0,0,0
6675,3.8207850456237793,0.0,0,0
6676,4.098588943481445,0.0,1,1
6677,4.371867656707764,0.0,1,1
6678,4.176771640777588,0.0,0,0
6679,4.3610405921936035,0.0,1,1
6680,4.484439373016357,0.0,0,0
6681,4.485117435455322,0.0,0,0
6682,4.537886619567871,0.0,1,1
6683,3.6201422214508057,0.0,1,1
6684,3.2711780071258545,0.0,0,0
6685,3.3783373832702637,0.0,1,1
6686,3.2080438137054443,0.0,1,1
6687,3.922119140625,0.0,1,1
6688,4.315073490142822,0.0,1,1
6689,4.2657036781311035,0.0,0,0
6690,4.286607265472412,0.0,1,1
6691,4.334266662597656,0.0,1,1
6692,4.376909255981445,0.0,0,0
6693,3.8409619331359863,0.0,1,1
6694,3.849435806274414,0.0,1,1
6695,3.688584804534912,0.0,0,0
6696,3.7216572761535645,0.0,0,0
6697,3.682166814804077,0.0,1,1
6698,4.529160022735596,0.0,0,0
6699,4.885960102081299,0.0,0,0
6700,4.5433349609375,0.0,0,0
6701,4.655562400817871,0.0,1,1
6702,4.238382816314697,0.0,1,1
6703,3.9913177490234375,0.0,0,0
6704,3.710376262664795,0.0,0,0
6705,4.341830253601074,0.0,0,0
6706,4.158389568328857,0.0,1,1
6707,3.8473446369171143,0.0,0,0
6708,4.674353122711182,0.0,0,0
6709,4.94105339050293,0.0,1,1
6710,3.9128754138946533,0.0,0,0
6711,3.7269351482391357,0.0,0,0
6712,3.974937677383423,0.0,0,0
6713,4.139932155609131,0.0,0,0
6714,3.8561315536499023,0.0,0,0
6715,4.44131326675415,0.0,1,1
6716,4.325675010681152,0.0,0,0
6717,4.036633014678955,0.0,1,1
6718,3.714768886566162,0.0,0,0
6719,4.263645172119141,0.0,1,1
6720,4.403798580169678,0.0,1,1
6721,3.474886655807495,0.0,1,1
6722,3.721076011657715,0.0,1,1
6723,3.9823951721191406,0.0,0,0
6724,3.9558424949645996,0.0,0,0
6725,3.9893383979797363,0.0,0,0
6726,3.6470983028411865,0.0,1,1
6727,3.1421782970428467,0.0,0,0
6728,4.243603229522705,0.0,1,1
6729,3.910384178161621,0.0,1,1
6730,3.779784679412842,0.0,1,1
6731,3.873554229736328,0.0,0,0
6732,3.7515499591827393,0.0,0,0
6733,3.228482484817505,0.0,0,0
6734,3.5456223487854004,0.0,0,0
6735,3.4712541103363037,0.0,1,1
6736,3.7589898109436035,0.0,0,0
6737,3.9533493518829346,0.0,1,1
6738,3.781583786010742,0.0,0,0
6739,3.458559513092041,0.0,1,1
6740,3.8846592903137207,0.0,1,1
6741,3.691251039505005,0.0,1,1
6742,4.183117866516113,0.0,1,1
6743,3.959209442138672,0.0,0,0
6744,3.8290772438049316,0.0,1,1
6745,4.207965850830078,0.0,0,0
6746,3.9634532928466797,0.0,1,1
6747,3.9522202014923096,0.0,1,1
6748,4.056734085083008,0.0,0,0
6749,3.7857582569122314,0.0,0,0
6750,3.9081263542175293,0.0,1,1
6751,3.803568124771118,0.0,1,1
6752,4.388227939605713,0.0,0,0
6753,3.7687106132507324,0.0,1,1
6754,3.5670371055603027,0.0,1,1
6755,3.518562078475952,0.0,1,1
6756,3.75892972946167,0.0,1,1
6757,4.479558944702148,0.0,1,1
6758,4.039170265197754,0.0,1,1
6759,2.813260078430176,0.0,1,1
6760,2.4137415885925293,0.0,1,1
6761,2.6161062717437744,0.0,1,1
6762,2.5127110481262207,0.0,1,1
6763,3.417419910430908,0.0,0,0
6764,2.9128341674804688,0.0,0,0
6765,3.0371413230895996,0.0,0,0
6766,3.115483045578003,0.0,1,1
6767,4.380321979522705,0.0,1,1
6768,3.884038209915161,0.0,1,1
6769,2.953645706176758,0.0,1,1
6770,4.592529296875,0.0,0,0
6771,4.719916820526123,0.0,1,1
6772,3.9464938640594482,0.0,1,1
6773,3.0782084465026855,0.0,1,1
6774,3.153183698654175,0.0,1,1
6775,3.581745147705078,0.0,1,1
6776,3.0626657009124756,0.0,0,0
6777,3.0491862297058105,0.0,0,0
6778,3.4282379150390625,0.0,0,0
6779,3.573667049407959,0.0,1,1
6780,3.083544969558716,0.0,0,0
6781,3.3689565658569336,0.0,1,1
6782,3.246718645095825,0.0,1,1
6783,3.640979290008545,0.0,1,1
6784,3.590359926223755,0.0,1,1
6785,4.052311420440674,0.0,0,0
6786,3.5298044681549072,0.0,1,1
6787,3.5718557834625244,0.0,1,1
6788,3.25046706199646,0.0,1,1
6789,3.823979377746582,0.0,1,1
6790,3.9662539958953857,0.0,1,1
6791,3.545346975326538,0.0,0,0
6792,3.9516830444335938,0.0,1,1
6793,4.082794189453125,0.0,1,1
6794,2.905148983001709,0.0,0,0
6795,2.9454972743988037,0.0,0,0
6796,4.103418827056885,0.0,0,0
6797,3.6720571517944336,0.0,0,0
6798,3.4396560192108154,0.0,1,1
6799,3.851088523864746,0.0,0,0
6800,4.095431327819824,0.0,1,1
6801,2.07565975189209,0.0,0,0
6802,3.0617923736572266,0.0,0,0
6803,3.1079156398773193,0.0,0,0
6804,3.839012622833252,0.0,1,1
6805,3.446629762649536,0.0,0,0
6806,3.663059949874878,0.0,0,0
6807,4.096622467041016,0.0,1,1
6808,3.1673202514648438,0.0,0,0
6809,3.6437010765075684,0.0,0,0
6810,3.308544397354126,0.0,0,0
6811,3.4708142280578613,0.0,0,0
6812,4.028077602386475,0.0,1,1
6813,3.161862850189209,0.0,0,0
6814,3.6395106315612793,0.0,1,1
6815,3.4309797286987305,0.0,0,0
6816,3.5317835807800293,0.0,1,1
6817,3.5666348934173584,0.0,1,1
6818,3.5587990283966064,0.0,1,1
6819,3.929783821105957,0.0,1,1
6820,3.4014039039611816,0.0,1,1
6821,3.460150957107544,0.0,0,0
6822,3.7551586627960205,0.0,1,1
6823,3.689225673675537,0.0,0,0
6824,3.8888750076293945,0.0,0,0
6825,3.528379440307617,0.0,0,0
6826,4.073973655700684,0.0,0,0
6827,3.4597980976104736,0.0,1,1
6828,3.717478036880493,0.0,1,1
6829,3.246765613555908,0.0,1,1
6830,3.259230852127075,0.0,0,0
6831,3.402876615524292,0.0,1,1
6832,3.5660130977630615,0.0,0,0
6833,3.545443058013916,0.0,0,0
6834,3.034719944000244,0.0,1,1
6835,3.151531934738159,0.0,1,1
6836,3.384474992752075,0.0,0,0
6837,4.240121841430664,0.0,1,1
6838,4.255702018737793,0.0,1,1
6839,3.863290309906006,0.0,1,1
6840,3.7820873260498047,0.0,1,1
6841,3.8612852096557617,0.0,0,0
6842,4.056975364685059,0.0,0,0
6843,3.543642282485962,0.0,0,0
6844,4.215874195098877,0.0,0,0
6845,3.579055070877075,0.0,0,0
6846,3.730755567550659,0.0,0,0
6847,3.8482959270477295,0.0,1,1
6848,3.8318448066711426,0.0,0,0
6849,3.0180985927581787,0.0,1,1
6850,3.2153103351593018,0.0,0,0
6851,3.4010021686553955,0.0,0,0
6852,4.189619541168213,0.0,1,1
6853,3.5776302814483643,0.0,0,0
6854,3.5559091567993164,0.0,0,0
6855,3.3603262901306152,0.0,0,0
6856,3.1151723861694336,0.0,0,0
6857,3.950652837753296,0.0,0,0
6858,4.133626461029053,0.0,0,0
6859,3.9457733631134033,0.0,0,0
6860,3.462219476699829,0.0,0,0
6861,3.577925682067871,0.0,0,0
6862,3.274033308029175,0.0,0,0
6863,3.1071228981018066,0.0,0,0
6864,3.8182625770568848,0.0,1,1
6865,3.253605842590332,0.0,1,1
6866,3.654684543609619,0.0,1,1
6867,3.561612606048584,0.0,0,0
6868,3.0817325115203857,0.0,1,1
6869,2.5680549144744873,0.0,0,0
6870,3.5926499366760254,0.0,1,1
6871,3.155094623565674,0.0,0,0
6872,2.8856964111328125,0.0,0,0
6873,3.6798126697540283,0.0,0,0
6874,2.970601797103882,0.0,1,1
6875,3.643683433532715,0.0,0,0
6876,3.998972177505493,0.0,0,0
6877,3.7036468982696533,0.0,1,1
6878,3.468320846557617,0.0,1,1
6879,4.529786109924316,0.0,0,0
6880,3.7987289428710938,0.0,1,1
6881,3.736705780029297,0.0,1,1
6882,3.28653621673584,0.0,0,0
6883,3.517909049987793,0.0,1,1
6884,3.7133452892303467,0.0,0,0
6885,3.788506031036377,0.0,1,1
6886,3.318894624710083,0.0,1,1
6887,3.5122618675231934,0.0,1,1
6888,3.834211826324463,0.0,0,0
6889,4.050175189971924,0.0,0,0
6890,3.87748122215271,0.0,1,1
6891,4.4073896408081055,0.0,0,0
6892,4.333292007446289,0.0,1,1
6893,3.3796744346618652,0.0,0,0
6894,3.622540235519409,0.0,1,1
6895,3.7857682704925537,0.0,1,1
6896,4.026998996734619,0.0,0,0
6897,3.3926751613616943,0.0,0,0
6898,4.181805610656738,0.0,1,1
6899,3.601161479949951,0.0,1,1
6900,3.8567988872528076,0.0,0,0
6901,3.467949867248535,0.0,1,1
6902,3.2892866134643555,0.0,1,1
6903,3.6552464962005615,0.0,1,1
6904,3.661705493927002,0.0,0,0
6905,4.092822551727295,0.0,0,0
6906,4.1618194580078125,0.0,1,1
6907,3.8993022441864014,0.0,0,0
6908,4.012793064117432,0.0,1,1
6909,4.130797863006592,0.0,1,1
6910,3.866743564605713,0.0,0,0
6911,3.616767644882202,0.0,0,0
6912,3.1528871059417725,0.0,1,1
6913,3.6232564449310303,0.0,1,1
6914,3.7430660724639893,0.0,0,0
6915,3.620481014251709,0.0,0,0
6916,4.043456554412842,0.0,0,0
6917,4.165980815887451,0.0,1,1
6918,3.6028897762298584,0.0,0,0
6919,4.1699538230896,0.0,0,0
6920,4.327389717102051,0.0,1,1
6921,4.567677974700928,0.0,0,0
6922,3.0327723026275635,0.0,1,1
6923,3.887977361679077,0.0,1,1
6924,3.919351100921631,0.0,1,1
6925,3.995948553085327,0.0,1,1
6926,3.441441774368286,0.0,0,0
6927,3.801624059677124,0.0,1,1
6928,3.915412664413452,0.0,1,1
6929,3.9239139556884766,0.0,1,1
6930,4.056362628936768,0.0,1,1
6931,3.7159461975097656,0.0,0,0
6932,3.8535757064819336,0.0,0,0
6933,4.038238525390625,0.0,0,0
6934,4.0194830894470215,0.0,1,1
6935,4.674034118652344,0.0,1,1
6936,4.576509475708008,0.0,1,1
6937,4.564969062805176,0.0,0,0
6938,4.624233722686768,0.0,0,0
6939,4.606998920440674,0.0,0,0
6940,4.266419410705566,0.0,0,0
6941,4.460155487060547,0.0,1,1
6942,4.376483917236328,0.0,0,0
6943,4.411733627319336,0.0,0,0
6944,4.430495738983154,0.0,0,0
6945,4.787076473236084,0.0,1,1
6946,4.6297125816345215,0.0,0,0
6947,4.036377906799316,0.0,1,1
6948,3.990114450454712,0.0,0,0
6949,4.480203151702881,0.0,0,0
6950,5.023323059082031,0.0,0,0
6951,4.090593338012695,0.0,1,1
6952,4.023025035858154,0.0,1,1
6953,4.237977981567383,0.0,1,1
6954,4.180230140686035,0.0,0,0
6955,4.550825119018555,0.0,1,1
6956,3.486825942993164,0.0,0,0
6957,2.9684934616088867,0.0,1,1
6958,3.0018680095672607,0.0,0,0
6959,3.558943271636963,0.0,0,0
6960,3.7087414264678955,0.0,0,0
6961,2.2990128993988037,0.0,1,1
6962,2.524399518966675,0.0,0,0
6963,2.719752073287964,0.0,1,1
6964,2.7382214069366455,0.0,0,0
6965,3.1816413402557373,0.0,1,1
6966,2.7863035202026367,0.0,0,0
6967,2.560826539993286,0.0,1,1
6968,3.6767401695251465,0.0,1,1
6969,4.025015830993652,0.0,1,1
6970,2.6020267009735107,0.0,1,1
6971,3.0952446460723877,0.0,0,0
6972,3.5757803916931152,0.0,1,1
6973,3.86305570602417,0.0,1,1
6974,3.9797050952911377,0.0,1,1
6975,3.646395444869995,0.0,0,0
6976,3.218508005142212,0.0,0,0
6977,3.642953872680664,0.0,0,0
6978,3.4351613521575928,0.0,0,0
6979,3.819528341293335,0.0,1,1
6980,3.762158155441284,0.0,1,1
6981,4.116152763366699,0.0,0,0
6982,3.788271188735962,0.0,0,0
6983,4.196348190307617,0.0,1,1
6984,3.959648370742798,0.0,0,0
6985,4.4409403800964355,0.0,0,0
6986,3.7432212829589844,0.0,0,0
6987,4.504542350769043,0.0,0,0
6988,3.8629677295684814,0.0,0,0
6989,3.748173236846924,0.0,0,0
6990,3.9997711181640625,0.0,0,0
6991,3.79982590675354,0.0,0,0
6992,3.8156144618988037,0.0,0,0
6993,3.7961666584014893,0.0,1,1
6994,3.696937084197998,0.0,0,0
6995,3.55692720413208,0.0,0,0
6996,4.296602249145508,0.0,1,1
6997,3.8482773303985596,0.0,0,0
6998,4.581632137298584,0.0,0,0
6999,4.2538886070251465,0.0,1,1
7000,4.427238464355469,0.0,0,0
7001,3.668394088745117,0.0,1,1
7002,3.9613726139068604,0.0,0,0
7003,4.421468734741211,0.0,1,1
7004,4.234465599060059,0.0,0,0
7005,3.762026786804199,0.0,1,1
7006,4.083743095397949,0.0,1,1
7007,4.14527702331543,0.0,0,0
7008,4.456613063812256,0.0,1,1
7009,4.2937140464782715,0.0,1,1
7010,4.6351213455200195,0.0,1,1
7011,4.522326946258545,0.0,0,0
7012,3.9928672313690186,0.0,1,1
7013,4.195948600769043,0.0,0,0
7014,4.291738033294678,0.0,0,0
7015,4.141194820404053,0.0,0,0
7016,3.5276219844818115,0.0,0,0
7017,3.8619863986968994,0.0,0,0
7018,3.530167818069458,0.0,0,0
7019,4.136613368988037,0.0,1,1
7020,3.294315814971924,0.0,0,0
7021,4.18095064163208,0.0,1,1
7022,3.6227545738220215,0.0,0,0
7023,4.598424434661865,0.0,0,0
7024,3.4165279865264893,0.0,0,0
7025,4.358099460601807,0.0,1,1
7026,3.095121383666992,0.0,1,1
7027,3.948604106903076,0.0,1,1
7028,3.626563787460327,0.0,1,1
7029,4.759124755859375,0.0,1,1
7030,4.211575984954834,0.0,0,0
7031,4.173610687255859,0.0,1,1
7032,4.112957954406738,0.0,1,1
7033,3.6954572200775146,0.0,0,0
7034,3.1399717330932617,0.0,1,1
7035,3.0276176929473877,0.0,0,0
7036,3.5947649478912354,0.0,0,0
7037,2.9407410621643066,0.0,1,1
7038,3.366931915283203,0.0,0,0
7039,4.419306755065918,0.0,0,0
7040,4.233975410461426,0.0,0,0
7041,3.4797604084014893,0.0,0,0
7042,4.154762268066406,0.0,1,1
7043,3.9263479709625244,0.0,1,1
7044,3.8151679039001465,0.0,0,0
7045,3.4549520015716553,0.0,0,0
7046,3.479923963546753,0.0,0,0
7047,3.5510008335113525,0.0,0,0
7048,3.757016897201538,0.0,1,1
7049,4.722062110900879,0.0,1,1
7050,4.924521446228027,0.0,0,0
7051,3.819275379180908,0.0,0,0
7052,3.9402637481689453,0.0,0,0
7053,3.2471461296081543,0.0,1,1
7054,3.7108547687530518,0.0,1,1
7055,3.1084492206573486,0.0,0,0
7056,3.0799176692962646,0.0,0,0
7057,2.808732748031616,0.0,1,1
7058,2.7647807598114014,0.0,1,1
7059,3.51947283744812,0.0,1,1
7060,3.7622268199920654,0.0,0,0
7061,3.8788206577301025,0.0,1,1
7062,4.037182807922363,0.0,0,0
7063,3.2571005821228027,0.0,1,1
7064,3.9123709201812744,0.0,0,0
7065,4.206762790679932,0.0,1,1
7066,3.6003453731536865,0.0,1,1
7067,2.981910467147827,0.0,1,1
7068,3.9906342029571533,0.0,1,1
7069,4.627241134643555,0.0,1,1
7070,4.35299015045166,0.0,1,1
7071,3.440201997756958,0.0,0,0
7072,3.6282713413238525,0.0,0,0
7073,3.5164361000061035,0.0,1,1
7074,4.155490875244141,0.0,0,0
7075,4.111398696899414,0.0,0,0
7076,4.19211483001709,0.0,0,0
7077,3.7579097747802734,0.0,0,0
7078,3.947683572769165,0.0,1,1
7079,3.7560477256774902,0.0,1,1
7080,3.9296271800994873,0.0,0,0
7081,4.02742862701416,0.0,0,0
7082,4.24773645401001,0.0,0,0
7083,4.09444522857666,0.0,0,0
7084,4.3486409187316895,0.0,1,1
7085,4.13114070892334,0.0,1,1
7086,3.7649433612823486,0.0,1,1
7087,3.773552656173706,0.0,1,1
7088,4.171032428741455,0.0,0,0
7089,3.413628578186035,0.0,0,0
7090,4.0858073234558105,0.0,1,1
7091,3.6092710494995117,0.0,0,0
7092,3.674367904663086,0.0,1,1
7093,3.9090120792388916,0.0,1,1
7094,3.6822919845581055,0.0,0,0
7095,2.768393039703369,0.0,1,1
7096,4.277704238891602,0.0,1,1
7097,3.6374590396881104,0.0,0,0
7098,4.343179702758789,0.0,1,1
7099,3.985241413116455,0.0,1,1
7100,4.079267978668213,0.0,1,1
7101,3.9127466678619385,0.0,1,1
7102,3.923462390899658,0.0,0,0
7103,4.243124485015869,0.0,0,0
7104,4.125554084777832,0.0,1,1
7105,4.075695991516113,0.0,1,1
7106,3.9437975883483887,0.0,1,1
7107,3.3850646018981934,0.0,0,0
7108,3.217527151107788,0.0,0,0
7109,2.702641010284424,0.0,0,0
7110,4.200590133666992,0.0,1,1
7111,4.286428928375244,0.0,1,1
7112,3.7319180965423584,0.0,0,0
7113,3.2060980796813965,0.0,1,1
7114,3.853936195373535,0.0,0,0
7115,3.5336759090423584,0.0,1,1
7116,3.41147518157959,0.0,1,1
7117,3.5115039348602295,0.0,0,0
7118,4.183187007904053,0.0,1,1
7119,3.6817829608917236,0.0,1,1
7120,3.0643584728240967,0.0,0,0
7121,3.5001513957977295,0.0,0,0
7122,2.9632043838500977,0.0,0,0
7123,2.7695515155792236,0.0,0,0
7124,3.2368199825286865,0.0,1,1
7125,3.550093173980713,0.0,0,0
7126,3.625530958175659,0.0,1,1
7127,3.6156201362609863,0.0,0,0
7128,3.8938143253326416,0.0,1,1
7129,3.253425121307373,0.0,0,0
7130,3.5049755573272705,0.0,1,1
7131,3.6817893981933594,0.0,1,1
7132,3.4842286109924316,0.0,0,0
7133,3.3181965351104736,0.0,0,0
7134,3.007857322692871,0.0,0,0
7135,3.3379321098327637,0.0,1,1
7136,3.0165441036224365,0.0,1,1
7137,3.198305130004883,0.0,1,1
7138,3.1931800842285156,0.0,0,0
7139,3.588548183441162,0.0,1,1
7140,3.4272193908691406,0.0,1,1
7141,3.495424509048462,0.0,0,0
7142,3.5747108459472656,0.0,0,0
7143,3.5689244270324707,0.0,1,1
7144,3.356898069381714,0.0,0,0
7145,3.6070034503936768,0.0,1,1
7146,3.4833507537841797,0.0,0,0
7147,2.880795955657959,0.0,0,0
7148,2.818344831466675,0.0,0,0
7149,3.390911817550659,0.0,1,1
7150,3.421837091445923,0.0,1,1
7151,4.30595588684082,0.0,1,1
7152,3.7716774940490723,0.0,1,1
7153,3.1943838596343994,0.0,0,0
7154,3.5973494052886963,0.0,0,0
7155,3.0400211811065674,0.0,0,0
7156,3.450190544128418,0.0,1,1
7157,3.7849981784820557,0.0,1,1
7158,4.457986831665039,0.0,1,1
7159,4.9503350257873535,0.0,1,1
7160,4.966771602630615,0.0,1,1
7161,4.273120880126953,0.0,0,0
7162,3.8920226097106934,0.0,0,0
7163,4.22891902923584,0.0,1,1
7164,4.971211910247803,0.0,0,0
7165,3.492471694946289,0.0,1,1
7166,4.215565204620361,0.0,1,1
7167,3.887213945388794,0.0,1,1
7168,3.77250075340271,0.0,1,1
7169,3.7814693450927734,0.0,1,1
7170,3.912149667739868,0.0,1,1
7171,3.96528697013855,0.0,0,0
7172,3.835252046585083,0.0,0,0
7173,4.588956832885742,0.0,0,0
7174,4.605036735534668,0.0,0,0
7175,4.510256290435791,0.0,0,0
7176,4.107446670532227,0.0,0,0
7177,3.722670555114746,0.0,0,0
7178,3.938791513442993,0.0,1,1
7179,4.0786519050598145,0.0,1,1
7180,4.28222131729126,0.0,1,1
7181,3.896296977996826,0.0,1,1
7182,4.105289936065674,0.0,0,0
7183,4.204349517822266,0.0,0,0
7184,4.408685684204102,0.0,0,0
7185,4.7544379234313965,0.0,1,1
7186,5.136996746063232,0.0,0,0
7187,4.752925872802734,0.0,0,0
7188,4.329991340637207,0.0,0,0
7189,4.535094738006592,0.0,0,0
7190,3.818737745285034,0.0,1,1
7191,3.762436866760254,0.0,1,1
7192,3.0360915660858154,0.0,0,0
7193,2.848707675933838,0.0,1,1
7194,2.6117265224456787,0.0,0,0
7195,3.0986697673797607,0.0,0,0
7196,2.942336320877075,0.0,0,0
7197,3.5632431507110596,0.0,1,1
7198,3.507373571395874,0.0,1,1
7199,4.1591973304748535,0.0,1,1
7200,3.7445125579833984,0.0,0,0
7201,3.8890318870544434,0.0,0,0
7202,3.9505832195281982,0.0,0,0
7203,2.9774467945098877,0.0,0,0
7204,2.009969472885132,0.0,1,1
7205,2.3518600463867188,0.0,0,0
7206,3.5620644092559814,0.0,0,0
7207,4.041809558868408,0.0,0,0
7208,3.607579231262207,0.0,1,1
7209,3.0694103240966797,0.0,1,1
7210,3.157132148742676,0.0,1,1
7211,3.612881660461426,0.0,1,1
7212,3.615802526473999,0.0,1,1
7213,3.645904064178467,0.0,0,0
7214,3.2834537029266357,0.0,0,0
7215,3.691195249557495,0.0,1,1
7216,3.906022071838379,0.0,0,0
7217,4.347273826599121,0.0,1,1
7218,3.7034034729003906,0.0,0,0
7219,4.454851150512695,0.0,0,0
7220,4.094730377197266,0.0,1,1
7221,4.153994560241699,0.0,0,0
7222,4.259718418121338,0.0,0,0
7223,3.776803970336914,0.0,0,0
7224,4.374516487121582,0.0,1,1
7225,4.171584606170654,0.0,0,0
7226,4.298471927642822,0.0,1,1
7227,3.9439632892608643,0.0,1,1
7228,4.032715320587158,0.0,0,0
7229,3.861438035964966,0.0,0,0
7230,4.185115814208984,0.0,0,0
7231,4.3344597816467285,0.0,0,0
7232,3.906785011291504,0.0,0,0
7233,3.87302303314209,0.0,1,1
7234,4.261744499206543,0.0,0,0
7235,4.5238542556762695,0.0,0,0
7236,4.129988193511963,0.0,1,1
7237,4.300417423248291,0.0,0,0
7238,4.4342570304870605,0.0,1,1
7239,3.5829808712005615,0.0,0,0
7240,4.487180233001709,0.0,0,0
7241,3.6866962909698486,0.0,0,0
7242,4.214165210723877,0.0,0,0
7243,4.224738121032715,0.0,1,1
7244,4.836050033569336,0.0,1,1
7245,4.310395240783691,0.0,0,0
7246,3.8014049530029297,0.0,0,0
7247,4.3436784744262695,0.0,0,0
7248,4.713025093078613,0.0,1,1
7249,4.076873302459717,0.0,1,1
7250,3.873192310333252,0.0,1,1
7251,3.55572509765625,0.0,0,0
7252,4.5988593101501465,0.0,0,0
7253,4.154982089996338,0.0,0,0
7254,4.030205726623535,0.0,0,0
7255,3.978994607925415,0.0,0,0
7256,4.00216007232666,0.0,0,0
7257,3.8246967792510986,0.0,0,0
7258,3.4791011810302734,0.0,0,0
7259,3.4313113689422607,0.0,0,0
7260,3.919616937637329,0.0,0,0
7261,3.0466506481170654,0.0,1,1
7262,3.4475290775299072,0.0,1,1
7263,3.5949723720550537,0.0,1,1
7264,2.3630073070526123,0.0,1,1
7265,3.4815967082977295,0.0,0,0
7266,3.9472274780273438,0.0,1,1
7267,3.5203628540039062,0.0,0,0
7268,3.6767120361328125,0.0,0,0
7269,4.126758575439453,0.0,0,0
7270,3.2778472900390625,0.0,1,1
7271,3.3259217739105225,0.0,0,0
7272,4.090293884277344,0.0,0,0
7273,4.085723876953125,0.0,0,0
7274,4.560233116149902,0.0,0,0
7275,3.6095755100250244,0.0,1,1
7276,3.8522491455078125,0.0,0,0
7277,3.2275516986846924,0.0,0,0
7278,2.7466554641723633,0.0,0,0
7279,3.617147207260132,0.0,1,1
7280,3.378363609313965,0.0,0,0
7281,3.9556283950805664,0.0,0,0
7282,4.0546770095825195,0.0,1,1
7283,3.8143935203552246,0.0,0,0
7284,4.267160892486572,0.0,0,0
7285,4.0991692543029785,0.0,1,1
7286,3.8651418685913086,0.0,0,0
7287,3.8456878662109375,0.0,0,0
7288,3.700488805770874,0.0,1,1
7289,4.020081520080566,0.0,1,1
7290,3.917715549468994,0.0,1,1
7291,3.550978422164917,0.0,1,1
7292,3.7832438945770264,0.0,1,1
7293,3.774209976196289,0.0,0,0
7294,3.73759126663208,0.0,1,1
7295,3.1942245960235596,0.0,1,1
7296,3.4618260860443115,0.0,0,0
7297,3.6960558891296387,0.0,0,0
7298,3.773075580596924,0.0,1,1
7299,3.43168044090271,0.0,1,1
7300,3.3885762691497803,0.0,1,1
7301,3.490903377532959,0.0,1,1
7302,3.4684031009674072,0.0,0,0
7303,3.4954073429107666,0.0,1,1
7304,3.494131088256836,0.0,1,1
7305,3.3382034301757812,0.0,0,0
7306,3.5408260822296143,0.0,1,1
7307,3.804112195968628,0.0,1,1
7308,3.53967547416687,0.0,0,0
7309,4.119322299957275,0.0,0,0
7310,3.7085399627685547,0.0,1,1
7311,4.45984411239624,0.0,0,0
7312,4.295166015625,0.0,1,1
7313,4.486328125,0.0,0,0
7314,4.1382927894592285,0.0,0,0
7315,3.825261354446411,0.0,0,0
7316,3.639209032058716,0.0,0,0
7317,4.001423358917236,0.0,1,1
7318,3.805253744125366,0.0,1,1
7319,3.975249767303467,0.0,1,1
7320,3.9182095527648926,0.0,1,1
7321,4.236119270324707,0.0,1,1
7322,3.772650957107544,0.0,1,1
7323,4.36606502532959,0.0,1,1
7324,3.961515188217163,0.0,0,0
7325,4.2464704513549805,0.0,0,0
7326,4.10308313369751,0.0,0,0
7327,3.96685528755188,0.0,1,1
7328,4.423733711242676,0.0,1,1
7329,4.219692707061768,0.0,0,0
7330,4.246086597442627,0.0,0,0
7331,4.180186748504639,0.0,1,1
7332,3.7595055103302,0.0,1,1
7333,4.116056442260742,0.0,0,0
7334,3.7691822052001953,0.0,1,1
7335,3.681426525115967,0.0,1,1
7336,3.911404609680176,0.0,1,1
7337,3.8689351081848145,0.0,1,1
7338,3.2081139087677,0.0,0,0
7339,2.8843605518341064,0.0,1,1
7340,2.758105754852295,0.0,1,1
7341,3.0480105876922607,0.0,0,0
7342,3.2336039543151855,0.0,1,1
7343,3.6845881938934326,0.0,0,0
7344,4.326552391052246,0.0,0,0
7345,4.469967365264893,0.0,1,1
7346,4.53521203994751,0.0,0,0
7347,4.2623701095581055,0.0,1,1
7348,3.5775277614593506,0.0,1,1
7349,4.872439384460449,0.0,1,1
7350,4.221257209777832,0.0,1,1
7351,4.627429962158203,0.0,0,0
7352,4.026245594024658,0.0,1,1
7353,4.855756759643555,0.0,0,0
7354,3.6823103427886963,0.0,1,1
7355,4.189350605010986,0.0,0,0
7356,4.350975513458252,0.0,1,1
7357,4.470534324645996,0.0,0,0
7358,4.004387378692627,0.0,0,0
7359,4.061568260192871,0.0,0,0
7360,4.360088348388672,0.0,1,1
7361,4.320956707000732,0.0,1,1
7362,4.267760276794434,0.0,0,0
7363,4.124372482299805,0.0,1,1
7364,4.382076263427734,0.0,1,1
7365,4.480320930480957,0.0,1,1
7366,4.313039779663086,0.0,0,0
7367,4.307130336761475,0.0,0,0
7368,4.440652370452881,0.0,1,1
7369,4.428245544433594,0.0,0,0
7370,4.202852249145508,0.0,0,0
7371,4.108945846557617,0.0,0,0
7372,4.294852256774902,0.0,0,0
7373,4.104341983795166,0.0,0,0
7374,4.171044826507568,0.0,1,1
7375,4.169958591461182,0.0,1,1
7376,4.052399635314941,0.0,0,0
7377,3.763410806655884,0.0,1,1
7378,4.058250904083252,0.0,0,0
7379,4.179089546203613,0.0,1,1
7380,2.7948031425476074,0.0,0,0
7381,2.589844226837158,0.0,0,0
7382,2.4376354217529297,0.0,0,0
7383,3.027888298034668,0.0,0,0
7384,3.014249324798584,0.0,1,1
7385,3.1209299564361572,0.0,1,1
7386,3.3082308769226074,0.0,1,1
7387,2.800318956375122,0.0,0,0
7388,3.5980873107910156,0.0,1,1
7389,3.9378602504730225,0.0,0,0
7390,3.2249252796173096,0.0,1,1
7391,3.5675313472747803,0.0,1,1
7392,3.38983154296875,0.0,0,0
7393,3.192624807357788,0.0,1,1
7394,3.706301212310791,0.0,1,1
7395,3.1029810905456543,0.0,1,1
7396,3.282766103744507,0.0,1,1
7397,3.301847219467163,0.0,1,1
7398,3.4178833961486816,0.0,1,1
7399,3.4091219902038574,0.0,0,0
7400,3.9596564769744873,0.0,0,0
7401,3.6769039630889893,0.0,1,1
7402,3.4804418087005615,0.0,0,0
7403,3.0309267044067383,0.0,1,1
7404,2.751746416091919,0.0,0,0
7405,3.5609827041625977,0.0,1,1
7406,3.8435556888580322,0.0,1,1
7407,3.537529945373535,0.0,1,1
7408,3.229203939437866,0.0,0,0
7409,3.768718957901001,0.0,1,1
7410,3.5902838706970215,0.0,0,0
7411,3.934499979019165,0.0,1,1
7412,3.6284360885620117,0.0,1,1
7413,3.56243634223938,0.0,0,0
7414,2.1655044555664062,0.0,0,0
7415,2.0236172676086426,0.0,0,0
7416,3.4562103748321533,0.0,1,1
7417,3.244507312774658,0.0,1,1
7418,3.208353281021118,0.0,0,0
7419,3.50665283203125,0.0,0,0
7420,3.390385150909424,0.0,0,0
7421,4.382169246673584,0.0,0,0
7422,4.495480060577393,0.0,1,1
7423,3.6965858936309814,0.0,1,1
7424,3.6869804859161377,0.0,0,0
7425,4.006329536437988,0.0,0,0
7426,3.6457297801971436,0.0,1,1
7427,4.017528057098389,0.0,1,1
7428,4.5200724601745605,0.0,1,1
7429,4.308721542358398,0.0,1,1
7430,4.157309532165527,0.0,1,1
7431,4.161269187927246,0.0,0,0
7432,3.7304606437683105,0.0,0,0
7433,4.201971530914307,0.0,1,1
7434,5.008224964141846,0.0,0,0
7435,5.014986038208008,0.0,0,0
7436,2.937832832336426,0.0,0,0
7437,3.447453737258911,0.0,1,1
7438,3.9694454669952393,0.0,0,0
7439,3.892756462097168,0.0,1,1
7440,3.366410970687866,0.0,0,0
7441,3.6709444522857666,0.0,1,1
7442,3.4823834896087646,0.0,0,0
7443,3.4329545497894287,0.0,1,1
7444,3.414116621017456,0.0,0,0
7445,3.439795970916748,0.0,1,1
7446,3.442068338394165,0.0,1,1
7447,3.0552401542663574,0.0,0,0
7448,3.775226593017578,0.0,1,1
7449,3.464355230331421,0.0,1,1
7450,3.23466420173645,0.0,0,0
7451,3.956170082092285,0.0,1,1
7452,3.757863759994507,0.0,1,1
7453,3.7384986877441406,0.0,0,0
7454,4.307840347290039,0.0,1,1
7455,4.238102436065674,0.0,1,1
7456,3.981628656387329,0.0,0,0
7457,3.896775007247925,0.0,0,0
7458,4.011949062347412,0.0,0,0
7459,4.436583518981934,0.0,0,0
7460,4.2654128074646,0.0,1,1
7461,3.5204310417175293,0.0,0,0
7462,2.433387041091919,0.0,1,1
7463,4.55369234085083,0.0,1,1
7464,3.81878399848938,0.0,1,1
7465,3.5965354442596436,0.0,1,1
7466,3.808298110961914,0.0,0,0
7467,4.657839298248291,0.0,1,1
7468,1.724778652191162,0.0,0,0
7469,2.745190143585205,0.0,1,1
7470,3.5871214866638184,0.0,0,0
7471,3.232273817062378,0.0,1,1
7472,3.3313302993774414,0.0,0,0
7473,3.9527387619018555,0.0,0,0
7474,3.7312958240509033,0.0,1,1
7475,4.2605438232421875,0.0,1,1
7476,4.22160005569458,0.0,1,1
7477,3.7221858501434326,0.0,1,1
7478,3.493135690689087,0.0,0,0
7479,3.562380313873291,0.0,1,1
7480,3.743102788925171,0.0,0,0
7481,3.76113224029541,0.0,1,1
7482,3.4477012157440186,0.0,0,0
7483,3.50045108795166,0.0,1,1
7484,3.3702969551086426,0.0,0,0
7485,3.7241199016571045,0.0,0,0
7486,3.361668825149536,0.0,1,1
7487,4.132903575897217,0.0,0,0
7488,3.798677682876587,0.0,0,0
7489,4.1663947105407715,0.0,0,0
7490,3.9475936889648438,0.0,0,0
7491,4.510458946228027,0.0,1,1
7492,3.952073812484741,0.0,1,1
7493,3.7490437030792236,0.0,1,1
7494,3.6963419914245605,0.0,0,0
7495,4.052266597747803,0.0,0,0
7496,4.536992073059082,0.0,0,0
7497,4.24895715713501,0.0,0,0
7498,2.5101308822631836,0.0,1,1
7499,4.007897853851318,0.0,1,1
7500,4.613503456115723,0.0,0,0
7501,3.7430334091186523,0.0,0,0
7502,3.4715895652770996,0.0,0,0
7503,3.6328542232513428,0.0,1,1
7504,2.9985926151275635,0.0,1,1
7505,3.518171787261963,0.0,1,1
7506,3.9795773029327393,0.0,1,1
7507,3.301074266433716,0.0,0,0
7508,4.090522766113281,0.0,1,1
7509,4.353110313415527,0.0,1,1
7510,3.7976255416870117,0.0,1,1
7511,3.9274041652679443,0.0,1,1
7512,3.834850549697876,0.0,1,1
7513,4.696451663970947,0.0,0,0
7514,4.301157474517822,0.0,0,0
7515,4.1082024574279785,0.0,0,0
7516,4.505901336669922,0.0,1,1
7517,3.4855799674987793,0.0,1,1
7518,4.260214805603027,0.0,0,0
7519,4.635709285736084,0.0,0,0
7520,4.612346649169922,0.0,1,1
7521,4.058243751525879,0.0,0,0
7522,4.005683422088623,0.0,0,0
7523,4.298915863037109,0.0,0,0
7524,2.6768476963043213,0.0,1,1
7525,3.259204387664795,0.0,1,1
7526,3.511051893234253,0.0,0,0
7527,3.5083038806915283,0.0,0,0
7528,3.4443206787109375,0.0,1,1
7529,3.289189577102661,0.0,0,0
7530,3.0590403079986572,0.0,0,0
7531,2.2888665199279785,0.0,1,1
7532,2.4670424461364746,0.0,1,1
7533,3.7497003078460693,0.0,0,0
7534,3.9628190994262695,0.0,1,1
7535,4.1304755210876465,0.0,1,1
7536,3.946819543838501,0.0,1,1
7537,3.57230281829834,0.0,1,1
7538,3.4331531524658203,0.0,1,1
7539,3.672736167907715,0.0,0,0
7540,4.263006687164307,0.0,1,1
7541,3.4370710849761963,0.0,1,1
7542,4.020044326782227,0.0,1,1
7543,4.009622097015381,0.0,1,1
7544,3.7735750675201416,0.0,1,1
7545,4.2049241065979,0.0,1,1
7546,3.73630428314209,0.0,1,1
7547,3.821488618850708,0.0,0,0
7548,3.509375810623169,0.0,1,1
7549,4.115633487701416,0.0,1,1
7550,3.9061543941497803,0.0,1,1
7551,3.967952251434326,0.0,1,1
7552,4.4441728591918945,0.0,0,0
7553,4.136880397796631,0.0,1,1
7554,4.082852363586426,0.0,1,1
7555,3.9429335594177246,0.0,0,0
7556,3.963217258453369,0.0,0,0
7557,3.980163335800171,0.0,1,1
7558,3.55244779586792,0.0,1,1
7559,3.7349045276641846,0.0,0,0
7560,3.600403308868408,0.0,1,1
7561,3.6244165897369385,0.0,0,0
7562,3.4170241355895996,0.0,1,1
7563,3.8930861949920654,0.0,1,1
7564,3.4099740982055664,0.0,1,1
7565,3.8033413887023926,0.0,1,1
7566,3.231029987335205,0.0,1,1
7567,3.4398632049560547,0.0,0,0
7568,3.5598373413085938,0.0,1,1
7569,3.2820281982421875,0.0,0,0
7570,3.8674118518829346,0.0,0,0
7571,3.976576089859009,0.0,1,1
7572,3.6122536659240723,0.0,1,1
7573,4.105348110198975,0.0,0,0
7574,4.564762592315674,0.0,1,1
7575,3.7978522777557373,0.0,0,0
7576,3.906501293182373,0.0,0,0
7577,3.6700246334075928,0.0,1,1
7578,4.040321350097656,0.0,0,0
7579,3.980569362640381,0.0,0,0
7580,3.3140673637390137,0.0,1,1
7581,3.688666820526123,0.0,1,1
7582,4.272942066192627,0.0,0,0
7583,3.701606512069702,0.0,0,0
7584,3.923259735107422,0.0,1,1
7585,3.896721363067627,0.0,0,0
7586,4.204452991485596,0.0,0,0
7587,4.255886077880859,0.0,1,1
7588,4.153753280639648,0.0,1,1
7589,2.7803335189819336,0.0,1,1
7590,3.2980399131774902,0.0,0,0
7591,3.7121996879577637,0.0,0,0
7592,3.460094451904297,0.0,1,1
7593,3.2182693481445312,0.0,1,1
7594,3.516249656677246,0.0,1,1
7595,3.8579366207122803,0.0,0,0
7596,3.9397268295288086,0.0,0,0
7597,3.3299827575683594,0.0,1,1
7598,3.6889193058013916,0.0,0,0
7599,3.8681857585906982,0.0,0,0
7600,3.5304694175720215,0.0,1,1
7601,3.1421492099761963,0.0,0,0
7602,3.1825780868530273,0.0,1,1
7603,3.2853972911834717,0.0,1,1
7604,3.087754726409912,0.0,0,0
7605,2.7945713996887207,0.0,1,1
7606,2.839665412902832,0.0,0,0
7607,3.1191649436950684,0.0,0,0
7608,3.2764201164245605,0.0,1,1
7609,4.252976894378662,0.0,1,1
7610,3.931152820587158,0.0,1,1
7611,4.2057061195373535,0.0,1,1
7612,3.7088677883148193,0.0,0,0
7613,4.021756172180176,0.0,1,1
7614,3.369128465652466,0.0,1,1
7615,3.576295852661133,0.0,0,0
7616,3.157121181488037,0.0,0,0
7617,3.205063581466675,0.0,0,0
7618,3.746595621109009,0.0,1,1
7619,3.942239761352539,0.0,1,1
7620,4.5742573738098145,0.0,1,1
7621,4.7761454582214355,0.0,0,0
7622,3.9004175662994385,0.0,1,1
7623,3.861572504043579,0.0,0,0
7624,4.390958309173584,0.0,0,0
7625,3.4134199619293213,0.0,0,0
7626,3.3380579948425293,0.0,1,1
7627,3.237644672393799,0.0,1,1
7628,3.230973482131958,0.0,0,0
7629,4.066601753234863,0.0,1,1
7630,4.492617130279541,0.0,0,0
7631,3.750295400619507,0.0,1,1
7632,4.186459541320801,0.0,1,1
7633,3.7145192623138428,0.0,1,1
7634,4.203763008117676,0.0,0,0
7635,4.456138610839844,0.0,1,1
7636,4.3813323974609375,0.0,0,0
7637,4.982560157775879,0.0,1,1
7638,4.760444164276123,0.0,1,1
7639,4.111694812774658,0.0,0,0
7640,4.241240978240967,0.0,0,0
7641,3.82174015045166,0.0,0,0
7642,3.645864248275757,0.0,1,1
7643,3.87569522857666,0.0,0,0
7644,4.544375896453857,0.0,0,0
7645,4.031662940979004,0.0,0,0
7646,4.146781921386719,0.0,1,1
7647,4.0297465324401855,0.0,1,1
7648,4.757713794708252,0.0,1,1
7649,3.341257095336914,0.0,1,1
7650,3.4113881587982178,0.0,0,0
7651,3.865145444869995,0.0,1,1
7652,3.2762610912323,0.0,0,0
7653,2.945373296737671,0.0,1,1
7654,3.944664716720581,0.0,0,0
7655,3.9457454681396484,0.0,1,1
7656,4.4608893394470215,0.0,0,0
7657,3.880171060562134,0.0,0,0
7658,3.5919687747955322,0.0,1,1
7659,3.8622922897338867,0.0,1,1
7660,3.5247926712036133,0.0,0,0
7661,3.7614238262176514,0.0,0,0
7662,4.386594295501709,0.0,0,0
7663,3.958070755004883,0.0,0,0
7664,3.5727686882019043,0.0,1,1
7665,3.2624595165252686,0.0,1,1
7666,3.8205480575561523,0.0,1,1
7667,3.5648629665374756,0.0,1,1
7668,3.969951629638672,0.0,1,1
7669,3.384155750274658,0.0,0,0
7670,3.8461923599243164,0.0,0,0
7671,3.38789701461792,0.0,1,1
7672,4.416932106018066,0.0,1,1
7673,4.073761940002441,0.0,1,1
7674,4.290526390075684,0.0,0,0
7675,3.7899088859558105,0.0,0,0
7676,3.6403214931488037,0.0,1,1
7677,4.385998725891113,0.0,1,1
7678,4.402300834655762,0.0,0,0
7679,4.420056343078613,0.0,1,1
7680,4.067986488342285,0.0,0,0
7681,4.97490930557251,0.0,0,0
7682,4.823078155517578,0.0,0,0
7683,3.626291513442993,0.0,0,0
7684,3.6869306564331055,0.0,1,1
7685,4.085602760314941,0.0,1,1
7686,3.4086930751800537,0.0,1,1
7687,4.256068229675293,0.0,0,0
7688,3.473355293273926,0.0,1,1
7689,4.60807991027832,0.0,0,0
7690,4.42042350769043,0.0,0,0
7691,4.581790924072266,0.0,0,0
7692,3.8537542819976807,0.0,1,1
7693,5.048510551452637,0.0,0,0
7694,4.6380839347839355,0.0,1,1
7695,4.113056659698486,0.0,1,1
7696,3.6462371349334717,0.0,0,0
7697,4.45337438583374,0.0,0,0
7698,4.165153980255127,0.0,0,0
7699,3.3781495094299316,0.0,0,0
7700,3.7275185585021973,0.0,0,0
7701,4.34937047958374,0.0,1,1
7702,3.805093288421631,0.0,1,1
7703,4.190135955810547,0.0,1,1
7704,4.944592475891113,0.0,0,0
7705,4.010997295379639,0.0,1,1
7706,4.287683963775635,0.0,0,0
7707,4.254239082336426,0.0,0,0
7708,4.240122318267822,0.0,1,1
7709,3.6586105823516846,0.0,1,1
7710,3.6910111904144287,0.0,1,1
7711,3.857217788696289,0.0,1,1
7712,4.010570526123047,0.0,0,0
7713,2.992060422897339,0.0,1,1
7714,4.035235404968262,0.0,1,1
7715,4.013663291931152,0.0,1,1
7716,3.2751617431640625,0.0,1,1
7717,3.4690072536468506,0.0,0,0
7718,3.65899395942688,0.0,1,1
7719,4.443231105804443,0.0,0,0
7720,3.665019989013672,0.0,0,0
7721,4.301341533660889,0.0,1,1
7722,3.4285948276519775,0.0,1,1
7723,3.5477559566497803,0.0,1,1
7724,3.891948699951172,0.0,0,0
7725,3.8930091857910156,0.0,0,0
7726,3.4862215518951416,0.0,0,0
7727,3.757356882095337,0.0,1,1
7728,3.7644295692443848,0.0,0,0
7729,4.097683429718018,0.0,0,0
7730,4.289981365203857,0.0,0,0
7731,3.7391915321350098,0.0,0,0
7732,3.9495277404785156,0.0,1,1
7733,4.344732761383057,0.0,1,1
7734,4.079009056091309,0.0,1,1
7735,4.521464824676514,0.0,1,1
7736,3.220151662826538,0.0,0,0
7737,3.6753017902374268,0.0,0,0
7738,4.248960494995117,0.0,1,1
7739,3.425931453704834,0.0,0,0
7740,4.136565208435059,0.0,0,0
7741,4.306520462036133,0.0,1,1
7742,4.744123935699463,0.0,1,1
7743,4.5539984703063965,0.0,1,1
7744,4.074270725250244,0.0,1,1
7745,4.019477844238281,0.0,1,1
7746,4.076220512390137,0.0,0,0
7747,4.0812225341796875,0.0,1,1
7748,3.890641689300537,0.0,0,0
7749,3.568692922592163,0.0,0,0
7750,3.99253511428833,0.0,1,1
7751,3.7876312732696533,0.0,1,1
7752,4.068121433258057,0.0,0,0
7753,4.733685493469238,0.0,0,0
7754,3.8792355060577393,0.0,1,1
7755,3.2916717529296875,0.0,1,1
7756,4.013423442840576,0.0,1,1
7757,3.765291452407837,0.0,1,1
7758,4.1725969314575195,0.0,0,0
7759,3.9949302673339844,0.0,1,1
7760,3.8746957778930664,0.0,0,0
7761,4.1472296714782715,0.0,1,1
7762,4.219779014587402,0.0,0,0
7763,3.83647084236145,0.0,1,1
7764,4.38513708114624,0.0,1,1
7765,4.253201007843018,0.0,0,0
7766,4.055013179779053,0.0,1,1
7767,3.9808483123779297,0.0,1,1
7768,4.415992736816406,0.0,0,0
7769,3.884751796722412,0.0,0,0
7770,3.9332199096679688,0.0,0,0
7771,4.268886089324951,0.0,1,1
7772,3.664424419403076,0.0,0,0
7773,4.089485168457031,0.0,0,0
7774,4.378200531005859,0.0,1,1
7775,3.610245704650879,0.0,0,0
7776,3.948126792907715,0.0,0,0
7777,4.135763168334961,0.0,0,0
7778,4.322744846343994,0.0,1,1
7779,4.455392360687256,0.0,0,0
7780,3.1991117000579834,0.0,0,0
7781,3.4014108180999756,0.0,1,1
7782,3.4781243801116943,0.0,0,0
7783,4.240316390991211,0.0,1,1
7784,4.099128723144531,0.0,1,1
7785,4.097414970397949,0.0,0,0
7786,3.7413055896759033,0.0,1,1
7787,4.294382095336914,0.0,1,1
7788,3.817230463027954,0.0,1,1
7789,3.4582254886627197,0.0,1,1
7790,3.458113670349121,0.0,1,1
7791,3.6693763732910156,0.0,0,0
7792,3.695355176925659,0.0,0,0
7793,3.9317104816436768,0.0,0,0
7794,3.330166816711426,0.0,0,0
7795,3.6932191848754883,0.0,1,1
7796,3.9763643741607666,0.0,1,1
7797,4.057774543762207,0.0,0,0
7798,3.733342409133911,0.0,1,1
7799,3.8105990886688232,0.0,1,1
7800,4.564985752105713,0.0,1,1
7801,4.303903102874756,0.0,1,1
7802,4.325331211090088,0.0,0,0
7803,3.419487476348877,0.0,1,1
7804,3.668649435043335,0.0,0,0
7805,4.026679039001465,0.0,1,1
7806,3.7296576499938965,0.0,0,0
7807,4.383805751800537,0.0,0,0
7808,4.23365592956543,0.0,1,1
7809,4.032705783843994,0.0,1,1
7810,3.5967111587524414,0.0,1,1
7811,4.276394367218018,0.0,1,1
7812,3.9394092559814453,0.0,0,0
7813,3.562056303024292,0.0,1,1
7814,3.8822007179260254,0.0,0,0
7815,3.7556076049804688,0.0,1,1
7816,4.193455219268799,0.0,1,1
7817,4.203380584716797,0.0,0,0
7818,3.5542173385620117,0.0,0,0
7819,3.215367078781128,0.0,0,0
7820,3.4907193183898926,0.0,1,1
7821,3.6963438987731934,0.0,1,1
7822,4.092526912689209,0.0,1,1
7823,4.060356140136719,0.0,0,0
7824,4.0270233154296875,0.0,1,1
7825,3.640038013458252,0.0,0,0
7826,3.285071611404419,0.0,0,0
7827,3.150247097015381,0.0,0,0
7828,3.5976994037628174,0.0,0,0
7829,3.065678358078003,0.0,0,0
7830,3.5778777599334717,0.0,0,0
7831,4.522399425506592,0.0,1,1
7832,4.075319290161133,0.0,0,0
7833,3.7736194133758545,0.0,0,0
7834,4.20943546295166,0.0,1,1
7835,4.204549312591553,0.0,0,0
7836,4.055438995361328,0.0,0,0
7837,4.292479515075684,0.0,1,1
7838,4.435381889343262,0.0,1,1
7839,4.044462203979492,0.0,1,1
7840,4.011348724365234,0.0,0,0
7841,3.0621955394744873,0.0,1,1
7842,3.208010673522949,0.0,0,0
7843,4.00800085067749,0.0,0,0
7844,3.830629587173462,0.0,1,1
7845,4.38900089263916,0.0,0,0
7846,3.703322649002075,0.0,0,0
7847,3.9206035137176514,0.0,1,1
7848,4.728461742401123,0.0,1,1
7849,4.299479007720947,0.0,1,1
7850,4.394498348236084,0.0,1,1
7851,4.013576507568359,0.0,1,1
7852,4.0007004737854,0.0,1,1
7853,4.4417724609375,0.0,1,1
7854,3.700423240661621,0.0,0,0
7855,4.49916410446167,0.0,1,1
7856,4.4049577713012695,0.0,1,1
7857,4.135522365570068,0.0,0,0
7858,4.628129005432129,0.0,1,1
7859,4.738298416137695,0.0,1,1
7860,4.005345821380615,0.0,1,1
7861,4.08952522277832,0.0,1,1
7862,4.26351261138916,0.0,1,1
7863,3.818274974822998,0.0,0,0
7864,4.3121514320373535,0.0,0,0
7865,3.6705617904663086,0.0,0,0
7866,2.9813008308410645,0.0,0,0
7867,3.72668194770813,0.0,0,0
7868,3.903805732727051,0.0,0,0
7869,4.792980194091797,0.0,1,1
7870,4.306694507598877,0.0,0,0
7871,2.484545946121216,0.0,0,0
7872,2.771559000015259,0.0,1,1
7873,1.6548900604248047,0.0,1,1
7874,2.1620724201202393,0.0,0,0
7875,2.613823413848877,0.0,1,1
7876,3.162001371383667,0.0,1,1
7877,4.095085620880127,0.0,0,0
7878,3.646677255630493,0.0,1,1
7879,3.804030179977417,0.0,0,0
7880,4.139331817626953,0.0,0,0
7881,3.9264001846313477,0.0,0,0
7882,4.228172779083252,0.0,1,1
7883,4.2881245613098145,0.0,1,1
7884,4.4362897872924805,0.0,0,0
7885,3.472334384918213,0.0,1,1
7886,4.311675071716309,0.0,1,1
7887,4.26814603805542,0.0,0,0
7888,4.30007266998291,0.0,1,1
7889,4.036189556121826,0.0,1,1
7890,3.9598865509033203,0.0,0,0
7891,4.375486850738525,0.0,0,0
7892,4.377619743347168,0.0,0,0
7893,4.7964982986450195,0.0,1,1
7894,3.945477247238159,0.0,0,0
7895,3.768162250518799,0.0,0,0
7896,4.137147426605225,0.0,1,1
7897,3.9706802368164062,0.0,1,1
7898,4.207691669464111,0.0,0,0
7899,4.302878379821777,0.0,0,0
7900,4.06419563293457,0.0,1,1
7901,3.918438673019409,0.0,0,0
7902,4.121281623840332,0.0,1,1
7903,4.5807085037231445,0.0,0,0
7904,3.7739973068237305,0.0,0,0
7905,4.16901159286499,0.0,1,1
7906,3.974128007888794,0.0,1,1
7907,4.068705081939697,0.0,0,0
7908,3.6455745697021484,0.0,1,1
7909,2.4445385932922363,0.0,0,0
7910,2.6348066329956055,0.0,0,0
7911,3.928510904312134,0.0,0,0
7912,4.31434965133667,0.0,1,1
7913,3.8879683017730713,0.0,1,1
7914,2.0286288261413574,0.0,1,1
7915,2.577488422393799,0.0,0,0
7916,4.125489234924316,0.0,0,0
7917,3.7228472232818604,0.0,0,0
7918,2.5823957920074463,0.0,1,1
7919,3.8652472496032715,0.0,0,0
7920,3.505255699157715,0.0,1,1
7921,3.5413126945495605,0.0,0,0
7922,3.8475608825683594,0.0,0,0
7923,4.118040561676025,0.0,1,1
7924,4.156032085418701,0.0,1,1
7925,3.7136964797973633,0.0,0,0
7926,3.5819826126098633,0.0,1,1
7927,3.2211601734161377,0.0,1,1
7928,3.6167731285095215,0.0,1,1
7929,3.764864444732666,0.0,0,0
7930,4.019044399261475,0.0,0,0
7931,3.5697410106658936,0.0,1,1
7932,3.72672176361084,0.0,1,1
7933,3.9623794555664062,0.0,0,0
7934,4.283665657043457,0.0,0,0
7935,3.8342525959014893,0.0,0,0
7936,4.100497245788574,0.0,1,1
7937,4.231052398681641,0.0,1,1
7938,3.8716557025909424,0.0,1,1
7939,3.831798553466797,0.0,0,0
7940,3.5139501094818115,0.0,0,0
7941,4.309777736663818,0.0,0,0
7942,4.068803310394287,0.0,0,0
7943,4.065629482269287,0.0,1,1
7944,3.876373529434204,0.0,1,1
7945,3.4795069694519043,0.0,1,1
7946,3.9977612495422363,0.0,0,0
7947,4.013343334197998,0.0,0,0
7948,4.758443832397461,0.0,1,1
7949,5.269116401672363,0.0,1,1
7950,4.717003345489502,0.0,0,0
7951,5.062793731689453,0.0,0,0
7952,3.568784236907959,0.0,0,0
7953,3.3150532245635986,0.0,1,1
7954,4.286440849304199,0.0,0,0
7955,3.929455280303955,0.0,0,0
7956,4.190369129180908,0.0,1,1
7957,4.482728958129883,0.0,1,1
7958,4.577465057373047,0.0,0,0
7959,4.047921657562256,0.0,0,0
7960,4.700677871704102,0.0,0,0
7961,3.6865553855895996,0.0,1,1
7962,3.77058482170105,0.0,0,0
7963,3.7046642303466797,0.0,1,1
7964,4.371634006500244,0.0,0,0
7965,4.162455081939697,0.0,0,0
7966,4.217276096343994,0.0,0,0
7967,4.394047260284424,0.0,0,0
7968,4.8458251953125,0.0,0,0
7969,4.595019340515137,0.0,0,0
7970,4.551238536834717,0.0,1,1
7971,4.658371925354004,0.0,0,0
7972,5.552127838134766,0.0,0,0
7973,4.166524410247803,0.0,1,1
7974,3.368670701980591,0.0,1,1
7975,3.257404327392578,0.0,1,1
7976,3.8577334880828857,0.0,1,1
7977,3.8282060623168945,0.0,1,1
7978,3.671827554702759,0.0,0,0
7979,3.418842315673828,0.0,1,1
7980,3.927840232849121,0.0,0,0
7981,3.089682102203369,0.0,1,1
7982,4.152133464813232,0.0,0,0
7983,4.168838024139404,0.0,0,0
7984,3.9211978912353516,0.0,1,1
7985,3.839127540588379,0.0,1,1
7986,3.584571599960327,0.0,0,0
7987,3.429727554321289,0.0,0,0
7988,3.5072896480560303,0.0,0,0
7989,3.3766191005706787,0.0,0,0
7990,3.3893845081329346,0.0,0,0
7991,4.311526775360107,0.0,1,1
7992,3.289340019226074,0.0,1,1
7993,3.554689645767212,0.0,1,1
7994,3.366292715072632,0.0,1,1
7995,3.6327974796295166,0.0,1,1
7996,4.398528575897217,0.0,0,0
7997,4.752766132354736,0.0,0,0
7998,3.849047899246216,0.0,0,0
7999,4.431201457977295,0.0,1,1
8000,3.8792483806610107,0.0,1,1
8001,4.591798305511475,0.0,1,1
8002,4.025140762329102,0.0,1,1
8003,4.420194625854492,0.0,0,0
8004,4.003993988037109,0.0,1,1
8005,4.262801170349121,0.0,0,0
8006,4.318488597869873,0.0,0,0
8007,4.472497463226318,0.0,1,1
8008,4.30457067489624,0.0,0,0
8009,4.218657493591309,0.0,1,1
8010,4.6943464279174805,0.0,0,0
8011,4.408830165863037,0.0,0,0
8012,3.2177674770355225,0.0,0,0
8013,3.721998929977417,0.0,1,1
8014,3.8990273475646973,0.0,1,1
8015,4.159985542297363,0.0,1,1
8016,3.6895406246185303,0.0,0,0
8017,2.9902024269104004,0.0,1,1
8018,2.782020092010498,0.0,0,0
8019,2.70523738861084,0.0,0,0
8020,3.0087273120880127,0.0,1,1
8021,3.452739953994751,0.0,1,1
8022,3.523261785507202,0.0,0,0
8023,3.2014412879943848,0.0,1,1
8024,3.3006532192230225,0.0,1,1
8025,3.812927007675171,0.0,1,1
8026,2.4814305305480957,0.0,0,0
8027,2.843012571334839,0.0,1,1
8028,3.474135398864746,0.0,0,0
8029,3.943010091781616,0.0,0,0
8030,4.3474040031433105,0.0,0,0
8031,3.723101854324341,0.0,1,1
8032,3.6361663341522217,0.0,0,0
8033,4.307034015655518,0.0,0,0
8034,4.013104438781738,0.0,0,0
8035,3.7790064811706543,0.0,0,0
8036,3.824472188949585,0.0,0,0
8037,3.487194061279297,0.0,0,0
8038,3.903736114501953,0.0,0,0
8039,3.836761236190796,0.0,1,1
8040,3.7659342288970947,0.0,0,0
8041,3.9011433124542236,0.0,1,1
8042,3.5363080501556396,0.0,0,0
8043,3.9699740409851074,0.0,1,1
8044,3.6494922637939453,0.0,1,1
8045,4.0640692710876465,0.0,0,0
8046,3.9471230506896973,0.0,1,1
8047,3.636720895767212,0.0,0,0
8048,3.231637716293335,0.0,1,1
8049,3.3940608501434326,0.0,1,1
8050,4.210433483123779,0.0,1,1
8051,3.729757070541382,0.0,1,1
8052,3.753512382507324,0.0,1,1
8053,3.6076807975769043,0.0,0,0
8054,3.839679002761841,0.0,1,1
8055,3.9900100231170654,0.0,1,1
8056,3.8290557861328125,0.0,1,1
8057,2.849534273147583,0.0,1,1
8058,3.5422840118408203,0.0,1,1
8059,3.6358561515808105,0.0,0,0
8060,3.32900333404541,0.0,0,0
8061,3.445957660675049,0.0,1,1
8062,3.585817575454712,0.0,0,0
8063,3.3172924518585205,0.0,0,0
8064,3.4427568912506104,0.0,0,0
8065,3.726182222366333,0.0,1,1
8066,4.124022960662842,0.0,0,0
8067,3.429880380630493,0.0,0,0
8068,3.185387372970581,0.0,1,1
8069,3.3393287658691406,0.0,1,1
8070,4.382273197174072,0.0,0,0
8071,3.744241714477539,0.0,0,0
8072,3.5231313705444336,0.0,0,0
8073,4.314838886260986,0.0,1,1
8074,2.3601787090301514,0.0,1,1
8075,3.2368931770324707,0.0,0,0
8076,3.4560465812683105,0.0,1,1
8077,2.9590303897857666,0.0,0,0
8078,3.4573557376861572,0.0,1,1
8079,3.8963239192962646,0.0,1,1
8080,3.353201389312744,0.0,1,1
8081,3.088853120803833,0.0,1,1
8082,3.4439516067504883,0.0,0,0
8083,3.586629629135132,0.0,1,1
8084,3.9159767627716064,0.0,1,1
8085,3.6175546646118164,0.0,0,0
8086,3.19858717918396,0.0,0,0
8087,3.427062511444092,0.0,0,0
8088,3.8544933795928955,0.0,0,0
8089,4.021275997161865,0.0,1,1
8090,4.093870162963867,0.0,0,0
8091,3.652620315551758,0.0,0,0
8092,3.5198974609375,0.0,1,1
8093,3.6076693534851074,0.0,1,1
8094,3.760751247406006,0.0,0,0
8095,3.8020145893096924,0.0,0,0
8096,3.5335824489593506,0.0,0,0
8097,3.934563159942627,0.0,1,1
8098,3.094007968902588,0.0,0,0
8099,3.592149257659912,0.0,1,1
8100,3.65004563331604,0.0,0,0
8101,3.3432044982910156,0.0,1,1
8102,3.4685142040252686,0.0,0,0
8103,3.2384438514709473,0.0,1,1
8104,3.478945732116699,0.0,1,1
8105,3.276566982269287,0.0,0,0
8106,3.3324835300445557,0.0,1,1
8107,4.031935691833496,0.0,0,0
8108,3.6668577194213867,0.0,0,0
8109,3.6573195457458496,0.0,1,1
8110,4.318993091583252,0.0,1,1
8111,3.59869647026062,0.0,1,1
8112,4.3353705406188965,0.0,1,1
8113,3.6897480487823486,0.0,0,0
8114,3.54319429397583,0.0,0,0
8115,3.712745189666748,0.0,0,0
8116,3.3319625854492188,0.0,1,1
8117,2.92232608795166,0.0,0,0
8118,3.5514132976531982,0.0,1,1
8119,3.0510241985321045,0.0,1,1
8120,3.0658018589019775,0.0,1,1
8121,4.251347064971924,0.0,1,1
8122,3.8346800804138184,0.0,0,0
8123,4.2577667236328125,0.0,1,1
8124,3.3725426197052,0.0,1,1
8125,3.8928964138031006,0.0,1,1
8126,3.826780319213867,0.0,0,0
8127,4.1525092124938965,0.0,1,1
8128,4.550570964813232,0.0,1,1
8129,4.36860990524292,0.0,1,1
8130,4.5374531745910645,0.0,1,1
8131,4.202495098114014,0.0,0,0
8132,4.317577838897705,0.0,0,0
8133,4.308719158172607,0.0,0,0
8134,4.440417766571045,0.0,0,0
8135,3.8655378818511963,0.0,1,1
8136,3.9242944717407227,0.0,0,0
8137,4.036835193634033,0.0,0,0
8138,2.9915578365325928,0.0,1,1
8139,3.5371015071868896,0.0,0,0
8140,3.1837923526763916,0.0,0,0
8141,3.293027639389038,0.0,0,0
8142,3.5177993774414062,0.0,1,1
8143,3.849947690963745,0.0,0,0
8144,3.284634828567505,0.0,0,0
8145,4.074230670928955,0.0,0,0
8146,3.108259916305542,0.0,1,1
8147,3.0649757385253906,0.0,1,1
8148,4.074956893920898,0.0,1,1
8149,3.7625629901885986,0.0,1,1
8150,3.2760515213012695,0.0,0,0
8151,3.7263343334198,0.0,1,1
8152,2.5531983375549316,0.0,0,0
8153,2.3996450901031494,0.0,1,1
8154,3.5088002681732178,0.0,1,1
8155,4.316487789154053,0.0,0,0
8156,3.8192086219787598,0.0,0,0
8157,4.287875652313232,0.0,0,0
8158,4.5107879638671875,0.0,1,1
8159,4.080041885375977,0.0,1,1
8160,3.226168394088745,0.0,0,0
8161,3.8503293991088867,0.0,1,1
8162,3.210219383239746,0.0,0,0
8163,2.675562620162964,0.0,0,0
8164,3.155130386352539,0.0,0,0
8165,4.20286750793457,0.0,1,1
8166,3.611274003982544,0.0,1,1
8167,3.1338019371032715,0.0,0,0
8168,4.324485778808594,0.0,0,0
8169,3.676964044570923,0.0,0,0
8170,3.0270297527313232,0.0,1,1
8171,3.6454362869262695,0.0,0,0
8172,3.6261401176452637,0.0,1,1
8173,2.659688711166382,0.0,0,0
8174,3.025620698928833,0.0,0,0
8175,2.881186008453369,0.0,1,1
8176,3.498228073120117,0.0,1,1
8177,3.8300812244415283,0.0,1,1
8178,3.769376516342163,0.0,1,1
8179,4.2943034172058105,0.0,0,0
8180,3.941922426223755,0.0,1,1
8181,3.5138213634490967,0.0,0,0
8182,3.9947586059570312,0.0,1,1
8183,4.358724594116211,0.0,0,0
8184,4.047540187835693,0.0,0,0
8185,3.851886510848999,0.0,1,1
8186,4.36193323135376,0.0,0,0
8187,4.489247798919678,0.0,1,1
8188,4.140634059906006,0.0,0,0
8189,3.353693723678589,0.0,0,0
8190,3.215825080871582,0.0,0,0
8191,3.382591724395752,0.0,1,1
8192,3.5509445667266846,0.0,0,0
8193,3.553333282470703,0.0,1,1
8194,3.5878162384033203,0.0,1,1
8195,3.8032445907592773,0.0,1,1
8196,3.900998830795288,0.0,1,1
8197,4.597209453582764,0.0,1,1
8198,3.91690993309021,0.0,0,0
8199,4.016981601715088,0.0,0,0
8200,3.7199671268463135,0.0,0,0
8201,3.6736388206481934,0.0,0,0
8202,4.087256908416748,0.0,0,0
8203,4.154135704040527,0.0,1,1
8204,4.085074424743652,0.0,1,1
8205,4.183083534240723,0.0,0,0
8206,4.219592571258545,0.0,1,1
8207,3.801659107208252,0.0,1,1
8208,4.427839279174805,0.0,0,0
8209,4.527215957641602,0.0,0,0
8210,4.081340312957764,0.0,0,0
8211,4.514660358428955,0.0,0,0
8212,3.774354934692383,0.0,1,1
8213,4.833446979522705,0.0,0,0
8214,3.5472235679626465,0.0,0,0
8215,4.156319618225098,0.0,0,0
8216,4.317909240722656,0.0,1,1
8217,4.47515344619751,0.0,0,0
8218,3.865549087524414,0.0,0,0
8219,3.832467555999756,0.0,1,1
8220,3.9625163078308105,0.0,1,1
8221,4.74882698059082,0.0,1,1
8222,4.065743923187256,0.0,1,1
8223,4.133714199066162,0.0,0,0
8224,4.114978790283203,0.0,1,1
8225,4.48922061920166,0.0,1,1
8226,4.56084680557251,0.0,0,0
8227,4.3255205154418945,0.0,0,0
8228,3.811901807785034,0.0,1,1
8229,3.8697261810302734,0.0,0,0
8230,4.016632080078125,0.0,0,0
8231,3.628110647201538,0.0,0,0
8232,4.440667629241943,0.0,1,1
8233,4.290887355804443,0.0,0,0
8234,3.998162269592285,0.0,0,0
8235,4.157410621643066,0.0,1,1
8236,4.633275032043457,0.0,0,0
8237,3.99609112739563,0.0,1,1
8238,4.55909538269043,0.0,0,0
8239,4.408215522766113,0.0,0,0
8240,3.879239797592163,0.0,0,0
8241,3.7797188758850098,0.0,0,0
8242,3.6772618293762207,0.0,1,1
8243,3.674299716949463,0.0,0,0
8244,3.0459671020507812,0.0,1,1
8245,3.604907989501953,0.0,1,1
8246,3.5907909870147705,0.0,0,0
8247,3.285311460494995,0.0,0,0
8248,2.623286008834839,0.0,0,0
8249,3.544842481613159,0.0,1,1
8250,3.5137598514556885,0.0,0,0
8251,2.0901880264282227,0.0,0,0
8252,1.9052757024765015,0.0,1,1
8253,2.351163625717163,0.0,1,1
8254,2.644763946533203,0.0,1,1
8255,2.7131998538970947,0.0,1,1
8256,3.2936058044433594,0.0,0,0
8257,3.294750452041626,0.0,0,0
8258,2.8740715980529785,0.0,0,0
8259,2.662639617919922,0.0,0,0
8260,2.7784879207611084,0.0,0,0
8261,3.159132480621338,0.0,0,0
8262,3.6850695610046387,0.0,0,0
8263,3.747366428375244,0.0,0,0
8264,3.5194342136383057,0.0,1,1
8265,3.348792552947998,0.0,0,0
8266,3.562629222869873,0.0,1,1
8267,3.8031721115112305,0.0,0,0
8268,4.155511379241943,0.0,0,0
8269,4.49131441116333,0.0,1,1
8270,3.6901462078094482,0.0,0,0
8271,4.072530269622803,0.0,1,1
8272,3.8160815238952637,0.0,1,1
8273,4.300522804260254,0.0,0,0
8274,1.823704719543457,0.0,1,1
8275,3.5923867225646973,0.0,1,1
8276,3.925025463104248,0.0,0,0
8277,3.7369446754455566,0.0,0,0
8278,3.382509469985962,0.0,0,0
8279,3.4804654121398926,0.0,1,1
8280,1.7705425024032593,0.0,1,1
8281,3.6722252368927,0.0,1,1
8282,3.8204522132873535,0.0,0,0
8283,3.2400975227355957,0.0,0,0
8284,3.9764139652252197,0.0,1,1
8285,3.47017502784729,0.0,1,1
8286,3.8825273513793945,0.0,0,0
8287,3.627452850341797,0.0,1,1
8288,3.593744993209839,0.0,1,1
8289,3.5352020263671875,0.0,0,0
8290,3.721219778060913,0.0,1,1
8291,3.71370005607605,0.0,1,1
8292,3.712679862976074,0.0,0,0
8293,3.8030757904052734,0.0,1,1
8294,4.131865501403809,0.0,0,0
8295,4.08983039855957,0.0,0,0
8296,4.193314552307129,0.0,0,0
8297,4.336456298828125,0.0,0,0
8298,4.021383762359619,0.0,1,1
8299,3.999596357345581,0.0,0,0
8300,4.429782867431641,0.0,1,1
8301,3.8868892192840576,0.0,1,1
8302,4.225735187530518,0.0,0,0
8303,4.483429431915283,0.0,1,1
8304,4.009002685546875,0.0,0,0
8305,3.943976402282715,0.0,0,0
8306,4.425862789154053,0.0,1,1
8307,4.015885829925537,0.0,0,0
8308,4.221991539001465,0.0,1,1
8309,3.9792020320892334,0.0,0,0
8310,4.923888206481934,0.0,0,0
8311,5.008786678314209,0.0,0,0
8312,3.9234395027160645,0.0,1,1
8313,3.637446403503418,0.0,1,1
8314,3.7352402210235596,0.0,0,0
8315,3.886969566345215,0.0,1,1
8316,3.846574068069458,0.0,1,1
8317,4.118372440338135,0.0,0,0
8318,3.9686970710754395,0.0,1,1
8319,4.025188446044922,0.0,1,1
8320,4.085674285888672,0.0,0,0
8321,3.8567163944244385,0.0,0,0
8322,3.4530274868011475,0.0,1,1
8323,4.172766208648682,0.0,0,0
8324,3.8868064880371094,0.0,1,1
8325,4.390011787414551,0.0,1,1
8326,2.6945643424987793,0.0,0,0
8327,2.6554806232452393,0.0,0,0
8328,2.8333606719970703,0.0,1,1
8329,3.1648778915405273,0.0,1,1
8330,3.2684245109558105,0.0,0,0
8331,3.6308722496032715,0.0,1,1
8332,3.5690712928771973,0.0,1,1
8333,3.9777493476867676,0.0,0,0
8334,4.025853633880615,0.0,0,0
8335,4.025942325592041,0.0,1,1
8336,4.604492664337158,0.0,1,1
8337,4.4474897384643555,0.0,0,0
8338,4.709268569946289,0.0,0,0
8339,4.574741363525391,0.0,0,0
8340,4.046997547149658,0.0,1,1
8341,3.836606979370117,0.0,0,0
8342,3.6641664505004883,0.0,1,1
8343,4.041203022003174,0.0,0,0
8344,3.6387925148010254,0.0,0,0
8345,4.012403964996338,0.0,1,1
8346,3.4397144317626953,0.0,0,0
8347,3.570950746536255,0.0,1,1
8348,4.4229021072387695,0.0,0,0
8349,4.264819622039795,0.0,0,0
8350,3.8537957668304443,0.0,0,0
8351,3.1464312076568604,0.0,1,1
8352,3.846557140350342,0.0,1,1
8353,2.9956371784210205,0.0,0,0
8354,3.249640703201294,0.0,0,0
8355,3.2866742610931396,0.0,0,0
8356,3.5437886714935303,0.0,0,0
8357,3.132443428039551,0.0,0,0
8358,3.815225839614868,0.0,1,1
8359,3.00541615486145,0.0,1,1
8360,2.8214468955993652,0.0,0,0
8361,2.6889989376068115,0.0,1,1
8362,2.907975912094116,0.0,1,1
8363,2.343719959259033,0.0,1,1
8364,2.5613789558410645,0.0,1,1
8365,2.91544246673584,0.0,0,0
8366,3.787522554397583,0.0,0,0
8367,4.709515571594238,0.0,0,0
8368,5.699160099029541,0.0,0,0
8369,2.411238670349121,0.0,1,1
8370,4.136700630187988,0.0,1,1
8371,5.012773513793945,0.0,0,0
8372,3.742762804031372,0.0,1,1
8373,3.396182060241699,0.0,1,1
8374,3.2117505073547363,0.0,1,1
8375,3.971829652786255,0.0,1,1
8376,3.9028189182281494,0.0,0,0
8377,3.5295209884643555,0.0,1,1
8378,4.074090480804443,0.0,0,0
8379,4.092879772186279,0.0,0,0
8380,3.3047866821289062,0.0,1,1
8381,4.201024532318115,0.0,1,1
8382,4.290072441101074,0.0,1,1
8383,4.227940559387207,0.0,1,1
8384,4.270666599273682,0.0,0,0
8385,4.5540947914123535,0.0,0,0
8386,4.203843116760254,0.0,0,0
8387,3.8328723907470703,0.0,1,1
8388,3.0783298015594482,0.0,0,0
8389,3.9641191959381104,0.0,1,1
8390,3.633923053741455,0.0,0,0
8391,3.5601541996002197,0.0,1,1
8392,3.93969988822937,0.0,0,0
8393,4.171227931976318,0.0,0,0
8394,3.913638114929199,0.0,0,0
8395,4.243958950042725,0.0,1,1
8396,3.92440128326416,0.0,0,0
8397,4.161750793457031,0.0,1,1
8398,4.021449565887451,0.0,0,0
8399,4.254147529602051,0.0,0,0
8400,4.180520057678223,0.0,1,1
8401,3.890953302383423,0.0,1,1
8402,3.941368579864502,0.0,1,1
8403,3.625474452972412,0.0,0,0
8404,3.6203696727752686,0.0,0,0
8405,4.030029296875,0.0,0,0
8406,4.221843242645264,0.0,0,0
8407,4.347198009490967,0.0,1,1
8408,3.8646063804626465,0.0,1,1
8409,3.1942429542541504,0.0,0,0
8410,4.725379467010498,0.0,1,1
8411,4.311913013458252,0.0,1,1
8412,4.397242546081543,0.0,1,1
8413,3.9664385318756104,0.0,0,0
8414,2.9523048400878906,0.0,1,1
8415,3.1289937496185303,0.0,0,0
8416,3.0158016681671143,0.0,0,0
8417,3.505526065826416,0.0,1,1
8418,3.6293089389801025,0.0,0,0
8419,3.9029929637908936,0.0,1,1
8420,3.870384693145752,0.0,1,1
8421,4.74600076675415,0.0,0,0
8422,3.645268201828003,0.0,0,0
8423,4.235206127166748,0.0,1,1
8424,3.3442347049713135,0.0,1,1
8425,3.9478161334991455,0.0,0,0
8426,3.793400764465332,0.0,1,1
8427,4.191139221191406,0.0,0,0
8428,3.6377365589141846,0.0,1,1
8429,3.8103880882263184,0.0,1,1
8430,4.130132675170898,0.0,1,1
8431,4.015008449554443,0.0,0,0
8432,4.387817859649658,0.0,1,1
8433,3.444391965866089,0.0,0,0
8434,3.8404111862182617,0.0,0,0
8435,3.1067793369293213,0.0,0,0
8436,3.819955825805664,0.0,0,0
8437,3.903898000717163,0.0,0,0
8438,3.4832797050476074,0.0,0,0
8439,3.7012722492218018,0.0,0,0
8440,3.6105313301086426,0.0,0,0
8441,4.344054222106934,0.0,0,0
8442,3.3808271884918213,0.0,0,0
8443,3.7465853691101074,0.0,1,1
8444,3.6309871673583984,0.0,0,0
8445,4.215841770172119,0.0,0,0
8446,4.125773906707764,0.0,0,0
8447,3.7118799686431885,0.0,0,0
8448,3.668721914291382,0.0,0,0
8449,4.293989658355713,0.0,1,1
8450,3.9032535552978516,0.0,1,1
8451,4.184890270233154,0.0,1,1
8452,3.817225456237793,0.0,1,1
8453,3.271855354309082,0.0,1,1
8454,3.467057466506958,0.0,0,0
8455,3.619640350341797,0.0,0,0
8456,3.966499090194702,0.0,0,0
8457,3.649765729904175,0.0,0,0
8458,4.042298793792725,0.0,0,0
8459,4.186704158782959,0.0,0,0
8460,4.194649696350098,0.0,0,0
8461,3.7184150218963623,0.0,1,1
8462,4.32039737701416,0.0,1,1
8463,3.930558919906616,0.0,0,0
8464,3.7737274169921875,0.0,1,1
8465,3.5366733074188232,0.0,0,0
8466,3.9732346534729004,0.0,1,1
8467,4.12703800201416,0.0,1,1
8468,4.122396945953369,0.0,0,0
8469,4.103744983673096,0.0,1,1
8470,3.0865390300750732,0.0,1,1
8471,3.432648181915283,0.0,1,1
8472,3.710453510284424,0.0,1,1
8473,3.5667030811309814,0.0,0,0
8474,3.794881820678711,0.0,1,1
8475,3.36765193939209,0.0,0,0
8476,3.915433168411255,0.0,1,1
8477,3.6465189456939697,0.0,0,0
8478,4.005708694458008,0.0,1,1
8479,3.460969924926758,0.0,1,1
8480,3.5615086555480957,0.0,1,1
8481,3.562924385070801,0.0,1,1
8482,3.6664886474609375,0.0,0,0
8483,3.663449764251709,0.0,1,1
8484,3.1329588890075684,0.0,1,1
8485,4.308279991149902,0.0,1,1
8486,3.898240089416504,0.0,1,1
8487,3.540027141571045,0.0,0,0
8488,3.6031274795532227,0.0,1,1
8489,2.903806686401367,0.0,1,1
8490,3.0124549865722656,0.0,1,1
8491,3.5690207481384277,0.0,1,1
8492,3.847933769226074,0.0,0,0
8493,4.666869163513184,0.0,0,0
8494,3.801929235458374,0.0,1,1
8495,3.827277660369873,0.0,0,0
8496,3.6007134914398193,0.0,0,0
8497,4.307243824005127,0.0,0,0
8498,3.3932290077209473,0.0,0,0
8499,3.188157558441162,0.0,1,1
8500,4.259572505950928,0.0,1,1
8501,4.359344005584717,0.0,1,1
8502,4.887046813964844,0.0,1,1
8503,4.329676151275635,0.0,0,0
8504,4.731797218322754,0.0,1,1
8505,4.757442474365234,0.0,0,0
8506,4.516081809997559,0.0,1,1
8507,3.8907699584960938,0.0,0,0
8508,4.730218410491943,0.0,0,0
8509,3.7757978439331055,0.0,1,1
8510,4.609130382537842,0.0,0,0
8511,4.381016731262207,0.0,0,0
8512,4.2335124015808105,0.0,1,1
8513,4.005423545837402,0.0,0,0
8514,4.06455135345459,0.0,1,1
8515,4.283349514007568,0.0,0,0
8516,4.3183746337890625,0.0,1,1
8517,3.672701835632324,0.0,0,0
8518,4.136953830718994,0.0,0,0
8519,3.919623851776123,0.0,1,1
8520,4.141683578491211,0.0,1,1
8521,4.081150054931641,0.0,1,1
8522,4.4114460945129395,0.0,0,0
8523,4.0668745040893555,0.0,0,0
8524,3.7965171337127686,0.0,1,1
8525,4.7914204597473145,0.0,1,1
8526,4.583336353302002,0.0,0,0
8527,3.6547651290893555,0.0,1,1
8528,3.6612625122070312,0.0,0,0
8529,3.8823153972625732,0.0,1,1
8530,4.128946781158447,0.0,1,1
8531,4.161502838134766,0.0,1,1
8532,3.665070056915283,0.0,0,0
8533,3.8679144382476807,0.0,0,0
8534,2.9048938751220703,0.0,1,1
8535,2.0591747760772705,0.0,0,0
8536,2.4788572788238525,0.0,1,1
8537,3.5615334510803223,0.0,1,1
8538,4.565290451049805,0.0,1,1
8539,4.073807716369629,0.0,1,1
8540,3.913769483566284,0.0,1,1
8541,3.897984743118286,0.0,1,1
8542,3.8528120517730713,0.0,1,1
8543,4.010096073150635,0.0,1,1
8544,3.78647518157959,0.0,1,1
8545,4.470468044281006,0.0,0,0
8546,3.466475486755371,0.0,1,1
8547,3.7285029888153076,0.0,0,0
8548,3.75120210647583,0.0,1,1
8549,3.732530117034912,0.0,0,0
8550,3.373283863067627,0.0,0,0
8551,3.756953239440918,0.0,1,1
8552,3.930379867553711,0.0,1,1
8553,3.891202449798584,0.0,1,1
8554,3.683068037033081,0.0,1,1
8555,4.154425621032715,0.0,0,0
8556,3.9033257961273193,0.0,1,1
8557,3.867251396179199,0.0,1,1
8558,4.148837089538574,0.0,1,1
8559,4.196612358093262,0.0,1,1
8560,4.209597110748291,0.0,1,1
8561,4.007006645202637,0.0,0,0
8562,4.008357048034668,0.0,0,0
8563,3.8353042602539062,0.0,0,0
8564,3.6544787883758545,0.0,1,1
8565,3.6858482360839844,0.0,0,0
8566,3.976654291152954,0.0,1,1
8567,4.1109724044799805,0.0,1,1
8568,3.780132532119751,0.0,1,1
8569,4.313026428222656,0.0,0,0
8570,3.752286434173584,0.0,1,1
8571,3.414827823638916,0.0,0,0
8572,3.4257030487060547,0.0,0,0
8573,3.8258135318756104,0.0,0,0
8574,3.961979389190674,0.0,0,0
8575,3.7982177734375,0.0,0,0
8576,4.223034381866455,0.0,0,0
8577,4.251071929931641,0.0,1,1
8578,4.084434986114502,0.0,0,0
8579,4.273541450500488,0.0,0,0
8580,4.1985602378845215,0.0,0,0
8581,3.8518149852752686,0.0,0,0
8582,4.118453025817871,0.0,1,1
8583,3.9947311878204346,0.0,1,1
8584,4.439744472503662,0.0,0,0
8585,4.035982608795166,0.0,0,0
8586,4.157153606414795,0.0,1,1
8587,4.171602725982666,0.0,0,0
8588,3.4516711235046387,0.0,0,0
8589,2.9160945415496826,0.0,0,0
8590,2.9648211002349854,0.0,0,0
8591,2.7938849925994873,0.0,1,1
8592,3.209594488143921,0.0,1,1
8593,3.5255725383758545,0.0,1,1
8594,2.584409475326538,0.0,1,1
8595,3.150207757949829,0.0,1,1
8596,4.276425838470459,0.0,0,0
8597,3.4910993576049805,0.0,1,1
8598,3.1772196292877197,0.0,0,0
8599,3.60787296295166,0.0,0,0
8600,3.846806287765503,0.0,0,0
8601,3.850341796875,0.0,1,1
8602,4.279140472412109,0.0,0,0
8603,3.9073448181152344,0.0,1,1
8604,4.022392749786377,0.0,0,0
8605,3.6492040157318115,0.0,1,1
8606,3.8192858695983887,0.0,1,1
8607,3.717900037765503,0.0,0,0
8608,3.966646909713745,0.0,0,0
8609,3.727757453918457,0.0,1,1
8610,3.0898590087890625,0.0,1,1
8611,4.2645392417907715,0.0,0,0
8612,3.516004800796509,0.0,1,1
8613,3.5256972312927246,0.0,0,0
8614,4.787108421325684,0.0,0,0
8615,3.27565860748291,0.0,1,1
8616,3.9140870571136475,0.0,0,0
8617,2.87553334236145,0.0,1,1
8618,3.872420072555542,0.0,0,0
8619,3.784731149673462,0.0,0,0
8620,4.141359806060791,0.0,0,0
8621,4.179530143737793,0.0,0,0
8622,4.162766456604004,0.0,1,1
8623,4.4899187088012695,0.0,0,0
8624,4.238256931304932,0.0,1,1
8625,3.7355945110321045,0.0,0,0
8626,3.849095344543457,0.0,1,1
8627,4.366659164428711,0.0,1,1
8628,4.554245471954346,0.0,1,1
8629,4.030722618103027,0.0,1,1
8630,3.9899508953094482,0.0,1,1
8631,4.1809234619140625,0.0,1,1
8632,4.473980903625488,0.0,1,1
8633,4.593709945678711,0.0,0,0
8634,4.630634784698486,0.0,1,1
8635,4.3507232666015625,0.0,1,1
8636,3.491750955581665,0.0,0,0
8637,4.1326422691345215,0.0,1,1
8638,3.8147454261779785,0.0,0,0
8639,4.296302318572998,0.0,1,1
8640,3.200357675552368,0.0,1,1
8641,3.580131769180298,0.0,1,1
8642,3.433567762374878,0.0,1,1
8643,3.968168258666992,0.0,1,1
8644,3.8328990936279297,0.0,0,0
8645,3.9724485874176025,0.0,1,1
8646,3.621135950088501,0.0,0,0
8647,3.7165229320526123,0.0,1,1
8648,3.9983298778533936,0.0,1,1
8649,4.183944225311279,0.0,1,1
8650,3.6366679668426514,0.0,0,0
8651,3.0919463634490967,0.0,1,1
8652,2.912821054458618,0.0,1,1
8653,2.987560272216797,0.0,0,0
8654,3.010478973388672,0.0,1,1
8655,2.5786683559417725,0.0,0,0
8656,1.9666399955749512,0.0,0,0
8657,2.552253246307373,0.0,1,1
8658,1.9646576642990112,0.0,0,0
8659,2.8496804237365723,0.0,0,0
8660,2.548894166946411,0.0,0,0
8661,2.730592727661133,0.0,0,0
8662,2.3998982906341553,0.0,0,0
8663,2.724095582962036,0.0,0,0
8664,2.4266445636749268,0.0,0,0
8665,2.291160821914673,0.0,0,0
8666,2.6492605209350586,0.0,1,1
8667,2.550605535507202,0.0,1,1
8668,2.2914137840270996,0.0,1,1
8669,2.219541311264038,0.0,0,0
8670,2.9213931560516357,0.0,0,0
8671,2.6911213397979736,0.0,1,1
8672,2.7508416175842285,0.0,1,1
8673,3.380048990249634,0.0,0,0
8674,2.82122540473938,0.0,0,0
8675,2.918567419052124,0.0,1,1
8676,3.36301851272583,0.0,1,1
8677,3.349453926086426,0.0,0,0
8678,4.097874641418457,0.0,0,0
8679,4.122769355773926,0.0,0,0
8680,3.8264920711517334,0.0,0,0
8681,3.667057752609253,0.0,1,1
8682,4.1065754890441895,0.0,1,1
8683,3.5841586589813232,0.0,1,1
8684,4.1545257568359375,0.0,1,1
8685,3.7030885219573975,0.0,1,1
8686,3.336378574371338,0.0,1,1
8687,3.552138328552246,0.0,1,1
8688,4.101423263549805,0.0,1,1
8689,4.046036720275879,0.0,1,1
8690,3.4405412673950195,0.0,1,1
8691,3.6060361862182617,0.0,0,0
8692,3.757869243621826,0.0,0,0
8693,3.953833818435669,0.0,1,1
8694,3.8608782291412354,0.0,1,1
8695,3.3698387145996094,0.0,0,0
8696,3.5172770023345947,0.0,1,1
8697,3.72345232963562,0.0,1,1
8698,3.6176071166992188,0.0,1,1
8699,2.687293767929077,0.0,0,0
8700,3.9539241790771484,0.0,1,1
8701,4.484195709228516,0.0,0,0
8702,3.695706844329834,0.0,0,0
8703,3.4925789833068848,0.0,1,1
8704,4.274072170257568,0.0,1,1
8705,4.116980075836182,0.0,1,1
8706,3.9037680625915527,0.0,1,1
8707,4.19998836517334,0.0,1,1
8708,4.310812473297119,0.0,1,1
8709,4.100475788116455,0.0,1,1
8710,4.04248046875,0.0,1,1
8711,4.536036968231201,0.0,0,0
8712,3.8299264907836914,0.0,1,1
8713,4.2208662033081055,0.0,0,0
8714,3.880913496017456,0.0,1,1
8715,4.132055759429932,0.0,1,1
8716,4.246280670166016,0.0,0,0
8717,4.512565612792969,0.0,0,0
8718,4.153433322906494,0.0,0,0
8719,3.721214771270752,0.0,0,0
8720,4.103494167327881,0.0,1,1
8721,2.3916923999786377,0.0,1,1
8722,2.0936617851257324,0.0,0,0
8723,2.397216558456421,0.0,0,0
8724,3.3443355560302734,0.0,0,0
8725,3.4880330562591553,0.0,1,1
8726,3.303236961364746,0.0,0,0
8727,3.7856686115264893,0.0,1,1
8728,3.5502421855926514,0.0,1,1
8729,3.9294519424438477,0.0,0,0
8730,3.607408046722412,0.0,1,1
8731,3.770202875137329,0.0,1,1
8732,3.753096580505371,0.0,1,1
8733,4.271287441253662,0.0,1,1
8734,4.39448356628418,0.0,1,1
8735,4.529676914215088,0.0,0,0
8736,4.332376480102539,0.0,0,0
8737,2.9308223724365234,0.0,0,0
8738,3.596226692199707,0.0,0,0
8739,4.418920993804932,0.0,1,1
8740,3.690849542617798,0.0,0,0
8741,3.522477626800537,0.0,1,1
8742,3.0259010791778564,0.0,0,0
8743,3.668311357498169,0.0,0,0
8744,3.2117552757263184,0.0,1,1
8745,3.5057363510131836,0.0,1,1
8746,3.9843320846557617,0.0,1,1
8747,2.8362667560577393,0.0,0,0
8748,3.5582151412963867,0.0,1,1
8749,4.048966884613037,0.0,0,0
8750,2.7621989250183105,0.0,1,1
8751,3.72249698638916,0.0,0,0
8752,3.653874397277832,0.0,1,1
8753,3.1071434020996094,0.0,1,1
8754,3.8353729248046875,0.0,0,0
8755,4.469374179840088,0.0,1,1
8756,4.173407554626465,0.0,1,1
8757,3.6087565422058105,0.0,0,0
8758,3.0737528800964355,0.0,0,0
8759,4.474651336669922,0.0,1,1
8760,2.9880053997039795,0.0,0,0
8761,3.360152244567871,0.0,0,0
8762,4.093751430511475,0.0,0,0
8763,4.273950099945068,0.0,1,1
8764,3.9254000186920166,0.0,0,0
8765,4.0515313148498535,0.0,0,0
8766,4.288121700286865,0.0,0,0
8767,3.9635612964630127,0.0,0,0
8768,4.339128017425537,0.0,1,1
8769,3.7143232822418213,0.0,0,0
8770,4.022686958312988,0.0,1,1
8771,3.8226447105407715,0.0,1,1
8772,4.145781517028809,0.0,1,1
8773,3.477905750274658,0.0,0,0
8774,3.3429453372955322,0.0,1,1
8775,3.6172895431518555,0.0,0,0
8776,3.8604440689086914,0.0,1,1
8777,3.065953016281128,0.0,1,1
8778,3.340641736984253,0.0,1,1
8779,3.6727163791656494,0.0,1,1
8780,4.129944801330566,0.0,1,1
8781,3.759159803390503,0.0,0,0
8782,3.8808884620666504,0.0,1,1
8783,4.118075370788574,0.0,0,0
8784,2.472264289855957,0.0,0,0
8785,3.0096397399902344,0.0,1,1
8786,4.196019649505615,0.0,0,0
8787,4.123769760131836,0.0,1,1
8788,4.05076789855957,0.0,0,0
8789,4.071479320526123,0.0,0,0
8790,3.3045365810394287,0.0,0,0
8791,2.781313180923462,0.0,1,1
8792,4.009014129638672,0.0,0,0
8793,2.772223711013794,0.0,1,1
8794,3.710333824157715,0.0,0,0
8795,3.5804498195648193,0.0,0,0
8796,3.3955581188201904,0.0,1,1
8797,2.933128595352173,0.0,1,1
8798,3.236295223236084,0.0,1,1
8799,3.2845311164855957,0.0,0,0
8800,3.232614517211914,0.0,0,0
8801,2.826704740524292,0.0,1,1
8802,3.199946403503418,0.0,0,0
8803,3.4574785232543945,0.0,1,1
8804,4.2316179275512695,0.0,0,0
8805,4.189260482788086,0.0,1,1
8806,3.544445514678955,0.0,1,1
8807,3.625385046005249,0.0,0,0
8808,3.9315268993377686,0.0,0,0
8809,3.838730812072754,0.0,0,0
8810,3.8469269275665283,0.0,0,0
8811,3.346869468688965,0.0,0,0
8812,3.998809576034546,0.0,0,0
8813,3.225428342819214,0.0,0,0
8814,3.5440776348114014,0.0,0,0
8815,3.645244836807251,0.0,1,1
8816,3.9026973247528076,0.0,1,1
8817,3.543682098388672,0.0,0,0
8818,3.523641586303711,0.0,0,0
8819,3.824928045272827,0.0,0,0
8820,4.822562217712402,0.0,1,1
8821,4.2571187019348145,0.0,0,0
8822,3.1192409992218018,0.0,1,1
8823,3.7580955028533936,0.0,0,0
8824,3.516495943069458,0.0,1,1
8825,3.6404523849487305,0.0,1,1
8826,3.6726927757263184,0.0,1,1
8827,3.5746042728424072,0.0,0,0
8828,4.1164326667785645,0.0,1,1
8829,5.152285575866699,0.0,0,0
8830,4.2305684089660645,0.0,0,0
8831,3.7565536499023438,0.0,0,0
8832,4.352471828460693,0.0,1,1
8833,4.087750434875488,0.0,1,1
8834,4.09828519821167,0.0,1,1
8835,4.107739448547363,0.0,1,1
8836,3.898837089538574,0.0,0,0
8837,4.139698028564453,0.0,0,0
8838,4.0710039138793945,0.0,0,0
8839,4.557302951812744,0.0,0,0
8840,4.594876289367676,0.0,1,1
8841,4.452564716339111,0.0,0,0
8842,4.686883449554443,0.0,0,0
8843,4.238257884979248,0.0,0,0
8844,3.7065601348876953,0.0,0,0
8845,3.1579642295837402,0.0,0,0
8846,3.301565647125244,0.0,0,0
8847,4.517789840698242,0.0,0,0
8848,4.373898029327393,0.0,0,0
8849,4.386505603790283,0.0,1,1
8850,3.6379997730255127,0.0,0,0
8851,4.018071174621582,0.0,0,0
8852,4.094954967498779,0.0,1,1
8853,4.45594596862793,0.0,0,0
8854,4.487260818481445,0.0,0,0
8855,3.9385242462158203,0.0,1,1
8856,4.364246845245361,0.0,0,0
8857,4.075018405914307,0.0,0,0
8858,3.9871726036071777,0.0,1,1
8859,3.9302709102630615,0.0,0,0
8860,4.212560176849365,0.0,0,0
8861,4.861039638519287,0.0,0,0
8862,4.136364459991455,0.0,1,1
8863,3.602903366088867,0.0,1,1
8864,4.479417324066162,0.0,1,1
8865,3.6392366886138916,0.0,0,0
8866,4.475667953491211,0.0,1,1
8867,4.445950508117676,0.0,0,0
8868,3.87689471244812,0.0,0,0
8869,4.781241416931152,0.0,1,1
8870,4.517711639404297,0.0,0,0
8871,4.587726593017578,0.0,0,0
8872,4.507490634918213,0.0,1,1
8873,4.548563480377197,0.0,0,0
8874,4.331496238708496,0.0,0,0
8875,4.346686363220215,0.0,1,1
8876,3.87137508392334,0.0,1,1
8877,3.925950527191162,0.0,1,1
8878,4.112411975860596,0.0,1,1
8879,2.9436464309692383,0.0,1,1
8880,3.511838436126709,0.0,1,1
8881,3.146153211593628,0.0,0,0
8882,3.705724000930786,0.0,1,1
8883,3.4739837646484375,0.0,1,1
8884,3.700176954269409,0.0,1,1
8885,3.3826143741607666,0.0,1,1
8886,2.51678729057312,0.0,0,0
8887,2.4117610454559326,0.0,0,0
8888,3.9344911575317383,0.0,1,1
8889,4.427369594573975,0.0,1,1
8890,4.013088703155518,0.0,0,0
8891,3.6270840167999268,0.0,1,1
8892,3.8651981353759766,0.0,0,0
8893,3.873333215713501,0.0,1,1
8894,2.3343491554260254,0.0,0,0
8895,3.5849769115448,0.0,0,0
8896,3.9037413597106934,0.0,0,0
8897,3.648249626159668,0.0,1,1
8898,3.97991681098938,0.0,0,0
8899,4.571925163269043,0.0,0,0
8900,4.317371368408203,0.0,0,0
8901,4.459656715393066,0.0,0,0
8902,3.7601401805877686,0.0,0,0
8903,3.9116148948669434,0.0,1,1
8904,4.08450984954834,0.0,0,0
8905,4.14326286315918,0.0,0,0
8906,4.283820152282715,0.0,1,1
8907,3.9338114261627197,0.0,0,0
8908,4.039162635803223,0.0,1,1
8909,4.714567184448242,0.0,1,1
8910,4.2653093338012695,0.0,0,0
8911,3.7494559288024902,0.0,1,1
8912,3.6994574069976807,0.0,0,0
8913,4.233343124389648,0.0,1,1
8914,4.206638336181641,0.0,1,1
8915,4.784217357635498,0.0,0,0
8916,4.247546195983887,0.0,0,0
8917,4.030861854553223,0.0,1,1
8918,4.794684410095215,0.0,1,1
8919,3.904791831970215,0.0,1,1
8920,3.894731283187866,0.0,0,0
8921,4.089967250823975,0.0,1,1
8922,4.268959999084473,0.0,0,0
8923,4.182704448699951,0.0,0,0
8924,4.401394367218018,0.0,0,0
8925,3.7548208236694336,0.0,1,1
8926,4.142024517059326,0.0,1,1
8927,4.069490432739258,0.0,1,1
8928,3.669170618057251,0.0,0,0
8929,3.896444797515869,0.0,1,1
8930,4.288937568664551,0.0,1,1
8931,4.211732864379883,0.0,1,1
8932,4.304990768432617,0.0,1,1
8933,4.557886123657227,0.0,0,0
8934,4.361814022064209,0.0,1,1
8935,4.460529327392578,0.0,0,0
8936,4.01175594329834,0.0,1,1
8937,3.3170053958892822,0.0,1,1
8938,3.4648537635803223,0.0,1,1
8939,4.06367826461792,0.0,0,0
8940,3.7230236530303955,0.0,1,1
8941,3.8906733989715576,0.0,0,0
8942,4.281418800354004,0.0,0,0
8943,4.1643147468566895,0.0,1,1
8944,3.693669319152832,0.0,0,0
8945,4.123647689819336,0.0,1,1
8946,4.327676773071289,0.0,0,0
8947,3.8557240962982178,0.0,0,0
8948,3.744636058807373,0.0,0,0
8949,3.494185209274292,0.0,1,1
8950,3.905456066131592,0.0,1,1
8951,3.3298869132995605,0.0,1,1
8952,2.7716989517211914,0.0,0,0
8953,2.616069793701172,0.0,0,0
8954,2.248904228210449,0.0,0,0
8955,3.207926034927368,0.0,0,0
8956,2.8326914310455322,0.0,0,0
8957,4.0107903480529785,0.0,1,1
8958,3.776045322418213,0.0,1,1
8959,3.743752956390381,0.0,0,0
8960,3.42083477973938,0.0,0,0
8961,3.1552531719207764,0.0,0,0
8962,3.4881534576416016,0.0,0,0
8963,3.7223899364471436,0.0,1,1
8964,3.3460795879364014,0.0,1,1
8965,3.5788590908050537,0.0,1,1
8966,3.9028823375701904,0.0,1,1
8967,4.166296482086182,0.0,0,0
8968,3.968600034713745,0.0,1,1
8969,4.103879451751709,0.0,0,0
8970,3.7701480388641357,0.0,1,1
8971,3.2558557987213135,0.0,0,0
8972,3.526589870452881,0.0,0,0
8973,3.590571165084839,0.0,1,1
8974,3.8203861713409424,0.0,0,0
8975,3.721604585647583,0.0,0,0
8976,3.924368381500244,0.0,0,0
8977,4.059591293334961,0.0,1,1
8978,3.630963087081909,0.0,0,0
8979,3.293494939804077,0.0,1,1
8980,3.697343587875366,0.0,1,1
8981,3.5988657474517822,0.0,0,0
8982,3.9212913513183594,0.0,0,0
8983,3.3341875076293945,0.0,0,0
8984,4.1251983642578125,0.0,0,0
8985,4.072447299957275,0.0,0,0
8986,4.213396072387695,0.0,0,0
8987,4.295198440551758,0.0,1,1
8988,4.244924545288086,0.0,0,0
8989,3.832737684249878,0.0,1,1
8990,3.9757578372955322,0.0,1,1
8991,4.3451128005981445,0.0,1,1
8992,4.330068588256836,0.0,1,1
8993,3.9277875423431396,0.0,1,1
8994,4.531204700469971,0.0,1,1
8995,3.6798322200775146,0.0,1,1
8996,4.346959590911865,0.0,0,0
8997,4.574949264526367,0.0,1,1
8998,4.037333011627197,0.0,1,1
8999,3.6786839962005615,0.0,1,1
9000,3.5620298385620117,0.0,0,0
9001,4.154877185821533,0.0,0,0
9002,3.7577877044677734,0.0,1,1
9003,3.8694560527801514,0.0,1,1
9004,3.6441099643707275,0.0,1,1
9005,3.8769569396972656,0.0,1,1
9006,3.6580679416656494,0.0,1,1
9007,4.1500372886657715,0.0,0,0
9008,4.078361988067627,0.0,1,1
9009,4.036621570587158,0.0,0,0
9010,3.6115686893463135,0.0,1,1
9011,3.527932643890381,0.0,1,1
9012,3.6211025714874268,0.0,1,1
9013,3.9324214458465576,0.0,1,1
9014,3.755337715148926,0.0,0,0
9015,3.2810983657836914,0.0,1,1
9016,3.7906742095947266,0.0,1,1
9017,4.788705825805664,0.0,0,0
9018,4.008185386657715,0.0,1,1
9019,4.423614978790283,0.0,1,1
9020,4.521895885467529,0.0,0,0
9021,4.587004661560059,0.0,0,0
9022,4.664523124694824,0.0,1,1
9023,3.991483688354492,0.0,0,0
9024,3.826866865158081,0.0,1,1
9025,3.463355779647827,0.0,0,0
9026,4.202029705047607,0.0,0,0
9027,3.894233226776123,0.0,0,0
9028,3.70306396484375,0.0,1,1
9029,3.7862560749053955,0.0,0,0
9030,4.564255237579346,0.0,1,1
9031,3.7620046138763428,0.0,1,1
9032,3.3490309715270996,0.0,1,1
9033,4.073725700378418,0.0,1,1
9034,3.951270580291748,0.0,0,0
9035,4.146209716796875,0.0,0,0
9036,4.4762983322143555,0.0,0,0
9037,4.178452968597412,0.0,0,0
9038,3.841867685317993,0.0,1,1
9039,4.06348180770874,0.0,1,1
9040,4.0751051902771,0.0,0,0
9041,3.7186155319213867,0.0,1,1
9042,3.772787094116211,0.0,1,1
9043,4.310803413391113,0.0,0,0
9044,4.1477837562561035,0.0,1,1
9045,4.010465145111084,0.0,0,0
9046,4.414620399475098,0.0,0,0
9047,4.147040367126465,0.0,0,0
9048,4.434264659881592,0.0,1,1
9049,4.153500080108643,0.0,1,1
9050,4.509893417358398,0.0,1,1
9051,4.167208671569824,0.0,0,0
9052,3.959456205368042,0.0,0,0
9053,3.870335340499878,0.0,0,0
9054,4.915763854980469,0.0,0,0
9055,3.3970799446105957,0.0,1,1
9056,3.517021417617798,0.0,1,1
9057,4.590145587921143,0.0,0,0
9058,4.4371256828308105,0.0,1,1
9059,4.2149739265441895,0.0,0,0
9060,3.8610479831695557,0.0,1,1
9061,3.6322035789489746,0.0,1,1
9062,3.611161231994629,0.0,1,1
9063,4.273327350616455,0.0,1,1
9064,4.423521041870117,0.0,0,0
9065,3.5389599800109863,0.0,0,0
9066,4.465017795562744,0.0,0,0
9067,3.5818114280700684,0.0,1,1
9068,3.526876449584961,0.0,0,0
9069,4.000957489013672,0.0,1,1
9070,3.327195405960083,0.0,1,1
9071,3.605559825897217,0.0,1,1
9072,3.437049388885498,0.0,1,1
9073,4.009629249572754,0.0,1,1
9074,4.493124485015869,0.0,0,0
9075,3.9575626850128174,0.0,1,1
9076,3.8469910621643066,0.0,0,0
9077,3.885394811630249,0.0,0,0
9078,4.200850486755371,0.0,1,1
9079,3.7443933486938477,0.0,0,0
9080,3.9754881858825684,0.0,0,0
9081,3.9905202388763428,0.0,0,0
9082,4.012938499450684,0.0,0,0
9083,3.8486595153808594,0.0,1,1
9084,3.522568702697754,0.0,0,0
9085,3.480703115463257,0.0,1,1
9086,4.644083023071289,0.0,1,1
9087,4.070253849029541,0.0,0,0
9088,4.265108108520508,0.0,0,0
9089,4.580469131469727,0.0,1,1
9090,4.5235419273376465,0.0,0,0
9091,4.477298736572266,0.0,0,0
9092,3.6448235511779785,0.0,1,1
9093,3.500189781188965,0.0,0,0
9094,4.168825626373291,0.0,1,1
9095,4.237494468688965,0.0,1,1
9096,3.572420835494995,0.0,0,0
9097,3.8366572856903076,0.0,0,0
9098,4.316957473754883,0.0,1,1
9099,4.451461315155029,0.0,0,0
9100,4.095034122467041,0.0,0,0
9101,3.886002779006958,0.0,0,0
9102,4.151430606842041,0.0,0,0
9103,4.062657356262207,0.0,0,0
9104,3.860142469406128,0.0,0,0
9105,4.54998254776001,0.0,1,1
9106,4.3354926109313965,0.0,0,0
9107,4.724342346191406,0.0,0,0
9108,4.383685111999512,0.0,0,0
9109,4.812028408050537,0.0,0,0
9110,4.290135860443115,0.0,1,1
9111,4.413632869720459,0.0,0,0
9112,5.249069690704346,0.0,1,1
9113,4.691367149353027,0.0,0,0
9114,4.341379165649414,0.0,0,0
9115,4.295342445373535,0.0,1,1
9116,4.716222286224365,0.0,1,1
9117,4.781555652618408,0.0,0,0
9118,4.062917232513428,0.0,1,1
9119,5.261871814727783,0.0,1,1
9120,4.789076328277588,0.0,1,1
9121,4.916097640991211,0.0,0,0
9122,5.424822807312012,0.0,0,0
9123,4.317215442657471,0.0,0,0
9124,4.293037414550781,0.0,0,0
9125,4.0848469734191895,0.0,0,0
9126,4.647367477416992,0.0,1,1
9127,4.336943626403809,0.0,1,1
9128,4.858551025390625,0.0,0,0
9129,4.203176975250244,0.0,1,1
9130,4.8497490882873535,0.0,0,0
9131,3.7959516048431396,0.0,0,0
9132,4.007658958435059,0.0,1,1
9133,4.164360523223877,0.0,1,1
9134,3.995630979537964,0.0,0,0
9135,3.900139093399048,0.0,1,1
9136,4.614123344421387,0.0,1,1
9137,3.8394196033477783,0.0,1,1
9138,4.222254753112793,0.0,1,1
9139,3.797852039337158,0.0,1,1
9140,3.919285535812378,0.0,1,1
9141,4.114015579223633,0.0,0,0
9142,4.644039154052734,0.0,1,1
9143,4.853365898132324,0.0,0,0
9144,4.28349494934082,0.0,1,1
9145,4.175686359405518,0.0,0,0
9146,4.375667095184326,0.0,1,1
9147,4.475940704345703,0.0,1,1
9148,3.9132652282714844,0.0,1,1
9149,4.573794841766357,0.0,1,1
9150,4.095226287841797,0.0,0,0
9151,4.056792259216309,0.0,1,1
9152,3.754974126815796,0.0,1,1
9153,4.053005695343018,0.0,1,1
9154,3.6244354248046875,0.0,1,1
9155,3.5229508876800537,0.0,1,1
9156,4.141195774078369,0.0,0,0
9157,3.1441400051116943,0.0,0,0
9158,4.183717727661133,0.0,0,0
9159,4.357546806335449,0.0,0,0
9160,4.294449329376221,0.0,1,1
9161,4.065738677978516,0.0,1,1
9162,4.178856372833252,0.0,0,0
9163,4.498147964477539,0.0,0,0
9164,3.9702954292297363,0.0,0,0
9165,4.126709461212158,0.0,1,1
9166,4.272070407867432,0.0,0,0
9167,4.224048614501953,0.0,0,0
9168,3.8992929458618164,0.0,1,1
9169,4.017320156097412,0.0,0,0
9170,3.6692090034484863,0.0,1,1
9171,3.61959171295166,0.0,1,1
9172,3.8608407974243164,0.0,0,0
9173,4.078980445861816,0.0,1,1
9174,4.061102390289307,0.0,0,0
9175,3.8183131217956543,0.0,1,1
9176,3.608240842819214,0.0,1,1
9177,3.852104902267456,0.0,0,0
9178,3.863826036453247,0.0,1,1
9179,3.7739381790161133,0.0,1,1
9180,3.716604471206665,0.0,0,0
9181,4.063355445861816,0.0,0,0
9182,3.6667213439941406,0.0,0,0
9183,3.9335546493530273,0.0,0,0
9184,4.040807723999023,0.0,0,0
9185,3.9225449562072754,0.0,0,0
9186,4.004471302032471,0.0,1,1
9187,3.8867788314819336,0.0,0,0
9188,4.220514297485352,0.0,1,1
9189,3.695722818374634,0.0,0,0
9190,4.608462810516357,0.0,0,0
9191,4.423853397369385,0.0,1,1
9192,3.391124725341797,0.0,1,1
9193,3.7410550117492676,0.0,1,1
9194,3.697366952896118,0.0,1,1
9195,4.162757396697998,0.0,1,1
9196,3.5701446533203125,0.0,1,1
9197,3.787285804748535,0.0,1,1
9198,3.5571506023406982,0.0,1,1
9199,3.575856924057007,0.0,0,0
9200,3.6045594215393066,0.0,0,0
9201,3.5422375202178955,0.0,1,1
9202,3.7567944526672363,0.0,1,1
9203,3.854975938796997,0.0,0,0
9204,3.130025863647461,0.0,1,1
9205,3.7784361839294434,0.0,0,0
9206,3.7287042140960693,0.0,0,0
9207,3.8583521842956543,0.0,1,1
9208,4.013436794281006,0.0,1,1
9209,3.6656947135925293,0.0,0,0
9210,3.4326350688934326,0.0,0,0
9211,3.430403709411621,0.0,1,1
9212,3.467207908630371,0.0,1,1
9213,3.7379255294799805,0.0,1,1
9214,3.3238890171051025,0.0,1,1
9215,2.5638041496276855,0.0,0,0
9216,3.6257481575012207,0.0,1,1
9217,4.1733222007751465,0.0,1,1
9218,3.9219093322753906,0.0,1,1
9219,3.661104679107666,0.0,1,1
9220,3.4928958415985107,0.0,1,1
9221,3.790459394454956,0.0,1,1
9222,3.741640090942383,0.0,1,1
9223,3.4300482273101807,0.0,0,0
9224,3.7076480388641357,0.0,1,1
9225,3.7824389934539795,0.0,0,0
9226,3.8467416763305664,0.0,1,1
9227,4.1178789138793945,0.0,0,0
9228,4.382272720336914,0.0,0,0
9229,4.30019474029541,0.0,1,1
9230,4.349595546722412,0.0,0,0
9231,4.086069583892822,0.0,0,0
9232,4.226161479949951,0.0,0,0
9233,3.9402666091918945,0.0,0,0
9234,4.609492301940918,0.0,0,0
9235,4.6560468673706055,0.0,1,1
9236,4.05446720123291,0.0,1,1
9237,4.277496814727783,0.0,0,0
9238,4.012601375579834,0.0,1,1
9239,4.118906021118164,0.0,1,1
9240,4.061110019683838,0.0,1,1
9241,3.18463397026062,0.0,1,1
9242,3.6638216972351074,0.0,0,0
9243,3.761207103729248,0.0,1,1
9244,3.3720431327819824,0.0,1,1
9245,2.856447458267212,0.0,0,0
9246,3.4388649463653564,0.0,0,0
9247,3.95607852935791,0.0,0,0
9248,4.5919084548950195,0.0,0,0
9249,4.215080261230469,0.0,0,0
9250,4.778470516204834,0.0,0,0
9251,4.170785903930664,0.0,0,0
9252,3.396735668182373,0.0,1,1
9253,3.6153807640075684,0.0,1,1
9254,3.657325029373169,0.0,0,0
9255,3.494192600250244,0.0,0,0
9256,3.885369300842285,0.0,1,1
9257,3.877450942993164,0.0,0,0
9258,4.621947288513184,0.0,1,1
9259,3.551974296569824,0.0,1,1
9260,4.05439567565918,0.0,1,1
9261,3.763166904449463,0.0,0,0
9262,3.6130571365356445,0.0,1,1
9263,3.879495859146118,0.0,0,0
9264,4.030524253845215,0.0,1,1
9265,3.9611949920654297,0.0,0,0
9266,3.777477502822876,0.0,0,0
9267,3.8839917182922363,0.0,1,1
9268,4.4962477684021,0.0,0,0
9269,4.0404486656188965,0.0,0,0
9270,4.626452445983887,0.0,1,1
9271,4.2376508712768555,0.0,0,0
9272,4.474802017211914,0.0,0,0
9273,4.053741931915283,0.0,1,1
9274,4.983652591705322,0.0,1,1
9275,3.936519145965576,0.0,0,0
9276,3.8704984188079834,0.0,0,0
9277,3.4668588638305664,0.0,0,0
9278,4.792407512664795,0.0,0,0
9279,4.169220924377441,0.0,0,0
9280,4.087139129638672,0.0,0,0
9281,4.739206790924072,0.0,0,0
9282,3.83276104927063,0.0,1,1
9283,4.608711242675781,0.0,1,1
9284,3.79030704498291,0.0,1,1
9285,4.656880855560303,0.0,1,1
9286,4.7167134284973145,0.0,0,0
9287,4.081228733062744,0.0,1,1
9288,4.276602745056152,0.0,1,1
9289,3.905456304550171,0.0,1,1
9290,4.480581760406494,0.0,1,1
9291,3.989912271499634,0.0,1,1
9292,5.056454658508301,0.0,0,0
9293,4.426360607147217,0.0,0,0
9294,3.933466672897339,0.0,0,0
9295,3.1604788303375244,0.0,0,0
9296,3.8072407245635986,0.0,0,0
9297,3.4700257778167725,0.0,0,0
9298,3.8178367614746094,0.0,0,0
9299,3.4235615730285645,0.0,1,1
9300,2.8776276111602783,0.0,1,1
9301,2.4623546600341797,0.0,1,1
9302,2.5865137577056885,0.0,1,1
9303,2.2913336753845215,0.0,1,1
9304,2.6092278957366943,0.0,0,0
9305,2.940570116043091,0.0,1,1
9306,3.5201964378356934,0.0,0,0
9307,3.319890260696411,0.0,1,1
9308,3.45405650138855,0.0,0,0
9309,3.760037422180176,0.0,0,0
9310,3.1025679111480713,0.0,1,1
9311,2.3085711002349854,0.0,1,1
9312,4.034627437591553,0.0,1,1
9313,3.627047061920166,0.0,0,0
9314,3.7281007766723633,0.0,0,0
9315,4.1790924072265625,0.0,1,1
9316,4.074872016906738,0.0,0,0
9317,4.34001350402832,0.0,0,0
9318,3.8313934803009033,0.0,0,0
9319,3.855876922607422,0.0,0,0
9320,4.448511123657227,0.0,0,0
9321,3.8020198345184326,0.0,0,0
9322,3.086871385574341,0.0,1,1
9323,3.8884618282318115,0.0,1,1
9324,3.616328239440918,0.0,0,0
9325,4.0219902992248535,0.0,1,1
9326,4.226332664489746,0.0,0,0
9327,4.811337471008301,0.0,1,1
9328,3.4956655502319336,0.0,0,0
9329,3.935063123703003,0.0,1,1
9330,3.432527780532837,0.0,1,1
9331,3.5298221111297607,0.0,0,0
9332,3.379258632659912,0.0,0,0
9333,3.90960431098938,0.0,1,1
9334,3.938100814819336,0.0,0,0
9335,3.2242164611816406,0.0,0,0
9336,3.625136137008667,0.0,0,0
9337,4.0659894943237305,0.0,1,1
9338,4.198139667510986,0.0,0,0
9339,3.761357069015503,0.0,0,0
9340,4.397238731384277,0.0,1,1
9341,3.3958356380462646,0.0,1,1
9342,4.694373607635498,0.0,0,0
9343,4.322548866271973,0.0,1,1
9344,3.4157421588897705,0.0,1,1
9345,3.420941114425659,0.0,0,0
9346,3.378262996673584,0.0,1,1
9347,2.911618947982788,0.0,1,1
9348,4.174837112426758,0.0,0,0
9349,4.239668369293213,0.0,1,1
9350,4.132539749145508,0.0,0,0
9351,3.9476981163024902,0.0,1,1
9352,3.3540098667144775,0.0,1,1
9353,3.851372718811035,0.0,0,0
9354,3.6035573482513428,0.0,0,0
9355,3.246609687805176,0.0,0,0
9356,3.124723196029663,0.0,1,1
9357,3.446877956390381,0.0,1,1
9358,3.2986948490142822,0.0,0,0
9359,3.7899250984191895,0.0,1,1
9360,3.9224116802215576,0.0,0,0
9361,2.897371768951416,0.0,1,1
9362,2.832970142364502,0.0,1,1
9363,3.602233409881592,0.0,1,1
9364,3.3647313117980957,0.0,1,1
9365,3.123894691467285,0.0,1,1
9366,3.4177234172821045,0.0,1,1
9367,3.3480045795440674,0.0,1,1
9368,2.463266372680664,0.0,0,0
9369,3.622340202331543,0.0,1,1
9370,3.9997646808624268,0.0,0,0
9371,3.8196001052856445,0.0,1,1
9372,3.6094810962677,0.0,1,1
9373,3.4936764240264893,0.0,1,1
9374,4.3180670738220215,0.0,0,0
9375,4.020920276641846,0.0,0,0
9376,4.264455795288086,0.0,0,0
9377,4.090136528015137,0.0,0,0
9378,3.410341739654541,0.0,1,1
9379,4.119287967681885,0.0,0,0
9380,3.547935724258423,0.0,1,1
9381,3.7901558876037598,0.0,0,0
9382,3.565746784210205,0.0,0,0
9383,4.441151142120361,0.0,0,0
9384,4.208811283111572,0.0,0,0
9385,4.563791751861572,0.0,1,1
9386,4.106424808502197,0.0,1,1
9387,4.301427841186523,0.0,1,1
9388,3.9167842864990234,0.0,1,1
9389,3.7139945030212402,0.0,1,1
9390,4.331295967102051,0.0,0,0
9391,3.989065170288086,0.0,0,0
9392,4.628242015838623,0.0,1,1
9393,3.8181793689727783,0.0,0,0
9394,3.776174545288086,0.0,0,0
9395,4.597718238830566,0.0,1,1
9396,4.663858890533447,0.0,1,1
9397,3.984858512878418,0.0,0,0
9398,4.434216022491455,0.0,0,0
9399,4.9012770652771,0.0,0,0
9400,4.193259239196777,0.0,1,1
9401,4.211246490478516,0.0,1,1
9402,4.095822334289551,0.0,0,0
9403,4.001918315887451,0.0,1,1
9404,4.489349365234375,0.0,0,0
9405,4.128111839294434,0.0,0,0
9406,3.716484785079956,0.0,1,1
9407,4.498256683349609,0.0,0,0
9408,4.144249439239502,0.0,0,0
9409,4.046234607696533,0.0,0,0
9410,3.6551060676574707,0.0,1,1
9411,4.314594745635986,0.0,0,0
9412,4.150520324707031,0.0,1,1
9413,3.71452260017395,0.0,1,1
9414,3.7769970893859863,0.0,0,0
9415,3.8137457370758057,0.0,1,1
9416,3.89985728263855,0.0,0,0
9417,4.842738151550293,0.0,1,1
9418,4.669309139251709,0.0,0,0
9419,4.438408851623535,0.0,0,0
9420,3.652480125427246,0.0,1,1
9421,4.061692714691162,0.0,0,0
9422,2.887749195098877,0.0,0,0
9423,3.5006000995635986,0.0,0,0
9424,2.3874902725219727,0.0,1,1
9425,1.7272472381591797,0.0,1,1
9426,2.1083407402038574,0.0,1,1
9427,2.0078957080841064,0.0,1,1
9428,2.0191495418548584,0.0,0,0
9429,2.5475966930389404,0.0,0,0
9430,2.809201955795288,0.0,1,1
9431,3.5317678451538086,0.0,0,0
9432,3.469926595687866,0.0,0,0
9433,3.9592537879943848,0.0,1,1
9434,3.807887077331543,0.0,0,0
9435,3.291632890701294,0.0,0,0
9436,3.8884689807891846,0.0,1,1
9437,3.2729387283325195,0.0,0,0
9438,2.4570651054382324,0.0,1,1
9439,2.8507473468780518,0.0,1,1
9440,3.396491527557373,0.0,1,1
9441,3.3616349697113037,0.0,1,1
9442,3.5731358528137207,0.0,0,0
9443,3.091261625289917,0.0,0,0
9444,3.415616512298584,0.0,1,1
9445,3.094589948654175,0.0,1,1
9446,2.9775590896606445,0.0,1,1
9447,3.539698839187622,0.0,0,0
9448,3.7484445571899414,0.0,0,0
9449,3.1959962844848633,0.0,0,0
9450,3.033357620239258,0.0,1,1
9451,3.2762832641601562,0.0,0,0
9452,3.6316468715667725,0.0,1,1
9453,3.1473639011383057,0.0,0,0
9454,4.059224605560303,0.0,0,0
9455,3.15804386138916,0.0,1,1
9456,3.772148609161377,0.0,1,1
9457,3.256298780441284,0.0,0,0
9458,3.5232739448547363,0.0,1,1
9459,3.204192876815796,0.0,0,0
9460,3.4955084323883057,0.0,0,0
9461,2.8183629512786865,0.0,1,1
9462,3.0127768516540527,0.0,0,0
9463,3.666262626647949,0.0,0,0
9464,3.002318859100342,0.0,1,1
9465,1.9982895851135254,0.0,1,1
9466,3.6978554725646973,0.0,0,0
9467,3.801689386367798,0.0,0,0
9468,3.8793246746063232,0.0,0,0
9469,3.21417236328125,0.0,0,0
9470,3.222196340560913,0.0,0,0
9471,4.167745590209961,0.0,1,1
9472,3.7391903400421143,0.0,0,0
9473,4.603792667388916,0.0,1,1
9474,3.396935224533081,0.0,0,0
9475,3.0576837062835693,0.0,1,1
9476,3.553105354309082,0.0,1,1
9477,3.3665149211883545,0.0,1,1
9478,3.7800323963165283,0.0,0,0
9479,3.6607673168182373,0.0,0,0
9480,3.7993686199188232,0.0,0,0
9481,3.669404983520508,0.0,1,1
9482,3.4549214839935303,0.0,0,0
9483,3.7344090938568115,0.0,1,1
9484,3.493252754211426,0.0,0,0
9485,3.6322004795074463,0.0,1,1
9486,3.3936073780059814,0.0,0,0
9487,3.676846504211426,0.0,1,1
9488,3.0945663452148438,0.0,0,0
9489,3.239546775817871,0.0,0,0
9490,2.9812161922454834,0.0,1,1
9491,3.5133683681488037,0.0,0,0
9492,3.786985397338867,0.0,0,0
9493,3.4605276584625244,0.0,0,0
9494,3.896564483642578,0.0,0,0
9495,4.06418514251709,0.0,1,1
9496,4.095273494720459,0.0,0,0
9497,4.961076259613037,0.0,0,0
9498,4.124047756195068,0.0,0,0
9499,3.519921064376831,0.0,0,0
9500,3.4073843955993652,0.0,0,0
9501,3.7016501426696777,0.0,1,1
9502,3.862882375717163,0.0,0,0
9503,3.7599432468414307,0.0,0,0
9504,3.872814178466797,0.0,1,1
9505,3.7492799758911133,0.0,0,0
9506,4.221883296966553,0.0,0,0
9507,3.6519007682800293,0.0,1,1
9508,3.9171130657196045,0.0,1,1
9509,3.806391954421997,0.0,1,1
9510,4.352761745452881,0.0,1,1
9511,4.151740074157715,0.0,0,0
9512,3.8743810653686523,0.0,0,0
9513,3.977397918701172,0.0,1,1
9514,4.0693535804748535,0.0,0,0
9515,2.6379129886627197,0.0,0,0
9516,3.2142386436462402,0.0,1,1
9517,3.746730089187622,0.0,0,0
9518,4.473993301391602,0.0,0,0
9519,3.377331256866455,0.0,0,0
9520,3.488999366760254,0.0,0,0
9521,3.5750415325164795,0.0,0,0
9522,4.0628156661987305,0.0,1,1
9523,4.295126914978027,0.0,1,1
9524,4.059617519378662,0.0,0,0
9525,4.295806884765625,0.0,1,1
9526,4.06493616104126,0.0,0,0
9527,3.986905813217163,0.0,0,0
9528,4.301130294799805,0.0,0,0
9529,4.183415412902832,0.0,0,0
9530,4.278318405151367,0.0,1,1
9531,3.9062654972076416,0.0,1,1
9532,3.502859592437744,0.0,1,1
9533,3.383561372756958,0.0,0,0
9534,3.59895920753479,0.0,1,1
9535,4.7167158126831055,0.0,1,1
9536,3.8122332096099854,0.0,0,0
9537,3.424372673034668,0.0,0,0
9538,4.1407599449157715,0.0,0,0
9539,3.774615526199341,0.0,0,0
9540,3.5063493251800537,0.0,1,1
9541,4.1110639572143555,0.0,1,1
9542,3.8815724849700928,0.0,0,0
9543,3.8850784301757812,0.0,0,0
9544,4.156642436981201,0.0,0,0
9545,3.5461974143981934,0.0,0,0
9546,4.000395774841309,0.0,0,0
9547,4.045478820800781,0.0,1,1
9548,3.4410293102264404,0.0,0,0
9549,3.659780979156494,0.0,1,1
9550,3.821164608001709,0.0,0,0
9551,3.9910290241241455,0.0,0,0
9552,3.727699041366577,0.0,1,1
9553,4.018144130706787,0.0,1,1
9554,3.825183391571045,0.0,1,1
9555,3.984673261642456,0.0,0,0
9556,4.231821537017822,0.0,1,1
9557,4.186794281005859,0.0,0,0
9558,4.100034713745117,0.0,0,0
9559,4.314212322235107,0.0,0,0
9560,3.8355655670166016,0.0,0,0
9561,3.9896984100341797,0.0,1,1
9562,4.000314712524414,0.0,0,0
9563,3.9573802947998047,0.0,1,1
9564,3.6964199542999268,0.0,0,0
9565,3.994626760482788,0.0,1,1
9566,4.416974067687988,0.0,0,0
9567,3.788592576980591,0.0,1,1
9568,2.729313373565674,0.0,1,1
9569,3.0422542095184326,0.0,0,0
9570,3.0105249881744385,0.0,0,0
9571,2.7871663570404053,0.0,0,0
9572,2.97326922416687,0.0,0,0
9573,3.6948323249816895,0.0,1,1
9574,3.213937520980835,0.0,0,0
9575,2.8629770278930664,0.0,1,1
9576,2.9286277294158936,0.0,1,1
9577,3.62652325630188,0.0,0,0
9578,3.8927605152130127,0.0,0,0
9579,3.9472954273223877,0.0,0,0
9580,3.931487798690796,0.0,1,1
9581,3.9516985416412354,0.0,1,1
9582,2.8451366424560547,0.0,1,1
9583,2.8140487670898438,0.0,1,1
9584,3.417506456375122,0.0,0,0
9585,4.436147689819336,0.0,1,1
9586,3.962212085723877,0.0,0,0
9587,4.022556781768799,0.0,0,0
9588,3.9075145721435547,0.0,0,0
9589,3.4220449924468994,0.0,1,1
9590,3.1427783966064453,0.0,0,0
9591,3.97084903717041,0.0,1,1
9592,3.707585096359253,0.0,1,1
9593,3.4769558906555176,0.0,0,0
9594,4.412535190582275,0.0,1,1
9595,3.3999853134155273,0.0,1,1
9596,3.541055679321289,0.0,1,1
9597,4.398848533630371,0.0,0,0
9598,3.8314945697784424,0.0,0,0
9599,4.287547588348389,0.0,1,1
9600,4.129726886749268,0.0,1,1
9601,3.7960617542266846,0.0,1,1
9602,3.6514291763305664,0.0,0,0
9603,3.5569915771484375,0.0,0,0
9604,4.342708110809326,0.0,1,1
9605,3.9247899055480957,0.0,1,1
9606,3.4050869941711426,0.0,1,1
9607,3.20863676071167,0.0,1,1
9608,3.169867515563965,0.0,1,1
9609,3.6240339279174805,0.0,0,0
9610,3.721092700958252,0.0,1,1
9611,3.5859031677246094,0.0,1,1
9612,4.0847554206848145,0.0,1,1
9613,2.200427293777466,0.0,1,1
9614,3.599729299545288,0.0,1,1
9615,3.7488720417022705,0.0,1,1
9616,3.5282366275787354,0.0,1,1
9617,4.076882839202881,0.0,0,0
9618,4.084568023681641,0.0,1,1
9619,3.660446882247925,0.0,1,1
9620,3.364443063735962,0.0,1,1
9621,3.8700008392333984,0.0,0,0
9622,4.095341682434082,0.0,1,1
9623,4.441425800323486,0.0,0,0
9624,3.279991626739502,0.0,1,1
9625,3.7390854358673096,0.0,1,1
9626,3.8848791122436523,0.0,1,1
9627,4.451394081115723,0.0,0,0
9628,4.763308525085449,0.0,1,1
9629,4.393643379211426,0.0,1,1
9630,4.50254487991333,0.0,0,0
9631,4.344029426574707,0.0,0,0
9632,4.537119388580322,0.0,0,0
9633,3.522264003753662,0.0,1,1
9634,3.122774600982666,0.0,0,0
9635,3.348661184310913,0.0,1,1
9636,2.938565731048584,0.0,0,0
9637,3.2132391929626465,0.0,1,1
9638,3.5456912517547607,0.0,1,1
9639,3.2837469577789307,0.0,0,0
9640,2.8908562660217285,0.0,0,0
9641,3.6296074390411377,0.0,0,0
9642,3.0068416595458984,0.0,0,0
9643,3.6435956954956055,0.0,1,1
9644,3.6035618782043457,0.0,0,0
9645,3.6856369972229004,0.0,0,0
9646,3.8407437801361084,0.0,1,1
9647,4.160384178161621,0.0,0,0
9648,3.6421194076538086,0.0,1,1
9649,3.6496317386627197,0.0,0,0
9650,3.126396894454956,0.0,1,1
9651,3.5625369548797607,0.0,0,0
9652,3.9548895359039307,0.0,1,1
9653,3.7663114070892334,0.0,1,1
9654,3.6406822204589844,0.0,0,0
9655,3.3577420711517334,0.0,1,1
9656,3.7707197666168213,0.0,0,0
9657,3.27347469329834,0.0,0,0
9658,3.65730881690979,0.0,0,0
9659,3.5176451206207275,0.0,1,1
9660,3.632974147796631,0.0,0,0
9661,3.7045626640319824,0.0,1,1
9662,3.9920976161956787,0.0,1,1
9663,3.5884830951690674,0.0,0,0
9664,4.302165508270264,0.0,1,1
9665,3.763660430908203,0.0,0,0
9666,3.893857717514038,0.0,0,0
9667,3.9522457122802734,0.0,0,0
9668,4.143834114074707,0.0,0,0
9669,3.625822067260742,0.0,0,0
9670,4.018948078155518,0.0,0,0
9671,3.904165506362915,0.0,1,1
9672,3.9620540142059326,0.0,0,0
9673,4.197901725769043,0.0,0,0
9674,4.185749053955078,0.0,1,1
9675,3.7726128101348877,0.0,1,1
9676,4.252285957336426,0.0,1,1
9677,3.8282530307769775,0.0,1,1
9678,4.32245397567749,0.0,0,0
9679,4.213719844818115,0.0,0,0
9680,3.9908032417297363,0.0,1,1
9681,3.6195552349090576,0.0,1,1
9682,3.419884443283081,0.0,0,0
9683,4.137748718261719,0.0,1,1
9684,4.412144660949707,0.0,0,0
9685,4.120095729827881,0.0,0,0
9686,3.7484209537506104,0.0,0,0
9687,3.9432952404022217,0.0,0,0
9688,4.41892671585083,0.0,1,1
9689,3.7613303661346436,0.0,0,0
9690,3.7780814170837402,0.0,0,0
9691,4.413563251495361,0.0,1,1
9692,4.038171291351318,0.0,0,0
9693,4.302794456481934,0.0,0,0
9694,3.66725492477417,0.0,1,1
9695,4.442659378051758,0.0,1,1
9696,4.222469806671143,0.0,0,0
9697,3.961534261703491,0.0,0,0
9698,4.009144306182861,0.0,1,1
9699,4.169650077819824,0.0,1,1
9700,3.9769415855407715,0.0,1,1
9701,4.469451427459717,0.0,0,0
9702,4.1377644538879395,0.0,0,0
9703,4.366758346557617,0.0,0,0
9704,4.316552639007568,0.0,0,0
9705,4.231607437133789,0.0,1,1
9706,4.199204921722412,0.0,1,1
9707,3.829007625579834,0.0,1,1
9708,4.103438854217529,0.0,1,1
9709,5.057950973510742,0.0,0,0
9710,4.2439446449279785,0.0,0,0
9711,4.013852596282959,0.0,0,0
9712,3.6873974800109863,0.0,1,1
9713,3.596550703048706,0.0,0,0
9714,3.500169038772583,0.0,0,0
9715,4.356247901916504,0.0,0,0
9716,4.199552059173584,0.0,0,0
9717,4.103575229644775,0.0,0,0
9718,4.614591121673584,0.0,0,0
9719,4.9285407066345215,0.0,0,0
9720,4.1628618240356445,0.0,0,0
9721,4.408002853393555,0.0,1,1
9722,3.8191635608673096,0.0,0,0
9723,3.7917163372039795,0.0,0,0
9724,4.1881208419799805,0.0,0,0
9725,4.023078918457031,0.0,0,0
9726,3.646735906600952,0.0,0,0
9727,3.981085777282715,0.0,0,0
9728,3.747800350189209,0.0,1,1
9729,2.6522700786590576,0.0,1,1
9730,3.3211586475372314,0.0,0,0
9731,1.9155354499816895,0.0,1,1
9732,2.0298237800598145,0.0,1,1
9733,2.0005767345428467,0.0,1,1
9734,2.6652650833129883,0.0,0,0
9735,2.8144519329071045,0.0,0,0
9736,2.834237575531006,0.0,1,1
9737,2.7358500957489014,0.0,1,1
9738,2.443634510040283,0.0,1,1
9739,2.9428157806396484,0.0,0,0
9740,2.5455644130706787,0.0,0,0
9741,2.6198246479034424,0.0,0,0
9742,2.9650604724884033,0.0,0,0
9743,2.6577401161193848,0.0,1,1
9744,2.5576159954071045,0.0,1,1
9745,2.5329501628875732,0.0,1,1
9746,2.6744508743286133,0.0,1,1
9747,2.4658679962158203,0.0,0,0
9748,2.9740521907806396,0.0,1,1
9749,2.464158535003662,0.0,1,1
9750,3.0309576988220215,0.0,1,1
9751,2.0426928997039795,0.0,1,1
9752,3.029580593109131,0.0,0,0
9753,2.940328598022461,0.0,1,1
9754,3.502873659133911,0.0,1,1
9755,3.3265419006347656,0.0,1,1
9756,2.855231761932373,0.0,1,1
9757,3.281611442565918,0.0,0,0
9758,2.7787275314331055,0.0,1,1
9759,3.6200876235961914,0.0,0,0
9760,3.390249490737915,0.0,1,1
9761,3.7602314949035645,0.0,0,0
9762,3.767082691192627,0.0,0,0
9763,2.9536335468292236,0.0,1,1
9764,3.2598304748535156,0.0,1,1
9765,3.355994939804077,0.0,0,0
9766,3.835967779159546,0.0,1,1
9767,3.923508405685425,0.0,0,0
9768,3.6153011322021484,0.0,0,0
9769,3.5420608520507812,0.0,0,0
9770,3.3390438556671143,0.0,0,0
9771,3.2842776775360107,0.0,1,1
9772,3.5767886638641357,0.0,1,1
9773,4.2745442390441895,0.0,0,0
9774,3.803377389907837,0.0,0,0
9775,3.6265718936920166,0.0,0,0
9776,3.352257490158081,0.0,1,1
9777,3.5587854385375977,0.0,1,1
9778,3.373344659805298,0.0,1,1
9779,4.284524440765381,0.0,0,0
9780,4.22411584854126,0.0,0,0
9781,3.7189626693725586,0.0,0,0
9782,3.377258777618408,0.0,1,1
9783,3.974126100540161,0.0,0,0
9784,4.102092742919922,0.0,0,0
9785,3.7571866512298584,0.0,0,0
9786,2.5765297412872314,0.0,1,1
9787,4.0781474113464355,0.0,0,0
9788,4.214773654937744,0.0,0,0
9789,4.544145107269287,0.0,1,1
9790,3.6271467208862305,0.0,0,0
9791,4.232612133026123,0.0,0,0
9792,4.125898361206055,0.0,1,1
9793,3.928685426712036,0.0,1,1
9794,4.007753849029541,0.0,1,1
9795,4.3577117919921875,0.0,0,0
9796,3.8880839347839355,0.0,0,0
9797,3.2318906784057617,0.0,1,1
9798,3.9195003509521484,0.0,1,1
9799,2.6344876289367676,0.0,0,0
9800,4.082397937774658,0.0,0,0
9801,3.844027042388916,0.0,0,0
9802,2.261322259902954,0.0,0,0
9803,4.080609321594238,0.0,0,0
9804,3.7116787433624268,0.0,1,1
9805,3.642732858657837,0.0,1,1
9806,3.9399359226226807,0.0,0,0
9807,3.4919044971466064,0.0,1,1
9808,4.143737316131592,0.0,1,1
9809,3.2528584003448486,0.0,1,1
9810,3.9518182277679443,0.0,1,1
9811,3.795745372772217,0.0,0,0
9812,3.9703502655029297,0.0,0,0
9813,4.137839317321777,0.0,1,1
9814,4.347871780395508,0.0,0,0
9815,3.7117457389831543,0.0,0,0
9816,4.194965839385986,0.0,0,0
9817,3.9983012676239014,0.0,1,1
9818,3.38901686668396,0.0,0,0
9819,3.4107532501220703,0.0,1,1
9820,3.9562714099884033,0.0,0,0
9821,3.7580316066741943,0.0,0,0
9822,3.824268341064453,0.0,1,1
9823,3.440898895263672,0.0,0,0
9824,3.862299680709839,0.0,1,1
9825,3.629239797592163,0.0,1,1
9826,4.125009059906006,0.0,0,0
9827,4.219326972961426,0.0,0,0
9828,3.230217933654785,0.0,1,1
9829,3.8119895458221436,0.0,1,1
9830,4.510691165924072,0.0,0,0
9831,4.850776195526123,0.0,0,0
9832,4.245051860809326,0.0,1,1
9833,2.8302619457244873,0.0,0,0
9834,3.7069716453552246,0.0,0,0
9835,4.501408100128174,0.0,0,0
9836,3.4777214527130127,0.0,0,0
9837,4.144153118133545,0.0,0,0
9838,3.9533159732818604,0.0,0,0
9839,3.939653158187866,0.0,0,0
9840,4.092167854309082,0.0,1,1
9841,3.6837732791900635,0.0,0,0
9842,4.718744277954102,0.0,1,1
9843,4.179462909698486,0.0,0,0
9844,4.351456642150879,0.0,1,1
9845,4.265974521636963,0.0,0,0
9846,4.031756401062012,0.0,0,0
9847,4.195319652557373,0.0,0,0
9848,3.6377527713775635,0.0,1,1
9849,3.7774205207824707,0.0,0,0
9850,3.7898733615875244,0.0,1,1
9851,3.5668370723724365,0.0,0,0
9852,3.9557945728302,0.0,1,1
9853,3.8559486865997314,0.0,0,0
9854,3.2578444480895996,0.0,0,0
9855,3.7849295139312744,0.0,1,1
9856,3.521570920944214,0.0,0,0
9857,4.0686516761779785,0.0,0,0
9858,4.031906604766846,0.0,0,0
9859,3.8782989978790283,0.0,1,1
9860,4.0123114585876465,0.0,1,1
9861,3.345289707183838,0.0,0,0
9862,3.39096999168396,0.0,0,0
9863,4.154581069946289,0.0,1,1
9864,3.7922208309173584,0.0,0,0
9865,3.1764280796051025,0.0,0,0
9866,3.9115312099456787,0.0,1,1
9867,4.70472526550293,0.0,0,0
9868,4.166252613067627,0.0,0,0
9869,4.535600662231445,0.0,0,0
9870,3.7461836338043213,0.0,1,1
9871,3.8690741062164307,0.0,1,1
9872,3.600724458694458,0.0,1,1
9873,3.8411011695861816,0.0,1,1
9874,4.312352180480957,0.0,0,0
9875,4.1044158935546875,0.0,0,0
9876,3.3399710655212402,0.0,1,1
9877,2.755805730819702,0.0,0,0
9878,3.968226432800293,0.0,0,0
9879,2.7065389156341553,0.0,0,0
9880,3.485239028930664,0.0,0,0
9881,3.925287961959839,0.0,0,0
9882,3.4745712280273438,0.0,1,1
9883,3.6694226264953613,0.0,1,1
9884,3.7115769386291504,0.0,0,0
9885,3.847172975540161,0.0,0,0
9886,2.982538938522339,0.0,0,0
9887,3.975318193435669,0.0,0,0
9888,3.791707754135132,0.0,0,0
9889,3.945369005203247,0.0,0,0
9890,3.9951372146606445,0.0,1,1
9891,3.8872854709625244,0.0,0,0
9892,4.517456531524658,0.0,1,1
9893,3.5990800857543945,0.0,0,0
9894,3.5893259048461914,0.0,1,1
9895,3.9138715267181396,0.0,0,0
9896,3.835871934890747,0.0,1,1
9897,3.8488197326660156,0.0,0,0
9898,3.936424970626831,0.0,0,0
9899,3.6371562480926514,0.0,0,0
9900,3.834702491760254,0.0,1,1
9901,4.188951015472412,0.0,1,1
9902,3.7194466590881348,0.0,1,1
9903,3.1512179374694824,0.0,1,1
9904,3.8119754791259766,0.0,0,0
9905,3.924675941467285,0.0,1,1
9906,3.6216297149658203,0.0,0,0
9907,4.106266498565674,0.0,0,0
9908,3.528165817260742,0.0,0,0
9909,3.897003650665283,0.0,1,1
9910,3.4522695541381836,0.0,0,0
9911,3.8482773303985596,0.0,1,1
9912,3.0683341026306152,0.0,1,1
9913,3.93233585357666,0.0,0,0
9914,3.540283679962158,0.0,1,1
9915,4.156879425048828,0.0,0,0
9916,3.5307557582855225,0.0,0,0
9917,4.306543350219727,0.0,0,0
9918,3.7208776473999023,0.0,1,1
9919,3.8619720935821533,0.0,1,1
9920,3.744520425796509,0.0,0,0
9921,3.8856968879699707,0.0,0,0
9922,4.322044849395752,0.0,0,0
9923,4.247895240783691,0.0,0,0
9924,4.2046799659729,0.0,0,0
9925,3.784106492996216,0.0,0,0
9926,4.088133335113525,0.0,0,0
9927,4.428324222564697,0.0,0,0
9928,4.23145866394043,0.0,1,1
9929,3.682785749435425,0.0,1,1
9930,4.178599834442139,0.0,1,1
9931,4.154922962188721,0.0,1,1
9932,4.284614562988281,0.0,1,1
9933,3.967789888381958,0.0,1,1
9934,4.316888332366943,0.0,1,1
9935,3.727017641067505,0.0,1,1
9936,3.157860040664673,0.0,1,1
9937,4.1819167137146,0.0,0,0
9938,3.946092367172241,0.0,0,0
9939,4.62398099899292,0.0,0,0
9940,4.119856834411621,0.0,1,1
9941,3.9493749141693115,0.0,1,1
9942,4.370303630828857,0.0,0,0
9943,4.017618656158447,0.0,1,1
9944,4.70494270324707,0.0,1,1
9945,4.412900924682617,0.0,0,0
9946,4.085075378417969,0.0,0,0
9947,4.850074291229248,0.0,0,0
9948,4.204575538635254,0.0,0,0
9949,4.420986175537109,0.0,1,1
9950,4.062662601470947,0.0,1,1
9951,3.6624820232391357,0.0,0,0
9952,3.954850912094116,0.0,1,1
9953,4.165006637573242,0.0,0,0
9954,4.274109363555908,0.0,0,0
9955,4.296799182891846,0.0,1,1
9956,4.484954833984375,0.0,1,1
9957,4.255943775177002,0.0,1,1
9958,3.812980890274048,0.0,0,0
9959,4.268090724945068,0.0,1,1
9960,3.8814737796783447,0.0,0,0
9961,3.938922882080078,0.0,0,0
9962,4.341712474822998,0.0,1,1
9963,3.2212369441986084,0.0,1,1
9964,3.7201898097991943,0.0,0,0
9965,3.1422646045684814,0.0,0,0
9966,2.4853363037109375,0.0,0,0
9967,4.061902046203613,0.0,1,1
9968,3.0822811126708984,0.0,1,1
9969,4.121518135070801,0.0,1,1
9970,3.7559988498687744,0.0,0,0
9971,4.054178237915039,0.0,0,0
9972,4.051017761230469,0.0,0,0
9973,4.055028438568115,0.0,1,1
9974,4.605216979980469,0.0,1,1
9975,4.355951309204102,0.0,1,1
9976,3.7824034690856934,0.0,0,0
9977,3.7350456714630127,0.0,1,1
9978,4.228518962860107,0.0,1,1
9979,3.8550212383270264,0.0,1,1
9980,4.56178092956543,0.0,1,1
9981,4.443437576293945,0.0,1,1
9982,3.3065292835235596,0.0,0,0
9983,4.365429878234863,0.0,1,1
9984,3.509282112121582,0.0,1,1
9985,4.170308589935303,0.0,0,0
9986,4.2721076011657715,0.0,1,1
9987,3.451277017593384,0.0,1,1
9988,4.124295711517334,0.0,1,1
9989,4.083956241607666,0.0,1,1
9990,3.9888744354248047,0.0,0,0
9991,4.099443435668945,0.0,0,0
9992,3.9533438682556152,0.0,0,0
9993,4.059254169464111,0.0,1,1
9994,4.333521366119385,0.0,0,0
9995,4.319145202636719,0.0,1,1
9996,4.89718770980835,0.0,1,1
9997,3.826423406600952,0.0,1,1
9998,3.623626470565796,0.0,0,0
9999,3.5855116844177246,0.0,0,0
10000,3.3856568336486816,0.0,0,0
