t,ce,conservation,gate_open,updated
1,3.5172712802886963,0.12359321117401123,1,1
2,3.4543545246124268,0.3721221089363098,1,1
3,3.477905750274658,0.45183491706848145,1,1
4,3.902743101119995,0.0030471384525299072,1,1
5,4.271913051605225,0.00793248787522316,1,1
6,4.1195197105407715,0.02200414054095745,1,1
7,4.193431377410889,0.029114797711372375,1,1
8,3.024920701980591,0.0036624670028686523,1,1
9,3.3290252685546875,0.07171248644590378,1,1
10,3.5972139835357666,0.036389969289302826,1,1
11,3.6906557083129883,0.15056537091732025,1,1
12,3.1191463470458984,0.0486903116106987,1,1
13,3.182433843612671,0.2185196429491043,1,1
14,3.9506053924560547,0.07106786221265793,1,1
15,3.658535957336426,0.0002278104511788115,1,1
16,3.504336357116699,0.14116786420345306,1,1
17,3.9395930767059326,0.1779107302427292,1,1
18,3.878875255584717,0.26446932554244995,1,1
19,3.117027997970581,0.07194527238607407,1,1
20,3.082463502883911,0.0032606429886072874,1,1
21,4.010087966918945,0.01824088767170906,1,1
22,3.682751417160034,0.0028141781222075224,1,1
23,3.390929937362671,0.10736977308988571,1,1
24,3.7740745544433594,0.5891079306602478,1,1
25,3.4110195636749268,0.19918988645076752,1,1
26,3.795758008956909,0.0009258658974431455,1,1
27,4.457847595214844,0.0023704045452177525,1,1
28,3.548370122909546,0.019446248188614845,1,1
29,3.9247496128082275,0.10755958408117294,1,1
30,4.102928638458252,0.02307915687561035,1,1
31,3.9082252979278564,0.0061179534532129765,1,1
32,3.483436107635498,0.049202725291252136,1,1
33,3.434154510498047,0.00011557676043594256,1,1
34,3.278433322906494,0.0759814903140068,1,1
35,3.251338243484497,0.02292693592607975,1,1
36,3.6888785362243652,0.24957790970802307,1,1
37,3.787383794784546,0.00494399992749095,1,1
38,3.553412675857544,0.027293354272842407,1,1
39,3.9464073181152344,0.22983220219612122,1,1
40,4.102281093597412,0.06679650396108627,1,1
41,4.082120418548584,0.3827224671840668,1,1
42,3.789778709411621,0.035781338810920715,1,1
43,3.8437860012054443,0.2919480502605438,1,1
44,4.130762100219727,0.016792787238955498,1,1
45,3.507530927658081,0.6597723960876465,1,1
46,3.7652719020843506,0.6393329501152039,1,1
47,3.18976092338562,0.5438512563705444,1,1
48,3.11891770362854,0.13420000672340393,1,1
49,3.6274213790893555,0.17447565495967865,1,1
50,3.9319827556610107,0.17614850401878357,1,1
51,2.6566102504730225,9.918808791553602e-05,1,1
52,3.132324695587158,0.05482180789113045,1,1
53,3.4433822631835938,0.012357473373413086,1,1
54,3.396620988845825,0.0023460350930690765,1,1
55,3.642672061920166,0.08806809782981873,1,1
56,3.48256254196167,0.019808584824204445,1,1
57,3.4278719425201416,0.1364436149597168,1,1
58,3.641660213470459,0.015526986680924892,1,1
59,2.9841175079345703,0.00995921716094017,1,1
60,2.6604747772216797,0.012254700064659119,1,1
61,3.0739994049072266,0.2072903960943222,1,1
62,2.841654062271118,0.09593451768159866,1,1
63,2.741093158721924,0.07923977822065353,1,1
64,3.1033706665039062,0.009261145256459713,1,1
65,2.9020466804504395,0.1030006930232048,1,1
66,3.2898099422454834,0.06840231269598007,1,1
67,3.183668851852417,0.15190893411636353,1,1
68,3.388760566711426,2.083638719341252e-05,1,1
69,3.1759634017944336,0.0015495569678023458,1,1
70,3.012773036956787,0.0009447545744478703,1,1
71,2.4334747791290283,0.06631847470998764,1,1
72,2.948256015777588,0.3714865744113922,1,1
73,3.10225772857666,0.1486169993877411,1,1
74,3.25929594039917,0.5778295397758484,1,1
75,3.571733236312866,0.05076475813984871,1,1
76,2.865889310836792,0.00691371550783515,1,1
77,3.537569284439087,0.4580446183681488,1,1
78,3.8519444465637207,0.046943072229623795,1,1
79,3.7691314220428467,0.010490023531019688,1,1
80,3.718135356903076,0.0037022889591753483,1,1
81,3.4633266925811768,0.0380355566740036,1,1
82,3.8607518672943115,0.27501437067985535,1,1
83,3.7650046348571777,0.030420100316405296,1,1
84,3.331757068634033,0.04159320890903473,1,1
85,3.241286277770996,0.18157660961151123,1,1
86,3.410996675491333,0.09832858294248581,1,1
87,3.456148147583008,0.34113532304763794,1,1
88,3.3019375801086426,0.022534098476171494,1,1
89,2.4284870624542236,0.0009644333622418344,1,1
90,2.9080724716186523,0.0019272230565547943,1,1
91,3.035095453262329,9.765625145519152e-05,1,1
92,3.2917399406433105,0.0530957356095314,1,1
93,3.4517037868499756,0.17942000925540924,1,1
94,3.6287102699279785,0.07967501878738403,1,1
95,3.4422805309295654,0.00012770677858497947,1,1
96,2.844369888305664,0.21679075062274933,1,1
97,2.618628978729248,0.006538596004247665,1,1
98,3.600576400756836,0.06321433931589127,1,1
99,3.6854515075683594,0.07331850379705429,1,1
100,3.8121445178985596,0.0012346432777121663,1,1
101,3.3829994201660156,0.000990379718132317,1,1
102,3.7244856357574463,0.02428196556866169,1,1
103,2.8326427936553955,0.010788642801344395,1,1
104,3.6063973903656006,0.15659351646900177,1,1
105,3.054603338241577,0.11886242777109146,1,1
106,3.0464577674865723,0.06723619997501373,1,1
107,3.3728561401367188,0.02346487157046795,1,1
108,3.9374074935913086,0.036030035465955734,1,1
109,3.109764337539673,0.018505120649933815,1,1
110,3.826343536376953,0.16157414019107819,1,1
111,3.4199154376983643,0.01884007267653942,1,1
112,3.611445426940918,0.00887155532836914,1,1
113,4.095264911651611,0.721544086933136,1,1
114,3.263374090194702,0.058105260133743286,1,1
115,3.620802640914917,0.1802303045988083,1,1
116,4.044920444488525,0.08951742202043533,1,1
117,2.7093920707702637,0.0012798093957826495,1,1
118,2.8924193382263184,0.2765144407749176,1,1
119,2.8867340087890625,0.05328269675374031,1,1
120,2.9933505058288574,0.055179398506879807,1,1
121,3.116837739944458,0.39566609263420105,1,1
122,2.723956823348999,0.010986004024744034,1,1
123,3.0003204345703125,0.00023220117145683616,1,1
124,2.945688009262085,0.21431751549243927,1,1
125,2.980011224746704,0.27126196026802063,1,1
126,3.411003828048706,0.02302640862762928,1,1
127,3.2672247886657715,0.09163177758455276,1,1
128,2.8896992206573486,0.05432582646608353,1,1
129,2.3188822269439697,0.004834684077650309,1,1
130,2.7327446937561035,0.16212545335292816,1,1
131,3.4214859008789062,0.0674164891242981,1,1
132,2.955606460571289,0.23691831529140472,1,1
133,3.268488645553589,0.10817448049783707,1,1
134,3.7557952404022217,0.0426468662917614,1,1
135,3.425161600112915,0.10051335394382477,1,1
136,3.7454404830932617,0.03375890851020813,1,1
137,3.6700329780578613,0.006363424938172102,1,1
138,3.8848559856414795,0.03414299711585045,1,1
139,3.6317498683929443,0.017134668305516243,1,1
140,3.4195168018341064,0.015447720885276794,1,1
141,3.9284873008728027,0.009672388434410095,1,1
142,3.634106397628784,0.012086487375199795,1,1
143,3.987504243850708,0.22741428017616272,1,1
144,3.572038412094116,0.4886760413646698,1,1
145,3.8729114532470703,0.1842014193534851,1,1
146,3.713669538497925,0.35025909543037415,1,1
147,3.5032706260681152,0.007908440195024014,1,1
148,3.638089895248413,0.14983230829238892,1,1
149,3.672546625137329,0.17981265485286713,1,1
150,3.6002914905548096,0.16780084371566772,1,1
151,3.747797966003418,2.6856456315726973e-05,1,1
152,3.817460298538208,0.008220414631068707,1,1
153,3.542052984237671,0.15236817300319672,1,1
154,3.5106568336486816,0.0018809024477377534,1,1
155,4.0558180809021,0.060454804450273514,1,1
156,3.885937452316284,0.023500364273786545,1,1
157,3.536956548690796,0.008986455388367176,1,1
158,3.531236171722412,0.12607544660568237,1,1
159,3.6749773025512695,0.0141060221940279,1,1
160,3.398488759994507,0.0634523555636406,1,1
161,3.4867329597473145,0.14058108627796173,1,1
162,3.3777666091918945,0.13976453244686127,1,1
163,3.493011951446533,0.00844948273152113,1,1
164,3.677647352218628,0.15143537521362305,1,1
165,3.430356979370117,0.03867816552519798,1,1
166,3.5646719932556152,0.24274073541164398,1,1
167,3.27036714553833,0.021086281165480614,1,1
168,3.614413261413574,0.07067222148180008,1,1
169,3.663562774658203,0.26492610573768616,1,1
170,4.050858974456787,0.39820757508277893,1,1
171,3.5736331939697266,0.013406574726104736,1,1
172,3.83758544921875,0.08360124379396439,1,1
173,3.6776182651519775,0.14506690204143524,1,1
174,3.705791711807251,0.23805642127990723,1,1
175,3.364384889602661,0.0018517188727855682,1,1
176,3.467242479324341,0.0031665489077568054,1,1
177,3.5754294395446777,0.07886532694101334,1,1
178,3.2954506874084473,0.0033628270030021667,1,1
179,3.569573402404785,0.13212229311466217,1,1
180,3.7312073707580566,0.453757107257843,1,1
181,3.5672528743743896,0.003152445424348116,1,1
182,3.294900894165039,0.6433207988739014,1,1
183,3.964118719100952,0.10777491331100464,1,1
184,4.096220970153809,0.03701857849955559,1,1
185,4.553739070892334,0.2032243013381958,1,1
186,4.297501087188721,0.14875096082687378,1,1
187,3.6765966415405273,0.1830270141363144,1,1
188,3.321333646774292,0.02513139881193638,1,1
189,3.54095721244812,1.1162099838256836,1,1
190,3.2457828521728516,0.22972117364406586,1,1
191,3.4860429763793945,5.9158450312679633e-05,1,1
192,3.2937474250793457,0.005637146532535553,1,1
193,3.4637928009033203,0.08131781965494156,1,1
194,3.357313871383667,0.1553053855895996,1,1
195,3.526376724243164,0.31089240312576294,1,1
196,3.649393081665039,0.16661697626113892,1,1
197,3.5549182891845703,0.01828262023627758,1,1
198,3.548865556716919,0.011164750903844833,1,1
199,3.6263697147369385,0.35258176922798157,1,1
200,3.5438711643218994,0.017248548567295074,1,1
201,3.927757978439331,0.003376271575689316,1,1
202,3.6285455226898193,0.1542195975780487,1,1
203,3.7640395164489746,0.12454500049352646,1,1
204,3.3864879608154297,0.16305159032344818,1,1
205,3.39060378074646,0.2760477662086487,1,1
206,3.757164478302002,0.12503592669963837,1,1
207,3.4148857593536377,0.08487848192453384,1,1
208,3.097968578338623,0.0012612342834472656,1,1
209,3.2000341415405273,0.046230703592300415,1,1
210,3.0327677726745605,0.021047061309218407,1,1
211,3.389049530029297,0.20452283322811127,1,1
212,3.1662192344665527,0.0003544987121131271,1,1
213,3.665503978729248,0.0055577256716787815,1,1
214,3.556223154067993,0.059260111302137375,1,1
215,3.489514112472534,0.0022097155451774597,1,1
216,3.674647092819214,0.05611732602119446,1,1
217,3.938406467437744,0.058282192796468735,1,1
218,2.994964361190796,0.017746390774846077,1,1
219,2.957841396331787,0.20971404016017914,1,1
220,2.0991506576538086,0.08681248873472214,1,1
221,2.0648393630981445,0.17344523966312408,1,1
222,3.0744545459747314,2.2819731384515762e-05,1,1
223,2.942995309829712,0.003758874488994479,1,1
224,2.9490699768066406,0.0005677306326106191,1,1
225,2.9428927898406982,0.0004197591042611748,1,1
226,2.795595645904541,0.18986062705516815,1,1
227,3.738704204559326,0.1230374351143837,1,1
228,3.3132879734039307,0.0085277259349823,1,1
229,3.8956186771392822,0.0014759936602786183,1,1
230,3.9177353382110596,0.002381694270297885,1,1
231,3.07399582862854,0.3654411733150482,1,1
232,3.7388217449188232,0.01886127144098282,1,1
233,3.873575448989868,0.00018726327107287943,1,1
234,3.731426954269409,0.027879998087882996,1,1
235,3.543160915374756,0.0025718496181070805,1,1
236,3.3138484954833984,0.058557432144880295,1,1
237,3.4966609477996826,0.014094561338424683,1,1
238,3.720433473587036,0.018468379974365234,1,1
239,3.5816800594329834,0.006057715509086847,1,1
240,3.7154173851013184,0.012551330029964447,1,1
241,3.4510605335235596,4.9766247684601694e-05,1,1
242,3.8228814601898193,0.02799936942756176,1,1
243,3.843439817428589,0.02649572491645813,1,1
244,3.626659870147705,0.0027480185963213444,1,1
245,3.5365066528320312,0.0968753844499588,1,1
246,3.6666526794433594,0.0697057843208313,1,1
247,3.4623091220855713,0.0011770077981054783,1,1
248,3.473328113555908,0.004322917200624943,1,1
249,3.9321508407592773,0.14327143132686615,1,1
250,3.3673768043518066,0.16183026134967804,1,1
251,3.570221185684204,0.004954862874001265,1,1
252,3.541659116744995,0.028096342459321022,1,1
253,3.63552188873291,0.002941526472568512,1,1
254,3.6589832305908203,0.05784037336707115,1,1
255,3.2304022312164307,0.03232058510184288,1,1
256,3.525207042694092,0.0045778341591358185,1,1
257,4.1648149490356445,0.12081342935562134,1,1
258,4.2556328773498535,0.1641836166381836,1,1
259,4.213625431060791,0.01146035734564066,1,1
260,3.624737501144409,0.0019887126982212067,1,1
261,3.5675296783447266,0.008115752600133419,1,1
262,3.519649028778076,0.015354305505752563,1,1
263,3.88820743560791,0.06336972117424011,1,1
264,3.846587657928467,0.05837075784802437,1,1
265,3.6767418384552,0.05576125904917717,1,1
266,4.030784606933594,0.11492954939603806,1,1
267,3.3582522869110107,0.21148550510406494,1,1
268,3.7100133895874023,0.11839707940816879,1,1
269,3.6495862007141113,0.3406282365322113,1,1
270,3.1855967044830322,0.005491733551025391,1,1
271,3.4159762859344482,0.08293291181325912,1,1
272,3.4592702388763428,0.06489470601081848,1,1
273,3.4842076301574707,0.23045256733894348,1,1
274,3.4377224445343018,0.05346105247735977,1,1
275,3.2125418186187744,0.015955597162246704,1,1
276,3.6971969604492188,0.09146825969219208,1,1
277,3.3912160396575928,0.0798821821808815,1,1
278,3.740799903869629,0.16035838425159454,1,1
279,3.4939634799957275,0.0562133863568306,1,1
280,3.4952821731567383,0.2138442099094391,1,1
281,3.1778464317321777,0.019681116566061974,1,1
282,3.127471685409546,0.020723501220345497,1,1
283,3.4537746906280518,0.004010260570794344,1,1
284,3.912540912628174,0.03023858740925789,1,1
285,3.196054458618164,0.1629580706357956,1,1
286,3.787898540496826,0.014493766240775585,1,1
287,3.3606321811676025,0.019397830590605736,1,1
288,3.1473889350891113,0.0008601249428465962,1,1
289,3.163999080657959,0.0009812895441427827,1,1
290,3.8520424365997314,0.00040486687794327736,1,1
291,3.404263734817505,0.6816166043281555,1,1
292,3.3673038482666016,0.19661401212215424,1,1
293,3.59889817237854,0.015575124882161617,1,1
294,3.75390362739563,0.00010053822916233912,1,1
295,3.469770908355713,0.16047434508800507,1,1
296,3.3840115070343018,0.00964204128831625,1,1
297,3.3106613159179688,0.029897212982177734,1,1
298,3.458051919937134,0.19290876388549805,1,1
299,3.579671621322632,0.26468774676322937,1,1
300,3.205580472946167,0.41387563943862915,1,1
301,3.415285348892212,0.27242931723594666,1,1
302,3.6714580059051514,0.05877247452735901,1,1
303,3.9180195331573486,0.005310177803039551,1,1
304,3.6917569637298584,0.034845586866140366,1,1
305,2.9042158126831055,0.00046230704174377024,1,1
306,3.1134166717529297,0.007741124369204044,1,1
307,3.6004908084869385,0.5729250311851501,1,1
308,3.1574788093566895,0.1312747448682785,1,1
309,3.9778892993927,0.1898438036441803,1,1
310,4.079719066619873,0.3576425015926361,1,1
311,4.058511257171631,0.4260958731174469,1,1
312,3.803860902786255,0.3655112087726593,1,1
313,3.6360201835632324,0.017218144610524178,1,1
314,4.058460712432861,0.0033717870246618986,1,1
315,4.017151355743408,0.2876671850681305,1,1
316,3.371129035949707,0.05353248119354248,1,1
317,3.841059684753418,0.25061070919036865,1,1
318,3.65913987159729,0.14823774993419647,1,1
319,3.417660713195801,0.1657986342906952,1,1
320,3.3131275177001953,0.11766767501831055,1,1
321,4.190952777862549,0.19034028053283691,1,1
322,2.9237334728240967,0.0007359051378443837,1,1
323,2.7349183559417725,0.06809976696968079,1,1
324,3.2274885177612305,0.17849735915660858,1,1
325,3.2783076763153076,0.010680656880140305,1,1
326,3.4227161407470703,0.07149557024240494,1,1
327,3.5817694664001465,0.10188871622085571,1,1
328,3.102255344390869,0.04872439056634903,1,1
329,3.105442523956299,0.0004221350827720016,1,1
330,2.1380834579467773,0.3954111933708191,1,1
331,2.6619911193847656,0.30395787954330444,1,1
332,3.172934055328369,0.4445730149745941,1,1
333,3.6689867973327637,0.0856788381934166,1,1
334,3.1119492053985596,0.07311481982469559,1,1
335,2.8291096687316895,0.004601370543241501,1,1
336,2.937378168106079,0.0012359999818727374,1,1
337,3.3918819427490234,0.03722310811281204,1,1
338,3.356642484664917,0.22651314735412598,1,1
339,3.715327262878418,0.001089949277229607,1,1
340,3.584388256072998,0.017684735357761383,1,1
341,3.563113212585449,0.0023329653777182102,1,1
342,3.716184616088867,0.41688594222068787,1,1
343,2.809724807739258,0.07435167580842972,1,1
344,3.197648763656616,0.10282732546329498,1,1
345,3.1083524227142334,0.10553725063800812,1,1
346,2.9313201904296875,0.7565354108810425,1,1
347,2.954296112060547,0.14185036718845367,1,1
348,3.5152482986450195,0.05059964209794998,1,1
349,2.7082149982452393,0.027235988527536392,1,1
350,2.824185371398926,0.2083374559879303,1,1
351,3.202842950820923,0.08073544502258301,1,1
352,2.7414937019348145,0.014680254273116589,1,1
353,3.5330286026000977,0.023014694452285767,1,1
354,3.612626314163208,0.11010009050369263,1,1
355,3.646055221557617,0.3438122868537903,1,1
356,3.807965040206909,0.0025289617478847504,1,1
357,3.6952717304229736,0.0017631053924560547,1,1
358,3.197747230529785,6.0352031141519547e-05,1,1
359,3.409254789352417,0.015773270279169083,1,1
360,4.04787540435791,0.0946832150220871,1,1
361,4.009066104888916,0.06564916670322418,1,1
362,3.7969534397125244,0.07604534178972244,1,1
363,3.32348370552063,0.04472021013498306,1,1
364,4.1010847091674805,0.007076756097376347,1,1
365,3.4749414920806885,0.00015378231182694435,1,1
366,3.7690320014953613,0.15714392066001892,1,1
367,3.57774019241333,0.10868292301893234,1,1
368,4.189269065856934,0.03443606570363045,1,1
369,3.4912912845611572,0.0860634446144104,1,1
370,4.047970771789551,0.1404580920934677,1,1
371,3.988213300704956,0.05505252629518509,1,1
372,3.726496934890747,0.2934412658214569,1,1
373,3.6902573108673096,0.12570564448833466,1,1
374,3.3187215328216553,0.009799987077713013,1,1
375,3.8122165203094482,0.0006961409235373139,1,1
376,3.6793813705444336,0.3385586440563202,1,1
377,3.478456735610962,0.2117341309785843,1,1
378,3.5808005332946777,0.04808741807937622,1,1
379,3.9673078060150146,0.005993292201310396,1,1
380,3.905613660812378,0.127560093998909,1,1
381,3.4413251876831055,0.07232368737459183,1,1
382,3.556907892227173,0.009640145115554333,1,1
383,3.0772757530212402,0.0014804460806772113,1,1
384,3.154980182647705,0.14171956479549408,1,1
385,3.447169065475464,0.060811251401901245,1,1
386,3.724297523498535,0.0009891652734950185,1,1
387,3.4464123249053955,0.16553153097629547,1,1
388,3.6987199783325195,0.09326910227537155,1,1
389,3.6889724731445312,0.04364108666777611,1,1
390,3.4498560428619385,0.028766751289367676,1,1
391,3.319671392440796,0.048426613211631775,1,1
392,3.475726842880249,0.17811430990695953,1,1
393,3.3351080417633057,0.006526116281747818,1,1
394,3.501056671142578,1.8030405044555664e-05,1,1
395,3.638704299926758,7.661515701329336e-05,1,1
396,3.208983898162842,0.0018616989254951477,1,1
397,3.80086350440979,0.010168328881263733,1,1
398,3.5456202030181885,0.2075013667345047,1,1
399,3.911519765853882,0.0005333171575330198,1,1
400,3.359633684158325,0.016628116369247437,1,1
401,3.44763445854187,0.001445014146156609,1,1
402,3.7809135913848877,0.0198683924973011,1,1
403,3.3225624561309814,0.41169309616088867,1,1
404,3.542243242263794,0.04653414711356163,1,1
405,3.384136199951172,0.1138133779168129,1,1
406,3.225764513015747,0.36318114399909973,1,1
407,2.907212972640991,0.7391104102134705,1,1
408,3.4186851978302,1.3568189144134521,1,1
409,3.5569355487823486,0.5588416457176208,1,1
410,3.1140146255493164,0.14823032915592194,1,1
411,3.2912380695343018,0.13584540784358978,1,1
412,3.553507089614868,0.34560272097587585,1,1
413,3.244838237762451,0.0010785096092149615,1,1
414,3.327430009841919,0.0046763005666434765,1,1
415,3.280867576599121,0.10129813104867935,1,1
416,3.226921796798706,0.14966797828674316,1,1
417,3.191946029663086,0.23407094180583954,1,1
418,3.3829195499420166,0.13952651619911194,1,1
419,3.3200876712799072,0.2112547904253006,1,1
420,4.190146446228027,0.07534968852996826,1,1
421,3.5578954219818115,0.11070292443037033,1,1
422,3.590503692626953,0.09998168796300888,1,1
423,3.6275556087493896,0.5899971127510071,1,1
424,3.8957321643829346,0.2051430195569992,1,1
425,3.518961191177368,0.6610428690910339,1,1
426,3.4202566146850586,0.10574426501989365,1,1
427,3.608126401901245,0.0985526368021965,1,1
428,3.770362377166748,0.17615661025047302,1,1
429,3.5076522827148438,0.3645782768726349,1,1
430,3.721356153488159,0.005018923431634903,1,1
431,3.5818142890930176,0.022693732753396034,1,1
432,3.6148760318756104,0.09460008144378662,1,1
433,3.222151517868042,0.0019493162399157882,1,1
434,2.9991047382354736,0.0019153788452968001,1,1
435,3.053593397140503,0.007041080389171839,1,1
436,3.439894676208496,0.3302769362926483,1,1
437,3.5872395038604736,0.002869740128517151,1,1
438,2.5501887798309326,0.05915679410099983,1,1
439,2.400106906890869,0.008975480683147907,1,1
440,2.6979005336761475,0.27843600511550903,1,1
441,2.806025981903076,0.005920299328863621,1,1
442,2.5049021244049072,0.03120269812643528,1,1
443,2.8937346935272217,0.005577888339757919,1,1
444,2.658236265182495,0.24334971606731415,1,1
445,2.3401474952697754,0.10400664061307907,1,1
446,2.8964080810546875,0.22900941967964172,1,1
447,2.3521018028259277,0.009296469390392303,1,1
448,2.833967447280884,0.09333395212888718,1,1
449,2.840179920196533,0.02676660381257534,1,1
450,2.6019506454467773,0.3117539584636688,1,1
451,3.0107409954071045,0.45752230286598206,1,1
452,3.249408006668091,0.07460451126098633,1,1
453,2.9461820125579834,0.0003803932049777359,1,1
454,2.8933610916137695,0.23179803788661957,1,1
455,2.903578758239746,0.3373468518257141,1,1
456,2.6235952377319336,0.16854487359523773,1,1
457,2.7445883750915527,0.12176793813705444,1,1
458,2.5812771320343018,0.16868752241134644,1,1
459,3.0232088565826416,0.0991291031241417,1,1
460,2.9895541667938232,0.06753682345151901,1,1
461,2.7114083766937256,0.0050985440611839294,1,1
462,2.0750319957733154,0.017513183876872063,1,1
463,2.700967788696289,0.15740416944026947,1,1
464,2.997121572494507,0.11646578460931778,1,1
465,2.778385877609253,0.05663977190852165,1,1
466,3.419807195663452,0.32678109407424927,1,1
467,2.888336658477783,0.01610221527516842,1,1
468,3.3560702800750732,0.009170354343950748,1,1
469,3.3202736377716064,0.054853446781635284,1,1
470,3.137021541595459,0.14243251085281372,1,1
471,2.9586188793182373,0.5436235070228577,1,1
472,2.7504332065582275,0.691291332244873,1,1
473,2.381260395050049,0.5171571373939514,1,1
474,2.74219012260437,0.09667723625898361,1,1
475,3.3900229930877686,0.0602509081363678,1,1
476,3.268730401992798,0.00017378070333506912,1,1
477,3.0082108974456787,0.17600272595882416,1,1
478,3.279853582382202,0.025493746623396873,1,1
479,3.570981979370117,0.18694519996643066,1,1
480,3.1519970893859863,0.060716092586517334,1,1
481,2.8418970108032227,0.03324313461780548,1,1
482,3.3403480052948,0.055025357753038406,1,1
483,2.822671890258789,0.22174344956874847,1,1
484,3.4877734184265137,0.015674041584134102,1,1
485,3.606646776199341,0.0048939138650894165,1,1
486,3.7597975730895996,0.005993292201310396,1,1
487,3.477118730545044,0.14150165021419525,1,1
488,3.359447956085205,0.08420504629611969,1,1
489,3.1729071140289307,0.21217842400074005,1,1
490,3.278691291809082,0.01914062537252903,1,1
491,3.440979242324829,0.5542771220207214,1,1
492,3.3093395233154297,0.06645772606134415,1,1
493,3.69338059425354,0.012464985251426697,1,1
494,3.4153153896331787,0.03317279368638992,1,1
495,3.5059680938720703,0.18377092480659485,1,1
496,3.21347713470459,0.8061419725418091,1,1
497,3.688241720199585,0.024432579055428505,1,1
498,3.9504034519195557,0.004300104919821024,1,1
499,3.0994503498077393,0.00020926828437950462,1,1
500,3.247288703918457,0.0005970731726847589,1,1
501,3.5812289714813232,0.009148187935352325,1,1
502,3.129924774169922,0.2058955281972885,1,1
503,3.870715379714966,0.4631138741970062,1,1
504,4.000574111938477,0.016109561547636986,1,1
505,3.8787944316864014,0.3679540753364563,1,1
506,3.708237886428833,0.180099219083786,1,1
507,3.3291871547698975,0.11988271772861481,1,1
508,3.6584482192993164,0.5907682776451111,1,1
509,3.583148717880249,0.019808584824204445,1,1
510,3.9993066787719727,0.05322479084134102,1,1
511,3.448225498199463,0.045540254563093185,1,1
512,3.9539220333099365,1.472027063369751,1,1
513,4.119925498962402,0.0022115304600447416,1,1
514,3.8627312183380127,1.4722846746444702,1,1
515,3.7769508361816406,0.009092889726161957,1,1
516,3.926530122756958,5.9604645663569045e-09,1,1
517,3.3822622299194336,0.0002459273673593998,1,1
518,3.987577438354492,0.012301751412451267,1,1
519,3.5824835300445557,0.02387763373553753,1,1
520,4.132021903991699,0.13367024064064026,1,1
521,2.964459180831909,0.0022424987982958555,1,1
522,2.903822422027588,0.07324012368917465,1,1
523,3.088287115097046,0.06607019156217575,1,1
524,4.0420403480529785,0.2916352450847626,1,1
525,3.2785003185272217,0.0018792286282405257,1,1
526,2.703765630722046,0.4138507843017578,1,1
527,2.7402942180633545,0.1046050563454628,1,1
528,2.1134934425354004,0.02956441603600979,1,1
529,2.2819278240203857,0.01795009709894657,1,1
530,2.893017292022705,0.03145892545580864,1,1
531,3.2912137508392334,7.212162245195941e-07,1,1
532,2.9137165546417236,0.25606057047843933,1,1
533,2.622936964035034,0.09593451768159866,1,1
534,2.952824831008911,0.6651922464370728,1,1
535,3.283437728881836,0.19150410592556,1,1
536,3.4329564571380615,0.6621418595314026,1,1
537,3.3440840244293213,0.014579868875443935,1,1
538,3.4918224811553955,0.0005695716827176511,1,1
539,3.03633975982666,0.016224905848503113,1,1
540,3.3913004398345947,0.0189408790320158,1,1
541,3.0493106842041016,0.06364697217941284,1,1
542,3.4194140434265137,0.14118237793445587,1,1
543,3.141859769821167,0.026839280501008034,1,1
544,2.8179357051849365,0.001359734800644219,1,1
545,2.8455464839935303,0.2010202705860138,1,1
546,3.370795965194702,0.004493344109505415,1,1
547,3.703200101852417,0.03657429665327072,1,1
548,3.6736724376678467,0.2505527436733246,1,1
549,3.2716856002807617,0.02443559467792511,1,1
550,3.273414373397827,0.14399561285972595,1,1
551,3.1817495822906494,0.023612933233380318,1,1
552,3.6820545196533203,0.036847952753305435,1,1
553,3.759596109390259,0.005256866104900837,1,1
554,3.1998605728149414,0.04910430312156677,1,1
555,3.5112664699554443,0.08665332943201065,1,1
556,3.5596277713775635,0.002008558949455619,1,1
557,3.555821418762207,0.059100475162267685,1,1
558,3.249652147293091,0.029207084327936172,1,1
559,3.0327634811401367,0.12353893369436264,1,1
560,3.3833999633789062,0.005685069598257542,1,1
561,3.4608020782470703,0.05076475813984871,1,1
562,3.3216378688812256,0.6415572166442871,1,1
563,3.687005043029785,0.06417883932590485,1,1
564,3.580764055252075,0.146807000041008,1,1
565,3.2333903312683105,9.5367431640625e-06,1,1
566,3.8425798416137695,0.24388320744037628,1,1
567,3.4061594009399414,0.71208256483078,1,1
568,3.717916250228882,0.08388050645589828,1,1
569,3.47294282913208,0.01043474581092596,1,1
570,3.5987799167633057,0.004109875299036503,1,1
571,3.4159398078918457,0.0068464758805930614,1,1
572,3.6251041889190674,0.12269916385412216,1,1
573,3.6576192378997803,0.018723687157034874,1,1
574,3.6361982822418213,0.1015501543879509,1,1
575,3.388758659362793,0.0505041666328907,1,1
576,3.8552727699279785,0.75670325756073,1,1
577,3.550640344619751,0.3186565041542053,1,1
578,3.5659232139587402,0.6422066688537598,1,1
579,3.1322927474975586,0.036231815814971924,1,1
580,3.574488878250122,0.018256530165672302,1,1
581,3.3754518032073975,0.27071937918663025,1,1
582,3.4504213333129883,0.8664262890815735,1,1
583,3.711270809173584,0.14580297470092773,1,1
584,3.764049768447876,0.06103992462158203,1,1
585,3.15545654296875,0.048788316547870636,1,1
586,2.6425604820251465,0.013146378099918365,1,1
587,2.855012893676758,0.13554678857326508,1,1
588,3.158822536468506,0.20343318581581116,1,1
589,2.974493980407715,0.2950221300125122,1,1
590,3.001112699508667,0.14628241956233978,1,1
591,2.6515555381774902,0.04240009933710098,1,1
592,3.0103673934936523,5.820766091346741e-08,1,1
593,3.0989606380462646,0.17560617625713348,1,1
594,3.23476243019104,0.011609609238803387,1,1
595,2.9222681522369385,0.0032960064709186554,1,1
596,2.9891254901885986,0.5180736184120178,1,1
597,3.421276569366455,0.008442386984825134,1,1
598,3.562492609024048,0.04246371239423752,1,1
599,3.621715545654297,0.16111671924591064,1,1
600,3.703432321548462,0.01835314929485321,1,1
601,3.7774221897125244,0.04091110825538635,1,1
602,3.9264657497406006,0.1910061091184616,1,1
603,2.6281278133392334,0.18350625038146973,1,1
604,2.7393078804016113,0.1661524772644043,1,1
605,3.252274990081787,1.1355838775634766,1,1
606,3.9746742248535156,0.00400659441947937,1,1
607,2.8589165210723877,0.14420075714588165,1,1
608,3.249864339828491,0.06617441028356552,1,1
609,3.765012502670288,0.2632696330547333,1,1
610,3.7114195823669434,0.015339958481490612,1,1
611,3.442554473876953,0.11984262615442276,1,1
612,3.5875754356384277,0.0017744697397574782,1,1
613,3.3677358627319336,0.13736486434936523,1,1
614,3.3330841064453125,0.08173113316297531,1,1
615,3.446307897567749,0.0787082239985466,1,1
616,3.641936779022217,0.03124021366238594,1,1
617,3.451383590698242,0.014891478233039379,1,1
618,3.3717358112335205,0.19733355939388275,1,1
619,2.91921329498291,0.0005881459801457822,1,1
620,3.4437413215637207,2.5963783627958037e-05,1,1
621,2.604442596435547,0.16810141503810883,1,1
622,3.2328574657440186,0.1519390195608139,1,1
623,3.514160394668579,3.7790185160702094e-05,1,1
624,4.128103733062744,0.004708031192421913,1,1
625,3.13409686088562,0.015628162771463394,1,1
626,3.2549078464508057,0.00034332275390625,1,1
627,2.7013094425201416,1.19362030090997e-05,1,1
628,2.8027851581573486,0.024486912414431572,1,1
629,3.1273863315582275,0.42057037353515625,1,1
630,2.6613690853118896,0.25498732924461365,1,1
631,2.9489400386810303,0.02257467806339264,1,1
632,3.177608013153076,0.000576038786675781,1,1
633,2.713716983795166,0.16528034210205078,1,1
634,3.0748302936553955,0.41422340273857117,1,1
635,2.938897132873535,5.961302576906746e-06,1,1
636,3.0546693801879883,0.0019938803743571043,1,1
637,2.9193179607391357,0.06175730377435684,1,1
638,2.837017059326172,0.05479921028017998,1,1
639,3.0316731929779053,0.008053276687860489,1,1
640,3.4711997509002686,0.000420550350099802,1,1
641,3.2207283973693848,7.327357161557302e-05,1,1
642,3.4183599948883057,2.2088084733695723e-05,1,1
643,3.456334352493286,0.04114959388971329,1,1
644,4.250085830688477,0.5484870672225952,1,1
645,3.207247734069824,0.04594479873776436,1,1
646,3.7676870822906494,0.14564087986946106,1,1
647,3.7037410736083984,0.04898035153746605,1,1
648,3.532317876815796,0.17461274564266205,1,1
649,3.5018720626831055,0.00818894524127245,1,1
650,3.7028350830078125,0.08515986800193787,1,1
651,3.210355758666992,0.44387832283973694,1,1
652,3.6594529151916504,0.23244896531105042,1,1
653,3.651453733444214,0.03234140947461128,1,1
654,3.7988698482513428,0.01607039012014866,1,1
655,3.932561159133911,0.001816999982111156,1,1
656,3.7370848655700684,0.4699956476688385,1,1
657,3.342819929122925,0.37008798122406006,1,1
658,3.4502196311950684,8.926177542889491e-05,1,1
659,3.4386115074157715,0.36667904257774353,1,1
660,3.05194091796875,0.06376876682043076,1,1
661,3.7701964378356934,0.15044556558132172,1,1
662,3.05918550491333,0.06392970681190491,1,1
663,3.1662166118621826,0.17573560774326324,1,1
664,3.7332568168640137,0.3319873511791229,1,1
665,3.4393107891082764,0.08669879287481308,1,1
666,3.5910580158233643,0.11896892637014389,1,1
667,3.401772975921631,0.02619185484945774,1,1
668,3.117570400238037,0.006706658285111189,1,1
669,3.1046559810638428,0.00013321787992026657,1,1
670,2.9284956455230713,0.05611732602119446,1,1
671,3.292141914367676,0.06347180157899857,1,1
672,3.2683277130126953,0.04224920645356178,1,1
673,2.8713555335998535,0.02192404679954052,1,1
674,2.756096839904785,0.0112505704164505,1,1
675,2.834876298904419,0.005389233119785786,1,1
676,2.9390206336975098,0.0197353083640337,1,1
677,3.0704848766326904,0.035304661840200424,1,1
678,3.277181386947632,0.019084591418504715,1,1
679,3.2256813049316406,0.6296472549438477,1,1
680,3.663264513015747,0.010106143541634083,1,1
681,3.836484432220459,0.1773250550031662,1,1
682,3.1585662364959717,0.2400476038455963,1,1
683,4.172926902770996,0.0056618088856339455,1,1
684,3.3374898433685303,0.014204764738678932,1,1
685,3.609819173812866,0.20568537712097168,1,1
686,3.9264283180236816,0.030299032106995583,1,1
687,3.746642589569092,0.021542765200138092,1,1
688,3.7342095375061035,0.005687980446964502,1,1
689,3.976738214492798,0.13118386268615723,1,1
690,3.8420398235321045,0.11102425307035446,1,1
691,3.3844387531280518,0.22532056272029877,1,1
692,3.7646448612213135,0.002600313862785697,1,1
693,3.2356154918670654,0.029029235243797302,1,1
694,4.052850246429443,0.1964428871870041,1,1
695,3.8885090351104736,0.09859506040811539,1,1
696,4.019452095031738,0.06882699579000473,1,1
697,3.5858163833618164,0.03795279189944267,1,1
698,4.082465171813965,0.31809017062187195,1,1
699,3.3006300926208496,0.38917338848114014,1,1
700,3.347656488418579,0.23052668571472168,1,1
701,3.0598220825195312,0.10103415697813034,1,1
702,3.023300886154175,0.04175475612282753,1,1
703,3.3586418628692627,0.07935391366481781,1,1
704,3.8581557273864746,0.16011115908622742,1,1
705,3.607495069503784,0.5666747689247131,1,1
706,3.729609489440918,0.21353192627429962,1,1
707,3.5301737785339355,0.05972146615386009,1,1
708,3.4942216873168945,0.0075991349294781685,1,1
709,3.3408565521240234,0.10727492719888687,1,1
710,3.5174922943115234,0.022760657593607903,1,1
711,3.9435174465179443,0.0011480526300147176,1,1
712,4.400868892669678,0.3524213433265686,1,1
713,4.355343341827393,0.008665519766509533,1,1
714,4.114221096038818,0.004775814712047577,1,1
715,3.624565362930298,0.0072696455754339695,1,1
716,3.181074380874634,0.028812600299715996,1,1
717,3.5132265090942383,0.012956748716533184,1,1
718,3.2849411964416504,0.22197072207927704,1,1
719,3.405304431915283,0.22480778396129608,1,1
720,3.7497615814208984,0.005580771714448929,1,1
721,3.400080680847168,0.025880420580506325,1,1
722,3.523014783859253,0.06301068514585495,1,1
723,3.1644370555877686,0.033102523535490036,1,1
724,2.691269874572754,0.034378781914711,1,1
725,3.5547778606414795,0.04066942259669304,1,1
726,3.255092144012451,0.011713824234902859,1,1
727,3.325364351272583,0.09546282142400742,1,1
728,3.240406036376953,0.00039100655703805387,1,1
729,3.4528279304504395,0.03014468587934971,1,1
730,3.302637815475464,0.12378328293561935,1,1
731,3.364025592803955,0.034471895545721054,1,1
732,3.150860548019409,0.06153685972094536,1,1
733,3.4543585777282715,0.007776826620101929,1,1
734,2.5448710918426514,0.24945257604122162,1,1
735,2.323251962661743,0.07882197201251984,1,1
736,3.0109760761260986,0.18549595773220062,1,1
737,2.874842405319214,0.053993433713912964,1,1
738,3.0590806007385254,0.2782221734523773,1,1
739,2.4810078144073486,2.518296184916835e-07,1,1
740,2.268483877182007,0.007987592369318008,1,1
741,2.8669846057891846,0.02719777822494507,1,1
742,3.8954107761383057,0.03475557267665863,1,1
743,3.691997766494751,0.013255039229989052,1,1
744,3.673064947128296,0.022476186975836754,1,1
745,4.351743221282959,0.011667911894619465,1,1
746,3.963153839111328,1.2749806046485901e-05,1,1
747,2.81290864944458,0.2982177436351776,1,1
748,2.882652521133423,0.7384136319160461,1,1
749,3.5587081909179688,0.6755113005638123,1,1
750,2.7878711223602295,0.7962254881858826,1,1
751,3.2244701385498047,0.07748383283615112,1,1
752,2.9071810245513916,0.042579129338264465,1,1
753,3.216197967529297,0.15743480622768402,1,1
754,3.2349231243133545,0.007920458912849426,1,1
755,2.854449510574341,0.00016998509818222374,1,1
756,2.5563299655914307,0.01838192343711853,1,1
757,2.7526772022247314,0.4306308925151825,1,1
758,2.7491226196289062,0.06104469299316406,1,1
759,2.8341195583343506,0.19793419539928436,1,1
760,2.806772232055664,0.0987648293375969,1,1
761,2.8044421672821045,0.01461018156260252,1,1
762,3.195815086364746,0.11561762541532516,1,1
763,3.0243546962738037,2.664705991744995,1,1
764,3.8148858547210693,0.09917772561311722,1,1
765,3.479205369949341,0.04782536253333092,1,1
766,3.625873565673828,0.2914893329143524,1,1
767,3.5310285091400146,0.017870021983981133,1,1
768,2.6406500339508057,0.260868638753891,1,1
769,3.097200393676758,0.11741621792316437,1,1
770,3.7189226150512695,0.34899231791496277,1,1
771,3.2801547050476074,0.8965426683425903,1,1
772,3.5933022499084473,0.5631785988807678,1,1
773,3.5460762977600098,0.0004648003668989986,1,1
774,3.668977975845337,0.08714263886213303,1,1
775,3.6982643604278564,0.013814126141369343,1,1
776,3.777121067047119,0.052337951958179474,1,1
777,4.255457878112793,0.011651239357888699,1,1
778,3.9411303997039795,0.34783026576042175,1,1
779,3.321913957595825,0.32592105865478516,1,1
780,2.97379994392395,0.009737036190927029,1,1
781,3.354264974594116,0.004888514522463083,1,1
782,3.250645875930786,0.011747270822525024,1,1
783,3.8011386394500732,0.09082727879285812,1,1
784,3.6597347259521484,0.7081952691078186,1,1
785,3.785356044769287,0.5608345866203308,1,1
786,3.5115978717803955,0.07890328019857407,1,1
787,3.734806537628174,0.5355986952781677,1,1
788,3.089992046356201,0.0025993294548243284,1,1
789,3.113365888595581,0.06309793144464493,1,1
790,3.394501209259033,0.004262218717485666,1,1
791,3.3203673362731934,0.008213415741920471,1,1
792,3.348545551300049,0.01931995339691639,1,1
793,3.8050496578216553,0.050956279039382935,1,1
794,3.485623836517334,0.0008104834705591202,1,1
795,3.9079701900482178,0.0031708949245512486,1,1
796,3.526872396469116,0.07352246344089508,1,1
797,3.056447744369507,0.09198266267776489,1,1
798,3.4390923976898193,0.08292179554700851,1,1
799,3.2950077056884766,0.12513147294521332,1,1
800,3.1436212062835693,0.16794319450855255,1,1
801,3.7966599464416504,0.002452863845974207,1,1
802,3.852917194366455,0.006905693560838699,1,1
803,3.4122774600982666,0.25583598017692566,1,1
804,3.549475908279419,0.016990961506962776,1,1
805,3.4422106742858887,0.10081341117620468,1,1
806,3.3984525203704834,0.041083063930273056,1,1
807,3.692195177078247,0.21960368752479553,1,1
808,3.558485507965088,0.12404146045446396,1,1
809,3.4886474609375,0.39133164286613464,1,1
810,3.30466365814209,7.832422710407627e-08,1,1
811,3.120056629180908,0.24600385129451752,1,1
812,3.527312755584717,0.19750508666038513,1,1
813,3.434936761856079,0.19497424364089966,1,1
814,3.479045867919922,0.501222550868988,1,1
815,3.3568201065063477,0.13626544177532196,1,1
816,3.0651419162750244,0.03375890851020813,1,1
817,2.7782490253448486,0.39645564556121826,1,1
818,3.452146291732788,0.0022434131242334843,1,1
819,3.467965602874756,0.3467951714992523,1,1
820,3.77894926071167,0.1768864244222641,1,1
821,3.968024969100952,0.009847813285887241,1,1
822,3.239637851715088,0.1438198834657669,1,1
823,3.0006508827209473,0.001144132111221552,1,1
824,3.3030006885528564,0.06739644706249237,1,1
825,3.445948839187622,0.14581771194934845,1,1
826,3.4615437984466553,0.0214409027248621,1,1
827,3.4801249504089355,0.024498997256159782,1,1
828,3.0729458332061768,0.01979500614106655,1,1
829,3.426982879638672,0.01834792084991932,1,1
830,3.8767762184143066,0.020985504612326622,1,1
831,3.4937238693237305,0.00510957557708025,1,1
832,3.4994986057281494,0.012969933450222015,1,1
833,3.012448787689209,4.434026834587712e-07,1,1
834,3.1920788288116455,0.021398529410362244,1,1
835,3.2527499198913574,0.18223516643047333,1,1
836,3.2535455226898193,0.002219707239419222,1,1
837,3.3577394485473633,0.0941849872469902,1,1
838,3.3685853481292725,0.02039693295955658,1,1
839,3.513051986694336,0.28333577513694763,1,1
840,3.503998041152954,0.029773861169815063,1,1
841,3.9117417335510254,0.02459273673593998,1,1
842,3.194404363632202,0.001653823652304709,1,1
843,3.712908983230591,1.8608663594932295e-05,1,1
844,3.7474639415740967,0.0033293329179286957,1,1
845,3.3629395961761475,0.14153069257736206,1,1
846,3.821369171142578,0.037562742829322815,1,1
847,3.8052258491516113,0.006308117415755987,1,1
848,3.730173349380493,0.009012089110910892,1,1
849,3.8368024826049805,0.013175162486732006,1,1
850,4.0446319580078125,0.0384734608232975,1,1
851,4.203494548797607,0.15300168097019196,1,1
852,3.7021167278289795,0.3363834619522095,1,1
853,4.243615627288818,0.15843962132930756,1,1
854,3.8214852809906006,0.04441054165363312,1,1
855,3.987679958343506,0.2103332132101059,1,1
856,3.861725091934204,0.002073079813271761,1,1
857,3.5209829807281494,0.1924004703760147,1,1
858,3.4110841751098633,1.1773016452789307,1,1
859,3.94079852104187,0.4250633716583252,1,1
860,4.187198638916016,0.7255664467811584,1,1
861,3.292409896850586,0.03913501277565956,1,1
862,3.341055393218994,0.0008846376440487802,1,1
863,3.4887211322784424,0.15657822787761688,1,1
864,3.375265598297119,9.50042192471301e-07,1,1
865,2.7617392539978027,0.02222227118909359,1,1
866,2.9726662635803223,0.014092271216213703,1,1
867,3.7586405277252197,0.004536140710115433,1,1
868,3.1891534328460693,0.2598443925380707,1,1
869,2.9174537658691406,0.12160634994506836,1,1
870,3.466434955596924,0.271372526884079,1,1
871,3.3640379905700684,0.04075510427355766,1,1
872,3.416849136352539,0.037264078855514526,1,1
873,3.6275124549865723,0.044231753796339035,1,1
874,3.51051664352417,1.026783138513565e-06,1,1
875,2.765479564666748,0.10261700302362442,1,1
876,3.6482417583465576,0.0009946360951289535,1,1
877,3.1641674041748047,0.0015028089983388782,1,1
878,3.2309436798095703,0.06221862509846687,1,1
879,2.823627233505249,0.10290779918432236,1,1
880,2.9796035289764404,0.14307425916194916,1,1
881,2.602006196975708,0.0043853227980434895,1,1
882,2.720663547515869,0.0033751502633094788,1,1
883,2.9841482639312744,0.2837879955768585,1,1
884,3.1895666122436523,0.11756838858127594,1,1
885,3.736795663833618,0.13860522210597992,1,1
886,3.804079532623291,0.004939929582178593,1,1
887,3.9589831829071045,0.031822849065065384,1,1
888,2.859855890274048,0.3058122396469116,1,1
889,3.4979770183563232,0.00040642180829308927,1,1
890,3.6107590198516846,0.24492326378822327,1,1
891,4.323827743530273,0.2375575751066208,1,1
892,3.851604461669922,0.4355083107948303,1,1
893,3.354363203048706,0.0179604422301054,1,1
894,3.9473743438720703,0.0025953948497772217,1,1
895,4.343784809112549,0.06092077121138573,1,1
896,2.494370937347412,0.335734486579895,1,1
897,3.124147653579712,0.08446848392486572,1,1
898,3.2488625049591064,0.0390930250287056,1,1
899,2.9025001525878906,0.2139066904783249,1,1
900,3.299144983291626,0.3078649938106537,1,1
901,3.2110977172851562,0.26769503951072693,1,1
902,3.0561587810516357,0.05083435773849487,1,1
903,2.8617889881134033,0.1221454069018364,1,1
904,2.993263006210327,0.01907392591238022,1,1
905,2.957392930984497,0.26763513684272766,1,1
906,2.9173967838287354,0.3860730826854706,1,1
907,2.4651927947998047,0.7814488410949707,1,1
908,2.7073416709899902,0.40348657965660095,1,1
909,2.6480276584625244,1.6777534484863281,1,1
910,2.588500499725342,0.19230735301971436,1,1
911,2.465806722640991,0.0010950529249385,1,1
912,2.6354000568389893,0.04213423654437065,1,1
913,2.9373977184295654,1.2993243932724,1,1
914,3.0876009464263916,0.0941198393702507,1,1
915,2.9234280586242676,0.09683334082365036,1,1
916,3.0264732837677,0.08484474569559097,1,1
917,2.9626822471618652,0.09656324982643127,1,1
918,2.9206600189208984,0.029637470841407776,1,1
919,3.2523419857025146,0.17421776056289673,1,1
920,3.2401115894317627,0.021554099395871162,1,1
921,3.2738494873046875,2.606222369649913e-05,1,1
922,3.2500009536743164,0.02408386766910553,1,1
923,3.223893165588379,0.09189487993717194,1,1
924,3.3046720027923584,0.3989996612071991,1,1
925,3.259817361831665,0.19606666266918182,1,1
926,3.101668119430542,0.03769378364086151,1,1
927,3.3583462238311768,0.0010013432474806905,1,1
928,2.9006831645965576,0.000563141074962914,1,1
929,2.9260778427124023,0.13233986496925354,1,1
930,3.521657705307007,0.5762021541595459,1,1
931,3.0362699031829834,0.0007607195875607431,1,1
932,2.7550251483917236,0.21470192074775696,1,1
933,3.0587973594665527,0.03815610706806183,1,1
934,3.01507306098938,1.6506854080944322e-05,1,1
935,2.9969615936279297,0.5402135252952576,1,1
936,2.8236520290374756,0.8366125226020813,1,1
937,3.1288740634918213,0.7514404654502869,1,1
938,2.7739334106445312,0.01348490733653307,1,1
939,3.3787238597869873,0.25951001048088074,1,1
940,3.1566152572631836,0.004817253444343805,1,1
941,2.952813148498535,0.012355327606201172,1,1
942,2.743873357772827,0.0003436804690863937,1,1
943,2.5990235805511475,0.07196079939603806,1,1
944,3.0348923206329346,0.02737632393836975,1,1
945,3.270739793777466,0.0013512076111510396,1,1
946,3.062986373901367,0.04031986743211746,1,1
947,2.9466378688812256,0.003249631030485034,1,1
948,2.845377206802368,0.052351195365190506,1,1
949,3.07128643989563,0.19903485476970673,1,1
950,2.471611499786377,0.013431169092655182,1,1
951,2.3075807094573975,0.007213801145553589,1,1
952,2.735506772994995,0.04664246365427971,1,1
953,2.949442148208618,0.05745573714375496,1,1
954,4.047019958496094,0.2242407649755478,1,1
955,3.97943115234375,0.30395787954330444,1,1
956,3.92909836769104,0.21156540513038635,1,1
957,2.9169857501983643,0.08376874774694443,1,1
958,3.4230823516845703,0.033560611307621,1,1
959,3.841425895690918,0.13090437650680542,1,1
960,3.6710522174835205,0.030258730053901672,1,1
961,3.648191213607788,0.016222447156906128,1,1
962,3.608120918273926,0.008237923495471478,1,1
963,3.918931484222412,0.18498091399669647,1,1
964,4.010004043579102,0.32289791107177734,1,1
965,3.6380250453948975,0.06665690243244171,1,1
966,3.623098850250244,0.06079697236418724,1,1
967,3.680190324783325,0.0016522541409358382,1,1
968,3.7876133918762207,0.047521937638521194,1,1
969,3.8258888721466064,0.2372378408908844,1,1
970,3.601015567779541,0.1246812716126442,1,1
971,3.989867687225342,0.003603138029575348,1,1
972,3.787708044052124,0.21309514343738556,1,1
973,3.993706226348877,0.044061433523893356,1,1
974,4.2717084884643555,0.09574331343173981,1,1
975,3.7056965827941895,0.0563095286488533,1,1
976,2.715691328048706,0.01435930747538805,1,1
977,3.3661210536956787,5.1413571782177314e-05,1,1
978,3.8681788444519043,0.0770706981420517,1,1
979,3.3565051555633545,0.029104918241500854,1,1
980,1.893166422843933,0.029029235243797302,1,1
981,3.240122079849243,0.0038039758801460266,1,1
982,3.240952730178833,0.42911234498023987,1,1
983,3.3206892013549805,0.02336445450782776,1,1
984,3.5098228454589844,0.4743058681488037,1,1
985,3.7752909660339355,0.39729464054107666,1,1
986,3.6651694774627686,0.19707642495632172,1,1
987,3.356985569000244,0.29558852314949036,1,1
988,3.4602997303009033,0.06532811373472214,1,1
989,3.714085578918457,0.00725319841876626,1,1
990,3.9131906032562256,0.033046361058950424,1,1
991,4.097045421600342,0.14103737473487854,1,1
992,3.9951140880584717,0.12194311618804932,1,1
993,3.459139347076416,0.030696768313646317,1,1
994,3.813075304031372,0.0002974056696984917,1,1
995,2.977520704269409,0.017139721661806107,1,1
996,3.884514093399048,0.07765047997236252,1,1
997,4.029362201690674,0.15798668563365936,1,1
998,4.1118998527526855,0.0009650328429415822,1,1
999,3.237823009490967,0.050443459302186966,1,1
1000,2.8059027194976807,0.007169607561081648,1,1
1001,3.597156286239624,0.10970337688922882,1,1
1002,3.419090747833252,0.0005975448875688016,1,1
1003,3.308488368988037,0.14313267171382904,1,1
1004,3.8382387161254883,0.04011085256934166,1,1
1005,3.487015724182129,0.013390935957431793,1,1
1006,3.172208309173584,0.6540312767028809,1,1
1007,3.281357765197754,0.4669044017791748,1,1
1008,3.647054672241211,0.019492032006382942,1,1
1009,3.7735462188720703,0.03916938230395317,1,1
1010,3.672959089279175,0.03173338994383812,1,1
1011,3.5246522426605225,0.4510049819946289,1,1
1012,3.4473445415496826,0.18455779552459717,1,1
1013,3.850114107131958,0.0005204692715778947,1,1
1014,3.6631455421447754,0.05837075784802437,1,1
1015,3.5972635746002197,0.08993947505950928,1,1
1016,3.3747599124908447,0.023334963247179985,1,1
1017,3.021892547607422,0.40702518820762634,1,1
1018,3.5275068283081055,0.009811455383896828,1,1
1019,3.386509895324707,0.13773709535598755,1,1
1020,3.6885874271392822,0.0003187451511621475,1,1
1021,3.562255859375,0.39399245381355286,1,1
1022,2.984781265258789,0.5048776865005493,1,1
1023,4.074753761291504,0.1735578030347824,1,1
1024,3.738834857940674,0.20268522202968597,1,1
1025,3.819470167160034,0.07502156496047974,1,1
1026,3.778765916824341,0.1398511379957199,1,1
1027,3.648594379425049,0.0025153912138193846,1,1
1028,2.7548093795776367,0.010187800973653793,1,1
1029,3.028010606765747,0.0032013996969908476,1,1
1030,3.188035011291504,0.017228275537490845,1,1
1031,2.97601056098938,0.2826375663280487,1,1
1032,2.843114137649536,0.008133149705827236,1,1
1033,3.5591652393341064,0.08504725992679596,1,1
1034,3.62390398979187,0.006547963712364435,1,1
1035,3.5277748107910156,0.039100658148527145,1,1
1036,3.3735623359680176,0.0029930435121059418,1,1
1037,3.363858699798584,0.075758196413517,1,1
1038,3.4273605346679688,0.025321463122963905,1,1
1039,2.975825309753418,0.6372666358947754,1,1
1040,3.283689022064209,0.4307195842266083,1,1
1041,3.2359378337860107,0.06165662035346031,1,1
1042,3.347024440765381,0.001810424029827118,1,1
1043,3.2649776935577393,0.05567925050854683,1,1
1044,3.2519426345825195,0.21237404644489288,1,1
1045,3.1916449069976807,0.004872334189713001,1,1
1046,3.4433326721191406,0.05775684863328934,1,1
1047,2.278968095779419,0.4715847969055176,1,1
1048,2.954881429672241,0.04458969458937645,1,1
1049,3.208479642868042,0.0042483690194785595,1,1
1050,3.277054786682129,0.0018268860876560211,1,1
1051,3.246478319168091,0.014806807041168213,1,1
1052,3.4164552688598633,0.1307438164949417,1,1
1053,3.4084324836730957,0.3348962664604187,1,1
1054,3.6879541873931885,0.08395878970623016,1,1
1055,3.7880566120147705,0.08898693323135376,1,1
1056,2.9263975620269775,0.03848860785365105,1,1
1057,3.2993624210357666,0.0004103221872355789,1,1
1058,3.464772939682007,0.03259877488017082,1,1
1059,2.9035356044769287,0.0032926832791417837,1,1
1060,2.6723761558532715,0.3292572498321533,1,1
1061,3.390463352203369,0.007951408624649048,1,1
1062,3.3964550495147705,0.1368931382894516,1,1
1063,3.192399263381958,0.1528960019350052,1,1
1064,3.4593849182128906,0.3201509118080139,1,1
1065,3.479294776916504,2.2178888684720732e-05,1,1
1066,3.930281400680542,0.003839772194623947,1,1
1067,3.481814384460449,0.013909568078815937,1,1
1068,3.8290865421295166,0.0179604422301054,1,1
1069,3.0982651710510254,0.004336887504905462,1,1
1070,2.834868907928467,0.1321854442358017,1,1
1071,3.19507098197937,0.02033633552491665,1,1
1072,3.1966774463653564,0.0006925807683728635,1,1
1073,3.41434645652771,0.02145220898091793,1,1
1074,3.5528059005737305,0.010868982411921024,1,1
1075,2.875067710876465,0.004902018699795008,1,1
1076,3.080415964126587,0.0978691428899765,1,1
1077,3.258190870285034,0.003117862856015563,1,1
1078,3.0820071697235107,0.0002688356616999954,1,1
1079,3.5007216930389404,0.02462301403284073,1,1
1080,3.0246052742004395,0.0006754183559678495,1,1
1081,2.6727843284606934,0.06245475634932518,1,1
1082,3.5376012325286865,0.10107096284627914,1,1
1083,3.129722833633423,0.00626679603010416,1,1
1084,3.0899436473846436,0.19339227676391602,1,1
1085,1.9504045248031616,0.30752238631248474,1,1
1086,2.05633544921875,0.3233916461467743,1,1
1087,2.5036678314208984,0.04663413017988205,1,1
1088,2.960876703262329,0.8090907335281372,1,1
1089,3.135145664215088,0.17504046857357025,1,1
1090,3.4207184314727783,0.06973126530647278,1,1
1091,3.5071604251861572,0.16635708510875702,1,1
1092,3.384206771850586,0.06972107291221619,1,1
1093,3.491628408432007,0.011678338050842285,1,1
1094,3.346312999725342,0.2973014712333679,1,1
1095,3.5777428150177,0.023149583488702774,1,1
1096,3.030337333679199,0.02554924786090851,1,1
1097,3.425673723220825,0.09837094694375992,1,1
1098,3.3124172687530518,0.3042345941066742,1,1
1099,3.4239609241485596,0.16654609143733978,1,1
1100,3.4067511558532715,0.00021066666522528976,1,1
1101,3.4155502319335938,0.0635107085108757,1,1
1102,2.7098519802093506,0.6268018484115601,1,1
1103,2.8701283931732178,0.09749513119459152,1,1
1104,2.763361930847168,0.0003418937267269939,1,1
1105,3.1229465007781982,0.22162531316280365,1,1
1106,3.217254400253296,0.1799681931734085,1,1
1107,2.51336669921875,4.4855849409941584e-05,1,1
1108,3.041701078414917,0.040064480155706406,1,1
1109,3.637964963912964,0.3606035113334656,1,1
1110,3.363751173019409,0.025536909699440002,1,1
1111,3.6376404762268066,0.04087988659739494,1,1
1112,3.5714118480682373,0.015187347307801247,1,1
1113,3.508077383041382,0.002689648186787963,1,1
1114,3.4643027782440186,0.09718801826238632,1,1
1115,3.3684513568878174,0.0049290829338133335,1,1
1116,3.054471492767334,0.20190392434597015,1,1
1117,3.474003314971924,0.18868504464626312,1,1
1118,2.9854390621185303,0.6889824271202087,1,1
1119,3.3680052757263184,0.011199447326362133,1,1
1120,3.501703977584839,0.3142591416835785,1,1
1121,3.4691686630249023,0.16358979046344757,1,1
1122,2.89857816696167,2.645785025379155e-05,1,1
1123,2.7165160179138184,0.01842905767261982,1,1
1124,2.966482162475586,0.014966944232583046,1,1
1125,3.655484914779663,0.016880443319678307,1,1
1126,3.2054007053375244,1.078643798828125,1,1
1127,3.6235482692718506,0.8001052737236023,1,1
1128,3.162482976913452,0.15861637890338898,1,1
1129,3.137178897857666,0.95820552110672,1,1
1130,3.6108922958374023,0.10292018949985504,1,1
1131,3.6651418209075928,0.16452008485794067,1,1
1132,3.3910398483276367,0.03799792751669884,1,1
1133,3.491797924041748,0.03914264962077141,1,1
1134,3.2153449058532715,0.03433585166931152,1,1
1135,3.2596969604492188,0.019947368651628494,1,1
1136,3.1262223720550537,0.23086969554424286,1,1
1137,2.960602283477783,0.2893570363521576,1,1
1138,3.45369291305542,0.5339049696922302,1,1
1139,3.6613097190856934,0.308851033449173,1,1
1140,3.5257205963134766,0.18579533696174622,1,1
1141,2.477348804473877,0.02892409823834896,1,1
1142,1.8545781373977661,0.01743154227733612,1,1
1143,2.6282246112823486,0.12086709588766098,1,1
1144,2.9532406330108643,0.16437137126922607,1,1
1145,3.2440364360809326,0.039732925593853,1,1
1146,3.3668386936187744,0.0004122793616261333,1,1
1147,3.163980722427368,0.12309837341308594,1,1
1148,3.4768383502960205,0.005518943537026644,1,1
1149,3.3754475116729736,0.008559838868677616,1,1
1150,4.004133224487305,0.06391995400190353,1,1
1151,3.702894687652588,0.0528070442378521,1,1
1152,3.452059745788574,0.007166339550167322,1,1
1153,3.5956339836120605,0.019111264497041702,1,1
1154,3.7072038650512695,0.0036975927650928497,1,1
1155,3.3742740154266357,0.14834925532341003,1,1
1156,3.33744740486145,0.1198493167757988,1,1
1157,3.474828004837036,0.0415814034640789,1,1
1158,3.519792318344116,0.0014923521084710956,1,1
1159,3.1529462337493896,0.027038857340812683,1,1
1160,3.9038407802581787,0.058800555765628815,1,1
1161,3.687647581100464,0.24420738220214844,1,1
1162,3.078843593597412,0.01423238217830658,1,1
1163,3.4547083377838135,0.022473294287919998,1,1
1164,3.464784860610962,2.1457672119140625e-05,1,1
1165,3.3528263568878174,0.08805664628744125,1,1
1166,3.342306613922119,0.0878162607550621,1,1
1167,3.39734148979187,0.007756415288895369,1,1
1168,3.4712846279144287,0.030037546530365944,1,1
1169,3.3555259704589844,0.0006417394615709782,1,1
1170,3.514921188354492,0.08734787255525589,1,1
1171,3.632827043533325,0.09063541889190674,1,1
1172,3.0102150440216064,0.18463243544101715,1,1
1173,3.4526712894439697,0.021713076159358025,1,1
1174,2.8609557151794434,0.18694519996643066,1,1
1175,2.9420106410980225,0.07743548601865768,1,1
1176,3.483242988586426,0.07010894268751144,1,1
1177,3.232147455215454,0.0614459291100502,1,1
1178,3.36649489402771,0.023568464443087578,1,1
1179,2.9696404933929443,0.07185728847980499,1,1
1180,3.370283365249634,0.00036290622665546834,1,1
1181,3.3478505611419678,0.10332926362752914,1,1
1182,3.6302452087402344,0.1174294501543045,1,1
1183,3.674903392791748,0.13846872746944427,1,1
1184,3.1720035076141357,0.01926097832620144,1,1
1185,3.22538161277771,0.30709439516067505,1,1
1186,3.4274988174438477,0.1115909144282341,1,1
1187,3.6985325813293457,0.0005672708502970636,1,1
1188,3.3836865425109863,0.03523578867316246,1,1
1189,3.853412628173828,0.2374447137117386,1,1
1190,3.633471965789795,0.3052041530609131,1,1
1191,2.567514181137085,0.16117870807647705,1,1
1192,3.266695499420166,0.42686477303504944,1,1
1193,3.314438581466675,0.03668881207704544,1,1
1194,3.7283623218536377,0.10043992847204208,1,1
1195,2.195467710494995,0.17307567596435547,1,1
1196,3.477492094039917,0.22592563927173615,1,1
1197,3.4904305934906006,0.30896902084350586,1,1
1198,3.3115789890289307,0.08563929796218872,1,1
1199,3.444176435470581,0.2825247347354889,1,1
1200,3.427985906600952,0.006187595427036285,1,1
1201,3.286982536315918,0.000420550350099802,1,1
1202,3.465532064437866,0.002801904920488596,1,1
1203,3.4697492122650146,0.0743885263800621,1,1
1204,3.28121018409729,0.23349235951900482,1,1
1205,3.755326986312866,0.0612976960837841,1,1
1206,3.50608229637146,0.14433270692825317,1,1
1207,3.3541619777679443,0.08323332667350769,1,1
1208,3.3562629222869873,0.20549285411834717,1,1
1209,3.4181087017059326,0.05781252309679985,1,1
1210,3.803837776184082,0.3603369891643524,1,1
1211,3.71644926071167,0.0705491304397583,1,1
1212,3.5606250762939453,0.14940676093101501,1,1
1213,3.434180498123169,0.11698012799024582,1,1
1214,3.540689706802368,0.35607442259788513,1,1
1215,3.7910995483398438,0.35052186250686646,1,1
1216,3.7557413578033447,0.5166437029838562,1,1
1217,3.4904956817626953,0.07165565341711044,1,1
1218,3.6216845512390137,6.890296845085686e-06,1,1
1219,3.5664730072021484,0.2991882264614105,1,1
1220,3.5028903484344482,0.1209879145026207,1,1
1221,3.4120869636535645,0.027696603909134865,1,1
1222,3.2476565837860107,0.14032791554927826,1,1
1223,3.4340271949768066,0.07014471292495728,1,1
1224,3.593843936920166,0.04287036508321762,1,1
1225,3.287902355194092,0.10190104693174362,1,1
1226,3.077785015106201,0.051699645817279816,1,1
1227,3.2008237838745117,0.029577691107988358,1,1
1228,3.522575855255127,0.3085614740848541,1,1
1229,3.325439214706421,0.23837672173976898,1,1
1230,3.706014394760132,0.0014216311974450946,1,1
1231,3.315051555633545,0.11908213049173355,1,1
1232,3.2328383922576904,0.0005310908309184015,1,1
1233,3.100125551223755,0.0031318888068199158,1,1
1234,3.755375385284424,0.05524289235472679,1,1
1235,3.161827325820923,0.0024347349535673857,1,1
1236,3.9870593547821045,4.498520866036415e-05,1,1
1237,3.4650344848632812,0.006660898216068745,1,1
1238,3.6240012645721436,0.09865567088127136,1,1
1239,3.213991165161133,0.017006060108542442,1,1
1240,3.682551383972168,0.10789533704519272,1,1
1241,3.118630886077881,0.08283288776874542,1,1
1242,3.981576442718506,0.13762252032756805,1,1
1243,3.49910306930542,0.0049888864159584045,1,1
1244,3.5491511821746826,2.628564971018932e-06,1,1
1245,3.194157600402832,0.08897542208433151,1,1
1246,3.8393664360046387,0.00715980539098382,1,1
1247,3.7834632396698,0.0206014271825552,1,1
1248,3.260904312133789,0.06275417655706406,1,1
1249,3.7070987224578857,0.15772594511508942,1,1
1250,4.041473865509033,0.00875920057296753,1,1
1251,3.2435851097106934,0.052033718675374985,1,1
1252,3.1588857173919678,0.031843509525060654,1,1
1253,2.870655059814453,0.27696117758750916,1,1
1254,3.1833834648132324,0.00027137334109283984,1,1
1255,3.306295394897461,0.0056618088856339455,1,1
1256,3.476876735687256,0.004953504540026188,1,1
1257,3.1493606567382812,0.22664177417755127,1,1
1258,3.595600128173828,0.006695598363876343,1,1
1259,3.912158250808716,0.15720513463020325,1,1
1260,3.936265707015991,0.020105788484215736,1,1
1261,3.2450923919677734,0.10429316014051437,1,1
1262,3.841609477996826,0.6313944458961487,1,1
1263,3.2282278537750244,0.021192919462919235,1,1
1264,3.7068307399749756,0.28632301092147827,1,1
1265,3.995227098464966,0.040056753903627396,1,1
1266,2.7989823818206787,0.005167685449123383,1,1
1267,3.150023937225342,0.033165764063596725,1,1
1268,3.0418100357055664,0.027251917868852615,1,1
1269,3.600698471069336,0.02428196556866169,1,1
1270,3.5768563747406006,0.5229334235191345,1,1
1271,3.471011161804199,0.16652245819568634,1,1
1272,3.3719019889831543,0.16222648322582245,1,1
1273,3.5584518909454346,0.007062150631099939,1,1
1274,3.184924364089966,0.03434300422668457,1,1
1275,3.4996118545532227,0.0001654856896493584,1,1
1276,3.4506776332855225,0.07333417981863022,1,1
1277,3.353151559829712,0.01806405745446682,1,1
1278,2.8973817825317383,0.037888895720243454,1,1
1279,2.847486972808838,0.14590618014335632,1,1
1280,2.9513840675354004,0.016985928639769554,1,1
1281,2.938974380493164,0.001660895417444408,1,1
1282,2.627861738204956,0.0025904809590429068,1,1
1283,2.9260811805725098,0.05074736475944519,1,1
1284,3.722707509994507,0.1208268404006958,1,1
1285,3.2217135429382324,0.09059475362300873,1,1
1286,3.512378215789795,0.12744294106960297,1,1
1287,3.312932014465332,0.01945432461798191,1,1
1288,3.1184842586517334,0.002368525369092822,1,1
1289,3.7789664268493652,0.18831633031368256,1,1
1290,3.5508620738983154,0.028996357694268227,1,1
1291,3.7022716999053955,0.5315383076667786,1,1
1292,2.9432358741760254,0.09364672750234604,1,1
1293,2.77256441116333,0.11591314524412155,1,1
1294,3.5313611030578613,0.0010179016971960664,1,1
1295,3.6814157962799072,0.0025018572341650724,1,1
1296,3.1412479877471924,0.0938299223780632,1,1
1297,3.1016597747802734,0.004040875472128391,1,1
1298,3.802663564682007,0.034950148314237595,1,1
1299,3.3846914768218994,0.0006555029540322721,1,1
1300,3.6001369953155518,0.02090170793235302,1,1
1301,3.3573620319366455,0.09241635352373123,1,1
1302,3.3936126232147217,0.07901716977357864,1,1
1303,3.1901509761810303,0.00503671495243907,1,1
1304,3.13501238822937,0.28967899084091187,1,1
1305,3.5194365978240967,0.0047664823941886425,1,1
1306,2.9581551551818848,0.030487462878227234,1,1
1307,3.704193592071533,0.018444782122969627,1,1
1308,3.5147786140441895,0.021895477548241615,1,1
1309,4.022189140319824,0.05148044973611832,1,1
1310,3.857548475265503,0.0961378812789917,1,1
1311,3.457667827606201,0.02455945312976837,1,1
1312,4.284962177276611,0.012447752058506012,1,1
1313,3.8789501190185547,0.24990585446357727,1,1
1314,3.6904070377349854,0.014995291829109192,1,1
1315,4.055902481079102,0.03702972084283829,1,1
1316,4.495381832122803,0.06060200557112694,1,1
1317,3.6303927898406982,0.37256965041160583,1,1
1318,4.129297256469727,0.04354437440633774,1,1
1319,3.4795422554016113,0.24361638724803925,1,1
1320,3.4682395458221436,0.005086148157715797,1,1
1321,3.007688283920288,0.01943279430270195,1,1
1322,4.088863372802734,0.02097991108894348,1,1
1323,4.329863548278809,0.2700369358062744,1,1
1324,2.9553544521331787,0.009300191886723042,1,1
1325,2.994832992553711,0.12167366594076157,1,1
1326,4.145997047424316,0.06262852251529694,1,1
1327,4.319972991943359,0.206965371966362,1,1
1328,3.9285972118377686,0.009756091050803661,1,1
1329,3.752302408218384,4.96301822749956e-07,1,1
1330,3.932224750518799,0.010166383348405361,1,1
1331,3.885986089706421,0.07357480376958847,1,1
1332,3.9750852584838867,0.005914360284805298,1,1
1333,4.0228800773620605,0.08796503394842148,1,1
1334,3.679520606994629,0.01230817474424839,1,1
1335,3.591066598892212,0.0026200355496257544,1,1
1336,3.994150400161743,0.048801105469465256,1,1
1337,4.05651330947876,0.008559838868677616,1,1
1338,3.7602880001068115,0.13425658643245697,1,1
1339,3.7288625240325928,0.0018367990851402283,1,1
1340,3.1364755630493164,0.024856774136424065,1,1
1341,3.8738558292388916,0.06013726070523262,1,1
1342,3.7700304985046387,0.00019662166596390307,1,1
1343,3.5285892486572266,0.2276168167591095,1,1
1344,3.8327138423919678,0.2628340721130371,1,1
1345,3.9131267070770264,1.5885476386756636e-05,1,1
1346,4.044532775878906,0.04281044006347656,1,1
1347,3.979475736618042,0.2624582052230835,1,1
1348,4.50172758102417,0.014872642233967781,1,1
1349,3.8058667182922363,0.00038492391468025744,1,1
1350,3.849149227142334,0.2978805601596832,1,1
1351,3.621424674987793,0.0444268137216568,1,1
1352,4.026947021484375,0.016264265403151512,1,1
1353,4.342591762542725,0.03445039317011833,1,1
1354,4.160071849822998,0.05380523204803467,1,1
1355,3.8919575214385986,0.004763817880302668,1,1
1356,3.8120028972625732,0.09121742099523544,1,1
1357,3.714287519454956,0.02364260144531727,1,1
1358,4.066925048828125,0.009916886687278748,1,1
1359,3.702305316925049,0.05362182855606079,1,1
1360,3.9919140338897705,0.007044319994747639,1,1
1361,3.493532419204712,0.03052791953086853,1,1
1362,3.4073667526245117,0.10630989074707031,1,1
1363,3.0734617710113525,0.013248373754322529,1,1
1364,2.869819402694702,0.07264586538076401,1,1
1365,2.93017840385437,0.224460169672966,1,1
1366,4.26012659072876,0.5028910040855408,1,1
1367,3.220494031906128,0.02663414180278778,1,1
1368,3.156242609024048,0.03460820019245148,1,1
1369,3.198136806488037,0.15007895231246948,1,1
1370,3.757735252380371,0.1694176197052002,1,1
1371,3.4043774604797363,0.10486115515232086,1,1
1372,3.248673439025879,0.062031008303165436,1,1
1373,2.9358720779418945,0.009479738771915436,1,1
1374,3.227235794067383,0.030578523874282837,1,1
1375,2.8437771797180176,0.004972540773451328,1,1
1376,3.28725266456604,0.254578173160553,1,1
1377,3.516038656234741,0.18169178068637848,1,1
1378,3.420034408569336,0.05228056386113167,1,1
1379,3.515267848968506,0.02815784327685833,1,1
1380,3.4682812690734863,0.07185728847980499,1,1
1381,3.9857940673828125,0.07443591207265854,1,1
1382,3.510925531387329,0.20165248215198517,1,1
1383,3.738713502883911,0.4872199594974518,1,1
1384,3.1070969104766846,0.6877813339233398,1,1
1385,2.798412561416626,0.026076406240463257,1,1
1386,3.2556748390197754,0.3958725333213806,1,1
1387,3.240736722946167,0.3754379451274872,1,1
1388,2.544764757156372,0.019271692261099815,1,1
1389,3.059885263442993,0.03292366862297058,1,1
1390,3.349919557571411,0.02653343975543976,1,1
1391,3.244403600692749,0.07858913391828537,1,1
1392,2.5531890392303467,0.06676657497882843,1,1
1393,2.526982307434082,0.0071859597228467464,1,1
1394,2.968822479248047,0.20207738876342773,1,1
1395,2.874739408493042,0.0031275697983801365,1,1
1396,2.7246291637420654,0.2400665134191513,1,1
1397,2.705960750579834,0.00043935925350524485,1,1
1398,3.039536476135254,0.0010283970041200519,1,1
1399,3.51069974899292,0.05085612088441849,1,1
1400,2.7226593494415283,0.3017803430557251,1,1
1401,3.0327725410461426,0.32870373129844666,1,1
1402,2.7638964653015137,0.012387529946863651,1,1
1403,3.0868592262268066,0.002902921987697482,1,1
1404,3.3154726028442383,0.012182162143290043,1,1
1405,3.2583158016204834,0.017467236146330833,1,1
1406,3.3358523845672607,0.015004748478531837,1,1
1407,3.4470643997192383,0.24261713027954102,1,1
1408,3.252286911010742,0.06983324140310287,1,1
1409,2.979964017868042,0.016247039660811424,1,1
1410,3.4422497749328613,0.38616904616355896,1,1
1411,3.0897676944732666,0.4002319872379303,1,1
1412,3.2747371196746826,0.3413495421409607,1,1
1413,3.3808000087738037,0.9401537179946899,1,1
1414,3.4299981594085693,0.2037118524312973,1,1
1415,3.5291736125946045,0.006306584924459457,1,1
1416,3.3128085136413574,0.00024050931097008288,1,1
1417,3.7007741928100586,0.221652552485466,1,1
1418,3.684997320175171,0.05082130432128906,1,1
1419,3.6886215209960938,0.011123999953269958,1,1
1420,4.078662395477295,0.05801689624786377,1,1
1421,3.9874770641326904,0.09859506040811539,1,1
1422,1.4466408491134644,1.9128344058990479,1,1
1423,1.498644471168518,1.0068342685699463,1,1
1424,1.7988296747207642,0.7087638974189758,1,1
1425,3.551701784133911,0.12002978473901749,1,1
1426,3.216810703277588,0.27580443024635315,1,1
1427,3.0653138160705566,0.19398687779903412,1,1
1428,3.103963613510132,0.019079258665442467,1,1
1429,3.2757580280303955,0.003928786609321833,1,1
1430,3.1531288623809814,0.0013314151437953115,1,1
1431,2.9847023487091064,0.0012992159463465214,1,1
1432,3.6906206607818604,0.40003663301467896,1,1
1433,2.690629482269287,1.0644583702087402,1,1
1434,2.039728879928589,0.029644116759300232,1,1
1435,3.7638776302337646,0.2577235996723175,1,1
1436,3.5476131439208984,0.1601729393005371,1,1
1437,3.5353000164031982,0.21634165942668915,1,1
1438,3.8055779933929443,0.20078669488430023,1,1
1439,3.938018560409546,0.02279561385512352,1,1
1440,3.4694712162017822,0.0031167850829660892,1,1
1441,3.7738492488861084,0.2723890244960785,1,1
1442,3.608823299407959,0.10261700302362442,1,1
1443,3.904831647872925,0.2518005669116974,1,1
1444,3.526374340057373,0.6940382122993469,1,1
1445,3.5041627883911133,0.0602509081363678,1,1
1446,3.348677396774292,0.11349453777074814,1,1
1447,3.6556878089904785,0.21214285492897034,1,1
1448,3.6583738327026367,0.014216269366443157,1,1
1449,3.3381941318511963,0.0009358767420053482,1,1
1450,3.5180604457855225,0.04628467187285423,1,1
1451,3.3774287700653076,0.0027601735200732946,1,1
1452,3.4555001258850098,0.21542692184448242,1,1
1453,3.759746789932251,0.23320332169532776,1,1
1454,3.3312156200408936,0.20388613641262054,1,1
1455,3.7415571212768555,0.024026989936828613,1,1
1456,4.257584571838379,0.07139755040407181,1,1
1457,3.9288508892059326,0.029498079791665077,1,1
1458,3.56886887550354,0.022760657593607903,1,1
1459,3.6025071144104004,0.019909223541617393,1,1
1460,3.567370653152466,0.000792452075984329,1,1
1461,3.6397998332977295,0.05591176822781563,1,1
1462,3.7497758865356445,0.009094730019569397,1,1
1463,3.636378049850464,0.1931716650724411,1,1
1464,3.5554049015045166,0.2285478115081787,1,1
1465,3.954150915145874,0.015761151909828186,1,1
1466,4.037899971008301,0.04635113105177879,1,1
1467,3.490572929382324,0.0002384185791015625,1,1
1468,3.27248215675354,0.11124944686889648,1,1
1469,3.5482699871063232,0.008269486017525196,1,1
1470,3.491131544113159,0.1962461769580841,1,1
1471,4.11618185043335,0.00041857361793518066,1,1
1472,3.676701784133911,0.15082760155200958,1,1
1473,3.6590585708618164,0.016254423186182976,1,1
1474,3.673516035079956,0.23889529705047607,1,1
1475,3.3378005027770996,0.0982922688126564,1,1
1476,3.926683187484741,0.010521676391363144,1,1
1477,3.953885316848755,0.05941997095942497,1,1
1478,3.562307357788086,0.0005681905895471573,1,1
1479,3.46738862991333,0.0691920593380928,1,1
1480,3.7890398502349854,0.06915652006864548,1,1
1481,3.695530414581299,0.08806809782981873,1,1
1482,3.653441905975342,0.072074756026268,1,1
1483,3.332763433456421,0.008788126520812511,1,1
1484,3.3653388023376465,0.017559191212058067,1,1
1485,3.6153640747070312,0.06149856373667717,1,1
1486,3.2044808864593506,0.09292164444923401,1,1
1487,3.4027719497680664,0.05217469856142998,1,1
1488,3.321676731109619,0.2676551043987274,1,1
1489,3.634739637374878,0.1308206021785736,1,1
1490,3.627852201461792,0.6775910258293152,1,1
1491,3.398977756500244,0.0019374042749404907,1,1
1492,3.691409111022949,0.004191946238279343,1,1
1493,3.9137511253356934,0.10567523539066315,1,1
1494,2.849656581878662,6.110407753112668e-07,1,1
1495,3.6410586833953857,0.00029276395798660815,1,1
1496,3.5655035972595215,0.013058006763458252,1,1
1497,3.361762523651123,0.09655725210905075,1,1
1498,3.2932722568511963,0.027465814724564552,1,1
1499,3.622554302215576,0.41555362939834595,1,1
1500,3.6411118507385254,0.0011149421334266663,1,1
1501,3.6454694271087646,0.18637816607952118,1,1
1502,3.8200533390045166,0.055706579238176346,1,1
1503,2.6401658058166504,0.7339423298835754,1,1
1504,3.6230111122131348,0.35521113872528076,1,1
1505,3.5929226875305176,0.10076439380645752,1,1
1506,3.947032928466797,0.025864899158477783,1,1
1507,3.5213286876678467,0.023940308019518852,1,1
1508,3.9049551486968994,0.07196079939603806,1,1
1509,3.93449330329895,0.09558212757110596,1,1
1510,3.6917033195495605,0.0101586002856493,1,1
1511,3.7960262298583984,0.1282365471124649,1,1
1512,3.16586971282959,0.16222648322582245,1,1
1513,4.0457258224487305,0.06134549528360367,1,1
1514,3.832216501235962,0.18215279281139374,1,1
1515,3.3572776317596436,0.32130956649780273,1,1
1516,3.723407030105591,0.038606077432632446,1,1
1517,4.012623310089111,0.006785923149436712,1,1
1518,4.296459674835205,0.009410335682332516,1,1
1519,3.607187509536743,0.14257095754146576,1,1
1520,3.631324291229248,0.2723890244960785,1,1
1521,3.2397119998931885,0.005079268012195826,1,1
1522,3.835674524307251,0.062069471925497055,1,1
1523,3.6550471782684326,0.24083311855793,1,1
1524,3.255581855773926,0.3461248576641083,1,1
1525,3.7776577472686768,1.2680981853918638e-05,1,1
1526,3.615307331085205,0.00043814638047479093,1,1
1527,2.8992412090301514,0.05866957828402519,1,1
1528,3.713103771209717,0.30673083662986755,1,1
1529,3.1192338466644287,0.12541155517101288,1,1
1530,3.7469544410705566,0.04972642660140991,1,1
1531,3.9518861770629883,0.36241385340690613,1,1
1532,3.500985860824585,0.33360183238983154,1,1
1533,3.837522268295288,0.001581631600856781,1,1
1534,3.2137205600738525,0.10962667316198349,1,1
1535,3.3766207695007324,0.1308974027633667,1,1
1536,3.453859567642212,0.02535218372941017,1,1
1537,2.848573923110962,0.024021007120609283,1,1
1538,3.7318222522735596,0.2805890738964081,1,1
1539,3.352236747741699,0.0009477231651544571,1,1
1540,3.41495680809021,0.012295329943299294,1,1
1541,3.6424801349639893,0.17458854615688324,1,1
1542,3.237273693084717,0.003256235970184207,1,1
1543,3.5591514110565186,0.028310272842645645,1,1
1544,2.7031309604644775,0.01951359584927559,1,1
1545,2.873882293701172,0.0016303599113598466,1,1
1546,3.3034842014312744,0.23842382431030273,1,1
1547,3.2086853981018066,0.0032452314626425505,1,1
1548,2.955348014831543,0.019497422501444817,1,1
1549,3.5266942977905273,0.3374701738357544,1,1
1550,3.3271005153656006,0.28582748770713806,1,1
1551,3.4459590911865234,0.3177310824394226,1,1
1552,3.7092154026031494,0.3496767580509186,1,1
1553,4.268417835235596,0.03198142722249031,1,1
1554,3.7881643772125244,0.21277450025081635,1,1
1555,3.3648438453674316,0.014839706011116505,1,1
1556,3.5444400310516357,0.3037237823009491,1,1
1557,3.137167453765869,0.005209393799304962,1,1
1558,3.27323579788208,0.056809861212968826,1,1
1559,3.106487274169922,0.039929378777742386,1,1
1560,3.1459603309631348,0.04938270151615143,1,1
1561,2.638659954071045,0.4613555073738098,1,1
1562,3.2388033866882324,0.15370461344718933,1,1
1563,2.591491460800171,0.04021916165947914,1,1
1564,2.44360613822937,1.3868396282196045,1,1
1565,2.994187831878662,0.001577796065248549,1,1
1566,3.191891670227051,0.04074341058731079,1,1
1567,3.7393360137939453,0.09158504009246826,1,1
1568,3.3558738231658936,0.3103545606136322,1,1
1569,3.4610655307769775,0.1321713924407959,1,1
1570,3.1562881469726562,0.007552097085863352,1,1
1571,2.942509651184082,0.013936896808445454,1,1
1572,3.2352967262268066,0.0005999062559567392,1,1
1573,3.588958978652954,0.2593134045600891,1,1
1574,3.4676012992858887,0.00073381228139624,1,1
1575,3.28627872467041,0.001803860068321228,1,1
1576,3.2891411781311035,0.21413885056972504,1,1
1577,3.007499933242798,0.03320795297622681,1,1
1578,3.2866714000701904,0.11896892637014389,1,1
1579,3.563026189804077,0.018092602491378784,1,1
1580,3.386948347091675,0.01004608254879713,1,1
1581,3.43951416015625,0.09664123505353928,1,1
1582,3.768136978149414,0.05517033487558365,1,1
1583,3.559938430786133,0.0008264967473223805,1,1
1584,3.2903788089752197,0.15605932474136353,1,1
1585,3.157886505126953,0.05958004668354988,1,1
1586,3.5616936683654785,0.21515826880931854,1,1
1587,3.320455551147461,0.0949803963303566,1,1
1588,3.8406789302825928,7.729241769993678e-05,1,1
1589,3.189713716506958,0.09354044497013092,1,1
1590,3.4569270610809326,0.002504754578694701,1,1
1591,3.6537322998046875,0.16783247888088226,1,1
1592,3.6967813968658447,0.03617672994732857,1,1
1593,3.5590133666992188,0.09531379491090775,1,1
1594,3.8981566429138184,0.017195357009768486,1,1
1595,3.531181573867798,0.054429348558187485,1,1
1596,3.794646978378296,0.08569014072418213,1,1
1597,3.545898914337158,0.07964777946472168,1,1
1598,3.669128179550171,0.028251847252249718,1,1
1599,3.2447566986083984,0.03257090225815773,1,1
1600,3.4574475288391113,0.009211062453687191,1,1
1601,3.6358582973480225,0.11188769340515137,1,1
1602,3.3745744228363037,0.2484414130449295,1,1
1603,3.669351577758789,0.05595741420984268,1,1
1604,3.742419481277466,0.02950802445411682,1,1
1605,3.804396390914917,0.03510548174381256,1,1
1606,3.5335564613342285,0.0014136374229565263,1,1
1607,3.5808966159820557,0.05098678544163704,1,1
1608,3.1960198879241943,0.3345724046230316,1,1
1609,3.2268178462982178,0.0007559360237792134,1,1
1610,3.4128458499908447,0.0008794785826466978,1,1
1611,3.5845839977264404,0.356304794549942,1,1
1612,3.276691436767578,0.10236366093158722,1,1
1613,3.0420432090759277,0.03350406140089035,1,1
1614,2.7342705726623535,0.02449597418308258,1,1
1615,3.2798478603363037,0.15299414098262787,1,1
1616,3.6099421977996826,0.34332582354545593,1,1
1617,3.631730079650879,0.005451757460832596,1,1
1618,3.499030113220215,2.8070155167370103e-05,1,1
1619,3.369333505630493,0.025771860033273697,1,1
1620,3.4568467140197754,0.0007543448591604829,1,1
1621,3.2518646717071533,0.20085588097572327,1,1
1622,3.4701144695281982,0.08316095918416977,1,1
1623,3.1995251178741455,0.004696119576692581,1,1
1624,3.4335427284240723,0.0032937906216830015,1,1
1625,3.430959939956665,0.0019715353846549988,1,1
1626,4.1269707679748535,0.12176793813705444,1,1
1627,3.247096061706543,0.05982999876141548,1,1
1628,2.7357184886932373,0.1931631714105606,1,1
1629,3.882568597793579,0.27655503153800964,1,1
1630,3.2923262119293213,0.057956475764513016,1,1
1631,3.5999398231506348,0.014684932306408882,1,1
1632,3.0419933795928955,0.0074651287868618965,1,1
1633,3.2724123001098633,0.07288015633821487,1,1
1634,3.70719838142395,0.02985384501516819,1,1
1635,3.652379035949707,0.008935297839343548,1,1
1636,3.651386260986328,0.3560398519039154,1,1
1637,3.4216864109039307,0.13396678864955902,1,1
1638,3.831380844116211,0.05543813109397888,1,1
1639,4.458304405212402,0.06837202608585358,1,1
1640,3.6599206924438477,0.2885374128818512,1,1
1641,4.0019731521606445,5.608201172435656e-05,1,1
1642,3.7275044918060303,0.026120061054825783,1,1
1643,3.700240135192871,0.09045537561178207,1,1
1644,4.074643611907959,0.1371503472328186,1,1
1645,3.534780740737915,0.2483355849981308,1,1
1646,4.022125244140625,0.026051480323076248,1,1
1647,3.8314943313598633,0.08783341944217682,1,1
1648,3.948725938796997,2.012495087910793e-06,1,1
1649,3.4354138374328613,0.07495813816785812,1,1
1650,3.8430826663970947,0.10128585249185562,1,1
1651,4.009284973144531,0.03560630604624748,1,1
1652,3.6064891815185547,0.02549991011619568,1,1
1653,3.6016061305999756,0.0028759471606463194,1,1
1654,4.236996173858643,0.027325252071022987,1,1
1655,4.264305114746094,0.08130130916833878,1,1
1656,4.197624206542969,0.02557084895670414,1,1
1657,4.117508888244629,0.07453598827123642,1,1
1658,4.278998851776123,0.013534261845052242,1,1
1659,3.9557042121887207,0.0005253241397440434,1,1
1660,3.8941810131073,0.02655545249581337,1,1
1661,3.71163010597229,0.4961250424385071,1,1
1662,4.290008068084717,0.21185846626758575,1,1
1663,3.430920124053955,0.3133293092250824,1,1
1664,3.705789566040039,0.01232959609478712,1,1
1665,3.9428811073303223,0.030615661293268204,1,1
1666,4.674086570739746,0.14829722046852112,1,1
1667,3.591275691986084,0.19015507400035858,1,1
1668,3.892651319503784,0.3178616464138031,1,1
1669,3.913607358932495,0.47052502632141113,1,1
1670,3.4679110050201416,0.02876020409166813,1,1
1671,4.110377311706543,0.008849753998219967,1,1
1672,3.5237491130828857,0.614273726940155,1,1
1673,3.065974235534668,0.5273812413215637,1,1
1674,3.168370008468628,0.3592834174633026,1,1
1675,3.285205841064453,0.001045800861902535,1,1
1676,3.457890510559082,0.034514907747507095,1,1
1677,3.768278121948242,0.008647562935948372,1,1
1678,3.64809513092041,0.05286472663283348,1,1
1679,3.0929203033447266,0.050469476729631424,1,1
1680,3.482351779937744,0.13041602075099945,1,1
1681,3.4755213260650635,0.009978488087654114,1,1
1682,3.8161165714263916,0.147933229804039,1,1
1683,3.75937557220459,0.005233102943748236,1,1
1684,3.136113405227661,0.12875545024871826,1,1
1685,1.640183448791504,0.0010823161574080586,1,1
1686,2.7199010848999023,0.05160314589738846,1,1
1687,2.8608291149139404,0.25408172607421875,1,1
1688,3.315971612930298,0.056671928614377975,1,1
1689,3.281867742538452,0.04199172928929329,1,1
1690,3.0382697582244873,0.0007724761962890625,1,1
1691,3.4568264484405518,0.002689648186787963,1,1
1692,3.4585249423980713,0.19304442405700684,1,1
1693,4.196007251739502,0.17552529275417328,1,1
1694,3.4842262268066406,0.05958004668354988,1,1
1695,3.4841201305389404,0.08117478340864182,1,1
1696,3.519353151321411,0.02693105675280094,1,1
1697,3.8960046768188477,0.0007735494873486459,1,1
1698,3.3510143756866455,0.07522787898778915,1,1
1699,3.33193302154541,0.39033016562461853,1,1
1700,2.861311197280884,0.053541410714387894,1,1
1701,3.560575246810913,0.2244236022233963,1,1
1702,3.9939475059509277,0.5716255307197571,1,1
1703,3.4100375175476074,0.23881040513515472,1,1
1704,3.7814295291900635,0.3001074194908142,1,1
1705,2.6062002182006836,0.5507335066795349,1,1
1706,2.8541665077209473,1.7538989782333374,1,1
1707,2.9044744968414307,0.8400055766105652,1,1
1708,3.400080442428589,1.6942188739776611,1,1
1709,3.566971778869629,4.797870635986328,1,1
1710,4.418461322784424,1.1830466985702515,1,1
1711,3.5545716285705566,1.7088464498519897,1,1
1712,4.046720027923584,1.142546534538269,1,1
1713,3.6587724685668945,0.3360477089881897,1,1
1714,3.7575769424438477,1.19935142993927,1,1
1715,3.505023956298828,0.7697204351425171,1,1
1716,3.8179991245269775,0.5990752577781677,1,1
1717,3.6098721027374268,0.20172183215618134,1,1
1718,3.469910144805908,0.02895364724099636,1,1
1719,3.6948130130767822,0.027421051636338234,1,1
1720,3.4397313594818115,0.017723258584737778,1,1
1721,4.124842643737793,0.38297325372695923,1,1
1722,3.705111503601074,0.35038474202156067,1,1
1723,3.5210633277893066,0.5004849433898926,1,1
1724,3.3380322456359863,1.4573110342025757,1,1
1725,3.9747161865234375,0.4661397933959961,1,1
1726,4.040275573730469,0.18529650568962097,1,1
1727,3.5635457038879395,0.0002977386175189167,1,1
1728,4.138603210449219,1.0037379264831543,1,1
1729,2.6046056747436523,0.022113069891929626,1,1
1730,3.9684646129608154,0.16701902449131012,1,1
1731,4.018738269805908,0.007411859929561615,1,1
1732,3.5541656017303467,0.00052399787819013,1,1
1733,4.267174243927002,0.0034427642822265625,1,1
1734,3.25990629196167,0.019524380564689636,1,1
1735,3.4660027027130127,0.0590348020195961,1,1
1736,3.2006876468658447,0.0694257989525795,1,1
1737,3.971836805343628,0.5372101664543152,1,1
1738,3.5909082889556885,0.44269609451293945,1,1
1739,3.121955156326294,0.3247651159763336,1,1
1740,3.5636932849884033,0.0006674164324067533,1,1
1741,2.5601775646209717,0.0795443207025528,1,1
1742,2.922013282775879,0.16704268753528595,1,1
1743,2.6829941272735596,0.0672612264752388,1,1
1744,3.1347148418426514,0.22734065353870392,1,1
1745,3.4527833461761475,0.07770965248346329,1,1
1746,3.6231746673583984,0.3534303605556488,1,1
1747,3.63816237449646,0.034658487886190414,1,1
1748,2.819084882736206,0.0038757361471652985,1,1
1749,3.406125068664551,0.3560168445110321,1,1
1750,2.810271978378296,0.0010099121136590838,1,1
1751,2.6039202213287354,0.02181273140013218,1,1
1752,3.7178943157196045,8.926177542889491e-05,1,1
1753,3.7614645957946777,0.26692667603492737,1,1
1754,4.25568151473999,0.004200698342174292,1,1
1755,3.69651198387146,0.1291782706975937,1,1
1756,3.4200196266174316,0.18587854504585266,1,1
1757,3.28784441947937,0.017508074641227722,1,1
1758,3.633436679840088,5.031237378716469e-05,1,1
1759,3.5832326412200928,0.010133326053619385,1,1
1760,3.526055097579956,0.018256530165672302,1,1
1761,3.6795856952667236,0.007547065615653992,1,1
1762,3.308061122894287,0.08653973788022995,1,1
1763,3.6584973335266113,0.04561442509293556,1,1
1764,3.3017566204071045,0.06903982907533646,1,1
1765,3.5203499794006348,0.059100475162267685,1,1
1766,3.444674015045166,0.056199658662080765,1,1
1767,4.050491809844971,0.16940173506736755,1,1
1768,3.397313356399536,0.04696816951036453,1,1
1769,4.036214351654053,0.18731257319450378,1,1
1770,4.142127990722656,0.028976643458008766,1,1
1771,4.150913238525391,0.026010995730757713,1,1
1772,3.975236654281616,0.021520107984542847,1,1
1773,4.069443702697754,0.01100219413638115,1,1
1774,3.807027578353882,3.1872186809778214e-05,1,1
1775,4.120119571685791,0.021052662283182144,1,1
1776,4.043889999389648,0.07845932990312576,1,1
1777,4.099276065826416,0.030117882415652275,1,1
1778,4.0380449295043945,0.23114800453186035,1,1
1779,4.123680114746094,0.015282640233635902,1,1
1780,3.9618330001831055,0.01814456284046173,1,1
1781,3.941455364227295,0.10631618648767471,1,1
1782,3.796130418777466,0.14823032915592194,1,1
1783,3.923330545425415,0.35216930508613586,1,1
1784,3.7983250617980957,0.07969681173563004,1,1
1785,3.5298001766204834,0.07996948808431625,1,1
1786,3.7273364067077637,0.004486877471208572,1,1
1787,3.8692994117736816,0.2444840669631958,1,1
1788,3.6135544776916504,0.3576078712940216,1,1
1789,3.64638352394104,0.0005816110642626882,1,1
1790,3.4941890239715576,0.283140629529953,1,1
1791,3.9926512241363525,0.028131937608122826,1,1
1792,3.5738425254821777,0.028511976823210716,1,1
1793,2.636868476867676,0.2546073794364929,1,1
1794,2.9787614345550537,0.44151541590690613,1,1
1795,3.0382237434387207,0.006576106883585453,1,1
1796,3.0821235179901123,0.0043981135822832584,1,1
1797,3.4719467163085938,0.030521174892783165,1,1
1798,4.01001501083374,0.021198539063334465,1,1
1799,3.847325563430786,0.01054544746875763,1,1
1800,3.2418575286865234,0.11513902992010117,1,1
1801,3.0756006240844727,0.048749953508377075,1,1
1802,3.2622230052948,0.5017419457435608,1,1
1803,3.7341251373291016,0.0028883814811706543,1,1
1804,3.6091725826263428,0.3622512221336365,1,1
1805,4.179502010345459,0.006963555701076984,1,1
1806,3.61270809173584,0.2467319220304489,1,1
1807,3.7279534339904785,0.03159600868821144,1,1
1808,4.263358116149902,0.06348152458667755,1,1
1809,3.737818717956543,0.018829477950930595,1,1
1810,3.5369529724121094,0.09099022299051285,1,1
1811,3.7078700065612793,0.019575655460357666,1,1
1812,4.033015727996826,0.2936190068721771,1,1
1813,3.7982704639434814,0.21899810433387756,1,1
1814,3.673478364944458,0.04831624776124954,1,1
1815,4.061647891998291,0.023287812247872353,1,1
1816,3.6934621334075928,0.11311771720647812,1,1
1817,3.3866209983825684,0.013066831044852734,1,1
1818,3.575601577758789,0.016038598492741585,1,1
1819,3.7002816200256348,0.4924341142177582,1,1
1820,3.5489399433135986,0.006535475142300129,1,1
1821,2.659939765930176,0.004083931911736727,1,1
1822,3.0532262325286865,0.07070301473140717,1,1
1823,3.1530325412750244,0.0033717870246618986,1,1
1824,3.5491228103637695,0.0656343325972557,1,1
1825,3.5115811824798584,0.25000235438346863,1,1
1826,3.4183976650238037,0.3321208357810974,1,1
1827,3.8914687633514404,0.010044149123132229,1,1
1828,3.7836661338806152,0.21375496685504913,1,1
1829,3.707935094833374,0.094362773001194,1,1
1830,3.5216925144195557,0.11770740896463394,1,1
1831,3.5930116176605225,0.05653876066207886,1,1
1832,3.511651039123535,0.03252911567687988,1,1
1833,3.1370997428894043,0.04221351072192192,1,1
1834,3.184614658355713,0.16332446038722992,1,1
1835,3.4475035667419434,0.059100475162267685,1,1
1836,3.3382766246795654,0.05026155710220337,1,1
1837,3.426400899887085,0.05840340256690979,1,1
1838,2.9740631580352783,0.1634024828672409,1,1
1839,3.517509698867798,0.0048939138650894165,1,1
1840,3.059666395187378,0.16296586394309998,1,1
1841,2.7329392433166504,0.015819361433386803,1,1
1842,3.403995990753174,0.024923764169216156,1,1
1843,2.748622179031372,0.18806514143943787,1,1
1844,3.2545793056488037,0.20665816962718964,1,1
1845,3.0160772800445557,0.08164838701486588,1,1
1846,3.195492744445801,0.10699063539505005,1,1
1847,2.346818447113037,0.04335528239607811,1,1
1848,3.0703864097595215,0.40417343378067017,1,1
1849,3.5179779529571533,0.41725993156433105,1,1
1850,2.8088629245758057,0.09943926334381104,1,1
1851,3.7847213745117188,0.00952677708119154,1,1
1852,3.547771453857422,0.017167529091238976,1,1
1853,2.8714942932128906,0.009300191886723042,1,1
1854,3.4882090091705322,0.0943746343255043,1,1
1855,3.580491304397583,0.003390867030248046,1,1
1856,4.031811714172363,2.136835792043712e-05,1,1
1857,3.5231776237487793,0.04970060661435127,1,1
1858,3.458965539932251,0.018217433243989944,1,1
1859,3.3722658157348633,0.28136664628982544,1,1
1860,3.4993441104888916,0.027108727023005486,1,1
1861,4.236186981201172,0.1180652529001236,1,1
1862,3.8097448348999023,0.04523186385631561,1,1
1863,3.457030773162842,0.3890770673751831,1,1
1864,4.152867794036865,0.11102425307035446,1,1
1865,2.648024320602417,0.0012244913959875703,1,1
1866,2.8404362201690674,0.09626958519220352,1,1
1867,3.0573890209198,0.17487899959087372,1,1
1868,2.767987012863159,0.14225773513317108,1,1
1869,3.088702917098999,0.10582587867975235,1,1
1870,3.4183766841888428,0.32911327481269836,1,1
1871,3.34710693359375,0.09940274804830551,1,1
1872,3.3535947799682617,0.04706861078739166,1,1
1873,3.153517007827759,0.017482547089457512,1,1
1874,3.3974552154541016,0.05920844152569771,1,1
1875,3.5252881050109863,0.005444634240120649,1,1
1876,3.6494507789611816,0.016903018578886986,1,1
1877,3.9200551509857178,0.01740097813308239,1,1
1878,3.099257230758667,0.0366666316986084,1,1
1879,2.9810163974761963,0.0015133024426177144,1,1
1880,3.130068778991699,0.028248602524399757,1,1
1881,2.9516351222991943,0.2160634547472,1,1
1882,3.1781036853790283,0.007521935738623142,1,1
1883,3.4713993072509766,0.1129230484366417,1,1
1884,2.985727548599243,0.03649681806564331,1,1
1885,3.527684211730957,0.15049795806407928,1,1
1886,3.45916748046875,0.040611058473587036,1,1
1887,3.26120662689209,0.06720617413520813,1,1
1888,3.6182236671447754,0.47458505630493164,1,1
1889,3.3113303184509277,0.009630672633647919,1,1
1890,3.802187919616699,0.14917556941509247,1,1
1891,3.341275691986084,0.0029698580037802458,1,1
1892,3.2974495887756348,0.01970820315182209,1,1
1893,3.6072940826416016,4.268521661288105e-05,1,1
1894,3.4716296195983887,0.08240016549825668,1,1
1895,3.694432497024536,0.054083168506622314,1,1
1896,3.6363184452056885,0.34901508688926697,1,1
1897,3.681365728378296,0.033025309443473816,1,1
1898,3.745107889175415,0.07086733728647232,1,1
1899,3.7466976642608643,2.527991273382213e-05,1,1
1900,3.2207205295562744,0.03320091962814331,1,1
1901,3.07463002204895,0.000508648285176605,1,1
1902,3.3006913661956787,0.46627160906791687,1,1
1903,3.4514331817626953,0.24895153939723969,1,1
1904,3.195861577987671,0.1799681931734085,1,1
1905,3.7208900451660156,0.15468989312648773,1,1
1906,3.744485855102539,0.13451837003231049,1,1
1907,3.6214699745178223,0.12030410766601562,1,1
1908,3.8689725399017334,0.005228915251791477,1,1
1909,3.928358554840088,0.08462001383304596,1,1
1910,3.55122447013855,0.16011886298656464,1,1
1911,3.679548978805542,0.05714618042111397,1,1
1912,3.832440137863159,0.07043639570474625,1,1
1913,3.766690969467163,0.18452464044094086,1,1
1914,3.4428024291992188,0.6439711451530457,1,1
1915,3.710965871810913,0.10306884348392487,1,1
1916,3.449895143508911,0.27566254138946533,1,1
1917,3.53117299079895,0.13010254502296448,1,1
1918,3.6105008125305176,0.05360395461320877,1,1
1919,3.202266216278076,0.03408239409327507,1,1
1920,3.2676126956939697,0.0729374811053276,1,1
1921,3.4030189514160156,0.3828657567501068,1,1
1922,3.101508378982544,0.1371360570192337,1,1
1923,3.3725600242614746,0.0259581059217453,1,1
1924,3.760983467102051,0.29481253027915955,1,1
1925,3.5934975147247314,0.007411859929561615,1,1
1926,4.394295692443848,0.030744129791855812,1,1
1927,4.273011207580566,0.0024951042141765356,1,1
1928,4.014697074890137,0.04691798612475395,1,1
1929,4.026150226593018,0.12958092987537384,1,1
1930,3.603633403778076,0.13568894565105438,1,1
1931,3.7406811714172363,0.34184589982032776,1,1
1932,4.29272985458374,0.12845782935619354,1,1
1933,4.203073024749756,0.09893473982810974,1,1
1934,3.8331542015075684,0.22283542156219482,1,1
1935,3.8282294273376465,0.021750062704086304,1,1
1936,3.855525016784668,0.0070119583979249,1,1
1937,3.6173691749572754,0.012818708084523678,1,1
1938,3.8630177974700928,0.0016148105496540666,1,1
1939,3.8002676963806152,0.14369547367095947,1,1
1940,3.9064018726348877,0.018523504957556725,1,1
1941,3.898623466491699,0.0004552789905574173,1,1
1942,3.514941930770874,0.0007767737261019647,1,1
1943,3.762946367263794,0.14265112578868866,1,1
1944,3.5322506427764893,0.0002897992671933025,1,1
1945,3.754927635192871,0.01217364240437746,1,1
1946,3.218219041824341,0.0032254704274237156,1,1
1947,3.5754406452178955,0.09914126247167587,1,1
1948,3.7924253940582275,0.32329288125038147,1,1
1949,3.662810802459717,0.7423995137214661,1,1
1950,3.514075994491577,0.01367383636534214,1,1
1951,3.6353611946105957,0.03795279189944267,1,1
1952,3.3325881958007812,3.7790185160702094e-05,1,1
1953,3.1556317806243896,0.16462969779968262,1,1
1954,3.1168248653411865,0.07430431991815567,1,1
1955,3.6397979259490967,0.19176603853702545,1,1
1956,2.8091681003570557,0.08689781278371811,1,1
1957,3.1616063117980957,0.35811588168144226,1,1
1958,2.333026885986328,0.2728223502635956,1,1
1959,2.513467311859131,0.12343720346689224,1,1
1960,2.600421667098999,0.0848897323012352,1,1
1961,2.713252305984497,0.07716717571020126,1,1
1962,2.6957080364227295,0.31529873609542847,1,1
1963,3.0949811935424805,0.0004693889059126377,1,1
1964,3.3611881732940674,0.0017020500963553786,1,1
1965,3.2726056575775146,0.0013349388027563691,1,1
1966,3.2311718463897705,0.060478534549474716,1,1
1967,3.2240755558013916,0.19044135510921478,1,1
1968,3.5822882652282715,0.06456079334020615,1,1
1969,3.2373769283294678,0.06834175437688828,1,1
1970,3.371506929397583,0.021761450916528702,1,1
1971,3.3703291416168213,0.019384393468499184,1,1
1972,3.2049953937530518,0.00010034479055320844,1,1
1973,3.039090394973755,0.19014666974544525,1,1
1974,3.335075855255127,0.10390084236860275,1,1
1975,3.5710465908050537,0.028232384473085403,1,1
1976,3.598428726196289,0.017695004120469093,1,1
1977,3.0438592433929443,0.13585251569747925,1,1
1978,3.2766685485839844,0.005612538196146488,1,1
1979,3.169102430343628,0.004790498409420252,1,1
1980,3.257352352142334,0.0449204295873642,1,1
1981,2.761451005935669,1.8515623878556653e-06,1,1
1982,3.0642008781433105,0.041263218969106674,1,1
1983,3.71130108833313,0.0020441808737814426,1,1
1984,3.669687509536743,0.0010160551173612475,1,1
1985,3.620600461959839,0.10334167629480362,1,1
1986,3.5331897735595703,0.20815248787403107,1,1
1987,3.072941541671753,0.04329100251197815,1,1
1988,3.6501197814941406,0.015000020153820515,1,1
1989,2.7705605030059814,0.02617623843252659,1,1
1990,3.605609655380249,0.07773654907941818,1,1
1991,3.4367969036102295,0.13003294169902802,1,1
1992,3.568147659301758,0.08171458542346954,1,1
1993,3.8256242275238037,0.1433371901512146,1,1
1994,3.539600372314453,0.001079143607057631,1,1
1995,2.87052845954895,0.025895947590470314,1,1
1996,3.327725887298584,0.08222296833992004,1,1
1997,4.020451068878174,0.004269782453775406,1,1
1998,3.412850856781006,0.11964893341064453,1,1
1999,3.798184633255005,0.07316701859235764,1,1
2000,3.602736234664917,0.0018153548007830977,1,1
2001,3.1778995990753174,0.00037701279507018626,1,1
2002,3.1233692169189453,0.09668924659490585,1,1
2003,3.5185821056365967,0.06523934006690979,1,1
2004,3.140745162963867,0.007332314737141132,1,1
2005,3.568702459335327,0.09017696231603622,1,1
2006,2.948228597640991,0.06361289322376251,1,1
2007,3.0616354942321777,0.012109839357435703,1,1
2008,3.3274691104888916,0.020380398258566856,1,1
2009,3.784705400466919,0.3856654465198517,1,1
2010,3.566368341445923,0.02103586308658123,1,1
2011,3.2357876300811768,0.010156654752790928,1,1
2012,3.4974944591522217,0.010207291692495346,1,1
2013,3.4309887886047363,0.006944241467863321,1,1
2014,3.4218950271606445,0.21199177205562592,1,1
2015,3.1869261264801025,0.013319559395313263,1,1
2016,3.18884539604187,0.011099585331976414,1,1
2017,3.7606046199798584,0.050904013216495514,1,1
2018,2.781304121017456,0.06168058514595032,1,1
2019,3.5567126274108887,0.024287981912493706,1,1
2020,3.403731346130371,0.013440119102597237,1,1
2021,4.267477512359619,0.01718270592391491,1,1
2022,2.6742024421691895,0.04773254692554474,1,1
2023,3.6951558589935303,0.056474532932043076,1,1
2024,3.12967586517334,0.057831086218357086,1,1
2025,3.061397075653076,0.008126188069581985,1,1
2026,3.008453845977783,0.0020502940751612186,1,1
2027,3.120166301727295,0.34630656242370605,1,1
2028,3.0723557472229004,0.07211621850728989,1,1
2029,3.880835771560669,0.002822375390678644,1,1
2030,3.5011305809020996,0.4663902223110199,1,1
2031,3.4241199493408203,0.00032741809263825417,1,1
2032,3.0337235927581787,0.347454696893692,1,1
2033,3.7904412746429443,0.043988537043333054,1,1
2034,3.0617516040802,0.09103680402040482,1,1
2035,3.5506350994110107,0.08971387147903442,1,1
2036,2.8133668899536133,0.320380300283432,1,1
2037,3.015922784805298,0.06917683035135269,1,1
2038,3.374922513961792,0.09874057024717331,1,1
2039,3.064312696456909,0.127932608127594,1,1
2040,3.5830070972442627,1.3314436674118042,1,1
2041,3.6358983516693115,0.2755206823348999,1,1
2042,3.4921858310699463,0.9734560251235962,1,1
2043,3.098857879638672,0.680836021900177,1,1
2044,3.968427896499634,0.2707695960998535,1,1
2045,3.0956101417541504,0.47509047389030457,1,1
2046,3.557995080947876,0.21790654957294464,1,1
2047,3.2044737339019775,0.005967917386442423,1,1
2048,3.2777652740478516,0.012250427156686783,1,1
2049,3.4605963230133057,0.7021820545196533,1,1
2050,3.290426015853882,0.30553480982780457,1,1
2051,2.80189847946167,0.11695372313261032,1,1
2052,2.707249879837036,0.18893663585186005,1,1
2053,3.250633955001831,0.41915711760520935,1,1
2054,3.658352851867676,0.33548852801322937,1,1
2055,3.7473978996276855,0.06312702596187592,1,1
2056,3.2835659980773926,0.00950606632977724,1,1
2057,3.915410041809082,0.11142333596944809,1,1
2058,3.3876614570617676,0.020968731492757797,1,1
2059,3.8972463607788086,0.1162814125418663,1,1
2060,3.169628143310547,0.033993370831012726,1,1
2061,3.4414167404174805,0.1600339263677597,1,1
2062,3.2923331260681152,0.014200164936482906,1,1
2063,3.5031564235687256,0.3782103955745697,1,1
2064,3.336946725845337,0.061882078647613525,1,1
2065,3.3397645950317383,0.05686047300696373,1,1
2066,3.451228618621826,0.002297674072906375,1,1
2067,3.6943209171295166,0.10389461368322372,1,1
2068,3.6813313961029053,0.03002416528761387,1,1
2069,3.7247514724731445,0.12498132139444351,1,1
2070,3.2729201316833496,0.14624550938606262,1,1
2071,2.5060617923736572,0.16080698370933533,1,1
2072,3.205573558807373,0.14085622131824493,1,1
2073,3.0677599906921387,0.00039024362922646105,1,1
2074,2.9613871574401855,0.11374826729297638,1,1
2075,3.119807243347168,0.013694155029952526,1,1
2076,3.096143960952759,0.03431439772248268,1,1
2077,2.8896234035491943,0.15097005665302277,1,1
2078,2.627040147781372,0.0001257512776646763,1,1
2079,3.202224016189575,0.13289514183998108,1,1
2080,3.5160531997680664,0.05114816501736641,1,1
2081,3.055650472640991,0.13348683714866638,1,1
2082,3.375190496444702,0.38833102583885193,1,1
2083,3.8512680530548096,0.22348280251026154,1,1
2084,4.1427130699157715,0.013408809900283813,1,1
2085,3.751211166381836,0.0006966502405703068,1,1
2086,3.6570000648498535,0.015753883868455887,1,1
2087,4.200088024139404,0.0030386210419237614,1,1
2088,3.7893056869506836,0.00015021301805973053,1,1
2089,3.0357298851013184,0.08753621578216553,1,1
2090,3.071247100830078,0.010119730606675148,1,1
2091,3.351264476776123,9.183296788251027e-05,1,1
2092,3.234417676925659,0.008044618181884289,1,1
2093,3.061272382736206,0.003138373140245676,1,1
2094,2.9215495586395264,0.002093341201543808,1,1
2095,3.4422073364257812,0.012690101750195026,1,1
2096,2.830739974975586,0.011238290928304195,1,1
2097,3.1699531078338623,0.0008198515861295164,1,1
2098,3.6182546615600586,0.0007038005860522389,1,1
2099,3.624537944793701,0.01264665462076664,1,1
2100,3.3802084922790527,0.44211840629577637,1,1
2101,3.944459915161133,0.0010576937347650528,1,1
2102,3.682689666748047,0.051980894058942795,1,1
2103,3.8289713859558105,0.5868287682533264,1,1
2104,3.559520721435547,7.476806786144152e-05,1,1
2105,3.160244941711426,0.00262794503942132,1,1
2106,4.083637237548828,0.9475229382514954,1,1
2107,3.3540351390838623,0.11888904869556427,1,1
2108,3.8260514736175537,0.2941003143787384,1,1
2109,3.2565572261810303,0.008975480683147907,1,1
2110,3.3940398693084717,0.10235748440027237,1,1
2111,3.4178781509399414,0.012926009483635426,1,1
2112,3.8173768520355225,0.1983809769153595,1,1
2113,3.1922154426574707,0.02273154817521572,1,1
2114,3.519599199295044,0.27740830183029175,1,1
2115,3.352855920791626,0.0002694689610507339,1,1
2116,3.5233335494995117,0.33673056960105896,1,1
2117,3.257140636444092,0.15067772567272186,1,1
2118,3.3576672077178955,0.15291109681129456,1,1
2119,3.7594425678253174,0.04268673062324524,1,1
2120,3.5265378952026367,2.6856456315726973e-05,1,1
2121,3.5513837337493896,0.026656195521354675,1,1
2122,2.912329912185669,0.0031124763190746307,1,1
2123,3.249793529510498,0.07958787679672241,1,1
2124,3.477546453475952,0.4474862217903137,1,1
2125,3.300318956375122,0.29691219329833984,1,1
2126,3.241974115371704,0.12733960151672363,1,1
2127,3.195934772491455,0.027146873995661736,1,1
2128,3.349172592163086,0.022519612684845924,1,1
2129,2.965954065322876,0.028089871630072594,1,1
2130,2.438485860824585,0.021257592365145683,1,1
2131,2.773979663848877,0.06722619384527206,1,1
2132,3.4842405319213867,0.12626056373119354,1,1
2133,3.0114331245422363,0.35985052585601807,1,1
2134,3.0669867992401123,0.28924283385276794,1,1
2135,3.220182418823242,0.00011913115304196253,1,1
2136,3.254937171936035,0.007010342087596655,1,1
2137,2.667069673538208,0.019475867971777916,1,1
2138,3.4552347660064697,0.5902343392372131,1,1
2139,3.1433725357055664,0.05699402093887329,1,1
2140,3.5476174354553223,0.07361669838428497,1,1
2141,2.739288091659546,0.0018219397170469165,1,1
2142,2.534783124923706,0.00069410540163517,1,1
2143,3.035311222076416,0.017641128972172737,1,1
2144,2.2675864696502686,0.0694156214594841,1,1
2145,2.1420836448669434,0.42744502425193787,1,1
2146,2.244544744491577,0.8135064244270325,1,1
2147,3.493387222290039,0.18781410157680511,1,1
2148,3.134765625,0.21256089210510254,1,1
2149,2.864180088043213,0.016665471717715263,1,1
2150,3.312990665435791,0.07571039348840714,1,1
2151,3.5273144245147705,0.0026150979101657867,1,1
2152,3.0653133392333984,0.008323985151946545,1,1
2153,3.1297507286071777,0.12880393862724304,1,1
2154,3.8449082374572754,0.19904346764087677,1,1
2155,4.132876396179199,0.003945741802453995,1,1
2156,3.6185832023620605,0.020523931831121445,1,1
2157,3.2705953121185303,0.041341666132211685,1,1
2158,3.2875149250030518,0.008953551761806011,1,1
2159,3.372415781021118,0.0024806633591651917,1,1
2160,3.593296766281128,0.00022635619097854942,1,1
2161,3.8371520042419434,0.03087964653968811,1,1
2162,3.4357731342315674,0.038178734481334686,1,1
2163,3.7328903675079346,0.16532741487026215,1,1
2164,4.013405799865723,0.027389097958803177,1,1
2165,3.198862075805664,0.07586979866027832,1,1
2166,3.2894582748413086,0.3471021056175232,1,1
2167,3.556806802749634,0.34321272373199463,1,1
2168,3.4978487491607666,0.01347818411886692,1,1
2169,3.415971279144287,0.010961741209030151,1,1
2170,3.0531551837921143,0.04263889417052269,1,1
2171,3.6434009075164795,0.01154108252376318,1,1
2172,3.624798536300659,0.00034798766137100756,1,1
2173,3.0402607917785645,0.00044830478145740926,1,1
2174,3.0758891105651855,0.29473915696144104,1,1
2175,3.052729606628418,0.16735048592090607,1,1
2176,3.5711894035339355,0.16761115193367004,1,1
2177,3.5164036750793457,0.22129832208156586,1,1
2178,3.3657386302948,0.004037195350974798,1,1
2179,3.6447346210479736,0.01832178607583046,1,1
2180,3.307809591293335,0.017692437395453453,1,1
2181,3.677922010421753,0.0012468808563426137,1,1
2182,3.5798418521881104,0.04544968530535698,1,1
2183,3.1480681896209717,0.013556725345551968,1,1
2184,3.3359107971191406,0.3235233724117279,1,1
2185,3.1252386569976807,0.020171524956822395,1,1
2186,3.9910953044891357,0.29422593116760254,1,1
2187,3.3967137336730957,0.17056353390216827,1,1
2188,3.4073405265808105,0.5619770288467407,1,1
2189,3.1402249336242676,0.17444340884685516,1,1
2190,3.43036150932312,0.00116248510312289,1,1
2191,3.4722671508789062,0.15390141308307648,1,1
2192,3.361499071121216,0.001995604485273361,1,1
2193,3.164419174194336,0.23992466926574707,1,1
2194,3.4144577980041504,0.1096905991435051,1,1
2195,3.2328813076019287,0.02150878496468067,1,1
2196,2.8324737548828125,0.0729479119181633,1,1
2197,3.6294093132019043,0.23118512332439423,1,1
2198,3.7863197326660156,0.27988407015800476,1,1
2199,3.464449167251587,0.0693851187825203,1,1
2200,3.2433173656463623,0.03345814719796181,1,1
2201,3.537951707839966,0.3004775941371918,1,1
2202,2.9619834423065186,0.047001637518405914,1,1
2203,3.308647632598877,0.03589095175266266,1,1
2204,3.631514549255371,0.06952754408121109,1,1
2205,3.2154319286346436,0.1525716632604599,1,1
2206,2.572690963745117,0.10171013325452805,1,1
2207,2.916849136352539,0.17000602185726166,1,1
2208,3.31829571723938,0.5358953475952148,1,1
2209,3.131282329559326,0.004252144135534763,1,1
2210,3.2351434230804443,0.11453729122877121,1,1
2211,3.103829860687256,0.03150344640016556,1,1
2212,3.3954172134399414,0.610844612121582,1,1
2213,3.3623406887054443,1.4540975093841553,1,1
2214,3.346196174621582,1.0229729413986206,1,1
2215,3.589766502380371,0.6274591088294983,1,1
2216,3.485539197921753,0.31110769510269165,1,1
2217,3.1330323219299316,0.4497873783111572,1,1
2218,3.2179067134857178,0.4884871542453766,1,1
2219,3.2595624923706055,0.5601121187210083,1,1
2220,3.2494797706604004,0.2098289579153061,1,1
2221,3.089179277420044,0.0051926905289292336,1,1
2222,3.390634059906006,0.005464591085910797,1,1
2223,3.2229464054107666,0.08893512934446335,1,1
2224,3.0352706909179688,0.4826769530773163,1,1
2225,3.360044240951538,0.698225200176239,1,1
2226,3.787365198135376,0.8436890840530396,1,1
2227,3.619061231613159,0.31903794407844543,1,1
2228,3.575605630874634,0.6549369692802429,1,1
2229,3.3743488788604736,0.332432359457016,1,1
2230,3.7106761932373047,0.3566044270992279,1,1
2231,3.7631642818450928,0.045482609421014786,1,1
2232,3.8076319694519043,0.08721102029085159,1,1
2233,4.178555011749268,0.00761765381321311,1,1
2234,3.6681594848632812,0.057035502046346664,1,1
2235,3.8546531200408936,0.05772438272833824,1,1
2236,3.375969648361206,0.017651384696364403,1,1
2237,2.772158622741699,0.03080846183001995,1,1
2238,2.7843568325042725,0.10970337688922882,1,1
2239,2.2454793453216553,0.0013854772550985217,1,1
2240,2.7766594886779785,0.08988738805055618,1,1
2241,2.51218843460083,0.088590107858181,1,1
2242,2.72831392288208,0.0006427177577279508,1,1
2243,2.4576287269592285,0.005356693174690008,1,1
2244,2.708083152770996,0.3679189383983612,1,1
2245,2.7284374237060547,0.005079268012195826,1,1
2246,2.487772226333618,0.02308209054172039,1,1
2247,2.5742061138153076,0.016407346352934837,1,1
2248,2.516627311706543,0.1029573455452919,1,1
2249,2.902003288269043,0.017031239345669746,1,1
2250,2.5238635540008545,0.009211062453687191,1,1
2251,2.778141975402832,0.011044749990105629,1,1
2252,2.371724843978882,0.1143675222992897,1,1
2253,2.4366800785064697,0.34186846017837524,1,1
2254,2.5461623668670654,0.8706713914871216,1,1
2255,2.8232762813568115,0.7337439060211182,1,1
2256,3.45290470123291,0.7260597348213196,1,1
2257,3.757051706314087,0.40915828943252563,1,1
2258,2.956700563430786,0.7484485507011414,1,1
2259,3.485436201095581,0.5002938508987427,1,1
2260,3.633094549179077,0.4695987403392792,1,1
2261,3.5866947174072266,0.09659324586391449,1,1
2262,4.181033611297607,0.019295815378427505,1,1
2263,4.596335411071777,0.002024159301072359,1,1
2264,4.780581951141357,0.050019532442092896,1,1
2265,4.928739547729492,0.002771338913589716,1,1
2266,4.764250755310059,0.002070444170385599,1,1
2267,3.6490025520324707,0.060716092586517334,1,1
2268,3.4100403785705566,0.10242541879415512,1,1
2269,3.338627338409424,0.015950722619891167,1,1
2270,3.4448158740997314,0.012366057373583317,1,1
2271,3.8931097984313965,0.009763717651367188,1,1
2272,3.834423303604126,0.24188564717769623,1,1
2273,3.475005626678467,0.050934500992298126,1,1
2274,4.041439056396484,0.29993826150894165,1,1
2275,4.209175109863281,0.020187975838780403,1,1
2276,3.470856189727783,0.0004807472287211567,1,1
2277,3.576172113418579,0.00955694355070591,1,1
2278,3.9124138355255127,0.001975822960957885,1,1
2279,4.162085056304932,0.0009710380109027028,1,1
2280,3.6851935386657715,0.23770812153816223,1,1
2281,3.7492098808288574,0.23889529705047607,1,1
2282,3.683159351348877,0.41588959097862244,1,1
2283,3.504643440246582,0.03626489266753197,1,1
2284,3.9024384021759033,0.02332906611263752,1,1
2285,3.613860845565796,0.028508717194199562,1,1
2286,4.419934272766113,0.1079714298248291,1,1
2287,3.137495279312134,0.003160035703331232,1,1
2288,4.162173271179199,0.02621997706592083,1,1
2289,3.486948013305664,0.03259877488017082,1,1
2290,3.512202739715576,0.14646701514720917,1,1
2291,3.3760063648223877,0.19149567186832428,1,1
2292,3.5428309440612793,0.029411954805254936,1,1
2293,3.0813944339752197,0.13456085324287415,1,1
2294,2.3642094135284424,0.08643756061792374,1,1
2295,2.1978347301483154,0.21360328793525696,1,1
2296,2.5141639709472656,0.34930023550987244,1,1
2297,2.4937236309051514,0.01873953454196453,1,1
2298,2.9145047664642334,0.011927866376936436,1,1
2299,2.8766815662384033,0.22086270153522491,1,1
2300,2.849001407623291,0.07200222462415695,1,1
2301,3.095987558364868,0.005702546332031488,1,1
2302,2.8882179260253906,0.040801871567964554,1,1
2303,2.964071750640869,0.0715678408741951,1,1
2304,3.5445616245269775,0.008877010084688663,1,1
2305,3.1394472122192383,0.027751237154006958,1,1
2306,3.574375629425049,0.2491634637117386,1,1
2307,3.0584263801574707,0.019451631233096123,1,1
2308,3.394652843475342,0.2181047946214676,1,1
2309,2.9635579586029053,0.08545301109552383,1,1
2310,3.4010202884674072,0.00017301822663284838,1,1
2311,3.9992692470550537,0.011008269153535366,1,1
2312,3.2022082805633545,0.010537520982325077,1,1
2313,2.6241092681884766,0.05909108743071556,1,1
2314,3.2715601921081543,0.11950210481882095,1,1
2315,3.073996067047119,0.00957015622407198,1,1
2316,3.0231852531433105,0.09420868009328842,1,1
2317,3.1733269691467285,0.17399226129055023,1,1
2318,3.029691696166992,0.1578332781791687,1,1
2319,3.198934316635132,0.00476248562335968,1,1
2320,3.559784173965454,0.08102636784315109,1,1
2321,3.2783210277557373,0.017612939700484276,1,1
2322,3.573018789291382,0.03535182401537895,1,1
2323,3.1862359046936035,0.0038589320611208677,1,1
2324,3.297441005706787,0.006620004773139954,1,1
2325,3.4677414894104004,0.003344942582771182,1,1
2326,3.2947118282318115,0.05861349031329155,1,1
2327,3.1670045852661133,0.02366337925195694,1,1
2328,2.7919974327087402,0.03526115417480469,1,1
2329,3.2353827953338623,0.020209921523928642,1,1
2330,3.427813768386841,2.5277562141418457,1,1
2331,3.146902322769165,0.007367062848061323,1,1
2332,3.3306310176849365,0.07608792930841446,1,1
2333,3.0846307277679443,0.27507510781288147,1,1
2334,3.5052552223205566,0.20575542747974396,1,1
2335,3.1373348236083984,0.0010759757133200765,1,1
2336,3.3967387676239014,0.03290615975856781,1,1
2337,3.748037338256836,0.040544964373111725,1,1
2338,3.534973621368408,0.016700372099876404,1,1
2339,4.172891139984131,3.5224948078393936e-05,1,1
2340,3.4868643283843994,0.04811282083392143,1,1
2341,4.01862096786499,0.1859617680311203,1,1
2342,3.3523755073547363,0.24750910699367523,1,1
2343,2.5347378253936768,0.23855578899383545,1,1
2344,2.9712331295013428,0.001583167235367,1,1
2345,3.489553451538086,0.0030813277699053288,1,1
2346,3.8126909732818604,0.03917320445179939,1,1
2347,3.887817621231079,0.06831147521734238,1,1
2348,3.736736297607422,0.09165515005588531,1,1
2349,3.9688332080841064,0.39953628182411194,1,1
2350,4.008777141571045,0.1559526026248932,1,1
2351,3.8408873081207275,0.06446274369955063,1,1
2352,3.544328212738037,0.18778066337108612,1,1
2353,3.957016944885254,0.05226290971040726,1,1
2354,4.002659797668457,0.0390472412109375,1,1
2355,3.547276020050049,0.031001869589090347,1,1
2356,4.1341118812561035,0.047018375247716904,1,1
2357,4.230774879455566,0.18423455953598022,1,1
2358,3.4580013751983643,0.004419900476932526,1,1
2359,3.618515729904175,0.1326911747455597,1,1
2360,3.3998849391937256,0.12268563359975815,1,1
2361,3.7966160774230957,0.3711102306842804,1,1
2362,3.304042100906372,0.548043966293335,1,1
2363,3.038609266281128,0.17387957870960236,1,1
2364,3.245927572250366,0.002771338913589716,1,1
2365,3.598294258117676,0.05583420395851135,1,1
2366,2.8177316188812256,0.006451488472521305,1,1
2367,2.934615135192871,0.11748898029327393,1,1
2368,3.4703338146209717,0.003250731620937586,1,1
2369,2.4920220375061035,0.03001078963279724,1,1
2370,3.3686232566833496,0.04342363029718399,1,1
2371,3.5722763538360596,0.005674886982887983,1,1
2372,3.3428921699523926,0.015551045536994934,1,1
2373,3.5740482807159424,0.020358359441161156,1,1
2374,3.2783432006835938,0.4230649471282959,1,1
2375,3.1427505016326904,0.0049345046281814575,1,1
2376,3.4491560459136963,0.42456021904945374,1,1
2377,3.7327401638031006,0.10890573263168335,1,1
2378,3.4784998893737793,0.4059177339076996,1,1
2379,3.3768975734710693,0.6675240397453308,1,1
2380,3.0861198902130127,0.486735075712204,1,1
2381,3.1617271900177,0.16885404288768768,1,1
2382,3.582890033721924,0.013013933785259724,1,1
2383,3.0718846321105957,0.17869313061237335,1,1
2384,3.179638385772705,2.6599504963087384e-06,1,1
2385,3.4029908180236816,0.16794319450855255,1,1
2386,3.1855204105377197,0.058240264654159546,1,1
2387,2.945000410079956,0.04846484586596489,1,1
2388,3.3513362407684326,0.029933935031294823,1,1
2389,3.116644859313965,0.19229888916015625,1,1
2390,3.2446365356445312,0.0021502398885786533,1,1
2391,3.4254348278045654,0.030117882415652275,1,1
2392,3.3212692737579346,0.06283639371395111,1,1
2393,3.129211902618408,0.06588179618120193,1,1
2394,3.5055224895477295,0.554751455783844,1,1
2395,3.4428420066833496,0.0017785374075174332,1,1
2396,3.384777545928955,0.03497541323304176,1,1
2397,3.573136329650879,0.02048523724079132,1,1
2398,3.4483330249786377,0.0052512697875499725,1,1
2399,3.133737564086914,0.040591612458229065,1,1
2400,3.200801372528076,0.04771989583969116,1,1
2401,3.4068899154663086,0.027465814724564552,1,1
2402,3.4465510845184326,0.011402576230466366,1,1
2403,3.360800266265869,0.11960887908935547,1,1
2404,3.1341569423675537,0.027127796784043312,1,1
2405,3.219881296157837,0.06155122444033623,1,1
2406,3.0703303813934326,0.041036128997802734,1,1
2407,3.2661006450653076,0.003721103072166443,1,1
2408,2.810702323913574,0.007775125093758106,1,1
2409,2.792753219604492,0.042217474430799484,1,1
2410,3.1763176918029785,0.03659644350409508,1,1
2411,3.1857545375823975,0.04581663757562637,1,1
2412,3.457397222518921,0.010258055292069912,1,1
2413,3.1763877868652344,0.02218775823712349,1,1
2414,3.3985142707824707,0.18479004502296448,1,1
2415,3.400362014770508,0.01327949482947588,1,1
2416,3.5219414234161377,0.11094708740711212,1,1
2417,3.6223409175872803,0.06018460541963577,1,1
2418,3.214207649230957,0.000972241279669106,1,1
2419,3.115377187728882,0.010728583671152592,1,1
2420,3.439471960067749,0.0014245436759665608,1,1
2421,3.447422981262207,0.08278845250606537,1,1
2422,3.1387763023376465,0.08556588739156723,1,1
2423,3.5295960903167725,0.0007929955027066171,1,1
2424,3.239206314086914,0.21082918345928192,1,1
2425,3.6212379932403564,0.1375509351491928,1,1
2426,3.271238327026367,0.0072548422031104565,1,1
2427,3.3991010189056396,0.1733970046043396,1,1
2428,4.042956352233887,0.0005226732464507222,1,1
2429,3.3052945137023926,0.07592829316854477,1,1
2430,3.5896060466766357,0.498902291059494,1,1
2431,4.134347915649414,0.17925654351711273,1,1
2432,3.8800690174102783,1.1682510603350238e-06,1,1
2433,3.7071120738983154,0.7197253704071045,1,1
2434,4.656997203826904,0.060014259070158005,1,1
2435,3.400153398513794,0.43682122230529785,1,1
2436,3.0425851345062256,0.06311732530593872,1,1
2437,3.4527475833892822,0.03375181555747986,1,1
2438,3.5541584491729736,0.2542860805988312,1,1
2439,2.668985366821289,0.0007968046702444553,1,1
2440,3.9553966522216797,0.1672004908323288,1,1
2441,3.265312671661377,0.0008635246194899082,1,1
2442,3.7315337657928467,0.07837285846471786,1,1
2443,3.5811240673065186,0.0011330604320392013,1,1
2444,3.6515002250671387,0.02767733670771122,1,1
2445,3.8028604984283447,0.14975014328956604,1,1
2446,3.337873697280884,1.0013608932495117,1,1
2447,3.16398286819458,0.0005217911093495786,1,1
2448,3.3708858489990234,0.010098383761942387,1,1
2449,3.219393730163574,0.05955178290605545,1,1
2450,3.2789146900177,0.17354170978069305,1,1
2451,3.1265010833740234,0.024095851927995682,1,1
2452,3.1638448238372803,9.861225407803431e-05,1,1
2453,2.662052631378174,0.006224086973816156,1,1
2454,3.546945810317993,0.09242221713066101,1,1
2455,3.555760145187378,0.21933241188526154,1,1
2456,3.4556398391723633,0.3143889904022217,1,1
2457,2.972111701965332,0.48046693205833435,1,1
2458,3.1234652996063232,0.516602098941803,1,1
2459,3.1625659465789795,0.3324768543243408,1,1
2460,3.2544426918029785,0.5378045439720154,1,1
2461,3.5961697101593018,0.0003822777362074703,1,1
2462,3.564898729324341,0.01374162919819355,1,1
2463,3.343693971633911,0.0641641691327095,1,1
2464,2.579714298248291,0.04411816969513893,1,1
2465,2.6735992431640625,1.8608663594932295e-05,1,1
2466,2.374011754989624,0.023645568639039993,1,1
2467,3.2150137424468994,0.0032948986627161503,1,1
2468,3.1080081462860107,0.002236105501651764,1,1
2469,3.4884414672851562,0.11327356100082397,1,1
2470,3.799140691757202,0.515964150428772,1,1
2471,3.1750969886779785,0.3789941966533661,1,1
2472,3.0040996074676514,0.5125177502632141,1,1
2473,3.545743227005005,0.19795136153697968,1,1
2474,3.661531925201416,0.16951297223567963,1,1
2475,3.66483736038208,0.03486720845103264,1,1
2476,2.913672924041748,0.038959573954343796,1,1
2477,3.63443660736084,0.0010658696992322803,1,1
2478,3.5574026107788086,0.13927428424358368,1,1
2479,3.2307262420654297,0.28693267703056335,1,1
2480,3.736793279647827,0.30870088934898376,1,1
2481,2.6351566314697266,0.00279067805968225,1,1
2482,3.8761115074157715,0.07069788128137589,1,1
2483,3.137247085571289,0.6484395861625671,1,1
2484,3.632417678833008,0.06508660316467285,1,1
2485,2.6748764514923096,0.013617469929158688,1,1
2486,3.0549511909484863,0.00012901882291771472,1,1
2487,2.803230047225952,0.23996248841285706,1,1
2488,3.107262134552002,0.14558196067810059,1,1
2489,3.0576915740966797,0.12537740170955658,1,1
2490,3.0551066398620605,0.00399438664317131,1,1
2491,3.478729724884033,0.00585513561964035,1,1
2492,3.011923313140869,0.07567322254180908,1,1
2493,2.962540864944458,0.04783380776643753,1,1
2494,3.2473905086517334,0.24133539199829102,1,1
2495,4.121988773345947,0.20115874707698822,1,1
2496,3.3401708602905273,0.40244513750076294,1,1
2497,3.4690403938293457,0.9263559579849243,1,1
2498,3.5929529666900635,0.12283442169427872,1,1
2499,3.9958953857421875,0.0039179059676826,1,1
2500,3.7322537899017334,0.007690262980759144,1,1
2501,2.502040386199951,0.14278237521648407,1,1
2502,2.8522136211395264,0.3367641866207123,1,1
2503,3.465136766433716,0.03835241124033928,1,1
2504,2.8227546215057373,0.3414284884929657,1,1
2505,3.140422821044922,0.22490845620632172,1,1
2506,3.3292689323425293,0.12203749269247055,1,1
2507,3.300642490386963,0.06677655130624771,1,1
2508,3.7642154693603516,0.002588516566902399,1,1
2509,3.4992966651916504,0.31741565465927124,1,1
2510,3.5809125900268555,0.05991973355412483,1,1
2511,2.8159544467926025,0.033313553780317307,1,1
2512,3.4356017112731934,3.5777688935922924e-06,1,1
2513,3.543217420578003,0.12455862760543823,1,1
2514,3.651444911956787,0.00972561165690422,1,1
2515,3.588212251663208,0.047378990799188614,1,1
2516,3.193653106689453,0.002391122980043292,1,1
2517,3.4462242126464844,0.06499308347702026,1,1
2518,3.569852352142334,0.029009506106376648,1,1
2519,3.499537229537964,0.02890440635383129,1,1
2520,3.503685235977173,0.007062150631099939,1,1
2521,3.2571117877960205,0.13792340457439423,1,1
2522,3.857037305831909,0.12747739255428314,1,1
2523,3.5035722255706787,0.2773066461086273,1,1
2524,3.432032823562622,0.00043250853195786476,1,1
2525,3.448192596435547,0.004963018000125885,1,1
2526,3.679880380630493,0.016446925699710846,1,1
2527,3.570716381072998,0.02538292482495308,1,1
2528,3.717885732650757,0.011991188861429691,1,1
2529,3.4409244060516357,0.005733195226639509,1,1
2530,4.070034980773926,0.03296220302581787,1,1
2531,3.479236364364624,0.047665100544691086,1,1
2532,3.7349746227264404,0.18927237391471863,1,1
2533,3.627389669418335,0.007220359984785318,1,1
2534,3.6874401569366455,0.0049970694817602634,1,1
2535,3.7776412963867188,0.26192450523376465,1,1
2536,3.3117380142211914,1.33095383644104,1,1
2537,3.3997905254364014,1.2445814609527588,1,1
2538,3.528801441192627,0.03806191310286522,1,1
2539,3.678577423095703,0.9477671980857849,1,1
2540,3.6117610931396484,0.10804754495620728,1,1
2541,3.9216420650482178,0.26869460940361023,1,1
2542,3.004793405532837,0.33256587386131287,1,1
2543,2.8109288215637207,0.020570963621139526,1,1
2544,2.875276565551758,0.21013851463794708,1,1
2545,3.017561912536621,0.01050584390759468,1,1
2546,3.094144821166992,0.21157430112361908,1,1
2547,2.6606292724609375,0.039024364203214645,1,1
2548,3.510301113128662,0.27134236693382263,1,1
2549,2.6421186923980713,0.2880088984966278,1,1
2550,3.0143821239471436,0.0017292313277721405,1,1
2551,2.4233553409576416,0.012677060440182686,1,1
2552,3.1844375133514404,0.019459707662463188,1,1
2553,3.40480637550354,0.1003359779715538,1,1
2554,3.157827615737915,0.002182580530643463,1,1
2555,2.6793079376220703,0.046292975544929504,1,1
2556,3.341676712036133,0.00030950913787819445,1,1
2557,2.7332711219787598,0.03862124681472778,1,1
2558,3.169583320617676,0.0034201517701148987,1,1
2559,3.1844167709350586,0.00173565826844424,1,1
2560,3.351104974746704,0.23940499126911163,1,1
2561,3.2410740852355957,0.007954850792884827,1,1
2562,2.830734968185425,0.28135642409324646,1,1
2563,3.155090570449829,0.014593854546546936,1,1
2564,3.3337697982788086,0.010263919830322266,1,1
2565,2.7991106510162354,0.00531862024217844,1,1
2566,2.9921679496765137,0.0005544722080230713,1,1
2567,3.195530414581299,0.014816204085946083,1,1
2568,2.9065849781036377,0.06003317981958389,1,1
2569,3.6385631561279297,0.1501462459564209,1,1
2570,3.1597537994384766,0.01124443020671606,1,1
2571,3.4297473430633545,0.0415341854095459,1,1
2572,3.172504425048828,0.24217049777507782,1,1
2573,3.3655354976654053,0.10185791552066803,1,1
2574,3.2940404415130615,0.06702116876840591,1,1
2575,3.1780831813812256,0.07164014875888824,1,1
2576,3.18986177444458,0.014647533185780048,1,1
2577,3.6129095554351807,9.822929132496938e-05,1,1
2578,3.1328864097595215,0.005553409922868013,1,1
2579,3.515646457672119,0.03861745819449425,1,1
2580,3.4677090644836426,0.07649309188127518,1,1
2581,3.2448582649230957,0.07037493586540222,1,1
2582,3.8222827911376953,0.01782103441655636,1,1
2583,3.254828691482544,0.06846795231103897,1,1
2584,3.410407066345215,0.03452208265662193,1,1
2585,3.6480557918548584,0.26607975363731384,1,1
2586,3.8943231105804443,0.5593323111534119,1,1
2587,3.786195755004883,0.6736249327659607,1,1
2588,3.4385974407196045,0.0596507303416729,1,1
2589,3.7359139919281006,0.04576294869184494,1,1
2590,3.3459177017211914,0.11490338295698166,1,1
2591,3.4670300483703613,0.13256464898586273,1,1
2592,3.6563470363616943,0.013805053196847439,1,1
2593,3.3487467765808105,0.5565066337585449,1,1
2594,3.5017008781433105,0.15839353203773499,1,1
2595,3.546171188354492,0.15957099199295044,1,1
2596,3.317563056945801,0.060507018119096756,1,1
2597,3.446427583694458,0.07203848659992218,1,1
2598,3.482605218887329,0.04769882187247276,1,1
2599,3.008406400680542,0.10194417089223862,1,1
2600,4.0482940673828125,0.07056964188814163,1,1
2601,3.4308226108551025,0.0363384410738945,1,1
2602,3.2934184074401855,0.002089810324832797,1,1
2603,3.734494209289551,0.3551996648311615,1,1
2604,3.8537795543670654,0.37655043601989746,1,1
2605,3.579733371734619,0.2098289579153061,1,1
2606,3.582143545150757,0.42952966690063477,1,1
2607,3.1960599422454834,0.00157166866119951,1,1
2608,3.640605926513672,0.13440513610839844,1,1
2609,3.5452003479003906,0.0877133309841156,1,1
2610,3.6920082569122314,0.014647533185780048,1,1
2611,4.149493217468262,0.2981966435909271,1,1
2612,3.772022008895874,0.33571213483810425,1,1
2613,3.5493555068969727,0.030332637950778008,1,1
2614,3.7474796772003174,0.5323829650878906,1,1
2615,3.5749289989471436,0.23457546532154083,1,1
2616,3.489020824432373,0.02308209054172039,1,1
2617,4.211333751678467,0.03254304453730583,1,1
2618,3.768407106399536,0.03875032067298889,1,1
2619,3.4453818798065186,0.0001830611436162144,1,1
2620,3.551088809967041,0.0875190868973732,1,1
2621,2.6982126235961914,0.005182959139347076,1,1
2622,3.6803619861602783,0.040079936385154724,1,1
2623,2.8582565784454346,0.005537599325180054,1,1
2624,3.491245746612549,0.0002465331053826958,1,1
2625,3.2805354595184326,0.020857084542512894,1,1
2626,2.993328809738159,0.02246461622416973,1,1
2627,3.2110962867736816,0.002449996769428253,1,1
2628,2.986731767654419,0.03708173707127571,1,1
2629,3.8083925247192383,0.10198115557432175,1,1
2630,3.5292468070983887,0.1180122047662735,1,1
2631,3.3051865100860596,0.0922052413225174,1,1
2632,3.4631123542785645,0.008855201303958893,1,1
2633,2.9304654598236084,0.36481139063835144,1,1
2634,2.8423776626586914,0.0713459849357605,1,1
2635,2.4359145164489746,0.019341422244906425,1,1
2636,3.3668580055236816,0.001983551774173975,1,1
2637,3.0522682666778564,0.23555806279182434,1,1
2638,3.1920061111450195,0.5333269238471985,1,1
2639,3.2683472633361816,0.4823283851146698,1,1
2640,3.5372543334960938,1.2910652160644531,1,1
2641,3.6078107357025146,0.35600531101226807,1,1
2642,3.2530999183654785,0.013691897504031658,1,1
2643,3.7386021614074707,0.03911210596561432,1,1
2644,3.2169110774993896,0.037506651133298874,1,1
2645,3.161879301071167,0.011873122304677963,1,1
2646,3.775883197784424,0.022789785638451576,1,1
2647,3.901303291320801,0.0001595803623786196,1,1
2648,2.7654497623443604,0.0173602644354105,1,1
2649,1.6294296979904175,0.102536641061306,1,1
2650,2.06593656539917,1.2316741049289703e-06,1,1
2651,2.4541237354278564,0.14319108426570892,1,1
2652,2.7235679626464844,0.18759669363498688,1,1
2653,3.394881010055542,0.6353728771209717,1,1
2654,2.998882293701172,0.40781369805336,1,1
2655,3.49757981300354,0.09069935232400894,1,1
2656,2.6495378017425537,0.17083466053009033,1,1
2657,3.070878267288208,0.16449658572673798,1,1
2658,3.3493049144744873,0.4499686360359192,1,1
2659,3.353121042251587,0.3299442529678345,1,1
2660,3.0020875930786133,9.918808791553602e-05,1,1
2661,3.2454540729522705,0.008164511062204838,1,1
2662,3.42333722114563,0.48783984780311584,1,1
2663,2.8106846809387207,0.6838652491569519,1,1
2664,3.026599884033203,0.5526975989341736,1,1
2665,2.993472099304199,0.63839191198349,1,1
2666,3.0597763061523438,0.07793040573596954,1,1
2667,3.4706459045410156,0.972199559211731,1,1
2668,3.552095651626587,0.03195382282137871,1,1
2669,3.546330213546753,0.10449271649122238,1,1
2670,3.3680715560913086,0.15144288539886475,1,1
2671,3.7880561351776123,0.042384203523397446,1,1
2672,3.4600021839141846,0.35052186250686646,1,1
2673,3.2674741744995117,0.41663676500320435,1,1
2674,3.4386093616485596,0.2544613182544708,1,1
2675,3.7935070991516113,0.82212895154953,1,1
2676,3.278163194656372,0.11614982038736343,1,1
2677,3.609790086746216,0.02459273673593998,1,1
2678,3.2961599826812744,0.1299285590648651,1,1
2679,3.807394027709961,0.11862299591302872,1,1
2680,3.6797266006469727,0.16642795503139496,1,1
2681,3.183530330657959,1.076399803161621,1,1
2682,3.038276195526123,0.5536881685256958,1,1
2683,3.8329079151153564,0.31529873609542847,1,1
2684,3.3047499656677246,0.007007110398262739,1,1
2685,3.8016536235809326,0.02885192632675171,1,1
2686,2.842681646347046,0.7483651041984558,1,1
2687,3.415684700012207,0.025685174390673637,1,1
2688,4.3376054763793945,0.005423292517662048,1,1
2689,3.4775218963623047,0.04992029815912247,1,1
2690,2.7876670360565186,0.2968701124191284,1,1
2691,2.793877363204956,0.06710613518953323,1,1
2692,2.686840057373047,0.03267548605799675,1,1
2693,2.722686290740967,0.015819361433386803,1,1
2694,2.9583494663238525,0.023494446650147438,1,1
2695,2.9636662006378174,0.009335591457784176,1,1
2696,2.7460262775421143,0.22410368919372559,1,1
2697,2.6934540271759033,0.008112275041639805,1,1
2698,2.8899166584014893,0.04730340093374252,1,1
2699,3.041543483734131,0.0174519345164299,1,1
2700,2.310911178588867,0.001772031537257135,1,1
2701,2.8393731117248535,0.12552094459533691,1,1
2702,2.5780208110809326,0.03743566572666168,1,1
2703,3.219477891921997,0.16316071152687073,1,1
2704,2.6173524856567383,0.012177902273833752,1,1
2705,2.7753379344940186,0.0063127176836133,1,1
2706,2.5358359813690186,2.931067683675792e-05,1,1
2707,2.5116043090820312,0.09032771736383438,1,1
2708,2.7814249992370605,0.12172752618789673,1,1
2709,2.7235422134399414,0.0023236521519720554,1,1
2710,2.8327207565307617,0.21127255260944366,1,1
2711,3.032120704650879,0.19994865357875824,1,1
2712,2.881436347961426,0.11524384468793869,1,1
2713,3.5571422576904297,0.004912835545837879,1,1
2714,3.9381887912750244,0.22425904870033264,1,1
2715,3.0556108951568604,0.014910327270627022,1,1
2716,4.265064716339111,0.07172282785177231,1,1
2717,3.8319389820098877,0.10882294178009033,1,1
2718,3.9814257621765137,0.1455451399087906,1,1
2719,3.6963627338409424,0.3656279146671295,1,1
2720,4.008002281188965,0.4647703170776367,1,1
2721,3.6510486602783203,0.20421743392944336,1,1
2722,3.8833465576171875,0.026880402117967606,1,1
2723,3.7245588302612305,0.15045304596424103,1,1
2724,3.81693172454834,0.031318724155426025,1,1
2725,3.843247175216675,0.0001796820288291201,1,1
2726,3.496424436569214,0.013642256148159504,1,1
2727,3.6435556411743164,0.14820803701877594,1,1
2728,3.62945818901062,0.012118336744606495,1,1
2729,4.352445125579834,0.06137896329164505,1,1
2730,3.2897489070892334,4.069144051754847e-05,1,1
2731,3.0841763019561768,0.13245223462581635,1,1
2732,3.60068941116333,0.043931882828474045,1,1
2733,3.2632696628570557,0.0016249091131612659,1,1
2734,2.0694761276245117,0.046567466109991074,1,1
2735,3.1417148113250732,0.05130543187260628,1,1
2736,2.8426291942596436,0.2984813153743744,1,1
2737,2.98976469039917,0.2486145943403244,1,1
2738,3.1307928562164307,0.002009423915296793,1,1
2739,3.067415475845337,0.1416977494955063,1,1
2740,3.190333604812622,0.060630518943071365,1,1
2741,3.579394578933716,0.2195313274860382,1,1
2742,3.4615230560302734,0.08508103340864182,1,1
2743,3.4268031120300293,0.009133425541222095,1,1
2744,2.795830488204956,0.0022948996629565954,1,1
2745,3.0373828411102295,0.014964582398533821,1,1
2746,2.785618543624878,0.9737226366996765,1,1
2747,2.7299299240112305,0.26793476939201355,1,1
2748,3.4774696826934814,0.2060619592666626,1,1
2749,3.395461082458496,0.0029677548445761204,1,1
2750,3.838665008544922,0.020468665286898613,1,1
2751,3.788513660430908,0.013669322244822979,1,1
2752,3.6890671253204346,0.3111722767353058,1,1
2753,3.8803930282592773,0.09597038477659225,1,1
2754,3.532775640487671,0.018644539639353752,1,1
2755,3.329756259918213,0.13833945989608765,1,1
2756,3.359424591064453,0.03749917820096016,1,1
2757,3.952810049057007,0.005224728956818581,1,1
2758,3.7923943996429443,0.02607952430844307,1,1
2759,3.999284267425537,0.0004614774079527706,1,1
2760,4.01477575302124,0.002158302580937743,1,1
2761,3.3503942489624023,0.26550260186195374,1,1
2762,3.9727623462677,0.21902517974376678,1,1
2763,3.701075315475464,0.018707843497395515,1,1
2764,3.982266426086426,0.11199101060628891,1,1
2765,3.6361944675445557,0.025716116651892662,1,1
2766,3.6254215240478516,0.008216914720833302,1,1
2767,3.2973737716674805,0.21301496028900146,1,1
2768,3.7603583335876465,0.019597265869379044,1,1
2769,3.0002574920654297,0.10933291167020798,1,1
2770,3.1483709812164307,0.3517914414405823,1,1
2771,3.004304885864258,0.04232461750507355,1,1
2772,3.719449043273926,0.1378302425146103,1,1
2773,2.8774936199188232,0.025756368413567543,1,1
2774,2.9452528953552246,0.5460168719291687,1,1
2775,2.616821050643921,0.5551252365112305,1,1
2776,3.295358180999756,0.06699118763208389,1,1
2777,2.788201332092285,0.11609720438718796,1,1
2778,2.869795799255371,0.01837145909667015,1,1
2779,2.803372859954834,0.0006946140201762319,1,1
2780,2.7117362022399902,0.08674425631761551,1,1
2781,2.926621675491333,0.014213967137038708,1,1
2782,3.0174145698547363,0.00013166303688194603,1,1
2783,3.1829750537872314,0.06925299018621445,1,1
2784,2.568333148956299,0.0029698580037802458,1,1
2785,2.6822829246520996,0.013579207472503185,1,1
2786,2.766484498977661,0.07534968852996826,1,1
2787,2.5653462409973145,0.029055548831820488,1,1
2788,2.53530216217041,0.04485909268260002,1,1
2789,2.8100903034210205,0.11509319394826889,1,1
2790,2.4407997131347656,0.005198255181312561,1,1
2791,2.5738587379455566,0.06249817833304405,1,1
2792,2.3735761642456055,0.19270537793636322,1,1
2793,2.829425573348999,0.3005834221839905,1,1
2794,2.504575252532959,0.008902487345039845,1,1
2795,2.7972776889801025,0.34917476773262024,1,1
2796,2.8742752075195312,1.7461274183006026e-05,1,1
2797,2.7718496322631836,6.94105392540223e-06,1,1
2798,3.2025887966156006,9.727515134727582e-05,1,1
2799,3.1242308616638184,0.05781252309679985,1,1
2800,3.3093907833099365,0.008917062543332577,1,1
2801,3.9811038970947266,0.10029929876327515,1,1
2802,3.88673734664917,0.059372931718826294,1,1
2803,3.25114107131958,0.028206447139382362,1,1
2804,3.266491651535034,0.19330741465091705,1,1
2805,3.4930360317230225,0.0019391038222238421,1,1
2806,3.42303204536438,0.1523003727197647,1,1
2807,3.720219850540161,3.420151915634051e-05,1,1
2808,3.3926713466644287,0.004490756895393133,1,1
2809,3.61538028717041,0.1502734273672104,1,1
2810,3.505918264389038,0.009853559546172619,1,1
2811,3.738145112991333,0.3079613745212555,1,1
2812,3.6666810512542725,0.02864248864352703,1,1
2813,4.091739654541016,0.002021554857492447,1,1
2814,3.5419890880584717,0.02857719361782074,1,1
2815,3.7852561473846436,0.000278413383057341,1,1
2816,3.3976709842681885,0.028303777799010277,1,1
2817,3.3457930088043213,0.31673094630241394,1,1
2818,3.9422950744628906,0.09281577914953232,1,1
2819,2.900653839111328,0.03867436945438385,1,1
2820,3.136619806289673,0.01039928663522005,1,1
2821,3.192598342895508,0.04546614736318588,1,1
2822,2.8739821910858154,0.27944517135620117,1,1
2823,3.5584471225738525,0.23670227825641632,1,1
2824,3.4756808280944824,0.15450775623321533,1,1
2825,4.309624195098877,0.38847535848617554,1,1
2826,3.3191003799438477,0.09013639390468597,1,1
2827,3.80790638923645,0.0023948997259140015,1,1
2828,3.1496999263763428,0.016692889854311943,1,1
2829,3.5420360565185547,0.06343776732683182,1,1
2830,3.692023992538452,0.09617379307746887,1,1
2831,4.2336320877075195,0.152737557888031,1,1
2832,3.4544992446899414,0.9278985261917114,1,1
2833,3.8031725883483887,0.21464824676513672,1,1
2834,3.939035415649414,0.22510071098804474,1,1
2835,4.311095714569092,0.5285733342170715,1,1
2836,4.066869258880615,0.034246500581502914,1,1
2837,3.8550312519073486,0.312055766582489,1,1
2838,3.667893886566162,0.006950676441192627,1,1
2839,4.052520751953125,0.06765725463628769,1,1
2840,3.598072052001953,0.1162419319152832,1,1
2841,3.7644922733306885,6.308117735898122e-05,1,1
2842,3.782881259918213,0.6532511115074158,1,1
2843,3.794081687927246,0.0427745096385479,1,1
2844,3.64902925491333,0.1286446750164032,1,1
2845,3.996434211730957,0.18597841262817383,1,1
2846,3.377847909927368,0.00015044967585708946,1,1
2847,4.304129123687744,0.14673306047916412,1,1
2848,3.6667661666870117,0.12498132139444351,1,1
2849,3.6302590370178223,0.007347196340560913,1,1
2850,4.040650844573975,0.024065900593996048,1,1
2851,3.6433255672454834,0.1263565868139267,1,1
2852,3.5329644680023193,0.3540962040424347,1,1
2853,3.3629262447357178,0.8879556059837341,1,1
2854,3.581225633621216,0.010949620045721531,1,1
2855,3.4330077171325684,0.45418626070022583,1,1
2856,3.6717946529388428,0.49059388041496277,1,1
2857,3.6311702728271484,0.013987070880830288,1,1
2858,3.4446914196014404,0.21354977786540985,1,1
2859,3.1582343578338623,0.048784054815769196,1,1
2860,3.0622165203094482,0.001407837844453752,1,1
2861,3.044011116027832,0.4416693150997162,1,1
2862,3.201380491256714,0.2765144407749176,1,1
2863,3.4919285774230957,0.614364504814148,1,1
2864,3.4788777828216553,0.024396387860178947,1,1
2865,3.646801233291626,0.2246064990758896,1,1
2866,3.211324691772461,0.19368098676204681,1,1
2867,3.1472930908203125,0.004468795843422413,1,1
2868,2.9077534675598145,1.2957847118377686,1,1
2869,3.095304489135742,0.19456538558006287,1,1
2870,3.7485806941986084,0.5664132833480835,1,1
2871,3.13700008392334,0.4947393536567688,1,1
2872,2.806417942047119,0.5412637591362,1,1
2873,3.217733383178711,0.00862066075205803,1,1
2874,3.3618085384368896,0.00040642180829308927,1,1
2875,3.600548028945923,0.007093002088367939,1,1
2876,3.1783483028411865,0.0003458307182881981,1,1
2877,3.5975120067596436,0.1593397706747055,1,1
2878,3.326636552810669,0.11417178064584732,1,1
2879,3.339672088623047,0.15800201892852783,1,1
2880,2.6939265727996826,0.06369080394506454,1,1
2881,3.3714702129364014,0.010246329009532928,1,1
2882,2.8252432346343994,0.06121649220585823,1,1
2883,3.4181816577911377,0.07297397404909134,1,1
2884,3.2886359691619873,0.0015058034332469106,1,1
2885,3.4282264709472656,0.01077661756426096,1,1
2886,3.5967414379119873,0.08051622658967972,1,1
2887,3.6757025718688965,0.011793338693678379,1,1
2888,3.3114662170410156,0.00013033757568337023,1,1
2889,3.66654896736145,0.19863896071910858,1,1
2890,3.776707410812378,0.011050836183130741,1,1
2891,3.122694492340088,0.012956748716533184,1,1
2892,2.988593101501465,0.38823479413986206,1,1
2893,3.0123443603515625,0.29683858156204224,1,1
2894,3.449220895767212,0.46835628151893616,1,1
2895,3.236982583999634,0.36749762296676636,1,1
2896,2.9895315170288086,0.3676380217075348,1,1
2897,3.0458362102508545,0.14834925532341003,1,1
2898,3.1471011638641357,0.04641764238476753,1,1
2899,2.7933692932128906,0.12991464138031006,1,1
2900,3.6694037914276123,0.0526430681347847,1,1
2901,3.2853591442108154,0.13779442012310028,1,1
2902,3.0477840900421143,0.506964385509491,1,1
2903,3.1080174446105957,0.15447740256786346,1,1
2904,3.582705497741699,0.07794656604528427,1,1
2905,3.3023147583007812,0.04518672451376915,1,1
2906,3.116973638534546,0.03162689134478569,1,1
2907,3.2212460041046143,0.05234236270189285,1,1
2908,3.2783472537994385,0.3834511935710907,1,1
2909,3.79679799079895,0.018079625442624092,1,1
2910,3.100742816925049,0.014403285458683968,1,1
2911,3.527602434158325,0.04739999771118164,1,1
2912,3.4459147453308105,0.0014107361203059554,1,1
2913,3.8943674564361572,0.12242888659238815,1,1
2914,3.785271167755127,0.0006704115658067167,1,1
2915,4.206780910491943,0.018123770132660866,1,1
2916,3.9261221885681152,1.5503168469876982e-05,1,1
2917,3.7424817085266113,1.1869613445014693e-05,1,1
2918,3.396411418914795,0.03046724759042263,1,1
2919,3.746950387954712,0.022994203492999077,1,1
2920,3.6390020847320557,0.03822777420282364,1,1
2921,3.473229169845581,0.010133326053619385,1,1
2922,3.720369577407837,0.25339147448539734,1,1
2923,3.3283274173736572,0.0064732106402516365,1,1
2924,3.2612595558166504,0.39298757910728455,1,1
2925,3.677818775177002,0.324182391166687,1,1
2926,3.928126096725464,0.19152100384235382,1,1
2927,4.0297627449035645,0.0025698922108858824,1,1
2928,3.7537360191345215,0.000793539104051888,1,1
2929,3.74900221824646,0.029016081243753433,1,1
2930,3.525141716003418,0.028096342459321022,1,1
2931,3.464113712310791,0.10380754619836807,1,1
2932,3.9420368671417236,0.2724393606185913,1,1
2933,3.6863882541656494,0.005603865720331669,1,1
2934,3.7851459980010986,0.007846768945455551,1,1
2935,3.4385783672332764,0.0007612520130351186,1,1
2936,3.7090272903442383,0.004165744874626398,1,1
2937,3.845939874649048,0.011982736177742481,1,1
2938,3.6095683574676514,0.19591285288333893,1,1
2939,3.3702361583709717,0.0017956718802452087,1,1
2940,3.787501811981201,0.04406953603029251,1,1
2941,3.4378812313079834,0.012499487958848476,1,1
2942,3.6260879039764404,0.15800201892852783,1,1
2943,3.5556623935699463,0.02509775198996067,1,1
2944,3.5529909133911133,0.01389818824827671,1,1
2945,3.718344211578369,0.004559569992125034,1,1
2946,2.6965389251708984,0.1852300465106964,1,1
2947,3.570040225982666,0.0029268895741552114,1,1
2948,3.649576425552368,0.09850417822599411,1,1
2949,3.4217827320098877,0.08156568557024002,1,1
2950,3.418041706085205,0.055397238582372665,1,1
2951,3.244870901107788,0.000664427992887795,1,1
2952,3.5269315242767334,0.005062774755060673,1,1
2953,3.067034959793091,0.0013412931002676487,1,1
2954,3.1545348167419434,0.0036182149779051542,1,1
2955,3.641284704208374,0.045573215931653976,1,1
2956,3.3362419605255127,0.006667200475931168,1,1
2957,2.9855117797851562,0.009059791453182697,1,1
2958,3.2260329723358154,0.40988704562187195,1,1
2959,3.278550148010254,0.40217581391334534,1,1
2960,3.3760359287261963,1.4966707229614258,1,1
2961,3.5907351970672607,0.5303288698196411,1,1
2962,3.1156253814697266,0.06525906175374985,1,1
2963,3.130596876144409,0.23487471044063568,1,1
2964,3.2707440853118896,0.1358809769153595,1,1
2965,3.222993850708008,0.014133542776107788,1,1
2966,3.0722146034240723,0.03144523501396179,1,1
2967,3.722543716430664,0.2275615781545639,1,1
2968,2.1781327724456787,0.006777975708246231,1,1
2969,2.422029733657837,0.11680854856967926,1,1
2970,3.3738765716552734,0.07908771932125092,1,1
2971,3.4997801780700684,0.16890956461429596,1,1
2972,3.0928404331207275,0.20832863450050354,1,1
2973,3.0979039669036865,0.015450119972229004,1,1
2974,3.559174060821533,0.35432595014572144,1,1
2975,3.0776803493499756,0.03247692063450813,1,1
2976,3.1746485233306885,0.0019552861340343952,1,1
2977,3.01668119430542,0.5008673667907715,1,1
2978,2.8721296787261963,0.14268028736114502,1,1
2979,3.4748644828796387,0.01916733756661415,1,1
2980,3.4542739391326904,0.03381567448377609,1,1
2981,3.9026660919189453,0.00044544870615936816,1,1
2982,3.4710824489593506,0.11083139479160309,1,1
2983,3.4701778888702393,0.03540264815092087,1,1
2984,2.839641809463501,0.0188771802932024,1,1
2985,3.0363893508911133,0.06464909762144089,1,1
2986,3.082876443862915,0.037915196269750595,1,1
2987,3.5355894565582275,0.18945714831352234,1,1
2988,3.607957124710083,0.05656629800796509,1,1
2989,2.82395076751709,0.18113276362419128,1,1
2990,3.16978120803833,0.235352024435997,1,1
2991,3.532249927520752,0.009203653782606125,1,1
2992,4.096686363220215,0.31194794178009033,1,1
2993,4.361874580383301,0.15165327489376068,1,1
2994,3.649730920791626,0.0018658653134480119,1,1
2995,2.8124279975891113,0.21129028499126434,1,1
2996,3.2956721782684326,0.009626884944736958,1,1
2997,3.125124931335449,0.12144487351179123,1,1
2998,2.8102867603302,0.19723926484584808,1,1
2999,3.4302639961242676,0.07687791436910629,1,1
3000,3.515838384628296,0.0840538963675499,1,1
3001,3.569017171859741,0.0005966016324236989,1,1
3002,3.6221485137939453,0.0272551029920578,1,1
3003,3.2233848571777344,0.2346128672361374,1,1
3004,3.3420519828796387,0.21100647747516632,1,1
3005,2.6769521236419678,0.7971557974815369,1,1
3006,2.6706995964050293,0.2286493331193924,1,1
3007,2.603046178817749,0.06613469868898392,1,1
3008,2.6813910007476807,0.004601370543241501,1,1
3009,3.3861074447631836,0.46353426575660706,1,1
3010,3.3624913692474365,0.8880829215049744,1,1
3011,3.444967031478882,0.5814297199249268,1,1
3012,3.2745237350463867,0.30181214213371277,1,1
3013,3.691145420074463,0.19546887278556824,1,1
3014,3.5904719829559326,0.46785447001457214,1,1
3015,3.0521528720855713,0.00407776702195406,1,1
3016,2.9093616008758545,0.21264098584651947,1,1
3017,3.0362584590911865,0.0009770618053153157,1,1
3018,3.3760323524475098,0.08967918902635574,1,1
3019,3.8911218643188477,0.000370668713003397,1,1
3020,3.4785165786743164,0.12172079086303711,1,1
3021,3.648024559020996,0.011334664188325405,1,1
3022,3.7371938228607178,0.02314077503979206,1,1
3023,3.498243808746338,0.011570128612220287,1,1
3024,3.2139244079589844,0.23891416192054749,1,1
3025,3.8875129222869873,0.11866288632154465,1,1
3026,3.7574832439422607,0.02041347697377205,1,1
3027,3.2649457454681396,0.0018583693308755755,1,1
3028,2.9491496086120605,0.4057333171367645,1,1
3029,2.8519346714019775,0.04698071628808975,1,1
3030,3.2671592235565186,0.04019981250166893,1,1
3031,3.48042631149292,0.15217234194278717,1,1
3032,3.506025791168213,0.0016671940684318542,1,1
3033,3.2325847148895264,0.13568894565105438,1,1
3034,3.4371068477630615,0.00853485707193613,1,1
3035,3.5824646949768066,0.23089753091335297,1,1
3036,3.3451595306396484,0.008906129747629166,1,1
3037,3.5265400409698486,0.012080121785402298,1,1
3038,3.7442116737365723,0.120572030544281,1,1
3039,3.2776424884796143,0.0383070670068264,1,1
3040,3.188692331314087,0.03811841830611229,1,1
3041,3.4022910594940186,0.046888723969459534,1,1
3042,3.300708770751953,0.08535148203372955,1,1
3043,3.3740620613098145,0.03994094952940941,1,1
3044,3.3653736114501953,0.06987404823303223,1,1
3045,3.6885719299316406,0.08276624232530594,1,1
3046,3.493454933166504,0.01906326599419117,1,1
3047,3.2956161499023438,0.28025180101394653,1,1
3048,3.5248260498046875,0.002026765141636133,1,1
3049,3.6556270122528076,0.047450434416532516,1,1
3050,3.470275640487671,0.002071322640404105,1,1
3051,3.540731906890869,0.01370997168123722,1,1
3052,3.0928614139556885,0.0036321603693068027,1,1
3053,3.3266425132751465,0.0257501732558012,1,1
3054,3.1236379146575928,0.5144817233085632,1,1
3055,3.5695457458496094,0.14177767932415009,1,1
3056,3.5116281509399414,0.06904997676610947,1,1
3057,3.4791202545166016,0.23611107468605042,1,1
3058,3.2992115020751953,0.256441593170166,1,1
3059,3.1847174167633057,0.08451898396015167,1,1
3060,3.3986594676971436,0.13702170550823212,1,1
3061,3.5061593055725098,0.2953052520751953,1,1
3062,3.3968966007232666,0.03246648609638214,1,1
3063,3.7767155170440674,0.017602695152163506,1,1
3064,3.2361371517181396,0.009052444249391556,1,1
3065,3.418839693069458,0.0012729138834401965,1,1
3066,3.6686060428619385,0.1861615777015686,1,1
3067,3.320901393890381,0.000589082483202219,1,1
3068,3.2311296463012695,0.15447740256786346,1,1
3069,2.861126184463501,0.0361693911254406,1,1
3070,3.0004241466522217,0.01259461510926485,1,1
3071,3.325918197631836,0.1587163209915161,1,1
3072,2.976071834564209,0.7386126518249512,1,1
3073,3.0574352741241455,0.12956009805202484,1,1
3074,3.074100971221924,0.0965692475438118,1,1
3075,3.2502522468566895,0.052139438688755035,1,1
3076,3.0816586017608643,0.0034563676454126835,1,1
3077,3.5190212726593018,0.0023329653777182102,1,1
3078,3.0160322189331055,0.46532317996025085,1,1
3079,3.236116647720337,0.31764402985572815,1,1
3080,3.501276969909668,0.10929461568593979,1,1
3081,3.101757764816284,0.05608532577753067,1,1
3082,3.58823299407959,0.0037058130837976933,1,1
3083,3.4803953170776367,0.009974632412195206,1,1
3084,3.7146663665771484,0.3099568486213684,1,1
3085,3.782670497894287,0.022035643458366394,1,1
3086,3.626549005508423,0.00710601219907403,1,1
3087,3.390192985534668,0.004475249443203211,1,1
3088,2.9071459770202637,0.5151464939117432,1,1
3089,3.7309083938598633,0.1938084214925766,1,1
3090,3.1747655868530273,0.01234031468629837,1,1
3091,3.5413858890533447,0.014174875803291798,1,1
3092,3.0622847080230713,0.28018030524253845,1,1
3093,3.380687713623047,0.02362479828298092,1,1
3094,3.3584468364715576,0.0584547221660614,1,1
3095,3.2094509601593018,0.031482893973588943,1,1
3096,2.9596426486968994,0.06963445991277695,1,1
3097,3.0805411338806152,0.6217845678329468,1,1
3098,3.3461363315582275,0.30715855956077576,1,1
3099,3.2551846504211426,0.06479641050100327,1,1
3100,3.5923714637756348,0.04347190633416176,1,1
3101,3.9147884845733643,0.3410451412200928,1,1
3102,3.476423978805542,0.2137460559606552,1,1
3103,3.0908701419830322,0.029151035472750664,1,1
3104,3.351771354675293,0.1428917944431305,1,1
3105,3.388241767883301,0.046780120581388474,1,1
3106,3.2667829990386963,0.025543078780174255,1,1
3107,3.5588324069976807,0.19444620609283447,1,1
3108,3.1190264225006104,0.01005575805902481,1,1
3109,3.163208246231079,0.0005872101755812764,1,1
3110,3.6384036540985107,0.10573171824216843,1,1
3111,3.6521553993225098,0.00038681962178088725,1,1
3112,4.268917560577393,0.00038265521288849413,1,1
3113,3.5290660858154297,0.7219540476799011,1,1
3114,2.8088998794555664,0.28065043687820435,1,1
3115,3.359795331954956,0.6030555963516235,1,1
3116,3.488068103790283,1.2398273944854736,1,1
3117,3.722332239151001,1.3419541120529175,1,1
3118,3.788266897201538,0.9818338751792908,1,1
3119,4.134487628936768,0.5121585726737976,1,1
3120,3.4865167140960693,0.2966388165950775,1,1
3121,3.6753056049346924,0.03324313461780548,1,1
3122,3.0551908016204834,0.2725602686405182,1,1
3123,3.043240547180176,0.0004648003668989986,1,1
3124,3.642207384109497,0.15375001728534698,1,1
3125,3.1753334999084473,0.23571732640266418,1,1
3126,3.3434159755706787,0.22781944274902344,1,1
3127,3.383563280105591,0.015992188826203346,1,1
3128,3.105625629425049,0.030710294842720032,1,1
3129,2.7558536529541016,0.10553725063800812,1,1
3130,2.7260661125183105,0.33202072978019714,1,1
3131,2.920041561126709,0.014750494621694088,1,1
3132,2.9118525981903076,0.09508749842643738,1,1
3133,3.033745527267456,0.0317712239921093,1,1
3134,3.172023296356201,0.025076353922486305,1,1
3135,3.1089518070220947,0.31871098279953003,1,1
3136,3.1840896606445312,0.22800374031066895,1,1
3137,3.8581738471984863,0.30893683433532715,1,1
3138,2.997668504714966,0.35453277826309204,1,1
3139,3.5689492225646973,7.443465437972918e-05,1,1
3140,3.2325661182403564,0.0009211734868586063,1,1
3141,3.780911684036255,0.04255125671625137,1,1
3142,3.5043985843658447,0.8715901374816895,1,1
3143,4.148846626281738,0.0026150979101657867,1,1
3144,3.3596012592315674,0.475649356842041,1,1
3145,3.8603227138519287,0.4214344918727875,1,1
3146,3.9102747440338135,0.1386195868253708,1,1
3147,3.357701063156128,0.031387075781822205,1,1
3148,3.2638397216796875,0.2487974911928177,1,1
3149,2.6388838291168213,0.04044398292899132,1,1
3150,3.304656505584717,0.04196799919009209,1,1
3151,3.000171184539795,0.31585168838500977,1,1
3152,3.194901943206787,0.011510000564157963,1,1
3153,3.3793818950653076,0.03209197521209717,1,1
3154,3.0998687744140625,0.002421420067548752,1,1
3155,3.2866384983062744,0.012099221348762512,1,1
3156,2.8898141384124756,0.010517717339098454,1,1
3157,3.0025475025177,0.1387130171060562,1,1
3158,3.006317377090454,0.39412572979927063,1,1
3159,3.468592405319214,0.07122746109962463,1,1
3160,3.187737226486206,0.06348152458667755,1,1
3161,3.185053825378418,0.04929695650935173,1,1
3162,3.031801462173462,0.007272937335073948,1,1
3163,3.2252416610717773,0.17018114030361176,1,1
3164,2.857647657394409,0.0011862964602187276,1,1
3165,3.241934299468994,2.3097172743291594e-05,1,1
3166,3.2578389644622803,0.23042476177215576,1,1
3167,3.3023319244384766,0.15479618310928345,1,1
3168,3.436504364013672,0.0874791219830513,1,1
3169,3.106001138687134,0.0689232349395752,1,1
3170,3.364157199859619,0.5766417980194092,1,1
3171,3.2323484420776367,0.003934837877750397,1,1
3172,2.900918960571289,0.7600817680358887,1,1
3173,3.7173330783843994,0.0004072003939654678,1,1
3174,3.2242491245269775,0.03067309968173504,1,1
3175,3.5948405265808105,0.0002894708013627678,1,1
3176,3.6540374755859375,0.3767281174659729,1,1
3177,3.084188222885132,0.32592105865478516,1,1
3178,3.6051604747772217,0.00031565138488076627,1,1
3179,3.0495681762695312,0.18187282979488373,1,1
3180,3.633805274963379,0.11227539926767349,1,1
3181,3.0977985858917236,0.036744289100170135,1,1
3182,3.672731399536133,0.0776020810008049,1,1
3183,3.094820261001587,0.04676760360598564,1,1
3184,3.385753631591797,0.0052820853888988495,1,1
3185,3.6498844623565674,0.03570835664868355,1,1
3186,2.883030891418457,0.0379076823592186,1,1
3187,3.074242353439331,0.10642949491739273,1,1
3188,3.18220591545105,0.47153177857398987,1,1
3189,2.7269434928894043,0.07420964539051056,1,1
3190,3.0473246574401855,0.015287413261830807,1,1
3191,3.1287403106689453,0.10581959784030914,1,1
3192,3.8489441871643066,0.0022115304600447416,1,1
3193,3.2773241996765137,0.4454099237918854,1,1
3194,3.1265432834625244,0.09726625680923462,1,1
3195,3.5457074642181396,0.015170702710747719,1,1
3196,3.888174057006836,0.37438613176345825,1,1
3197,3.772683620452881,0.13157562911510468,1,1
3198,3.3152434825897217,0.18307656049728394,1,1
3199,3.5201690196990967,0.01291723269969225,1,1
3200,3.4348394870758057,0.017538735643029213,1,1
3201,3.511181354522705,0.14648179709911346,1,1
3202,3.539485216140747,0.04060716927051544,1,1
3203,3.5863306522369385,0.07909315079450607,1,1
3204,3.299743175506592,0.03251171112060547,1,1
3205,3.6860787868499756,0.23195603489875793,1,1
3206,3.553469181060791,0.16818057000637054,1,1
3207,3.733619213104248,0.09820152074098587,1,1
3208,3.6868972778320312,0.0011259251041337848,1,1
3209,3.7537736892700195,0.0010608346201479435,1,1
3210,3.2848916053771973,0.1554195135831833,1,1
3211,3.2270727157592773,0.007443465292453766,1,1
3212,2.996758222579956,0.076926089823246,1,1
3213,3.5377213954925537,0.09200607985258102,1,1
3214,3.445636034011841,0.43469348549842834,1,1
3215,3.4241082668304443,0.20765085518360138,1,1
3216,2.9728565216064453,0.0009258658974431455,1,1
3217,3.156219959259033,0.08897542208433151,1,1
3218,3.2533810138702393,0.19012141227722168,1,1
3219,3.2407639026641846,0.005420450121164322,1,1
3220,3.6675209999084473,0.048792582005262375,1,1
3221,3.5044944286346436,0.05460960790514946,1,1
3222,3.8916523456573486,0.20521298050880432,1,1
3223,3.8650946617126465,0.044565241783857346,1,1
3224,3.7206108570098877,0.23284927010536194,1,1
3225,3.455354928970337,0.00040486687794327736,1,1
3226,4.099952220916748,0.001180984196253121,1,1
3227,3.420438051223755,0.2962709963321686,1,1
3228,3.7646982669830322,0.176772803068161,1,1
3229,3.988131046295166,0.019700074568390846,1,1
3230,3.8373830318450928,0.007892998866736889,1,1
3231,3.835076332092285,0.1373147964477539,1,1
3232,3.0288329124450684,0.08107032626867294,1,1
3233,2.9366512298583984,0.052267324179410934,1,1
3234,3.09367036819458,0.006963555701076984,1,1
3235,3.7173421382904053,0.05605790764093399,1,1
3236,3.28029203414917,0.8417931795120239,1,1
3237,3.879335641860962,0.10970337688922882,1,1
3238,4.045695781707764,0.5159086585044861,1,1
3239,3.63433575630188,0.01147482544183731,1,1
3240,3.192166805267334,0.21743829548358917,1,1
3241,3.555438280105591,0.3220977783203125,1,1
3242,3.20855975151062,0.0010620922548696399,1,1
3243,3.4784622192382812,0.0036368146538734436,1,1
3244,2.9617934226989746,0.027715880423784256,1,1
3245,3.3441574573516846,0.0013554678298532963,1,1
3246,3.1329033374786377,0.000534208957105875,1,1
3247,3.1792852878570557,1.3150583505630493,1,1
3248,3.2829813957214355,0.15535102784633636,1,1
3249,2.905200481414795,0.2799249291419983,1,1
3250,3.109241008758545,0.10321761667728424,1,1
3251,3.481050729751587,0.004179459065198898,1,1
3252,3.72098970413208,0.3889205753803253,1,1
3253,3.559751272201538,0.7151641845703125,1,1
3254,3.1208882331848145,0.579253613948822,1,1
3255,3.582911252975464,0.3622512221336365,1,1
3256,3.547358274459839,0.3218458890914917,1,1
3257,3.390413999557495,0.3486275374889374,1,1
3258,3.9130775928497314,0.1255551427602768,1,1
3259,3.7903106212615967,0.026772920042276382,1,1
3260,3.351090908050537,0.04184551537036896,1,1
3261,3.386906862258911,0.0033684258814901114,1,1
3262,3.4911720752716064,0.05690651014447212,1,1
3263,3.524956464767456,0.0681299939751625,1,1
3264,3.594386577606201,0.02000192366540432,1,1
3265,3.321280002593994,0.04188501089811325,1,1
3266,3.245025157928467,0.02770945429801941,1,1
3267,3.6176705360412598,0.004803866613656282,1,1
3268,3.365846633911133,0.0019604102708399296,1,1
3269,3.9136040210723877,0.012566471472382545,1,1
3270,3.886157989501953,0.005444634240120649,1,1
3271,3.1113953590393066,0.003559247124940157,1,1
3272,3.44031023979187,0.13470248878002167,1,1
3273,3.269244432449341,0.020196203142404556,1,1
3274,3.263728380203247,0.00038644010783173144,1,1
3275,2.922588586807251,0.763805091381073,1,1
3276,3.483994245529175,0.0036135725677013397,1,1
3277,3.7587194442749023,0.0007708677439950407,1,1
3278,3.741196870803833,0.007362093776464462,1,1
3279,4.112412929534912,0.09298637509346008,1,1
3280,3.67260479927063,0.25849828124046326,1,1
3281,3.5886740684509277,0.45334115624427795,1,1
3282,2.5919389724731445,0.3681999742984772,1,1
3283,3.422416925430298,0.053957562893629074,1,1
3284,3.604369640350342,0.3059830367565155,1,1
3285,3.400395154953003,0.27369001507759094,1,1
3286,3.2353827953338623,0.03489243984222412,1,1
3287,3.042205572128296,0.030517801642417908,1,1
3288,3.8506321907043457,0.22900016605854034,1,1
3289,3.5639076232910156,0.4782620072364807,1,1
3290,3.2433221340179443,0.013628733344376087,1,1
3291,3.376063585281372,0.1387561410665512,1,1
3292,1.725455403327942,0.22672449052333832,1,1
3293,2.493748664855957,0.1682676523923874,1,1
3294,3.3658719062805176,0.03595679998397827,1,1
3295,3.5966405868530273,0.03088643029332161,1,1
3296,3.6930172443389893,0.010071247816085815,1,1
3297,3.6638834476470947,0.10498619079589844,1,1
3298,3.5411393642425537,0.0025037885643541813,1,1
3299,3.603349447250366,0.4146955609321594,1,1
3300,3.5353918075561523,0.01797596551477909,1,1
3301,3.3340587615966797,0.2746298909187317,1,1
3302,3.342547655105591,0.378008633852005,1,1
3303,3.1635141372680664,0.027883222326636314,1,1
3304,3.0109074115753174,0.22387531399726868,1,1
3305,3.8158199787139893,0.013458025641739368,1,1
3306,4.00356388092041,0.009357983246445656,1,1
3307,3.3698105812072754,0.0017420969670638442,1,1
3308,3.1384716033935547,0.034795165061950684,1,1
3309,3.4862191677093506,0.17601081728935242,1,1
3310,3.430232286453247,0.09083890914916992,1,1
3311,2.92101788520813,0.06400293111801147,1,1
3312,3.6085965633392334,0.34539851546287537,1,1
3313,3.048798084259033,0.029650762677192688,1,1
3314,3.3887405395507812,0.03566460311412811,1,1
3315,3.4789481163024902,0.03681832179427147,1,1
3316,3.295520544052124,0.03602270781993866,1,1
3317,3.5801122188568115,0.010090626776218414,1,1
3318,2.9994184970855713,0.025830764323472977,1,1
3319,3.2081141471862793,0.08522747457027435,1,1
3320,3.0475316047668457,0.010577184148132801,1,1
3321,3.2935738563537598,0.04577946290373802,1,1
3322,4.035982608795166,0.08402591198682785,1,1
3323,2.580030679702759,0.049717821180820465,1,1
3324,3.2292768955230713,0.0033964887261390686,1,1
3325,2.7919728755950928,0.4281519949436188,1,1
3326,3.3966610431671143,0.014216269366443157,1,1
3327,2.55550479888916,0.922644317150116,1,1
3328,2.9481709003448486,0.006765269674360752,1,1
3329,2.8196096420288086,0.19818329811096191,1,1
3330,3.6208436489105225,0.06572335958480835,1,1
3331,3.6759016513824463,0.0005668112426064909,1,1
3332,3.8834872245788574,0.07664263248443604,1,1
3333,3.5676186084747314,0.0011304632062092423,1,1
3334,3.866624593734741,0.3362043797969818,1,1
3335,3.2864205837249756,0.013987070880830288,1,1
3336,3.4270992279052734,0.00605170801281929,1,1
3337,3.4484176635742188,0.020996687933802605,1,1
3338,3.3188059329986572,0.05911455303430557,1,1
3339,3.646225929260254,0.0036999403964728117,1,1
3340,3.2018957138061523,0.2119562178850174,1,1
3341,3.5126447677612305,0.20660553872585297,1,1
3342,3.751420497894287,0.983020007610321,1,1
3343,3.3420286178588867,0.0010037877364084125,1,1
3344,3.351741075515747,0.13314855098724365,1,1
3345,3.776395559310913,0.001153290388174355,1,1
3346,3.5529799461364746,0.029445065185427666,1,1
3347,3.3422789573669434,0.017831342294812202,1,1
3348,3.606982707977295,0.18442516028881073,1,1
3349,3.8587512969970703,0.0009530783863738179,1,1
3350,3.550023078918457,0.007161438465118408,1,1
3351,3.4429917335510254,0.0009376489906571805,1,1
3352,3.408144474029541,0.026552308350801468,1,1
3353,3.816157817840576,0.1310231238603592,1,1
3354,3.3503286838531494,0.13913026452064514,1,1
3355,3.5159242153167725,0.1540604680776596,1,1
3356,3.8763418197631836,0.23452873528003693,1,1
3357,3.4888806343078613,0.00014343122893478721,1,1
3358,3.317941188812256,1.0576937711448409e-05,1,1
3359,3.6593379974365234,0.07983309030532837,1,1
3360,4.040143966674805,0.18156015872955322,1,1
3361,3.672830104827881,0.07583790272474289,1,1
3362,3.643378734588623,0.3066987693309784,1,1
3363,3.345878839492798,0.0004166015423834324,1,1
3364,3.7806851863861084,0.0035673119127750397,1,1
3365,3.8323428630828857,0.03827684745192528,1,1
3366,3.5821688175201416,0.001325084245763719,1,1
3367,3.970194101333618,0.2244967520236969,1,1
3368,3.3779170513153076,0.17709754407405853,1,1
3369,3.319675922393799,0.0012860313290730119,1,1
3370,3.441984176635742,0.16866374015808105,1,1
3371,3.2871806621551514,0.00708162784576416,1,1
3372,1.9288183450698853,0.14200305938720703,1,1
3373,2.9007434844970703,0.07564137130975723,1,1
3374,3.405425548553467,0.014825602062046528,1,1
3375,3.4531807899475098,0.08786773681640625,1,1
3376,3.4312679767608643,0.0006859932327643037,1,1
3377,3.784194231033325,0.0057873958721756935,1,1
3378,3.287005662918091,0.032424766570329666,1,1
3379,3.4212236404418945,0.014426457695662975,1,1
3380,3.344292402267456,0.005908424500375986,1,1
3381,3.466585397720337,0.011067073792219162,1,1
3382,3.1427953243255615,0.20501191914081573,1,1
3383,2.9980106353759766,0.05378732830286026,1,1
3384,3.3293464183807373,0.045585572719573975,1,1
3385,3.6095540523529053,0.15080511569976807,1,1
3386,3.155211925506592,0.0779196247458458,1,1
3387,3.1219754219055176,0.0016806185012683272,1,1
3388,3.545940637588501,0.20944896340370178,1,1
3389,3.413527727127075,0.020007384940981865,1,1
3390,2.943030595779419,0.036114346235990524,1,1
3391,3.3965604305267334,0.017641128972172737,1,1
3392,3.5707485675811768,0.0003891006053891033,1,1
3393,3.509692907333374,0.11947541683912277,1,1
3394,3.012791633605957,0.002012886106967926,1,1
3395,3.5546562671661377,0.008039426058530807,1,1
3396,3.6530814170837402,0.02820320427417755,1,1
3397,3.5903208255767822,0.012521076016128063,1,1
3398,3.827998161315918,0.016185594722628593,1,1
3399,3.506521463394165,4.408359745866619e-05,1,1
3400,3.1055259704589844,0.05912863090634346,1,1
3401,3.291997194290161,0.04323078691959381,1,1
3402,3.3495144844055176,0.0017915848875418305,1,1
3403,3.087261438369751,0.029345789924263954,1,1
3404,3.631470203399658,0.11563731729984283,1,1
3405,3.6339054107666016,0.001999054802581668,1,1
3406,3.315717935562134,0.008563410490751266,1,1
3407,3.100438117980957,0.005201038904488087,1,1
3408,3.464989423751831,0.0026032670866698027,1,1
3409,3.4358623027801514,3.731707329279743e-05,1,1
3410,3.2626593112945557,0.02338511124253273,1,1
3411,3.389704704284668,0.1366361826658249,1,1
3412,2.9841902256011963,0.0020739585161209106,1,1
3413,2.7805862426757812,0.043931882828474045,1,1
3414,3.223466157913208,0.006675082724541426,1,1
3415,2.649069309234619,0.010328549891710281,1,1
3416,2.732309103012085,0.8578241467475891,1,1
3417,3.535080671310425,0.03391512855887413,1,1
3418,3.430389642715454,0.003838576376438141,1,1
3419,3.4552700519561768,0.08121877163648605,1,1
3420,3.6513731479644775,0.011083323508501053,1,1
3421,3.7743725776672363,0.06568378210067749,1,1
3422,3.9406838417053223,0.02579665184020996,1,1
3423,3.482790946960449,0.00012082243483746424,1,1
3424,3.485326051712036,0.02872748114168644,1,1
3425,2.992208957672119,0.09021174162626266,1,1
3426,2.869763135910034,0.003138373140245676,1,1
3427,3.1424217224121094,0.062228258699178696,1,1
3428,3.6183927059173584,0.4922039210796356,1,1
3429,3.40523624420166,0.23246757686138153,1,1
3430,3.741405725479126,0.003650795668363571,1,1
3431,2.8767201900482178,0.01299192477017641,1,1
3432,3.324927806854248,0.6473987102508545,1,1
3433,3.3953168392181396,0.5521525144577026,1,1
3434,3.4724650382995605,0.6471192240715027,1,1
3435,3.79242205619812,0.0635155662894249,1,1
3436,3.282315254211426,0.05833345651626587,1,1
3437,3.406536817550659,0.09087381511926651,1,1
3438,3.8375513553619385,0.0798930898308754,1,1
3439,3.6972360610961914,0.0015118011506274343,1,1
3440,3.4138050079345703,0.1349930763244629,1,1
3441,3.310701847076416,0.1297338306903839,1,1
3442,3.0184810161590576,0.08409306406974792,1,1
3443,3.1072750091552734,0.10355273634195328,1,1
3444,3.6589579582214355,0.011634577997028828,1,1
3445,3.5784900188446045,0.0002597365528345108,1,1
3446,3.493605136871338,0.22564132511615753,1,1
3447,3.8568027019500732,0.0016062901122495532,1,1
3448,3.038397789001465,0.12938646972179413,1,1
3449,3.1168301105499268,0.16778503358364105,1,1
3450,2.7455289363861084,0.19879381358623505,1,1
3451,3.7082417011260986,0.2881436049938202,1,1
3452,3.4846067428588867,0.2191697359085083,1,1
3453,3.589808702468872,0.05468180403113365,1,1
3454,3.162165641784668,0.06304945796728134,1,1
3455,3.005690574645996,0.00714185182005167,1,1
3456,2.9877004623413086,0.013502843677997589,1,1
3457,3.0787651538848877,0.08901572227478027,1,1
3458,3.4614107608795166,0.008595590479671955,1,1
3459,3.5346908569335938,0.020325327292084694,1,1
3460,3.5058164596557617,0.28448760509490967,1,1
3461,2.9457411766052246,0.030818626284599304,1,1
3462,3.3413639068603516,0.008980967104434967,1,1
3463,3.3248813152313232,0.004717306233942509,1,1
3464,3.699150800704956,0.010312863625586033,1,1
3465,3.2955403327941895,0.01639745943248272,1,1
3466,2.98175311088562,0.10800947993993759,1,1
3467,2.5766310691833496,0.12299004942178726,1,1
3468,3.5450308322906494,0.09029291570186615,1,1
3469,3.5780398845672607,0.04650500789284706,1,1
3470,2.9143335819244385,0.00035522590042091906,1,1
3471,2.897611379623413,0.19883684813976288,1,1
3472,2.7193639278411865,0.011162712238729,1,1
3473,2.874879837036133,0.043754059821367264,1,1
3474,2.7009050846099854,0.005638595670461655,1,1
3475,3.5506484508514404,0.23414567112922668,1,1
3476,3.584367513656616,0.15909332036972046,1,1
3477,3.0803110599517822,0.011705469340085983,1,1
3478,3.7741243839263916,0.0395868644118309,1,1
3479,3.714210033416748,0.009672388434410095,1,1
3480,3.7861380577087402,0.8112101554870605,1,1
3481,3.2359864711761475,0.009237013757228851,1,1
3482,3.8126301765441895,0.04568040370941162,1,1
3483,3.4977681636810303,0.3022576570510864,1,1
3484,3.9636716842651367,0.14095041155815125,1,1
3485,3.9789302349090576,0.25958868861198425,1,1
3486,3.384695529937744,0.01291284617036581,1,1
3487,3.644247055053711,0.07037493586540222,1,1
3488,3.7811334133148193,0.0021934143733233213,1,1
3489,3.5279171466827393,0.006213432643562555,1,1
3490,3.625624656677246,0.4366554319858551,1,1
3491,3.1363718509674072,0.19378291070461273,1,1
3492,3.9634664058685303,0.7386126518249512,1,1
3493,3.141235828399658,0.021457863971590996,1,1
3494,3.4263548851013184,0.005277878139168024,1,1
3495,3.645357847213745,0.015414155088365078,1,1
3496,3.616008758544922,0.018946191295981407,1,1
3497,3.5689074993133545,0.001987852156162262,1,1
3498,3.355480909347534,0.07770427316427231,1,1
3499,3.2603251934051514,0.03309549763798714,1,1
3500,3.7066235542297363,0.009300191886723042,1,1
3501,3.3937907218933105,0.5939621329307556,1,1
3502,3.110232353210449,0.537479043006897,1,1
3503,2.580887794494629,0.9085529446601868,1,1
3504,2.866044521331787,0.001967252930626273,1,1
3505,3.132347345352173,0.05072127655148506,1,1
3506,3.331494092941284,0.16134147346019745,1,1
3507,3.2208967208862305,0.031022263690829277,1,1
3508,3.505530595779419,0.16397252678871155,1,1
3509,2.545872926712036,0.045211341232061386,1,1
3510,2.7129623889923096,0.0941198393702507,1,1
3511,3.077928066253662,0.04864773154258728,1,1
3512,2.923037052154541,0.6600075960159302,1,1
3513,3.5522360801696777,0.5897599458694458,1,1
3514,3.3149678707122803,0.20868997275829315,1,1
3515,3.2807037830352783,0.007315796799957752,1,1
3516,2.745417594909668,0.05797041580080986,1,1
3517,2.813655138015747,0.007190869189798832,1,1
3518,3.1117331981658936,0.005923269782215357,1,1
3519,3.2632358074188232,0.0563095286488533,1,1
3520,2.9514353275299072,0.005184348672628403,1,1
3521,2.9350829124450684,0.03745434060692787,1,1
3522,3.6522719860076904,0.17636728286743164,1,1
3523,3.5988738536834717,0.007281169295310974,1,1
3524,3.411552667617798,0.05862751230597496,1,1
3525,3.111948013305664,0.14790354669094086,1,1
3526,3.4598023891448975,0.09071097522974014,1,1
3527,3.2669200897216797,0.012088608928024769,1,1
3528,3.2206695079803467,0.00793248787522316,1,1
3529,3.8669567108154297,0.4600977897644043,1,1
3530,3.272411823272705,2.1726731574744917e-05,1,1
3531,3.6750149726867676,0.09290987998247147,1,1
3532,3.6662261486053467,0.0008393083116970956,1,1
3533,3.721184253692627,0.3842284381389618,1,1
3534,3.728405714035034,0.3873814046382904,1,1
3535,3.9080076217651367,0.041357364505529404,1,1
3536,3.507277727127075,0.04780847951769829,1,1
3537,3.6574180126190186,0.03931085020303726,1,1
3538,2.891430616378784,0.19178293645381927,1,1
3539,3.272156000137329,0.0743095800280571,1,1
3540,3.4071204662323,0.003648463636636734,1,1
3541,3.519169807434082,0.05760851129889488,1,1
3542,3.3528785705566406,0.00011976398673141375,1,1
3543,2.8032586574554443,0.21879039704799652,1,1
3544,2.6875834465026855,0.10678239911794662,1,1
3545,3.3845129013061523,0.00237792800180614,1,1
3546,3.255173921585083,0.0027147307991981506,1,1
3547,3.0564000606536865,0.007133698556572199,1,1
3548,3.3893415927886963,0.041216179728507996,1,1
3549,3.6611359119415283,0.00012082243483746424,1,1
3550,3.073430299758911,0.012361764907836914,1,1
3551,3.398740768432617,0.06312702596187592,1,1
3552,3.548386335372925,0.14057384431362152,1,1
3553,3.8421199321746826,0.23890471458435059,1,1
3554,3.177924394607544,0.18317566812038422,1,1
3555,3.3368074893951416,0.8103238344192505,1,1
3556,3.3111236095428467,0.5676195621490479,1,1
3557,3.353083372116089,0.42704135179519653,1,1
3558,3.334150791168213,0.6134420037269592,1,1
3559,3.115600347518921,0.2989032566547394,1,1
3560,3.330130100250244,0.10298830270767212,1,1
3561,3.4310402870178223,0.009344917722046375,1,1
3562,3.312554359436035,0.18722069263458252,1,1
3563,3.4612553119659424,0.40756723284721375,1,1
3564,3.205552339553833,0.19970707595348358,1,1
3565,3.3908822536468506,0.4756360650062561,1,1
3566,3.6168594360351562,0.054853446781635284,1,1
3567,3.4355075359344482,0.4317208230495453,1,1
3568,3.6029675006866455,0.031633760780096054,1,1
3569,3.3878650665283203,0.0059470608830451965,1,1
3570,3.7771689891815186,0.04549084231257439,1,1
3571,3.459505319595337,0.017849387601017952,1,1
3572,3.7921457290649414,0.12873467803001404,1,1
3573,3.536994695663452,0.006084785796701908,1,1
3574,3.7621638774871826,0.08829735964536667,1,1
3575,3.0876035690307617,0.006989349611103535,1,1
3576,2.9620845317840576,0.00017864862456917763,1,1
3577,2.9686646461486816,0.06143157556653023,1,1
3578,2.883655309677124,0.0922345444560051,1,1
3579,3.3760459423065186,0.03544623777270317,1,1
3580,3.0043294429779053,0.061805278062820435,1,1
3581,2.608398914337158,0.03369510546326637,1,1
3582,3.3532421588897705,0.03497902303934097,1,1
3583,3.3042044639587402,0.051410406827926636,1,1
3584,2.767897605895996,0.0018252365989610553,1,1
3585,2.5161855220794678,0.5155898928642273,1,1
3586,3.053029775619507,0.06333571672439575,1,1
3587,2.861823797225952,0.2865915894508362,1,1
3588,3.2244911193847656,0.00016822815814521164,1,1
3589,3.6012794971466064,0.0002059311664197594,1,1
3590,3.7650089263916016,0.1007889062166214,1,1
3591,3.596795082092285,0.14716218411922455,1,1
3592,4.030251502990723,0.15804804861545563,1,1
3593,3.8059520721435547,7.610917236888781e-05,1,1
3594,3.3197238445281982,0.11336453258991241,1,1
3595,3.704237461090088,0.030662959441542625,1,1
3596,3.8923487663269043,0.0009782687993720174,1,1
3597,4.12261438369751,0.024514103308320045,1,1
3598,4.265867710113525,0.004097511060535908,1,1
3599,3.9535512924194336,0.0311447661370039,1,1
3600,3.7339324951171875,0.0739627331495285,1,1
3601,2.73081374168396,0.09349912405014038,1,1
3602,3.044926166534424,0.0018475685501471162,1,1
3603,2.744924306869507,0.30740466713905334,1,1
3604,3.0624537467956543,0.03612535446882248,1,1
3605,2.561384677886963,0.055916327983140945,1,1
3606,3.483319044113159,0.10563760250806808,1,1
3607,2.6296067237854004,0.8159977197647095,1,1
3608,3.544808864593506,0.062112756073474884,1,1
3609,2.963865041732788,0.000681955018080771,1,1
3610,3.2616822719573975,0.00865115225315094,1,1
3611,3.680915117263794,0.07074921578168869,1,1
3612,3.419628381729126,0.02308795414865017,1,1
3613,3.4346821308135986,0.27222785353660583,1,1
3614,3.3702714443206787,0.012521076016128063,1,1
3615,3.7024753093719482,0.0030407493468374014,1,1
3616,3.496812343597412,0.25137460231781006,1,1
3617,3.910865545272827,0.5135684609413147,1,1
3618,4.572567939758301,0.018505120649933815,1,1
3619,3.8737800121307373,0.0022452417761087418,1,1
3620,3.6055009365081787,0.7244982123374939,1,1
3621,3.6165683269500732,1.1408701539039612e-05,1,1
3622,3.272355556488037,0.39151281118392944,1,1
3623,3.232422113418579,0.133345827460289,1,1
3624,3.420980215072632,0.06408596783876419,1,1
3625,3.227146625518799,0.00018805648142006248,1,1
3626,3.6001100540161133,0.01120149064809084,1,1
3627,3.570808172225952,0.0014245436759665608,1,1
3628,3.0762972831726074,0.033077944070100784,1,1
3629,3.576385974884033,0.031709324568510056,1,1
3630,3.0805795192718506,0.18365511298179626,1,1
3631,3.328284740447998,0.656406044960022,1,1
3632,3.6813578605651855,0.1336984634399414,1,1
3633,3.031266450881958,0.05301571637392044,1,1
3634,2.8846359252929688,0.001098888460546732,1,1
3635,2.899806022644043,0.03717843443155289,1,1
3636,3.5790975093841553,0.002401516307145357,1,1
3637,3.4937150478363037,0.0013124678516760468,1,1
3638,3.45054292678833,0.016461780294775963,1,1
3639,4.1032633781433105,0.12318642437458038,1,1
3640,4.100339412689209,0.19574202597141266,1,1
3641,4.282712459564209,0.07001697272062302,1,1
3642,3.811673164367676,0.08518803119659424,1,1
3643,3.8063037395477295,0.4756360650062561,1,1
3644,3.623270034790039,0.07042615115642548,1,1
3645,3.5399956703186035,0.012829636223614216,1,1
3646,3.9940948486328125,0.03540264815092087,1,1
3647,3.5014071464538574,0.004458479583263397,1,1
3648,3.7008538246154785,0.00015187347889877856,1,1
3649,3.6546740531921387,0.17003785073757172,1,1
3650,3.576049566268921,0.12226685136556625,1,1
3651,3.755328893661499,0.066966213285923,1,1
3652,3.452056407928467,0.029980704188346863,1,1
3653,4.041395664215088,0.041908711194992065,1,1
3654,3.7351624965667725,0.0085063511505723,1,1
3655,3.9068472385406494,0.004343245178461075,1,1
3656,3.7346363067626953,0.254743754863739,1,1
3657,3.503074884414673,0.09005527943372726,1,1
3658,4.145456314086914,0.23852752149105072,1,1
3659,4.056661605834961,0.020537758246064186,1,1
3660,3.5721330642700195,0.09872844070196152,1,1
3661,4.187376976013184,0.0013984390534460545,1,1
3662,4.138624668121338,0.035206809639930725,1,1
3663,3.613530397415161,0.23357629776000977,1,1
3664,4.031007289886475,0.021277297288179398,1,1
3665,3.7975213527679443,0.042094625532627106,1,1
3666,3.8287830352783203,0.011864711530506611,1,1
3667,3.640977621078491,0.031788427382707596,1,1
3668,3.9371511936187744,0.00548172602429986,1,1
3669,4.1147613525390625,0.10229574888944626,1,1
3670,3.597921371459961,0.03531553968787193,1,1
3671,3.8634769916534424,0.05868828296661377,1,1
3672,4.018050670623779,0.002828530967235565,1,1
3673,3.5598127841949463,0.09520656615495682,1,1
3674,3.6051790714263916,0.09439834952354431,1,1
3675,3.897265911102295,0.011510000564157963,1,1
3676,3.7896454334259033,0.05682365968823433,1,1
3677,2.6933977603912354,0.29042741656303406,1,1
3678,2.9734339714050293,0.0004405737854540348,1,1
3679,2.9724490642547607,6.462344754254445e-05,1,1
3680,2.8270955085754395,0.016875429078936577,1,1
3681,3.4816951751708984,0.2326909750699997,1,1
3682,3.4012320041656494,0.00768857030197978,1,1
3683,3.4633350372314453,0.15631867945194244,1,1
3684,2.9671058654785156,0.24744188785552979,1,1
3685,3.003988265991211,0.39919474720954895,1,1
3686,3.6738076210021973,1.2662938833236694,1,1
3687,3.4850881099700928,0.520953357219696,1,1
3688,3.5331265926361084,0.9475229382514954,1,1
3689,3.335805654525757,0.28502318263053894,1,1
3690,3.8297133445739746,0.029048968106508255,1,1
3691,4.026454925537109,0.17809802293777466,1,1
3692,3.916991710662842,0.0028883814811706543,1,1
3693,3.488574266433716,0.1424543708562851,1,1
3694,3.7085444927215576,0.06296225637197495,1,1
3695,3.525709629058838,0.2620924711227417,1,1
3696,3.3780455589294434,0.09576719999313354,1,1
3697,3.626080274581909,0.0016062901122495532,1,1
3698,3.7134785652160645,0.005321435630321503,1,1
3699,3.465254545211792,0.09908049553632736,1,1
3700,3.858855962753296,0.07179521769285202,1,1
3701,3.782594919204712,0.01905527152121067,1,1
3702,3.8287513256073,0.07897919416427612,1,1
3703,3.5083446502685547,0.0010345958871766925,1,1
3704,3.324159860610962,0.04320269823074341,1,1
3705,3.6394269466400146,0.0680091381072998,1,1
3706,3.5498909950256348,0.0003990624099969864,1,1
3707,3.441336154937744,0.0741623267531395,1,1
3708,3.936697244644165,0.05907232314348221,1,1
3709,3.550656795501709,0.1260685920715332,1,1
3710,3.482276439666748,0.0215342678129673,1,1
3711,3.6333091259002686,0.20587801933288574,1,1
3712,3.458747625350952,0.0023404292296618223,1,1
3713,3.320333957672119,0.027019819244742393,1,1
3714,3.541569232940674,0.042662810534238815,1,1
3715,3.90238094329834,0.1371217668056488,1,1
3716,3.4096169471740723,0.4032781720161438,1,1
3717,3.4562227725982666,0.009487257339060307,1,1
3718,3.4596848487854004,0.045515548437833786,1,1
3719,3.6828103065490723,0.00035377228050492704,1,1
3720,3.3976593017578125,0.00925371702760458,1,1
3721,3.3893136978149414,0.3794339597225189,1,1
3722,4.009658336639404,1.2445168495178223,1,1
3723,3.0391769409179688,0.3344273269176483,1,1
3724,3.3081531524658203,0.06134071573615074,1,1
3725,3.51621413230896,0.2982388436794281,1,1
3726,2.9773051738739014,0.18247418105602264,1,1
3727,3.4050962924957275,0.05253684148192406,1,1
3728,2.368178129196167,0.011193321086466312,1,1
3729,3.1833231449127197,0.020007384940981865,1,1
3730,3.8671276569366455,0.02584937773644924,1,1
3731,4.005139350891113,0.017656512558460236,1,1
3732,2.9315335750579834,0.05236002802848816,1,1
3733,3.6774938106536865,0.19014666974544525,1,1
3734,3.4760491847991943,0.11083139479160309,1,1
3735,3.5520384311676025,0.008935297839343548,1,1
3736,3.689476251602173,0.19426751136779785,1,1
3737,3.4814913272857666,0.2044704407453537,1,1
3738,3.346245765686035,0.46085745096206665,1,1
3739,3.6856932640075684,0.224945068359375,1,1
3740,3.9037673473358154,0.16784827411174774,1,1
3741,3.2948598861694336,0.12021040171384811,1,1
3742,3.957289218902588,0.006211911328136921,1,1
3743,3.4932548999786377,0.005386399570852518,1,1
3744,3.6646010875701904,0.017154885455965996,1,1
3745,3.3275275230407715,0.3248971104621887,1,1
3746,3.287083387374878,0.781244158744812,1,1
3747,3.66094708442688,0.19217196106910706,1,1
3748,2.97721529006958,0.09006687253713608,1,1
3749,3.3840434551239014,0.014340810477733612,1,1
3750,3.8321280479431152,0.09129322320222855,1,1
3751,3.080130100250244,0.20053596794605255,1,1
3752,3.093946695327759,0.002197031630203128,1,1
3753,3.4217090606689453,0.0141450185328722,1,1
3754,3.4235315322875977,0.29210448265075684,1,1
3755,2.839674711227417,0.06694124639034271,1,1
3756,3.3644325733184814,7.000649202382192e-05,1,1
3757,3.0623693466186523,0.018999362364411354,1,1
3758,3.8951399326324463,0.0040482403710484505,1,1
3759,2.4804811477661133,0.009203653782606125,1,1
3760,3.1137044429779053,0.00042451778426766396,1,1
3761,3.1487364768981934,0.12194311618804932,1,1
3762,3.629249334335327,0.41579005122184753,1,1
3763,3.0762786865234375,0.2738415002822876,1,1
3764,3.1623830795288086,0.026681412011384964,1,1
3765,2.745356559753418,0.0038637295365333557,1,1
3766,2.959932804107666,0.004371274262666702,1,1
3767,3.553126811981201,0.08810820430517197,1,1
3768,3.384819984436035,0.11160379648208618,1,1
3769,3.7812743186950684,0.02252250909805298,1,1
3770,3.6495418548583984,0.11395015567541122,1,1
3771,3.592787981033325,0.13087645173072815,1,1
3772,3.7994818687438965,0.0540248341858387,1,1
3773,3.5149483680725098,0.03201249986886978,1,1
3774,4.147572040557861,0.29542064666748047,1,1
3775,4.0324554443359375,0.001821115962229669,1,1
3776,3.158669948577881,0.013241710141301155,1,1
3777,3.2993218898773193,0.26012980937957764,1,1
3778,3.6883366107940674,0.008909773081541061,1,1
3779,3.1611108779907227,0.18962520360946655,1,1
3780,3.477459192276001,0.14972026646137238,1,1
3781,3.021186351776123,0.04863070324063301,1,1
3782,3.2777578830718994,0.0004627221205737442,1,1
3783,3.5227792263031006,0.003866129321977496,1,1
3784,3.7323176860809326,0.03669620677828789,1,1
3785,3.076202154159546,0.02341168187558651,1,1
3786,3.8293979167938232,0.1268579214811325,1,1
3787,3.464949131011963,0.04047892242670059,1,1
3788,3.2080142498016357,0.016511347144842148,1,1
3789,3.6584689617156982,0.009607956744730473,1,1
3790,3.5596487522125244,0.41860753297805786,1,1
3791,3.335886240005493,0.10832052677869797,1,1
3792,2.527996301651001,0.05457353591918945,1,1
3793,3.0478289127349854,0.3246441185474396,1,1
3794,2.6942903995513916,0.20537038147449493,1,1
3795,3.153416872024536,0.7910671234130859,1,1
3796,3.8335931301116943,0.09030451625585556,1,1
3797,3.698265552520752,0.07932672649621964,1,1
3798,3.061173677444458,0.03577403724193573,1,1
3799,3.2356948852539062,1.19362030090997e-05,1,1
3800,3.2728724479675293,0.10092375427484512,1,1
3801,2.812788248062134,0.03562816604971886,1,1
3802,2.8461573123931885,0.06388580054044724,1,1
3803,3.4409496784210205,0.0003211618459317833,1,1
3804,3.301100015640259,0.04341558739542961,1,1
3805,3.226012706756592,0.004689508583396673,1,1
3806,3.7621893882751465,0.03829573094844818,1,1
3807,3.968187093734741,0.004536140710115433,1,1
3808,3.370744228363037,0.08587103337049484,1,1
3809,3.62898588180542,0.0003781379200518131,1,1
3810,3.4621829986572266,0.2272302359342575,1,1
3811,2.468461275100708,0.21141450107097626,1,1
3812,2.285362720489502,4.434026777744293e-05,1,1
3813,2.586883068084717,0.22744189202785492,1,1
3814,2.9964752197265625,0.006192150991410017,1,1
3815,3.0971105098724365,0.013033756986260414,1,1
3816,3.1756439208984375,0.3426588773727417,1,1
3817,2.996293783187866,0.032438673079013824,1,1
3818,3.117908239364624,0.00010189749445999041,1,1
3819,3.3313021659851074,0.028629422187805176,1,1
3820,3.2675602436065674,0.00022897720918990672,1,1
3821,3.071444511413574,0.08191332966089249,1,1
3822,3.582897186279297,0.14032068848609924,1,1
3823,3.645176649093628,0.08054909110069275,1,1
3824,3.57265043258667,0.0893673449754715,1,1
3825,3.972053289413452,0.048180580139160156,1,1
3826,3.9386048316955566,0.01673031784594059,1,1
3827,3.44640851020813,0.0076361955143511295,1,1
3828,3.3337814807891846,0.048963263630867004,1,1
3829,3.574688196182251,0.13749365508556366,1,1
3830,3.6027514934539795,0.09429164230823517,1,1
3831,3.7940452098846436,0.0013075777096673846,1,1
3832,3.3675167560577393,0.11891566962003708,1,1
3833,3.80612850189209,0.011991188861429691,1,1
3834,3.192873954772949,0.013841360807418823,1,1
3835,3.496227264404297,0.17775607109069824,1,1
3836,3.8079473972320557,0.14281883835792542,1,1
3837,3.667273998260498,0.3267369568347931,1,1
3838,3.146757125854492,0.02007295936346054,1,1
3839,3.4520888328552246,0.27712374925613403,1,1
3840,3.5550613403320312,0.0036182149779051542,1,1
3841,3.451411724090576,0.0004786335921380669,1,1
3842,3.9626810550689697,0.014181770384311676,1,1
3843,3.1360812187194824,0.05484440550208092,1,1
3844,3.2448410987854004,0.09235181659460068,1,1
3845,3.0710208415985107,0.0021039515268057585,1,1
3846,3.498812675476074,0.1413709968328476,1,1
3847,3.2923669815063477,0.008424662053585052,1,1
3848,3.2547786235809326,0.004799854010343552,1,1
3849,3.3444955348968506,0.011136217974126339,1,1
3850,3.3948817253112793,0.04800703749060631,1,1
3851,3.4706952571868896,0.000387959269573912,1,1
3852,3.041919708251953,0.04950287193059921,1,1
3853,3.006509780883789,0.019448941573500633,1,1
3854,3.4225142002105713,0.003434841288253665,1,1
3855,3.223154306411743,0.25478270649909973,1,1
3856,3.562978506088257,0.03839778155088425,1,1
3857,3.7827513217926025,0.18019752204418182,1,1
3858,3.220695972442627,0.03018490970134735,1,1
3859,3.2236595153808594,0.04685947299003601,1,1
3860,3.349487781524658,0.10597661882638931,1,1
3861,3.8034443855285645,0.06320463865995407,1,1
3862,3.552929639816284,0.008272997103631496,1,1
3863,3.6397666931152344,0.18279588222503662,1,1
3864,3.0834243297576904,0.1294420212507248,1,1
3865,3.192349672317505,0.05856677517294884,1,1
3866,3.390127420425415,0.06747162342071533,1,1
3867,3.0436060428619385,0.039994969964027405,1,1
3868,2.665536403656006,0.002508619800209999,1,1
3869,3.112642526626587,0.5746794939041138,1,1
3870,3.3030340671539307,0.11429572105407715,1,1
3871,3.847921848297119,0.0007400998147204518,1,1
3872,3.297435760498047,0.033362891525030136,1,1
3873,3.1248464584350586,0.030507687479257584,1,1
3874,2.982739210128784,0.03641942888498306,1,1
3875,3.52315092086792,0.08398116379976273,1,1
3876,3.610398292541504,0.0022681639529764652,1,1
3877,3.2466683387756348,0.00010053822916233912,1,1
3878,3.8093795776367188,0.04546614736318588,1,1
3879,3.3935489654541016,0.20533540844917297,1,1
3880,3.7729477882385254,0.00015354306378867477,1,1
3881,3.2048192024230957,0.04560206085443497,1,1
3882,3.5715928077697754,0.0005553815863095224,1,1
3883,3.965118169784546,0.16641221940517426,1,1
3884,3.5351638793945312,0.5213295817375183,1,1
3885,3.6703760623931885,0.20555411279201508,1,1
3886,3.529082775115967,0.10313081741333008,1,1
3887,4.033414840698242,0.04710211977362633,1,1
3888,3.4958384037017822,0.05252799019217491,1,1
3889,3.5939431190490723,0.01509946770966053,1,1
3890,3.563802480697632,0.3083256483078003,1,1
3891,3.423936367034912,0.031328972429037094,1,1
3892,3.774707555770874,0.3008056581020355,1,1
3893,3.759410858154297,0.06515064090490341,1,1
3894,4.023329734802246,0.09528400748968124,1,1
3895,3.993412494659424,0.5116890668869019,1,1
3896,3.1607649326324463,0.02956441603600979,1,1
3897,3.5368728637695312,0.19392739236354828,1,1
3898,3.965243101119995,0.07900632172822952,1,1
3899,3.7047173976898193,0.02291817031800747,1,1
3900,3.6861865520477295,0.8550733923912048,1,1
3901,2.938998222351074,0.03155142441391945,1,1
3902,3.220615863800049,0.15136027336120605,1,1
3903,3.3525774478912354,0.12006322294473648,1,1
3904,3.353097677230835,0.011906796135008335,1,1
3905,3.603680372238159,0.0033471756614744663,1,1
3906,3.487290620803833,0.09903796762228012,1,1
3907,3.5676321983337402,0.01342893298715353,1,1
3908,3.5449326038360596,0.01811078004539013,1,1
3909,2.7167317867279053,0.015955597162246704,1,1
3910,3.552297353744507,0.10388840734958649,1,1
3911,3.3979079723358154,0.03979450464248657,1,1
3912,3.5633339881896973,0.21621599793434143,1,1
3913,3.0692946910858154,0.29269939661026,1,1
3914,3.3158645629882812,0.4799720346927643,1,1
3915,4.222469329833984,0.05119182541966438,1,1
3916,3.744882345199585,2.827504613378551e-05,1,1
3917,4.172828674316406,0.07483664900064468,1,1
3918,4.553429126739502,0.028135178610682487,1,1
3919,3.6700501441955566,0.01789841614663601,1,1
3920,3.6407837867736816,0.11910877376794815,1,1
3921,2.816922426223755,0.0019595555495470762,1,1
3922,3.284482955932617,0.03735355660319328,1,1
3923,3.06402325630188,0.00010053822916233912,1,1
3924,3.1124091148376465,0.06677655130624771,1,1
3925,3.022449493408203,0.5595344305038452,1,1
3926,3.034541606903076,0.015756307169795036,1,1
3927,2.633168935775757,0.002484510187059641,1,1
3928,2.942824363708496,0.04694725200533867,1,1
3929,3.3163795471191406,0.013832280412316322,1,1
3930,3.363285779953003,0.028115754947066307,1,1
3931,3.5216829776763916,0.12353893369436264,1,1
3932,2.760789155960083,0.7593583464622498,1,1
3933,2.8380167484283447,0.7816365957260132,1,1
3934,2.5765886306762695,0.3289693593978882,1,1
3935,2.7257261276245117,0.4382127821445465,1,1
3936,2.669424057006836,0.014303852804005146,1,1
3937,2.579401731491089,0.11679535359144211,1,1
3938,2.588771104812622,0.03644153103232384,1,1
3939,2.575063705444336,0.5313131809234619,1,1
3940,3.3776051998138428,0.0016624688869342208,1,1
3941,3.260904312133789,0.15749607980251312,1,1
3942,3.37414288520813,0.07444643974304199,1,1
3943,3.1740012168884277,0.012246155180037022,1,1
3944,3.125959873199463,0.015766000375151634,1,1
3945,3.7223663330078125,0.005021658726036549,1,1
3946,3.686009407043457,0.08404829353094101,1,1
3947,3.443361520767212,0.13330355286598206,1,1
3948,3.4329190254211426,0.0026886470150202513,1,1
3949,3.306131362915039,0.027748022228479385,1,1
3950,2.638702630996704,0.03626121208071709,1,1
3951,3.163663625717163,0.15332649648189545,1,1
3952,3.5999093055725098,0.033398158848285675,1,1
3953,3.0656583309173584,0.24156300723552704,1,1
3954,3.6207921504974365,0.3965164124965668,1,1
3955,3.0867409706115723,0.02843381278216839,1,1
3956,3.2477216720581055,0.06113056093454361,1,1
3957,3.203761100769043,0.032836176455020905,1,1
3958,3.276820421218872,0.05333616957068443,1,1
3959,3.5336806774139404,0.11659755557775497,1,1
3960,3.068312644958496,0.03860228881239891,1,1
3961,3.182300329208374,0.0033964887261390686,1,1
3962,3.471034049987793,0.16429312527179718,1,1
3963,3.662482738494873,0.4284172058105469,1,1
3964,3.5428805351257324,0.02585248462855816,1,1
3965,3.654902219772339,0.33557793498039246,1,1
3966,3.4417595863342285,6.27749614068307e-05,1,1
3967,3.09421706199646,0.1868450790643692,1,1
3968,3.3477060794830322,0.08130130916833878,1,1
3969,3.363801956176758,0.02434215508401394,1,1
3970,3.2916088104248047,0.05578405410051346,1,1
3971,3.3847556114196777,0.056754667311906815,1,1
3972,3.4846887588500977,0.004009038209915161,1,1
3973,3.602520704269409,0.09210563451051712,1,1
3974,3.597266674041748,0.22877855598926544,1,1
3975,3.3684749603271484,0.01153071690350771,1,1
3976,3.7344446182250977,0.18601171672344208,1,1
3977,3.4529948234558105,0.051994096487760544,1,1
3978,3.134751558303833,0.17128169536590576,1,1
3979,3.711521625518799,0.26549264788627625,1,1
3980,3.364065647125244,0.00015234957390930504,1,1
3981,3.5777838230133057,0.00027488209889270365,1,1
3982,3.2353062629699707,0.010213143192231655,1,1
3983,3.8234004974365234,0.07745697349309921,1,1
3984,3.53251314163208,0.02288312092423439,1,1
3985,3.732553720474243,0.16280227899551392,1,1
3986,3.5278704166412354,0.000225775787839666,1,1
3987,3.1357924938201904,0.19330741465091705,1,1
3988,3.7389748096466064,0.008385732769966125,1,1
3989,3.328153610229492,0.013159659691154957,1,1
3990,3.217933416366577,0.041494857519865036,1,1
3991,3.3652849197387695,0.7099993824958801,1,1
3992,3.716421604156494,0.02827456034719944,1,1
3993,3.113302707672119,0.10746466368436813,1,1
3994,3.044715166091919,0.00011474825441837311,1,1
3995,3.1353108882904053,0.0018227637046948075,1,1
3996,3.651384115219116,0.07630103826522827,1,1
3997,3.535651445388794,0.19022242724895477,1,1
3998,3.2084109783172607,0.03046387806534767,1,1
3999,3.9889743328094482,0.12259101122617722,1,1
4000,3.5663681030273438,0.03589095175266266,1,1
4001,3.4264063835144043,0.06612973660230637,1,1
4002,3.5563604831695557,0.06272999942302704,1,1
4003,3.82393479347229,0.004834684077650309,1,1
4004,3.757416248321533,0.02699444256722927,1,1
4005,4.265432834625244,0.009999707341194153,1,1
4006,4.404009819030762,0.04247961938381195,1,1
4007,3.574113130569458,0.014804459176957607,1,1
4008,3.7663943767547607,0.0023069351445883512,1,1
4009,3.860175609588623,0.01832439936697483,1,1
4010,3.5396335124969482,0.06564421951770782,1,1
4011,3.857755184173584,0.08338373899459839,1,1
4012,3.388801336288452,0.02157393842935562,1,1
4013,3.136072874069214,0.08740492910146713,1,1
4014,3.2818310260772705,0.09632948040962219,1,1
4015,3.899932384490967,0.04809165000915527,1,1
4016,3.519451856613159,0.06634830683469772,1,1
4017,3.148796796798706,0.005142740905284882,1,1
4018,3.374021530151367,0.023349706083536148,1,1
4019,3.324037790298462,0.0021843842696398497,1,1
4020,3.6565401554107666,0.001445014146156609,1,1
4021,3.6855061054229736,0.10215997695922852,1,1
4022,3.8969855308532715,0.0030610046815127134,1,1
4023,3.2855727672576904,0.15070770680904388,1,1
4024,3.397244930267334,0.0005649746744893491,1,1
4025,3.285983085632324,0.0005714157014153898,1,1
4026,3.605844736099243,0.004819932859390974,1,1
4027,3.6556646823883057,0.07156267762184143,1,1
4028,3.8132412433624268,0.09524230659008026,1,1
4029,3.2921714782714844,0.011630414985120296,1,1
4030,3.494962215423584,0.0012326095020398498,1,1
4031,3.701300859451294,0.2400854080915451,1,1
4032,3.378089666366577,4.069144051754847e-05,1,1
4033,3.6796958446502686,0.14376132190227509,1,1
4034,3.481991767883301,0.12594527006149292,1,1
4035,3.5895872116088867,0.29988542199134827,1,1
4036,3.1656744480133057,5.680704634869471e-05,1,1
4037,3.459886312484741,0.02681083045899868,1,1
4038,3.69844126701355,0.10561250895261765,1,1
4039,3.225768566131592,0.028070464730262756,1,1
4040,3.3287508487701416,0.03515612706542015,1,1
4041,3.243046760559082,0.35568293929100037,1,1
4042,3.3002662658691406,0.028238872066140175,1,1
4043,3.237724542617798,0.02105826325714588,1,1
4044,3.4778494834899902,0.09595843404531479,1,1
4045,3.5607872009277344,0.013306197710335255,1,1
4046,3.5596115589141846,0.010994098149240017,1,1
4047,3.0037894248962402,0.2716541290283203,1,1
4048,3.2930731773376465,0.028570670634508133,1,1
4049,3.3481717109680176,0.019865673035383224,1,1
4050,3.4715609550476074,0.049782395362854004,1,1
4051,3.109947919845581,0.01697838306427002,1,1
4052,3.6466541290283203,0.031247034668922424,1,1
4053,3.1532065868377686,0.24173378944396973,1,1
4054,3.403496026992798,0.2599329650402069,1,1
4055,3.224240303039551,0.02564188651740551,1,1
4056,3.206511974334717,0.44326135516166687,1,1
4057,3.1395652294158936,0.4141612648963928,1,1
4058,3.4926936626434326,0.28206324577331543,1,1
4059,2.357879877090454,0.11054884642362595,1,1
4060,3.3897440433502197,0.15109007060527802,1,1
4061,3.091215133666992,0.008035965263843536,1,1
4062,3.21694016456604,0.029571054503321648,1,1
4063,3.475674629211426,0.010599031113088131,1,1
4064,2.93304705619812,0.027465814724564552,1,1
4065,3.7106826305389404,0.000183845404535532,1,1
4066,3.4268417358398438,0.03677019104361534,1,1
4067,3.6923723220825195,0.10625956207513809,1,1
4068,3.782047986984253,0.08247774839401245,1,1
4069,3.1245944499969482,0.007008726242929697,1,1
4070,3.8317923545837402,0.005234499461948872,1,1
4071,3.590646743774414,0.14241795241832733,1,1
4072,3.640064001083374,0.0713099017739296,1,1
4073,3.3518412113189697,0.008732126094400883,1,1
4074,3.741389513015747,0.2441883087158203,1,1
4075,3.2614552974700928,0.10123671591281891,1,1
4076,3.5254733562469482,0.002391122980043292,1,1
4077,3.399935007095337,0.04175081476569176,1,1
4078,3.003896474838257,0.03724917769432068,1,1
4079,3.8396294116973877,0.19383390247821808,1,1
4080,3.234037399291992,0.13589520752429962,1,1
4081,3.606348991394043,0.006011235993355513,1,1
4082,3.4220831394195557,0.07124806940555573,1,1
4083,3.5443789958953857,0.1892891675233841,1,1
4084,3.090742588043213,0.010148875415325165,1,1
4085,3.5932044982910156,0.001957847271114588,1,1
4086,3.258375883102417,0.0008852118044160306,1,1
4087,3.3233466148376465,0.38971540331840515,1,1
4088,3.38904070854187,0.3370554447174072,1,1
4089,3.070166826248169,0.07601873576641083,1,1
4090,3.22991943359375,0.18325002491474152,1,1
4091,3.7271740436553955,0.08761618286371231,1,1
4092,3.9116904735565186,0.14975760877132416,1,1
4093,3.508481740951538,0.10637912899255753,1,1
4094,3.0599329471588135,0.4248243272304535,1,1
4095,3.737619400024414,0.0982741117477417,1,1
4096,3.2361600399017334,0.0732349082827568,1,1
4097,3.174757480621338,0.2743062973022461,1,1
4098,3.51760196685791,0.20868997275829315,1,1
4099,3.539128541946411,0.00028131940052844584,1,1
4100,3.552961826324463,0.17601081728935242,1,1
4101,3.4119255542755127,0.053679950535297394,1,1
4102,2.7848517894744873,0.029388785362243652,1,1
4103,3.6238014698028564,0.018079625442624092,1,1
4104,2.984666347503662,0.30602574348449707,1,1
4105,3.0438289642333984,0.15502409636974335,1,1
4106,3.0404164791107178,0.29188546538352966,1,1
4107,3.1859312057495117,0.1581401526927948,1,1
4108,3.607329845428467,0.18861797451972961,1,1
4109,2.7834877967834473,0.029187297448515892,1,1
4110,3.198969602584839,0.1362939327955246,1,1
4111,3.2193450927734375,0.08791923522949219,1,1
4112,3.28061580657959,0.010042214766144753,1,1
4113,3.175842046737671,0.08647728711366653,1,1
4114,3.6636903285980225,0.4436083436012268,1,1
4115,3.353630542755127,0.029352402314543724,1,1
4116,3.487156391143799,0.18277937173843384,1,1
4117,3.110917329788208,0.012692275457084179,1,1
4118,3.0359792709350586,0.5763193964958191,1,1
4119,3.042316198348999,0.08738210052251816,1,1
4120,2.9760847091674805,0.06326773017644882,1,1
4121,3.282275438308716,0.00401270529255271,1,1
4122,3.184185266494751,0.010172221809625626,1,1
4123,2.898508310317993,0.007355471141636372,1,1
4124,3.38321852684021,0.0006156080635264516,1,1
4125,3.680501699447632,0.01822785474359989,1,1
4126,3.9580063819885254,0.029790515080094337,1,1
4127,3.603210926055908,0.04866475984454155,1,1
4128,3.705552577972412,0.25319716334342957,1,1
4129,3.3799796104431152,0.08350639790296555,1,1
4130,3.302237033843994,0.036213453859090805,1,1
4131,3.2482616901397705,0.02663099206984043,1,1
4132,2.7449119091033936,0.16045887768268585,1,1
4133,3.215085506439209,0.21087351441383362,1,1
4134,3.3270108699798584,0.16038930416107178,1,1
4135,3.4227263927459717,0.14192306995391846,1,1
4136,3.147019147872925,0.06779789179563522,1,1
4137,3.316861867904663,0.08473795652389526,1,1
4138,3.0062191486358643,0.00531862024217844,1,1
4139,3.540045738220215,0.03845074772834778,1,1
4140,3.7370550632476807,0.11740299314260483,1,1
4141,2.5274953842163086,0.1449493169784546,1,1
4142,2.7758777141571045,0.42994722723960876,1,1
4143,2.792344331741333,0.03276975452899933,1,1
4144,3.7293508052825928,0.060473788529634476,1,1
4145,3.5544016361236572,0.1476512849330902,1,1
4146,3.387237787246704,0.007592406123876572,1,1
4147,2.2807581424713135,0.03563545271754265,1,1
4148,2.23525071144104,0.03455077484250069,1,1
4149,2.725618839263916,0.0007038005860522389,1,1
4150,3.2573275566101074,0.1025242805480957,1,1
4151,3.056033134460449,0.21112175285816193,1,1
4152,3.286207914352417,0.06390531361103058,1,1
4153,3.047346353530884,0.0008421064703725278,1,1
4154,2.937816858291626,0.050460804253816605,1,1
4155,2.945664882659912,0.01578054390847683,1,1
4156,3.280150890350342,0.16964013874530792,1,1
4157,2.9709115028381348,0.9032622575759888,1,1
4158,3.9994924068450928,0.4112721383571625,1,1
4159,3.7964794635772705,0.08227831870317459,1,1
4160,3.6139895915985107,0.0022553130984306335,1,1
4161,3.6723790168762207,0.0009170774719677866,1,1
4162,3.454505205154419,0.13335992395877838,1,1
4163,3.9722485542297363,0.1607373207807541,1,1
4164,3.6465554237365723,0.3789585530757904,1,1
4165,3.342006206512451,0.10246866941452026,1,1
4166,3.184659719467163,0.08985267579555511,1,1
4167,3.0376129150390625,0.011299758218228817,1,1
4168,3.5327558517456055,0.48383083939552307,1,1
4169,3.7531347274780273,0.002836748957633972,1,1
4170,3.663717269897461,0.001344122109003365,1,1
4171,3.0221328735351562,0.14292827248573303,1,1
4172,3.5562796592712402,0.038868192583322525,1,1
4173,3.851742744445801,0.004454614128917456,1,1
4174,3.716465711593628,0.0002603590546641499,1,1
4175,3.7025864124298096,0.05746498703956604,1,1
4176,4.113194465637207,0.012288910336792469,1,1
4177,3.6490938663482666,0.1840357929468155,1,1
4178,3.266134262084961,0.7303420901298523,1,1
4179,3.4636170864105225,0.0023404292296618223,1,1
4180,3.238591194152832,0.24765315651893616,1,1
4181,3.458035469055176,0.17327646911144257,1,1
4182,3.5724847316741943,0.02648630179464817,1,1
4183,3.2103538513183594,0.004338158760219812,1,1
4184,3.226741313934326,0.01697838306427002,1,1
4185,3.5555918216705322,0.12661056220531464,1,1
4186,3.516650676727295,0.04886935278773308,1,1
4187,3.0189199447631836,0.12000972032546997,1,1
4188,3.145989179611206,0.03644890338182449,1,1
4189,3.9767775535583496,0.01922081783413887,1,1
4190,3.757474899291992,0.0018666990799829364,1,1
4191,3.7507526874542236,0.003118940396234393,1,1
4192,3.647251844406128,0.04142804816365242,1,1
4193,3.729736328125,0.032064322382211685,1,1
4194,4.124089241027832,0.007161438465118408,1,1
4195,3.6174511909484863,0.21381743252277374,1,1
4196,3.484081268310547,0.03254304453730583,1,1
4197,3.1431334018707275,0.07336031645536423,1,1
4198,3.0898423194885254,0.05293574929237366,1,1
4199,3.53458833694458,0.2632201313972473,1,1
4200,3.4374547004699707,0.046684157103300095,1,1
4201,3.9673140048980713,0.08978325873613358,1,1
4202,3.435157537460327,0.2674354910850525,1,1
4203,3.567133665084839,0.024041952565312386,1,1
4204,3.84568190574646,0.012976529076695442,1,1
4205,3.261904239654541,0.07893580943346024,1,1
4206,3.6716933250427246,0.19502538442611694,1,1
4207,3.5304179191589355,0.08518239855766296,1,1
4208,3.691251277923584,0.00010287398617947474,1,1
4209,3.220294952392578,0.07895749807357788,1,1
4210,3.6684672832489014,0.03376954793930054,1,1
4211,3.6351277828216553,0.027070606127381325,1,1
4212,3.651470184326172,0.0694054588675499,1,1
4213,3.299865961074829,0.022487765178084373,1,1
4214,3.3940603733062744,0.00254451553337276,1,1
4215,3.3549203872680664,0.156532421708107,1,1
4216,3.3754632472991943,0.07312525808811188,1,1
4217,4.138186454772949,0.09562390297651291,1,1
4218,3.6737163066864014,0.06368105858564377,1,1
4219,3.419182538986206,0.03553350269794464,1,1
4220,3.6114368438720703,0.009683781303465366,1,1
4221,3.9169535636901855,0.005741967353969812,1,1
4222,3.9217660427093506,0.004432741552591324,1,1
4223,2.9523117542266846,0.2620331943035126,1,1
4224,3.066445827484131,0.4809085428714752,1,1
4225,3.2805843353271484,0.1378159075975418,1,1
4226,3.1347386837005615,0.2828633785247803,1,1
4227,3.2912044525146484,0.09556423127651215,1,1
4228,2.9281692504882812,0.224460169672966,1,1
4229,2.8395566940307617,0.08292734622955322,1,1
4230,3.314358711242676,0.0010019540786743164,1,1
4231,2.847001314163208,0.17286697030067444,1,1
4232,3.4262137413024902,0.46983686089515686,1,1
4233,2.935389518737793,1.823072075843811,1,1
4234,3.243884325027466,0.0732819214463234,1,1
4235,2.9613144397735596,1.0746583938598633,1,1
4236,3.4850950241088867,0.5082707405090332,1,1
4237,3.406078577041626,0.16705846786499023,1,1
4238,3.797210216522217,0.08753621578216553,1,1
4239,3.3981778621673584,0.02408386766910553,1,1
4240,3.8972370624542236,0.009761810302734375,1,1
4241,3.290835380554199,0.004049468319863081,1,1
4242,3.8021533489227295,0.016136521473526955,1,1
4243,3.9521305561065674,0.5576447248458862,1,1
4244,3.790656566619873,0.00258459011092782,1,1
4245,3.889366388320923,0.23528647422790527,1,1
4246,3.9967010021209717,0.0001801998441806063,1,1
4247,4.0361647605896,0.002433782909065485,1,1
4248,3.712656021118164,0.06381751596927643,1,1
4249,3.8057632446289062,0.016536157578229904,1,1
4250,3.8805794715881348,0.006749403662979603,1,1
4251,3.2663357257843018,0.07808133959770203,1,1
4252,3.9203550815582275,0.20409534871578217,1,1
4253,3.3986785411834717,0.002036334713920951,1,1
4254,3.783827066421509,0.10396306961774826,1,1
4255,3.282109022140503,0.007167973555624485,1,1
4256,3.4022278785705566,0.2089369297027588,1,1
4257,3.585747241973877,0.11586057394742966,1,1
4258,3.4551446437835693,0.04113002121448517,1,1
4259,3.914472818374634,0.022571777924895287,1,1
4260,3.2685883045196533,0.5252248644828796,1,1
4261,3.4572291374206543,0.008476115763187408,1,1
4262,3.5666162967681885,0.25159722566604614,1,1
4263,3.276181936264038,0.11220426857471466,1,1
4264,2.7005553245544434,0.06957844644784927,1,1
4265,2.461656332015991,0.050934500992298126,1,1
4266,2.970201015472412,0.0694970116019249,1,1
4267,2.8933708667755127,0.024820271879434586,1,1
4268,3.240781784057617,2.2269878172664903e-05,1,1
4269,3.415949821472168,0.015548638999462128,1,1
4270,3.5335488319396973,0.18743789196014404,1,1
4271,3.4941442012786865,0.0044481754302978516,1,1
4272,3.4554195404052734,0.014535622671246529,1,1
4273,3.3195178508758545,0.04788869619369507,1,1
4274,3.013543128967285,0.21232068538665771,1,1
4275,3.1186866760253906,0.06416905671358109,1,1
4276,2.850069999694824,0.0014901161193847656,1,1
4277,3.1080410480499268,0.0010031763231381774,1,1
4278,3.077991008758545,0.4024084210395813,1,1
4279,3.2092232704162598,0.16471585631370544,1,1
4280,3.2724082469940186,0.31215283274650574,1,1
4281,2.7707576751708984,0.0025601170491427183,1,1
4282,3.1724510192871094,0.14196670055389404,1,1
4283,2.820748805999756,0.0021645836532115936,1,1
4284,3.094062566757202,0.000940606405492872,1,1
4285,2.8802483081817627,0.006288205273449421,1,1
4286,2.736321449279785,0.02273154817521572,1,1
4287,2.773116111755371,0.08121877163648605,1,1
4288,2.7269186973571777,0.013246151618659496,1,1
4289,2.7018227577209473,0.0807957872748375,1,1
4290,3.1013875007629395,0.008283533155918121,1,1
4291,3.602742910385132,0.020982706919312477,1,1
4292,2.8939807415008545,0.009244435466825962,1,1
4293,3.069711446762085,0.14116786420345306,1,1
4294,2.6332671642303467,0.02098829858005047,1,1
4295,2.9135570526123047,0.055857013911008835,1,1
4296,3.0234663486480713,0.10373915731906891,1,1
4297,3.1194934844970703,0.5304974913597107,1,1
4298,2.820655107498169,0.032033223658800125,1,1
4299,3.017521619796753,0.0012571249390020967,1,1
4300,2.8165061473846436,0.046838585287332535,1,1
4301,2.7961385250091553,0.017177646979689598,1,1
4302,2.7712230682373047,0.08864181488752365,1,1
4303,2.57137131690979,0.8245807886123657,1,1
4304,2.8510289192199707,0.24323546886444092,1,1
4305,2.9577136039733887,0.3250071406364441,1,1
4306,3.0279738903045654,0.11370270699262619,1,1
4307,2.7892696857452393,0.07104214280843735,1,1
4308,2.8409299850463867,0.006692440249025822,1,1
4309,2.8469231128692627,0.018340079113841057,1,1
4310,2.8679935932159424,0.05827287584543228,1,1
4311,3.190032482147217,0.12047822773456573,1,1
4312,3.522355794906616,0.004948072135448456,1,1
4313,3.3791847229003906,0.0009758555679582059,1,1
4314,3.7988483905792236,0.1644652932882309,1,1
4315,3.9191792011260986,0.07532849907875061,1,1
4316,3.271636486053467,0.00035814204602502286,1,1
4317,3.1744465827941895,0.14057384431362152,1,1
4318,3.126264810562134,0.04612286761403084,1,1
4319,3.2475051879882812,0.002640823367983103,1,1
4320,3.5522165298461914,0.000704825040884316,1,1
4321,3.587977647781372,0.00819593295454979,1,1
4322,3.6528148651123047,0.050790853798389435,1,1
4323,3.4292662143707275,0.01791391335427761,1,1
4324,3.669593572616577,0.04635944589972496,1,1
4325,3.828555107116699,0.02095196396112442,1,1
4326,3.5974345207214355,0.029332563281059265,1,1
4327,3.175713300704956,0.20357249677181244,1,1
4328,3.2316091060638428,0.02392239309847355,1,1
4329,3.346604585647583,0.004775814712047577,1,1
4330,3.482898235321045,0.13944721221923828,1,1
4331,3.5877389907836914,0.014087689109146595,1,1
4332,3.3177905082702637,0.032696422189474106,1,1
4333,3.1952953338623047,6.246948760235682e-05,1,1
4334,3.1907291412353516,0.0225862804800272,1,1
4335,3.184565544128418,0.1166832447052002,1,1
4336,2.63809871673584,0.010814720764756203,1,1
4337,2.7892942428588867,0.05744647979736328,1,1
4338,2.49930739402771,0.07923977822065353,1,1
4339,2.6822986602783203,1.2749806899137184e-07,1,1
4340,2.558983325958252,0.05946702882647514,1,1
4341,2.915921211242676,0.004758490715175867,1,1
4342,2.4216535091400146,0.035927530378103256,1,1
4343,2.6321358680725098,0.11012571305036545,1,1
4344,2.594724178314209,0.2568620443344116,1,1
4345,2.253481864929199,0.02604524791240692,1,1
4346,2.2973852157592773,0.003817081917077303,1,1
4347,2.408015251159668,0.35796576738357544,1,1
4348,2.483288049697876,0.012893113307654858,1,1
4349,2.3572425842285156,0.03362428769469261,1,1
4350,3.202410936355591,0.011843697167932987,1,1
4351,2.594881772994995,0.016261804848909378,1,1
4352,2.3070085048675537,0.01415649801492691,1,1
4353,2.718702793121338,0.000225775787839666,1,1
4354,3.600395679473877,0.28988680243492126,1,1
4355,3.7370452880859375,0.4646914005279541,1,1
4356,3.508498430252075,0.02312609553337097,1,1
4357,4.022689342498779,0.2719862163066864,1,1
4358,3.9556825160980225,0.0822063609957695,1,1
4359,3.293633222579956,0.2213073968887329,1,1
4360,4.019428730010986,0.003757691476494074,1,1
4361,3.7160935401916504,0.09702562540769577,1,1
4362,3.981816053390503,0.2821965217590332,1,1
4363,3.8951847553253174,0.04998500272631645,1,1
4364,4.139585494995117,0.0010259227128699422,1,1
4365,3.3970627784729004,0.0016648307209834456,1,1
4366,3.9244494438171387,0.07298961281776428,1,1
4367,4.094180107116699,0.15098504722118378,1,1
4368,2.881556272506714,0.595539927482605,1,1
4369,2.6328251361846924,0.25859639048576355,1,1
4370,3.6614468097686768,0.05406970530748367,1,1
4371,3.4763238430023193,0.038481034338474274,1,1
4372,3.1634254455566406,0.053599487990140915,1,1
4373,3.376150131225586,0.0037541426718235016,1,1
4374,3.1683802604675293,0.16936995089054108,1,1
4375,2.949019432067871,0.26053357124328613,1,1
4376,3.0355782508850098,0.005887672305107117,1,1
4377,3.1945269107818604,0.08093299716711044,1,1
4378,3.361034393310547,0.19939666986465454,1,1
4379,3.4130678176879883,0.05906293913722038,1,1
4380,3.272395610809326,0.2073519229888916,1,1
4381,2.9183287620544434,0.0006022722809575498,1,1
4382,2.6421902179718018,0.022366365417838097,1,1
4383,2.889143705368042,0.019207440316677094,1,1
4384,2.906329393386841,0.12140452116727829,1,1
4385,3.280812978744507,0.10723699629306793,1,1
4386,2.942478895187378,0.24878786504268646,1,1
4387,2.8871405124664307,0.39679598808288574,1,1
4388,3.138530731201172,0.7246295809745789,1,1
4389,2.7189767360687256,0.3949986398220062,1,1
4390,3.3875246047973633,0.2975751459598541,1,1
4391,3.0093889236450195,0.09665323793888092,1,1
4392,2.983083724975586,0.1582169085741043,1,1
4393,2.990037441253662,0.08025902509689331,1,1
4394,2.93278431892395,0.0915149673819542,1,1
4395,2.079308271408081,0.7204951643943787,1,1
4396,2.750438928604126,0.5124763250350952,1,1
4397,2.77144193649292,0.30878666043281555,1,1
4398,2.7747435569763184,0.43770185112953186,1,1
4399,2.899345636367798,0.37166306376457214,1,1
4400,2.958411455154419,0.2095019668340683,1,1
4401,3.3543519973754883,0.17623762786388397,1,1
4402,2.916517496109009,0.5471299290657043,1,1
4403,3.4796557426452637,0.4144221246242523,1,1
4404,3.3180763721466064,0.014995291829109192,1,1
4405,3.6518468856811523,0.028845369815826416,1,1
4406,3.2081544399261475,0.09113582968711853,1,1
4407,4.068104267120361,0.010983981192111969,1,1
4408,4.2433247566223145,0.0022079013288021088,1,1
4409,3.1331613063812256,0.037480492144823074,1,1
4410,3.3015997409820557,0.11526349931955338,1,1
4411,2.9562854766845703,0.24984796345233917,1,1
4412,3.2153120040893555,0.009315088391304016,1,1
4413,3.975050926208496,0.08796503394842148,1,1
4414,3.5124456882476807,0.10062965005636215,1,1
4415,3.6996474266052246,0.00869609136134386,1,1
4416,3.4235310554504395,0.00021772841864731163,1,1
4417,3.6698756217956543,0.05392618104815483,1,1
4418,3.8034205436706543,0.10220316797494888,1,1
4419,3.7987937927246094,0.00040875980630517006,1,1
4420,3.2398416996002197,0.3268914222717285,1,1
4421,3.0611369609832764,0.04568452760577202,1,1
4422,3.5290768146514893,0.41777125000953674,1,1
4423,3.20334529876709,0.6228808760643005,1,1
4424,3.546535015106201,0.0019187591969966888,1,1
4425,3.6866886615753174,0.0004021529166493565,1,1
4426,3.415619373321533,0.0003170245327055454,1,1
4427,3.124244213104248,0.06695123016834259,1,1
4428,3.8521738052368164,0.014698969200253487,1,1
4429,3.518374443054199,0.00896451249718666,1,1
4430,3.466564655303955,0.055989380925893784,1,1
4431,3.596297264099121,0.17545253038406372,1,1
4432,3.288233518600464,0.002950955182313919,1,1
4433,3.6135308742523193,0.353395938873291,1,1
4434,3.406510353088379,0.019416652619838715,1,1
4435,3.269787311553955,0.011485165916383266,1,1
4436,3.719484329223633,0.007164705544710159,1,1
4437,3.379479169845581,0.005256866104900837,1,1
4438,3.0514254570007324,0.2164314240217209,1,1
4439,3.572331666946411,0.4336887300014496,1,1
4440,3.3265857696533203,0.0017469339072704315,1,1
4441,3.405846118927002,0.04236433655023575,1,1
4442,3.220414876937866,0.02681083045899868,1,1
4443,2.635274887084961,0.23619547486305237,1,1
4444,3.0162558555603027,0.013927784748375416,1,1
4445,3.5220024585723877,0.008213415741920471,1,1
4446,3.189826726913452,0.09517679363489151,1,1
4447,3.2364068031311035,0.06314641982316971,1,1
4448,3.4296090602874756,0.0036999403964728117,1,1
4449,3.6618192195892334,0.005864000413566828,1,1
4450,3.096271514892578,0.2265590876340866,1,1
4451,3.0486533641815186,0.1766754388809204,1,1
4452,3.3927559852600098,0.04088378697633743,1,1
4453,3.423003673553467,0.01322172861546278,1,1
4454,2.8861424922943115,0.13362790644168854,1,1
4455,3.3503339290618896,0.11040771007537842,1,1
4456,3.1320157051086426,0.39652857184410095,1,1
4457,3.508557081222534,0.557471752166748,1,1
4458,3.3173162937164307,0.8624783754348755,1,1
4459,3.679718494415283,0.14765869081020355,1,1
4460,3.7635886669158936,0.20291118323802948,1,1
4461,3.429325580596924,0.004939929582178593,1,1
4462,3.3645474910736084,0.005752209573984146,1,1
4463,2.914693593978882,0.009600390680134296,1,1
4464,2.9176313877105713,0.0905250534415245,1,1
4465,3.1930840015411377,0.025567764416337013,1,1
4466,3.243433952331543,0.0019002043409273028,1,1
4467,3.1324009895324707,0.033645521849393845,1,1
4468,3.2184412479400635,0.21245411038398743,1,1
4469,3.5131421089172363,0.015265943482518196,1,1
4470,3.858977794647217,0.015722407028079033,1,1
4471,3.1303741931915283,0.19585305452346802,1,1
4472,3.46358585357666,0.15968666970729828,1,1
4473,3.3866655826568604,0.166168212890625,1,1
4474,3.482968807220459,0.01197851076722145,1,1
4475,3.392545700073242,0.09777256101369858,1,1
4476,3.0720484256744385,0.15890862047672272,1,1
4477,3.6884841918945312,0.12421145290136337,1,1
4478,3.3417797088623047,0.04163258522748947,1,1
4479,3.919989585876465,0.09149744361639023,1,1
4480,3.072375535964966,0.029016081243753433,1,1
4481,3.662071704864502,0.5275214314460754,1,1
4482,4.303518772125244,0.013574709184467793,1,1
4483,4.472400665283203,0.0013941117795184255,1,1
4484,4.3304619789123535,0.00022173384786583483,1,1
4485,4.100647449493408,0.24550628662109375,1,1
4486,3.9868927001953125,0.07529142498970032,1,1
4487,4.249487400054932,0.07989855110645294,1,1
4488,3.813849449157715,0.16563363373279572,1,1
4489,4.113839149475098,0.004829317331314087,1,1
4490,4.553198337554932,0.07447803765535355,1,1
4491,2.7076339721679688,0.03944873437285423,1,1
4492,3.314404249191284,0.01945432461798191,1,1
4493,2.848635673522949,0.40640974044799805,1,1
4494,3.3940765857696533,0.0003319740353617817,1,1
4495,3.4056615829467773,0.16814890503883362,1,1
4496,3.698198080062866,0.04200359806418419,1,1
4497,3.756580352783203,0.007299297489225864,1,1
4498,3.885669231414795,0.19822625815868378,1,1
4499,3.9163217544555664,0.17487092316150665,1,1
4500,3.590052604675293,0.184242844581604,1,1
4501,3.081934690475464,0.0868750512599945,1,1
4502,3.309810161590576,0.9931692481040955,1,1
4503,3.6802470684051514,0.901007354259491,1,1
4504,3.8547356128692627,0.08500223606824875,1,1
4505,2.8598854541778564,0.0001388453965773806,1,1
4506,2.797013521194458,0.008406955748796463,1,1
4507,2.676870107650757,0.17506468296051025,1,1
4508,2.55826473236084,0.037746261805295944,1,1
4509,2.597933530807495,0.01828262023627758,1,1
4510,2.990586280822754,0.09377671778202057,1,1
4511,3.4756052494049072,0.9731513261795044,1,1
4512,3.6818435192108154,1.1580719947814941,1,1
4513,3.681032657623291,0.23103666305541992,1,1
4514,3.824347972869873,0.44969674944877625,1,1
4515,3.2537851333618164,0.33803102374076843,1,1
4516,3.0852437019348145,0.25697943568229675,1,1
4517,2.7952592372894287,0.028858482837677002,1,1
4518,3.3691577911376953,0.1675005406141281,1,1
4519,3.723033905029297,0.18101778626441956,1,1
4520,3.1461098194122314,0.0014260009629651904,1,1
4521,4.059953689575195,0.038913872092962265,1,1
4522,3.5696349143981934,0.19718782603740692,1,1
4523,3.8316569328308105,0.00895172543823719,1,1
4524,4.179274559020996,0.08533456176519394,1,1
4525,3.8797662258148193,0.0005668112426064909,1,1
4526,3.9800608158111572,0.004431456793099642,1,1
4527,3.7649900913238525,0.004536140710115433,1,1
4528,3.6543190479278564,0.043238814920186996,1,1
4529,4.231369972229004,0.3045114576816559,1,1
4530,3.5690739154815674,0.054051753133535385,1,1
4531,3.876344919204712,0.027973536401987076,1,1
4532,3.470529556274414,0.27898624539375305,1,1
4533,3.521273612976074,0.11619587242603302,1,1
4534,3.870887041091919,0.37065181136131287,1,1
4535,4.1997389793396,0.0012197681935504079,1,1
4536,4.123971939086914,0.16127946972846985,1,1
4537,4.115882396697998,0.0004487135447561741,1,1
4538,3.273185968399048,0.02369605004787445,1,1
4539,3.378188133239746,0.0008028090232983232,1,1
4540,3.815324544906616,0.4371912479400635,1,1
4541,3.53176212310791,0.04429672658443451,1,1
4542,3.5964412689208984,0.11885577440261841,1,1
4543,2.9766464233398438,0.22422246634960175,1,1
4544,3.665158987045288,0.0006769240135326982,1,1
4545,3.473644733428955,0.05763167142868042,1,1
4546,3.8135693073272705,0.07477330416440964,1,1
4547,3.3443682193756104,0.000253552570939064,1,1
4548,3.207111120223999,0.00019608075672294945,1,1
4549,3.4160208702087402,0.08552636951208115,1,1
4550,3.503669023513794,0.002333897864446044,1,1
4551,4.052269458770752,0.008322224952280521,1,1
4552,3.7025468349456787,0.25623640418052673,1,1
4553,3.7889914512634277,0.004875028971582651,1,1
4554,4.2240519523620605,0.051980894058942795,1,1
4555,4.172113418579102,0.04274257645010948,1,1
4556,4.081174373626709,0.0019484643125906587,1,1
4557,3.7161083221435547,0.0007485249079763889,1,1
4558,3.8663206100463867,0.1648568958044052,1,1
4559,4.131870269775391,0.10704746097326279,1,1
4560,3.618180274963379,0.030940726399421692,1,1
4561,4.10191011428833,0.22935128211975098,1,1
4562,4.164895534515381,0.0063311331905424595,1,1
4563,3.790956974029541,0.020468665286898613,1,1
4564,3.6631569862365723,0.00014809156709816307,1,1
4565,3.7958734035491943,0.02739868126809597,1,1
4566,3.320988893508911,0.008746560662984848,1,1
4567,4.0390706062316895,0.1273120492696762,1,1
4568,3.917314291000366,0.00925371702760458,1,1
4569,4.019949436187744,0.019936464726924896,1,1
4570,3.0962064266204834,0.008077544160187244,1,1
4571,2.820683002471924,0.7390108108520508,1,1
4572,3.1177523136138916,0.10392572730779648,1,1
4573,3.2129504680633545,0.534977376461029,1,1
4574,3.0414717197418213,0.28309953212738037,1,1
4575,3.1203696727752686,0.012338170781731606,1,1
4576,3.203613758087158,0.09297460317611694,1,1
4577,2.951948404312134,0.0002098270779242739,1,1
4578,3.1820647716522217,0.09998168796300888,1,1
4579,3.1050989627838135,0.011951065622270107,1,1
4580,3.2616806030273438,0.3081006407737732,1,1
4581,3.4566516876220703,0.7047073841094971,1,1
4582,3.2258570194244385,0.20327651500701904,1,1
4583,3.0150442123413086,0.22380225360393524,1,1
4584,3.6234710216522217,0.00448429211974144,1,1
4585,3.9064338207244873,0.006643581669777632,1,1
4586,3.612515926361084,0.03159600868821144,1,1
4587,3.528747797012329,0.1256645917892456,1,1
4588,3.423584222793579,0.12450414150953293,1,1
4589,3.2497260570526123,0.25944119691848755,1,1
4590,2.503962516784668,1.2818817594961729e-05,1,1
4591,3.0075807571411133,0.1347733438014984,1,1
4592,3.244910717010498,0.1551533043384552,1,1
4593,3.190277338027954,0.03924964368343353,1,1
4594,3.5035226345062256,0.3378963768482208,1,1
4595,3.4321279525756836,0.02663729153573513,1,1
4596,3.234956979751587,0.00860454048961401,1,1
4597,2.892075777053833,0.004559569992125034,1,1
4598,3.2267682552337646,0.0667266845703125,1,1
4599,3.11724853515625,0.20376412570476532,1,1
4600,3.669881582260132,0.012777221389114857,1,1
4601,3.326991558074951,0.36979448795318604,1,1
4602,3.172264814376831,0.003250731620937586,1,1
4603,3.5419020652770996,0.001810424029827118,1,1
4604,3.8093502521514893,0.12127005308866501,1,1
4605,3.8878026008605957,0.10299450159072876,1,1
4606,3.792253255844116,4.107132767217081e-08,1,1
4607,4.038873672485352,0.0030195002909749746,1,1
4608,3.7489540576934814,0.04711049422621727,1,1
4609,3.7577083110809326,0.122455894947052,1,1
4610,3.5774481296539307,0.09449326246976852,1,1
4611,3.8744680881500244,0.08430028706789017,1,1
4612,3.8249106407165527,0.18212807178497314,1,1
4613,3.998549461364746,0.0833447277545929,1,1
4614,3.7576375007629395,0.03021174483001232,1,1
4615,3.6724565029144287,0.00548172602429986,1,1
4616,3.2597880363464355,0.007233486510813236,1,1
4617,3.635345220565796,0.04345983266830444,1,1
4618,3.139688730239868,0.052855849266052246,1,1
4619,3.2769293785095215,0.7411195635795593,1,1
4620,3.4940972328186035,0.4118417203426361,1,1
4621,3.3873181343078613,0.08262748271226883,1,1
4622,3.664985418319702,0.43892860412597656,1,1
4623,3.3447606563568115,0.08830883353948593,1,1
4624,3.76835560798645,0.0004598204104695469,1,1
4625,2.828653335571289,0.11186187714338303,1,1
4626,2.625257730484009,0.03358536586165428,1,1
4627,1.855502963066101,0.028910968452692032,1,1
4628,2.7095932960510254,0.013658041134476662,1,1
4629,2.9368245601654053,0.2883301079273224,1,1
4630,3.3956868648529053,0.00477848295122385,1,1
4631,3.3096916675567627,0.048354435712099075,1,1
4632,3.151693105697632,0.03669990226626396,1,1
4633,3.077686071395874,0.003634487045928836,1,1
4634,3.5043272972106934,0.0021574057172983885,1,1
4635,3.7435898780822754,0.00035268403007648885,1,1
4636,3.4654250144958496,0.0027247965335845947,1,1
4637,3.3979551792144775,0.018781833350658417,1,1
4638,3.6084039211273193,0.04554849490523338,1,1
4639,3.5336103439331055,1.7948541426449083e-05,1,1
4640,3.26345157623291,0.03801297768950462,1,1
4641,4.000430583953857,0.013097737915813923,1,1
4642,3.912020444869995,0.30958086252212524,1,1
4643,4.094233989715576,0.09074004739522934,1,1
4644,3.979426622390747,0.12489944696426392,1,1
4645,3.9874815940856934,0.0048871650360524654,1,1
4646,3.62605881690979,0.002266325755044818,1,1
4647,4.285921573638916,0.11640650033950806,1,1
4648,4.186021327972412,0.056300368160009384,1,1
4649,3.9179294109344482,0.013080072589218616,1,1
4650,3.3542263507843018,0.0004782114119734615,1,1
4651,2.727675437927246,0.041616830974817276,1,1
4652,3.1141304969787598,0.025462940335273743,1,1
4653,3.2155661582946777,0.011720091104507446,1,1
4654,3.570796489715576,0.08721672743558884,1,1
4655,2.9884445667266846,0.06853362172842026,1,1
4656,3.1196157932281494,0.14387111365795135,1,1
4657,3.2958664894104004,0.005953016225248575,1,1
4658,2.906475305557251,1.1605117833823897e-05,1,1
4659,3.068970203399658,0.37540245056152344,1,1
4660,2.871492624282837,0.13823898136615753,1,1
4661,3.2690188884735107,0.016219990327954292,1,1
4662,2.949479103088379,0.05650664120912552,1,1
4663,3.2917981147766113,0.4007083475589752,1,1
4664,4.026434898376465,0.09873449802398682,1,1
4665,3.1739580631256104,0.0027006701566278934,1,1
4666,3.9680395126342773,0.5418034791946411,1,1
4667,3.9587507247924805,0.11896892637014389,1,1
4668,3.8914289474487305,0.13465999066829681,1,1
4669,3.531186103820801,0.024747347459197044,1,1
4670,4.09544038772583,0.19336681067943573,1,1
4671,3.803474187850952,0.23640190064907074,1,1
4672,3.762038230895996,0.0012605489464476705,1,1
4673,4.085754871368408,0.17638349533081055,1,1
4674,3.4230923652648926,0.006620004773139954,1,1
4675,2.5193428993225098,0.030947519466280937,1,1
4676,2.670592784881592,0.012088608928024769,1,1
4677,2.9521100521087646,0.0011008087312802672,1,1
4678,2.9857521057128906,0.008849753998219967,1,1
4679,2.901654005050659,0.44041314721107483,1,1
4680,2.9813497066497803,0.001113653532229364,1,1
4681,3.0949320793151855,0.02585248462855816,1,1
4682,3.1357064247131348,0.11866288632154465,1,1
4683,2.5315592288970947,0.0019094705348834395,1,1
4684,3.189931869506836,0.05565192922949791,1,1
4685,2.862614154815674,0.15537385642528534,1,1
4686,2.8732986450195312,6.856061372673139e-05,1,1
4687,2.2130672931671143,0.15992586314678192,1,1
4688,2.8912646770477295,0.001402050256729126,1,1
4689,3.203587293624878,6.020218279445544e-05,1,1
4690,3.2225725650787354,0.045499078929424286,1,1
4691,3.4982171058654785,0.13881367444992065,1,1
4692,2.758678913116455,0.03682572767138481,1,1
4693,2.7141716480255127,0.02504579722881317,1,1
4694,2.938628911972046,0.032727841287851334,1,1
4695,2.794524908065796,0.009186997078359127,1,1
4696,3.1495742797851562,0.31666576862335205,1,1
4697,2.9801504611968994,0.17266641557216644,1,1
4698,2.9087727069854736,0.24888412654399872,1,1
4699,2.641875982284546,0.002305081579834223,1,1
4700,2.409863233566284,0.007024894002825022,1,1
4701,2.6705596446990967,0.03700743988156319,1,1
4702,2.7526767253875732,0.03136998042464256,1,1
4703,3.358765125274658,0.004016374237835407,1,1
4704,2.830373525619507,0.0005668112426064909,1,1
4705,2.8712127208709717,0.015313674695789814,1,1
4706,3.1042964458465576,0.0003337347006890923,1,1
4707,3.471489191055298,0.004606609232723713,1,1
4708,3.4460155963897705,0.007965183816850185,1,1
4709,4.017602920532227,0.007388615049421787,1,1
4710,3.8223814964294434,0.03381567448377609,1,1
4711,3.6862294673919678,0.01509946770966053,1,1
4712,3.6406428813934326,0.0019306138856336474,1,1
4713,3.640270471572876,0.0233408585190773,1,1
4714,4.016983509063721,0.017111938446760178,1,1
4715,3.436121702194214,0.043576598167419434,1,1
4716,3.467144250869751,0.050799548625946045,1,1
4717,3.399887800216675,0.09744692593812943,1,1
4718,2.7662839889526367,0.7506710886955261,1,1
4719,2.8928921222686768,0.16830722987651825,1,1
4720,3.465376615524292,0.46429678797721863,1,1
4721,3.092677116394043,0.026950065046548843,1,1
4722,3.638295888900757,0.011468623764812946,1,1
4723,3.807548761367798,3.2090491004055366e-05,1,1
4724,3.1370849609375,0.003425797913223505,1,1
4725,3.119865655899048,0.08700025081634521,1,1
4726,3.440878391265869,0.05938233807682991,1,1
4727,3.5549211502075195,0.1221926212310791,1,1
4728,3.1776793003082275,0.22257128357887268,1,1
4729,3.2890777587890625,0.2564220428466797,1,1
4730,3.4252238273620605,0.18574541807174683,1,1
4731,3.8472628593444824,0.08929812163114548,1,1
4732,3.609494209289551,0.13995219767093658,1,1
4733,3.199918270111084,0.28475531935691833,1,1
4734,3.3790979385375977,0.22981368005275726,1,1
4735,4.01294469833374,0.4488429129123688,1,1
4736,3.9306700229644775,0.4259068965911865,1,1
4737,3.589869499206543,0.04803664609789848,1,1
4738,3.7452445030212402,0.0104327742010355,1,1
4739,3.6811106204986572,0.007246624678373337,1,1
4740,3.956480026245117,0.009655311703681946,1,1
4741,3.5658490657806396,0.029445065185427666,1,1
4742,3.6362457275390625,0.4575875699520111,1,1
4743,2.884474039077759,0.025253936648368835,1,1
4744,3.2070846557617188,0.21965794265270233,1,1
4745,2.988074779510498,0.3190706670284271,1,1
4746,2.726245641708374,0.13698600232601166,1,1
4747,2.48392653465271,0.07136145234107971,1,1
4748,2.8025524616241455,0.019632406532764435,1,1
4749,3.314258098602295,0.16402724385261536,1,1
4750,2.8584649562835693,0.0338263213634491,1,1
4751,3.2880632877349854,0.005501750390976667,1,1
4752,2.9467806816101074,0.05341643840074539,1,1
4753,1.8570767641067505,0.2486145943403244,1,1
4754,2.8310909271240234,0.2476051300764084,1,1
4755,3.04819393157959,0.06625884771347046,1,1
4756,2.6871325969696045,9.477232197241392e-06,1,1
4757,2.9395992755889893,0.0036170543171465397,1,1
4758,3.2459983825683594,0.006960334721952677,1,1
4759,3.0648672580718994,0.0009982917690649629,1,1
4760,3.3494558334350586,0.10069089382886887,1,1
4761,3.3725602626800537,0.007629450410604477,1,1
4762,3.452855348587036,0.006488748826086521,1,1
4763,3.577082872390747,0.09260421246290207,1,1
4764,3.1323108673095703,0.2130327671766281,1,1
4765,3.468245506286621,0.050716932862997055,1,1
4766,3.605992317199707,0.480654239654541,1,1
4767,3.0994625091552734,0.594706118106842,1,1
4768,3.5741753578186035,0.005386399570852518,1,1
4769,3.257050037384033,0.24732668697834015,1,1
4770,2.7282135486602783,0.036015383899211884,1,1
4771,3.4443001747131348,0.27071937918663025,1,1
4772,3.263552188873291,0.030064312741160393,1,1
4773,3.1779773235321045,1.8525495761423372e-05,1,1
4774,2.756375551223755,0.11707255989313126,1,1
4775,3.2356128692626953,0.18272987008094788,1,1
4776,2.6313834190368652,0.2519943118095398,1,1
4777,2.8520190715789795,0.25646114349365234,1,1
4778,2.9374468326568604,0.024820271879434586,1,1
4779,3.0945115089416504,0.006324991583824158,1,1
4780,3.1837663650512695,9.822929132496938e-05,1,1
4781,3.1677358150482178,0.11024743318557739,1,1
4782,2.406888961791992,0.013239489868283272,1,1
4783,3.3020777702331543,0.021738678216934204,1,1
4784,3.0303635597229004,0.02789611555635929,1,1
4785,2.6147849559783936,0.23214197158813477,1,1
4786,2.621318817138672,0.5266947150230408,1,1
4787,3.4384233951568604,0.06087790057063103,1,1
4788,2.8688530921936035,0.1497277319431305,1,1
4789,2.7490415573120117,0.021764298900961876,1,1
4790,2.8976361751556396,0.0002871766628231853,1,1
4791,3.5591225624084473,0.4048854410648346,1,1
4792,4.089046001434326,0.2180597335100174,1,1
4793,3.514486789703369,0.22577886283397675,1,1
4794,3.9616539478302,0.05867893248796463,1,1
4795,3.3082447052001953,0.0008077383972704411,1,1
4796,3.9331164360046387,0.0016171381575986743,1,1
4797,4.053614139556885,0.002223346149548888,1,1
4798,4.160129070281982,0.1426219791173935,1,1
4799,3.73950457572937,0.05422240495681763,1,1
4800,3.270251989364624,0.04002971574664116,1,1
4801,3.892127513885498,0.007626079022884369,1,1
4802,3.229492425918579,0.03135630860924721,1,1
4803,3.2582600116729736,0.0006074939155951142,1,1
4804,3.05637526512146,0.0833001658320427,1,1
4805,3.265223503112793,0.10748996585607529,1,1
4806,3.2121999263763428,0.03349345922470093,1,1
4807,3.0772323608398438,0.3301660418510437,1,1
4808,2.7020263671875,0.1020551323890686,1,1
4809,3.154287815093994,0.029498079791665077,1,1
4810,3.522963047027588,0.38511428236961365,1,1
4811,3.0035061836242676,0.3586127460002899,1,1
4812,3.32720947265625,0.1704200953245163,1,1
4813,3.213324546813965,0.019497422501444817,1,1
4814,2.3421945571899414,0.06581246107816696,1,1
4815,3.0680317878723145,0.3494827449321747,1,1
4816,3.160749673843384,0.04799012094736099,1,1
4817,3.7234458923339844,0.20479349792003632,1,1
4818,3.1300578117370605,0.12048492580652237,1,1
4819,3.2296392917633057,0.005788864102214575,1,1
4820,3.5161612033843994,0.01639004424214363,1,1
4821,3.7090814113616943,0.04399663209915161,1,1
4822,3.65256404876709,0.5893153548240662,1,1
4823,3.733487844467163,0.6189113855361938,1,1
4824,3.473811626434326,0.11698012799024582,1,1
4825,3.5157053470611572,0.2037118524312973,1,1
4826,3.549837112426758,0.7078379988670349,1,1
4827,2.813680410385132,0.09451699256896973,1,1
4828,2.5969042778015137,0.08672720193862915,1,1
4829,2.6447038650512695,0.011695030145347118,1,1
4830,3.018556833267212,0.14316916465759277,1,1
4831,2.4276201725006104,0.007734333164989948,1,1
4832,2.426968812942505,0.004220737610012293,1,1
4833,2.6618547439575195,0.003688209457322955,1,1
4834,2.397526502609253,0.035250283777713776,1,1
4835,2.4910476207733154,0.004358522593975067,1,1
4836,2.4858670234680176,0.4156406819820404,1,1
4837,2.6547181606292725,0.04120834544301033,1,1
4838,2.444899082183838,0.0650029256939888,1,1
4839,2.577077865600586,0.05722464248538017,1,1
4840,3.2243118286132812,0.03632740303874016,1,1
4841,3.04546856880188,0.7969145774841309,1,1
4842,3.373323678970337,1.2380871772766113,1,1
4843,3.1834640502929688,0.3675912320613861,1,1
4844,3.287461280822754,0.6781312823295593,1,1
4845,3.1225223541259766,0.09423238039016724,1,1
4846,3.609515905380249,0.28426116704940796,1,1
4847,3.3826727867126465,0.11947541683912277,1,1
4848,3.428715944290161,0.37923189997673035,1,1
4849,3.1769707202911377,0.053541410714387894,1,1
4850,3.5200798511505127,0.5403837561607361,1,1
4851,3.618887186050415,0.4873681664466858,1,1
4852,3.236327648162842,0.5724722743034363,1,1
4853,3.6522412300109863,0.15174348652362823,1,1
4854,2.9872608184814453,0.3711102306842804,1,1
4855,3.5902483463287354,0.20043225586414337,1,1
4856,3.0642478466033936,0.027738377451896667,1,1
4857,3.774200677871704,0.002357266843318939,1,1
4858,3.7270641326904297,0.03614002838730812,1,1
4859,3.6250274181365967,0.14784418046474457,1,1
4860,3.3910696506500244,0.289232462644577,1,1
4861,2.9179890155792236,0.11826429516077042,1,1
4862,3.2640347480773926,0.019395142793655396,1,1
4863,3.354276180267334,0.01850774697959423,1,1
4864,3.3671820163726807,0.007675036787986755,1,1
4865,3.366060495376587,0.01905793510377407,1,1
4866,3.5734219551086426,0.30986014008522034,1,1
4867,3.461014747619629,0.16256093978881836,1,1
4868,3.081803321838379,0.6588007807731628,1,1
4869,3.0104498863220215,0.07133051753044128,1,1
4870,3.876842975616455,0.20645642280578613,1,1
4871,3.3858699798583984,0.031822849065065384,1,1
4872,3.452453374862671,0.001180984196253121,1,1
4873,3.4817020893096924,0.48242220282554626,1,1
4874,3.9340004920959473,0.10051335394382477,1,1
4875,3.0532517433166504,0.020806940272450447,1,1
4876,3.2875678539276123,0.1652960330247879,1,1
4877,3.413351535797119,0.2469620704650879,1,1
4878,3.446779727935791,0.09660524129867554,1,1
4879,3.468080759048462,0.07800585776567459,1,1
4880,3.633693218231201,0.013795983977615833,1,1
4881,3.1712377071380615,0.1523154228925705,1,1
4882,2.9635202884674072,0.012084364891052246,1,1
4883,3.4657583236694336,0.0014730290276929736,1,1
4884,3.6021034717559814,0.025370627641677856,1,1
4885,3.4701144695281982,0.0084619065746665,1,1
4886,3.543097734451294,0.0022644884884357452,1,1
4887,3.613603115081787,0.02282184734940529,1,1
4888,3.4293100833892822,0.027712667360901833,1,1
4889,3.2488465309143066,0.04701000452041626,1,1
4890,3.4556734561920166,0.0036718174815177917,1,1
4891,3.437110662460327,0.005027131177484989,1,1
4892,3.2214014530181885,0.014670901000499725,1,1
4893,3.860436201095581,0.08652838319540024,1,1
4894,3.507242441177368,0.03167840465903282,1,1
4895,3.2995612621307373,0.2964286208152771,1,1
4896,3.5112671852111816,0.07071327418088913,1,1
4897,3.638580083847046,0.09707372635602951,1,1
4898,3.3983519077301025,0.10156860202550888,1,1
4899,3.7604024410247803,0.00849923212081194,1,1
4900,3.2138946056365967,0.2686345875263214,1,1
4901,3.9682655334472656,0.19473569095134735,1,1
4902,3.2321484088897705,0.20095105469226837,1,1
4903,3.6458137035369873,0.004419900476932526,1,1
4904,3.6119608879089355,0.7435973882675171,1,1
4905,3.1452600955963135,0.3602558970451355,1,1
4906,2.879014730453491,0.4481320083141327,1,1
4907,3.4002904891967773,0.5238549709320068,1,1
4908,3.288301467895508,0.4680921733379364,1,1
4909,3.23734450340271,0.4330788552761078,1,1
4910,3.4236981868743896,0.00027456218958832324,1,1
4911,3.1543145179748535,0.0739627331495285,1,1
4912,3.506185531616211,0.003909453749656677,1,1
4913,3.1430065631866455,0.003221087157726288,1,1
4914,3.5386226177215576,0.2557871639728546,1,1
4915,3.0541369915008545,0.27800843119621277,1,1
4916,3.581956148147583,0.03762261942028999,1,1
4917,3.1650946140289307,0.00011828997958218679,1,1
4918,3.3013198375701904,0.26915502548217773,1,1
4919,3.5009217262268066,0.12581516802310944,1,1
4920,2.874332904815674,0.04857964441180229,1,1
4921,3.901681423187256,0.06839220970869064,1,1
4922,3.967083692550659,0.0041123502887785435,1,1
4923,3.7819137573242188,0.052240848541259766,1,1
4924,3.4067482948303223,0.21884456276893616,1,1
4925,3.3988187313079834,0.28024157881736755,1,1
4926,4.011957168579102,0.0035213492810726166,1,1
4927,2.9458556175231934,0.07525964826345444,1,1
4928,3.1360859870910645,0.01904195360839367,1,1
4929,3.3483476638793945,0.2782221734523773,1,1
4930,3.1920840740203857,0.01274233777076006,1,1
4931,3.081897258758545,0.1428261250257492,1,1
4932,3.626188039779663,0.024686656892299652,1,1
4933,3.5182714462280273,0.12488581240177155,1,1
4934,3.385948419570923,0.023701993748545647,1,1
4935,3.4087131023406982,0.024369264021515846,1,1
4936,3.5776419639587402,0.002248901640996337,1,1
4937,3.6619465351104736,0.000792452075984329,1,1
4938,3.6126558780670166,0.00012039849389111623,1,1
4939,3.188933849334717,0.11419787257909775,1,1
4940,4.02992582321167,0.026599502190947533,1,1
4941,3.744657278060913,0.05311352759599686,1,1
4942,3.675847291946411,0.004680261015892029,1,1
4943,4.103509426116943,0.002446176949888468,1,1
4944,4.131102561950684,0.03983302041888237,1,1
4945,3.9788341522216797,0.0810098871588707,1,1
4946,4.211535930633545,0.003503047628328204,1,1
4947,3.9804739952087402,0.34123679995536804,1,1
4948,3.576737880706787,0.16345709562301636,1,1
4949,3.9886136054992676,0.0024157247971743345,1,1
4950,4.046347141265869,0.07713501155376434,1,1
4951,4.1187028884887695,0.03125385940074921,1,1
4952,3.003020763397217,0.12782907485961914,1,1
4953,3.649355173110962,0.00766658503562212,1,1
4954,3.6199262142181396,0.07831882685422897,1,1
4955,3.4393932819366455,0.16628625988960266,1,1
4956,3.5617215633392334,2.2452417397289537e-05,1,1
4957,3.3074703216552734,0.36690112948417664,1,1
4958,3.640744924545288,0.4399009644985199,1,1
4959,3.3757522106170654,0.2611841857433319,1,1
4960,4.173678398132324,0.1582936942577362,1,1
4961,3.2949507236480713,0.019330685958266258,1,1
4962,3.2206335067749023,0.1278083771467209,1,1
4963,3.5227110385894775,0.033046361058950424,1,1
4964,3.6398518085479736,0.002583608729764819,1,1
4965,3.3443515300750732,0.21751928329467773,1,1
4966,3.59867525100708,0.20976705849170685,1,1
4967,3.3971810340881348,0.06176690012216568,1,1
4968,3.1712772846221924,0.16369909048080444,1,1
4969,3.5315074920654297,0.02302933856844902,1,1
4970,3.2861742973327637,0.0241618100553751,1,1
4971,3.4042179584503174,0.00254451553337276,1,1
4972,3.0442841053009033,0.0729374811053276,1,1
4973,3.2949423789978027,0.015678873285651207,1,1
4974,3.2676916122436523,0.022070039063692093,1,1
4975,3.2422099113464355,0.058445390313863754,1,1
4976,3.478447198867798,0.039119742810726166,1,1
4977,3.41087007522583,0.01213108841329813,1,1
4978,3.6951982975006104,0.06574315577745438,1,1
4979,3.734708309173584,0.08665332943201065,1,1
4980,3.027451753616333,0.11528315395116806,1,1
4981,2.8080873489379883,0.046800997108221054,1,1
4982,3.386070728302002,0.0001415879523847252,1,1
4983,3.052915573120117,0.028096342459321022,1,1
4984,3.4129996299743652,8.726715896045789e-05,1,1
4985,2.938514471054077,0.006819353438913822,1,1
4986,3.2329514026641846,0.001320872106589377,1,1
4987,2.6359028816223145,0.15795598924160004,1,1
4988,3.1156527996063232,0.00030342722311615944,1,1
4989,2.944913387298584,0.10071539133787155,1,1
4990,2.893132209777832,0.0417587012052536,1,1
4991,3.5246469974517822,0.13274741172790527,1,1
4992,3.1636037826538086,0.1119135171175003,1,1
4993,2.9658889770507812,0.05564282089471817,1,1
4994,3.2992308139801025,0.005513209383934736,1,1
4995,3.506106376647949,0.035177845507860184,1,1
4996,3.5289597511291504,0.5157007575035095,1,1
4997,3.1459693908691406,0.3505561351776123,1,1
4998,3.5646750926971436,0.00035741188912652433,1,1
4999,3.388420581817627,0.05070389062166214,1,1
5000,3.4471535682678223,0.0835900828242302,1,1
5001,3.249570608139038,0.08101538568735123,1,1
5002,3.4228549003601074,0.009710390120744705,1,1
5003,3.0551490783691406,0.08580318093299866,1,1
5004,3.6133639812469482,0.036294300109148026,1,1
5005,3.094902515411377,0.22732225060462952,1,1
5006,3.375955820083618,0.34811487793922424,1,1
5007,3.193544387817383,0.0445326529443264,1,1
5008,3.3260819911956787,0.0187765434384346,1,1
5009,3.658017158508301,0.02104146033525467,1,1
5010,3.7347261905670166,0.1697673499584198,1,1
5011,3.589719295501709,0.19167308509349823,1,1
5012,3.651259422302246,0.12751874327659607,1,1
5013,3.642886161804199,0.5173653960227966,1,1
5014,3.690150737762451,0.01758989505469799,1,1
5015,3.667586088180542,0.003648463636636734,1,1
5016,3.6038389205932617,0.0016845770878717303,1,1
5017,3.3638269901275635,0.047215282917022705,1,1
5018,3.788330078125,0.0655997171998024,1,1
5019,3.204549551010132,0.015464517287909985,1,1
5020,2.87507700920105,0.009162962436676025,1,1
5021,3.7362520694732666,0.11563731729984283,1,1
5022,3.5660576820373535,0.0735119953751564,1,1
5023,4.206829071044922,0.08549814671278,1,1
5024,2.71366810798645,0.00793592631816864,1,1
5025,2.600778102874756,0.001127868890762329,1,1
5026,3.0130486488342285,0.2797819972038269,1,1
5027,2.7568933963775635,0.00025694453506730497,1,1
5028,2.9491829872131348,0.014124366454780102,1,1
5029,3.0172128677368164,0.0855715349316597,1,1
5030,2.8076610565185547,0.16307495534420013,1,1
5031,2.8077921867370605,0.0038781396578997374,1,1
5032,2.6351816654205322,0.013655786402523518,1,1
5033,3.1989240646362305,0.027863888069987297,1,1
5034,3.158378839492798,0.010111965239048004,1,1
5035,3.8200764656066895,0.013694155029952526,1,1
5036,2.5022571086883545,0.013886814005672932,1,1
5037,3.115586280822754,0.03770503029227257,1,1
5038,3.447213649749756,0.12021040171384811,1,1
5039,3.7628824710845947,0.0018186457455158234,1,1
5040,3.7206244468688965,0.0007109874277375638,1,1
5041,3.816415548324585,0.016072837635874748,1,1
5042,3.823268175125122,0.4463765323162079,1,1
5043,3.7536351680755615,0.03239002451300621,1,1
5044,3.804643392562866,0.0173551794141531,1,1
5045,2.84850811958313,0.005572123918682337,1,1
5046,2.947505235671997,0.021588115021586418,1,1
5047,3.498542308807373,0.0005165138281881809,1,1
5048,3.299856424331665,0.07654648274183273,1,1
5049,3.3715639114379883,0.019303860142827034,1,1
5050,3.4430103302001953,0.05427635461091995,1,1
5051,3.0142710208892822,0.24990585446357727,1,1
5052,3.444089889526367,0.19147877395153046,1,1
5053,3.1423792839050293,0.06622903794050217,1,1
5054,3.49711537361145,0.034611791372299194,1,1
5055,3.4621481895446777,0.05921313911676407,1,1
5056,3.5174612998962402,0.015543825924396515,1,1
5057,3.2928078174591064,0.2137995958328247,1,1
5058,3.6164300441741943,0.030346084386110306,1,1
5059,3.2524220943450928,0.12704360485076904,1,1
5060,3.7740907669067383,0.0008259419701062143,1,1
5061,3.304293155670166,0.2667870819568634,1,1
5062,3.3777964115142822,0.06561949104070663,1,1
5063,3.443187952041626,0.1475326269865036,1,1
5064,3.585958480834961,0.01720801554620266,1,1
5065,3.348954200744629,0.0052038230933249,1,1
5066,3.9185593128204346,0.04300234466791153,1,1
5067,3.6677818298339844,0.014225475490093231,1,1
5068,3.407172918319702,0.0016861617332324386,1,1
5069,3.651103973388672,0.0005012750625610352,1,1
5070,3.481288433074951,0.006426707841455936,1,1
5071,3.1253092288970947,0.050960637629032135,1,1
5072,3.4238412380218506,0.025908375158905983,1,1
5073,3.4646944999694824,0.01953517086803913,1,1
5074,3.7980849742889404,0.03317279368638992,1,1
5075,3.892439603805542,0.00029408643604256213,1,1
5076,3.598919153213501,0.0499504916369915,1,1
5077,3.3318684101104736,0.11692070960998535,1,1
5078,3.8821232318878174,0.09229903668165207,1,1
5079,3.442699670791626,0.0009879515273496509,1,1
5080,3.1564345359802246,0.1651391237974167,1,1
5081,2.9043092727661133,0.12644580006599426,1,1
5082,3.5929129123687744,0.030366262421011925,1,1
5083,3.302955389022827,0.045478492975234985,1,1
5084,3.2016568183898926,0.009028586558997631,1,1
5085,3.1746437549591064,0.03634211793541908,1,1
5086,3.5271928310394287,0.126878559589386,1,1
5087,3.3774631023406982,0.010258055292069912,1,1
5088,3.232329845428467,0.041145678609609604,1,1
5089,2.86378812789917,0.021778536960482597,1,1
5090,2.8784902095794678,0.013310651294887066,1,1
5091,2.6946959495544434,0.07935391366481781,1,1
5092,3.288717269897461,0.008674506098031998,1,1
5093,3.0845723152160645,0.02549682930111885,1,1
5094,3.4113147258758545,0.0076227085664868355,1,1
5095,3.7148420810699463,0.22398491203784943,1,1
5096,3.2174315452575684,0.38293740153312683,1,1
5097,3.5917110443115234,0.05926951393485069,1,1
5098,3.445274591445923,0.07811370491981506,1,1
5099,3.9754467010498047,0.06736638396978378,1,1
5100,3.631380081176758,0.0725470632314682,1,1
5101,3.8889055252075195,0.0007416759035550058,1,1
5102,3.9096450805664062,0.13484421372413635,1,1
5103,3.486910581588745,0.0029835477471351624,1,1
5104,4.323253154754639,0.017911328002810478,1,1
5105,3.747269630432129,0.056989412754774094,1,1
5106,3.5940468311309814,0.0014774770243093371,1,1
5107,3.930978775024414,0.12221286445856094,1,1
5108,4.456840515136719,0.021906903013586998,1,1
5109,3.8829734325408936,0.006643581669777632,1,1
5110,3.472201108932495,0.19655410945415497,1,1
5111,3.1850857734680176,0.01975971832871437,1,1
5112,3.6712663173675537,0.36827024817466736,1,1
5113,3.2770683765411377,0.04087207838892937,1,1
5114,3.843700647354126,0.00709462771192193,1,1
5115,2.9435207843780518,0.09306290000677109,1,1
5116,3.4631478786468506,0.055488135665655136,1,1
5117,3.1812453269958496,0.014396336860954762,1,1
5118,3.686394691467285,0.2900114953517914,1,1
5119,3.5796711444854736,0.11565699428319931,1,1
5120,3.3141214847564697,0.023035196587443352,1,1
5121,3.435751438140869,0.08532892912626266,1,1
5122,3.193108320236206,0.007446795701980591,1,1
5123,3.4302010536193848,0.05130543187260628,1,1
5124,3.662888526916504,0.04011085256934166,1,1
5125,3.9167227745056152,0.005443210247904062,1,1
5126,3.5845704078674316,0.00023220117145683616,1,1
5127,3.881659507751465,0.013505086302757263,1,1
5128,3.9782655239105225,0.03425721451640129,1,1
5129,4.0708909034729,0.01282526459544897,1,1
5130,3.535392999649048,0.12222635746002197,1,1
5131,3.5174500942230225,0.23552058637142181,1,1
5132,3.370607614517212,0.1329795867204666,1,1
5133,3.0986390113830566,0.010836810804903507,1,1
5134,3.470996141433716,0.001091224025003612,1,1
5135,3.796973466873169,0.001461200532503426,1,1
5136,3.566984176635742,0.05816575884819031,1,1
5137,3.67155385017395,0.10619036108255386,1,1
5138,3.4149746894836426,3.2916666441451525e-06,1,1
5139,4.017294883728027,0.23992466926574707,1,1
5140,3.6709656715393066,0.4121638238430023,1,1
5141,3.680161952972412,0.051985301077365875,1,1
5142,3.4412503242492676,0.28055843710899353,1,1
5143,3.277780771255493,0.3330335319042206,1,1
5144,3.1838862895965576,0.029065418988466263,1,1
5145,3.2717783451080322,0.09737464040517807,1,1
5146,3.5841424465179443,0.013830008916556835,1,1
5147,3.3893072605133057,0.6260227560997009,1,1
5148,3.8220510482788086,0.5344128012657166,1,1
5149,3.7125868797302246,0.5640915036201477,1,1
5150,3.530247688293457,0.3023107349872589,1,1
5151,3.6582233905792236,0.299864262342453,1,1
5152,3.179030418395996,0.07303133606910706,1,1
5153,3.1759629249572754,0.15546517074108124,1,1
5154,3.4803829193115234,0.4094546437263489,1,1
5155,3.4789788722991943,0.2936190068721771,1,1
5156,3.3312795162200928,0.00016227364540100098,1,1
5157,3.5681989192962646,0.26154929399490356,1,1
5158,3.4735281467437744,0.024704856798052788,1,1
5159,3.854264736175537,2.004371166229248,1,1
5160,3.08182954788208,0.00458698021247983,1,1
5161,3.975733995437622,0.22780101001262665,1,1
5162,3.299227714538574,0.9914773106575012,1,1
5163,3.2834627628326416,0.11071576178073883,1,1
5164,2.621464729309082,0.15992586314678192,1,1
5165,3.2818620204925537,0.9620068669319153,1,1
5166,3.1883673667907715,0.9946123957633972,1,1
5167,3.6440751552581787,0.4665352404117584,1,1
5168,2.7789907455444336,0.2362423986196518,1,1
5169,2.9028587341308594,0.38825884461402893,1,1
5170,3.3415887355804443,0.48700442910194397,1,1
5171,3.4740123748779297,0.2684445381164551,1,1
5172,4.141288757324219,0.019295815378427505,1,1
5173,3.601179361343384,0.5186572670936584,1,1
5174,3.763284683227539,0.00021517276763916016,1,1
5175,3.6556191444396973,0.04722367227077484,1,1
5176,3.8579652309417725,0.12585625052452087,1,1
5177,4.2811360359191895,0.09367626160383224,1,1
5178,3.7250547409057617,0.004462346900254488,1,1
5179,4.046411514282227,0.08565624803304672,1,1
5180,3.8334906101226807,0.03929554298520088,1,1
5181,3.989964008331299,0.02819996513426304,1,1
5182,3.8936898708343506,0.22656826674938202,1,1
5183,4.333721160888672,0.027366742491722107,1,1
5184,3.9247889518737793,0.33683139085769653,1,1
5185,3.9223790168762207,0.01569579541683197,1,1
5186,3.798495292663574,0.016318464651703835,1,1
5187,3.9567999839782715,0.2283633053302765,1,1
5188,3.2045648097991943,6.904089968884364e-05,1,1
5189,3.055593967437744,0.00019178027287125587,1,1
5190,3.2850165367126465,0.7606708407402039,1,1
5191,3.188180446624756,0.5098682045936584,1,1
5192,3.170689582824707,0.31743738055229187,1,1
5193,3.9124443531036377,0.0035673119127750397,1,1
5194,3.6279146671295166,0.00476115383207798,1,1
5195,3.7353155612945557,0.009429067373275757,1,1
5196,3.22837233543396,0.03185384348034859,1,1
5197,3.255389451980591,1.020670771598816,1,1
5198,3.2565886974334717,0.0511612594127655,1,1
5199,3.965061664581299,0.3919235169887543,1,1
5200,4.229618072509766,0.30250176787376404,1,1
5201,3.4589152336120605,0.030517801642417908,1,1
5202,3.020778179168701,0.24264565110206604,1,1
5203,3.2787482738494873,0.0012881086440756917,1,1
5204,2.820378065109253,0.17709754407405853,1,1
5205,3.016758441925049,0.00039983392343856394,1,1
5206,3.028844118118286,0.04373791441321373,1,1
5207,3.3195321559906006,0.1140022799372673,1,1
5208,2.7337584495544434,0.09355815500020981,1,1
5209,2.708101749420166,0.00995921716094017,1,1
5210,2.6611416339874268,0.0030311779119074345,1,1
5211,2.48329496383667,0.05020099878311157,1,1
5212,3.0518345832824707,0.028711125254631042,1,1
5213,3.260979413986206,0.039709847420454025,1,1
5214,3.271134614944458,0.09410800039768219,1,1
5215,3.7343804836273193,0.11524384468793869,1,1
5216,3.1804261207580566,0.01116883009672165,1,1
5217,3.768251895904541,0.0006920729065313935,1,1
5218,3.3711392879486084,0.0013236794620752335,1,1
5219,3.4510185718536377,0.012469295412302017,1,1
5220,3.860170602798462,0.06175730377435684,1,1
5221,3.6218881607055664,0.07488945871591568,1,1
5222,4.037380695343018,0.016792787238955498,1,1
5223,3.3546104431152344,0.07205920666456223,1,1
5224,3.4319097995758057,0.0712532177567482,1,1
5225,3.6318516731262207,0.09386539459228516,1,1
5226,3.6845734119415283,0.1859617680311203,1,1
5227,3.244154930114746,0.023361504077911377,1,1
5228,3.829691171646118,0.07320878654718399,1,1
5229,3.4466350078582764,0.0011703954078257084,1,1
5230,3.6926052570343018,0.060165662318468094,1,1
5231,3.2422215938568115,0.009536199271678925,1,1
5232,3.3760058879852295,0.060630518943071365,1,1
5233,4.100890636444092,0.06956826895475388,1,1
5234,4.098754405975342,0.07172282785177231,1,1
5235,3.376472234725952,0.14219951629638672,1,1
5236,3.484527111053467,0.020759636536240578,1,1
5237,3.9387261867523193,0.0009293929906561971,1,1
5238,3.5450048446655273,0.021176062524318695,1,1
5239,3.799816131591797,0.03781003877520561,1,1
5240,3.1054484844207764,0.00017301822663284838,1,1
5241,3.720088481903076,0.32023829221725464,1,1
5242,3.438969850540161,0.09916556626558304,1,1
5243,4.095213413238525,0.000529757235199213,1,1
5244,3.308434247970581,0.0024328306317329407,1,1
5245,3.1800365447998047,0.1681963950395584,1,1
5246,3.4540529251098633,0.1697673499584198,1,1
5247,4.264565467834473,0.026684565469622612,1,1
5248,3.4927542209625244,0.020907288417220116,1,1
5249,2.9531497955322266,0.18101778626441956,1,1
5250,3.753019094467163,0.06561455130577087,1,1
5251,3.3036696910858154,0.001925528864376247,1,1
5252,3.6118292808532715,0.41738462448120117,1,1
5253,3.4598233699798584,0.2659503221511841,1,1
5254,3.6006252765655518,0.09520061314105988,1,1
5255,2.887505054473877,0.3026079535484314,1,1
5256,3.1485414505004883,0.10652396827936172,1,1
5257,3.2284257411956787,0.03731625899672508,1,1
5258,3.1415092945098877,0.01217364240437746,1,1
5259,3.540205955505371,0.0014604628086090088,1,1
5260,3.625694990158081,0.03946790471673012,1,1
5261,3.1941254138946533,0.03182973712682724,1,1
5262,3.2425053119659424,0.045800115913152695,1,1
5263,3.2712793350219727,0.039444901049137115,1,1
5264,2.94610333442688,0.22961941361427307,1,1
5265,3.2666640281677246,5.409214736573631e-06,1,1
5266,3.3503761291503906,0.1385549157857895,1,1
5267,2.596168041229248,0.1973421424627304,1,1
5268,3.213505744934082,0.009100253693759441,1,1
5269,3.3595306873321533,0.0005503894062712789,1,1
5270,2.7404441833496094,0.03779502958059311,1,1
5271,2.8568356037139893,0.35865896940231323,1,1
5272,3.0197179317474365,0.06420817971229553,1,1
5273,3.2098276615142822,1.7736107338350848e-06,1,1
5274,3.5506019592285156,0.04703093320131302,1,1
5275,3.568375587463379,0.17085061967372894,1,1
5276,3.759042739868164,0.051840174943208694,1,1
5277,3.6317977905273438,0.03473038971424103,1,1
5278,2.7078685760498047,0.0008387492271140218,1,1
5279,3.063037872314453,0.02121821418404579,1,1
5280,3.0498270988464355,0.18013198673725128,1,1
5281,2.7328755855560303,0.06958863139152527,1,1
5282,3.046321392059326,0.04857964441180229,1,1
5283,2.8825430870056152,0.12168712913990021,1,1
5284,3.353516101837158,0.03037971630692482,1,1
5285,3.3313231468200684,0.007241696119308472,1,1
5286,2.9918293952941895,0.038058146834373474,1,1
5287,3.1131885051727295,0.061949312686920166,1,1
5288,2.948598861694336,0.46946650743484497,1,1
5289,2.592372179031372,0.44195157289505005,1,1
5290,2.8741252422332764,0.636234700679779,1,1
5291,2.964653730392456,0.0785350427031517,1,1
5292,3.2732601165771484,0.3425007164478302,1,1
5293,3.217843532562256,0.01718270592391491,1,1
5294,3.286986827850342,0.02039693295955658,1,1
5295,3.0899136066436768,0.03285716101527214,1,1
5296,3.0548295974731445,0.018842721357941628,1,1
5297,3.1581380367279053,0.006202787160873413,1,1
5298,2.940213918685913,0.0903509184718132,1,1
5299,3.153367042541504,0.0009164930670522153,1,1
5300,3.4990015029907227,0.00015426138998009264,1,1
5301,3.1131577491760254,0.0068944706581532955,1,1
5302,3.320801258087158,0.24875898659229279,1,1
5303,3.2281081676483154,0.0013604465639218688,1,1
5304,3.698187828063965,0.7525451183319092,1,1
5305,3.1072263717651367,0.04812551662325859,1,1
5306,3.3179965019226074,0.19377443194389343,1,1
5307,3.4461021423339844,0.8034235239028931,1,1
5308,3.0490529537200928,0.41406187415122986,1,1
5309,3.369009017944336,0.002679647644981742,1,1
5310,3.0746288299560547,0.0032079555094242096,1,1
5311,3.5819761753082275,0.04705186188220978,1,1
5312,2.97097110748291,0.08976012468338013,1,1
5313,2.889819860458374,0.0065839351154863834,1,1
5314,3.1957767009735107,0.11727076768875122,1,1
5315,3.4442214965820312,0.03870474174618721,1,1
5316,3.863525629043579,0.00872130785137415,1,1
5317,3.3333919048309326,0.015814505517482758,1,1
5318,2.6259055137634277,0.03714494779706001,1,1
5319,2.9969987869262695,0.0004888215335085988,1,1
5320,3.309922933578491,0.03358182683587074,1,1
5321,3.1827874183654785,0.00048117051483131945,1,1
5322,3.536675214767456,0.06690629571676254,1,1
5323,3.2222933769226074,0.051875341683626175,1,1
5324,3.711979866027832,0.029134562239050865,1,1
5325,3.5676989555358887,0.03991009667515755,1,1
5326,3.1944706439971924,0.01606549695134163,1,1
5327,3.4970459938049316,0.027035683393478394,1,1
5328,3.4345877170562744,0.006364964880049229,1,1
5329,3.2765910625457764,0.00018938221910502762,1,1
5330,2.748119592666626,0.08195752650499344,1,1
5331,3.270388126373291,0.2901466488838196,1,1
5332,3.5500190258026123,0.3938349783420563,1,1
5333,3.763277053833008,0.12461312860250473,1,1
5334,2.969785451889038,0.0020154849626123905,1,1
5335,3.347717761993408,0.002824426395818591,1,1
5336,2.89198899269104,0.09820757061243057,1,1
5337,3.4849436283111572,0.14885519444942474,1,1
5338,3.7638802528381348,0.1374077945947647,1,1
5339,2.909904956817627,0.3761596977710724,1,1
5340,3.5599653720855713,0.07436220347881317,1,1
5341,3.06949520111084,0.0006252230377867818,1,1
5342,3.204834461212158,0.03217501565814018,1,1
5343,3.0524849891662598,0.33492979407310486,1,1
5344,3.3058054447174072,0.016772784292697906,1,1
5345,3.262490749359131,0.00247681955806911,1,1
5346,2.8067758083343506,0.005869913846254349,1,1
5347,2.3147218227386475,0.21884456276893616,1,1
5348,3.113987922668457,0.06293319910764694,1,1
5349,2.9679129123687744,0.0002015234058490023,1,1
5350,3.8272368907928467,0.2886929512023926,1,1
5351,3.1886980533599854,0.1368788629770279,1,1
5352,3.0443789958953857,0.004234542138874531,1,1
5353,3.729224920272827,0.13918785750865936,1,1
5354,2.5114076137542725,0.01461018156260252,1,1
5355,3.9579741954803467,0.0013110697036609054,1,1
5356,4.251650333404541,0.04062272980809212,1,1
5357,3.850236415863037,0.004775814712047577,1,1
5358,4.395516872406006,0.003147029085084796,1,1
5359,3.752910852432251,0.10915428400039673,1,1
5360,2.9303030967712402,0.011885744519531727,1,1
5361,3.2379887104034424,0.0029888213612139225,1,1
5362,3.0465760231018066,0.09002632647752762,1,1
5363,3.8274457454681396,0.007568879518657923,1,1
5364,3.4417786598205566,0.0038278214633464813,1,1
5365,3.2504518032073975,0.018771255388855934,1,1
5366,4.020888805389404,0.30526813864707947,1,1
5367,3.6856138706207275,0.09801410883665085,1,1
5368,3.573255777359009,0.006973222829401493,1,1
5369,4.060376167297363,0.1258288472890854,1,1
5370,3.883235216140747,0.0018666990799829364,1,1
5371,3.832305431365967,0.033334698528051376,1,1
5372,3.678025484085083,0.1022401973605156,1,1
5373,3.7854158878326416,0.04035087674856186,1,1
5374,3.8660929203033447,8.780891221249476e-05,1,1
5375,3.7132887840270996,0.08952897042036057,1,1
5376,3.5621070861816406,0.07139755040407181,1,1
5377,3.8924801349639893,0.0028141781222075224,1,1
5378,3.4022326469421387,0.12350501865148544,1,1
5379,3.909670114517212,0.0030578020960092545,1,1
5380,3.6592469215393066,0.002594411838799715,1,1
5381,3.7978341579437256,0.13577426970005035,1,1
5382,3.5500288009643555,0.12807762622833252,1,1
5383,3.3090686798095703,0.13065311312675476,1,1
5384,4.182616710662842,0.2480182945728302,1,1
5385,3.8713536262512207,0.07455179840326309,1,1
5386,4.065860748291016,0.03614002838730812,1,1
5387,3.490461587905884,2.819672317855293e-06,1,1
5388,3.475950241088867,0.001048924052156508,1,1
5389,3.3516125679016113,0.007824557833373547,1,1
5390,3.4425618648529053,0.011046778410673141,1,1
5391,3.7852511405944824,0.13181377947330475,1,1
5392,3.7022287845611572,0.012943570502102375,1,1
5393,3.855466604232788,0.2507363259792328,1,1
5394,3.2401580810546875,0.0072072455659508705,1,1
5395,3.577756881713867,0.01435699500143528,1,1
5396,3.4836909770965576,0.0002967403270304203,1,1
5397,3.669102907180786,0.004445601254701614,1,1
5398,3.752121925354004,0.005428979638963938,1,1
5399,3.398059844970703,0.0005413704784587026,1,1
5400,3.5025839805603027,0.04050610959529877,1,1
5401,3.759580373764038,0.0940665528178215,1,1
5402,3.1169931888580322,0.06575800478458405,1,1
5403,4.040462493896484,0.04566390439867973,1,1
5404,3.821549654006958,0.010612945072352886,1,1
5405,3.7424933910369873,0.00031086886883713305,1,1
5406,3.218560218811035,0.08663628250360489,1,1
5407,3.688249111175537,0.013957411050796509,1,1
5408,3.5697877407073975,0.07626905292272568,1,1
5409,3.4399476051330566,0.00031223156838677824,1,1
5410,3.164895534515381,0.0021879940759390593,1,1
5411,3.6806552410125732,0.049245547503232956,1,1
5412,3.2573652267456055,0.20164382457733154,1,1
5413,3.1267812252044678,0.1362583190202713,1,1
5414,3.8298563957214355,0.045585572719573975,1,1
5415,3.6569390296936035,0.256275475025177,1,1
5416,3.7285900115966797,0.00028229141025803983,1,1
5417,3.5014803409576416,0.027076957747340202,1,1
5418,3.3574066162109375,0.15817084908485413,1,1
5419,3.480933904647827,0.11254071444272995,1,1
5420,3.859217405319214,0.007138589862734079,1,1
5421,3.438957452774048,0.026539728045463562,1,1
5422,3.8823745250701904,0.005349632352590561,1,1
5423,3.7788920402526855,0.028802771121263504,1,1
5424,3.327944755554199,0.11094708740711212,1,1
5425,3.7418227195739746,0.02059311605989933,1,1
5426,3.171773910522461,0.07287494093179703,1,1
5427,3.5751969814300537,0.07240676134824753,1,1
5428,3.4640865325927734,0.01782103441655636,1,1
5429,3.3052775859832764,0.1797226369380951,1,1
5430,3.432753562927246,0.0027855820953845978,1,1
5431,3.56734561920166,0.0055404724553227425,1,1
5432,3.2930586338043213,0.04124753549695015,1,1
5433,2.5796093940734863,0.016735311597585678,1,1
5434,3.3170926570892334,0.1980200856924057,1,1
5435,3.2714571952819824,0.014722378924489021,1,1
5436,2.789781332015991,0.018610293045639992,1,1
5437,2.9709928035736084,0.20974938571453094,1,1
5438,2.7683427333831787,0.009689480066299438,1,1
5439,2.4249215126037598,0.004935860633850098,1,1
5440,1.850353717803955,0.7797606587409973,1,1
5441,2.354170799255371,0.45619162917137146,1,1
5442,2.7821359634399414,0.11144266277551651,1,1
5443,2.337306499481201,0.06403223425149918,1,1
5444,2.552055835723877,0.00013771058002021164,1,1
5445,2.4346821308135986,0.14518456161022186,1,1
5446,2.350759744644165,0.04011085256934166,1,1
5447,2.83451509475708,0.1700855940580368,1,1
5448,2.716853380203247,0.08543608337640762,1,1
5449,2.779003143310547,0.16761115193367004,1,1
5450,3.157775640487671,0.1735658347606659,1,1
5451,2.7041208744049072,0.032508235424757004,1,1
5452,2.9101974964141846,0.15041561424732208,1,1
5453,2.8997161388397217,4.548672677628929e-06,1,1
5454,2.7260332107543945,0.0905134379863739,1,1
5455,2.579775094985962,0.007297648582607508,1,1
5456,2.6805882453918457,0.516948938369751,1,1
5457,2.8143796920776367,0.009100253693759441,1,1
5458,2.9776105880737305,0.04224920645356178,1,1
5459,2.6520485877990723,0.7742483019828796,1,1
5460,2.3750650882720947,0.30830422043800354,1,1
5461,3.0047197341918945,0.1736462563276291,1,1
5462,2.440641164779663,0.0013725758763030171,1,1
5463,2.9128479957580566,0.7430815100669861,1,1
5464,3.0642495155334473,0.09836489707231522,1,1
5465,2.552316904067993,0.10316801071166992,1,1
5466,2.757544994354248,0.0780651643872261,1,1
5467,2.8733506202697754,0.01594584807753563,1,1
5468,2.826887845993042,0.0014516249066218734,1,1
5469,2.764610528945923,0.0010772423120215535,1,1
5470,2.713632345199585,0.08600117266178131,1,1
5471,2.825139284133911,0.0694461390376091,1,1
5472,2.4215288162231445,0.001231931964866817,1,1
5473,2.770059585571289,0.19918988645076752,1,1
5474,2.8101603984832764,0.014586861245334148,1,1
5475,3.5204644203186035,0.02375551126897335,1,1
5476,2.8782384395599365,0.030292311683297157,1,1
5477,2.977001428604126,0.004239567555487156,1,1
5478,2.510708808898926,0.009397233836352825,1,1
5479,2.643373489379883,0.0008220636518672109,1,1
5480,2.8057000637054443,0.17611609399318695,1,1
5481,3.643259048461914,0.10865747183561325,1,1
5482,3.6149098873138428,0.302363783121109,1,1
5483,3.399097204208374,0.04177842289209366,1,1
5484,4.137767791748047,0.23946164548397064,1,1
5485,3.5547468662261963,0.1762700378894806,1,1
5486,3.610415458679199,5.7683235354488716e-05,1,1
5487,3.0683181285858154,0.15133775770664215,1,1
5488,3.3059802055358887,0.022481976076960564,1,1
5489,3.287391185760498,0.03015138767659664,1,1
5490,3.1282858848571777,0.1964942067861557,1,1
5491,3.200310468673706,0.08437875658273697,1,1
5492,3.0812947750091553,0.02621372602880001,1,1
5493,3.2961831092834473,0.02924998104572296,1,1
5494,3.790968179702759,0.020100316032767296,1,1
5495,3.08815336227417,0.08139488846063614,1,1
5496,3.040665626525879,0.06380776315927505,1,1
5497,3.273157835006714,0.07739252597093582,1,1
5498,3.4381306171417236,0.030164793133735657,1,1
5499,3.6861541271209717,0.008103585802018642,1,1
5500,3.2395081520080566,0.052926868200302124,1,1
5501,3.0499160289764404,0.05629120394587517,1,1
5502,3.700430154800415,0.01718270592391491,1,1
5503,3.4059956073760986,0.05971202999353409,1,1
5504,3.258249044418335,0.001059577683918178,1,1
5505,3.406851291656494,0.029398715123534203,1,1
5506,2.890028476715088,0.010026747360825539,1,1
5507,2.8669891357421875,0.16150431334972382,1,1
5508,3.8379547595977783,0.4351135194301605,1,1
5509,2.8532707691192627,0.1755414754152298,1,1
5510,2.6897919178009033,0.1958616077899933,1,1
5511,2.844012498855591,0.015732089057564735,1,1
5512,3.322486162185669,0.025054961442947388,1,1
5513,2.9344077110290527,0.024324089288711548,1,1
5514,3.2639472484588623,0.046838585287332535,1,1
5515,2.6544268131256104,0.01192997395992279,1,1
5516,3.0025765895843506,0.0159751083701849,1,1
5517,3.345263719558716,0.00017403523088432848,1,1
5518,2.9921672344207764,0.0031340494751930237,1,1
5519,3.1192855834960938,0.0017212145030498505,1,1
5520,3.194071054458618,0.012640142813324928,1,1
5521,3.5876874923706055,0.09404879808425903,1,1
5522,3.188049793243408,0.014207065105438232,1,1
5523,3.2727324962615967,0.12634973227977753,1,1
5524,3.5370185375213623,0.2123829424381256,1,1
5525,3.4373762607574463,0.14177767932415009,1,1
5526,3.899432420730591,0.015390201471745968,1,1
5527,3.967473030090332,0.10619036108255386,1,1
5528,3.650355577468872,0.05951410531997681,1,1
5529,3.0437350273132324,0.0085063511505723,1,1
5530,3.8736515045166016,0.12780147790908813,1,1
5531,3.418698310852051,0.26342812180519104,1,1
5532,4.302277088165283,0.1157817468047142,1,1
5533,4.105733871459961,0.2670363783836365,1,1
5534,3.798689126968384,0.0019416544819250703,1,1
5535,3.3530614376068115,0.029514655470848083,1,1
5536,2.9394636154174805,1.5982426475602551e-06,1,1
5537,2.639253616333008,0.21129028499126434,1,1
5538,3.1929476261138916,0.04594893380999565,1,1
5539,3.735527515411377,0.09812895208597183,1,1
5540,3.7101688385009766,0.002200651913881302,1,1
5541,3.1057159900665283,0.0009740475798025727,1,1
5542,3.0686349868774414,0.019108595326542854,1,1
5543,3.418764352798462,0.04493270441889763,1,1
5544,3.2448198795318604,0.06169496849179268,1,1
5545,3.0549609661102295,0.00030074352980591357,1,1
5546,3.1381466388702393,0.1364079713821411,1,1
5547,3.3832833766937256,0.11151354759931564,1,1
5548,3.0575685501098633,0.1129879280924797,1,1
5549,3.2858781814575195,0.014080816879868507,1,1
5550,3.15820574760437,0.053247060626745224,1,1
5551,3.4190361499786377,0.004517959896475077,1,1
5552,3.4793736934661865,0.1773982048034668,1,1
5553,2.918680191040039,0.0017060339450836182,1,1
5554,2.708350419998169,0.07052350044250488,1,1
5555,3.098107099533081,0.02069017104804516,1,1
5556,3.1306049823760986,0.05160314589738846,1,1
5557,3.1772968769073486,0.041999638080596924,1,1
5558,3.0822763442993164,0.26982635259628296,1,1
5559,2.903960704803467,0.0013187684817239642,1,1
5560,3.061598539352417,0.0052512697875499725,1,1
5561,3.5059664249420166,0.013823200948536396,1,1
5562,3.357408285140991,0.01393233984708786,1,1
5563,3.461085557937622,0.04450821503996849,1,1
5564,3.9034135341644287,0.17965717613697052,1,1
5565,2.891940116882324,0.06718616187572479,1,1
5566,2.9185500144958496,0.06558489054441452,1,1
5567,2.9167091846466064,0.023287812247872353,1,1
5568,2.922659158706665,0.042670782655477524,1,1
5569,2.6101903915405273,0.1468883603811264,1,1
5570,2.8541548252105713,0.07382107526063919,1,1
5571,3.1406052112579346,0.0035557933151721954,1,1
5572,3.034736156463623,0.01770784519612789,1,1
5573,2.673480272293091,0.12131037563085556,1,1
5574,2.971118211746216,0.06604041904211044,1,1
5575,3.017544746398926,0.1124565526843071,1,1
5576,3.170109987258911,0.07808133959770203,1,1
5577,2.9496963024139404,0.001563263009302318,1,1
5578,3.3492512702941895,9.294608753407374e-05,1,1
5579,2.996588706970215,0.504905104637146,1,1
5580,3.338819980621338,0.049648985266685486,1,1
5581,2.8805792331695557,0.2589204013347626,1,1
5582,3.0736401081085205,0.2737506031990051,1,1
5583,3.0401718616485596,0.09740475565195084,1,1
5584,3.170199394226074,0.16528819501399994,1,1
5585,3.1861913204193115,0.002237018197774887,1,1
5586,3.1942861080169678,0.0022115304600447416,1,1
5587,3.1161184310913086,0.0660652294754982,1,1
5588,2.0642759799957275,0.013905015774071217,1,1
5589,3.2325611114501953,0.05837075784802437,1,1
5590,3.5832812786102295,0.1589394062757492,1,1
5591,3.731934070587158,0.0052303108386695385,1,1
5592,3.1418652534484863,0.07433062046766281,1,1
5593,3.433192014694214,0.006990963127464056,1,1
5594,3.601059913635254,0.001856705523096025,1,1
5595,3.972991704940796,0.5689582228660583,1,1
5596,3.8554129600524902,0.500007152557373,1,1
5597,4.065120697021484,0.35094478726387024,1,1
5598,3.8572120666503906,0.00025694453506730497,1,1
5599,3.935607433319092,0.05491674691438675,1,1
5600,4.377596378326416,0.01735263504087925,1,1
5601,3.79372501373291,0.016777783632278442,1,1
5602,3.843440532684326,0.0008115828386507928,1,1
5603,3.8970019817352295,0.005973882973194122,1,1
5604,3.621746063232422,0.0003830328641925007,1,1
5605,4.276966094970703,0.12383081763982773,1,1
5606,4.439405918121338,0.1406896561384201,1,1
5607,3.8980233669281006,0.08272182196378708,1,1
5608,3.878152847290039,0.0049698189832270145,1,1
5609,4.186119079589844,0.11443280428647995,1,1
5610,3.9019381999969482,0.40776440501213074,1,1
5611,4.261970520019531,0.06157996132969856,1,1
5612,4.155587196350098,0.13676463067531586,1,1
5613,3.7703912258148193,0.026270005851984024,1,1
5614,4.107369899749756,0.00277743861079216,1,1
5615,4.580963611602783,0.6954056620597839,1,1
5616,3.644418239593506,0.009798076935112476,1,1
5617,3.767582416534424,0.00015330399037338793,1,1
5618,3.825589418411255,0.010316784493625164,1,1
5619,3.497706413269043,0.007697034627199173,1,1
5620,3.5248191356658936,0.12389194965362549,1,1
5621,3.8461503982543945,0.02649572491645813,1,1
5622,4.076055526733398,0.07434641569852829,1,1
5623,4.01069974899292,0.013556725345551968,1,1
5624,3.739851474761963,0.017900997772812843,1,1
5625,3.4295847415924072,0.006854463368654251,1,1
5626,3.9891695976257324,0.24413108825683594,1,1
5627,1.9013406038284302,0.08376316726207733,1,1
5628,2.6629478931427,0.0755087211728096,1,1
5629,2.286984920501709,0.005772721953690052,1,1
5630,3.378307819366455,0.0008017156505957246,1,1
5631,3.129347801208496,0.3330781161785126,1,1
5632,3.34956693649292,0.015011841431260109,1,1
5633,3.7172980308532715,0.07947900891304016,1,1
5634,3.8471837043762207,0.14860211312770844,1,1
5635,3.7196390628814697,0.018230460584163666,1,1
5636,4.034369945526123,0.129317045211792,1,1
5637,3.0212466716766357,0.0569755919277668,1,1
5638,3.488924026489258,0.14933215081691742,1,1
5639,3.06146502494812,0.0023854635655879974,1,1
5640,4.340574264526367,0.14958585798740387,1,1
5641,3.5600759983062744,0.015007111243903637,1,1
5642,3.04522442817688,0.09780877083539963,1,1
5643,3.496072769165039,0.006579237524420023,1,1
5644,2.8595409393310547,0.04623900353908539,1,1
5645,2.884058952331543,0.06164224073290825,1,1
5646,3.2451488971710205,0.003304877085611224,1,1
5647,4.026688098907471,0.12760145962238312,1,1
5648,3.889353036880493,0.031015465036034584,1,1
5649,2.279205799102783,0.002471059560775757,1,1
5650,3.178898334503174,0.14080552756786346,1,1
5651,3.391852855682373,0.026861419901251793,1,1
5652,2.8753790855407715,0.5098957419395447,1,1
5653,3.7260942459106445,0.3954840302467346,1,1
5654,3.1722450256347656,0.012570798397064209,1,1
5655,3.3298189640045166,0.1398078203201294,1,1
5656,3.8450231552124023,0.04751352593302727,1,1
5657,3.7159621715545654,0.011373739689588547,1,1
5658,2.8028581142425537,0.17177730798721313,1,1
5659,3.477738380432129,0.18538789451122284,1,1
5660,3.410367965698242,0.1690523773431778,1,1
5661,3.321971893310547,0.132698193192482,1,1
5662,4.285717487335205,0.10272213071584702,1,1
5663,3.7309939861297607,0.005517509765923023,1,1
5664,3.259165048599243,0.03059540130198002,1,1
5665,3.3636634349823,0.022081509232521057,1,1
5666,3.5046184062957764,0.3444803059101105,1,1
5667,4.369337558746338,0.061742912977933884,1,1
5668,2.80652117729187,0.10787632316350937,1,1
5669,2.9939968585968018,0.3777713477611542,1,1
5670,3.4515199661254883,0.2760579288005829,1,1
5671,2.9975016117095947,0.002676650881767273,1,1
5672,3.669670581817627,0.024523170664906502,1,1
5673,3.5328402519226074,0.019719041883945465,1,1
5674,3.3586246967315674,0.21509559452533722,1,1
5675,3.6218929290771484,0.6511468291282654,1,1
5676,3.4486348628997803,0.03484198451042175,1,1
5677,3.4580512046813965,0.032317113131284714,1,1
5678,3.459151268005371,0.06363236159086227,1,1
5679,3.6252803802490234,0.0026477710343897343,1,1
5680,3.2282955646514893,6.055925041437149e-06,1,1
5681,2.965006113052368,0.021895477548241615,1,1
5682,3.4768340587615967,0.02974722348153591,1,1
5683,3.3451287746429443,0.024972541257739067,1,1
5684,3.3028085231781006,0.04614359512925148,1,1
5685,3.143007516860962,0.13667899370193481,1,1
5686,3.3519415855407715,0.006620004773139954,1,1
5687,3.0149991512298584,0.003551191184669733,1,1
5688,3.51609468460083,0.0011836388148367405,1,1
5689,3.291041374206543,0.12455181032419205,1,1
5690,3.5966403484344482,0.003657796187326312,1,1
5691,3.5804457664489746,0.004262218717485666,1,1
5692,3.575618028640747,0.25081366300582886,1,1
5693,3.689152479171753,0.07854586094617844,1,1
5694,3.6271440982818604,0.005824162159115076,1,1
5695,3.959411859512329,0.004209459759294987,1,1
5696,2.772606372833252,0.023305488750338554,1,1
5697,3.173785448074341,0.07932128757238388,1,1
5698,3.0630524158477783,0.014202465303242207,1,1
5699,3.687040328979492,0.28868257999420166,1,1
5700,3.705367088317871,0.11141045391559601,1,1
5701,3.1997995376586914,0.2518780529499054,1,1
5702,3.128875970840454,0.10893120616674423,1,1
5703,3.545742988586426,0.0010099121136590838,1,1
5704,3.6279733180999756,1.2316741049289703e-06,1,1
5705,3.5252301692962646,4.369998350739479e-05,1,1
5706,3.307974338531494,0.028057530522346497,1,1
5707,2.871314525604248,0.0601041316986084,1,1
5708,3.167012929916382,0.27281224727630615,1,1
5709,4.054753303527832,0.049219850450754166,1,1
5710,3.3465240001678467,0.2335669845342636,1,1
5711,3.027341604232788,0.08024809509515762,1,1
5712,3.3048484325408936,0.07608792930841446,1,1
5713,3.5114428997039795,0.11364413797855377,1,1
5714,3.149214506149292,0.11865624040365219,1,1
5715,3.0748672485351562,0.00044789622188545763,1,1
5716,3.296116352081299,0.12837481498718262,1,1
5717,3.286729574203491,0.031791865825653076,1,1
5718,2.89551043510437,0.00011187195923412219,1,1
5719,3.4712002277374268,0.003977327141910791,1,1
5720,3.4527013301849365,1.274887495128496e-06,1,1
5721,3.553591251373291,0.6931219696998596,1,1
5722,3.595893383026123,0.015127941034734249,1,1
5723,3.4539132118225098,0.26687681674957275,1,1
5724,3.4759602546691895,0.06204543262720108,1,1
5725,2.807905673980713,0.11050393432378769,1,1
5726,2.8421902656555176,0.335611492395401,1,1
5727,3.1978702545166016,0.23659899830818176,1,1
5728,3.5436346530914307,0.5511060357093811,1,1
5729,3.050713062286377,0.3834272623062134,1,1
5730,3.5291831493377686,0.007182687520980835,1,1
5731,3.4565865993499756,0.0014693274861201644,1,1
5732,2.9145190715789795,0.05182259902358055,1,1
5733,3.2645537853240967,5.196864003664814e-05,1,1
5734,3.078829288482666,0.017577096819877625,1,1
5735,3.169071912765503,0.2642311453819275,1,1
5736,3.7560181617736816,0.03603736683726311,1,1
5737,2.932607889175415,0.07235483825206757,1,1
5738,3.561098337173462,0.01886127144098282,1,1
5739,2.8678786754608154,0.014558901078999043,1,1
5740,4.028099060058594,0.007235127966850996,1,1
5741,3.584977626800537,0.001999054802581668,1,1
5742,3.19061017036438,0.040049027651548386,1,1
5743,3.178893566131592,0.13316264748573303,1,1
5744,3.18977427482605,0.05344320461153984,1,1
5745,3.33998966217041,0.20914871990680695,1,1
5746,3.8394856452941895,0.5512493252754211,1,1
5747,4.024811744689941,0.06762713193893433,1,1
5748,3.642183780670166,0.23446331918239594,1,1
5749,3.4017553329467773,0.009790436364710331,1,1
5750,3.143754005432129,0.3350638151168823,1,1
5751,3.503342628479004,0.2752877175807953,1,1
5752,2.873114824295044,0.00509992241859436,1,1
5753,2.9747190475463867,0.07553523778915405,1,1
5754,3.1216983795166016,0.1250290870666504,1,1
5755,2.523998975753784,0.24849914014339447,1,1
5756,2.8499443531036377,0.5379036068916321,1,1
5757,2.891310691833496,5.681905804522103e-06,1,1
5758,2.7079598903656006,0.05731240659952164,1,1
5759,2.8830533027648926,0.027581090107560158,1,1
5760,2.6072680950164795,0.04289834201335907,1,1
5761,2.191622018814087,0.48889192938804626,1,1
5762,2.408055543899536,0.009067141450941563,1,1
5763,2.541090726852417,0.04684276506304741,1,1
5764,2.75152325630188,0.06173812225461006,1,1
5765,2.8231613636016846,0.012229073792696,1,1
5766,2.161611795425415,0.07103699445724487,1,1
5767,2.415010452270508,0.324534147977829,1,1
5768,2.531547784805298,0.001079143607057631,1,1
5769,2.1228761672973633,0.022571777924895287,1,1
5770,2.5535669326782227,0.0012265184195712209,1,1
5771,2.131277561187744,0.18592847883701324,1,1
5772,2.6934328079223633,3.079185262322426e-05,1,1
5773,2.464536666870117,0.4522242248058319,1,1
5774,2.2501344680786133,0.0074651287868618965,1,1
5775,2.8180742263793945,0.17949359118938446,1,1
5776,2.7152657508850098,0.03098827600479126,1,1
5777,2.2198846340179443,0.0012798093957826495,1,1
5778,2.60878324508667,0.0014878817601129413,1,1
5779,2.789541482925415,0.16884611546993256,1,1
5780,2.509974718093872,0.048656247556209564,1,1
5781,2.5673465728759766,0.11744268238544464,1,1
5782,2.6712186336517334,0.20782677829265594,1,1
5783,3.503554344177246,9.822929132496938e-05,1,1
5784,2.5198888778686523,0.004054382909089327,1,1
5785,2.439359426498413,0.5534583926200867,1,1
5786,2.4876275062561035,0.005973882973194122,1,1
5787,3.768489122390747,0.007309194654226303,1,1
5788,2.571221351623535,0.09999389946460724,1,1
5789,2.625539541244507,0.006111916154623032,1,1
5790,3.0922605991363525,0.031124332919716835,1,1
5791,2.6890909671783447,0.18438372015953064,1,1
5792,3.0810325145721436,0.12420465797185898,1,1
5793,3.0064706802368164,0.1565171480178833,1,1
5794,3.4987335205078125,0.1467774361371994,1,1
5795,3.6504712104797363,0.2588418424129486,1,1
5796,3.4636306762695312,0.025373701006174088,1,1
5797,3.6277053356170654,0.07960965484380722,1,1
5798,3.5522165298461914,0.00270669162273407,1,1
5799,3.9085066318511963,0.21850159764289856,1,1
5800,4.010284423828125,0.1829279512166977,1,1
5801,3.3938095569610596,0.15889322757720947,1,1
5802,3.6126368045806885,0.010688637383282185,1,1
5803,3.673823118209839,0.04219764843583107,1,1
5804,3.012526512145996,0.09490903466939926,1,1
5805,3.2619245052337646,0.007251554634422064,1,1
5806,3.2716429233551025,0.06375902146100998,1,1
5807,3.3688831329345703,0.03957534208893776,1,1
5808,3.2899177074432373,0.005651647225022316,1,1
5809,3.2064833641052246,0.13224859535694122,1,1
5810,3.143427610397339,0.062377601861953735,1,1
5811,3.33440899848938,0.0010148250730708241,1,1
5812,3.630549907684326,0.09133987873792648,1,1
5813,3.5729691982269287,0.03989467769861221,1,1
5814,2.6140871047973633,0.009048772044479847,1,1
5815,2.769235372543335,0.0023292377591133118,1,1
5816,3.5745580196380615,0.02825509011745453,1,1
5817,3.182358741760254,0.015703050419688225,1,1
5818,3.3883728981018066,0.0011585400206968188,1,1
5819,3.6092162132263184,0.28332552313804626,1,1
5820,3.7509448528289795,0.0003000744618475437,1,1
5821,3.825896978378296,0.004227009601891041,1,1
5822,3.53594708442688,0.007653071079403162,1,1
5823,3.2745087146759033,0.04058772325515747,1,1
5824,3.6898651123046875,0.05098242312669754,1,1
5825,3.468754291534424,0.0006905504851602018,1,1
5826,3.6178245544433594,0.029590969905257225,1,1
5827,3.806720495223999,0.0751061737537384,1,1
5828,3.511801242828369,0.27210700511932373,1,1
5829,3.7309234142303467,0.14383451640605927,1,1
5830,3.9419901371002197,0.12923376262187958,1,1
5831,2.5657577514648438,7.882714498919086e-07,1,1
5832,3.1515166759490967,0.07442537695169449,1,1
5833,3.931917905807495,0.0006194451125338674,1,1
5834,3.020822286605835,0.0016664061695337296,1,1
5835,3.383329391479492,0.0003177122271154076,1,1
5836,2.746103286743164,0.10897582024335861,1,1
5837,3.5423877239227295,0.14324951171875,1,1
5838,3.5363547801971436,0.06957844644784927,1,1
5839,1.8253370523452759,0.05516579747200012,1,1
5840,2.5228302478790283,0.008847937919199467,1,1
5841,3.691269874572754,0.17639970779418945,1,1
5842,3.7035562992095947,0.061978138983249664,1,1
5843,3.8340084552764893,0.2667970359325409,1,1
5844,3.0496292114257812,0.08294402807950974,1,1
5845,3.7542638778686523,0.2739425003528595,1,1
5846,3.836069107055664,0.20405173301696777,1,1
5847,3.724583148956299,0.33218756318092346,1,1
5848,4.015510559082031,0.24621449410915375,1,1
5849,3.742131471633911,0.15415896475315094,1,1
5850,4.167276859283447,0.02140982449054718,1,1
5851,4.026717662811279,0.10614633560180664,1,1
5852,3.9009742736816406,0.012829636223614216,1,1
5853,3.5210795402526855,0.09598235040903091,1,1
5854,3.408294200897217,0.10944781452417374,1,1
5855,2.9966413974761963,0.0003955998399760574,1,1
5856,2.9848294258117676,0.01805886998772621,1,1
5857,3.4367830753326416,0.027159595862030983,1,1
5858,3.190088987350464,0.08031918853521347,1,1
5859,3.264005184173584,0.02474127523601055,1,1
5860,3.69561767578125,0.1004827618598938,1,1
5861,3.266294479370117,0.09995117783546448,1,1
5862,3.526203155517578,0.0005830083391629159,1,1
5863,3.337618589401245,0.05268735811114311,1,1
5864,3.670945405960083,0.06456079334020615,1,1
5865,3.8517587184906006,0.21202731132507324,1,1
5866,3.468916416168213,0.16466885805130005,1,1
5867,2.7586119174957275,0.22898168861865997,1,1
5868,3.253345489501953,0.007980694063007832,1,1
5869,3.5561137199401855,0.09742283076047897,1,1
5870,3.572086811065674,0.0052038230933249,1,1
5871,3.6415581703186035,0.016229823231697083,1,1
5872,3.585913896560669,0.1363937109708786,1,1
5873,3.5617332458496094,0.6257479190826416,1,1
5874,2.962360382080078,0.133797287940979,1,1
5875,3.1428847312927246,0.13440513610839844,1,1
5876,3.3196017742156982,0.012781585566699505,1,1
5877,3.1454827785491943,0.07359575480222702,1,1
5878,3.5368762016296387,0.008909773081541061,1,1
5879,3.8742566108703613,0.009536199271678925,1,1
5880,3.2871015071868896,0.02494814805686474,1,1
5881,3.6315934658050537,0.07700641453266144,1,1
5882,3.184347152709961,0.26380470395088196,1,1
5883,3.2544333934783936,0.006123993545770645,1,1
5884,3.38974928855896,0.0004544557014014572,1,1
5885,2.996361255645752,0.036316365003585815,1,1
5886,3.229459762573242,0.02829079143702984,1,1
5887,2.8421812057495117,0.09658724069595337,1,1
5888,3.1368534564971924,0.0008938465616665781,1,1
5889,3.012319803237915,0.08383580297231674,1,1
5890,3.121779680252075,0.1546747088432312,1,1
5891,3.3154094219207764,0.21655717492103577,1,1
5892,3.558123826980591,0.07915286719799042,1,1
5893,3.064321279525757,0.04342363029718399,1,1
5894,3.7228498458862305,0.11986267566680908,1,1
5895,3.7511937618255615,0.02620747685432434,1,1
5896,3.90653920173645,0.01435930747538805,1,1
5897,3.5797410011291504,0.3890650272369385,1,1
5898,4.194149494171143,0.1992674171924591,1,1
5899,3.501037359237671,0.0026111514307558537,1,1
5900,3.680673360824585,0.009884238243103027,1,1
5901,3.99611234664917,0.003315982175990939,1,1
5902,3.7072489261627197,0.006820946931838989,1,1
5903,3.7159078121185303,0.24340684711933136,1,1
5904,3.6530754566192627,0.21975746750831604,1,1
5905,3.348836898803711,0.15396957099437714,1,1
5906,3.459855079650879,0.005065521690994501,1,1
5907,3.7721433639526367,0.0022024631034582853,1,1
5908,3.2613871097564697,0.09075748920440674,1,1
5909,3.8797707557678223,0.0031904883217066526,1,1
5910,3.811027765274048,0.04156959801912308,1,1
5911,3.2362871170043945,0.12755320966243744,1,1
5912,3.0169460773468018,0.055279191583395004,1,1
5913,3.5702266693115234,0.547629714012146,1,1
5914,3.256269693374634,0.009127892553806305,1,1
5915,3.4463045597076416,0.03873132914304733,1,1
5916,3.212812662124634,0.04196405038237572,1,1
5917,3.254920244216919,0.029279697686433792,1,1
5918,3.7825069427490234,0.017748963087797165,1,1
5919,2.41243839263916,0.3550616204738617,1,1
5920,3.6411519050598145,0.3417781889438629,1,1
5921,3.7428057193756104,0.008074074983596802,1,1
5922,3.484468936920166,0.41640010476112366,1,1
5923,3.4258131980895996,0.037727516144514084,1,1
5924,3.1058707237243652,0.2344072312116623,1,1
5925,2.9755163192749023,0.09021753072738647,1,1
5926,3.6842195987701416,0.03136998042464256,1,1
5927,3.3732473850250244,0.060649532824754715,1,1
5928,3.271618604660034,0.6795466542243958,1,1
5929,3.770050525665283,0.012107715010643005,1,1
5930,3.4544103145599365,0.008241427130997181,1,1
5931,3.826801061630249,0.009560718201100826,1,1
5932,3.6500768661499023,0.05378285050392151,1,1
5933,3.563538074493408,0.01780557818710804,1,1
5934,3.8610262870788574,0.05856677517294884,1,1
5935,3.1217598915100098,0.0827384814620018,1,1
5936,3.1148946285247803,0.27872124314308167,1,1
5937,3.4511911869049072,0.0016249091131612659,1,1
5938,3.9684078693389893,0.08967918902635574,1,1
5939,3.1380279064178467,0.0003736474609468132,1,1
5940,3.8184738159179688,0.0034450297243893147,1,1
5941,3.1945862770080566,0.04541677236557007,1,1
5942,3.774644613265991,0.055793166160583496,1,1
5943,3.6525959968566895,0.070846788585186,1,1
5944,3.374288320541382,0.057358622550964355,1,1
5945,3.7825632095336914,0.07758595049381256,1,1
5946,2.7256648540496826,0.28819540143013,1,1
5947,2.517099142074585,0.024101844057440758,1,1
5948,3.5326335430145264,0.07971315830945969,1,1
5949,2.602564811706543,0.0027268119156360626,1,1
5950,3.2030751705169678,0.01154937781393528,1,1
5951,2.615417957305908,0.03535182401537895,1,1
5952,2.4824447631835938,0.031716201454401016,1,1
5953,2.6852316856384277,0.05282922461628914,1,1
5954,3.0103111267089844,1.7622951418161392e-05,1,1
5955,2.8463127613067627,0.1954774111509323,1,1
5956,3.4428324699401855,0.10262317955493927,1,1
5957,3.7620532512664795,0.0029362947680056095,1,1
5958,3.333897590637207,0.042276982218027115,1,1
5959,3.312593936920166,0.0022534802556037903,1,1
5960,2.993131399154663,0.011328499764204025,1,1
5961,3.2698872089385986,0.03545714169740677,1,1
5962,3.522918224334717,0.5160611867904663,1,1
5963,3.70379638671875,0.011152517981827259,1,1
5964,3.500214099884033,0.09600626677274704,1,1
5965,3.472764492034912,0.03128799423575401,1,1
5966,3.89764142036438,0.03994866833090782,1,1
5967,3.7094779014587402,0.045067816972732544,1,1
5968,3.4078369140625,0.014140427112579346,1,1
5969,3.5020039081573486,0.34388017654418945,1,1
5970,3.4578840732574463,0.043697554618120193,1,1
5971,3.6056041717529297,0.0012694731121882796,1,1
5972,4.044353008270264,0.007438470609486103,1,1
5973,3.6136906147003174,0.06488487124443054,1,1
5974,4.1498284339904785,0.002734880894422531,1,1
5975,3.1669299602508545,0.18982698023319244,1,1
5976,3.759507894515991,0.08201279491186142,1,1
5977,3.5616707801818848,0.041483066976070404,1,1
5978,3.466477394104004,0.03952544555068016,1,1
5979,3.256197214126587,1.5125517165870406e-05,1,1
5980,3.8418211936950684,0.04167197272181511,1,1
5981,3.1946768760681152,7.393593114102259e-05,1,1
5982,3.706871747970581,0.20310251414775848,1,1
5983,3.4711973667144775,0.00010464340448379517,1,1
5984,2.8169775009155273,0.49601632356643677,1,1
5985,3.0037195682525635,0.012729269452393055,1,1
5986,2.8307671546936035,0.05174792930483818,1,1
5987,2.9637069702148438,0.03098827600479126,1,1
5988,3.202470302581787,7.543713209656744e-09,1,1
5989,3.1902499198913574,0.8292495012283325,1,1
5990,3.4599316120147705,0.3120342195034027,1,1
5991,3.53788685798645,0.7866272330284119,1,1
5992,3.585569381713867,0.29375502467155457,1,1
5993,2.8831872940063477,0.011636659502983093,1,1
5994,3.63476300239563,0.0009471290977671742,1,1
5995,3.8642263412475586,0.0091555742546916,1,1
5996,3.3984320163726807,0.008435294963419437,1,1
5997,3.6109230518341064,0.25498732924461365,1,1
5998,3.1086394786834717,0.059726178646087646,1,1
5999,3.4348936080932617,0.10602688789367676,1,1
6000,3.2443606853485107,0.003551191184669733,1,1
6001,3.123326301574707,0.03222350403666496,1,1
6002,3.973271608352661,0.004556963685899973,1,1
6003,3.0869956016540527,0.013723534531891346,1,1
6004,3.6447954177856445,0.12404146045446396,1,1
6005,3.1720046997070312,0.04450821503996849,1,1
6006,3.17889666557312,0.000369183806469664,1,1
6007,3.471555233001709,0.009303915314376354,1,1
6008,3.9453125,0.0021270327270030975,1,1
6009,3.206775665283203,0.016041042283177376,1,1
6010,3.4962685108184814,0.010608968324959278,1,1
6011,3.6799449920654297,0.1855042725801468,1,1
6012,3.4002223014831543,0.02053222618997097,1,1
6013,3.191044569015503,1.064697265625,1,1
6014,3.5250797271728516,0.5010722875595093,1,1
6015,3.3734278678894043,0.3285709321498871,1,1
6016,3.7290873527526855,0.36541786789894104,1,1
6017,3.55996036529541,0.2986500561237335,1,1
6018,3.165625810623169,0.04881816357374191,1,1
6019,3.2517926692962646,0.017482547089457512,1,1
6020,3.6445200443267822,0.011730541475117207,1,1
6021,3.4599533081054688,0.005698174703866243,1,1
6022,4.370184898376465,0.06029355525970459,1,1
6023,3.4641239643096924,0.07108844816684723,1,1
6024,3.044132947921753,0.03630165383219719,1,1
6025,3.3483283519744873,0.04666747897863388,1,1
6026,2.947570562362671,0.132712259888649,1,1
6027,3.685352087020874,6.462344754254445e-05,1,1
6028,3.512141704559326,0.02382100187242031,1,1
6029,3.4943301677703857,0.11582116037607193,1,1
6030,3.6523244380950928,0.0019646852742880583,1,1
6031,2.6713504791259766,0.0768137201666832,1,1
6032,2.6709911823272705,0.32578882575035095,1,1
6033,2.8088767528533936,0.021701699122786522,1,1
6034,2.7896852493286133,0.0895058736205101,1,1
6035,2.6686768531799316,0.003588092280551791,1,1
6036,2.8139870166778564,0.18008284270763397,1,1
6037,2.5819733142852783,0.10346579551696777,1,1
6038,2.7710282802581787,0.0963774099946022,1,1
6039,3.665243625640869,0.27536875009536743,1,1
6040,3.510699987411499,0.010881058871746063,1,1
6041,3.0369069576263428,0.0666668638586998,1,1
6042,3.0677430629730225,0.0005709544057026505,1,1
6043,3.017583131790161,0.022274089977145195,1,1
6044,2.6911416053771973,0.036855366080999374,1,1
6045,2.86608624458313,0.00018332237959839404,1,1
6046,2.9132118225097656,0.0008237246656790376,1,1
6047,2.7536323070526123,1.066271238414629e-06,1,1
6048,2.9132487773895264,0.026959571987390518,1,1
6049,3.1207220554351807,0.001772031537257135,1,1
6050,2.941732168197632,0.0029867112170904875,1,1
6051,2.618122100830078,0.011281299404799938,1,1
6052,2.741076707839966,0.0018334918422624469,1,1
6053,2.7479231357574463,0.007249911315739155,1,1
6054,2.9040987491607666,0.006682969629764557,1,1
6055,2.798541307449341,0.015795094892382622,1,1
6056,2.652141571044922,0.059194352477788925,1,1
6057,3.2596724033355713,0.009127892553806305,1,1
6058,2.689868211746216,0.08906756341457367,1,1
6059,2.862032890319824,0.003597347531467676,1,1
6060,2.838045597076416,0.020094841718673706,1,1
6061,3.039060592651367,0.0189408790320158,1,1
6062,2.849882125854492,0.03261968865990639,1,1
6063,2.9004366397857666,0.029253283515572548,1,1
6064,2.7279317378997803,0.23900850117206573,1,1
6065,2.1776390075683594,0.16594013571739197,1,1
6066,2.665713310241699,0.02484460361301899,1,1
6067,2.670273542404175,0.10135956853628159,1,1
6068,2.75240159034729,0.43094760179519653,1,1
6069,3.3617055416107178,0.017815880477428436,1,1
6070,3.346512794494629,0.004194445908069611,1,1
6071,3.831639528274536,0.16399596631526947,1,1
6072,4.239622116088867,0.06497340649366379,1,1
6073,3.8221933841705322,0.011476892977952957,1,1
6074,3.5164802074432373,0.06055450066924095,1,1
6075,3.752323627471924,0.011688769795000553,1,1
6076,4.019764423370361,0.13292329013347626,1,1
6077,3.6231791973114014,0.035388123244047165,1,1
6078,3.4451541900634766,0.04515800625085831,1,1
6079,3.8994107246398926,0.0027459952980279922,1,1
6080,2.8211662769317627,0.06384190171957016,1,1
6081,2.8510923385620117,0.0496876984834671,1,1
6082,3.232004165649414,0.0017907678848132491,1,1
6083,2.665409564971924,0.009008425287902355,1,1
6084,2.8970580101013184,0.01651630736887455,1,1
6085,2.749006748199463,0.06676657497882843,1,1
6086,3.523777961730957,0.04616847634315491,1,1
6087,3.5012595653533936,0.15079762041568756,1,1
6088,3.463524103164673,0.001483418163843453,1,1
6089,3.243805170059204,0.05453747138381004,1,1
6090,3.3903374671936035,0.017774684354662895,1,1
6091,3.623837947845459,0.010207291692495346,1,1
6092,3.5902013778686523,0.013691897504031658,1,1
6093,3.626349449157715,0.026417240500450134,1,1
6094,3.5632779598236084,0.12516562640666962,1,1
6095,3.0413248538970947,0.004308969248086214,1,1
6096,2.864001512527466,0.08238908648490906,1,1
6097,2.7141387462615967,0.04923269897699356,1,1
6098,2.829441547393799,0.02655859850347042,1,1
6099,2.101486921310425,0.23689012229442596,1,1
6100,3.535256862640381,0.1105552688241005,1,1
6101,3.361881971359253,0.0009662323864176869,1,1
6102,3.475928544998169,0.07311481982469559,1,1
6103,3.465200662612915,0.00018832125351764262,1,1
6104,3.9067609310150146,0.03379438444972038,1,1
6105,3.765760898590088,0.13998107612133026,1,1
6106,3.906853437423706,0.00033585363416932523,1,1
6107,4.042083263397217,0.01000742893666029,1,1
6108,3.854656457901001,0.0005494841607287526,1,1
6109,3.145555257797241,0.07797351479530334,1,1
6110,3.338836193084717,0.5200064778327942,1,1
6111,4.2302141189575195,0.17722754180431366,1,1
6112,4.679691314697266,0.01437318790704012,1,1
6113,3.622392416000366,0.04954582452774048,1,1
6114,3.6916191577911377,0.2610461115837097,1,1
6115,3.8072540760040283,0.0011526349699124694,1,1
6116,3.3186306953430176,0.020851509645581245,1,1
6117,3.593360185623169,0.008316943421959877,1,1
6118,3.9780595302581787,0.055747587233781815,1,1
6119,3.85970401763916,0.4055120646953583,1,1
6120,3.895474910736084,0.002305081579834223,1,1
6121,3.5953052043914795,0.003020560834556818,1,1
6122,3.2310049533843994,0.2919897735118866,1,1
6123,3.727721929550171,0.0006634333403781056,1,1
6124,4.105167865753174,0.08651702851057053,1,1
6125,3.3580915927886963,0.04052164778113365,1,1
6126,2.9867794513702393,0.00043895476846955717,1,1
6127,2.705828905105591,0.0001799408346414566,1,1
6128,3.272648572921753,0.00404701242223382,1,1
6129,3.332996129989624,0.1039506196975708,1,1
6130,3.308040142059326,0.012542682699859142,1,1
6131,3.2731385231018066,0.075758196413517,1,1
6132,3.1528685092926025,0.007597452495247126,1,1
6133,3.2592806816101074,0.3984999358654022,1,1
6134,2.941443681716919,0.00690890196710825,1,1
6135,3.0740292072296143,9.127892553806305e-05,1,1
6136,3.051107883453369,0.04218575358390808,1,1
6137,3.74713397026062,0.032955195754766464,1,1
6138,3.4827880859375,0.03608134388923645,1,1
6139,2.811123847961426,0.024062905460596085,1,1
6140,3.5634660720825195,0.023270143195986748,1,1
6141,3.164308547973633,0.21648530662059784,1,1
6142,3.2995057106018066,0.05894104391336441,1,1
6143,2.9520530700683594,0.16070638597011566,1,1
6144,2.9615118503570557,0.05198970064520836,1,1
6145,2.8904383182525635,0.022285616025328636,1,1
6146,2.8192055225372314,0.00661686435341835,1,1
6147,3.0690698623657227,0.001845080405473709,1,1
6148,3.064873218536377,0.040064480155706406,1,1
6149,3.2248053550720215,0.258989155292511,1,1
6150,3.1262245178222656,0.17127370834350586,1,1
6151,3.5169901847839355,0.03180219233036041,1,1
6152,3.00443172454834,0.03544623777270317,1,1
6153,3.844773054122925,0.2523917257785797,1,1
6154,4.249508857727051,0.0005445186397992074,1,1
6155,2.968733310699463,0.5168379545211792,1,1
6156,2.2611145973205566,0.03595679998397827,1,1
6157,2.8873472213745117,0.32697972655296326,1,1
6158,2.8943030834198,0.16312173008918762,1,1
6159,2.5504589080810547,0.03031919337809086,1,1
6160,3.0333287715911865,0.13902948796749115,1,1
6161,2.753171443939209,6.005251998431049e-05,1,1
6162,3.056372880935669,0.004651256836950779,1,1
6163,3.13020920753479,0.008364536799490452,1,1
6164,3.083369731903076,0.13735055923461914,1,1
6165,2.662438154220581,0.2724897563457489,1,1
6166,2.950395107269287,0.005217755679041147,1,1
6167,3.288440704345703,0.18610328435897827,1,1
6168,3.3809902667999268,0.011559750884771347,1,1
6169,2.872762441635132,0.08346178382635117,1,1
6170,2.8913521766662598,0.0011181668378412724,1,1
6171,3.0732855796813965,0.2512681782245636,1,1
6172,3.38564133644104,0.17852997779846191,1,1
6173,3.4733614921569824,0.09520656615495682,1,1
6174,3.3590245246887207,0.032105810940265656,1,1
6175,3.599226951599121,0.11103711277246475,1,1
6176,3.136509656906128,0.0007317223935388029,1,1
6177,3.315255641937256,0.05141915753483772,1,1
6178,3.6261143684387207,0.09845571964979172,1,1
6179,3.6481285095214844,0.0021199174225330353,1,1
6180,3.463132858276367,0.10922443866729736,1,1
6181,3.8928353786468506,0.14118237793445587,1,1
6182,3.3405351638793945,0.014910327270627022,1,1
6183,3.801852226257324,0.000573262688703835,1,1
6184,3.9517593383789062,0.015308898873627186,1,1
6185,3.619835138320923,0.0031578659545630217,1,1
6186,3.4811017513275146,0.09503393620252609,1,1
6187,3.4187917709350586,0.00937479455024004,1,1
6188,3.772726535797119,0.13325421512126923,1,1
6189,3.5617406368255615,0.045486725866794586,1,1
6190,3.2930123805999756,0.23680558800697327,1,1
6191,3.680842161178589,0.016229823231697083,1,1
6192,3.3422865867614746,0.13794492185115814,1,1
6193,3.3329689502716064,0.00713043799623847,1,1
6194,3.538004159927368,0.045203134417533875,1,1
6195,3.2779595851898193,0.05666274577379227,1,1
6196,3.4448132514953613,0.009619311429560184,1,1
6197,3.446918487548828,0.11226246505975723,1,1
6198,3.55181884765625,0.0016202442348003387,1,1
6199,3.490161657333374,0.12244238704442978,1,1
6200,3.6498684883117676,0.009951514191925526,1,1
6201,3.9622390270233154,0.03068324364721775,1,1
6202,3.563431978225708,0.014012190513312817,1,1
6203,3.6105902194976807,0.11975578218698502,1,1
6204,3.57500958442688,0.00013567964197136462,1,1
6205,3.0883851051330566,0.007495176047086716,1,1
6206,3.5728423595428467,0.043842922896146774,1,1
6207,3.4610486030578613,0.021480487659573555,1,1
6208,3.042888641357422,0.07567322254180908,1,1
6209,3.1742331981658936,0.31442147493362427,1,1
6210,3.3380632400512695,0.10958833992481232,1,1
6211,3.3411242961883545,0.5788423418998718,1,1
6212,3.2124407291412354,0.04951145872473717,1,1
6213,3.184910535812378,0.2782832384109497,1,1
6214,3.150306463241577,0.06850331276655197,1,1
6215,3.1510398387908936,0.01259461510926485,1,1
6216,3.4133732318878174,0.0015862405998632312,1,1
6217,3.6380162239074707,0.153591126203537,1,1
6218,3.4052987098693848,0.3502248227596283,1,1
6219,3.5012800693511963,0.3969419002532959,1,1
6220,3.280024528503418,0.02664359286427498,1,1
6221,2.772371768951416,0.10709168016910553,1,1
6222,3.3946926593780518,0.06434519588947296,1,1
6223,3.3396236896514893,0.10137801617383957,1,1
6224,3.2582991123199463,0.12873467803001404,1,1
6225,3.933107376098633,0.0773012787103653,1,1
6226,3.9381465911865234,0.05771510675549507,1,1
6227,3.8325726985931396,0.03979835659265518,1,1
6228,2.213803768157959,0.1029139906167984,1,1
6229,2.0992796421051025,0.14060279726982117,1,1
6230,2.9255614280700684,0.21695254743099213,1,1
6231,3.402980327606201,0.039756011217832565,1,1
6232,2.731755256652832,0.08041220158338547,1,1
6233,3.2978694438934326,0.009224033914506435,1,1
6234,3.531498670578003,0.025054961442947388,1,1
6235,3.189361810684204,8.246684592450038e-05,1,1
6236,3.308267831802368,0.011812210083007812,1,1
6237,3.5426013469696045,0.26773500442504883,1,1
6238,3.9903769493103027,0.6594118475914001,1,1
6239,3.6766345500946045,0.26845455169677734,1,1
6240,3.768286943435669,0.013728057034313679,1,1
6241,3.764448404312134,4.093805546290241e-05,1,1
6242,3.8373000621795654,0.03880733251571655,1,1
6243,3.0129246711730957,0.0321611687541008,1,1
6244,3.4325313568115234,0.29504311084747314,1,1
6245,3.7674412727355957,0.02286560647189617,1,1
6246,4.014477252960205,0.723890483379364,1,1
6247,3.789553165435791,0.002205181634053588,1,1
6248,3.8915998935699463,0.007398572750389576,1,1
6249,3.8816463947296143,0.00014044195995666087,1,1
6250,3.7970433235168457,0.0424080453813076,1,1
6251,3.5704116821289062,0.034906864166259766,1,1
6252,3.461374282836914,0.005223333835601807,1,1
6253,3.8496644496917725,0.031212925910949707,1,1
6254,3.9941484928131104,0.18305179476737976,1,1
6255,3.6837518215179443,0.00022115941101219505,1,1
6256,3.6073596477508545,0.023017622530460358,1,1
6257,3.628730297088623,0.01668291725218296,1,1
6258,3.5911431312561035,0.014896188862621784,1,1
6259,4.066687107086182,0.013565716333687305,1,1
6260,3.7754616737365723,0.08059292286634445,1,1
6261,3.7432029247283936,0.0048939138650894165,1,1
6262,3.789917230606079,0.002865605754777789,1,1
6263,3.674452781677246,0.029398715123534203,1,1
6264,3.8212854862213135,0.018647173419594765,1,1
6265,3.727161169052124,0.004148322623223066,1,1
6266,3.335437774658203,0.025027474388480186,1,1
6267,3.8683552742004395,0.00672563910484314,1,1
6268,3.7869808673858643,0.0923459529876709,1,1
6269,3.394597053527832,0.05479017645120621,1,1
6270,3.7464847564697266,0.0026816462632268667,1,1
6271,3.6636414527893066,0.17342916131019592,1,1
6272,3.4926931858062744,0.003777831792831421,1,1
6273,3.600001335144043,0.008595590479671955,1,1
6274,3.819432497024536,0.01274233777076006,1,1
6275,2.682807207107544,0.3049376308917999,1,1
6276,2.7237136363983154,0.25288650393486023,1,1
6277,3.4205965995788574,0.005765391979366541,1,1
6278,2.790806770324707,0.012263248674571514,1,1
6279,3.770897388458252,0.10272213071584702,1,1
6280,4.0847015380859375,0.0072252810932695866,1,1
6281,3.2311739921569824,0.27420520782470703,1,1
6282,3.6272494792938232,0.2326909750699997,1,1
6283,3.9144673347473145,0.04363705590367317,1,1
6284,3.6249752044677734,0.2580176293849945,1,1
6285,4.298032283782959,0.14284801483154297,1,1
6286,4.076958179473877,0.08318878710269928,1,1
6287,3.696756601333618,0.30285221338272095,1,1
6288,4.027946949005127,0.016970841214060783,1,1
6289,3.4610190391540527,0.0483926422894001,1,1
6290,3.2860124111175537,0.0013912306167185307,1,1
6291,2.785449266433716,0.033081453293561935,1,1
6292,3.1439425945281982,0.24268367886543274,1,1
6293,3.751600503921509,0.018797708675265312,1,1
6294,3.5280494689941406,0.13258573412895203,1,1
6295,3.3505187034606934,0.27130216360092163,1,1
6296,3.9277751445770264,0.2517908811569214,1,1
6297,3.3859362602233887,0.1564866155385971,1,1
6298,3.5797817707061768,0.283140629529953,1,1
6299,3.9263124465942383,0.0012729138834401965,1,1
6300,3.047783136367798,0.12892864644527435,1,1
6301,2.6737239360809326,0.4083561897277832,1,1
6302,3.4626314640045166,0.18221870064735413,1,1
6303,3.1796796321868896,0.11662391573190689,1,1
6304,3.579716920852661,0.04347190633416176,1,1
6305,3.028190851211548,0.05595284700393677,1,1
6306,3.41513991355896,0.04475286602973938,1,1
6307,3.478846549987793,0.02255438268184662,1,1
6308,2.991426467895508,0.0005622254102490842,1,1
6309,3.2368462085723877,0.17127370834350586,1,1
6310,3.4697091579437256,0.2881021499633789,1,1
6311,3.9113614559173584,0.08539659529924393,1,1
6312,3.689814805984497,0.24190464615821838,1,1
6313,3.711259126663208,0.11235301941633224,1,1
6314,3.817267417907715,0.05880991369485855,1,1
6315,3.830646514892578,0.012886540964245796,1,1
6316,3.7517614364624023,0.029657412320375443,1,1
6317,3.6027565002441406,0.26639842987060547,1,1
6318,4.036402702331543,0.31458383798599243,1,1
6319,4.1492204666137695,0.4519776403903961,1,1
6320,3.914623975753784,0.046563297510147095,1,1
6321,3.7339115142822266,0.5798854231834412,1,1
6322,3.8321235179901123,0.3526046872138977,1,1
6323,3.8958864212036133,0.17062731087207794,1,1
6324,4.465785503387451,0.015049702487885952,1,1
6325,3.6532013416290283,0.0019467606907710433,1,1
6326,4.098511695861816,0.01536626648157835,1,1
6327,3.6256420612335205,0.01346474327147007,1,1
6328,3.834298610687256,0.0009855263633653522,1,1
6329,4.075398921966553,0.10811100155115128,1,1
6330,3.8028764724731445,0.09571941941976547,1,1
6331,3.8643317222595215,0.04530578479170799,1,1
6332,3.218512535095215,0.0010664999717846513,1,1
6333,2.9874861240386963,0.18343184888362885,1,1
6334,3.7690606117248535,0.1492575854063034,1,1
6335,3.784006118774414,0.015548638999462128,1,1
6336,3.6812779903411865,0.04220161586999893,1,1
6337,2.3749258518218994,0.1472436636686325,1,1
6338,2.5167202949523926,0.032720860093832016,1,1
6339,3.0504813194274902,3.0046701795072295e-05,1,1
6340,3.395165205001831,0.7843521237373352,1,1
6341,3.583000421524048,0.9841110110282898,1,1
6342,3.7714788913726807,1.5140525102615356,1,1
6343,4.043100833892822,0.9357423186302185,1,1
6344,2.970888137817383,1.5100653171539307,1,1
6345,2.944092273712158,0.5927132964134216,1,1
6346,2.554893970489502,0.5031648278236389,1,1
6347,2.791985511779785,0.12373574823141098,1,1
6348,3.210106134414673,0.09045537561178207,1,1
6349,3.178865909576416,0.10243777185678482,1,1
6350,3.4093172550201416,0.00031977976323105395,1,1
6351,2.8235981464385986,0.0737634003162384,1,1
6352,3.0033257007598877,0.09205292910337448,1,1
6353,2.9935452938079834,0.009863141924142838,1,1
6354,3.0843424797058105,1.408997945873125e-06,1,1
6355,3.0017452239990234,1.3948325431556441e-05,1,1
6356,3.3566360473632812,0.024408450350165367,1,1
6357,3.1110336780548096,0.117959164083004,1,1
6358,3.236149549484253,0.1496903896331787,1,1
6359,3.0959115028381348,0.16020384430885315,1,1
6360,3.375201463699341,0.7619170546531677,1,1
6361,2.9190430641174316,0.13962024450302124,1,1
6362,3.0336668491363525,4.881769564235583e-05,1,1
6363,3.1723172664642334,0.004507587291300297,1,1
6364,3.2634291648864746,0.032696422189474106,1,1
6365,2.990738868713379,0.14001719653606415,1,1
6366,3.2405526638031006,0.22022822499275208,1,1
6367,2.7607741355895996,0.6609487533569336,1,1
6368,2.74230694770813,0.5416330099105835,1,1
6369,3.0776162147521973,0.15932436287403107,1,1
6370,3.063633441925049,0.009926499798893929,1,1
6371,3.222076654434204,0.07031350582838058,1,1
6372,3.1869542598724365,0.046342819929122925,1,1
6373,3.037925958633423,0.002031112089753151,1,1
6374,3.215491533279419,0.04471612721681595,1,1
6375,3.7891290187835693,0.006966777145862579,1,1
6376,3.057774066925049,0.31729602813720703,1,1
6377,3.121232748031616,0.05049549415707588,1,1
6378,3.162046194076538,0.1533113718032837,1,1
6379,3.3366100788116455,0.0415341854095459,1,1
6380,3.2743070125579834,0.011414945125579834,1,1
6381,3.2957308292388916,0.01577811874449253,1,1
6382,3.181143283843994,0.0036788382567465305,1,1
6383,3.0798723697662354,0.02421283908188343,1,1
6384,2.7407281398773193,0.039671391248703,1,1
6385,3.4316086769104004,0.16141901910305023,1,1
6386,3.0017943382263184,0.020111260935664177,1,1
6387,3.434159278869629,0.09569554030895233,1,1
6388,3.407672643661499,0.02539830282330513,1,1
6389,3.12269926071167,0.004401954356580973,1,1
6390,3.7102251052856445,0.07921260595321655,1,1
6391,3.3646786212921143,0.031233390793204308,1,1
6392,3.365138053894043,0.01974615454673767,1,1
6393,3.2407803535461426,0.1569603532552719,1,1
6394,3.187411308288574,0.04788447543978691,1,1
6395,3.5058434009552,1.9535795217962004e-05,1,1
6396,3.0102920532226562,0.0006089219241403043,1,1
6397,3.067394495010376,0.026912057772278786,1,1
6398,3.5899863243103027,0.04507191479206085,1,1
6399,3.3358452320098877,0.0019331589573994279,1,1
6400,3.195878505706787,0.0029102060943841934,1,1
6401,2.9836623668670654,0.010383546352386475,1,1
6402,3.2309446334838867,0.2031199038028717,1,1
6403,3.948922872543335,0.24318788945674896,1,1
6404,3.87233304977417,0.18672828376293182,1,1
6405,3.7835018634796143,0.09955494105815887,1,1
6406,3.718113660812378,0.09378262609243393,1,1
6407,3.4079785346984863,0.1565476953983307,1,1
6408,3.3795385360717773,0.0030386210419237614,1,1
6409,3.4575154781341553,0.0061330595053732395,1,1
6410,3.7978157997131348,0.0016585364937782288,1,1
6411,3.5862464904785156,0.03136998042464256,1,1
6412,3.456362247467041,0.04610629007220268,1,1
6413,3.268378973007202,0.4470215439796448,1,1
6414,3.2769558429718018,0.030679861083626747,1,1
6415,3.015838384628296,0.11614324897527695,1,1
6416,3.7556467056274414,0.1275463104248047,1,1
6417,3.657625436782837,0.44125896692276,1,1
6418,3.329263925552368,0.0772315263748169,1,1
6419,3.0567433834075928,0.040149521082639694,1,1
6420,2.9993669986724854,0.0002752021828200668,1,1
6421,3.3842053413391113,0.008294076658785343,1,1
6422,2.9752919673919678,0.0010160551173612475,1,1
6423,2.4478840827941895,0.32662662863731384,1,1
6424,3.6165502071380615,0.0010148250730708241,1,1
6425,3.4793667793273926,0.16045115888118744,1,1
6426,3.600658655166626,0.13983669877052307,1,1
6427,3.9799129962921143,0.04226507991552353,1,1
6428,4.013694763183594,0.09165515005588531,1,1
6429,3.3369150161743164,0.011833197437226772,1,1
6430,3.7669246196746826,0.07090330868959427,1,1
6431,3.205256223678589,0.011303861625492573,1,1
6432,3.4573023319244385,0.1661052703857422,1,1
6433,3.4092190265655518,0.20978474617004395,1,1
6434,3.195472478866577,0.0007548750727437437,1,1
6435,3.617380142211914,0.05655711889266968,1,1
6436,3.666232109069824,0.0007989854784682393,1,1
6437,2.788875102996826,0.11571609228849411,1,1
6438,2.9518911838531494,0.2508910000324249,1,1
6439,3.392404317855835,0.001000122050754726,1,1
6440,3.6570281982421875,0.13208721578121185,1,1
6441,3.350553035736084,0.024680592119693756,1,1
6442,3.492957353591919,3.100643152720295e-05,1,1
6443,2.957831382751465,0.10709168016910553,1,1
6444,4.086446285247803,0.3344607949256897,1,1
6445,3.631713390350342,1.0451767593622208e-05,1,1
6446,3.4121739864349365,0.0014303774805739522,1,1
6447,4.10414457321167,0.03851890191435814,1,1
6448,3.368042230606079,0.09438648819923401,1,1
6449,3.3707382678985596,0.012396124191582203,1,1
6450,3.2380363941192627,0.3832002282142639,1,1
6451,3.6695728302001953,0.037085454910993576,1,1
6452,4.047220230102539,0.6916283965110779,1,1
6453,3.405153751373291,0.23511798679828644,1,1
6454,3.8949639797210693,0.007939365692436695,1,1
6455,4.018115043640137,0.022740278393030167,1,1
6456,4.192124366760254,0.18313436210155487,1,1
6457,4.057248592376709,0.0015931666130200028,1,1
6458,3.8001575469970703,0.03128116577863693,1,1
6459,3.9180991649627686,0.12056533247232437,1,1
6460,3.9260573387145996,0.3086150884628296,1,1
6461,4.300364971160889,0.22351017594337463,1,1
6462,4.363339900970459,0.000235151601373218,1,1
6463,3.9675700664520264,0.18875211477279663,1,1
6464,4.181469440460205,0.0012482443125918508,1,1
6465,3.107729196548462,0.04762718454003334,1,1
6466,3.339846134185791,0.00027042030706070364,1,1
6467,3.7162389755249023,0.00010842839401448146,1,1
6468,3.361970901489258,0.058100610971450806,1,1
6469,3.6379942893981934,0.1165250688791275,1,1
6470,3.0496976375579834,0.38556957244873047,1,1
6471,3.346797227859497,0.42303982377052307,1,1
6472,3.153240442276001,0.31689390540122986,1,1
6473,3.2197036743164062,0.064139723777771,1,1
6474,3.3943045139312744,0.050573594868183136,1,1
6475,3.463022470474243,0.09274522215127945,1,1
6476,3.1868703365325928,0.10491116344928741,1,1
6477,3.296344518661499,0.44669896364212036,1,1
6478,3.7886221408843994,0.13847589492797852,1,1
6479,3.279498338699341,0.01679028756916523,1,1
6480,3.3677797317504883,0.06452157348394394,1,1
6481,3.247650623321533,7.617846222274238e-06,1,1
6482,3.707374334335327,0.17814688384532928,1,1
6483,3.4138472080230713,0.04358062893152237,1,1
6484,3.751497507095337,0.2186279296875,1,1
6485,3.497983455657959,0.4056718349456787,1,1
6486,3.6705145835876465,0.6267865896224976,1,1
6487,3.186121702194214,0.0006349125178530812,1,1
6488,3.221665143966675,0.0003736474609468132,1,1
6489,3.2577905654907227,0.012071638368070126,1,1
6490,2.7174253463745117,0.0006051176460459828,1,1
6491,2.7409517765045166,0.06762713193893433,1,1
6492,2.7100133895874023,0.032818686217069626,1,1
6493,3.2978382110595703,0.048596661537885666,1,1
6494,2.8781723976135254,0.02672872319817543,1,1
6495,3.1408727169036865,0.021173253655433655,1,1
6496,3.4139211177825928,0.0013061822392046452,1,1
6497,2.6784250736236572,0.0843675434589386,1,1
6498,2.867882490158081,0.03487081453204155,1,1
6499,3.3340868949890137,0.08428347110748291,1,1
6500,2.9180498123168945,0.034845586866140366,1,1
6501,2.859032392501831,0.15234556794166565,1,1
6502,3.456254482269287,0.006157267838716507,1,1
6503,2.4079179763793945,0.24306416511535645,1,1
6504,3.021684408187866,0.000479055946925655,1,1
6505,2.532261610031128,0.0034654513001441956,1,1
6506,2.300837993621826,0.08058196306228638,1,1
6507,2.49104642868042,0.26932528614997864,1,1
6508,3.0022032260894775,0.21806874871253967,1,1
6509,2.8565053939819336,0.07496342808008194,1,1
6510,2.912271738052368,0.05005839094519615,1,1
6511,2.821913003921509,0.05004975199699402,1,1
6512,2.9764320850372314,0.048622190952301025,1,1
6513,3.156390428543091,0.09474261105060577,1,1
6514,2.551126480102539,0.054105617105960846,1,1
6515,2.982722043991089,0.01650390587747097,1,1
6516,3.0214788913726807,0.006781154312193394,1,1
6517,2.9952392578125,0.20271997153759003,1,1
6518,3.4510562419891357,0.6932987570762634,1,1
6519,2.5313401222229004,0.3937865197658539,1,1
6520,2.5693368911743164,0.35040760040283203,1,1
6521,2.4666497707366943,0.024768603965640068,1,1
6522,3.281465530395508,0.3311538100242615,1,1
6523,2.9507405757904053,0.20012128353118896,1,1
6524,2.764159679412842,0.020138641819357872,1,1
6525,2.9042317867279053,0.15541189908981323,1,1
6526,2.6719634532928467,0.26764512062072754,1,1
6527,2.9828433990478516,0.17632675170898438,1,1
6528,3.1427230834960938,0.17636728286743164,1,1
6529,3.073944330215454,0.1709463745355606,1,1
6530,3.3190805912017822,1.180321032734355e-05,1,1
6531,3.628997564315796,0.07641303539276123,1,1
6532,3.514646053314209,0.1207597628235817,1,1
6533,3.6077964305877686,0.0026249773800373077,1,1
6534,3.5223116874694824,0.0015731994062662125,1,1
6535,3.6783323287963867,0.050530195236206055,1,1
6536,3.834541082382202,0.40030524134635925,1,1
6537,3.5403943061828613,0.021047061309218407,1,1
6538,3.7552480697631836,0.10127969831228256,1,1
6539,3.796090841293335,0.07375815510749817,1,1
6540,3.2986690998077393,0.11186187714338303,1,1
6541,3.493727445602417,0.00017479993402957916,1,1
6542,3.5737814903259277,0.011381975375115871,1,1
6543,3.751703977584839,0.021316729485988617,1,1
6544,4.044705867767334,0.5413063764572144,1,1
6545,3.6360394954681396,0.02876020409166813,1,1
6546,3.743302345275879,0.00024532238603569567,1,1
6547,4.128169536590576,0.0050326064229011536,1,1
6548,3.7258739471435547,0.0005909578176215291,1,1
6549,3.80393385887146,0.05278487130999565,1,1
6550,4.450015068054199,0.0001094356193789281,1,1
6551,3.9357950687408447,0.018718404695391655,1,1
6552,3.373481273651123,0.2850643992424011,1,1
6553,3.4509925842285156,0.25605079531669617,1,1
6554,3.626420736312866,0.0017004580004140735,1,1
6555,3.871476650238037,0.14546416699886322,1,1
6556,3.648775577545166,0.15852414071559906,1,1
6557,3.6252362728118896,0.3164268434047699,1,1
6558,4.464694976806641,4.883948804490501e-06,1,1
6559,4.242042064666748,0.04364108666777611,1,1
6560,3.5041184425354004,0.02030332013964653,1,1
6561,3.4282407760620117,0.03400048613548279,1,1
6562,3.5277044773101807,0.017314519733190536,1,1
6563,3.3804774284362793,0.07801663875579834,1,1
6564,3.5549628734588623,0.15490251779556274,1,1
6565,3.10894513130188,0.000420550350099802,1,1
6566,3.2975172996520996,0.08407067507505417,1,1
6567,3.4757442474365234,0.15633393824100494,1,1
6568,3.603713274002075,0.12410944700241089,1,1
6569,3.4656262397766113,0.011499649845063686,1,1
6570,4.079685211181641,0.010172221809625626,1,1
6571,3.7113986015319824,0.06784313172101974,1,1
6572,3.6153814792633057,0.12277354300022125,1,1
6573,3.689289093017578,0.3261965811252594,1,1
6574,3.3912181854248047,0.03883395344018936,1,1
6575,3.2900784015655518,0.012547005899250507,1,1
6576,3.511596441268921,6.415881443899707e-07,1,1
6577,3.5650486946105957,0.008609912358224392,1,1
6578,3.257946252822876,0.03622814640402794,1,1
6579,3.304164409637451,0.022349050268530846,1,1
6580,3.488361120223999,0.002327375113964081,1,1
6581,3.3705427646636963,0.004492050502449274,1,1
6582,3.388125419616699,0.0019018873572349548,1,1
6583,3.3283345699310303,0.07653579860925674,1,1
6584,3.407681703567505,0.17537978291511536,1,1
6585,3.650343179702759,0.22270789742469788,1,1
6586,3.946343421936035,0.0589691661298275,1,1
6587,3.362199068069458,0.3352538049221039,1,1
6588,3.6339328289031982,0.0054802969098091125,1,1
6589,3.3221497535705566,0.018523504957556725,1,1
6590,3.557175636291504,0.027073780074715614,1,1
6591,2.7029781341552734,0.17877472937107086,1,1
6592,3.1262435913085938,0.019903777167201042,1,1
6593,3.194658041000366,0.38006433844566345,1,1
6594,3.122469663619995,0.0013398797018453479,1,1
6595,3.6124019622802734,0.6561871767044067,1,1
6596,3.8228838443756104,0.20916639268398285,1,1
6597,3.2493138313293457,0.3784122169017792,1,1
6598,3.547595739364624,0.18010739982128143,1,1
6599,2.9388251304626465,0.0034847937058657408,1,1
6600,3.5328288078308105,0.6983057856559753,1,1
6601,3.274325370788574,0.03211618587374687,1,1
6602,3.605367422103882,0.002162788063287735,1,1
6603,3.2822487354278564,0.21551652252674103,1,1
6604,2.9815940856933594,0.09921419620513916,1,1
6605,3.801806688308716,0.6360654234886169,1,1
6606,3.9068052768707275,0.08627874404191971,1,1
6607,3.56070613861084,0.05938233807682991,1,1
6608,3.479063034057617,0.2501760721206665,1,1
6609,3.0483522415161133,0.27873143553733826,1,1
6610,3.214539051055908,0.3737014830112457,1,1
6611,2.4453489780426025,0.04433735832571983,1,1
6612,2.8997902870178223,0.0014158153207972646,1,1
6613,2.646585702896118,0.08930965512990952,1,1
6614,2.598235845565796,0.30226826667785645,1,1
6615,2.5448639392852783,0.08774763345718384,1,1
6616,2.498838424682617,0.043560486286878586,1,1
6617,2.7530200481414795,0.006551087833940983,1,1
6618,2.1651968955993652,0.023761460557579994,1,1
6619,2.2939207553863525,0.024659371003508568,1,1
6620,2.3318984508514404,0.05674546957015991,1,1
6621,2.5966076850891113,0.0006232940941117704,1,1
6622,2.3790066242218018,0.013337385840713978,1,1
6623,2.57776141166687,0.004247111268341541,1,1
6624,2.522308588027954,0.03991009667515755,1,1
6625,2.4686994552612305,0.03353939577937126,1,1
6626,2.334990978240967,0.02136184088885784,1,1
6627,2.4195973873138428,0.08717112988233566,1,1
6628,2.1882336139678955,0.23571732640266418,1,1
6629,2.3568880558013916,0.02384483814239502,1,1
6630,2.3295040130615234,0.039444901049137115,1,1
6631,2.1003713607788086,0.016712846234440804,1,1
6632,2.569295883178711,0.2331194430589676,1,1
6633,2.422935724258423,0.003747050417587161,1,1
6634,2.9538214206695557,0.0002675713039934635,1,1
6635,2.7302823066711426,0.001913689891807735,1,1
6636,2.1835031509399414,1.1085066944360733e-05,1,1
6637,2.9337997436523438,6.110407753112668e-07,1,1
6638,2.5674564838409424,0.1310720294713974,1,1
6639,3.413752317428589,0.10337890684604645,1,1
6640,3.153730630874634,0.16979120671749115,1,1
6641,2.873478412628174,0.03005092777311802,1,1
6642,3.892563819885254,0.13015127182006836,1,1
6643,4.012442111968994,0.06883712857961655,1,1
6644,3.8787877559661865,0.01441950537264347,1,1
6645,3.316754102706909,0.1486467570066452,1,1
6646,2.8909740447998047,0.001081046531908214,1,1
6647,3.067824363708496,0.043624963611364365,1,1
6648,3.327669858932495,0.00018175775767304003,1,1
6649,3.0187065601348877,0.007125549949705601,1,1
6650,3.408250093460083,0.0054489076137542725,1,1
6651,3.3748836517333984,0.23114800453186035,1,1
6652,3.4804046154022217,0.419432133436203,1,1
6653,3.493814468383789,0.17420165240764618,1,1
6654,3.4209282398223877,0.34383490681648254,1,1
6655,3.6777515411376953,0.22826185822486877,1,1
6656,3.2632100582122803,0.19640867412090302,1,1
6657,3.5923972129821777,0.05168209224939346,1,1
6658,3.4319350719451904,0.14508897066116333,1,1
6659,2.997213840484619,0.06664693355560303,1,1
6660,3.228595495223999,0.4370891749858856,1,1
6661,3.4014270305633545,0.010569245554506779,1,1
6662,3.5101635456085205,0.0008165390463545918,1,1
6663,3.4904539585113525,0.0002575636899564415,1,1
6664,3.429685592651367,0.006394255440682173,1,1
6665,3.2777607440948486,0.004773147404193878,1,1
6666,3.512140989303589,0.012670541182160378,1,1
6667,3.1414241790771484,1.0702852705435362e-05,1,1
6668,3.36027193069458,0.011150479316711426,1,1
6669,3.4688456058502197,0.015089981257915497,1,1
6670,3.274975538253784,0.004432741552591324,1,1
6671,3.472524642944336,0.008049813099205494,1,1
6672,3.532092809677124,0.2085665464401245,1,1
6673,3.5494399070739746,0.5758945345878601,1,1
6674,3.6690127849578857,0.3578041195869446,1,1
6675,3.153818368911743,0.01757453940808773,1,1
6676,3.5748138427734375,0.10020152479410172,1,1
6677,3.7570018768310547,0.0031060189940035343,1,1
6678,3.296802282333374,0.011818504892289639,1,1
6679,3.733301877975464,0.0795660987496376,1,1
6680,3.6584813594818115,0.008968167938292027,1,1
6681,3.7371938228607178,0.062031008303165436,1,1
6682,3.931135654449463,0.12023047357797623,1,1
6683,2.9247395992279053,0.22115306556224823,1,1
6684,2.9007933139801025,0.0913282185792923,1,1
6685,3.131748914718628,0.02866862714290619,1,1
6686,2.6882479190826416,0.029684007167816162,1,1
6687,3.3213939666748047,0.2753079831600189,1,1
6688,3.6240293979644775,0.14468489587306976,1,1
6689,3.6461408138275146,0.6048855781555176,1,1
6690,3.171410083770752,0.0002832651080098003,1,1
6691,3.3400893211364746,0.010599031113088131,1,1
6692,3.4561781883239746,0.05999534949660301,1,1
6693,3.4664437770843506,0.18355585634708405,1,1
6694,3.2966179847717285,0.04512519761919975,1,1
6695,3.472107410430908,0.021291375160217285,1,1
6696,3.3865742683410645,0.05252799019217491,1,1
6697,3.328580617904663,0.3986949324607849,1,1
6698,3.982679605484009,0.5780203342437744,1,1
6699,4.374447345733643,0.43606892228126526,1,1
6700,3.9027864933013916,0.04808741807937622,1,1
6701,4.138177871704102,0.207642063498497,1,1
6702,3.71250057220459,0.259982168674469,1,1
6703,3.630566120147705,0.01044657826423645,1,1
6704,3.669325351715088,3.089904930675402e-05,1,1
6705,3.857395887374878,0.000351959461113438,1,1
6706,3.772416591644287,0.008669114671647549,1,1
6707,3.445972204208374,0.029035812243819237,1,1
6708,4.1321187019348145,0.02434215508401394,1,1
6709,4.241310119628906,0.03205741196870804,1,1
6710,3.5774593353271484,0.1528884619474411,1,1
6711,3.926525831222534,0.6588320732116699,1,1
6712,3.4736955165863037,0.12489262968301773,1,1
6713,3.7162599563598633,0.0021412991918623447,1,1
6714,3.493570566177368,0.03054140880703926,1,1
6715,4.031888961791992,0.04397234320640564,1,1
6716,4.076180458068848,0.09044376760721207,1,1
6717,3.5680625438690186,0.024753419682383537,1,1
6718,3.4358959197998047,0.05322033911943436,1,1
6719,3.684380054473877,0.34796687960624695,1,1
6720,3.7647745609283447,0.008112275041639805,1,1
6721,3.3128273487091064,0.04715658724308014,1,1
6722,3.2924678325653076,0.006020218133926392,1,1
6723,3.8105268478393555,0.10350304841995239,1,1
6724,3.4516308307647705,0.05941997095942497,1,1
6725,3.7219760417938232,6.49341382086277e-05,1,1
6726,3.281799793243408,0.08380227535963058,1,1
6727,2.9530324935913086,0.09425608068704605,1,1
6728,3.775259017944336,0.00029243380413390696,1,1
6729,3.6648576259613037,0.04053330421447754,1,1
6730,3.520291566848755,0.001912845647893846,1,1
6731,3.3728158473968506,0.0006814510561525822,1,1
6732,3.2952239513397217,0.001629580627195537,1,1
6733,2.9290404319763184,0.04899316653609276,1,1
6734,3.016282081604004,0.008710496127605438,1,1
6735,3.2170956134796143,0.09320427477359772,1,1
6736,3.573831796646118,0.004872334189713001,1,1
6737,3.4360809326171875,0.03028559498488903,1,1
6738,3.4125924110412598,0.0015140533214434981,1,1
6739,3.1545913219451904,0.1133970245718956,1,1
6740,3.5300588607788086,0.0075370087288320065,1,1
6741,3.319072723388672,0.012008103542029858,1,1
6742,3.4657063484191895,0.007604183163493872,1,1
6743,3.3757307529449463,0.009491018019616604,1,1
6744,3.382721185684204,0.00019071261340286583,1,1
6745,3.443600654602051,0.0009770618053153157,1,1
6746,3.4031929969787598,0.02138441614806652,1,1
6747,3.596585273742676,0.010468289256095886,1,1
6748,3.8133034706115723,0.16012659668922424,1,1
6749,3.649096727371216,0.041494857519865036,1,1
6750,3.622588872909546,0.11279986053705215,1,1
6751,3.6639010906219482,0.011936299502849579,1,1
6752,3.923060655593872,0.09188317507505417,1,1
6753,3.496720790863037,0.006749403662979603,1,1
6754,3.3003740310668945,0.23329654335975647,1,1
6755,3.2705392837524414,0.009382271207869053,1,1
6756,3.5169517993927,0.045540254563093185,1,1
6757,4.078627586364746,0.006730388849973679,1,1
6758,3.732811450958252,0.3286594748497009,1,1
6759,2.717088460922241,0.11013851314783096,1,1
6760,2.5889275074005127,0.2560214698314667,1,1
6761,2.821207284927368,0.005577888339757919,1,1
6762,2.8023369312286377,0.013375306501984596,1,1
6763,3.3056445121765137,0.007508549839258194,1,1
6764,2.793907880783081,0.0982922688126564,1,1
6765,3.1166210174560547,0.05831947550177574,1,1
6766,2.827681541442871,0.889593243598938,1,1
6767,3.828669548034668,0.1279464215040207,1,1
6768,3.633824110031128,0.10855569690465927,1,1
6769,3.0321407318115234,0.1952982395887375,1,1
6770,4.256031036376953,0.02353588305413723,1,1
6771,4.369800090789795,0.21751928329467773,1,1
6772,3.5096428394317627,0.0953078418970108,1,1
6773,2.8862392902374268,0.3378402888774872,1,1
6774,3.077507734298706,0.008020401000976562,1,1
6775,3.455409526824951,0.056621402502059937,1,1
6776,2.9238932132720947,0.00661686435341835,1,1
6777,2.7837111949920654,0.30476710200309753,1,1
6778,3.094627857208252,3.132969084163051e-07,1,1
6779,3.377918004989624,0.019610777497291565,1,1
6780,2.9979240894317627,0.00017710412794258446,1,1
6781,3.118435859680176,0.02124352566897869,1,1
6782,3.035628080368042,0.005369414575397968,1,1
6783,3.404158592224121,0.07808133959770203,1,1
6784,3.3220036029815674,0.03898243233561516,1,1
6785,3.537815570831299,0.0267034862190485,1,1
6786,3.1015098094940186,0.0002960757410619408,1,1
6787,3.266033172607422,0.05164699628949165,1,1
6788,2.9557604789733887,0.0013854772550985217,1,1
6789,3.5867714881896973,0.1730596274137497,1,1
6790,3.539207935333252,0.21787050366401672,1,1
6791,3.18031907081604,0.2554261088371277,1,1
6792,3.6410505771636963,0.21558821201324463,1,1
6793,3.526233196258545,0.027552247047424316,1,1
6794,2.888787031173706,0.017986318096518517,1,1
6795,2.912262201309204,0.18396127223968506,1,1
6796,3.5045456886291504,0.05789143964648247,1,1
6797,3.6012511253356934,0.21325555443763733,1,1
6798,3.1339433193206787,0.44875240325927734,1,1
6799,3.6554031372070312,0.5963296294212341,1,1
6800,3.6821651458740234,0.49370813369750977,1,1
6801,2.3958890438079834,0.3983537554740906,1,1
6802,3.04258394241333,2.375105395913124e-05,1,1
6803,3.0472559928894043,0.01102447509765625,1,1
6804,3.5702004432678223,0.363576740026474,1,1
6805,3.8503737449645996,0.05870698764920235,1,1
6806,3.71614933013916,0.0014318377943709493,1,1
6807,3.9566328525543213,0.09960366785526276,1,1
6808,3.0784053802490234,0.01456355955451727,1,1
6809,3.325272798538208,0.020862659439444542,1,1
6810,3.3628575801849365,0.001089949277229607,1,1
6811,3.253981351852417,0.008108798414468765,1,1
6812,3.656374216079712,0.017919078469276428,1,1
6813,2.923645257949829,0.03200214356184006,1,1
6814,3.3833508491516113,0.11121726036071777,1,1
6815,3.268594741821289,0.1549936980009079,1,1
6816,3.346316337585449,0.014510035514831543,1,1
6817,3.193234920501709,0.050638724118471146,1,1
6818,3.3213284015655518,0.14183583855628967,1,1
6819,3.616298198699951,0.07652512192726135,1,1
6820,3.2569692134857178,0.06496356427669525,1,1
6821,3.2986738681793213,0.004387879278510809,1,1
6822,3.3104400634765625,0.009972705505788326,1,1
6823,3.36854887008667,0.008719505742192268,1,1
6824,3.5587170124053955,0.004284930415451527,1,1
6825,3.325411796569824,0.17241786420345306,1,1
6826,3.920060396194458,0.011195363476872444,1,1
6827,3.1597132682800293,0.065525583922863,1,1
6828,3.281069278717041,0.007086501456797123,1,1
6829,2.9368104934692383,0.13423536717891693,1,1
6830,2.9835638999938965,0.14634886384010315,1,1
6831,3.2105276584625244,0.6829717755317688,1,1
6832,3.192171573638916,0.32236072421073914,1,1
6833,3.140320301055908,0.15190140902996063,1,1
6834,2.6346275806427,2.3283064365386963e-07,1,1
6835,2.9576547145843506,0.4015518128871918,1,1
6836,3.0478339195251465,0.9812411665916443,1,1
6837,3.7811923027038574,0.17753642797470093,1,1
6838,3.595587968826294,0.04526470974087715,1,1
6839,3.3821768760681152,0.007977246306836605,1,1
6840,3.2059404850006104,0.03551895543932915,1,1
6841,3.286672353744507,0.12029071897268295,1,1
6842,3.617905378341675,0.35023626685142517,1,1
6843,3.195572853088379,0.274771511554718,1,1
6844,3.71879506111145,0.046135302633047104,1,1
6845,3.1141717433929443,1.2069940567016602e-05,1,1
6846,3.2682507038116455,0.05268293246626854,1,1
6847,3.468623399734497,0.023131966590881348,1,1
6848,3.3177688121795654,0.0025914632715284824,1,1
6849,2.772336483001709,0.09073423594236374,1,1
6850,2.7988505363464355,0.18100135028362274,1,1
6851,3.053953170776367,0.05291798710823059,1,1
6852,3.8378169536590576,0.5434243083000183,1,1
6853,3.4099459648132324,0.21219618618488312,1,1
6854,3.368276596069336,0.14132745563983917,1,1
6855,3.3186278343200684,0.17727629840373993,1,1
6856,3.10129714012146,0.2271382361650467,1,1
6857,3.457023859024048,0.003588092280551791,1,1
6858,3.464002847671509,0.05684206634759903,1,1
6859,3.5203304290771484,0.12837481498718262,1,1
6860,3.0566601753234863,0.00100807286798954,1,1
6861,3.1452174186706543,0.021401353180408478,1,1
6862,3.201265335083008,0.43693605065345764,1,1
6863,2.962428569793701,0.0006103515625,1,1
6864,3.482828140258789,0.13505691289901733,1,1
6865,2.8689932823181152,0.14108087122440338,1,1
6866,3.2171974182128906,0.07432010024785995,1,1
6867,3.182954788208008,0.00924814771860838,1,1
6868,2.910393476486206,0.16079925000667572,1,1
6869,2.5373129844665527,0.07811370491981506,1,1
6870,3.025195598602295,4.694797155480046e-07,1,1
6871,2.922736883163452,0.007138589862734079,1,1
6872,2.7024219036102295,0.039364442229270935,1,1
6873,3.2462055683135986,0.21909745037555695,1,1
6874,2.560530185699463,0.003343826625496149,1,1
6875,3.0709068775177,0.25991329550743103,1,1
6876,3.5573861598968506,0.09784498810768127,1,1
6877,3.384261131286621,0.1774388551712036,1,1
6878,3.1996726989746094,0.12100134044885635,1,1
6879,4.09807825088501,0.003066346514970064,1,1
6880,3.3280246257781982,0.05066043883562088,1,1
6881,3.4738056659698486,0.0005672708502970636,1,1
6882,3.1111605167388916,0.21292589604854584,1,1
6883,3.337385654449463,0.004933149088174105,1,1
6884,3.460247039794922,0.02074851468205452,1,1
6885,3.5441384315490723,0.20516052842140198,1,1
6886,2.9607326984405518,0.028057530522346497,1,1
6887,3.365748882293701,0.006369584705680609,1,1
6888,3.3501553535461426,0.0009740475798025727,1,1
6889,3.648514747619629,0.008325747214257717,1,1
6890,3.3492462635040283,0.08838915079832077,1,1
6891,3.58457350730896,0.30276724696159363,1,1
6892,3.638883352279663,0.04229682683944702,1,1
6893,2.998867988586426,0.15656296908855438,1,1
6894,3.155586004257202,0.10282732546329498,1,1
6895,3.369128942489624,0.0275042112916708,1,1
6896,3.531114339828491,0.13036026060581207,1,1
6897,2.902747392654419,0.1430596560239792,1,1
6898,3.6100692749023438,0.28845450282096863,1,1
6899,3.248750686645508,0.11622877418994904,1,1
6900,3.708961248397827,0.5086561441421509,1,1
6901,3.5267701148986816,0.5092206597328186,1,1
6902,3.0565128326416016,0.49224454164505005,1,1
6903,3.205813407897949,0.12435435503721237,1,1
6904,3.2983434200286865,4.498520866036415e-05,1,1
6905,3.66969895362854,2.031112126132939e-05,1,1
6906,3.642723321914673,0.04048280417919159,1,1
6907,3.2882981300354004,0.04571341350674629,1,1
6908,3.5404367446899414,0.002948858542367816,1,1
6909,3.570309638977051,0.0065933349542319775,1,1
6910,3.370978355407715,0.07821623235940933,1,1
6911,3.208014965057373,0.311969518661499,1,1
6912,2.916588306427002,0.4437497556209564,1,1
6913,3.3263914585113525,0.4621424376964569,1,1
6914,3.196951150894165,0.04084086790680885,1,1
6915,3.1632182598114014,0.013543245382606983,1,1
6916,3.5483131408691406,0.0017140153795480728,1,1
6917,3.6679701805114746,0.03800545260310173,1,1
6918,3.196570873260498,0.036681417375802994,1,1
6919,3.698021411895752,0.1290118396282196,1,1
6920,3.7324888706207275,0.13827486336231232,1,1
6921,3.8356778621673584,0.15766462683677673,1,1
6922,2.8767120838165283,0.024149810895323753,1,1
6923,3.682039260864258,0.5183514952659607,1,1
6924,3.8007259368896484,0.008481447584927082,1,1
6925,3.6372156143188477,0.18072228133678436,1,1
6926,3.248513698577881,0.009577710181474686,1,1
6927,3.3252270221710205,0.07791423797607422,1,1
6928,3.575411081314087,0.15999531745910645,1,1
6929,3.4307515621185303,0.5684196352958679,1,1
6930,3.9360246658325195,0.6984670758247375,1,1
6931,3.549942970275879,0.21264098584651947,1,1
6932,3.8936727046966553,0.21648530662059784,1,1
6933,3.523038387298584,0.054690826684236526,1,1
6934,3.0365443229675293,0.13063915073871613,1,1
6935,3.901134729385376,0.03867816552519798,1,1
6936,3.743511438369751,0.06811487674713135,1,1
6937,4.010121822357178,0.0043968334794044495,1,1
6938,4.00319766998291,0.013027148321270943,1,1
6939,3.9945626258850098,0.15150298178195953,1,1
6940,3.4931576251983643,0.2187001258134842,1,1
6941,3.572239637374878,0.15114259719848633,1,1
6942,3.751166343688965,0.49024245142936707,1,1
6943,3.7189314365386963,0.6313024759292603,1,1
6944,3.75881028175354,0.011965840123593807,1,1
6945,4.155848503112793,0.13222052156925201,1,1
6946,3.595959424972534,0.17075489461421967,1,1
6947,3.581554651260376,0.007408536970615387,1,1
6948,3.4562628269195557,0.022964945062994957,1,1
6949,3.652634859085083,0.2505720555782318,1,1
6950,3.9743340015411377,0.12860313057899475,1,1
6951,3.422898530960083,0.11756177246570587,1,1
6952,3.566373825073242,3.814697322468419e-07,1,1
6953,3.6824493408203125,0.10425577312707901,1,1
6954,3.6253409385681152,0.05183139070868492,1,1
6955,3.8487157821655273,0.0208320040255785,1,1
6956,3.2752034664154053,0.5350620746612549,1,1
6957,2.825798273086548,0.025830764323472977,1,1
6958,2.8478312492370605,0.24858573079109192,1,1
6959,3.254228115081787,0.7495176196098328,1,1
6960,3.3540148735046387,0.7410697340965271,1,1
6961,2.495501756668091,0.0549665167927742,1,1
6962,2.770097494125366,0.011997530236840248,1,1
6963,2.8472142219543457,0.0699659213423729,1,1
6964,2.9360949993133545,0.13377611339092255,1,1
6965,3.3196184635162354,0.19642578065395355,1,1
6966,2.8141963481903076,0.212792307138443,1,1
6967,2.6376469135284424,0.47764816880226135,1,1
6968,3.5093798637390137,0.003378514898940921,1,1
6969,3.7173380851745605,0.00679069384932518,1,1
6970,2.5294246673583984,0.001558687654323876,1,1
6971,3.088838815689087,0.013275046832859516,1,1
6972,3.2670750617980957,0.3151361644268036,1,1
6973,3.4746880531311035,0.8216739892959595,1,1
6974,3.485348701477051,0.13230475783348083,1,1
6975,3.370964527130127,0.0022269878536462784,1,1
6976,2.966853380203247,0.010381579399108887,1,1
6977,3.3115785121917725,0.0003422507143113762,1,1
6978,3.4502594470977783,0.014696627855300903,1,1
6979,3.402425527572632,0.027299731969833374,1,1
6980,3.236802816390991,0.11281930655241013,1,1
6981,3.83697247505188,0.014115191996097565,1,1
6982,3.3917062282562256,0.08777622133493423,1,1
6983,3.619314670562744,0.003498479723930359,1,1
6984,3.404733657836914,0.015575124882161617,1,1
6985,3.939720392227173,0.03611801564693451,1,1
6986,3.3863742351531982,0.010057694278657436,1,1
6987,3.77313494682312,0.02178138680756092,1,1
6988,3.310279130935669,0.08522747457027435,1,1
6989,3.276698350906372,0.00010346211638534442,1,1
6990,3.5009281635284424,0.0597308985888958,1,1
6991,3.1445837020874023,0.0744675025343895,1,1
6992,3.272491216659546,0.38977566361427307,1,1
6993,3.2715139389038086,0.0010652396595105529,1,1
6994,3.0756187438964844,0.062247514724731445,1,1
6995,2.993361234664917,0.005212180316448212,1,1
6996,3.905982494354248,0.0016155861085280776,1,1
6997,3.3630425930023193,0.1763024479150772,1,1
6998,4.067185878753662,0.14601677656173706,1,1
6999,3.8593804836273193,0.060811251401901245,1,1
7000,3.6392340660095215,0.08959829062223434,1,1
7001,3.0245513916015625,0.02618248574435711,1,1
7002,3.4306366443634033,0.3405831754207611,1,1
7003,3.815169095993042,0.009619311429560184,1,1
7004,3.766062021255493,0.00957015622407198,1,1
7005,3.248676061630249,0.03397202119231224,1,1
7006,3.485496759414673,0.013319559395313263,1,1
7007,3.6454834938049316,0.07964233309030533,1,1
7008,4.172547817230225,0.13474498689174652,1,1
7009,4.044861793518066,0.05866957828402519,1,1
7010,4.009394645690918,0.020940791815519333,1,1
7011,3.9887163639068604,0.16909998655319214,1,1
7012,3.6750824451446533,0.06732631474733353,1,1
7013,3.699061155319214,0.20808203518390656,1,1
7014,3.859825849533081,0.0953376293182373,1,1
7015,3.542228937149048,0.14863187074661255,1,1
7016,3.1582224369049072,0.29220882058143616,1,1
7017,3.4435744285583496,0.5770375728607178,1,1
7018,3.002779245376587,0.19335833191871643,1,1
7019,3.6247382164001465,0.0383070670068264,1,1
7020,3.3580214977264404,3.3415948564652354e-05,1,1
7021,3.450779676437378,0.00013523036614060402,1,1
7022,3.3647525310516357,0.18146972358226776,1,1
7023,3.999403238296509,0.004829317331314087,1,1
7024,2.910862922668457,0.03589095175266266,1,1
7025,3.6394295692443848,0.005503182299435139,1,1
7026,2.7771999835968018,0.20632489025592804,1,1
7027,3.681225538253784,0.0018809024477377534,1,1
7028,3.46262788772583,0.18860958516597748,1,1
7029,4.021571159362793,0.27376070618629456,1,1
7030,3.735689401626587,0.010228753089904785,1,1
7031,3.6467154026031494,0.03738713264465332,1,1
7032,3.5997045040130615,0.020551590248942375,1,1
7033,3.333777904510498,0.005031237378716469,1,1
7034,2.910980463027954,0.04721948131918907,1,1
7035,2.958768367767334,0.05471791699528694,1,1
7036,3.5557427406311035,0.09697753936052322,1,1
7037,2.8207743167877197,0.06772755831480026,1,1
7038,3.1624276638031006,0.1526319831609726,1,1
7039,3.9781060218811035,0.206965371966362,1,1
7040,3.7381205558776855,0.08941350877285004,1,1
7041,3.796769142150879,0.04715658724308014,1,1
7042,3.596442937850952,0.05080389976501465,1,1
7043,3.66725492477417,0.4197821617126465,1,1
7044,3.3302886486053467,0.17168132960796356,1,1
7045,3.2843854427337646,0.5076104998588562,1,1
7046,3.4452309608459473,0.1236746534705162,1,1
7047,3.280687093734741,0.31257352232933044,1,1
7048,3.2701148986816406,0.4739869236946106,1,1
7049,4.241084098815918,0.05074736475944519,1,1
7050,4.5754828453063965,0.17978809773921967,1,1
7051,3.5029685497283936,0.12174773216247559,1,1
7052,3.453732967376709,0.13029058277606964,1,1
7053,2.8101794719696045,0.043455809354782104,1,1
7054,3.218552827835083,0.0624113492667675,1,1
7055,2.7912163734436035,0.17353366315364838,1,1
7056,2.868403434753418,0.15153303742408752,1,1
7057,2.552483558654785,0.24105103313922882,1,1
7058,2.524984836578369,0.12232084572315216,1,1
7059,3.1355960369110107,0.016348063945770264,1,1
7060,3.4327173233032227,0.06009940057992935,1,1
7061,3.3590197563171387,0.09722413122653961,1,1
7062,3.3502471446990967,0.00043572569848038256,1,1
7063,2.928708076477051,0.10713589191436768,1,1
7064,3.2159767150878906,0.01385953277349472,1,1
7065,3.523432493209839,0.07958787679672241,1,1
7066,3.0638153553009033,0.06785821914672852,1,1
7067,2.521250009536743,0.0025289617478847504,1,1
7068,3.43682599067688,0.05549268051981926,1,1
7069,3.960588216781616,0.01993373967707157,1,1
7070,3.8633182048797607,0.09871631115674973,1,1
7071,2.873718023300171,0.3009856641292572,1,1
7072,3.0714945793151855,0.07505857199430466,1,1
7073,3.044520139694214,0.036500509828329086,1,1
7074,3.82192063331604,0.013232827186584473,1,1
7075,3.407351493835449,0.012160868383944035,1,1
7076,3.583484172821045,0.02279561385512352,1,1
7077,3.350663900375366,0.00045857959776185453,1,1
7078,3.307497262954712,0.057687290012836456,1,1
7079,3.4032647609710693,0.2315564900636673,1,1
7080,3.4796488285064697,0.17201738059520721,1,1
7081,3.4221444129943848,0.0007432536222040653,1,1
7082,3.493124485015869,0.0451539047062397,1,1
7083,3.3290364742279053,0.11434141546487808,1,1
7084,3.496720552444458,0.01155560091137886,1,1
7085,3.369654417037964,0.0508691780269146,1,1
7086,3.4311628341674805,0.03589460998773575,1,1
7087,3.5923659801483154,0.0357375405728817,1,1
7088,3.574331521987915,0.3605571687221527,1,1
7089,2.9718167781829834,0.0037140422500669956,1,1
7090,3.8334829807281494,0.10958194732666016,1,1
7091,3.5480527877807617,0.3805047571659088,1,1
7092,3.109360933303833,0.14032068848609924,1,1
7093,3.615607261657715,0.3322431743144989,1,1
7094,3.3280229568481445,0.09983526915311813,1,1
7095,2.653047561645508,0.06061626225709915,1,1
7096,3.6452581882476807,0.20999696850776672,1,1
7097,3.2168009281158447,0.0018194690346717834,1,1
7098,3.5772881507873535,0.19276468455791473,1,1
7099,3.6454050540924072,0.408750981092453,1,1
7100,3.741699695587158,0.1643400639295578,1,1
7101,3.4316630363464355,0.00463284645229578,1,1
7102,3.324781894683838,0.16722416877746582,1,1
7103,3.665322780609131,0.006529235281050205,1,1
7104,3.6458089351654053,0.13687172532081604,1,1
7105,3.685312271118164,0.02322305738925934,1,1
7106,3.5947377681732178,0.07580070942640305,1,1
7107,3.123924732208252,0.0012509734369814396,1,1
7108,2.8285880088806152,0.300763338804245,1,1
7109,2.5173757076263428,0.1896420121192932,1,1
7110,3.731318712234497,0.024041952565312386,1,1
7111,3.757127285003662,0.16093085706233978,1,1
7112,3.120441436767578,0.11491646617650986,1,1
7113,3.206244468688965,0.016033709049224854,1,1
7114,3.5141406059265137,0.050751712173223495,1,1
7115,3.2997310161590576,0.16487257182598114,1,1
7116,3.2216315269470215,0.006163327489048243,1,1
7117,3.35048508644104,0.13885681331157684,1,1
7118,3.659951686859131,0.33234331011772156,1,1
7119,3.347038984298706,0.10268502682447433,1,1
7120,2.862551689147949,0.009573932737112045,1,1
7121,3.0485758781433105,0.04102049395442009,1,1
7122,2.640847682952881,0.09147409349679947,1,1
7123,2.5936081409454346,0.7309690117835999,1,1
7124,2.971771001815796,0.01219281554222107,1,1
7125,3.059880495071411,0.3944650888442993,1,1
7126,3.2614970207214355,0.07043639570474625,1,1
7127,2.91377854347229,0.15558694303035736,1,1
7128,3.1881141662597656,0.1745482236146927,1,1
7129,2.963083028793335,0.040583837777376175,1,1
7130,3.0030133724212646,0.027099192142486572,1,1
7131,3.20796537399292,0.25792941451072693,1,1
7132,3.0147643089294434,0.07769351452589035,1,1
7133,2.7921576499938965,0.10357757657766342,1,1
7134,2.6357102394104004,0.17219354212284088,1,1
7135,2.90877366065979,0.05019235238432884,1,1
7136,2.5772409439086914,9.350515756523237e-05,1,1
7137,2.964282751083374,2.2956171505938983e-06,1,1
7138,2.7721941471099854,0.00401392811909318,1,1
7139,3.420464038848877,0.10115689039230347,1,1
7140,2.912616729736328,0.023093821480870247,1,1
7141,2.955820083618164,0.07050812244415283,1,1
7142,2.820676326751709,0.0022681639529764652,1,1
7143,2.8235318660736084,0.0009495065896771848,1,1
7144,3.2350010871887207,0.024808108806610107,1,1
7145,3.047078847885132,0.006036702543497086,1,1
7146,2.880110740661621,0.014092271216213703,1,1
7147,2.4168460369110107,0.006063725799322128,1,1
7148,2.567619800567627,0.011394333094358444,1,1
7149,2.9368672370910645,0.0008806237019598484,1,1
7150,2.8257851600646973,0.0918305292725563,1,1
7151,3.922645092010498,0.05929771065711975,1,1
7152,3.1444551944732666,5.031237378716469e-05,1,1
7153,2.8338747024536133,0.02929951809346676,1,1
7154,3.29117488861084,0.03589460998773575,1,1
7155,3.22865891456604,0.11455035209655762,1,1
7156,3.273817539215088,0.0384129099547863,1,1
7157,3.5890414714813232,0.019298497587442398,1,1
7158,3.9925882816314697,0.111539326608181,1,1
7159,4.3389458656311035,0.09908657521009445,1,1
7160,4.391931533813477,0.06650251150131226,1,1
7161,3.777444362640381,0.016466734930872917,1,1
7162,3.875556707382202,0.03346167877316475,1,1
7163,3.772123098373413,0.078968346118927,1,1
7164,4.282001972198486,0.054051753133535385,1,1
7165,3.2822418212890625,0.0016171381575986743,1,1
7166,4.016727924346924,0.0002517118991818279,1,1
7167,3.4995782375335693,0.0393989160656929,1,1
7168,3.120370388031006,0.0002393134927842766,1,1
7169,3.2566637992858887,0.2602381110191345,1,1
7170,3.3367435932159424,0.00292167067527771,1,1
7171,3.186664342880249,0.00042810439481399953,1,1
7172,3.426229953765869,0.00043210721923969686,1,1
7173,3.9666099548339844,0.010466314852237701,1,1
7174,3.9242753982543945,0.002438545925542712,1,1
7175,3.943509817123413,0.08740492910146713,1,1
7176,3.535804271697998,0.01715741492807865,1,1
7177,3.184117078781128,0.0004166015423834324,1,1
7178,3.5680527687072754,0.010168328881263733,1,1
7179,3.183459997177124,0.0020599185954779387,1,1
7180,3.4192769527435303,0.0017614848911762238,1,1
7181,3.139380931854248,0.42000728845596313,1,1
7182,3.2153844833374023,0.03275228664278984,1,1
7183,3.3847954273223877,0.33029910922050476,1,1
7184,3.6341640949249268,0.25424715876579285,1,1
7185,4.259678840637207,0.5874795317649841,1,1
7186,4.30936861038208,0.0359128974378109,1,1
7187,4.2295918464660645,0.05652958154678345,1,1
7188,3.366738796234131,0.04237625375390053,1,1
7189,3.879568338394165,0.1198493167757988,1,1
7190,3.135932683944702,0.03417153283953667,1,1
7191,3.012296199798584,0.08458632975816727,1,1
7192,2.6191163063049316,1.497757077217102,1,1
7193,3.036151647567749,0.005708377808332443,1,1
7194,3.0031702518463135,0.12268563359975815,1,1
7195,3.00946044921875,0.13405156135559082,1,1
7196,2.9208507537841797,0.48860856890678406,1,1
7197,3.3246991634368896,0.3983781039714813,1,1
7198,3.477890968322754,0.8600780367851257,1,1
7199,3.8486289978027344,0.47895631194114685,1,1
7200,3.5927107334136963,0.23795285820960999,1,1
7201,3.9137959480285645,0.0003047735372092575,1,1
7202,3.9787638187408447,0.09233422577381134,1,1
7203,2.904212474822998,0.19979332387447357,1,1
7204,2.2076733112335205,0.3711925446987152,1,1
7205,2.6036598682403564,0.20502939820289612,1,1
7206,3.6231770515441895,0.010359958745539188,1,1
7207,3.499626636505127,0.2186279296875,1,1
7208,3.3831963539123535,0.09187733381986618,1,1
7209,3.1823370456695557,0.10733815282583237,1,1
7210,3.0659549236297607,0.009566380642354488,1,1
7211,3.2763023376464844,0.37682288885116577,1,1
7212,3.3664753437042236,0.25274091958999634,1,1
7213,3.1402676105499268,0.026697177439928055,1,1
7214,2.853145122528076,0.3128109574317932,1,1
7215,3.318730354309082,0.008287047035992146,1,1
7216,3.258185386657715,0.03729389235377312,1,1
7217,3.7240562438964844,0.22190706431865692,1,1
7218,3.2416837215423584,0.010334434919059277,1,1
7219,3.8461709022521973,0.052545685321092606,1,1
7220,3.860105037689209,0.1476661115884781,1,1
7221,3.6927781105041504,0.3833436071872711,1,1
7222,3.632559299468994,0.0010050111450254917,1,1
7223,3.350411891937256,0.38464727997779846,1,1
7224,3.7039523124694824,0.2275799810886383,1,1
7225,3.5479695796966553,0.3129297196865082,1,1
7226,3.668513536453247,0.14430338144302368,1,1
7227,3.4716382026672363,0.10000000149011612,1,1
7228,3.4291977882385254,0.08063127845525742,1,1
7229,3.516083240509033,0.007695341017097235,1,1
7230,3.7755789756774902,0.2799862027168274,1,1
7231,3.491755485534668,0.004968458320945501,1,1
7232,3.366487741470337,0.028518496081233025,1,1
7233,3.3456408977508545,0.07892496138811111,1,1
7234,3.5772361755371094,0.409590482711792,1,1
7235,3.8469104766845703,0.019234200939536095,1,1
7236,3.4385249614715576,0.0008099341066554189,1,1
7237,3.634460210800171,0.000370668713003397,1,1
7238,3.727987766265869,0.16951297223567963,1,1
7239,3.0833442211151123,0.012729269452393055,1,1
7240,4.168997287750244,0.05758071690797806,1,1
7241,3.251744270324707,0.1422431915998459,1,1
7242,4.013235092163086,0.05823094770312309,1,1
7243,3.7195677757263184,0.0010963306995108724,1,1
7244,4.2898993492126465,0.0019374042749404907,1,1
7245,3.7594964504241943,0.00027232803404331207,1,1
7246,3.2217862606048584,0.03582150861620903,1,1
7247,3.6384313106536865,0.2882886528968811,1,1
7248,4.06281042098999,0.02420082688331604,1,1
7249,3.378741979598999,0.00950606632977724,1,1
7250,3.2351908683776855,0.08863606303930283,1,1
7251,3.045856475830078,0.13206617534160614,1,1
7252,3.798902988433838,0.19015507400035858,1,1
7253,3.6532657146453857,0.31962692737579346,1,1
7254,3.4626870155334473,0.05196329578757286,1,1
7255,3.3309149742126465,0.023276031017303467,1,1
7256,3.4768779277801514,0.3256126046180725,1,1
7257,3.33512544631958,0.3327440023422241,1,1
7258,3.258502244949341,0.006361885461956263,1,1
7259,3.322793960571289,0.011016370728611946,1,1
7260,3.497922897338867,0.05192810297012329,1,1
7261,3.0556368827819824,0.028871601447463036,1,1
7262,3.328876256942749,0.05689269304275513,1,1
7263,3.330671787261963,0.005935159511864185,1,1
7264,2.3089513778686523,0.0006228123093023896,1,1
7265,3.0857126712799072,0.07242234796285629,1,1
7266,3.5411694049835205,0.015965351834893227,1,1
7267,3.2973740100860596,0.6331287026405334,1,1
7268,3.5740857124328613,0.31525537371635437,1,1
7269,3.913881540298462,0.38540181517601013,1,1
7270,3.1382970809936523,0.17086657881736755,1,1
7271,3.4522788524627686,0.19671671092510223,1,1
7272,3.7834765911102295,0.153591126203537,1,1
7273,3.8232944011688232,0.010852891020476818,1,1
7274,4.164448261260986,0.018858620896935463,1,1
7275,3.56356143951416,0.11048468202352524,1,1
7276,3.5170834064483643,0.04263490438461304,1,1
7277,2.9932825565338135,0.3068484365940094,1,1
7278,2.6123738288879395,0.0009211734868586063,1,1
7279,3.4343791007995605,0.18992790579795837,1,1
7280,3.1609621047973633,0.045915842056274414,1,1
7281,3.5540401935577393,0.11246301978826523,1,1
7282,3.5654854774475098,7.043126970529556e-06,1,1
7283,3.789823293685913,0.020562661811709404,1,1
7284,3.954082489013672,0.29685959219932556,1,1
7285,3.7682688236236572,0.008617077022790909,1,1
7286,3.533857583999634,0.022406794130802155,1,1
7287,3.5875604152679443,0.08063127845525742,1,1
7288,3.4918720722198486,0.015630576759576797,1,1
7289,3.8233041763305664,0.004869639873504639,1,1
7290,3.574840784072876,0.0712892934679985,1,1
7291,3.503997325897217,0.0694868415594101,1,1
7292,3.565535306930542,0.02664044313132763,1,1
7293,3.5891685485839844,0.05416848883032799,1,1
7294,3.6565234661102295,0.02225968986749649,1,1
7295,3.0588841438293457,0.029312733560800552,1,1
7296,3.161633253097534,0.013777853921055794,1,1
7297,3.7571613788604736,0.03084912896156311,1,1
7298,3.5953140258789062,0.05217469856142998,1,1
7299,3.1997783184051514,0.45266562700271606,1,1
7300,3.149406671524048,0.7191032767295837,1,1
7301,3.337952136993408,0.20072615146636963,1,1
7302,3.505725383758545,0.054853446781635284,1,1
7303,3.180320978164673,0.06872575730085373,1,1
7304,3.0617899894714355,0.07417809963226318,1,1
7305,3.1245241165161133,0.0009674326865933836,1,1
7306,3.2497196197509766,0.004272305406630039,1,1
7307,3.52339243888855,0.3909936845302582,1,1
7308,3.3797693252563477,0.04243984818458557,1,1
7309,3.721966505050659,0.35821986198425293,1,1
7310,3.292036294937134,0.04222143813967705,1,1
7311,3.8066911697387695,0.15657822787761688,1,1
7312,3.6460540294647217,0.033989813178777695,1,1
7313,3.971583127975464,0.001517058932222426,1,1
7314,3.9277894496917725,0.021884053945541382,1,1
7315,3.331695795059204,0.0023422972299158573,1,1
7316,3.149014949798584,0.012873398140072823,1,1
7317,3.4509541988372803,0.004343245178461075,1,1
7318,3.377016305923462,0.05743260309100151,1,1
7319,3.2519307136535645,0.0026806467212736607,1,1
7320,3.23380446434021,0.029048968106508255,1,1
7321,3.4670345783233643,0.01673281379044056,1,1
7322,3.105207920074463,0.00021206970268394798,1,1
7323,3.7408106327056885,0.05837075784802437,1,1
7324,3.3132898807525635,0.04383888468146324,1,1
7325,3.3600008487701416,0.007503533270210028,1,1
7326,3.6374571323394775,0.0684124082326889,1,1
7327,3.339759588241577,0.01626919023692608,1,1
7328,3.6680245399475098,0.06249817833304405,1,1
7329,3.4846417903900146,0.17150543630123138,1,1
7330,3.369751214981079,0.3475115895271301,1,1
7331,3.62017560005188,0.12725697457790375,1,1
7332,3.2062861919403076,0.06814511120319366,1,1
7333,3.3429224491119385,0.04451636224985123,1,1
7334,3.4118521213531494,0.08767332881689072,1,1
7335,3.3708932399749756,0.04650500789284706,1,1
7336,3.4207513332366943,0.0002444162964820862,1,1
7337,3.499253749847412,0.00725648645311594,1,1
7338,3.114513635635376,0.11494263261556625,1,1
7339,3.172947883605957,0.003976109903305769,1,1
7340,2.8488049507141113,0.17584890127182007,1,1
7341,3.0454957485198975,6.789341711055386e-08,1,1
7342,3.1498405933380127,0.3392103612422943,1,1
7343,3.1367223262786865,0.4257179796695709,1,1
7344,3.785682201385498,0.021401353180408478,1,1
7345,3.6002399921417236,0.028316766023635864,1,1
7346,4.102137565612793,0.01873953454196453,1,1
7347,3.6502726078033447,0.007243338972330093,1,1
7348,3.3171472549438477,0.04759770259261131,1,1
7349,4.062743663787842,0.008167999796569347,1,1
7350,3.637993097305298,0.011075197719037533,1,1
7351,3.874239683151245,0.0028780177235603333,1,1
7352,3.4748246669769287,2.8480682885856368e-05,1,1
7353,4.337601184844971,0.00016722828149795532,1,1
7354,3.56290864944458,0.011338773183524609,1,1
7355,3.6945106983184814,0.016593290492892265,1,1
7356,3.9197311401367188,0.00672563910484314,1,1
7357,3.688586711883545,0.1471547931432724,1,1
7358,3.742149829864502,0.01430847030133009,1,1
7359,3.622274160385132,0.017446836456656456,1,1
7360,3.512106418609619,4.1185412555933e-05,1,1
7361,3.6766357421875,0.015337568707764149,1,1
7362,3.5627846717834473,0.054029323160648346,1,1
7363,3.5274243354797363,0.1252407431602478,1,1
7364,3.7888729572296143,0.04229682683944702,1,1
7365,3.8168351650238037,0.06816022843122482,1,1
7366,3.975667715072632,0.12710553407669067,1,1
7367,3.6542272567749023,0.0034643150866031647,1,1
7368,3.8480069637298584,0.005353868473321199,1,1
7369,3.723985195159912,0.0007864866638556123,1,1
7370,3.58891224861145,0.021866926923394203,1,1
7371,3.5060017108917236,0.09770014137029648,1,1
7372,3.7208118438720703,0.06248852610588074,1,1
7373,3.5687062740325928,0.003628671634942293,1,1
7374,3.736450672149658,0.015004748478531837,1,1
7375,3.5780630111694336,0.07715645432472229,1,1
7376,3.56268048286438,0.04113393649458885,1,1
7377,3.5966124534606934,0.14771060645580292,1,1
7378,3.593595266342163,0.031199289485812187,1,1
7379,3.7755343914031982,0.0033807591535151005,1,1
7380,2.7767133712768555,0.211556538939476,1,1
7381,2.7985973358154297,0.0007432536222040653,1,1
7382,2.5612668991088867,0.3138265311717987,1,1
7383,3.2627713680267334,0.09990847110748291,1,1
7384,2.9402711391448975,0.03055490367114544,1,1
7385,2.9734621047973633,0.006485639605671167,1,1
7386,3.078375816345215,0.0031763315200805664,1,1
7387,2.5472781658172607,0.03574119135737419,1,1
7388,3.254873037338257,0.04576294869184494,1,1
7389,3.3651201725006104,0.053304970264434814,1,1
7390,2.8982808589935303,0.03895195201039314,1,1
7391,3.187915563583374,0.05923192575573921,1,1
7392,3.0806474685668945,0.0007469416013918817,1,1
7393,3.018357753753662,0.005049050785601139,1,1
7394,3.1861252784729004,2.1636858946294524e-05,1,1
7395,2.8990542888641357,0.03289216011762619,1,1
7396,2.992386817932129,0.01754896156489849,1,1
7397,2.898164987564087,0.05993863567709923,1,1
7398,2.859912157058716,0.00015884973981883377,1,1
7399,2.872521162033081,0.06370054930448532,1,1
7400,3.3175766468048096,0.01906326599419117,1,1
7401,3.0957753658294678,0.592178463935852,1,1
7402,3.02729868888855,0.017846809700131416,1,1
7403,2.998203992843628,0.3456934988498688,1,1
7404,2.7507083415985107,0.10580704361200333,1,1
7405,3.5342397689819336,0.3518372178077698,1,1
7406,3.476776361465454,0.0041074007749557495,1,1
7407,3.324153184890747,0.005474583245813847,1,1
7408,3.1657562255859375,0.024468794465065002,1,1
7409,3.5925190448760986,0.001006235252134502,1,1
7410,3.3396201133728027,0.03736847639083862,1,1
7411,3.637458324432373,0.0006624394445680082,1,1
7412,3.2180027961730957,0.0007827022345736623,1,1
7413,3.581638813018799,0.0033830038737505674,1,1
7414,2.257646322250366,0.0007644505240023136,1,1
7415,2.34432315826416,0.14055214822292328,1,1
7416,3.4091761112213135,0.02160513401031494,1,1
7417,3.408932685852051,0.0004930981667712331,1,1
7418,3.2254600524902344,0.0772315263748169,1,1
7419,3.4111886024475098,0.20684246718883514,1,1
7420,2.9178109169006348,0.010484093800187111,1,1
7421,3.5232250690460205,0.5276336073875427,1,1
7422,3.2033586502075195,0.0012130365939810872,1,1
7423,3.335399627685547,0.05685126781463623,1,1
7424,3.127455234527588,0.09644933044910431,1,1
7425,3.4906835556030273,0.01086495816707611,1,1
7426,3.227105140686035,0.09217008203268051,1,1
7427,3.292893409729004,0.4143848419189453,1,1
7428,3.5575575828552246,0.1923835426568985,1,1
7429,3.5470056533813477,0.005878789816051722,1,1
7430,3.5145070552825928,0.00017301822663284838,1,1
7431,3.6253440380096436,3.8266276533249766e-05,1,1
7432,3.3698840141296387,0.03797159343957901,1,1
7433,3.429872989654541,0.5963296294212341,1,1
7434,3.8142690658569336,0.09012480080127716,1,1
7435,4.349776744842529,0.0949268713593483,1,1
7436,2.716417074203491,0.07298440486192703,1,1
7437,3.176004648208618,0.06161828711628914,1,1
7438,3.7133889198303223,0.0017412916058674455,1,1
7439,3.6069273948669434,0.003570771310478449,1,1
7440,3.159327983856201,0.08604079484939575,1,1
7441,3.3574893474578857,0.03826174512505531,1,1
7442,3.3350460529327393,0.004108638036996126,1,1
7443,3.272470474243164,0.15825529396533966,1,1
7444,3.2656214237213135,0.01007899735122919,1,1
7445,3.1772913932800293,0.020879389718174934,1,1
7446,3.299616813659668,0.008150565437972546,1,1
7447,2.7552950382232666,0.010106143541634083,1,1
7448,3.354013442993164,0.7050315141677856,1,1
7449,3.2503511905670166,0.0032474310137331486,1,1
7450,2.9749910831451416,0.0016047433018684387,1,1
7451,3.615424156188965,0.06968031078577042,1,1
7452,3.3346211910247803,0.18225164711475372,1,1
7453,3.2790169715881348,0.6700811386108398,1,1
7454,3.675706148147583,0.043110478669404984,1,1
7455,3.5723025798797607,0.0039919475093483925,1,1
7456,3.376838445663452,0.007314145565032959,1,1
7457,3.465240955352783,0.32560157775878906,1,1
7458,3.3218064308166504,0.055980242788791656,1,1
7459,3.636370897293091,0.19185902178287506,1,1
7460,3.4001340866088867,0.007812611758708954,1,1
7461,2.8471760749816895,0.20603568851947784,1,1
7462,2.7143146991729736,0.10914790630340576,1,1
7463,3.9525320529937744,0.033440496772527695,1,1
7464,3.4812192916870117,0.03153771162033081,1,1
7465,3.3684439659118652,0.0018658653134480119,1,1
7466,3.3846213817596436,0.00010622888657962903,1,1
7467,3.930577039718628,0.15320558845996857,1,1
7468,2.1396632194519043,0.16955269873142242,1,1
7469,2.926213264465332,0.12340330332517624,1,1
7470,3.3801674842834473,0.01744428649544716,1,1
7471,3.3539199829101562,0.022476186975836754,1,1
7472,3.086081027984619,0.004249627236276865,1,1
7473,3.457042932510376,0.03247344121336937,1,1
7474,3.4642386436462402,0.00014762218052055687,1,1
7475,3.6581690311431885,0.2044966220855713,1,1
7476,3.6954867839813232,0.32609736919403076,1,1
7477,3.4127867221832275,0.06504229456186295,1,1
7478,3.277996778488159,0.05522474646568298,1,1
7479,3.2840371131896973,0.03485279530286789,1,1
7480,3.48287034034729,0.002636857330799103,1,1
7481,3.553715467453003,0.0830218642950058,1,1
7482,3.2169525623321533,0.9886350035667419,1,1
7483,3.39019775390625,0.6029806137084961,1,1
7484,3.652505397796631,0.7400398850440979,1,1
7485,3.8438527584075928,0.31986701488494873,1,1
7486,3.0446839332580566,0.2435401976108551,1,1
7487,3.7145185470581055,0.41843271255493164,1,1
7488,3.389643669128418,0.05535181984305382,1,1
7489,3.512383222579956,0.00039636800647713244,1,1
7490,3.560722589492798,0.03724917769432068,1,1
7491,4.022415637969971,0.2400854080915451,1,1
7492,3.6082046031951904,0.15622711181640625,1,1
7493,3.3227033615112305,0.12442242354154587,1,1
7494,3.2828898429870605,0.0014759936602786183,1,1
7495,3.5550336837768555,0.13304997980594635,1,1
7496,4.131934642791748,0.1470881551504135,1,1
7497,3.797633171081543,0.0012646638788282871,1,1
7498,2.26693058013916,0.12672047317028046,1,1
7499,3.4877278804779053,0.6342964172363281,1,1
7500,4.051382541656494,0.1643870323896408,1,1
7501,3.301438331604004,0.7545222043991089,1,1
7502,3.496082305908203,0.010242422111332417,1,1
7503,3.4897422790527344,0.00020926828437950462,1,1
7504,3.2003767490386963,0.04836716875433922,1,1
7505,3.3885202407836914,0.12824346125125885,1,1
7506,3.486708164215088,0.4704720973968506,1,1
7507,3.0749666690826416,0.021404176950454712,1,1
7508,3.623664617538452,0.01465220469981432,1,1
7509,3.934138774871826,3.922740143025294e-05,1,1
7510,3.5922298431396484,0.025266209617257118,1,1
7511,3.3254101276397705,0.03693321719765663,1,1
7512,3.571730375289917,0.13295142352581024,1,1
7513,4.1069183349609375,0.18505564332008362,1,1
7514,3.6521716117858887,0.028698045760393143,1,1
7515,3.8831570148468018,0.00518156960606575,1,1
7516,4.168190956115723,0.017702708020806313,1,1
7517,3.3532752990722656,0.016625627875328064,1,1
7518,3.912855625152588,0.04120834544301033,1,1
7519,4.082221508026123,0.07365859299898148,1,1
7520,4.225899696350098,0.21429072320461273,1,1
7521,3.8066184520721436,0.027485011145472527,1,1
7522,3.618457555770874,0.19279858469963074,1,1
7523,3.829303026199341,0.4856584072113037,1,1
7524,2.7995617389678955,0.48599472641944885,1,1
7525,3.350754499435425,0.08083419501781464,1,1
7526,3.561716318130493,0.39393189549446106,1,1
7527,3.436685800552368,0.3205879032611847,1,1
7528,3.342686891555786,0.15361382067203522,1,1
7529,3.1249945163726807,0.020651323720812798,1,1
7530,3.362233877182007,0.004674980882555246,1,1
7531,2.2982327938079834,0.32759806513786316,1,1
7532,2.3593835830688477,0.2679148018360138,1,1
7533,3.3650715351104736,0.2319188416004181,1,1
7534,3.5424349308013916,0.3208392858505249,1,1
7535,3.6701440811157227,0.0014508896274492145,1,1
7536,3.5613958835601807,0.14812631905078888,1,1
7537,3.308034658432007,0.15233802795410156,1,1
7538,3.144171714782715,0.027715880423784256,1,1
7539,3.2771661281585693,0.00866731721907854,1,1
7540,3.6313066482543945,0.1852300465106964,1,1
7541,3.17694091796875,0.02892409823834896,1,1
7542,3.769986391067505,0.021125538274645805,1,1
7543,3.593506097793579,0.101132333278656,1,1
7544,3.3080639839172363,0.31204497814178467,1,1
7545,3.817293405532837,0.1642305552959442,1,1
7546,3.18278431892395,0.0006098748417571187,1,1
7547,3.4092648029327393,0.003378514898940921,1,1
7548,3.1252384185791016,0.33390292525291443,1,1
7549,3.7264397144317627,0.0014693274861201644,1,1
7550,3.3413522243499756,0.03298673778772354,1,1
7551,3.50905179977417,0.0027409405447542667,1,1
7552,3.746138095855713,0.00484139658510685,1,1
7553,3.820460557937622,0.020662417635321617,1,1
7554,3.5605974197387695,0.0014071137411519885,1,1
7555,3.356595516204834,0.004423751030117273,1,1
7556,3.5352301597595215,0.19961218535900116,1,1
7557,3.5649960041046143,0.4076904356479645,1,1
7558,3.326613664627075,0.20365087687969208,1,1
7559,3.3538196086883545,1.635039188840892e-05,1,1
7560,3.2982776165008545,0.004223245661705732,1,1
7561,3.050853967666626,0.0015028089983388782,1,1
7562,3.003474712371826,0.13783739507198334,1,1
7563,3.3811612129211426,0.015560674481093884,1,1
7564,3.440831184387207,0.0037494138814508915,1,1
7565,3.4851841926574707,0.05456451699137688,1,1
7566,3.282158136367798,0.04936125874519348,1,1
7567,3.0689823627471924,0.12938646972179413,1,1
7568,3.1900720596313477,0.05310907959938049,1,1
7569,2.814393997192383,0.23552058637142181,1,1
7570,3.3614799976348877,0.0591239333152771,1,1
7571,3.532689094543457,3.0152592444210313e-05,1,1
7572,3.0222487449645996,0.026549160480499268,1,1
7573,3.3456077575683594,0.08851543813943863,1,1
7574,3.966313123703003,0.07756444066762924,1,1
7575,3.36828875541687,0.00355694442987442,1,1
7576,3.3598804473876953,0.0985587015748024,1,1
7577,3.235398054122925,0.027433836832642555,1,1
7578,3.6348037719726562,0.32325994968414307,1,1
7579,3.421290636062622,0.11724432557821274,1,1
7580,3.013002872467041,0.10361485928297043,1,1
7581,3.2649009227752686,0.033211469650268555,1,1
7582,3.7883009910583496,0.043142542243003845,1,1
7583,3.077232599258423,0.056961771100759506,1,1
7584,3.488308906555176,0.257488489151001,1,1
7585,3.288810968399048,0.023937320336699486,1,1
7586,3.4777166843414307,0.2626362144947052,1,1
7587,3.6898512840270996,0.18342357873916626,1,1
7588,3.703653335571289,0.016560984775424004,1,1
7589,2.7879550457000732,0.7763726115226746,1,1
7590,2.9783716201782227,0.0015862405998632312,1,1
7591,3.5120201110839844,0.17609180510044098,1,1
7592,3.0748636722564697,0.01993373967707157,1,1
7593,3.17615008354187,0.047521937638521194,1,1
7594,3.3437979221343994,0.05397550016641617,1,1
7595,3.625746250152588,0.18802328407764435,1,1
7596,3.6056580543518066,3.743507113540545e-05,1,1
7597,3.2274866104125977,0.028711125254631042,1,1
7598,3.3696703910827637,0.12649385631084442,1,1
7599,3.675365686416626,0.7497181296348572,1,1
7600,3.4837169647216797,0.4650072157382965,1,1
7601,3.2609212398529053,0.307918518781662,1,1
7602,2.982428789138794,0.16965602338314056,1,1
7603,3.466513156890869,0.03445756062865257,1,1
7604,3.2932233810424805,0.001566316932439804,1,1
7605,2.728670597076416,0.0032595412340015173,1,1
7606,2.615870475769043,0.10122442245483398,1,1
7607,2.778676986694336,0.14064621925354004,1,1
7608,3.1963045597076416,0.6803264617919922,1,1
7609,3.836911201477051,0.016526229679584503,1,1
7610,3.6113085746765137,0.32585495710372925,1,1
7611,3.827381134033203,0.12301712483167648,1,1
7612,3.2740910053253174,0.0025076530873775482,1,1
7613,3.828488349914551,0.5082982778549194,1,1
7614,3.1134233474731445,0.10590123385190964,1,1
7615,3.2711071968078613,0.17145748436450958,1,1
7616,2.8299076557159424,0.24281680583953857,1,1
7617,3.0153110027313232,0.5584377646446228,1,1
7618,3.3521673679351807,0.08922892063856125,1,1
7619,3.5239436626434326,0.0020285032223910093,1,1
7620,3.9433555603027344,0.12334227561950684,1,1
7621,4.0426344871521,0.03285016492009163,1,1
7622,3.6115472316741943,0.0072252810932695866,1,1
7623,3.4804396629333496,0.02492985874414444,1,1
7624,4.021718978881836,0.08442922681570053,1,1
7625,3.097735643386841,0.0185024943202734,1,1
7626,3.116029739379883,0.057664114981889725,1,1
7627,3.0775041580200195,0.06789844483137131,1,1
7628,3.1716625690460205,0.11010649055242538,1,1
7629,3.3937737941741943,0.15305453538894653,1,1
7630,3.4980292320251465,0.789248526096344,1,1
7631,3.189246654510498,0.19735071063041687,1,1
7632,3.285573720932007,0.48913487792015076,1,1
7633,3.266026496887207,0.09000316262245178,1,1
7634,3.364781618118286,0.0007280722493305802,1,1
7635,3.6153311729431152,0.18410204350948334,1,1
7636,3.398709297180176,0.00018280009680893272,1,1
7637,3.809260368347168,0.012197079136967659,1,1
7638,3.8707172870635986,0.011799627915024757,1,1
7639,3.1722700595855713,0.0719815120100975,1,1
7640,3.3296029567718506,0.3807429075241089,1,1
7641,2.94551157951355,0.4073454439640045,1,1
7642,3.0400688648223877,0.23448200523853302,1,1
7643,3.3908352851867676,0.05336291715502739,1,1
7644,3.7228574752807617,0.05707238242030144,1,1
7645,3.2874927520751953,0.19181674718856812,1,1
7646,3.4493508338928223,0.024662403389811516,1,1
7647,3.4189770221710205,0.06645772606134415,1,1
7648,3.965219736099243,0.000862390676047653,1,1
7649,3.106689691543579,0.2253297120332718,1,1
7650,3.368516683578491,0.03778752312064171,1,1
7651,3.565028429031372,0.46038585901260376,1,1
7652,3.2395763397216797,0.05461863428354263,1,1
7653,2.8892605304718018,0.09732646495103836,1,1
7654,3.7512521743774414,0.08833178132772446,1,1
7655,3.6669232845306396,0.06172853335738182,1,1
7656,4.271600723266602,0.0051482790149748325,1,1
7657,3.78149676322937,0.23129649460315704,1,1
7658,3.2433886528015137,0.0019689654000103474,1,1
7659,3.636291027069092,0.01629381813108921,1,1
7660,3.4206740856170654,0.00590100884437561,1,1
7661,3.5405924320220947,0.00035159746767021716,1,1
7662,3.9654524326324463,0.07484721392393112,1,1
7663,3.9806528091430664,0.12104834616184235,1,1
7664,3.5138003826141357,0.119035504758358,1,1
7665,3.2456681728363037,0.15812478959560394,1,1
7666,3.746584892272949,0.025076353922486305,1,1
7667,3.2553069591522217,0.08686936646699905,1,1
7668,3.740504264831543,0.007451793644577265,1,1
7669,3.3617119789123535,0.005752209573984146,1,1
7670,3.624849796295166,0.061049461364746094,1,1
7671,3.090358018875122,0.25034987926483154,1,1
7672,3.783585786819458,0.20341578125953674,1,1
7673,3.6207642555236816,0.17121779918670654,1,1
7674,3.8647313117980957,0.028459856286644936,1,1
7675,3.448106288909912,0.04337135702371597,1,1
7676,3.6938860416412354,0.05140165239572525,1,1
7677,3.859262228012085,0.09788725525140762,1,1
7678,4.0601983070373535,0.028806045651435852,1,1
7679,3.978665351867676,0.19826923310756683,1,1
7680,3.6111743450164795,0.005294717848300934,1,1
7681,4.403317928314209,0.4717969000339508,1,1
7682,4.3151774406433105,0.2520912289619446,1,1
7683,3.251072883605957,0.02618560753762722,1,1
7684,3.456449270248413,0.013011731207370758,1,1
7685,3.6406264305114746,0.005198255181312561,1,1
7686,3.0717856884002686,0.15869325399398804,1,1
7687,3.808192253112793,4.57652859040536e-05,1,1
7688,3.085421562194824,0.005609646439552307,1,1
7689,3.91359806060791,0.05803549289703369,1,1
7690,3.9409847259521484,0.0040826983749866486,1,1
7691,3.9944238662719727,0.0039070406928658485,1,1
7692,3.294231414794922,0.0057873958721756935,1,1
7693,4.276615619659424,0.17132963240146637,1,1
7694,3.991237163543701,0.021449381485581398,1,1
7695,3.5128605365753174,0.04926268383860588,1,1
7696,3.2185873985290527,0.3320651948451996,1,1
7697,3.9628686904907227,0.5225008130073547,1,1
7698,3.831395387649536,0.08382462710142136,1,1
7699,3.498262405395508,0.0009288046858273447,1,1
7700,3.2310996055603027,0.019303860142827034,1,1
7701,3.6490590572357178,0.003450696123763919,1,1
7702,3.2023000717163086,0.020559892058372498,1,1
7703,3.712920665740967,0.09171359241008759,1,1
7704,4.175200462341309,0.28139734268188477,1,1
7705,3.7858614921569824,0.022508028894662857,1,1
7706,3.823758125305176,0.0010209829779341817,1,1
7707,3.6053614616394043,0.004191946238279343,1,1
7708,3.7256176471710205,0.15729698538780212,1,1
7709,3.2123284339904785,0.0016047433018684387,1,1
7710,3.2083663940429688,0.0040826983749866486,1,1
7711,3.3879616260528564,0.06019880995154381,1,1
7712,3.3732810020446777,0.014407917857170105,1,1
7713,2.8459889888763428,0.03259877488017082,1,1
7714,3.4234843254089355,0.010277613066136837,1,1
7715,3.5439021587371826,0.05061700940132141,1,1
7716,3.0536911487579346,0.0075755976140499115,1,1
7717,3.3223509788513184,0.10379510372877121,1,1
7718,3.307098865509033,0.0051760138012468815,1,1
7719,4.006049633026123,0.4662056863307953,1,1
7720,3.3073887825012207,0.03476276993751526,1,1
7721,3.6335859298706055,0.0179604422301054,1,1
7722,3.221372127532959,0.11935535818338394,1,1
7723,3.240760087966919,0.029850510880351067,1,1
7724,3.4947714805603027,1.3732910701946821e-05,1,1
7725,3.379578113555908,0.0017132163047790527,1,1
7726,3.2291066646575928,0.31045132875442505,1,1
7727,3.349726438522339,0.05026588588953018,1,1
7728,3.373680591583252,0.030507687479257584,1,1
7729,3.753972291946411,0.13852618634700775,1,1
7730,3.7766544818878174,0.00950606632977724,1,1
7731,3.7229347229003906,0.0022792078088968992,1,1
7732,3.8529815673828125,0.22877855598926544,1,1
7733,4.339995384216309,0.12764284014701843,1,1
7734,3.7557413578033447,0.49029645323753357,1,1
7735,4.102329254150391,0.1279878467321396,1,1
7736,3.1760735511779785,0.026351405307650566,1,1
7737,3.3393940925598145,0.1290118396282196,1,1
7738,3.6210134029388428,0.12439519166946411,1,1
7739,3.1855530738830566,0.021681800484657288,1,1
7740,3.5852887630462646,0.015249254181981087,1,1
7741,3.762446165084839,0.06008994206786156,1,1
7742,3.9605014324188232,0.3673572242259979,1,1
7743,3.829791784286499,0.4429401457309723,1,1
7744,3.417309522628784,0.00016998509818222374,1,1
7745,3.47066068649292,0.025595545768737793,1,1
7746,3.4153048992156982,0.003931206651031971,1,1
7747,3.414297580718994,0.038670577108860016,1,1
7748,3.5294349193573,4.57652859040536e-05,1,1
7749,3.420313596725464,0.018723687157034874,1,1
7750,3.408449411392212,0.0837966799736023,1,1
7751,3.1795544624328613,0.008846121840178967,1,1
7752,3.4451520442962646,0.019662166014313698,1,1
7753,4.251967430114746,0.010482117533683777,1,1
7754,3.726855516433716,0.19487199187278748,1,1
7755,3.264157295227051,0.005366586148738861,1,1
7756,3.798463821411133,0.006306584924459457,1,1
7757,3.7350575923919678,0.08006776124238968,1,1
7758,3.9114432334899902,0.1575113981962204,1,1
7759,3.8858625888824463,0.02660265378654003,1,1
7760,3.8134284019470215,1.9621196770458482e-05,1,1
7761,3.6782877445220947,0.060450054705142975,1,1
7762,3.7696402072906494,0.03844696283340454,1,1
7763,3.593437433242798,0.15254150331020355,1,1
7764,4.142266750335693,0.045203134417533875,1,1
7765,3.9202656745910645,0.24881672859191895,1,1
7766,3.8273532390594482,0.0039858524687588215,1,1
7767,3.5979866981506348,0.13123980164527893,1,1
7768,3.7431070804595947,0.0012660369975492358,1,1
7769,3.5664427280426025,0.03183317929506302,1,1
7770,3.709012031555176,0.10859385877847672,1,1
7771,3.7179625034332275,0.056731678545475006,1,1
7772,3.662198066711426,0.09545686095952988,1,1
7773,3.8933606147766113,0.041098710149526596,1,1
7774,3.950021505355835,0.012724913656711578,1,1
7775,3.450063705444336,4.922310108668171e-05,1,1
7776,3.6737077236175537,0.0010829512029886246,1,1
7777,3.593357801437378,0.13635095953941345,1,1
7778,3.7739644050598145,0.03161659836769104,1,1
7779,3.7605934143066406,0.18721234798431396,1,1
7780,2.989664316177368,0.0772637128829956,1,1
7781,3.073542356491089,0.072074756026268,1,1
7782,3.1750082969665527,0.06800410151481628,1,1
7783,3.937408208847046,0.012258973903954029,1,1
7784,3.637899398803711,0.17844843864440918,1,1
7785,3.707446813583374,0.16120970249176025,1,1
7786,3.3123385906219482,0.6198531985282898,1,1
7787,3.751650094985962,0.07598680257797241,1,1
7788,3.401916265487671,0.05123550444841385,1,1
7789,3.312434434890747,0.07033398002386093,1,1
7790,3.012718439102173,0.06397363543510437,1,1
7791,3.4824323654174805,0.0951470211148262,1,1
7792,3.3290727138519287,0.3356003165245056,1,1
7793,3.3349685668945312,0.023146647959947586,1,1
7794,2.7508294582366943,0.008485003374516964,1,1
7795,3.405533790588379,0.11173279583454132,1,1
7796,3.5233590602874756,0.09866779297590256,1,1
7797,3.5367512702941895,0.22383879125118256,1,1
7798,3.353606939315796,0.2840348184108734,1,1
7799,3.5449318885803223,0.009318814612925053,1,1
7800,4.1038312911987305,0.18891985714435577,1,1
7801,3.880784273147583,0.08626740425825119,1,1
7802,3.865675449371338,0.0029467628337442875,1,1
7803,3.445847511291504,0.005635697394609451,1,1
7804,3.348924160003662,0.2899179756641388,1,1
7805,3.726085662841797,0.26438990235328674,1,1
7806,3.3938207626342773,0.13304997980594635,1,1
7807,4.011250972747803,0.15814781188964844,1,1
7808,3.890305995941162,0.01836099475622177,1,1
7809,3.380568027496338,0.07638636231422424,1,1
7810,3.5955867767333984,8.003124821698293e-05,1,1
7811,3.6639230251312256,0.0005585701437667012,1,1
7812,3.4889793395996094,0.0019749649800360203,1,1
7813,3.423088550567627,0.03233446925878525,1,1
7814,3.6014835834503174,0.00021206970268394798,1,1
7815,3.5304386615753174,0.00012945766502525657,1,1
7816,3.7153067588806152,0.11234654486179352,1,1
7817,3.6170125007629395,0.009932269342243671,1,1
7818,3.275408983230591,0.06420817971229553,1,1
7819,3.2135438919067383,0.04729500412940979,1,1
7820,3.2318973541259766,0.14933961629867554,1,1
7821,3.417903423309326,0.1643400639295578,1,1
7822,3.606931686401367,0.160234734416008,1,1
7823,3.711418867111206,0.0017412916058674455,1,1
7824,3.679791212081909,0.005163523834198713,1,1
7825,3.2388739585876465,0.2089545726776123,1,1
7826,3.036632776260376,0.0012123644119128585,1,1
7827,2.8156039714813232,0.306356817483902,1,1
7828,3.3781700134277344,0.08465369790792465,1,1
7829,2.963792562484741,0.01708165369927883,1,1
7830,3.35678768157959,0.27594634890556335,1,1
7831,3.7677996158599854,0.4101341664791107,1,1
7832,3.533066511154175,0.004067912697792053,1,1
7833,3.3383753299713135,0.013633240945637226,1,1
7834,3.7203757762908936,0.05629120394587517,1,1
7835,3.742814302444458,0.05137540027499199,1,1
7836,3.8297626972198486,0.12310514599084854,1,1
7837,3.878166675567627,0.04225714132189751,1,1
7838,3.943248987197876,0.028466368094086647,1,1
7839,3.875699758529663,0.025339892134070396,1,1
7840,3.8340084552764893,0.05466374754905701,1,1
7841,2.96760630607605,0.05510687828063965,1,1
7842,3.105818033218384,0.17200937867164612,1,1
7843,3.6974358558654785,0.025685174390673637,1,1
7844,3.5438590049743652,0.05300682783126831,1,1
7845,3.885300636291504,0.1727065145969391,1,1
7846,3.67441463470459,0.001198292593471706,1,1
7847,3.4651927947998047,0.08228939026594162,1,1
7848,4.197014331817627,0.006221042014658451,1,1
7849,3.972834825515747,0.46624523401260376,1,1
7850,3.9591119289398193,0.06628865748643875,1,1
7851,3.452366352081299,0.0018277112394571304,1,1
7852,3.4947214126586914,0.15141284465789795,1,1
7853,3.943936824798584,0.029883867129683495,1,1
7854,3.5122978687286377,0.1208939477801323,1,1
7855,3.990724802017212,0.012650995515286922,1,1
7856,3.8216798305511475,0.0015510768862441182,1,1
7857,3.7298929691314697,0.0005355481407605112,1,1
7858,4.079960823059082,0.08645458519458771,1,1
7859,4.181164264678955,0.00028652287437580526,1,1
7860,3.3455493450164795,0.0339115709066391,1,1
7861,3.8130924701690674,0.020559892058372498,1,1
7862,4.085007667541504,0.041083063930273056,1,1
7863,3.41474986076355,0.5493879318237305,1,1
7864,3.7692923545837402,0.01369867380708456,1,1
7865,3.779026508331299,0.18632815778255463,1,1
7866,2.6974618434906006,0.14699934422969818,1,1
7867,3.4708168506622314,0.002002508146688342,1,1
7868,3.4932150840759277,0.02237502485513687,1,1
7869,4.010769844055176,0.40513110160827637,1,1
7870,3.812598943710327,0.0031915789004415274,1,1
7871,2.937633752822876,0.003118940396234393,1,1
7872,2.775400161743164,0.021750062704086304,1,1
7873,2.21563982963562,0.22246204316616058,1,1
7874,2.4262523651123047,0.0006132159614935517,1,1
7875,2.6824591159820557,0.00518156960606575,1,1
7876,3.0712122917175293,0.08059840649366379,1,1
7877,3.2892069816589355,0.014976389706134796,1,1
7878,3.3192951679229736,0.019936464726924896,1,1
7879,3.67006516456604,0.034809570759534836,1,1
7880,3.5495171546936035,0.028154605999588966,1,1
7881,3.1640636920928955,0.024480873718857765,1,1
7882,3.5144543647766113,0.005166298244148493,1,1
7883,3.536973714828491,0.10110779106616974,1,1
7884,3.6353843212127686,0.0030877594836056232,1,1
7885,2.927565336227417,0.06413483619689941,1,1
7886,3.2462146282196045,0.0499720573425293,1,1
7887,3.3380587100982666,0.03261968865990639,1,1
7888,3.549455165863037,0.0017292313277721405,1,1
7889,3.5081400871276855,0.02835250459611416,1,1
7890,3.661261796951294,0.0023610168136656284,1,1
7891,3.514220714569092,0.013795983977615833,1,1
7892,3.523972272872925,0.21716836094856262,1,1
7893,3.873281717300415,0.2188265174627304,1,1
7894,3.2256953716278076,0.18577037751674652,1,1
7895,3.0130226612091064,0.4022369980812073,1,1
7896,3.1669223308563232,0.010168328881263733,1,1
7897,3.021364688873291,0.1387561410665512,1,1
7898,3.2701385021209717,0.013889088295400143,1,1
7899,3.272021532058716,0.046292975544929504,1,1
7900,3.228209972381592,0.04158533737063408,1,1
7901,3.049060821533203,0.06447254866361618,1,1
7902,3.2545242309570312,0.5715817809104919,1,1
7903,3.4206244945526123,0.36470648646354675,1,1
7904,2.8770132064819336,0.2995895445346832,1,1
7905,3.227247714996338,0.2482009381055832,1,1
7906,3.3827438354492188,0.03764883056282997,1,1
7907,3.323572874069214,0.0863354504108429,1,1
7908,3.349936008453369,0.005071017891168594,1,1
7909,2.494464874267578,0.4107648432254791,1,1
7910,2.703714370727539,0.9185701608657837,1,1
7911,3.6194870471954346,0.3345947563648224,1,1
7912,3.989922523498535,0.6361885666847229,1,1
7913,3.4684929847717285,0.11388500779867172,1,1
7914,2.2003443241119385,0.23640190064907074,1,1
7915,2.5410473346710205,0.1395769715309143,1,1
7916,3.865952968597412,0.02136748470366001,1,1
7917,3.5674502849578857,0.056805260479450226,1,1
7918,2.370103597640991,0.11379384249448776,1,1
7919,3.2396605014801025,0.011557675898075104,1,1
7920,3.140498638153076,3.2749867386883125e-05,1,1
7921,3.582141637802124,0.10678870975971222,1,1
7922,3.4318230152130127,0.4585542380809784,1,1
7923,3.633589506149292,0.19660544395446777,1,1
7924,3.761725902557373,0.11590657383203506,1,1
7925,3.291349411010742,0.6630373597145081,1,1
7926,3.0908565521240234,0.17301145195960999,1,1
7927,3.146470785140991,0.33007732033729553,1,1
7928,3.2184715270996094,0.08206254243850708,1,1
7929,3.232062578201294,0.06175730377435684,1,1
7930,3.4957854747772217,0.09692945331335068,1,1
7931,3.075814723968506,0.36855143308639526,1,1
7932,3.3217544555664062,0.048503097146749496,1,1
7933,3.658327102661133,0.016697878018021584,1,1
7934,3.749410629272461,0.008431750349700451,1,1
7935,3.3526875972747803,0.045219551771879196,1,1
7936,3.3167724609375,0.02777053229510784,1,1
7937,3.5143532752990723,4.868293399340473e-05,1,1
7938,3.201843738555908,0.12206446379423141,1,1
7939,3.2482893466949463,0.2035115510225296,1,1
7940,3.2494587898254395,0.43563565611839294,1,1
7941,3.477821111679077,0.4573264718055725,1,1
7942,3.4427175521850586,0.6111010909080505,1,1
7943,3.250727891921997,0.34034666419029236,1,1
7944,3.2957537174224854,0.1823505461215973,1,1
7945,3.42976975440979,0.12730516493320465,1,1
7946,3.6171956062316895,0.04701000452041626,1,1
7947,3.699845314025879,0.5883378386497498,1,1
7948,4.385476112365723,0.28777071833610535,1,1
7949,4.655040740966797,0.00014528642350342125,1,1
7950,4.242159366607666,0.22223451733589172,1,1
7951,4.7715888023376465,0.029365628957748413,1,1
7952,3.4513909816741943,0.011262857355177402,1,1
7953,3.0603959560394287,0.03425721451640129,1,1
7954,3.8700737953186035,0.011972174048423767,1,1
7955,3.7318711280822754,0.014839706011116505,1,1
7956,3.767727851867676,0.00011536935198819265,1,1
7957,4.162701606750488,0.04566803202033043,1,1
7958,4.086305141448975,0.0002829403674695641,1,1
7959,3.955430507659912,0.07066196203231812,1,1
7960,4.182427883148193,0.01023851614445448,1,1
7961,3.2620997428894043,0.040172725915908813,1,1
7962,3.2439911365509033,7.460126653313637e-05,1,1
7963,3.096364736557007,0.030622417107224464,1,1
7964,4.35518217086792,0.0002009757881751284,1,1
7965,3.614171028137207,5.812384529235715e-07,1,1
7966,3.7461702823638916,0.06826608628034592,1,1
7967,3.8059093952178955,0.05971202999353409,1,1
7968,4.223104953765869,0.14995934069156647,1,1
7969,4.122186183929443,0.030561650171875954,1,1
7970,4.044498443603516,0.18448318541049957,1,1
7971,4.0994977951049805,0.03492489829659462,1,1
7972,4.994301795959473,0.0033796371426433325,1,1
7973,3.6714274883270264,0.055011775344610214,1,1
7974,3.0560524463653564,0.2382165491580963,1,1
7975,2.87221622467041,0.00015187347889877856,1,1
7976,3.2837960720062256,0.008739341981709003,1,1
7977,3.2044785022735596,0.007455126382410526,1,1
7978,3.036043405532837,0.01852613128721714,1,1
7979,2.9161813259124756,0.03633476048707962,1,1
7980,3.3687195777893066,0.47820860147476196,1,1
7981,2.5663928985595703,0.0001325503981206566,1,1
7982,3.628488779067993,0.06684140861034393,1,1
7983,3.300091505050659,0.293253093957901,1,1
7984,3.2865395545959473,0.040366385132074356,1,1
7985,3.1969950199127197,0.012729269452393055,1,1
7986,3.046358346939087,0.133797287940979,1,1
7987,2.799013376235962,0.007418508175760508,1,1
7988,3.069506883621216,0.02523246966302395,1,1
7989,2.809678792953491,0.020138641819357872,1,1
7990,2.8026654720306396,0.17575179040431976,1,1
7991,3.6216354370117188,0.0010105256224051118,1,1
7992,2.6356446743011475,0.0009477231651544571,1,1
7993,2.9553651809692383,0.0005395756452344358,1,1
7994,2.868335247039795,0.0202703308314085,1,1
7995,2.991961717605591,0.029375553131103516,1,1
7996,3.6212520599365234,0.05991973355412483,1,1
7997,3.7441680431365967,0.12330161780118942,1,1
7998,3.073843240737915,0.30307528376579285,1,1
7999,3.4753057956695557,0.01371449138969183,1,1
8000,3.281128406524658,0.04542500153183937,1,1
8001,3.703106641769409,0.019621592015028,1,1
8002,3.35269832611084,0.0016389436786994338,1,1
8003,3.7833759784698486,3.952160568587715e-06,1,1
8004,3.2831389904022217,0.021613646298646927,1,1
8005,3.444614887237549,0.021288558840751648,1,1
8006,3.4554967880249023,0.06556511670351028,1,1
8007,3.4099535942077637,0.04489998146891594,1,1
8008,3.462033748626709,0.2221253365278244,1,1
8009,3.4843380451202393,0.09384174644947052,1,1
8010,3.8643798828125,0.005451757460832596,1,1
8011,3.5625758171081543,0.09427385777235031,1,1
8012,2.7559823989868164,0.026141900569200516,1,1
8013,3.360560417175293,0.00043250853195786476,1,1
8014,3.569915533065796,0.0055318558588624,1,1
8015,3.7106144428253174,1.8277112758369185e-05,1,1
8016,3.2446792125701904,0.23185376822948456,1,1
8017,2.6701748371124268,0.002451907843351364,1,1
8018,2.5480716228485107,0.7604014873504639,1,1
8019,2.5896027088165283,0.044252052903175354,1,1
8020,2.7229583263397217,0.0879993811249733,1,1
8021,3.178239107131958,6.587067764485255e-05,1,1
8022,3.203927516937256,0.0034677241928875446,1,1
8023,2.9305131435394287,0.01464986801147461,1,1
8024,2.883587598800659,0.23900850117206573,1,1
8025,3.3372912406921387,0.019271692261099815,1,1
8026,2.4311649799346924,0.5587406158447266,1,1
8027,2.7705883979797363,0.22728542983531952,1,1
8028,3.3350846767425537,0.03207814693450928,1,1
8029,3.5553014278411865,0.30973121523857117,1,1
8030,3.728679656982422,0.14480972290039062,1,1
8031,3.2349259853363037,0.0038517415523529053,1,1
8032,3.1027257442474365,0.05839407444000244,1,1
8033,3.796552896499634,1.7736107338350848e-06,1,1
8034,3.409348964691162,0.020767981186509132,1,1
8035,3.361048698425293,0.28315088152885437,1,1
8036,3.396178722381592,0.13028360903263092,1,1
8037,3.2783076763153076,0.08266077190637589,1,1
8038,3.5841567516326904,0.0001712456432869658,1,1
8039,3.3047292232513428,0.008081014268100262,1,1
8040,3.2929625511169434,0.0007681906572543085,1,1
8041,3.2936487197875977,0.1756870597600937,1,1
8042,3.104755163192749,0.2962605059146881,1,1
8043,3.5352866649627686,0.16109348833560944,1,1
8044,3.245507001876831,0.2871498167514801,1,1
8045,3.469289541244507,0.017492754384875298,1,1
8046,3.490262985229492,0.49240705370903015,1,1
8047,3.173332691192627,0.20421743392944336,1,1
8048,2.759448766708374,0.013527526520192623,1,1
8049,3.050713300704956,0.1756870597600937,1,1
8050,3.8489904403686523,0.0015396956587210298,1,1
8051,3.3335916996002197,0.2999805510044098,1,1
8052,3.3553109169006348,0.10066639631986618,1,1
8053,3.1842541694641113,0.7931456565856934,1,1
8054,3.47298002243042,0.4658104479312897,1,1
8055,3.463453769683838,0.028495682403445244,1,1
8056,3.277343511581421,0.20952844619750977,1,1
8057,2.7208948135375977,0.6951320171356201,1,1
8058,3.33612322807312,5.8713929320219904e-05,1,1
8059,3.148301124572754,0.014428776688873768,1,1
8060,3.000406503677368,0.017528511583805084,1,1
8061,3.2719719409942627,0.019564855843782425,1,1
8062,3.232353687286377,0.05521567538380623,1,1
8063,3.0116758346557617,0.29754355549812317,1,1
8064,3.024402379989624,0.11182314157485962,1,1
8065,3.1515305042266846,0.143147274851799,1,1
8066,3.5264835357666016,0.18007464706897736,1,1
8067,2.9833626747131348,0.4362983703613281,1,1
8068,2.9110682010650635,0.27521684765815735,1,1
8069,3.179213047027588,0.004588287323713303,1,1
8070,3.8691976070404053,0.011014345102012157,1,1
8071,3.431475877761841,0.12567143142223358,1,1
8072,3.3828024864196777,0.05151548981666565,1,1
8073,3.7871344089508057,0.024029983207583427,1,1
8074,2.5047452449798584,0.0003932998515665531,1,1
8075,3.2604968547821045,0.0003699258959386498,1,1
8076,3.4116628170013428,0.3593759834766388,1,1
8077,2.828418731689453,0.397525817155838,1,1
8078,3.3159806728363037,0.34238776564598083,1,1
8079,3.8832948207855225,0.02627626061439514,1,1
8080,3.251584768295288,0.02476556785404682,1,1
8081,2.979724884033203,1.9111577785224654e-05,1,1
8082,3.4210662841796875,0.12581516802310944,1,1
8083,3.4279091358184814,0.1033540889620781,1,1
8084,3.7101311683654785,0.16262321174144745,1,1
8085,3.4593918323516846,0.0017140153795480728,1,1
8086,3.3654403686523438,0.0993601605296135,1,1
8087,3.2060699462890625,0.08377992361783981,1,1
8088,3.841125011444092,0.006507419049739838,1,1
8089,3.9951932430267334,0.07408876717090607,1,1
8090,3.7527387142181396,0.011688769795000553,1,1
8091,3.382692337036133,0.07818924635648727,1,1
8092,3.318451404571533,0.25574812293052673,1,1
8093,3.492189407348633,0.010110024362802505,1,1
8094,3.4456567764282227,0.2541790306568146,1,1
8095,3.5158088207244873,0.07525964826345444,1,1
8096,3.328814744949341,0.0052442788146436214,1,1
8097,3.663243532180786,0.009638250805437565,1,1
8098,2.880326986312866,0.3093661069869995,1,1
8099,3.3692667484283447,0.14442072808742523,1,1
8100,3.3465569019317627,0.10259845107793808,1,1
8101,3.400951862335205,0.0012482443125918508,1,1
8102,3.3782718181610107,0.02160797081887722,1,1
8103,2.982706069946289,0.027010301128029823,1,1
8104,3.1663522720336914,0.0031828617211431265,1,1
8105,3.1724164485931396,0.18813209235668182,1,1
8106,3.345580577850342,0.22173435986042023,1,1
8107,3.8653907775878906,0.5748989582061768,1,1
8108,3.3835716247558594,0.018397627398371696,1,1
8109,3.3750767707824707,0.004896614700555801,1,1
8110,3.842404842376709,0.18423455953598022,1,1
8111,3.322566509246826,0.008025587536394596,1,1
8112,3.8060824871063232,9.596441486792173e-06,1,1
8113,3.5501937866210938,0.014080816879868507,1,1
8114,3.2889490127563477,0.04589103162288666,1,1
8115,3.4005377292633057,0.020729057490825653,1,1
8116,2.8010385036468506,0.274265855550766,1,1
8117,2.786494731903076,0.12926152348518372,1,1
8118,3.218174934387207,0.019887441769242287,1,1
8119,2.9594671726226807,0.22857549786567688,1,1
8120,2.7891182899475098,0.0029614493250846863,1,1
8121,3.6312105655670166,0.0042019495740532875,1,1
8122,3.329800844192505,0.026020336896181107,1,1
8123,3.6454591751098633,0.058100610971450806,1,1
8124,3.251246452331543,0.026263749226927757,1,1
8125,3.6466000080108643,0.07359575480222702,1,1
8126,3.489903450012207,0.00014762218052055687,1,1
8127,3.6109702587127686,0.0011168763739988208,1,1
8128,3.82305645942688,0.10128585249185562,1,1
8129,3.8334951400756836,0.0250091552734375,1,1
8130,3.966639757156372,0.16203220188617706,1,1
8131,3.5994832515716553,0.10171013325452805,1,1
8132,3.837369203567505,0.12255046516656876,1,1
8133,3.703687906265259,0.0015579257160425186,1,1
8134,3.8817408084869385,0.020407961681485176,1,1
8135,3.5267348289489746,0.07733884453773499,1,1
8136,3.4203155040740967,0.003135130275040865,1,1
8137,3.3758981227874756,0.05653417110443115,1,1
8138,2.8909876346588135,0.05191051587462425,1,1
8139,3.376802921295166,0.0037600581999868155,1,1
8140,3.0136780738830566,0.19163928925991058,1,1
8141,3.17368221282959,0.04935697093605995,1,1
8142,3.3614346981048584,0.040137916803359985,1,1
8143,3.4105594158172607,0.0001259678101632744,1,1
8144,3.2167859077453613,0.013764264062047005,1,1
8145,3.6337740421295166,0.0049575804732739925,1,1
8146,3.1052088737487793,7.968628779053688e-05,1,1
8147,3.1138813495635986,0.18091104924678802,1,1
8148,3.992640733718872,0.3274986445903778,1,1
8149,3.6643590927124023,0.029770532622933388,1,1
8150,3.1820461750030518,0.027309298515319824,1,1
8151,3.706476926803589,0.19010458886623383,1,1
8152,2.5935540199279785,0.04507191479206085,1,1
8153,2.3117101192474365,0.06778281927108765,1,1
8154,3.3502843379974365,0.026678258553147316,1,1
8155,3.850029468536377,0.3360477089881897,1,1
8156,3.671617031097412,0.33740290999412537,1,1
8157,4.037406921386719,0.0874791219830513,1,1
8158,4.234746932983398,0.2558262050151825,1,1
8159,3.746958017349243,0.024293996393680573,1,1
8160,3.299302101135254,0.12816743552684784,1,1
8161,3.83530855178833,0.022314436733722687,1,1
8162,3.2007689476013184,0.004284930415451527,1,1
8163,2.5961086750030518,0.0011350103886798024,1,1
8164,2.842083215713501,0.0011876263888552785,1,1
8165,3.9333996772766113,0.0014158153207972646,1,1
8166,3.519969940185547,0.04915992170572281,1,1
8167,2.963224411010742,0.32350143790245056,1,1
8168,3.9712412357330322,0.1655472368001938,1,1
8169,3.127884864807129,0.29353535175323486,1,1
8170,2.780116319656372,0.08317764848470688,1,1
8171,3.4199740886688232,0.00010702609870349988,1,1
8172,3.1616179943084717,0.009761810302734375,1,1
8173,2.9159395694732666,0.1062784343957901,1,1
8174,3.198873519897461,0.0038829490076750517,1,1
8175,2.9661641120910645,0.19017191231250763,1,1
8176,3.2767157554626465,0.013877716846764088,1,1
8177,3.4889156818389893,0.00046688326983712614,1,1
8178,3.3967714309692383,0.020215408876538277,1,1
8179,3.8263072967529297,0.007513567805290222,1,1
8180,3.4617719650268555,0.021758604794740677,1,1
8181,3.123579740524292,0.12153905630111694,1,1
8182,3.6588752269744873,0.32795166969299316,1,1
8183,4.0731377601623535,0.15365920960903168,1,1
8184,3.6209793090820312,0.02818700112402439,1,1
8185,3.427055597305298,0.00934305228292942,1,1
8186,3.8858702182769775,0.02696274220943451,1,1
8187,4.064907073974609,0.06932412832975388,1,1
8188,3.6284008026123047,0.00047232062206603587,1,1
8189,3.0961344242095947,0.10470495373010635,1,1
8190,3.2821156978607178,0.0055404724553227425,1,1
8191,3.434548854827881,0.0037636093329638243,1,1
8192,3.3861145973205566,0.011044749990105629,1,1
8193,3.3921730518341064,0.0063896263018250465,1,1
8194,3.345390558242798,0.020929619669914246,1,1
8195,3.289031744003296,0.04477737098932266,1,1
8196,3.4997549057006836,0.914246678352356,1,1
8197,4.104133129119873,0.00023102620616555214,1,1
8198,3.6221060752868652,0.03066634014248848,1,1
8199,3.526095390319824,0.019988277927041054,1,1
8200,3.169952630996704,0.20830221474170685,1,1
8201,3.1423261165618896,0.0014863931573927402,1,1
8202,2.7812907695770264,0.029677359387278557,1,1
8203,2.939574956893921,0.3405831754207611,1,1
8204,3.149465322494507,0.11757500469684601,1,1
8205,3.163053035736084,0.1428261250257492,1,1
8206,3.4062321186065674,0.08911364525556564,1,1
8207,2.75856614112854,0.0012867235345765948,1,1
8208,3.3839879035949707,0.011447963304817677,1,1
8209,3.2391955852508545,0.17290709912776947,1,1
8210,3.1789591312408447,0.0152587890625,1,1
8211,3.665421724319458,0.15210460126399994,1,1
8212,3.153715133666992,0.0040482403710484505,1,1
8213,3.4985833168029785,0.10156245529651642,1,1
8214,2.583237409591675,0.004751835949718952,1,1
8215,3.0742990970611572,1.408997945873125e-06,1,1
8216,3.1630797386169434,0.013716751709580421,1,1
8217,3.4511542320251465,0.09998168796300888,1,1
8218,3.1871085166931152,0.06375902146100998,1,1
8219,2.961477756500244,0.14771804213523865,1,1
8220,3.203641891479492,0.2947077453136444,1,1
8221,4.056153297424316,0.047947850078344345,1,1
8222,3.4475340843200684,0.05540178343653679,1,1
8223,3.3465769290924072,0.0969054251909256,1,1
8224,3.0735507011413574,0.020667968317866325,1,1
8225,3.7559432983398438,0.043238814920186996,1,1
8226,3.67584490776062,3.4654513569876144e-07,1,1
8227,3.479656934738159,0.04807049036026001,1,1
8228,3.188242197036743,0.20784437656402588,1,1
8229,3.1669654846191406,0.14603890478610992,1,1
8230,3.2374682426452637,0.0004293032980058342,1,1
8231,3.2510151863098145,0.0626816675066948,1,1
8232,3.6556508541107178,0.016526229679584503,1,1
8233,3.2592549324035645,0.00440707802772522,1,1
8234,3.1816017627716064,0.2662988305091858,1,1
8235,3.2531898021698,0.03177466616034508,1,1
8236,3.6218574047088623,0.0037234581541270018,1,1
8237,3.316849708557129,0.012261110357940197,1,1
8238,3.468736171722412,0.05538815259933472,1,1
8239,3.5398902893066406,0.016508866101503372,1,1
8240,2.970867395401001,0.04200755059719086,1,1
8241,3.0998408794403076,1.9450579202384688e-05,1,1
8242,3.3091351985931396,0.07339168339967728,1,1
8243,3.4588088989257812,0.10367077589035034,1,1
8244,2.9667675495147705,0.0008978904224932194,1,1
8245,3.2632229328155518,0.0734073743224144,1,1
8246,3.3908050060272217,0.011563901789486408,1,1
8247,3.150120735168457,0.2371814250946045,1,1
8248,2.6652095317840576,0.013226168230175972,1,1
8249,3.356797218322754,0.14893712103366852,1,1
8250,3.3919126987457275,0.004114826209843159,1,1
8251,2.16227650642395,0.33423757553100586,1,1
8252,2.1514804363250732,0.7483150362968445,1,1
8253,2.6083991527557373,0.03714494779706001,1,1
8254,2.651782989501953,1.1474825214463635e-06,1,1
8255,2.73342227935791,0.007431813515722752,1,1
8256,3.0054256916046143,0.13420000672340393,1,1
8257,3.111428737640381,0.9633514285087585,1,1
8258,2.8265793323516846,0.04530167579650879,1,1
8259,2.652559518814087,0.18272161483764648,1,1
8260,2.695793390274048,0.3779611587524414,1,1
8261,2.8413660526275635,0.009438441134989262,1,1
8262,3.257357120513916,0.15337184071540833,1,1
8263,3.384453535079956,0.12232084572315216,1,1
8264,3.234347343444824,0.019670287147164345,1,1
8265,3.1725354194641113,0.23173299431800842,1,1
8266,3.431889295578003,0.016712846234440804,1,1
8267,3.4424920082092285,0.10694646090269089,1,1
8268,3.9463415145874023,0.02568826638162136,1,1
8269,4.091606616973877,0.004018820822238922,1,1
8270,3.499222993850708,0.010015154257416725,1,1
8271,3.87376070022583,0.009500421583652496,1,1
8272,3.6485114097595215,0.02827131561934948,1,1
8273,3.811922788619995,0.11270264536142349,1,1
8274,2.1725027561187744,0.16777712106704712,1,1
8275,3.3008170127868652,0.07547689974308014,1,1
8276,3.517672300338745,0.12199705094099045,1,1
8277,3.279939889907837,0.02136748470366001,1,1
8278,3.1604714393615723,0.04496953263878822,1,1
8279,3.096080780029297,0.03812595456838608,1,1
8280,2.198042154312134,0.13382552564144135,1,1
8281,3.529219388961792,0.0032101422548294067,1,1
8282,3.466754198074341,0.11735009402036667,1,1
8283,3.066746711730957,0.15951703488826752,1,1
8284,3.5907857418060303,0.019202090799808502,1,1
8285,3.4144651889801025,0.02030882053077221,1,1
8286,3.5781142711639404,0.0009483174653723836,1,1
8287,3.2184040546417236,0.03815610706806183,1,1
8288,3.3004703521728516,0.19413994252681732,1,1
8289,3.0071563720703125,0.010858923196792603,1,1
8290,3.495445966720581,0.06867517530918121,1,1
8291,3.2817230224609375,0.017056437209248543,1,1
8292,3.4948737621307373,0.03565731272101402,1,1
8293,3.351614236831665,0.07491058856248856,1,1
8294,3.633420467376709,0.07269790023565292,1,1
8295,3.6868960857391357,0.0015724338591098785,1,1
8296,3.91727352142334,0.0943746343255043,1,1
8297,3.6542954444885254,0.04573817551136017,1,1
8298,3.39739727973938,0.08516550064086914,1,1
8299,3.5726916790008545,0.08675562590360641,1,1
8300,4.113430976867676,0.0017052367329597473,1,1
8301,3.524691343307495,0.020634684711694717,1,1
8302,3.750332832336426,0.04482639208436012,1,1
8303,4.119198322296143,0.008599169552326202,1,1
8304,3.4998533725738525,0.018303504213690758,1,1
8305,3.486236810684204,0.005577888339757919,1,1
8306,4.151184558868408,0.039944808930158615,1,1
8307,3.8353891372680664,0.02629503607749939,1,1
8308,3.654597043991089,0.005583656020462513,1,1
8309,3.5670690536499023,0.08306079357862473,1,1
8310,4.1668291091918945,0.007028129883110523,1,1
8311,4.0475640296936035,0.0151944849640131,1,1
8312,3.527045726776123,0.11069007217884064,1,1
8313,3.438342809677124,0.1265556365251541,1,1
8314,3.327625274658203,0.30128222703933716,1,1
8315,3.683532238006592,0.29982200264930725,1,1
8316,3.668571949005127,0.10704746097326279,1,1
8317,4.038589000701904,0.5679686069488525,1,1
8318,3.7350704669952393,0.00046106288209557533,1,1
8319,3.8292272090911865,0.006551087833940983,1,1
8320,3.791830062866211,0.0013412931002676487,1,1
8321,3.7587597370147705,0.007929050363600254,1,1
8322,3.605764389038086,0.38939017057418823,1,1
8323,3.7629523277282715,0.2961764633655548,1,1
8324,3.3984179496765137,0.37232229113578796,1,1
8325,3.9294064044952393,0.0025464631617069244,1,1
8326,2.9206018447875977,0.0032145180739462376,1,1
8327,3.013228416442871,0.17917482554912567,1,1
8328,2.823707342147827,0.048138223588466644,1,1
8329,3.05905818939209,0.07630103826522827,1,1
8330,3.0281076431274414,0.16012659668922424,1,1
8331,3.149939775466919,0.026502011343836784,1,1
8332,3.3625361919403076,0.007398572750389576,1,1
8333,3.391751289367676,0.00454134214669466,1,1
8334,3.785893201828003,0.09686937183141708,1,1
8335,3.7619292736053467,0.11356606334447861,1,1
8336,4.113467693328857,0.527114987373352,1,1
8337,3.7271828651428223,0.09483174979686737,1,1
8338,4.280557155609131,0.25587502121925354,1,1
8339,4.011151313781738,0.5319042205810547,1,1
8340,3.5480539798736572,0.09466540068387985,1,1
8341,3.298393487930298,0.2381223440170288,1,1
8342,3.327197313308716,0.04247961938381195,1,1
8343,3.4373464584350586,0.007516914512962103,1,1
8344,3.2775723934173584,0.011093485169112682,1,1
8345,3.6649975776672363,3.132969084163051e-07,1,1
8346,3.3215973377227783,0.03608134388923645,1,1
8347,3.201056957244873,0.03637523949146271,1,1
8348,3.833705186843872,0.0897948294878006,1,1
8349,3.815441370010376,0.019411275163292885,1,1
8350,3.5720179080963135,0.24124057590961456,1,1
8351,3.0890464782714844,0.11772065609693527,1,1
8352,3.5105321407318115,0.01319510955363512,1,1
8353,3.124878406524658,0.3422296941280365,1,1
8354,3.3536434173583984,0.21024468541145325,1,1
8355,3.0494744777679443,0.06539225578308105,1,1
8356,3.3309290409088135,0.19766809046268463,1,1
8357,3.0397632122039795,0.432405948638916,1,1
8358,3.7164552211761475,0.8836140632629395,1,1
8359,3.0800247192382812,0.15786395967006683,1,1
8360,2.879399061203003,0.0005060398252680898,1,1
8361,2.8658268451690674,0.05496198683977127,1,1
8362,2.964972972869873,0.006148184183984995,1,1
8363,2.527486801147461,0.0028264783322811127,1,1
8364,2.545048475265503,0.09992676973342896,1,1
8365,2.8267982006073,0.026251239702105522,1,1
8366,3.483147382736206,0.16894130408763885,1,1
8367,4.5025105476379395,0.378198504447937,1,1
8368,4.866176128387451,0.046189215034246445,1,1
8369,3.410735607147217,0.7207900881767273,1,1
8370,3.8080081939697266,0.308175653219223,1,1
8371,4.381381511688232,0.0908970907330513,1,1
8372,3.4701175689697266,0.009244435466825962,1,1
8373,3.1843905448913574,0.46843552589416504,1,1
8374,2.863995313644409,0.010135269723832607,1,1
8375,3.646009922027588,0.20749257504940033,1,1
8376,3.5463452339172363,0.3445369601249695,1,1
8377,3.1679601669311523,0.0016909204423427582,1,1
8378,3.4621903896331787,0.016318464651703835,1,1
8379,3.61617374420166,0.15851645171642303,1,1
8380,2.8770592212677,0.13382552564144135,1,1
8381,3.625948190689087,9.670490544522181e-05,1,1
8382,3.7653818130493164,2.8998032576055266e-05,1,1
8383,3.636140823364258,0.32855987548828125,1,1
8384,3.8758091926574707,0.07885449379682541,1,1
8385,3.9213778972625732,0.046955619007349014,1,1
8386,3.780029773712158,0.013364148326218128,1,1
8387,3.428668737411499,0.20934295654296875,1,1
8388,2.993582010269165,0.1103692278265953,1,1
8389,3.460663318634033,0.0214239489287138,1,1
8390,3.1691553592681885,0.021359020844101906,1,1
8391,3.203355312347412,0.08636947721242905,1,1
8392,3.4497361183166504,0.009909200482070446,1,1
8393,3.5296287536621094,0.0029782787896692753,1,1
8394,3.42048978805542,0.0012853392399847507,1,1
8395,3.5683822631835938,0.14396630227565765,1,1
8396,3.1905078887939453,0.021178871393203735,1,1
8397,3.6655569076538086,0.0874391719698906,1,1
8398,3.6916699409484863,0.07479441910982132,1,1
8399,3.8177287578582764,0.03461538255214691,1,1
8400,3.5411276817321777,0.012499487958848476,1,1
8401,3.2413337230682373,0.07044151425361633,1,1
8402,3.284639358520508,0.034135863184928894,1,1
8403,3.555894374847412,0.07203330844640732,1,1
8404,3.0091254711151123,0.20809082686901093,1,1
8405,3.245932102203369,0.20812606811523438,1,1
8406,3.5070483684539795,0.08380227535963058,1,1
8407,3.624194860458374,0.15771828591823578,1,1
8408,3.1987109184265137,0.2450665682554245,1,1
8409,2.978578805923462,0.0013455377193167806,1,1
8410,4.326516151428223,0.06931396573781967,1,1
8411,3.5004122257232666,0.03960990533232689,1,1
8412,3.531702756881714,0.011948955245316029,1,1
8413,3.327329635620117,0.10268502682447433,1,1
8414,3.0840258598327637,0.010063502006232738,1,1
8415,2.9287109375,0.11130096018314362,1,1
8416,3.2711715698242188,0.1476661115884781,1,1
8417,3.2732093334198,0.033278338611125946,1,1
8418,3.438795328140259,0.00020648549252655357,1,1
8419,3.3704631328582764,0.10126128047704697,1,1
8420,3.4539384841918945,0.031513724476099014,1,1
8421,4.175735950469971,0.3948530852794647,1,1
8422,3.427324056625366,0.4247865676879883,1,1
8423,3.7696621417999268,0.35480865836143494,1,1
8424,3.1137030124664307,0.10716116428375244,1,1
8425,3.5050840377807617,0.017934584990143776,1,1
8426,3.4215285778045654,0.0011969567276537418,1,1
8427,3.6542675495147705,0.021494632586836815,1,1
8428,3.387284517288208,0.01313752867281437,1,1
8429,3.3765227794647217,0.14304505288600922,1,1
8430,3.824101686477661,0.0027328624855726957,1,1
8431,3.592024087905884,0.02055712603032589,1,1
8432,4.015140056610107,0.03551167994737625,1,1
8433,3.2318058013916016,0.012473606504499912,1,1
8434,3.459712505340576,1.0237149000167847,1,1
8435,3.4063186645507812,0.706766664981842,1,1
8436,3.552846670150757,0.26179611682891846,1,1
8437,3.631446599960327,0.12666551768779755,1,1
8438,3.2918219566345215,0.06869540363550186,1,1
8439,3.4387831687927246,0.06394434720277786,1,1
8440,3.39274525642395,0.06883712857961655,1,1
8441,3.8542990684509277,0.15359869599342346,1,1
8442,3.1468887329101562,0.05157684162259102,1,1
8443,3.40340256690979,0.45534464716911316,1,1
8444,3.4609344005584717,0.302363783121109,1,1
8445,3.7109978199005127,0.25439316034317017,1,1
8446,3.880464792251587,1.2490426301956177,1,1
8447,3.377030372619629,0.002139513147994876,1,1
8448,3.2709877490997314,0.18621154129505157,1,1
8449,3.836024284362793,0.2937968671321869,1,1
8450,3.376464605331421,0.043923791497945786,1,1
8451,3.860426902770996,0.030359536409378052,1,1
8452,3.372405529022217,0.2089545726776123,1,1
8453,2.7807974815368652,0.0004361286701168865,1,1
8454,3.5025930404663086,0.13119785487651825,1,1
8455,3.4490725994110107,0.18348972499370575,1,1
8456,3.3468706607818604,0.16124071180820465,1,1
8457,3.5102148056030273,0.07173316925764084,1,1
8458,3.8197150230407715,0.036136358976364136,1,1
8459,3.748786687850952,0.37563902139663696,1,1
8460,3.8248345851898193,0.022314436733722687,1,1
8461,3.245190382003784,0.044162776321172714,1,1
8462,3.7086751461029053,0.06592144072055817,1,1
8463,3.469083786010742,0.0002171591913793236,1,1
8464,3.593485116958618,0.2291572093963623,1,1
8465,3.466761589050293,0.010191697627305984,1,1
8466,3.521153211593628,0.028083402663469315,1,1
8467,3.5922868251800537,0.14309614896774292,1,1
8468,3.6818923950195312,0.275571346282959,1,1
8469,3.750277280807495,0.0005288691609166563,1,1
8470,3.0973331928253174,0.06346693634986877,1,1
8471,3.22751522064209,0.014032761566340923,1,1
8472,3.309220790863037,0.028401276096701622,1,1
8473,3.412123680114746,0.009118675254285336,1,1
8474,3.517334222793579,0.04487135633826256,1,1
8475,3.395106077194214,0.008042887784540653,1,1
8476,3.432964324951172,0.0013625831343233585,1,1
8477,3.27231764793396,0.02747861109673977,1,1
8478,3.56282901763916,0.0018625318771228194,1,1
8479,3.3887696266174316,0.017759248614311218,1,1
8480,3.27736496925354,0.17462080717086792,1,1
8481,3.111117124557495,0.0023892358876764774,1,1
8482,3.125377893447876,0.03107667900621891,1,1
8483,3.0975677967071533,0.17016521096229553,1,1
8484,2.78098726272583,0.004783821292221546,1,1
8485,3.8714420795440674,0.0046223425306379795,1,1
8486,3.4576172828674316,0.03205050155520439,1,1
8487,3.2168049812316895,0.06857404857873917,1,1
8488,3.140848159790039,0.028070464730262756,1,1
8489,2.644493818283081,0.10947336256504059,1,1
8490,2.636108160018921,0.00016697878891136497,1,1
8491,3.106128454208374,0.004221991635859013,1,1
8492,3.3568620681762695,0.1887688934803009,1,1
8493,3.7592806816101074,0.015495737083256245,1,1
8494,3.4759068489074707,0.008213415741920471,1,1
8495,3.2958691120147705,0.04671335220336914,1,1
8496,3.268425941467285,0.16182249784469604,1,1
8497,3.6827938556671143,0.0186550822108984,1,1
8498,3.1200122833251953,0.16060581803321838,1,1
8499,2.9420089721679688,0.010788642801344395,1,1
8500,3.655163526535034,0.0769742801785469,1,1
8501,3.4816808700561523,0.018668264150619507,1,1
8502,3.854158639907837,0.16860826313495636,1,1
8503,3.5882043838500977,0.03752908483147621,1,1
8504,4.007768630981445,0.008660131134092808,1,1
8505,4.025295734405518,0.05753440782427788,1,1
8506,3.9373254776000977,0.00019017989689018577,1,1
8507,3.4814870357513428,0.023441223427653313,1,1
8508,4.101669788360596,0.07242754101753235,1,1
8509,3.3153505325317383,0.10884841531515121,1,1
8510,3.863407611846924,0.03493211418390274,1,1
8511,3.8414130210876465,0.08057648688554764,1,1
8512,3.5418953895568848,0.10811100155115128,1,1
8513,3.459209442138672,4.107132767217081e-08,1,1
8514,3.784085750579834,0.0015916262054815888,1,1
8515,3.5657026767730713,0.002425220562145114,1,1
8516,3.7314648628234863,0.024920716881752014,1,1
8517,3.163611888885498,0.0006051176460459828,1,1
8518,3.5677781105041504,0.1500938981771469,1,1
8519,3.3826563358306885,0.020410718396306038,1,1
8520,3.47406268119812,0.02885192632675171,1,1
8521,3.3993477821350098,0.2708800733089447,1,1
8522,3.613744020462036,0.09341062605381012,1,1
8523,3.3334169387817383,0.01479271985590458,1,1
8524,3.059018850326538,0.6425779461860657,1,1
8525,3.9730613231658936,0.00014809156709816307,1,1
8526,3.6734423637390137,0.0005288691609166563,1,1
8527,3.242284059524536,0.03562816604971886,1,1
8528,3.4855780601501465,0.057330887764692307,1,1
8529,3.495952606201172,0.09013058990240097,1,1
8530,3.793144702911377,0.07251067459583282,1,1
8531,3.836066961288452,0.008545558899641037,1,1
8532,3.324117422103882,0.013266152702271938,1,1
8533,3.1154603958129883,0.06738642603158951,1,1
8534,2.4280953407287598,0.23274683952331543,1,1
8535,1.8369953632354736,0.02336445450782776,1,1
8536,2.0859007835388184,0.00034260787651874125,1,1
8537,3.123889684677124,0.20857536792755127,1,1
8538,3.9259495735168457,0.22207076847553253,1,1
8539,3.5489931106567383,0.1768539547920227,1,1
8540,3.165984869003296,0.09382400661706924,1,1
8541,3.3072240352630615,0.0021359436213970184,1,1
8542,3.4127426147460938,0.016795290634036064,1,1
8543,3.52329421043396,9.406590834259987e-05,1,1
8544,3.251213312149048,0.05588438734412193,1,1
8545,3.98039174079895,0.031212925910949707,1,1
8546,2.986555814743042,0.0014804460806772113,1,1
8547,3.3585238456726074,0.018071839585900307,1,1
8548,3.2788238525390625,0.06686136871576309,1,1
8549,2.9652814865112305,0.04711887240409851,1,1
8550,2.901486873626709,7.049180567264557e-05,1,1
8551,3.1584486961364746,0.008661927655339241,1,1
8552,3.3688156604766846,0.002650751266628504,1,1
8553,3.4780378341674805,0.041137851774692535,1,1
8554,3.2151970863342285,0.006303519941866398,1,1
8555,3.6465699672698975,0.07042615115642548,1,1
8556,3.368004083633423,0.03828062489628792,1,1
8557,3.2791101932525635,0.15729698538780212,1,1
8558,3.761820077896118,0.024850687012076378,1,1
8559,3.5542871952056885,0.20346800982952118,1,1
8560,3.3664982318878174,0.07460977882146835,1,1
8561,3.5016889572143555,0.001129814307205379,1,1
8562,3.7349979877471924,0.1660187691450119,1,1
8563,3.874688148498535,0.08455265313386917,1,1
8564,3.2922699451446533,0.05471791699528694,1,1
8565,3.3986876010894775,0.13590942323207855,1,1
8566,3.6830053329467773,0.3252602517604828,1,1
8567,3.8175160884857178,0.021013474091887474,1,1
8568,3.228036642074585,0.012244018726050854,1,1
8569,3.872213840484619,7.763216126477346e-05,1,1
8570,3.250231981277466,0.011470690369606018,1,1
8571,3.2584543228149414,0.001498323050327599,1,1
8572,3.3128435611724854,5.238689482212067e-07,1,1
8573,3.480370283126831,0.05861349031329155,1,1
8574,3.549055337905884,0.07214213162660599,1,1
8575,3.3438479900360107,0.29113516211509705,1,1
8576,3.8200597763061523,0.027909010648727417,1,1
8577,3.746652841567993,0.17859522998332977,1,1
8578,3.36567759513855,0.10711061954498291,1,1
8579,3.711603879928589,0.09661123901605606,1,1
8580,3.324537992477417,0.026445481926202774,1,1
8581,3.1298553943634033,0.010708601213991642,1,1
8582,3.655926465988159,0.03829951211810112,1,1
8583,3.4176998138427734,0.13041602075099945,1,1
8584,3.8348307609558105,0.06897898763418198,1,1
8585,3.536506414413452,0.24392132461071014,1,1
8586,3.528050422668457,0.016432078555226326,1,1
8587,3.4346845149993896,0.13510656356811523,1,1
8588,2.6237218379974365,0.06393947452306747,1,1
8589,2.0925815105438232,0.06979244202375412,1,1
8590,2.1348791122436523,0.02242991328239441,1,1
8591,2.6025454998016357,0.0864943191409111,1,1
8592,3.3542208671569824,0.1040128618478775,1,1
8593,3.451735496520996,0.10997843742370605,1,1
8594,2.631822109222412,0.016412291675806046,1,1
8595,3.6818716526031494,0.21293477714061737,1,1
8596,3.690046787261963,0.07223028689622879,1,1
8597,3.2456624507904053,0.0036356509663164616,1,1
8598,2.909846067428589,0.15142786502838135,1,1
8599,3.315171480178833,0.08468740433454514,1,1
8600,3.3676934242248535,0.28696367144584656,1,1
8601,3.3295326232910156,0.09809872508049011,1,1
8602,3.6309943199157715,0.16551582515239716,1,1
8603,3.4273571968078613,0.0030813277699053288,1,1
8604,3.389042854309082,0.11179732531309128,1,1
8605,3.1698687076568604,0.007659826427698135,1,1
8606,3.3166897296905518,0.0015480377478525043,1,1
8607,3.212050676345825,0.001913689891807735,1,1
8608,3.4095187187194824,0.04142804816365242,1,1
8609,3.2509024143218994,0.25003132224082947,1,1
8610,2.879906415939331,0.04477737098932266,1,1
8611,3.5865254402160645,0.6076207160949707,1,1
8612,3.1969330310821533,0.2642906606197357,1,1
8613,3.0844552516937256,0.10759123414754868,1,1
8614,4.031374931335449,0.24537241458892822,1,1
8615,2.957138776779175,0.013950571417808533,1,1
8616,3.442537784576416,0.0880795568227768,1,1
8617,2.524343729019165,0.06699617952108383,1,1
8618,3.3278379440307617,0.12311869114637375,1,1
8619,3.4061334133148193,0.021136758849024773,1,1
8620,3.2905962467193604,0.009309500455856323,1,1
8621,3.582033395767212,0.10112006962299347,1,1
8622,3.4033396244049072,0.04476103186607361,1,1
8623,3.8609228134155273,0.03852647915482521,1,1
8624,3.767559766769409,0.14263655245304108,1,1
8625,3.2411999702453613,0.008513472974300385,1,1
8626,3.276883840560913,3.5339595342520624e-05,1,1
8627,3.628119945526123,0.00341000035405159,1,1
8628,3.709975481033325,0.5176846981048584,1,1
8629,3.409778356552124,0.3527766168117523,1,1
8630,3.36793851852417,0.11302684992551804,1,1
8631,3.675895929336548,0.10042770206928253,1,1
8632,3.779953956604004,0.2309809923171997,1,1
8633,3.804999351501465,0.08117478340864182,1,1
8634,3.9472134113311768,0.13478751480579376,1,1
8635,3.7678585052490234,0.005740504711866379,1,1
8636,2.9306130409240723,0.5225287079811096,1,1
8637,3.6720333099365234,0.2772965133190155,1,1
8638,2.9963278770446777,0.007713977247476578,1,1
8639,3.4512197971343994,0.005963445175439119,1,1
8640,2.7399656772613525,0.001229900517500937,1,1
8641,2.998671770095825,0.18920519948005676,1,1
8642,3.161705255508423,0.06713613867759705,1,1
8643,3.465583324432373,0.18661987781524658,1,1
8644,3.5015578269958496,0.002186188939958811,1,1
8645,3.2621357440948486,0.07798969000577927,1,1
8646,3.275914430618286,0.16940173506736755,1,1
8647,3.358250141143799,0.030581900849938393,1,1
8648,3.586069345474243,0.060697074979543686,1,1
8649,3.698756694793701,0.03225122392177582,1,1
8650,3.181950807571411,0.020523931831121445,1,1
8651,3.0120131969451904,0.27669715881347656,1,1
8652,2.8601975440979004,0.039571505039930344,1,1
8653,2.862722158432007,0.17799215018749237,1,1
8654,3.0108258724212646,0.044231753796339035,1,1
8655,2.6948227882385254,0.09457040578126907,1,1
8656,2.2358815670013428,0.02282184734940529,1,1
8657,2.624807596206665,0.2523723244667053,1,1
8658,2.2099709510803223,0.13051360845565796,1,1
8659,2.800562620162964,0.18211983144283295,1,1
8660,2.5215487480163574,0.04472021013498306,1,1
8661,2.773355007171631,0.17340505123138428,1,1
8662,2.3518710136413574,0.013948291540145874,1,1
8663,2.8232758045196533,0.029233479872345924,1,1
8664,2.59171724319458,0.013035960495471954,1,1
8665,2.3120288848876953,0.5174070000648499,1,1
8666,2.748142719268799,0.38347506523132324,1,1
8667,2.7517592906951904,0.25275060534477234,1,1
8668,2.3555643558502197,0.49567651748657227,1,1
8669,2.409914970397949,0.29584044218063354,1,1
8670,2.811253309249878,0.013208416290581226,1,1
8671,2.6577236652374268,0.001489371177740395,1,1
8672,2.697192907333374,0.0008055457146838307,1,1
8673,3.389831781387329,0.7149519920349121,1,1
8674,2.8421058654785156,0.37429165840148926,1,1
8675,2.721428632736206,0.3810526132583618,1,1
8676,3.2545793056488037,0.2511424124240875,1,1
8677,3.26585054397583,0.20055325329303741,1,1
8678,3.728708267211914,0.03372345492243767,1,1
8679,3.718165874481201,0.04041293263435364,1,1
8680,3.6949591636657715,0.058091308921575546,1,1
8681,3.3320629596710205,0.0002612941898405552,1,1
8682,3.8176965713500977,0.041616830974817276,1,1
8683,3.5320773124694824,0.33528730273246765,1,1
8684,3.7570250034332275,0.28169435262680054,1,1
8685,3.4207041263580322,0.4412846267223358,1,1
8686,3.1896703243255615,0.5834624767303467,1,1
8687,3.387167453765869,0.09943926334381104,1,1
8688,3.774348735809326,0.01006737444549799,1,1
8689,3.8152334690093994,0.07493172585964203,1,1
8690,3.286273241043091,0.016662979498505592,1,1
8691,3.509232759475708,0.23569858074188232,1,1
8692,3.593806266784668,0.14839385449886322,1,1
8693,3.593815326690674,0.01529934722930193,1,1
8694,3.8097898960113525,0.0028141781222075224,1,1
8695,3.0059401988983154,0.02740187756717205,1,1
8696,3.2332265377044678,0.1529790312051773,1,1
8697,3.3843133449554443,9.918808791553602e-05,1,1
8698,2.9315826892852783,0.008708694949746132,1,1
8699,2.433086633682251,0.002839833963662386,1,1
8700,3.3018839359283447,0.06076366454362869,1,1
8701,3.9314465522766113,0.03861745819449425,1,1
8702,3.171635150909424,0.28250420093536377,1,1
8703,3.0489487648010254,0.06018460541963577,1,1
8704,3.5306191444396973,0.1012735590338707,1,1
8705,3.6130943298339844,0.1506103128194809,1,1
8706,3.19980788230896,0.1137547716498375,1,1
8707,3.4530200958251953,0.1763916015625,1,1
8708,3.6442298889160156,0.002648764057084918,1,1
8709,3.4319539070129395,0.004085165448486805,1,1
8710,3.4694595336914062,0.022728636860847473,1,1
8711,3.59481143951416,0.11058735847473145,1,1
8712,3.3169920444488525,0.007182687520980835,1,1
8713,3.4941205978393555,0.04494906961917877,1,1
8714,3.2780964374542236,0.01719282753765583,1,1
8715,3.4920597076416016,0.4258061349391937,1,1
8716,3.505758047103882,0.08668742328882217,1,1
8717,3.6655921936035156,0.07793040573596954,1,1
8718,3.263620138168335,0.002007693750783801,1,1
8719,2.8967783451080322,0.08124078065156937,1,1
8720,3.374966859817505,0.02054605819284916,1,1
8721,2.556205987930298,0.05883800610899925,1,1
8722,2.4404733180999756,0.00032741809263825417,1,1
8723,2.50723934173584,0.03971753641963005,1,1
8724,3.3325517177581787,0.0034359728451818228,1,1
8725,3.3476803302764893,0.0008806237019598484,1,1
8726,3.0168046951293945,0.033957794308662415,1,1
8727,3.396865129470825,0.013489390723407269,1,1
8728,3.098810911178589,0.10998483747243881,1,1
8729,3.5057780742645264,0.015325619839131832,1,1
8730,3.1735525131225586,0.05393962934613228,1,1
8731,3.5429697036743164,0.20974938571453094,1,1
8732,3.5946896076202393,0.0846986398100853,1,1
8733,3.9195306301116943,0.2433306723833084,1,1
8734,3.9051055908203125,0.1420539915561676,1,1
8735,4.269824981689453,0.017210546880960464,1,1
8736,3.8430283069610596,0.2339029163122177,1,1
8737,2.9341700077056885,0.009096571244299412,1,1
8738,3.2647838592529297,0.05923192575573921,1,1
8739,4.0263800621032715,0.10778125375509262,1,1
8740,3.3924388885498047,0.019616184756159782,1,1
8741,3.3227696418762207,0.022308671846985817,1,1
8742,2.765866756439209,0.18211983144283295,1,1
8743,3.1334128379821777,0.07593361288309097,1,1
8744,3.0037128925323486,0.4775681495666504,1,1
8745,3.2468791007995605,0.0010620922548696399,1,1
8746,3.7202630043029785,0.00012424075976014137,1,1
8747,2.7634828090667725,0.2686345875263214,1,1
8748,3.409482479095459,0.02950471080839634,1,1
8749,3.6834564208984375,0.005228915251791477,1,1
8750,2.6971702575683594,0.0038865581154823303,1,1
8751,3.4586453437805176,0.8203274011611938,1,1
8752,3.3822312355041504,0.04471204802393913,1,1
8753,2.9777441024780273,0.07694215327501297,1,1
8754,3.375624418258667,0.47679486870765686,1,1
8755,4.025454044342041,0.07788192480802536,1,1
8756,3.5066189765930176,0.12347110360860825,1,1
8757,3.1883435249328613,0.14442072808742523,1,1
8758,2.6936068534851074,0.010581154376268387,1,1
8759,3.7036023139953613,0.0530334897339344,1,1
8760,2.6322805881500244,0.2914060056209564,1,1
8761,3.207350492477417,0.42334118485450745,1,1
8762,3.695216655731201,0.06280253082513809,1,1
8763,3.9784324169158936,0.6154088377952576,1,1
8764,3.6335580348968506,0.0037376047112047672,1,1
8765,3.659853219985962,0.0008220636518672109,1,1
8766,3.710381269454956,0.013854989781975746,1,1
8767,3.668870449066162,6.151292382128304e-06,1,1
8768,3.8139121532440186,0.000679437187500298,1,1
8769,3.4105327129364014,0.16863203048706055,1,1
8770,3.597494602203369,0.03172651678323746,1,1
8771,3.487579107284546,0.235848531126976,1,1
8772,3.6230342388153076,0.01835576444864273,1,1
8773,3.2966485023498535,0.05663977190852165,1,1
8774,2.941812753677368,0.20378156006336212,1,1
8775,3.244262456893921,0.02157110534608364,1,1
8776,3.6792945861816406,0.6236122250556946,1,1
8777,2.7221157550811768,0.20338094234466553,1,1
8778,3.1158366203308105,0.016207700595259666,1,1
8779,3.2653563022613525,0.6468707919120789,1,1
8780,3.720688581466675,0.10227721929550171,1,1
8781,3.4537155628204346,0.0006295740604400635,1,1
8782,3.6554999351501465,0.011402576230466366,1,1
8783,3.7142574787139893,0.08263302594423294,1,1
8784,2.4109346866607666,0.2792717516422272,1,1
8785,3.015726089477539,0.14839385449886322,1,1
8786,3.815945625305176,0.06191088631749153,1,1
8787,3.562835216522217,0.0013117686612531543,1,1
8788,3.4900970458984375,0.377984881401062,1,1
8789,3.3233554363250732,0.21168971061706543,1,1
8790,2.867171287536621,1.1670621633529663,1,1
8791,2.685896873474121,0.004717306233942509,1,1
8792,4.030586242675781,2.2635702407569624e-05,1,1
8793,3.0340325832366943,0.08846376091241837,1,1
8794,3.53547739982605,0.10816178470849991,1,1
8795,3.6991841793060303,0.01817317306995392,1,1
8796,3.373059034347534,0.24569760262966156,1,1
8797,3.451847791671753,0.08566754311323166,1,1
8798,3.495877504348755,0.06864482909440994,1,1
8799,3.196589231491089,0.012203474529087543,1,1
8800,3.1398396492004395,0.19097237288951874,1,1
8801,2.7176828384399414,0.004432741552591324,1,1
8802,3.0664079189300537,0.3034791946411133,1,1
8803,3.0247139930725098,0.0018434226512908936,1,1
8804,3.498673677444458,0.28918057680130005,1,1
8805,3.831407070159912,0.0049250186420977116,1,1
8806,3.1847164630889893,0.0597308985888958,1,1
8807,3.397684097290039,0.11501462757587433,1,1
8808,3.5122640132904053,0.04167197272181511,1,1
8809,3.79544734954834,0.007653071079403162,1,1
8810,3.60870623588562,0.6382222771644592,1,1
8811,3.4229679107666016,0.2896063029766083,1,1
8812,3.945939302444458,0.1810588389635086,1,1
8813,3.3533577919006348,0.2639732360839844,1,1
8814,3.322077751159668,0.13841843605041504,1,1
8815,3.440371036529541,0.5108196139335632,1,1
8816,3.3654911518096924,0.23659899830818176,1,1
8817,3.100121259689331,0.1490190625190735,1,1
8818,3.4531352519989014,0.013203980401158333,1,1
8819,3.2603745460510254,0.16228869557380676,1,1
8820,3.916893720626831,0.3633207380771637,1,1
8821,3.781002998352051,0.05922253057360649,1,1
8822,2.978348970413208,0.024698790162801743,1,1
8823,3.5275046825408936,0.0065823690965771675,1,1
8824,3.3087732791900635,0.009185146540403366,1,1
8825,3.34407901763916,0.048078954219818115,1,1
8826,3.4367003440856934,0.16633348166942596,1,1
8827,3.3056142330169678,0.0014158153207972646,1,1
8828,3.7184338569641113,0.006910506170243025,1,1
8829,4.288990020751953,0.010474215261638165,1,1
8830,3.6060407161712646,0.008791746571660042,1,1
8831,3.3695921897888184,0.07169181853532791,1,1
8832,3.7152528762817383,0.013117625378072262,1,1
8833,3.375924825668335,0.008724913001060486,1,1
8834,3.5683746337890625,0.000133440742501989,1,1
8835,3.5636441707611084,0.0006724120466969907,1,1
8836,3.466769218444824,0.0979597344994545,1,1
8837,3.5096211433410645,0.07215768098831177,1,1
8838,3.5889410972595215,0.0005942467832937837,1,1
8839,3.906679630279541,0.1615198403596878,1,1
8840,3.8015923500061035,0.040118586272001266,1,1
8841,3.822232246398926,0.2840142548084259,1,1
8842,3.9896633625030518,0.17327646911144257,1,1
8843,3.7381439208984375,0.18945714831352234,1,1
8844,3.1890439987182617,0.08791923522949219,1,1
8845,3.1822824478149414,0.0065823690965771675,1,1
8846,3.2766921520233154,0.16323868930339813,1,1
8847,4.026700019836426,0.11654483526945114,1,1
8848,3.876450538635254,0.08754193037748337,1,1
8849,3.8596556186676025,0.03478436544537544,1,1
8850,3.6436290740966797,0.016286427155137062,1,1
8851,3.5610404014587402,0.4183328151702881,1,1
8852,3.5511975288391113,0.1357244998216629,1,1
8853,3.9056012630462646,0.03429294750094414,1,1
8854,3.935528039932251,0.00037701279507018626,1,1
8855,3.722836971282959,0.08473234623670578,1,1
8856,3.875995635986328,0.04846059903502464,1,1
8857,3.640915870666504,0.030679861083626747,1,1
8858,3.537947654724121,0.022725729271769524,1,1
8859,3.5812249183654785,1.2204423910588957e-05,1,1
8860,3.596972703933716,0.2431117594242096,1,1
8861,4.286476135253906,0.11001044511795044,1,1
8862,3.7038400173187256,0.21698851883411407,1,1
8863,3.365124225616455,0.0025018572341650724,1,1
8864,4.038912296295166,0.12541840970516205,1,1
8865,3.4943559169769287,0.3410000503063202,1,1
8866,3.970674514770508,0.35980424284935,1,1
8867,3.991323709487915,0.007297648582607508,1,1
8868,3.4472508430480957,0.23957501351833344,1,1
8869,4.1157941818237305,0.02474127523601055,1,1
8870,3.827671527862549,0.051441043615341187,1,1
8871,3.967677116394043,0.008485003374516964,1,1
8872,3.8190505504608154,0.18670326471328735,1,1
8873,4.013030052185059,0.04829079285264015,1,1
8874,3.8024702072143555,0.16122519969940186,1,1
8875,3.7006843090057373,0.01518972683697939,1,1
8876,3.6125428676605225,2.504885287635261e-06,1,1
8877,3.5306873321533203,0.0832778811454773,1,1
8878,3.6333534717559814,0.032143861055374146,1,1
8879,3.192972183227539,0.0013483711518347263,1,1
8880,3.452939987182617,0.00047190123586915433,1,1
8881,3.384481430053711,0.019700074568390846,1,1
8882,3.6694204807281494,0.0021128139924257994,1,1
8883,3.3479883670806885,0.06903982907533646,1,1
8884,3.569283962249756,0.46628475189208984,1,1
8885,3.270310401916504,0.05387688800692558,1,1
8886,2.8742074966430664,0.05828685313463211,1,1
8887,2.482313632965088,0.014484472572803497,1,1
8888,3.3299407958984375,0.01962970197200775,1,1
8889,3.795060873031616,0.2994205355644226,1,1
8890,3.53367280960083,0.20470617711544037,1,1
8891,3.169456720352173,0.0010439291363582015,1,1
8892,3.338623285293579,0.07137176394462585,1,1
8893,3.3936729431152344,0.3549351394176483,1,1
8894,2.3925347328186035,0.868979275226593,1,1
8895,3.392958402633667,0.2600904405117035,1,1
8896,3.6238603591918945,0.05840807035565376,1,1
8897,3.396465539932251,0.13571028411388397,1,1
8898,3.4911270141601562,0.07271871715784073,1,1
8899,3.93648099899292,0.0007228736067190766,1,1
8900,4.005892753601074,0.1461717039346695,1,1
8901,4.177334785461426,0.18263088166713715,1,1
8902,3.7723934650421143,0.030393173918128014,1,1
8903,3.5274293422698975,0.2720264792442322,1,1
8904,3.8292179107666016,0.02398512326180935,1,1
8905,3.6843018531799316,0.0001654856896493584,1,1
8906,3.918022871017456,0.027369936928153038,1,1
8907,3.503939151763916,0.0032101422548294067,1,1
8908,3.814007043838501,0.10873382538557053,1,1
8909,4.343108177185059,0.05289135128259659,1,1
8910,3.9807004928588867,0.25168436765670776,1,1
8911,3.4727962017059326,0.019710911437869072,1,1
8912,3.512144088745117,0.05456000566482544,1,1
8913,3.762716293334961,0.11049109697341919,1,1
8914,4.224932670593262,0.010654741898179054,1,1
8915,4.190123558044434,0.042392149567604065,1,1
8916,3.7429165840148926,0.05585245043039322,1,1
8917,3.708195924758911,0.2626461088657379,1,1
8918,4.305675506591797,0.03430367261171341,1,1
8919,3.6416327953338623,0.09092037379741669,1,1
8920,3.704047441482544,0.018615558743476868,1,1
8921,3.7069218158721924,0.05402034521102905,1,1
8922,3.799034595489502,6.968388333916664e-05,1,1
8923,3.725710153579712,0.1668534129858017,1,1
8924,4.144771099090576,0.06300099939107895,1,1
8925,3.5115253925323486,0.1575113981962204,1,1
8926,3.906798839569092,0.007785339839756489,1,1
8927,3.7357935905456543,0.039016734808683395,1,1
8928,3.5031991004943848,0.10414985567331314,1,1
8929,3.4327569007873535,0.20308510959148407,1,1
8930,3.7894489765167236,0.12491309642791748,1,1
8931,3.6882801055908203,0.0058847106993198395,1,1
8932,3.67661714553833,0.06070658192038536,1,1
8933,3.9504754543304443,0.22662340104579926,1,1
8934,3.8760015964508057,0.3047884404659271,1,1
8935,4.00402307510376,0.05917556956410408,1,1
8936,3.5479278564453125,0.18875211477279663,1,1
8937,3.1124751567840576,0.07784422487020493,1,1
8938,3.322227716445923,0.03598608821630478,1,1
8939,3.6229496002197266,0.048413872718811035,1,1
8940,3.3702592849731445,0.11266376823186874,1,1
8941,3.5828075408935547,0.06360315531492233,1,1
8942,3.9672977924346924,0.8401647806167603,1,1
8943,3.758939743041992,0.02721688151359558,1,1
8944,3.4226856231689453,6.789341568946838e-06,1,1
8945,3.8660435676574707,0.002379810903221369,1,1
8946,3.8748178482055664,0.43006110191345215,1,1
8947,3.577923059463501,0.0001639992988202721,1,1
8948,3.3869125843048096,0.0005872101755812764,1,1
8949,3.274620771408081,0.01815236359834671,1,1
8950,3.6649169921875,0.01809520088136196,1,1
8951,3.094564199447632,0.02001284621655941,1,1
8952,3.0463342666625977,0.48458296060562134,1,1
8953,2.5935723781585693,0.003765977919101715,1,1
8954,2.3561744689941406,0.011957395821809769,1,1
8955,3.0004539489746094,0.3127785623073578,1,1
8956,2.814589500427246,0.10481740534305573,1,1
8957,3.7464985847473145,0.00021263222151901573,1,1
8958,3.203207015991211,0.00463810283690691,1,1
8959,3.280500888824463,0.018090007826685905,1,1
8960,3.1967811584472656,0.009963070042431355,1,1
8961,2.8307406902313232,0.016449401155114174,1,1
8962,2.9806482791900635,0.0002182983880629763,1,1
8963,3.4086732864379883,0.004098746459931135,1,1
8964,2.84435772895813,0.02276356890797615,1,1
8965,3.003506898880005,0.049610286951065063,1,1
8966,3.3589041233062744,0.24003814160823822,1,1
8967,3.3973467350006104,0.01552458107471466,1,1
8968,3.2483909130096436,0.019724464043974876,1,1
8969,3.490201234817505,0.0012550727697089314,1,1
8970,3.3185555934906006,0.01706652157008648,1,1
8971,2.7509164810180664,0.22794845700263977,1,1
8972,3.2177772521972656,0.046093858778476715,1,1
8973,3.1818044185638428,0.07998040318489075,1,1
8974,3.250495672225952,0.0005467729060910642,1,1
8975,3.3609983921051025,0.00046106288209557533,1,1
8976,3.532829523086548,0.04822295531630516,1,1
8977,3.5045008659362793,0.2538580298423767,1,1
8978,3.428171157836914,0.07992037385702133,1,1
8979,3.3837149143218994,0.1587393879890442,1,1
8980,3.3786442279815674,0.09695349633693695,1,1
8981,3.231041431427002,0.0016829930245876312,1,1
8982,3.43196439743042,0.031322140246629715,1,1
8983,2.966764450073242,0.5726913213729858,1,1
8984,3.561650514602661,0.14961571991443634,1,1
8985,3.7325921058654785,0.052545685321092606,1,1
8986,3.7184348106384277,0.14443539083003998,1,1
8987,3.5560877323150635,0.02796708047389984,1,1
8988,3.5772147178649902,0.05617678165435791,1,1
8989,3.516294479370117,0.03492489829659462,1,1
8990,3.4384703636169434,0.0002688356616999954,1,1
8991,3.674640417098999,0.11752867698669434,1,1
8992,3.627678632736206,0.01443573273718357,1,1
8993,3.3820960521698,0.14708076417446136,1,1
8994,3.8912932872772217,0.05547903850674629,1,1
8995,3.3862977027893066,0.01121783908456564,1,1
8996,3.7175939083099365,0.03208506107330322,1,1
8997,3.746485948562622,0.0008950009942054749,1,1
8998,3.447418689727783,0.00015330399037338793,1,1
8999,3.1312849521636963,0.012783767655491829,1,1
9000,3.509253740310669,0.003493914846330881,1,1
9001,3.6381983757019043,0.8993592262268066,1,1
9002,3.1016428470611572,0.16184578835964203,1,1
9003,3.682487964630127,0.20225095748901367,1,1
9004,3.290550470352173,0.37986209988594055,1,1
9005,3.428704023361206,0.05400240421295166,1,1
9006,3.320159435272217,0.14484645426273346,1,1
9007,3.5526795387268066,0.03828440234065056,1,1
9008,3.555534839630127,0.013453547842800617,1,1
9009,3.498530626296997,0.111236572265625,1,1
9010,3.2396764755249023,0.032181937247514725,1,1
9011,3.172044515609741,0.6617806553840637,1,1
9012,3.373816728591919,0.48777246475219727,1,1
9013,3.4900307655334473,0.361972451210022,1,1
9014,3.764448881149292,0.09563584625720978,1,1
9015,3.0517311096191406,0.057784684002399445,1,1
9016,3.380295753479004,0.14149439334869385,1,1
9017,4.323826313018799,0.010013222694396973,1,1
9018,3.785773277282715,0.032216574996709824,1,1
9019,3.977163076400757,0.01366029679775238,1,1
9020,4.133810043334961,0.018266964703798294,1,1
9021,4.031660079956055,0.05356821417808533,1,1
9022,4.0961480140686035,0.004399393685162067,1,1
9023,3.9979326725006104,0.01279904879629612,1,1
9024,3.4327757358551025,0.007391933351755142,1,1
9025,3.2643678188323975,0.0031081705819815397,1,1
9026,3.6526520252227783,0.049275532364845276,1,1
9027,3.5367932319641113,0.002446176949888468,1,1
9028,3.2625362873077393,0.018191391602158546,1,1
9029,3.3734421730041504,0.027799487113952637,1,1
9030,3.965280532836914,0.04176659137010574,1,1
9031,3.2819621562957764,0.14775513112545013,1,1
9032,3.109003782272339,0.02404494397342205,1,1
9033,3.7855663299560547,0.06842250376939774,1,1
9034,3.308533191680908,0.01700102537870407,1,1
9035,3.4481561183929443,0.006634145975112915,1,1
9036,3.716587543487549,0.011150479316711426,1,1
9037,3.6351022720336914,6.008520813338691e-06,1,1
9038,3.501415491104126,0.06994549930095673,1,1
9039,3.704286813735962,0.006797057576477528,1,1
9040,3.537970781326294,0.29264718294143677,1,1
9041,3.127075672149658,0.006960334721952677,1,1
9042,3.2775349617004395,0.170212984085083,1,1
9043,3.7364563941955566,0.0016727152979001403,1,1
9044,3.672950506210327,0.10368942469358444,1,1
9045,3.6602747440338135,0.000822617148514837,1,1
9046,3.8204243183135986,0.03249431774020195,1,1
9047,3.5189051628112793,0.004782486241310835,1,1
9048,3.9011569023132324,0.019925566390156746,1,1
9049,3.609307289123535,0.43954259157180786,1,1
9050,3.81630277633667,0.09306290000677109,1,1
9051,3.606046199798584,0.06934445351362228,1,1
9052,3.7552194595336914,0.04572579264640808,1,1
9053,3.288311243057251,0.0002954118826892227,1,1
9054,4.183290958404541,0.1844002902507782,1,1
9055,2.8932042121887207,0.00950230285525322,1,1
9056,2.9762563705444336,0.03604469448328018,1,1
9057,3.9474070072174072,0.0943746343255043,1,1
9058,3.6575677394866943,0.15018366277217865,1,1
9059,3.66888689994812,0.202702596783638,1,1
9060,3.3544931411743164,0.04621410369873047,1,1
9061,3.2173824310302734,0.015761151909828186,1,1
9062,3.28949236869812,0.25915616750717163,1,1
9063,3.6179392337799072,0.04108697175979614,1,1
9064,3.8040714263916016,0.02275192178785801,1,1
9065,3.318848133087158,0.680724561214447,1,1
9066,3.8324568271636963,0.026157507672905922,1,1
9067,3.235536575317383,0.0752067118883133,1,1
9068,3.4659390449523926,0.038503751158714294,1,1
9069,3.691265106201172,0.01113418024033308,1,1
9070,2.9739415645599365,0.00011997530236840248,1,1
9071,3.2756056785583496,0.01335076428949833,1,1
9072,2.9942972660064697,0.11456342041492462,1,1
9073,3.4342143535614014,0.04249553382396698,1,1
9074,4.073441028594971,0.024811148643493652,1,1
9075,3.3628315925598145,0.00748849380761385,1,1
9076,3.3821351528167725,0.028135178610682487,1,1
9077,3.3697471618652344,0.018277399241924286,1,1
9078,3.516554832458496,0.12956702709197998,1,1
9079,3.4415504932403564,0.04603586345911026,1,1
9080,3.5880842208862305,0.043633025139570236,1,1
9081,3.649456739425659,0.03395068272948265,1,1
9082,3.6234028339385986,0.0017437086207792163,1,1
9083,3.50734543800354,0.13229773938655853,1,1
9084,3.303318977355957,0.00018071840167976916,1,1
9085,3.0523793697357178,0.062276411801576614,1,1
9086,4.035295009613037,0.004869639873504639,1,1
9087,3.7029647827148438,0.23441658914089203,1,1
9088,3.7752127647399902,0.012203474529087543,1,1
9089,3.9145290851593018,0.16877473890781403,1,1
9090,3.947014331817627,0.07098042219877243,1,1
9091,3.9145774841308594,0.01903928816318512,1,1
9092,3.268286943435669,0.003959089517593384,1,1
9093,3.2052712440490723,0.03356414660811424,1,1
9094,3.850486993789673,0.057353999465703964,1,1
9095,4.0540056228637695,0.043798480182886124,1,1
9096,3.2727224826812744,0.0549665167927742,1,1
9097,3.4413018226623535,0.08013331145048141,1,1
9098,4.03861665725708,0.346136212348938,1,1
9099,4.064265251159668,0.18711213767528534,1,1
9100,3.945704936981201,0.028463110327720642,1,1
9101,3.856873035430908,0.0018326655263081193,1,1
9102,3.7526168823242188,0.014734089374542236,1,1
9103,3.7084922790527344,0.019966453313827515,1,1
9104,3.478355646133423,0.13635095953941345,1,1
9105,4.053836822509766,0.23870666325092316,1,1
9106,3.774075508117676,0.0156716238707304,1,1
9107,4.007365703582764,0.02843381278216839,1,1
9108,3.8665850162506104,0.06636322289705276,1,1
9109,4.2539873123168945,3.614369916249416e-06,1,1
9110,3.7794926166534424,0.02587421052157879,1,1
9111,3.9094576835632324,0.27457931637763977,1,1
9112,4.618947982788086,0.002248901640996337,1,1
9113,4.071784019470215,0.08347851783037186,1,1
9114,4.041734218597412,0.49522820115089417,1,1
9115,3.8522326946258545,0.030258730053901672,1,1
9116,4.247354030609131,0.00013299519196152687,1,1
9117,4.271573543548584,0.06712613999843597,1,1
9118,3.552186965942383,0.3315426707267761,1,1
9119,4.626601696014404,0.17998455464839935,1,1
9120,4.413780689239502,0.1343485414981842,1,1
9121,4.153786659240723,0.0002345600223634392,1,1
9122,4.799050331115723,0.11029230803251266,1,1
9123,3.7472598552703857,0.14193761348724365,1,1
9124,3.8189189434051514,0.3042026460170746,1,1
9125,3.9592981338500977,0.2823401093482971,1,1
9126,4.070199489593506,0.000251405785093084,1,1
9127,3.753556966781616,0.023441223427653313,1,1
9128,4.38426399230957,0.010478165931999683,1,1
9129,4.0110931396484375,0.010373714379966259,1,1
9130,4.422493934631348,0.005035345442593098,1,1
9131,3.5016350746154785,0.28040510416030884,1,1
9132,3.4162073135375977,0.007822851650416851,1,1
9133,3.720832109451294,0.5307365655899048,1,1
9134,3.9601287841796875,0.6046153903007507,1,1
9135,3.7196919918060303,0.3510705828666687,1,1
9136,3.842038154602051,0.4386473298072815,1,1
9137,3.4404139518737793,0.35163116455078125,1,1
9138,3.625027656555176,0.18298572301864624,1,1
9139,3.401000738143921,0.10635395348072052,1,1
9140,3.690488576889038,0.0019442066550254822,1,1
9141,3.5310733318328857,0.05143667012453079,1,1
9142,3.9519762992858887,0.029352402314543724,1,1
9143,4.14185905456543,0.2302580326795578,1,1
9144,3.693570613861084,0.6141980886459351,1,1
9145,3.7606494426727295,0.6448233127593994,1,1
9146,3.9040234088897705,0.4759023189544678,1,1
9147,3.8426263332366943,0.3345947563648224,1,1
9148,3.3971614837646484,0.47716808319091797,1,1
9149,4.040420055389404,0.4757026135921478,1,1
9150,3.499089002609253,0.07525964826345444,1,1
9151,3.5243308544158936,0.5774628520011902,1,1
9152,3.3925888538360596,0.00116248510312289,1,1
9153,3.755938768386841,0.09067609906196594,1,1
9154,3.2097606658935547,0.0009698354988358915,1,1
9155,3.093615770339966,0.067918561398983,1,1
9156,3.654122829437256,0.16035838425159454,1,1
9157,3.1069998741149902,0.0038182742428034544,1,1
9158,3.5827598571777344,0.13823898136615753,1,1
9159,3.7382054328918457,0.0043496075086295605,1,1
9160,3.521841049194336,0.15296393632888794,1,1
9161,3.389603853225708,0.04408574104309082,1,1
9162,3.7614619731903076,0.06648758053779602,1,1
9163,3.7084708213806152,0.02569754794239998,1,1
9164,3.44390869140625,0.005837426520884037,1,1
9165,3.6306052207946777,0.01821482740342617,1,1
9166,3.7440638542175293,0.21174299716949463,1,1
9167,3.5916569232940674,0.06647762656211853,1,1
9168,3.534356117248535,0.02819996513426304,1,1
9169,3.526679515838623,0.005463164299726486,1,1
9170,3.4525465965270996,0.013827740214765072,1,1
9171,3.431093215942383,0.21956749260425568,1,1
9172,3.5710721015930176,0.41033196449279785,1,1
9173,3.7080609798431396,0.05078215152025223,1,1
9174,3.7866032123565674,0.009769439697265625,1,1
9175,3.425999641418457,0.012288910336792469,1,1
9176,3.165924549102783,0.23494020104408264,1,1
9177,3.2226009368896484,0.00552611518651247,1,1
9178,3.292820692062378,0.33960390090942383,1,1
9179,3.1126551628112793,0.19105671346187592,1,1
9180,3.5988898277282715,0.22878777980804443,1,1
9181,3.5004498958587646,0.043673351407051086,1,1
9182,3.312232732772827,0.001215054071508348,1,1
9183,3.5008509159088135,0.0031817727722227573,1,1
9184,3.524470567703247,0.23219779133796692,1,1
9185,3.5031919479370117,0.15500889718532562,1,1
9186,3.3992319107055664,0.06799907237291336,1,1
9187,3.3573288917541504,0.0021412991918623447,1,1
9188,3.4421591758728027,0.009539969265460968,1,1
9189,3.137083053588867,0.13483712077140808,1,1
9190,3.895928382873535,0.05381866917014122,1,1
9191,3.920314073562622,0.03227202594280243,1,1
9192,2.888953685760498,0.09433906525373459,1,1
9193,3.1399831771850586,0.1988971084356308,1,1
9194,3.32785964012146,0.03767130523920059,1,1
9195,3.606635570526123,5.031237378716469e-05,1,1
9196,3.2806224822998047,0.10958194732666016,1,1
9197,3.252232551574707,0.0779627338051796,1,1
9198,3.0740129947662354,0.02367822639644146,1,1
9199,3.0465118885040283,0.033053379505872726,1,1
9200,2.9204752445220947,0.1615663766860962,1,1
9201,2.912180185317993,0.034831177443265915,1,1
9202,3.112311601638794,1.730034091451671e-05,1,1
9203,3.249192237854004,0.006653024349361658,1,1
9204,2.7290170192718506,0.20215550065040588,1,1
9205,3.2606101036071777,0.7252212166786194,1,1
9206,3.2985291481018066,0.059372931718826294,1,1
9207,3.1659152507781982,0.004080232232809067,1,1
9208,3.4139482975006104,0.014410234987735748,1,1
9209,3.205894947052002,0.0011559136910364032,1,1
9210,2.9851839542388916,0.05854342132806778,1,1
9211,2.902883529663086,0.14723624289035797,1,1
9212,2.8598272800445557,0.07014471292495728,1,1
9213,3.083329200744629,0.6228503584861755,1,1
9214,2.8034322261810303,0.7274089455604553,1,1
9215,2.3457183837890625,0.0007837825687602162,1,1
9216,3.1669857501983643,0.0007730127545073628,1,1
9217,3.5698938369750977,0.048537109047174454,1,1
9218,3.3091378211975098,0.04645923525094986,1,1
9219,3.336150884628296,0.017612939700484276,1,1
9220,3.031869411468506,0.04467124119400978,1,1
9221,3.3525938987731934,0.00022461722255684435,1,1
9222,3.252999782562256,0.004080232232809067,1,1
9223,2.8389892578125,0.2593134045600891,1,1
9224,3.1439216136932373,0.005021658726036549,1,1
9225,3.3563342094421387,0.010654741898179054,1,1
9226,3.426901340484619,0.004009038209915161,1,1
9227,3.6390929222106934,0.04973934218287468,1,1
9228,3.7413806915283203,0.01975700631737709,1,1
9229,3.4440228939056396,0.7055988311767578,1,1
9230,3.9010212421417236,0.17839953303337097,1,1
9231,3.665973663330078,0.09589267522096634,1,1
9232,3.8679521083831787,0.08353986591100693,1,1
9233,3.565855026245117,0.0024290240835398436,1,1
9234,3.9896225929260254,0.05487152934074402,1,1
9235,4.019658088684082,0.0469890832901001,1,1
9236,3.4697282314300537,0.12357964366674423,1,1
9237,3.673454999923706,0.1322064846754074,1,1
9238,3.37842059135437,0.036316365003585815,1,1
9239,3.533735513687134,0.07703854888677597,1,1
9240,3.720651388168335,0.16959244012832642,1,1
9241,3.379539966583252,0.006557337939739227,1,1
9242,3.5057637691497803,0.18706205487251282,1,1
9243,3.6097190380096436,0.10963945835828781,1,1
9244,3.3064403533935547,0.18435056507587433,1,1
9245,3.2273917198181152,0.034845586866140366,1,1
9246,3.3568434715270996,0.0007109874277375638,1,1
9247,3.4103901386260986,0.05066912993788719,1,1
9248,4.063451290130615,0.12736715376377106,1,1
9249,3.70918345451355,0.016933145001530647,1,1
9250,4.262068271636963,0.3012928068637848,1,1
9251,3.7198195457458496,0.05385449528694153,1,1
9252,3.2638044357299805,0.21851061284542084,1,1
9253,3.134582281112671,0.005121999885886908,1,1
9254,3.6301944255828857,0.05951881408691406,1,1
9255,3.2229864597320557,0.016479119658470154,1,1
9256,3.6650447845458984,0.02317602001130581,1,1
9257,3.603933095932007,0.018562927842140198,1,1
9258,4.254449367523193,0.3054494559764862,1,1
9259,3.4550278186798096,0.09323373436927795,1,1
9260,3.8575589656829834,0.0027268119156360626,1,1
9261,3.5110089778900146,0.07385778427124023,1,1
9262,3.429417610168457,0.09964021295309067,1,1
9263,3.647204637527466,0.4175342619419098,1,1
9264,3.675821542739868,0.041616830974817276,1,1
9265,3.5187292098999023,0.045359205454587936,1,1
9266,3.4144833087921143,0.0967012494802475,1,1
9267,3.447859764099121,0.047378990799188614,1,1
9268,4.150213241577148,0.07650376856327057,1,1
9269,3.6831257343292236,0.22598068416118622,1,1
9270,4.069462776184082,0.00964204128831625,1,1
9271,3.86492919921875,0.00038948142901062965,1,1
9272,4.019857883453369,0.07304176688194275,1,1
9273,3.5946969985961914,0.1916477233171463,1,1
9274,4.438633441925049,0.26662760972976685,1,1
9275,3.6443028450012207,0.29901933670043945,1,1
9276,3.5212459564208984,0.10636653751134872,1,1
9277,3.1317739486694336,0.23278407752513885,1,1
9278,4.294783592224121,0.00438404455780983,1,1
9279,4.098343849182129,0.011470690369606018,1,1
9280,3.651897668838501,0.001856705523096025,1,1
9281,4.245413303375244,0.10855569690465927,1,1
9282,3.565035343170166,0.009035924449563026,1,1
9283,4.244957447052002,0.09646131843328476,1,1
9284,3.34023380279541,0.004347062204033136,1,1
9285,4.323644638061523,0.004018820822238922,1,1
9286,4.30931282043457,0.0880165621638298,1,1
9287,3.67187237739563,0.06955808401107788,1,1
9288,3.8903143405914307,0.0037968368269503117,1,1
9289,3.6619489192962646,0.04864347353577614,1,1
9290,3.9805450439453125,0.0005404726834967732,1,1
9291,3.567640781402588,0.021353378891944885,1,1
9292,4.407383441925049,0.020590348169207573,1,1
9293,4.0536394119262695,0.010672680102288723,1,1
9294,3.2936580181121826,0.3749295771121979,1,1
9295,2.9636127948760986,0.41666170954704285,1,1
9296,3.564197063446045,0.15200674533843994,1,1
9297,3.3238532543182373,0.2137995958328247,1,1
9298,3.4208920001983643,0.08677836507558823,1,1
9299,3.2319023609161377,0.15010885894298553,1,1
9300,2.9213595390319824,0.1537802815437317,1,1
9301,2.8806703090667725,0.006317318882793188,1,1
9302,2.743972063064575,0.025663524866104126,1,1
9303,2.763866901397705,0.016903018578886986,1,1
9304,2.7173876762390137,0.01592148467898369,1,1
9305,2.8124163150787354,0.001881739473901689,1,1
9306,3.1899542808532715,0.017513183876872063,1,1
9307,3.100522041320801,0.3058762848377228,1,1
9308,3.446209669113159,0.00022548587003257126,1,1
9309,3.552755832672119,0.3413721024990082,1,1
9310,3.724186420440674,0.007220359984785318,1,1
9311,2.412899971008301,0.04802818223834038,1,1
9312,3.8608591556549072,0.07199186831712723,1,1
9313,3.5555365085601807,0.020745735615491867,1,1
9314,3.4140470027923584,0.05531550198793411,1,1
9315,3.7266998291015625,0.008323985151946545,1,1
9316,3.520113945007324,0.0056792497634887695,1,1
9317,4.007187843322754,0.5212041139602661,1,1
9318,3.3389363288879395,0.00038948142901062965,1,1
9319,3.420982599258423,0.02475038170814514,1,1
9320,3.8386070728302,0.09671325236558914,1,1
9321,3.372929811477661,0.0007810831302776933,1,1
9322,2.7592177391052246,0.08120227605104446,1,1
9323,3.503810167312622,0.23087897896766663,1,1
9324,3.568179130554199,0.11031794548034668,1,1
9325,3.812638998031616,0.006854463368654251,1,1
9326,3.642437219619751,0.057063162326812744,1,1
9327,4.536554336547852,0.09546878933906555,1,1
9328,3.251736640930176,0.5319746732711792,1,1
9329,3.5352044105529785,0.09282753616571426,1,1
9330,3.0375967025756836,0.007197417318820953,1,1
9331,3.136806011199951,0.00520521542057395,1,1
9332,3.2004594802856445,0.055115945637226105,1,1
9333,3.610991954803467,0.2571556270122528,1,1
9334,3.4555063247680664,0.006979671306908131,1,1
9335,2.9091267585754395,0.04188105836510658,1,1
9336,3.3156073093414307,0.12000972032546997,1,1
9337,3.4728076457977295,0.016156142577528954,1,1
9338,3.446322441101074,0.13213633000850677,1,1
9339,3.190521717071533,0.1410881131887436,1,1
9340,3.8484442234039307,0.00011289501708233729,1,1
9341,3.316387891769409,0.05990083888173103,1,1
9342,3.871382236480713,0.010187800973653793,1,1
9343,3.792773485183716,0.30803635716438293,1,1
9344,3.278995990753174,0.051721591502428055,1,1
9345,3.0242443084716797,0.33356842398643494,1,1
9346,3.1026484966278076,0.00622865604236722,1,1
9347,2.8866913318634033,0.0347735695540905,1,1
9348,3.70634126663208,0.08397556841373444,1,1
9349,3.6404495239257812,0.07560421526432037,1,1
9350,3.484581708908081,0.2133268564939499,1,1
9351,3.4892385005950928,0.026163751259446144,1,1
9352,3.2452762126922607,0.003987071104347706,1,1
9353,3.4895026683807373,0.006551087833940983,1,1
9354,3.0655930042266846,0.019218143075704575,1,1
9355,2.9136016368865967,0.02636393904685974,1,1
9356,3.1258797645568848,0.20319819450378418,1,1
9357,3.3565893173217773,0.06869540363550186,1,1
9358,3.456399440765381,0.08546993881464005,1,1
9359,3.7808401584625244,0.1892891675233841,1,1
9360,3.6115591526031494,0.32148465514183044,1,1
9361,2.481581926345825,0.05930240824818611,1,1
9362,2.756974458694458,0.010442633181810379,1,1
9363,3.1658098697662354,0.20939595997333527,1,1
9364,3.0020267963409424,0.04816363379359245,1,1
9365,2.812544584274292,0.08479977399110794,1,1
9366,3.529670238494873,0.11231420189142227,1,1
9367,3.011570692062378,0.005296122282743454,1,1
9368,2.087247133255005,0.2966178059577942,1,1
9369,3.1988749504089355,0.01399848610162735,1,1
9370,3.378875255584717,8.422890823567286e-05,1,1
9371,3.283151149749756,0.03695176541805267,1,1
9372,3.142557382583618,0.012531876564025879,1,1
9373,3.188105344772339,0.05678686127066612,1,1
9374,3.6488776206970215,0.00042491554631851614,1,1
9375,3.4376533031463623,0.41138359904289246,1,1
9376,3.5107762813568115,0.0026726580690592527,1,1
9377,3.358219861984253,0.006900882814079523,1,1
9378,3.407975196838379,0.08508103340864182,1,1
9379,3.4625582695007324,0.02217051200568676,1,1
9380,3.251976251602173,0.0018120668828487396,1,1
9381,3.3109054565429688,0.041483066976070404,1,1
9382,3.1215033531188965,0.011898373253643513,1,1
9383,3.8686699867248535,0.008509911596775055,1,1
9384,3.6846227645874023,0.0822063609957695,1,1
9385,3.908871650695801,0.08494596928358078,1,1
9386,3.63535475730896,0.2666774392127991,1,1
9387,3.4812233448028564,0.05182259902358055,1,1
9388,3.132113218307495,0.04301435127854347,1,1
9389,3.238576889038086,0.25526031851768494,1,1
9390,3.708245277404785,0.10990804433822632,1,1
9391,3.407021999359131,0.00706864008679986,1,1
9392,4.043656349182129,0.03165779635310173,1,1
9393,3.325957775115967,0.0035282247699797153,1,1
9394,3.334878444671631,0.12269916385412216,1,1
9395,4.114156246185303,0.08088907599449158,1,1
9396,3.9573638439178467,0.3582891821861267,1,1
9397,3.1709935665130615,0.14079104363918304,1,1
9398,3.77547287940979,0.08563929796218872,1,1
9399,4.193345546722412,0.049168478697538376,1,1
9400,3.4842376708984375,8.037695806706324e-05,1,1
9401,3.5255889892578125,0.024517124518752098,1,1
9402,3.3591651916503906,0.06458041071891785,1,1
9403,3.1003222465515137,0.32425934076309204,1,1
9404,3.561521530151367,0.05440683290362358,1,1
9405,3.443005323410034,0.02715323306620121,1,1
9406,3.324155807495117,0.0004118875658605248,1,1
9407,3.8132073879241943,0.014405602589249611,1,1
9408,3.5288405418395996,8.529508340870962e-05,1,1
9409,3.441678524017334,1.3096723705530167e-05,1,1
9410,3.167780637741089,0.07791423797607422,1,1
9411,3.839810609817505,0.09465945512056351,1,1
9412,3.567002058029175,0.047656673938035965,1,1
9413,3.132281541824341,0.05707238242030144,1,1
9414,3.353161334991455,0.09111835807561874,1,1
9415,3.387117624282837,0.00359271839261055,1,1
9416,3.5285279750823975,0.327178418636322,1,1
9417,4.081204414367676,0.47325634956359863,1,1
9418,3.8361780643463135,0.000766586628742516,1,1
9419,3.7993195056915283,0.10940951108932495,1,1
9420,3.338240623474121,0.00019988277927041054,1,1
9421,3.5459141731262207,0.041302431374788284,1,1
9422,2.9226787090301514,0.011986962519586086,1,1
9423,3.4445266723632812,0.167540043592453,1,1
9424,2.6058571338653564,0.027347588911652565,1,1
9425,2.1450183391571045,0.05180063471198082,1,1
9426,2.395902395248413,0.018481498584151268,1,1
9427,2.5529706478118896,0.009630672633647919,1,1
9428,2.272007465362549,0.030282234773039818,1,1
9429,2.8203792572021484,0.027421051636338234,1,1
9430,2.980804920196533,0.4046153128147125,1,1
9431,3.473804235458374,0.22252576053142548,1,1
9432,3.1501941680908203,0.9596042037010193,1,1
9433,3.5244240760803223,0.3157215416431427,1,1
9434,3.3631792068481445,0.2792309522628784,1,1
9435,3.2729568481445312,0.3716748356819153,1,1
9436,3.451810121536255,0.15775661170482635,1,1
9437,2.9178216457366943,0.008244931697845459,1,1
9438,2.151271104812622,0.08822854608297348,1,1
9439,2.4169375896453857,0.04536743089556694,1,1
9440,3.0948550701141357,0.09646131843328476,1,1
9441,2.96885085105896,0.00825545098632574,1,1
9442,3.0106801986694336,0.009111303836107254,1,1
9443,2.698631763458252,0.08518239855766296,1,1
9444,2.947812557220459,0.2571556270122528,1,1
9445,2.5018301010131836,0.08431709557771683,1,1
9446,2.4741382598876953,0.00850279163569212,1,1
9447,2.847102642059326,6.0352031141519547e-05,1,1
9448,3.004638195037842,0.2955675423145294,1,1
9449,2.5762431621551514,0.014526315033435822,1,1
9450,2.472036123275757,0.0013890716945752501,1,1
9451,2.670391082763672,0.004877724684774876,1,1
9452,2.833559274673462,0.003199215978384018,1,1
9453,2.5951054096221924,0.07036981731653214,1,1
9454,3.1409213542938232,0.0003443964815232903,1,1
9455,2.561974287033081,0.07680302113294601,1,1
9456,2.9725613594055176,0.2519361674785614,1,1
9457,2.7394025325775146,0.014910327270627022,1,1
9458,2.9004883766174316,0.28136664628982544,1,1
9459,2.931586503982544,0.08278845250606537,1,1
9460,3.1337757110595703,0.005162137094885111,1,1
9461,2.3504862785339355,0.0005522021092474461,1,1
9462,2.453740358352661,0.024149810895323753,1,1
9463,2.7766733169555664,0.1790604591369629,1,1
9464,2.4716567993164062,0.00036622295738197863,1,1
9465,1.7189834117889404,0.0018767192959785461,1,1
9466,3.3491270542144775,0.07419387251138687,1,1
9467,3.0062544345855713,0.05497103929519653,1,1
9468,3.2033023834228516,0.47959771752357483,1,1
9469,2.951390266418457,0.0857127457857132,1,1
9470,2.798417091369629,0.27836471796035767,1,1
9471,3.465869903564453,0.04324683919548988,1,1
9472,3.120671510696411,0.020358359441161156,1,1
9473,3.960873603820801,0.002271842211484909,1,1
9474,3.038142442703247,0.6458777189254761,1,1
9475,2.9154763221740723,1.2938519716262817,1,1
9476,3.239856481552124,1.2182375192642212,1,1
9477,3.3991119861602783,1.5008530616760254,1,1
9478,3.8861029148101807,1.370296597480774,1,1
9479,3.310661554336548,0.577418863773346,1,1
9480,3.771228313446045,0.26493602991104126,1,1
9481,3.4673757553100586,0.05631868913769722,1,1
9482,3.1877872943878174,0.058091308921575546,1,1
9483,3.422443389892578,0.0002459273673593998,1,1
9484,3.3698484897613525,0.058753758668899536,1,1
9485,3.2228779792785645,0.0030322407837957144,1,1
9486,3.2162070274353027,0.11579488962888718,1,1
9487,3.180544376373291,0.2034854143857956,1,1
9488,2.953386068344116,0.2684645354747772,1,1
9489,3.1886684894561768,0.19179140031337738,1,1
9490,2.925860643386841,0.06089695170521736,1,1
9491,3.3362157344818115,0.011522428132593632,1,1
9492,3.293546438217163,0.35623568296432495,1,1
9493,3.0956618785858154,0.0037553254514932632,1,1
9494,3.460688591003418,0.23066571354866028,1,1
9495,3.427753210067749,0.08054909110069275,1,1
9496,3.4391748905181885,0.07457288354635239,1,1
9497,4.247359752655029,0.2303691953420639,1,1
9498,3.52643084526062,0.06998633593320847,1,1
9499,3.2248196601867676,0.001452360418625176,1,1
9500,3.1600427627563477,0.6736565828323364,1,1
9501,3.3845102787017822,0.14933215081691742,1,1
9502,3.3843724727630615,0.12417745590209961,1,1
9503,3.5780954360961914,0.008197680115699768,1,1
9504,3.5158462524414062,0.24552540481090546,1,1
9505,3.1573309898376465,0.09329857677221298,1,1
9506,3.796482563018799,0.011240336112678051,1,1
9507,3.397817373275757,0.1003359779715538,1,1
9508,3.5098869800567627,0.00487098703160882,1,1
9509,3.4138150215148926,0.11470718681812286,1,1
9510,3.8826701641082764,0.012577292509377003,1,1
9511,3.816279888153076,0.0010013432474806905,1,1
9512,3.5574567317962646,0.013895913027226925,1,1
9513,3.576076030731201,0.09730839729309082,1,1
9514,3.5012731552124023,0.004234542138874531,1,1
9515,2.520202398300171,0.06344262510538101,1,1
9516,2.861663579940796,0.010497932322323322,1,1
9517,3.8943655490875244,0.04811282083392143,1,1
9518,3.903862237930298,0.11141045391559601,1,1
9519,3.2788031101226807,0.22929583489894867,1,1
9520,3.0037379264831543,0.0033293329179286957,1,1
9521,3.0031087398529053,0.17831800878047943,1,1
9522,3.8664391040802,0.012768496759235859,1,1
9523,3.587733507156372,0.12391912937164307,1,1
9524,3.500828504562378,0.2699366509914398,1,1
9525,3.5199310779571533,0.05275827273726463,1,1
9526,3.5579395294189453,0.03147604689002037,1,1
9527,3.5251119136810303,0.0020774758886545897,1,1
9528,3.8255417346954346,0.1482006162405014,1,1
9529,3.7473347187042236,0.04952004924416542,1,1
9530,3.6652016639709473,0.252168744802475,1,1
9531,3.7109122276306152,0.07098042219877243,1,1
9532,3.010967493057251,0.01728913001716137,1,1
9533,2.937793016433716,0.10518640279769897,1,1
9534,2.968839406967163,0.27437707781791687,1,1
9535,4.117806434631348,0.009344917722046375,1,1
9536,3.509845018386841,0.005238689482212067,1,1
9537,3.339134931564331,0.06850331276655197,1,1
9538,3.618903636932373,0.030558276921510696,1,1
9539,3.1859073638916016,0.0011493609054014087,1,1
9540,3.1266367435455322,0.0660652294754982,1,1
9541,3.5441980361938477,0.25477296113967896,1,1
9542,3.49920916557312,0.17805729806423187,1,1
9543,3.2458715438842773,0.03243519365787506,1,1
9544,3.6337437629699707,9.689480293673114e-07,1,1
9545,3.110544204711914,0.15372730791568756,1,1
9546,3.390094041824341,0.05660303309559822,1,1
9547,3.3312618732452393,0.004827976226806641,1,1
9548,3.0771055221557617,0.09426793456077576,1,1
9549,3.3278920650482178,0.11934202164411545,1,1
9550,3.3169963359832764,0.24667440354824066,1,1
9551,3.3710083961486816,0.043134525418281555,1,1
9552,3.2589447498321533,0.05562916398048401,1,1
9553,3.3791587352752686,0.03188485652208328,1,1
9554,3.305917501449585,0.00016872920969035476,1,1
9555,3.316737174987793,0.02724236063659191,1,1
9556,3.2483513355255127,0.12924765050411224,1,1
9557,3.5162317752838135,0.1588086187839508,1,1
9558,3.3253791332244873,0.16661697626113892,1,1
9559,3.4803977012634277,0.00026067058206535876,1,1
9560,3.227670192718506,0.0023497759830206633,1,1
9561,3.3797950744628906,0.025598634034395218,1,1
9562,3.3520681858062744,0.22731304168701172,1,1
9563,3.1371917724609375,0.06735637038946152,1,1
9564,3.1334714889526367,0.1389647275209427,1,1
9565,3.2622973918914795,0.005153819918632507,1,1
9566,3.8885915279388428,0.21201841533184052,1,1
9567,3.1805222034454346,0.09115331619977951,1,1
9568,2.6753387451171875,0.23910287022590637,1,1
9569,3.075549364089966,0.24386413395404816,1,1
9570,2.9112367630004883,0.32614147663116455,1,1
9571,2.9438633918762207,0.08161529898643494,1,1
9572,2.8648855686187744,0.011831097304821014,1,1
9573,3.444744110107422,7.114149775588885e-05,1,1
9574,3.102902889251709,0.1371217668056488,1,1
9575,2.6838366985321045,0.24654021859169006,1,1
9576,2.6277177333831787,0.2128368467092514,1,1
9577,3.182849884033203,0.540596604347229,1,1
9578,3.3112733364105225,0.1662469059228897,1,1
9579,3.370270013809204,0.2936399579048157,1,1
9580,3.267422914505005,0.0439116545021534,1,1
9581,3.466024875640869,0.008060206659138203,1,1
9582,2.5388729572296143,0.025638794526457787,1,1
9583,2.3493378162384033,0.003960303962230682,1,1
9584,2.968508243560791,0.3111722767353058,1,1
9585,3.934494733810425,0.2948229908943176,1,1
9586,3.542793035507202,0.18498091399669647,1,1
9587,3.403939962387085,0.3470907211303711,1,1
9588,3.4875082969665527,0.4333329200744629,1,1
9589,3.1262452602386475,0.07527024298906326,1,1
9590,3.002197027206421,0.03378728777170181,1,1
9591,3.4149999618530273,0.06443335115909576,1,1
9592,3.3802146911621094,0.003153529018163681,1,1
9593,3.2327187061309814,0.1596403867006302,1,1
9594,4.152525901794434,0.07292184233665466,1,1
9595,3.2135543823242188,0.05648370459675789,1,1
9596,3.0734755992889404,0.04866050183773041,1,1
9597,3.9992425441741943,0.0221274234354496,1,1
9598,3.3073010444641113,0.30308592319488525,1,1
9599,3.7264623641967773,0.0037305280566215515,1,1
9600,3.214125394821167,0.005392067134380341,1,1
9601,3.2808308601379395,0.10793337970972061,1,1
9602,3.2994792461395264,0.025846276432275772,1,1
9603,3.059037685394287,0.03896719217300415,1,1
9604,3.6718952655792236,0.0019035711884498596,1,1
9605,3.4837114810943604,0.1752828061580658,1,1
9606,2.943650007247925,0.0019408039515838027,1,1
9607,2.79434871673584,0.008169743232429028,1,1
9608,2.949598550796509,0.09410207718610764,1,1
9609,3.2358615398406982,0.007101132068783045,1,1
9610,3.3345301151275635,0.02550915814936161,1,1
9611,2.994121551513672,0.048384152352809906,1,1
9612,3.5509371757507324,0.33253249526023865,1,1
9613,2.067568778991699,0.01552458107471466,1,1
9614,3.0305824279785156,0.008940771222114563,1,1
9615,3.3913094997406006,0.010488047264516354,1,1
9616,3.454669952392578,0.17328451573848724,1,1
9617,3.3848798274993896,0.00010702609870349988,1,1
9618,3.358153820037842,0.0543978288769722,1,1
9619,3.0509233474731445,0.038375090807676315,1,1
9620,2.9805970191955566,1.0050920248031616,1,1
9621,3.5044608116149902,0.1373577117919922,1,1
9622,3.323240041732788,0.10102188587188721,1,1
9623,3.5577101707458496,0.04503914341330528,1,1
9624,3.151012659072876,0.00017582216241862625,1,1
9625,3.362149715423584,0.003448429051786661,1,1
9626,3.6258726119995117,0.2614801824092865,1,1
9627,3.9278085231781006,3.9469545299652964e-05,1,1
9628,3.7601075172424316,0.22577886283397675,1,1
9629,3.695364475250244,0.16142676770687103,1,1
9630,3.7339494228363037,0.10924358665943146,1,1
9631,3.686732053756714,0.0034597725607454777,1,1
9632,3.8378958702087402,0.04753035306930542,1,1
9633,3.2658579349517822,0.07032886147499084,1,1
9634,2.9926416873931885,0.013682864606380463,1,1
9635,3.082505702972412,0.0016671940684318542,1,1
9636,2.7705729007720947,0.009198099374771118,1,1
9637,2.9514718055725098,0.0026289343368262053,1,1
9638,3.1937317848205566,0.16670365631580353,1,1
9639,3.087137460708618,0.2549971044063568,1,1
9640,2.6009130477905273,0.005724430084228516,1,1
9641,3.4475324153900146,0.01683533564209938,1,1
9642,2.9872543811798096,0.012564308010041714,1,1
9643,3.386625289916992,0.2065879851579666,1,1
9644,3.4646155834198,0.22478948533535004,1,1
9645,3.4648404121398926,0.0029050023294985294,1,1
9646,3.4864606857299805,0.012583786621689796,1,1
9647,3.7586491107940674,0.021548433229327202,1,1
9648,3.3403677940368652,0.05668112263083458,1,1
9649,3.4727394580841064,0.1377800852060318,1,1
9650,3.2232377529144287,0.001332824002020061,1,1
9651,3.3353209495544434,0.062691330909729,1,1
9652,3.6587326526641846,0.03974446654319763,1,1
9653,3.4694364070892334,0.06852351874113083,1,1
9654,3.2717180252075195,0.08321662247180939,1,1
9655,3.163318395614624,0.0005728006362915039,1,1
9656,3.332533121109009,0.0006098748417571187,1,1
9657,2.8785367012023926,0.047387391328811646,1,1
9658,2.944819211959839,0.0706106647849083,1,1
9659,2.9756767749786377,0.1991640329360962,1,1
9660,3.160386562347412,0.0019442066550254822,1,1
9661,3.3082659244537354,0.10141488164663315,1,1
9662,3.3167238235473633,0.01907126046717167,1,1
9663,3.181893825531006,0.07003740966320038,1,1
9664,3.7052512168884277,0.07477330416440964,1,1
9665,3.279142141342163,0.029411954805254936,1,1
9666,3.427027702331543,0.0787840411067009,1,1
9667,3.2668895721435547,0.00926485937088728,1,1
9668,3.5302836894989014,0.42949172854423523,1,1
9669,3.333493947982788,0.26414185762405396,1,1
9670,3.2119929790496826,0.014241593889892101,1,1
9671,3.1334564685821533,0.08306079357862473,1,1
9672,3.312045097351074,0.24204705655574799,1,1
9673,3.335768461227417,0.13373374938964844,1,1
9674,3.1715519428253174,0.058510731905698776,1,1
9675,3.016732931137085,0.18757997453212738,1,1
9676,3.405106782913208,0.08829163014888763,1,1
9677,3.176697015762329,0.040056753903627396,1,1
9678,3.605971097946167,0.08947700262069702,1,1
9679,3.476149797439575,0.016675440594553947,1,1
9680,3.2249529361724854,0.11822447925806046,1,1
9681,2.849900245666504,0.4558657705783844,1,1
9682,2.735039472579956,0.15108256042003632,1,1
9683,3.1539011001586914,0.17077085375785828,1,1
9684,3.4220504760742188,0.08913669735193253,1,1
9685,3.089812755584717,0.04423987492918968,1,1
9686,2.997786045074463,0.11521764099597931,1,1
9687,3.1811439990997314,0.0167253240942955,1,1
9688,3.457958221435547,0.0020250275265425444,1,1
9689,2.8129351139068604,0.03183317929506302,1,1
9690,3.057288408279419,0.09142156690359116,1,1
9691,3.408714532852173,0.05883331969380379,1,1
9692,3.1804091930389404,0.11168118566274643,1,1
9693,3.412466049194336,0.25865527987480164,1,1
9694,2.8698313236236572,0.09696551412343979,1,1
9695,3.5237929821014404,0.1607760190963745,1,1
9696,3.1024346351623535,0.08456387370824814,1,1
9697,3.4112467765808105,0.0081053227186203,1,1
9698,3.018139600753784,0.05971674993634224,1,1
9699,3.4546279907226562,0.42030754685401917,1,1
9700,3.027437210083008,0.246482715010643,1,1
9701,3.3386478424072266,0.5427842140197754,1,1
9702,3.179607629776001,0.9576765894889832,1,1
9703,3.4449567794799805,0.018225250765681267,1,1
9704,3.4569568634033203,0.25894004106521606,1,1
9705,3.2018821239471436,0.3935564458370209,1,1
9706,3.3946309089660645,0.20014719665050507,1,1
9707,3.192269802093506,0.05645618587732315,1,1
9708,3.574923038482666,0.18016475439071655,1,1
9709,3.665623903274536,0.038103342056274414,1,1
9710,3.4229376316070557,0.02183268964290619,1,1
9711,3.1840388774871826,0.15211965143680573,1,1
9712,2.899700164794922,0.5463449358940125,1,1
9713,3.1274852752685547,0.03572294861078262,1,1
9714,3.1522536277770996,0.014276166446506977,1,1
9715,3.852546453475952,0.23121297359466553,1,1
9716,3.920732259750366,0.045297566801309586,1,1
9717,3.557713508605957,0.00035340935573913157,1,1
9718,4.1590142250061035,0.005380734801292419,1,1
9719,4.462620735168457,0.15878553688526154,1,1
9720,4.004016399383545,0.4048117697238922,1,1
9721,4.140652656555176,0.5884563326835632,1,1
9722,3.61251163482666,0.06765725463628769,1,1
9723,3.8131520748138428,0.01571514643728733,1,1
9724,3.9470338821411133,0.09207635372877121,1,1
9725,3.8044090270996094,0.007114149630069733,1,1
9726,3.4000699520111084,0.0001338870351901278,1,1
9727,3.7444217205047607,0.23612980544567108,1,1
9728,3.4573891162872314,0.472765177488327,1,1
9729,2.8599648475646973,0.10872109979391098,1,1
9730,3.198866128921509,0.15481896698474884,1,1
9731,2.105860710144043,0.067677341401577,1,1
9732,2.35335111618042,0.010497932322323322,1,1
9733,2.2297587394714355,0.11672940105199814,1,1
9734,3.0197951793670654,0.015044966712594032,1,1
9735,2.9808802604675293,0.005527549888938665,1,1
9736,2.7903635501861572,0.23176085948944092,1,1
9737,2.7783188819885254,0.3613108694553375,1,1
9738,2.366727828979492,0.4947800636291504,1,1
9739,2.7701070308685303,0.21965794265270233,1,1
9740,2.6252148151397705,0.029617538675665855,1,1
9741,2.584581136703491,0.33721235394477844,1,1
9742,2.873990297317505,0.01974886655807495,1,1
9743,2.7174153327941895,0.059839438647031784,1,1
9744,2.6442670822143555,0.00014343122893478721,1,1
9745,2.530320644378662,0.02720414474606514,1,1
9746,2.5047686100006104,0.007355471141636372,1,1
9747,2.584847927093506,0.16553938388824463,1,1
9748,2.8585312366485596,0.19355358183383942,1,1
9749,2.714430332183838,0.19967256486415863,1,1
9750,3.0447330474853516,1.3350986242294312,1,1
9751,2.4319913387298584,4.378111362457275,1,1
9752,3.2654895782470703,0.08677268028259277,1,1
9753,3.060615301132202,0.014491441659629345,1,1
9754,3.40793514251709,0.07890328019857407,1,1
9755,3.456045150756836,0.026157507672905922,1,1
9756,2.8643314838409424,0.19884546101093292,1,1
9757,3.2816543579101562,0.10308124125003815,1,1
9758,3.195288896560669,0.06789341568946838,1,1
9759,3.6881625652313232,0.4255542755126953,1,1
9760,3.4710330963134766,0.6239780783653259,1,1
9761,3.746746063232422,0.0030354298651218414,1,1
9762,3.6105523109436035,0.4247865676879883,1,1
9763,3.3629372119903564,0.19924156367778778,1,1
9764,3.124702215194702,0.05105654150247574,1,1
9765,3.2911858558654785,0.013413280248641968,1,1
9766,3.551313638687134,0.051476072520017624,1,1
9767,3.5707011222839355,0.28789499402046204,1,1
9768,3.376997947692871,0.07270830124616623,1,1
9769,3.3632941246032715,0.4616963863372803,1,1
9770,3.3124237060546875,0.17365430295467377,1,1
9771,3.1749796867370605,0.0010886752279475331,1,1
9772,3.139254570007324,0.029940614476799965,1,1
9773,4.036779880523682,0.033808574080467224,1,1
9774,3.5112481117248535,6.856061372673139e-05,1,1
9775,3.1644721031188965,0.10523023456335068,1,1
9776,2.983691930770874,0.02346191368997097,1,1
9777,3.2002577781677246,0.01755407452583313,1,1
9778,3.0649495124816895,0.01405334658920765,1,1
9779,3.471447229385376,0.10396306961774826,1,1
9780,3.43086838722229,0.02696274220943451,1,1
9781,3.45768404006958,0.08223403990268707,1,1
9782,3.107106924057007,0.04365721717476845,1,1
9783,3.633817672729492,0.050244249403476715,1,1
9784,3.7838199138641357,0.003606614423915744,1,1
9785,3.4622902870178223,0.045482609421014786,1,1
9786,2.8689234256744385,0.14377596974372864,1,1
9787,3.9309802055358887,0.0008516550296917558,1,1
9788,3.9075794219970703,0.00039444901631213725,1,1
9789,3.8771495819091797,0.001231931964866817,1,1
9790,3.118577480316162,0.017862282693386078,1,1
9791,3.8361926078796387,0.007734333164989948,1,1
9792,3.5688765048980713,0.09515892714262009,1,1
9793,3.5718915462493896,0.12942813336849213,1,1
9794,3.616551160812378,0.09723616391420364,1,1
9795,3.804138422012329,0.022493554279208183,1,1
9796,3.508676528930664,0.05667652562260628,1,1
9797,2.8617305755615234,0.01741625741124153,1,1
9798,3.678250312805176,0.02455340512096882,1,1
9799,2.5198919773101807,0.06253678351640701,1,1
9800,3.867635726928711,0.029174108058214188,1,1
9801,3.406078577041626,0.4155287444591522,1,1
9802,2.1173839569091797,0.5132641792297363,1,1
9803,3.6775360107421875,0.4968322217464447,1,1
9804,3.5174593925476074,0.2132822722196579,1,1
9805,3.475755214691162,0.22444188594818115,1,1
9806,3.673266649246216,0.18156015872955322,1,1
9807,3.0852489471435547,0.18708710372447968,1,1
9808,3.716390371322632,0.49150004982948303,1,1
9809,2.9384984970092773,0.053988952189683914,1,1
9810,3.303406000137329,0.014614847488701344,1,1
9811,3.383580207824707,0.03420364856719971,1,1
9812,3.36274790763855,0.038564372807741165,1,1
9813,3.441437005996704,0.10813003778457642,1,1
9814,3.898940324783325,0.042388174682855606,1,1
9815,3.091402530670166,0.004556963685899973,1,1
9816,3.715233564376831,0.3866369426250458,1,1
9817,3.7452828884124756,0.3149736821651459,1,1
9818,3.229382038116455,0.0020354636944830418,1,1
9819,3.3021702766418457,0.059858329594135284,1,1
9820,3.5756924152374268,0.0021252527367323637,1,1
9821,3.368558406829834,0.004468795843422413,1,1
9822,3.508664131164551,0.008008305914700031,1,1
9823,3.3293848037719727,0.12727761268615723,1,1
9824,3.672368049621582,0.0036694786977022886,1,1
9825,3.370265483856201,0.2855076789855957,1,1
9826,3.6535484790802,0.020062023773789406,1,1
9827,3.5374441146850586,0.0008331687422469258,1,1
9828,2.9542880058288574,0.013642256148159504,1,1
9829,3.2647931575775146,0.0083187036216259,1,1
9830,4.026935577392578,2.3190024876384996e-05,1,1
9831,4.2461957931518555,0.07317745685577393,1,1
9832,3.7102484703063965,9.127892553806305e-05,1,1
9833,2.6064951419830322,0.07267708331346512,1,1
9834,3.630018711090088,0.012209871783852577,1,1
9835,4.310366153717041,0.03196072205901146,1,1
9836,3.0508666038513184,0.20807324349880219,1,1
9837,3.493835210800171,0.48273059725761414,1,1
9838,3.537940740585327,0.3903663456439972,1,1
9839,3.6392862796783447,0.8575918078422546,1,1
9840,3.5824780464172363,0.9228112101554871,1,1
9841,3.7188801765441895,0.3131673038005829,1,1
9842,4.044501304626465,0.002281051129102707,1,1
9843,3.58927059173584,0.21834824979305267,1,1
9844,3.832770824432373,0.020971525460481644,1,1
9845,3.791093111038208,0.0002510998456273228,1,1
9846,3.604766368865967,0.012603280134499073,1,1
9847,3.7533586025238037,0.0036205374635756016,1,1
9848,3.392990827560425,0.0019595555495470762,1,1
9849,3.359201669692993,0.0029677548445761204,1,1
9850,3.749438524246216,0.15224765241146088,1,1
9851,3.541001558303833,0.05002816393971443,1,1
9852,3.545243978500366,0.004450750537216663,1,1
9853,3.6549313068389893,0.003174156416207552,1,1
9854,2.932743787765503,0.0028946087695658207,1,1
9855,3.295349597930908,0.18880243599414825,1,1
9856,3.159820318222046,0.00044789622188545763,1,1
9857,3.715001106262207,0.09735055267810822,1,1
9858,3.5314900875091553,0.2528476417064667,1,1
9859,3.248131513595581,0.04343569278717041,1,1
9860,3.286057233810425,0.06303007155656815,1,1
9861,3.0635273456573486,0.000664427992887795,1,1
9862,3.604736566543579,0.014766908250749111,1,1
9863,3.5407707691192627,0.7604688405990601,1,1
9864,3.4960062503814697,0.05100421980023384,1,1
9865,2.9560940265655518,0.3392103612422943,1,1
9866,3.579334259033203,0.042571164667606354,1,1
9867,4.10460090637207,0.0832611694931984,1,1
9868,3.67388653755188,0.020590348169207573,1,1
9869,3.919757843017578,0.0444675050675869,1,1
9870,3.4509899616241455,0.0018459096318110824,1,1
9871,3.5752370357513428,0.012454213574528694,1,1
9872,3.246262788772583,0.22893552482128143,1,1
9873,3.5720319747924805,0.12347789108753204,1,1
9874,3.9481589794158936,0.044524505734443665,1,1
9875,3.652064323425293,0.010917329229414463,1,1
9876,3.042454957962036,0.300900936126709,1,1
9877,2.778927803039551,1.4092866877035704e-05,1,1
9878,3.6459097862243652,0.2259715050458908,1,1
9879,2.3874683380126953,0.20630736649036407,1,1
9880,2.8766703605651855,0.21826708316802979,1,1
9881,3.4221127033233643,0.011238290928304195,1,1
9882,3.179004192352295,0.03417867049574852,1,1
9883,3.1751341819763184,0.012559982016682625,1,1
9884,3.207392930984497,0.05286472663283348,1,1
9885,3.3674063682556152,0.008150565437972546,1,1
9886,2.7211248874664307,0.018906360492110252,1,1
9887,3.3747310638427734,0.05947644263505936,1,1
9888,3.5070393085479736,0.06370054930448532,1,1
9889,3.261831521987915,0.3705460727214813,1,1
9890,3.557645082473755,0.027780184522271156,1,1
9891,3.4444453716278076,0.11315666884183884,1,1
9892,4.124993324279785,0.023005912080407143,1,1
9893,3.215585947036743,0.1136571541428566,1,1
9894,3.0336954593658447,0.5436235070228577,1,1
9895,3.4877500534057617,7.79726542532444e-05,1,1
9896,3.441973924636841,0.20339837670326233,1,1
9897,3.3889694213867188,0.003823046339675784,1,1
9898,3.394453287124634,0.027019819244742393,1,1
9899,3.1643152236938477,0.11116577684879303,1,1
9900,3.0872538089752197,0.1253090649843216,1,1
9901,3.4513652324676514,0.14453810453414917,1,1
9902,3.0132181644439697,0.002979332348331809,1,1
9903,2.4501359462738037,0.08697748184204102,1,1
9904,3.0535688400268555,0.1296365112066269,1,1
9905,3.261075496673584,0.32288694381713867,1,1
9906,3.1385579109191895,0.5744015574455261,1,1
9907,3.6303608417510986,0.42518922686576843,1,1
9908,3.0580766201019287,0.355084627866745,1,1
9909,3.3048698902130127,0.020138641819357872,1,1
9910,2.9458141326904297,0.061862874776124954,1,1
9911,3.3610830307006836,0.0021502398885786533,1,1
9912,2.792731523513794,0.009817191399633884,1,1
9913,3.434772491455078,0.004685544408857822,1,1
9914,3.2721641063690186,0.016890475526452065,1,1
9915,3.6315972805023193,0.010375681333243847,1,1
9916,3.0843095779418945,0.0003971369005739689,1,1
9917,3.341125726699829,0.21716836094856262,1,1
9918,2.956294298171997,0.024638159200549126,1,1
9919,3.170757293701172,0.45208144187927246,1,1
9920,3.0593526363372803,0.008559838868677616,1,1
9921,3.158325433731079,0.002470100298523903,1,1
9922,3.7529799938201904,0.00954185426235199,1,1
9923,3.371584892272949,0.1302487701177597,1,1
9924,3.3595454692840576,0.009968849830329418,1,1
9925,2.990046262741089,0.007345542311668396,1,1
9926,3.510253429412842,0.02474430948495865,1,1
9927,3.6370811462402344,0.05279817804694176,1,1
9928,3.519379138946533,0.2778354287147522,1,1
9929,3.0224738121032715,0.006957114674150944,1,1
9930,2.8793437480926514,0.030893215909600258,1,1
9931,3.2277896404266357,0.057229261845350266,1,1
9932,3.214184522628784,8.636796701466665e-05,1,1
9933,3.1433465480804443,0.017610378563404083,1,1
9934,3.477368116378784,0.008213415741920471,1,1
9935,3.347933530807495,0.17230568826198578,1,1
9936,2.9887638092041016,0.1960495561361313,1,1
9937,3.4162065982818604,0.08062031865119934,1,1
9938,3.470646858215332,0.010969826020300388,1,1
9939,3.7992465496063232,0.015534202568233013,1,1
9940,3.2960710525512695,0.03354646638035774,1,1
9941,3.172609567642212,0.21450519561767578,1,1
9942,3.100032091140747,0.06631350517272949,1,1
9943,3.1853487491607666,0.09185393154621124,1,1
9944,3.544218063354492,0.0959225594997406,1,1
9945,3.1709327697753906,0.05359501764178276,1,1
9946,3.252833366394043,0.036103349179029465,1,1
9947,4.005028247833252,0.006544840522110462,1,1
9948,3.4405603408813477,0.12074635177850723,1,1
9949,3.626934766769409,0.01691305823624134,1,1
9950,3.3367555141448975,0.004937216639518738,1,1
9951,2.9055283069610596,0.04597790166735649,1,1
9952,3.283315896987915,0.26353710889816284,1,1
9953,3.231340169906616,0.0029133304487913847,1,1
9954,3.404539108276367,0.10591379553079605,1,1
9955,3.3165345191955566,0.03622814640402794,1,1
9956,3.1303093433380127,0.015490931458771229,1,1
9957,3.120288133621216,0.017888089641928673,1,1
9958,3.064882278442383,3.990624009020394e-06,1,1
9959,3.2227261066436768,0.06513093411922455,1,1
9960,3.1894562244415283,0.04865198954939842,1,1
9961,3.332465648651123,0.0035488910507410765,1,1
9962,3.3631646633148193,0.06414461135864258,1,1
9963,3.20536208152771,0.0020389482378959656,1,1
9964,3.5210986137390137,5.5793301726225764e-05,1,1
9965,3.232261896133423,0.0004511699953582138,1,1
9966,2.667607069015503,0.0008938465616665781,1,1
9967,3.645108222961426,0.1898774355649948,1,1
9968,2.833786725997925,0.002305081579834223,1,1
9969,3.531717300415039,0.0010602060938253999,1,1
9970,3.237593412399292,0.13331763446331024,1,1
9971,3.633831739425659,0.03368093818426132,1,1
9972,3.5573318004608154,0.2590579092502594,1,1
9973,3.6321609020233154,0.012203474529087543,1,1
9974,3.9612932205200195,0.010397317819297314,1,1
9975,3.8076038360595703,0.0010721803409978747,1,1
9976,3.3763296604156494,0.006825730204582214,1,1
9977,3.2421834468841553,0.0859558954834938,1,1
9978,3.662304162979126,0.01900734379887581,1,1
9979,3.7552874088287354,0.29485443234443665,1,1
9980,3.780762195587158,0.000348708126693964,1,1
9981,3.825610876083374,0.01279904879629612,1,1
9982,3.044309377670288,0.006439092103391886,1,1
9983,3.7317516803741455,0.0018725410336628556,1,1
9984,3.2675347328186035,0.07614117860794067,1,1
9985,3.968116283416748,0.04591171070933342,1,1
9986,3.7977535724639893,0.002371344482526183,1,1
9987,3.464125394821167,0.010784633457660675,1,1
9988,3.540579319000244,0.013124257326126099,1,1
9989,3.5698368549346924,0.009756091050803661,1,1
9990,3.759324550628662,0.14397363364696503,1,1
9991,3.6066882610321045,0.014142723754048347,1,1
9992,3.3018605709075928,0.011676252819597721,1,1
9993,3.410898447036743,0.10621551424264908,1,1
9994,3.5502915382385254,0.1160774752497673,1,1
9995,3.6960184574127197,0.0019204504787921906,1,1
9996,4.152969837188721,0.06270099431276321,1,1
9997,3.4690306186676025,0.03497541323304176,1,1
9998,3.362903118133545,0.22114399075508118,1,1
9999,3.0662858486175537,0.0007724761962890625,1,1
10000,3.262462615966797,0.005734656937420368,1,1
