t,loss,entropy,gate_open,updated
1,3.51369571685791,3.682075023651123,1,1
2,3.8888847827911377,3.7669930458068848,1,1
3,3.9616127014160156,3.816624164581299,1,1
4,3.6455259323120117,3.4559359550476074,1,1
5,3.393803596496582,3.1884608268737793,1,1
6,3.5587120056152344,3.432558059692383,1,1
7,3.712352752685547,3.439056634902954,1,1
8,3.5511488914489746,3.4289486408233643,1,1
9,3.5309133529663086,3.5870158672332764,1,1
10,3.036928176879883,3.192333698272705,1,1
11,3.668118953704834,3.5183963775634766,1,1
12,3.266678810119629,3.3688852787017822,1,1
13,3.5550880432128906,3.5691537857055664,1,1
14,3.9499802589416504,3.541537284851074,1,1
15,3.5384178161621094,3.4003167152404785,1,1
16,4.0282883644104,3.2988169193267822,1,1
17,3.3426835536956787,3.12149715423584,1,1
18,3.1482887268066406,2.891632318496704,1,1
19,3.7026026248931885,3.339531421661377,1,1
20,3.765683650970459,3.404989719390869,1,1
21,3.8617308139801025,3.591261386871338,1,1
22,3.7046518325805664,3.3200416564941406,1,1
23,3.859935998916626,3.4891510009765625,1,1
24,2.9871883392333984,2.98313307762146,1,1
25,2.9706692695617676,2.686889171600342,1,1
26,3.2509241104125977,3.0140867233276367,1,1
27,3.399275302886963,3.1616275310516357,1,1
28,3.5643057823181152,3.3806471824645996,1,1
29,3.398087978363037,3.3371822834014893,1,1
30,3.3181660175323486,3.085665225982666,1,1
31,3.17438006401062,2.9437899589538574,1,1
32,2.9659769535064697,2.866272449493408,1,1
33,3.0578293800354004,2.879272937774658,1,1
34,3.4835262298583984,3.253326892852783,1,1
35,3.4018032550811768,3.0568771362304688,1,1
36,2.915799379348755,2.67578125,1,1
37,3.241914987564087,2.777742385864258,1,1
38,3.295295476913452,2.5245587825775146,1,1
39,3.061293125152588,2.7598273754119873,1,1
40,3.8414320945739746,3.2809295654296875,1,1
41,3.528347969055176,3.3767051696777344,1,1
42,3.7181341648101807,3.5132975578308105,1,1
43,3.251725673675537,3.033803939819336,1,1
44,3.4782800674438477,3.089263439178467,1,1
45,3.0004923343658447,2.954552412033081,1,1
46,3.155010461807251,2.952989101409912,1,1
47,3.33951473236084,3.06706166267395,1,1
48,3.6044936180114746,3.232090473175049,1,1
49,3.072662115097046,3.0069446563720703,1,1
50,3.651263475418091,3.230046510696411,1,1
51,3.5504512786865234,3.2868194580078125,1,1
52,3.378568649291992,3.1411571502685547,0,0
53,3.5286598205566406,3.2197203636169434,1,1
54,2.967707872390747,3.067228317260742,0,0
55,3.757488250732422,3.4459028244018555,1,1
56,3.5013370513916016,3.2926688194274902,1,1
57,3.860304117202759,3.515587091445923,1,1
58,3.5331740379333496,3.170036554336548,1,1
59,3.4554553031921387,3.2034406661987305,0,0
60,2.852867603302002,2.548583984375,0,0
61,3.0875091552734375,2.7344346046447754,0,0
62,3.304814338684082,2.928178310394287,0,0
63,3.13979172706604,2.9584479331970215,0,0
64,3.375955581665039,3.0906014442443848,0,0
65,3.0134756565093994,2.7569050788879395,0,0
66,3.121108293533325,2.8462982177734375,0,0
67,3.07547664642334,3.072122812271118,0,0
68,3.6490566730499268,3.3516757488250732,1,1
69,3.663332223892212,3.437516927719116,1,1
70,3.563469171524048,3.259213447570801,1,1
71,3.5919814109802246,3.363490581512451,1,1
72,3.7150492668151855,3.4881017208099365,1,1
73,3.945168972015381,3.4605746269226074,1,1
74,3.716630458831787,3.2004847526550293,1,1
75,3.477529287338257,3.1771297454833984,0,0
76,3.5121986865997314,3.138188600540161,1,1
77,3.6515674591064453,3.2212581634521484,1,1
78,3.4575252532958984,3.223877191543579,0,0
79,3.8352737426757812,3.194563388824463,1,1
80,3.386063814163208,3.1742753982543945,0,0
81,3.520371198654175,3.179805278778076,1,1
82,3.4579896926879883,3.2723746299743652,0,0
83,3.6827311515808105,3.389279842376709,1,1
84,3.2363576889038086,3.046058416366577,0,0
85,3.553281784057617,3.39351224899292,1,1
86,3.6284291744232178,3.244694709777832,1,1
87,3.6519527435302734,3.2250964641571045,1,1
88,3.784893751144409,3.452754020690918,1,1
89,3.3904106616973877,3.032031297683716,0,0
90,3.351195812225342,2.9475998878479004,0,0
91,3.590569257736206,3.125293254852295,1,1
92,3.711637020111084,3.1890690326690674,1,1
93,3.893672227859497,3.099661350250244,1,1
94,4.196155548095703,3.441556930541992,1,1
95,4.107227325439453,3.5310416221618652,1,1
96,3.599668264389038,3.0665130615234375,1,1
97,3.506934404373169,3.1015074253082275,0,0
98,3.2946574687957764,2.999500274658203,0,0
99,3.5694611072540283,3.0848681926727295,1,1
100,3.708670139312744,3.179945945739746,1,1
101,3.639827013015747,3.2761716842651367,1,1
102,3.7550699710845947,3.3650095462799072,1,1
103,3.564995765686035,3.2362513542175293,1,1
104,3.430316209793091,3.1500158309936523,0,0
105,3.72633695602417,3.2190423011779785,1,1
106,3.0173861980438232,2.845543146133423,0,0
107,3.2002768516540527,3.021782398223877,0,0
108,3.571500778198242,3.2729434967041016,1,1
109,3.528064250946045,3.1205203533172607,0,0
110,3.9695329666137695,3.232945680618286,1,1
111,3.0820491313934326,3.0167970657348633,0,0
112,2.787648916244507,2.6454148292541504,0,0
113,3.1380412578582764,3.120457649230957,0,0
114,3.022383689880371,3.0703158378601074,0,0
115,3.3931143283843994,3.2006258964538574,0,0
116,3.504718065261841,3.1955385208129883,0,0
117,3.656633138656616,3.2331323623657227,1,1
118,3.602661609649658,3.1905555725097656,1,1
119,3.545931339263916,3.393404483795166,1,1
120,3.6180999279022217,3.4416310787200928,1,1
121,3.7555861473083496,3.4086575508117676,1,1
122,3.782315969467163,3.5597951412200928,1,1
123,4.123238563537598,3.696202039718628,1,1
124,3.7804317474365234,3.4940171241760254,1,1
125,3.5929322242736816,3.215667247772217,1,1
126,3.7975258827209473,3.429701328277588,1,1
127,3.5876379013061523,3.411217212677002,1,1
128,3.7545788288116455,3.326911449432373,1,1
129,3.6009438037872314,3.1742777824401855,1,1
130,3.692861557006836,3.0071699619293213,1,1
131,3.499112367630005,2.979428291320801,0,0
132,3.295231342315674,2.907026529312134,0,0
133,3.2761502265930176,2.970089912414551,0,0
134,3.2039072513580322,2.944003105163574,0,0
135,3.4902706146240234,3.113189935684204,0,0
136,3.3104629516601562,3.0866329669952393,0,0
137,3.4201133251190186,3.1013097763061523,0,0
138,3.4810826778411865,3.1397132873535156,0,0
139,3.4318788051605225,3.214693307876587,0,0
140,3.4191997051239014,3.1766605377197266,0,0
141,3.5580694675445557,3.1948790550231934,1,1
142,3.2821967601776123,3.302783489227295,0,0
143,3.5709354877471924,3.3082704544067383,1,1
144,3.408101797103882,2.989959239959717,0,0
145,3.4503350257873535,3.235464572906494,0,0
146,3.347656726837158,3.0268115997314453,0,0
147,3.532719612121582,3.0656168460845947,1,1
148,3.7253875732421875,3.2208456993103027,1,1
149,3.617994546890259,3.291553020477295,1,1
150,3.3311407566070557,3.1654562950134277,0,0
151,3.4988088607788086,3.1318368911743164,0,0
152,3.4682528972625732,3.238529682159424,0,0
153,3.727229356765747,3.258331060409546,1,1
154,3.2364120483398438,3.0057058334350586,0,0
155,3.2484021186828613,3.049182176589966,0,0
156,3.7075064182281494,3.2309391498565674,1,1
157,4.029666900634766,3.5346102714538574,1,1
158,3.799377918243408,3.4615917205810547,1,1
159,3.8433351516723633,3.31227445602417,1,1
160,3.592470645904541,3.0240936279296875,1,1
161,3.697410821914673,3.2438881397247314,1,1
162,3.5651051998138428,3.0598883628845215,1,1
163,3.1199491024017334,2.940702438354492,0,0
164,3.2632083892822266,2.8737688064575195,0,0
165,3.127700090408325,3.001239538192749,0,0
166,3.583054542541504,3.090287208557129,1,1
167,2.777855396270752,2.779207706451416,0,0
168,3.244915723800659,2.9850587844848633,0,0
169,3.2429003715515137,3.086493968963623,0,0
170,3.0521399974823,2.933547019958496,0,0
171,3.3374252319335938,3.188228130340576,0,0
172,3.797165632247925,3.2801218032836914,1,1
173,3.7260704040527344,3.315095901489258,1,1
174,3.2268776893615723,2.818683624267578,0,0
175,3.1284613609313965,2.982785224914551,0,0
176,3.080389976501465,2.803652048110962,0,0
177,2.7355611324310303,2.279569387435913,0,0
178,3.073732614517212,2.853151559829712,0,0
179,3.5678322315216064,3.152176856994629,1,1
180,3.454711437225342,3.2836105823516846,0,0
181,3.54961895942688,3.3005857467651367,1,1
182,3.4372332096099854,3.169933319091797,0,0
183,3.6888630390167236,3.4572701454162598,1,1
184,3.49401593208313,3.2359962463378906,0,0
185,3.614241361618042,3.3451547622680664,1,1
186,3.802194356918335,3.402280569076538,1,1
187,3.6078834533691406,3.241429328918457,1,1
188,3.8373401165008545,3.3362069129943848,1,1
189,3.4471843242645264,3.080626964569092,0,0
190,3.382091760635376,2.9742650985717773,0,0
191,3.4175965785980225,3.1065335273742676,0,0
192,3.6820948123931885,3.201382637023926,1,1
193,3.6460959911346436,3.183640480041504,1,1
194,3.129305839538574,3.023315668106079,0,0
195,3.1626906394958496,3.1230359077453613,0,0
196,3.653291940689087,3.3014421463012695,1,1
197,3.4955217838287354,3.285583019256592,0,0
198,3.5453460216522217,3.333993911743164,1,1
199,3.3223929405212402,3.112901210784912,0,0
200,3.4269039630889893,3.206127166748047,0,0
201,3.5965185165405273,3.3952317237854004,1,1
202,3.5510506629943848,3.3573460578918457,1,1
203,3.5758800506591797,3.2088818550109863,1,1
204,3.620638847351074,3.1270840167999268,1,1
205,3.5599701404571533,3.229207992553711,1,1
206,3.285975456237793,2.905240535736084,0,0
207,3.2970385551452637,3.031975269317627,0,0
208,3.340120315551758,3.0150437355041504,0,0
209,3.495777130126953,3.168729782104492,0,0
210,3.25171160697937,2.9565227031707764,0,0
211,3.4201619625091553,2.9894213676452637,0,0
212,3.522298574447632,2.9771275520324707,1,1
213,4.074563503265381,3.2952733039855957,1,1
214,3.7175676822662354,3.1387476921081543,1,1
215,4.004207611083984,3.3452835083007812,1,1
216,3.643512725830078,3.174247980117798,1,1
217,3.835341691970825,3.32529354095459,1,1
218,3.6814968585968018,3.144801378250122,1,1
219,3.4289114475250244,2.9353537559509277,0,0
220,3.05308198928833,2.742314338684082,0,0
221,3.1685023307800293,2.7992806434631348,0,0
222,3.062744140625,2.8292980194091797,0,0
223,2.7715883255004883,2.6314382553100586,0,0
224,2.876422643661499,2.629969358444214,0,0
225,3.051943778991699,2.9436564445495605,0,0
226,2.755422592163086,2.822887420654297,0,0
227,2.8437092304229736,2.7506556510925293,0,0
228,2.9078922271728516,2.845306873321533,0,0
229,3.410649061203003,3.0603232383728027,0,0
230,3.158689022064209,2.9620819091796875,0,0
231,3.190793752670288,2.9453067779541016,0,0
232,3.1338019371032715,2.8808658123016357,0,0
233,3.4397130012512207,3.1069674491882324,0,0
234,2.8224785327911377,2.7845230102539062,0,0
235,3.207967758178711,3.016490936279297,0,0
236,3.2070024013519287,2.9812159538269043,0,0
237,3.312229633331299,2.870669364929199,0,0
238,3.4655141830444336,3.1704561710357666,0,0
239,3.18571400642395,3.0399460792541504,0,0
240,2.9952280521392822,2.8337926864624023,0,0
241,3.5633955001831055,3.197690486907959,1,1
242,3.0772757530212402,2.811551570892334,0,0
243,3.784757137298584,3.411576271057129,1,1
244,3.0902745723724365,2.9710381031036377,0,0
245,3.1679258346557617,2.9414448738098145,0,0
246,3.5681090354919434,3.367522716522217,1,1
247,3.630638837814331,3.2159523963928223,1,1
248,3.3508787155151367,3.0173792839050293,0,0
249,3.383631467819214,3.197268009185791,0,0
250,3.6056156158447266,3.4191579818725586,1,1
251,3.4138338565826416,3.2024736404418945,0,0
252,3.7802278995513916,3.3596081733703613,1,1
253,3.4309277534484863,3.0292277336120605,0,0
254,3.5381650924682617,3.2806806564331055,1,1
255,3.653426170349121,2.9585654735565186,1,1
256,4.041375160217285,3.141573905944824,1,1
257,3.53497052192688,3.04110050201416,1,1
258,3.532090187072754,3.082857131958008,1,1
259,3.6336071491241455,3.0893993377685547,1,1
260,3.648390054702759,3.0082836151123047,1,1
261,3.7443625926971436,3.1531498432159424,1,1
262,3.583875894546509,3.05145525932312,1,1
263,3.7868270874023438,3.2916605472564697,1,1
264,3.588197708129883,2.987043857574463,1,1
265,3.099881887435913,2.741273880004883,0,0
266,3.529223918914795,3.1305527687072754,1,1
267,3.117306709289551,2.8503317832946777,0,0
268,2.828002452850342,2.6010658740997314,0,0
269,3.195936441421509,3.043569803237915,0,0
270,3.1382033824920654,2.9857354164123535,0,0
271,3.4866838455200195,3.0478248596191406,0,0
272,3.797924280166626,3.327357292175293,1,1
273,3.63228440284729,3.2975635528564453,1,1
274,3.645284652709961,3.2870302200317383,1,1
275,3.4541139602661133,3.2981905937194824,0,0
276,3.111116409301758,3.154567241668701,0,0
277,3.6063952445983887,3.0605669021606445,1,1
278,3.5550646781921387,3.105846405029297,1,1
279,3.1814417839050293,3.0979793071746826,0,0
280,3.740630626678467,3.2563910484313965,1,1
281,3.219398021697998,3.1132395267486572,0,0
282,3.5126800537109375,3.243069887161255,1,1
283,3.088230848312378,2.809677839279175,0,0
284,3.4417223930358887,3.131561756134033,0,0
285,3.610704183578491,3.3597867488861084,1,1
286,3.36039137840271,3.068532943725586,0,0
287,3.6167140007019043,3.2780351638793945,1,1
288,3.5418262481689453,3.345244884490967,1,1
289,3.6266846656799316,3.2726616859436035,1,1
290,3.5478317737579346,3.4253382682800293,1,1
291,3.4251012802124023,3.0821688175201416,0,0
292,3.6687984466552734,3.303161859512329,1,1
293,3.390305519104004,3.100295305252075,0,0
294,3.679133892059326,3.075248956680298,1,1
295,3.576159715652466,3.0886595249176025,1,1
296,3.403799533843994,3.0463144779205322,0,0
297,2.8900482654571533,2.7779300212860107,0,0
298,3.181513786315918,2.8761017322540283,0,0
299,2.910989999771118,2.8206233978271484,0,0
300,3.2094733715057373,2.84214448928833,0,0
301,3.4526147842407227,3.1375551223754883,0,0
302,3.2810707092285156,2.946969985961914,0,0
303,3.789046049118042,3.3530189990997314,1,1
304,3.625349521636963,3.1838247776031494,1,1
305,3.815333604812622,3.4203543663024902,1,1
306,2.63682222366333,2.565965175628662,0,0
307,3.551618814468384,3.06243634223938,1,1
308,3.4747116565704346,3.1345462799072266,0,0
309,3.677555799484253,3.1565024852752686,1,1
310,3.569431781768799,3.085599422454834,1,1
311,3.416412115097046,3.085529088973999,0,0
312,3.5193440914154053,3.0611443519592285,1,1
313,3.3898987770080566,2.9188647270202637,0,0
314,3.0323126316070557,2.714167356491089,0,0
315,3.514725923538208,3.0255227088928223,1,1
316,3.8776743412017822,3.33262300491333,1,1
317,3.145172595977783,2.7218081951141357,0,0
318,2.650834798812866,2.434683084487915,0,0
319,3.2221665382385254,2.9030771255493164,0,0
320,3.4464528560638428,2.989859104156494,0,0
321,3.210641622543335,2.95784068107605,0,0
322,3.172255277633667,2.8427488803863525,0,0
323,3.2320804595947266,2.832723617553711,0,0
324,3.3187551498413086,2.963698625564575,0,0
325,3.1705358028411865,2.9088449478149414,0,0
326,3.802049398422241,3.0284557342529297,1,1
327,3.460577964782715,3.091686248779297,1,1
328,3.414074659347534,2.977644443511963,0,0
329,3.8701698780059814,3.4762015342712402,1,1
330,3.5175318717956543,3.1454269886016846,1,1
331,3.82004976272583,3.1909165382385254,1,1
332,3.6320040225982666,3.180908441543579,1,1
333,3.45845103263855,3.003272533416748,1,1
334,3.2450485229492188,2.863640785217285,0,0
335,3.365738868713379,3.1631360054016113,0,0
336,3.563105821609497,3.1740336418151855,1,1
337,3.440537452697754,3.1065802574157715,0,0
338,3.4289517402648926,2.9607746601104736,0,0
339,3.045217752456665,2.7022509574890137,0,0
340,3.257601022720337,2.868342638015747,0,0
341,2.988959312438965,2.65047025680542,0,0
342,3.0084004402160645,2.7300643920898438,0,0
343,3.3352715969085693,2.8688485622406006,0,0
344,3.5728747844696045,3.0062978267669678,1,1
345,3.042121648788452,2.8668692111968994,0,0
346,3.720221519470215,3.286550998687744,1,1
347,3.5801753997802734,3.1438851356506348,1,1
348,3.680044174194336,3.2655911445617676,1,1
349,3.753596067428589,3.200812816619873,1,1
350,3.5515010356903076,3.0680365562438965,1,1
351,3.572981834411621,3.0066404342651367,1,1
352,3.988848924636841,3.342546224594116,1,1
353,3.7629799842834473,3.244149684906006,1,1
354,3.5826950073242188,2.849271297454834,1,1
355,3.194913625717163,2.877302885055542,0,0
356,3.742784023284912,3.197070598602295,1,1
357,3.739002227783203,3.4118032455444336,1,1
358,3.718886137008667,3.2508153915405273,1,1
359,3.472951889038086,3.182194709777832,1,1
360,4.070208549499512,3.4636621475219727,1,1
361,4.2971320152282715,3.469449043273926,1,1
362,3.482722043991089,3.076322078704834,1,1
363,3.6349213123321533,3.2934794425964355,1,1
364,3.5775868892669678,3.361732244491577,1,1
365,3.489478588104248,3.111166477203369,1,1
366,3.315598964691162,3.1253409385681152,0,0
367,3.5039331912994385,3.332932710647583,1,1
368,3.4518604278564453,3.4107155799865723,0,0
369,3.580549955368042,3.252779960632324,1,1
370,3.4072444438934326,3.2660303115844727,0,0
371,3.1031267642974854,3.0164847373962402,0,0
372,2.7341806888580322,2.670114040374756,0,0
373,3.206488609313965,3.0123095512390137,0,0
374,2.558471202850342,2.49310564994812,0,0
375,3.602091073989868,3.1351006031036377,1,1
376,3.823697566986084,3.3448898792266846,1,1
377,4.150615215301514,3.3915774822235107,1,1
378,3.100158452987671,2.740025043487549,0,0
379,3.444601535797119,3.0706052780151367,0,0
380,3.283536434173584,2.905886650085449,0,0
381,3.530439615249634,3.062598943710327,1,1
382,3.351675510406494,2.90177583694458,0,0
383,3.0729265213012695,2.798429012298584,0,0
384,3.179441213607788,2.834063768386841,0,0
385,3.217245578765869,3.08258056640625,0,0
386,3.56486439704895,3.1118974685668945,1,1
387,3.6985254287719727,3.237116813659668,1,1
388,3.3004329204559326,2.8356971740722656,0,0
389,3.278125286102295,2.7290353775024414,0,0
390,3.2257378101348877,2.6518239974975586,0,0
391,3.61279559135437,3.146282196044922,1,1
392,4.727357387542725,3.3193068504333496,1,1
393,5.465309143066406,3.3644604682922363,1,1
394,2.9073634147644043,2.590902328491211,0,0
395,3.576767683029175,2.9679388999938965,1,1
396,3.541686773300171,2.9035303592681885,1,1
397,3.5414578914642334,2.755385398864746,1,1
398,3.3501832485198975,2.836379051208496,0,0
399,3.136143207550049,2.9429163932800293,0,0
400,3.527512550354004,3.141310214996338,1,1
401,3.7665481567382812,3.257434844970703,1,1
402,3.5634403228759766,3.171477794647217,1,1
403,3.416840076446533,3.2180447578430176,0,0
404,3.467378854751587,3.2976882457733154,1,1
405,3.8447933197021484,3.4746551513671875,1,1
406,3.5607144832611084,3.294860363006592,1,1
407,3.5337471961975098,3.1807332038879395,1,1
408,3.501235008239746,3.231717348098755,1,1
409,3.439847707748413,3.1097657680511475,0,0
410,3.445488691329956,3.138702869415283,0,0
411,3.360135316848755,3.043679714202881,0,0
412,3.1155283451080322,3.0033364295959473,0,0
413,3.312187433242798,3.0182340145111084,0,0
414,3.591423273086548,3.180631160736084,1,1
415,3.6382970809936523,3.0363550186157227,1,1
416,3.20517897605896,3.017901659011841,0,0
417,3.3197104930877686,3.0957870483398438,0,0
418,3.2321135997772217,2.8892807960510254,0,0
419,3.6264545917510986,3.3070859909057617,1,1
420,3.530432939529419,3.0933916568756104,1,1
421,3.0653233528137207,3.0149996280670166,0,0
422,3.244635820388794,2.978013515472412,0,0
423,3.406207799911499,3.095338821411133,0,0
424,3.6240711212158203,3.1670312881469727,1,1
425,3.4550418853759766,3.1934027671813965,0,0
426,3.6986794471740723,3.2732179164886475,1,1
427,3.537426471710205,3.1171717643737793,1,1
428,3.554638147354126,3.227505683898926,1,1
429,3.910006046295166,3.441819667816162,1,1
430,3.9025330543518066,3.3157825469970703,1,1
431,3.806950569152832,3.113022804260254,1,1
432,3.8630614280700684,3.2775020599365234,1,1
433,3.4069528579711914,2.9265971183776855,0,0
434,3.9173126220703125,3.218369960784912,1,1
435,3.343360424041748,2.879085063934326,0,0
436,3.512251615524292,3.2123289108276367,1,1
437,3.278123617172241,2.8663365840911865,0,0
438,3.081094264984131,2.7561705112457275,0,0
439,3.3842580318450928,2.7844016551971436,0,0
440,3.286236524581909,2.8396778106689453,0,0
441,3.2515432834625244,2.9698219299316406,0,0
442,3.4406375885009766,3.1545708179473877,0,0
443,3.226158618927002,3.16322660446167,0,0
444,2.7078328132629395,2.867893695831299,0,0
445,2.7866082191467285,2.793649196624756,0,0
446,3.263362169265747,3.228048324584961,0,0
447,3.861365795135498,3.3131940364837646,1,1
448,3.413818359375,3.17052960395813,0,0
449,3.809147596359253,3.3782458305358887,1,1
450,4.1137189865112305,3.522325277328491,1,1
451,3.6877145767211914,3.405294895172119,1,1
452,3.3988115787506104,3.0462355613708496,0,0
453,3.35805082321167,2.9789185523986816,0,0
454,3.2615861892700195,2.7849855422973633,0,0
455,3.371954917907715,2.9777140617370605,0,0
456,3.131969928741455,2.956179141998291,0,0
457,3.088541030883789,2.8758697509765625,0,0
458,2.9404289722442627,2.775639057159424,0,0
459,2.8827860355377197,2.646730422973633,0,0
460,3.080237865447998,2.6959900856018066,0,0
461,3.152531623840332,2.823873996734619,0,0
462,3.1272144317626953,3.0215373039245605,0,0
463,3.1042582988739014,3.0001096725463867,0,0
464,3.295748472213745,2.992609739303589,0,0
465,3.33689284324646,3.0555403232574463,0,0
466,3.502962827682495,3.061734676361084,1,1
467,3.39125394821167,3.135662794113159,0,0
468,3.2670300006866455,3.166512966156006,0,0
469,3.283834457397461,3.1233572959899902,0,0
470,2.953536033630371,2.727377414703369,0,0
471,3.0805678367614746,3.1356558799743652,0,0
472,3.063746929168701,3.117786407470703,0,0
473,2.969677686691284,2.930095911026001,0,0
474,3.242745876312256,3.2150096893310547,0,0
475,3.0102975368499756,2.793808937072754,0,0
476,2.8231794834136963,2.8262739181518555,0,0
477,3.106105089187622,2.847130537033081,0,0
478,2.971982955932617,2.9007742404937744,0,0
479,3.0796284675598145,2.93471622467041,0,0
480,2.8641350269317627,2.6964306831359863,0,0
481,3.700655460357666,3.2241878509521484,1,1
482,4.178128719329834,3.3615622520446777,1,1
483,3.3495073318481445,3.0008881092071533,0,0
484,3.9422380924224854,3.3889102935791016,1,1
485,3.604759454727173,3.1870408058166504,1,1
486,3.8833389282226562,3.341397285461426,1,1
487,3.6402182579040527,3.261838436126709,1,1
488,3.6979010105133057,3.343879222869873,1,1
489,3.73178768157959,3.1119470596313477,1,1
490,3.973443031311035,3.438405990600586,1,1
491,3.660670757293701,3.253803253173828,1,1
492,3.8678133487701416,3.30816388130188,1,1
493,3.7232589721679688,3.3056716918945312,1,1
494,3.4574790000915527,3.118598461151123,1,1
495,3.2328174114227295,2.9091458320617676,0,0
496,3.624725341796875,3.084970474243164,1,1
497,3.777838706970215,3.2696871757507324,1,1
498,3.6117987632751465,3.27860951423645,1,1
499,3.3611698150634766,3.180954933166504,0,0
500,3.745789051055908,3.447251081466675,1,1
501,3.799804449081421,3.2606053352355957,1,1
502,3.5131099224090576,3.3087267875671387,1,1
503,3.64663028717041,3.189995050430298,1,1
504,3.4316978454589844,3.00288462638855,0,0
505,3.3177192211151123,3.0873003005981445,0,0
506,3.583730697631836,3.167933940887451,1,1
507,3.5526177883148193,2.994645118713379,1,1
508,3.3320584297180176,2.977181911468506,0,0
509,3.677194118499756,3.2492644786834717,1,1
510,3.4064595699310303,2.8616788387298584,0,0
511,4.002760410308838,3.431978702545166,1,1
512,3.763754367828369,3.391434669494629,1,1
513,3.3688268661499023,3.1379358768463135,0,0
514,3.608517646789551,3.215724229812622,1,1
515,3.3962318897247314,3.0300469398498535,0,0
516,3.8387017250061035,3.308778762817383,1,1
517,3.8838701248168945,3.2944087982177734,1,1
518,3.3549511432647705,3.2018866539001465,0,0
519,2.991804838180542,2.804022789001465,0,0
520,2.7670462131500244,2.443690776824951,0,0
521,2.911818265914917,2.716856002807617,0,0
522,3.2705225944519043,2.9683914184570312,0,0
523,3.317213535308838,2.8975634574890137,0,0
524,2.9823896884918213,2.6455793380737305,0,0
525,3.121610403060913,2.7556066513061523,0,0
526,3.029648780822754,2.540904998779297,0,0
527,2.755650281906128,2.471304416656494,0,0
528,3.2468204498291016,2.9154436588287354,0,0
529,3.113844394683838,2.712862730026245,0,0
530,3.5141210556030273,3.0277485847473145,1,1
531,4.085442066192627,3.5151047706604004,1,1
532,2.8653266429901123,2.5546212196350098,0,0
533,3.373917818069458,3.0270886421203613,0,0
534,3.1967122554779053,2.569432020187378,0,0
535,3.479451894760132,3.137209892272949,1,1
536,3.608119010925293,3.1307716369628906,1,1
537,3.816986322402954,3.1306815147399902,1,1
538,3.8056817054748535,3.0369112491607666,1,1
539,3.0684685707092285,3.0126118659973145,0,0
540,3.3784677982330322,2.9843831062316895,0,0
541,3.2549593448638916,3.0146539211273193,0,0
542,3.432255744934082,3.2535359859466553,0,0
543,3.453735113143921,3.089123249053955,1,1
544,3.028801441192627,2.7309775352478027,0,0
545,3.4113025665283203,3.02901029586792,0,0
546,2.3570258617401123,2.1142020225524902,0,0
547,2.3130834102630615,1.9064934253692627,0,0
548,3.1077754497528076,2.6792280673980713,0,0
549,3.6903302669525146,3.1758060455322266,1,1
550,3.426180601119995,2.855616569519043,1,1
551,3.4662816524505615,3.067751407623291,1,1
552,3.433915376663208,3.0464038848876953,1,1
553,3.340405225753784,3.062833309173584,0,0
554,3.403623580932617,3.175443410873413,0,0
555,2.7919814586639404,2.549318552017212,0,0
556,2.9963653087615967,2.6059389114379883,0,0
557,2.9482390880584717,2.696599245071411,0,0
558,3.364912748336792,3.0896353721618652,0,0
559,3.4851701259613037,2.9734888076782227,1,1
560,3.556094169616699,3.1899473667144775,1,1
561,3.211841106414795,2.9340977668762207,0,0
562,3.3138556480407715,3.0737409591674805,0,0
563,3.4651551246643066,2.9921889305114746,1,1
564,3.4164016246795654,2.8731849193573,1,1
565,2.7891054153442383,2.397174596786499,0,0
566,3.3387653827667236,2.9031500816345215,0,0
567,3.5148913860321045,3.060192584991455,1,1
568,3.3539013862609863,2.8501415252685547,0,0
569,3.837775468826294,3.271812677383423,1,1
570,3.5414962768554688,3.072996139526367,1,1
571,3.195406675338745,2.8382511138916016,0,0
572,2.9301400184631348,2.532866954803467,0,0
573,3.7897629737854004,3.0134634971618652,1,1
574,3.181259870529175,2.833387851715088,0,0
575,2.7403817176818848,2.5885066986083984,0,0
576,2.8782365322113037,2.5657858848571777,0,0
577,3.2417702674865723,2.8577730655670166,0,0
578,3.5058414936065674,2.9509315490722656,1,1
579,3.793309211730957,3.255966901779175,1,1
580,3.411638021469116,3.0356874465942383,1,1
581,3.801574230194092,3.120828628540039,1,1
582,3.3716139793395996,2.808588981628418,0,0
583,3.4961349964141846,2.9437057971954346,1,1
584,3.569673538208008,3.1360177993774414,1,1
585,3.1040053367614746,2.756587266921997,0,0
586,3.4814341068267822,3.070545196533203,1,1
587,3.341289520263672,3.0376229286193848,0,0
588,3.4906792640686035,3.079397201538086,1,1
589,3.517005205154419,3.008991241455078,1,1
590,3.2643134593963623,3.0623788833618164,0,0
591,2.979820728302002,3.028998851776123,0,0
592,3.2929561138153076,3.016026496887207,0,0
593,3.1531753540039062,3.1771697998046875,0,0
594,3.1028025150299072,2.6782608032226562,0,0
595,3.5183966159820557,2.984978675842285,1,1
596,3.222485303878784,2.816572666168213,0,0
597,3.1835134029388428,2.6943395137786865,0,0
598,3.4052343368530273,2.8293538093566895,1,1
599,3.5393853187561035,2.897338390350342,1,1
600,3.1885416507720947,2.8527615070343018,0,0
601,3.4580140113830566,2.8565268516540527,1,1
602,3.475891590118408,2.981593132019043,1,1
603,3.4513003826141357,3.1976206302642822,1,1
604,3.289486885070801,2.9854698181152344,0,0
605,3.277247667312622,3.0965476036071777,0,0
606,3.3972043991088867,3.1603643894195557,1,1
607,3.4499661922454834,3.125868320465088,1,1
608,3.0581796169281006,2.8167595863342285,0,0
609,3.6374223232269287,3.181640625,1,1
610,3.6686229705810547,3.11551570892334,1,1
611,3.474073648452759,2.962045431137085,1,1
612,3.8492679595947266,3.1601650714874268,1,1
613,3.5616507530212402,3.0554330348968506,1,1
614,3.5501792430877686,3.0570075511932373,1,1
615,3.3158342838287354,2.931981325149536,0,0
616,3.5018129348754883,3.3268566131591797,1,1
617,3.215162992477417,2.9914722442626953,0,0
618,3.547156572341919,3.1029927730560303,1,1
619,3.501636028289795,3.143949031829834,1,1
620,3.185784339904785,2.814711332321167,0,0
621,3.327251434326172,2.9203994274139404,0,0
622,3.6430554389953613,3.0432605743408203,1,1
623,3.635484218597412,3.162590742111206,1,1
624,3.3752753734588623,2.990044116973877,0,0
625,3.5153589248657227,3.186270236968994,1,1
626,3.4344608783721924,3.242952585220337,1,1
627,3.632920026779175,3.231091022491455,1,1
628,3.557436466217041,3.3823390007019043,1,1
629,4.092886447906494,3.437246561050415,1,1
630,3.316185474395752,2.8925225734710693,0,0
631,3.189681053161621,2.976839065551758,0,0
632,3.4233946800231934,3.191707134246826,1,1
633,3.4337170124053955,3.1728243827819824,1,1
634,3.7653350830078125,3.3280677795410156,1,1
635,3.4324095249176025,3.284726858139038,1,1
636,3.3915185928344727,3.0993874073028564,1,1
637,3.444459915161133,3.0653789043426514,1,1
638,3.0947797298431396,2.867532968521118,0,0
639,3.7235515117645264,3.147463798522949,1,1
640,3.5279130935668945,3.261894941329956,1,1
641,3.5390427112579346,3.1894614696502686,1,1
642,3.522397994995117,3.140582799911499,1,1
643,2.925633192062378,2.715473175048828,0,0
644,2.887179136276245,2.700563907623291,0,0
645,2.892429828643799,2.7591934204101562,0,0
646,3.071153402328491,2.932743549346924,0,0
647,3.5728228092193604,3.1665995121002197,1,1
648,3.369539499282837,3.1146721839904785,0,0
649,4.120885372161865,3.3106212615966797,1,1
650,3.5051889419555664,3.0372257232666016,1,1
651,3.569884777069092,3.2660574913024902,1,1
652,3.672118902206421,3.104114532470703,1,1
653,3.4228947162628174,3.1558899879455566,1,1
654,3.5910003185272217,3.1903398036956787,1,1
655,3.375458002090454,3.0634403228759766,0,0
656,3.129631757736206,3.0011181831359863,0,0
657,3.3118577003479004,2.9108359813690186,0,0
658,3.611912488937378,3.219911813735962,1,1
659,4.021143436431885,3.4842047691345215,1,1
660,4.023250579833984,3.4681220054626465,1,1
661,3.818838119506836,3.2639198303222656,1,1
662,4.297335147857666,3.5027358531951904,1,1
663,4.1065239906311035,3.389840602874756,1,1
664,3.5951600074768066,3.0014753341674805,1,1
665,3.3265700340270996,2.923870086669922,0,0
666,3.765270709991455,3.16683292388916,1,1
667,3.572446584701538,2.8899903297424316,1,1
668,4.200619220733643,3.494358777999878,1,1
669,3.9168291091918945,3.272517442703247,1,1
670,3.715925931930542,3.4504804611206055,1,1
671,3.9535136222839355,3.452177047729492,1,1
672,3.6853818893432617,3.3064193725585938,1,1
673,3.9849398136138916,3.6264336109161377,1,1
674,3.670125722885132,3.3553404808044434,1,1
675,3.570812940597534,3.2782304286956787,1,1
676,3.465573787689209,3.258269786834717,1,1
677,3.6627097129821777,3.1760120391845703,1,1
678,3.8090004920959473,3.326740026473999,1,1
679,3.9057366847991943,3.5194826126098633,1,1
680,3.964142084121704,3.2182211875915527,1,1
681,3.9402878284454346,3.2862141132354736,1,1
682,3.742058753967285,3.3999886512756348,1,1
683,3.7427937984466553,3.370309829711914,1,1
684,3.9088046550750732,3.4269399642944336,1,1
685,3.7064778804779053,3.4214611053466797,1,1
686,3.4068655967712402,3.213240623474121,0,0
687,2.981893301010132,3.0521697998046875,0,0
688,3.902313709259033,3.3566863536834717,1,1
689,3.072004795074463,3.0063838958740234,0,0
690,3.5791752338409424,3.3573179244995117,1,1
691,2.9977054595947266,2.743176221847534,0,0
692,3.2534663677215576,3.1345505714416504,0,0
693,3.3891448974609375,3.1516385078430176,0,0
694,3.4430832862854004,3.243669033050537,0,0
695,3.7337400913238525,3.290186882019043,1,1
696,3.5487823486328125,3.318922758102417,1,1
697,3.0735368728637695,3.136993646621704,0,0
698,3.4143810272216797,2.962674140930176,0,0
699,2.6839284896850586,2.741856575012207,0,0
700,3.618457317352295,3.391185760498047,1,1
701,2.8631396293640137,2.7546768188476562,0,0
702,3.419851779937744,3.010979175567627,0,0
703,3.4932711124420166,3.002366065979004,1,1
704,3.3334617614746094,3.0041632652282715,0,0
705,3.354902744293213,3.1395153999328613,0,0
706,3.3478329181671143,2.884082794189453,0,0
707,3.6493756771087646,3.2057557106018066,1,1
708,3.2985925674438477,2.9743235111236572,0,0
709,2.670180082321167,2.4379079341888428,0,0
710,2.583691120147705,2.36680006980896,0,0
711,2.899855613708496,2.444852352142334,0,0
712,3.1355581283569336,2.6779332160949707,0,0
713,3.2364625930786133,2.9795103073120117,0,0
714,3.496044874191284,3.2460007667541504,1,1
715,3.8578922748565674,3.420372486114502,1,1
716,0.9778729677200317,1.2251977920532227,0,0
717,2.5902185440063477,2.391388416290283,0,0
718,3.0923070907592773,3.111597776412964,0,0
719,3.1786913871765137,3.212172269821167,0,0
720,3.2121362686157227,3.1574697494506836,0,0
721,3.323810577392578,3.1386139392852783,0,0
722,3.2967398166656494,3.003725290298462,0,0
723,3.464453935623169,3.3632354736328125,1,1
724,3.9936883449554443,3.576359748840332,1,1
725,3.5617470741271973,3.317772388458252,1,1
726,3.9032211303710938,3.4043779373168945,1,1
727,3.572716474533081,3.3601162433624268,1,1
728,3.553968906402588,3.3435418605804443,1,1
729,3.5122268199920654,3.1633944511413574,1,1
730,3.3993258476257324,3.090310573577881,0,0
731,3.601083755493164,3.3116965293884277,1,1
732,3.5762243270874023,3.309814929962158,1,1
733,3.9339942932128906,3.427945613861084,1,1
734,3.4859580993652344,3.202636241912842,1,1
735,3.3859596252441406,3.021622657775879,0,0
736,3.68097186088562,3.296682834625244,1,1
737,3.696282386779785,3.191934585571289,1,1
738,3.7153759002685547,3.1624443531036377,1,1
739,3.444284200668335,2.9944875240325928,0,0
740,3.7671091556549072,3.155444383621216,1,1
741,3.8451690673828125,3.129356861114502,1,1
742,3.5097315311431885,3.0907340049743652,1,1
743,3.7837204933166504,3.2834506034851074,1,1
744,3.6400299072265625,3.3147237300872803,1,1
745,3.7452332973480225,3.3812804222106934,1,1
746,3.559239625930786,3.202699661254883,1,1
747,3.521409034729004,3.142496109008789,1,1
748,3.3112809658050537,2.943902015686035,0,0
749,3.239500045776367,3.0004565715789795,0,0
750,3.5740573406219482,3.1558194160461426,1,1
751,3.583099603652954,3.2570409774780273,1,1
752,3.4439685344696045,3.0574448108673096,0,0
753,3.493927001953125,3.0400052070617676,1,1
754,2.9078900814056396,2.6764235496520996,0,0
755,3.7728335857391357,3.544435977935791,1,1
756,3.659053325653076,3.28338623046875,1,1
757,3.2944555282592773,2.980637311935425,0,0
758,3.866302728652954,3.3170995712280273,1,1
759,3.6297497749328613,3.22776460647583,1,1
760,4.079662322998047,3.5868515968322754,1,1
761,3.5740578174591064,3.3252789974212646,1,1
762,3.591822385787964,3.1304943561553955,1,1
763,3.790893316268921,3.1217894554138184,1,1
764,4.1497602462768555,3.3858165740966797,1,1
765,3.7364158630371094,3.1547510623931885,1,1
766,3.8351519107818604,3.2431864738464355,1,1
767,3.487833023071289,2.9814858436584473,0,0
768,3.569265842437744,3.011813163757324,1,1
769,3.5869083404541016,3.00862717628479,1,1
770,3.494097948074341,3.290372848510742,0,0
771,3.90360426902771,3.344829559326172,1,1
772,3.317103385925293,3.0289385318756104,0,0
773,3.231487989425659,3.087695598602295,0,0
774,3.5838730335235596,3.145111560821533,1,1
775,3.773256540298462,3.22603178024292,1,1
776,3.4407899379730225,3.1714367866516113,0,0
777,2.825493812561035,2.6453804969787598,0,0
778,3.057251214981079,2.777435064315796,0,0
779,3.355308771133423,3.0171620845794678,0,0
780,3.392775774002075,3.1834778785705566,0,0
781,3.8720085620880127,3.4214253425598145,1,1
782,3.634136438369751,3.3126027584075928,1,1
783,3.176889419555664,3.1472744941711426,0,0
784,3.325009822845459,2.975831985473633,0,0
785,2.937208414077759,2.6922428607940674,0,0
786,3.096684694290161,2.7442469596862793,0,0
787,2.6438753604888916,2.5280799865722656,0,0
788,3.655320644378662,3.246140718460083,1,1
789,3.5266900062561035,3.130782127380371,1,1
790,2.9103360176086426,2.677042007446289,0,0
791,3.7140538692474365,3.1502294540405273,1,1
792,3.514594316482544,3.024278402328491,1,1
793,3.236520290374756,2.95473051071167,0,0
794,3.5739033222198486,3.152859687805176,1,1
795,3.484694480895996,3.2994651794433594,0,0
796,3.7519803047180176,3.3355906009674072,1,1
797,3.270115375518799,3.160111904144287,0,0
798,3.530702590942383,3.1447219848632812,1,1
799,3.6340200901031494,3.251643657684326,1,1
800,3.641425609588623,3.322596311569214,1,1
801,3.788630247116089,3.628451347351074,1,1
802,3.868892192840576,3.31219482421875,1,1
803,3.663809061050415,3.1947522163391113,1,1
804,3.6801350116729736,3.139338970184326,1,1
805,3.3779382705688477,2.9848456382751465,0,0
806,3.6168410778045654,3.173863410949707,1,1
807,3.888307571411133,3.352592945098877,1,1
808,3.584770917892456,3.288991928100586,1,1
809,3.3642337322235107,3.031912088394165,0,0
810,3.1938884258270264,2.8727331161499023,0,0
811,3.6416263580322266,3.0834999084472656,1,1
812,3.119309902191162,2.845856189727783,0,0
813,4.083909034729004,2.8871920108795166,1,1
814,3.5524039268493652,2.9852733612060547,1,1
815,3.4275622367858887,3.0826854705810547,0,0
816,3.2650742530822754,3.1656241416931152,0,0
817,3.447927236557007,3.0955405235290527,0,0
818,3.717872381210327,3.3027210235595703,1,1
819,3.3609731197357178,3.148000717163086,0,0
820,3.6697428226470947,3.2905311584472656,1,1
821,3.405552387237549,3.182572364807129,0,0
822,3.476865768432617,3.1594762802124023,0,0
823,3.6649739742279053,3.316225290298462,1,1
824,3.5642974376678467,3.295198917388916,1,1
825,4.279521465301514,3.582772731781006,1,1
826,3.608949899673462,3.2475485801696777,1,1
827,3.7456867694854736,3.3271517753601074,1,1
828,3.5276858806610107,3.365654468536377,0,0
829,3.676722288131714,3.414897918701172,1,1
830,3.7777369022369385,3.338850975036621,1,1
831,3.752216100692749,3.366966485977173,1,1
832,3.779271125793457,3.506697654724121,1,1
833,4.041482448577881,3.6485867500305176,1,1
834,4.1316022872924805,3.575415849685669,1,1
835,3.693138360977173,3.287435531616211,1,1
836,3.6635220050811768,3.49875807762146,1,1
837,3.5531277656555176,3.2227792739868164,0,0
838,4.051161766052246,3.428901195526123,1,1
839,3.4169180393218994,3.0250813961029053,0,0
840,3.679001569747925,3.1742103099823,1,1
841,3.7673897743225098,3.1366946697235107,1,1
842,2.9963502883911133,2.722886562347412,0,0
843,3.2503113746643066,3.0957584381103516,0,0
844,3.705428123474121,3.1569430828094482,1,1
845,3.3333423137664795,3.059100866317749,0,0
846,3.3867955207824707,3.033001661300659,0,0
847,3.4264214038848877,3.0165083408355713,0,0
848,2.630565643310547,2.2995853424072266,0,0
849,3.2044482231140137,2.8760664463043213,0,0
850,3.1429128646850586,2.875542163848877,0,0
851,3.469141960144043,3.169314384460449,0,0
852,3.729456663131714,3.2181901931762695,1,1
853,3.5988872051239014,3.2784299850463867,1,1
854,3.7574193477630615,3.2035908699035645,1,1
855,3.152728319168091,3.0598528385162354,0,0
856,3.1720643043518066,3.0388569831848145,0,0
857,3.8415002822875977,3.5111355781555176,1,1
858,3.3166682720184326,3.143521308898926,0,0
859,2.813673973083496,2.5756049156188965,0,0
860,3.4867165088653564,3.210550308227539,0,0
861,3.891321897506714,3.347235679626465,1,1
862,3.8360304832458496,3.200650453567505,1,1
863,3.615246295928955,3.178473949432373,1,1
864,3.541710138320923,3.0767836570739746,0,0
865,3.696842670440674,3.2245779037475586,1,1
866,3.492973804473877,3.1825385093688965,0,0
867,3.5475752353668213,3.15657377243042,0,0
868,3.4125490188598633,2.8792333602905273,0,0
869,3.634310245513916,3.285767078399658,1,1
870,3.793684482574463,3.3556816577911377,1,1
871,3.562727212905884,3.2625856399536133,1,1
872,3.9436893463134766,3.435345411300659,1,1
873,3.308527708053589,3.2593140602111816,0,0
874,3.31703782081604,2.8953425884246826,0,0
875,3.73772931098938,2.924137592315674,1,1
876,3.395542860031128,2.7841134071350098,0,0
877,3.023686647415161,2.679558753967285,0,0
878,3.048966646194458,2.8609838485717773,0,0
879,3.795041799545288,3.2981691360473633,1,1
880,3.2678370475769043,3.0517377853393555,0,0
881,3.410294771194458,3.0944340229034424,0,0
882,3.3364527225494385,3.0520806312561035,0,0
883,3.889238119125366,3.106860637664795,1,1
884,3.5997884273529053,3.274461030960083,1,1
885,3.4667367935180664,3.090519666671753,0,0
886,3.616283655166626,3.3076305389404297,1,1
887,3.341573476791382,3.2088873386383057,0,0
888,3.478766441345215,3.281127452850342,0,0
889,3.5125038623809814,3.3291783332824707,0,0
890,3.820314884185791,3.4548726081848145,1,1
891,3.8472084999084473,3.6123509407043457,1,1
892,3.8970868587493896,3.3600597381591797,1,1
893,3.8467040061950684,3.4620721340179443,1,1
894,4.170373916625977,3.6657161712646484,1,1
895,3.8646161556243896,3.650606393814087,1,1
896,3.8079845905303955,3.459280014038086,1,1
897,3.8552370071411133,3.446218490600586,1,1
898,3.692021608352661,3.53621768951416,1,1
899,3.657742500305176,3.4439432621002197,1,1
900,3.6702640056610107,3.247779130935669,1,1
901,3.6659018993377686,3.300873279571533,1,1
902,3.6033921241760254,3.239168167114258,1,1
903,3.1135990619659424,2.980443000793457,0,0
904,3.125716209411621,2.8602657318115234,0,0
905,3.467623472213745,3.0727367401123047,0,0
906,4.136462688446045,3.4632863998413086,1,1
907,3.250560760498047,2.830009698867798,0,0
908,3.401689052581787,2.987790584564209,0,0
909,3.913504123687744,3.2901153564453125,1,1
910,3.721248149871826,3.483234405517578,1,1
911,3.9310014247894287,3.6738781929016113,1,1
912,3.6846933364868164,3.369065761566162,1,1
913,3.7061991691589355,3.3999862670898438,1,1
914,4.00108003616333,3.3915252685546875,1,1
915,3.557006359100342,3.2229905128479004,0,0
916,3.774397611618042,3.354825496673584,1,1
917,2.819218635559082,2.728461980819702,0,0
918,3.1902148723602295,2.97506046295166,0,0
919,3.62793231010437,3.2737557888031006,1,1
920,3.500613212585449,3.30148983001709,0,0
921,3.756009340286255,3.5547666549682617,1,1
922,3.7061009407043457,3.326272964477539,1,1
923,3.5064520835876465,3.304433822631836,0,0
924,3.277838945388794,2.8948097229003906,0,0
925,3.4945483207702637,3.2208685874938965,0,0
926,3.2958438396453857,3.278510093688965,0,0
927,3.201082468032837,3.068850040435791,0,0
928,3.2071661949157715,3.0402846336364746,0,0
929,3.2975916862487793,3.0558650493621826,0,0
930,2.8916239738464355,2.831949234008789,0,0
931,3.2422869205474854,2.8789868354797363,0,0
932,3.5303151607513428,3.0813164710998535,0,0
933,3.2554118633270264,3.054403305053711,0,0
934,3.5317816734313965,3.077246904373169,0,0
935,3.786694288253784,3.4773879051208496,1,1
936,3.2935526371002197,3.035163402557373,0,0
937,3.693938732147217,3.295776605606079,1,1
938,3.905820608139038,3.33146333694458,1,1
939,3.0425848960876465,2.9220829010009766,0,0
940,3.1148974895477295,2.9071598052978516,0,0
941,3.1694395542144775,2.8173608779907227,0,0
942,3.457573175430298,3.0771782398223877,0,0
943,3.239098072052002,3.145292282104492,0,0
944,3.536226749420166,3.33410382270813,0,0
945,3.817735195159912,3.2348315715789795,1,1
946,2.8549299240112305,2.6765239238739014,0,0
947,3.1075656414031982,2.916410207748413,0,0
948,3.342491626739502,2.9721789360046387,0,0
949,3.29473614692688,3.0374698638916016,0,0
950,3.7482752799987793,3.277247667312622,1,1
951,3.5982093811035156,3.008730411529541,1,1
952,3.658597469329834,3.2400193214416504,1,1
953,3.4102542400360107,3.297896146774292,0,0
954,3.5857741832733154,3.373149871826172,1,1
955,3.7189781665802,3.4828763008117676,1,1
956,3.6608681678771973,3.431729316711426,1,1
957,3.2896556854248047,3.2938311100006104,0,0
958,3.3725533485412598,3.301487684249878,0,0
959,3.5157711505889893,3.033928394317627,0,0
960,3.7960047721862793,3.3514461517333984,1,1
961,3.9533731937408447,3.3416762351989746,1,1
962,3.605695962905884,3.2768807411193848,1,1
963,3.717961072921753,3.4022560119628906,1,1
964,3.4733524322509766,3.3312082290649414,0,0
965,3.5356898307800293,3.340085506439209,0,0
966,3.498871326446533,3.176605224609375,0,0
967,3.3020341396331787,3.20967173576355,0,0
968,3.4338862895965576,3.2893471717834473,0,0
969,3.752458333969116,3.4464943408966064,1,1
970,4.251796722412109,3.658953905105591,1,1
971,4.042082786560059,3.5189900398254395,1,1
972,3.5698437690734863,3.5153939723968506,1,1
973,4.255338668823242,3.7967519760131836,1,1
974,3.932559013366699,3.551494598388672,1,1
975,3.6315367221832275,3.341423511505127,1,1
976,3.695175886154175,3.424569845199585,1,1
977,3.822526454925537,3.5009710788726807,1,1
978,3.6348986625671387,3.3435616493225098,1,1
979,3.6672346591949463,3.1394617557525635,1,1
980,3.4552156925201416,2.973060131072998,0,0
981,3.7352120876312256,3.4199438095092773,1,1
982,3.5919301509857178,3.16355037689209,1,1
983,3.534919261932373,3.065089702606201,0,0
984,3.2723052501678467,2.9561707973480225,0,0
985,3.2745766639709473,2.867034912109375,0,0
986,2.905025005340576,2.567441463470459,0,0
987,2.7661349773406982,2.5437722206115723,0,0
988,2.7714128494262695,2.5924463272094727,0,0
989,3.3826682567596436,3.104323387145996,0,0
990,3.4390430450439453,3.107423782348633,0,0
991,3.5842931270599365,3.066553831100464,1,1
992,3.4383788108825684,2.835289716720581,0,0
993,3.2740581035614014,3.031283378601074,0,0
994,3.1437911987304688,2.813230514526367,0,0
995,3.532545328140259,3.058140277862549,0,0
996,3.2808494567871094,3.035538673400879,0,0
997,3.2484610080718994,2.8692381381988525,0,0
998,3.236342668533325,2.7600507736206055,0,0
999,3.8252780437469482,3.195784091949463,1,1
1000,3.78939151763916,3.1916754245758057,1,1
1001,3.3527517318725586,3.0153801441192627,0,0
1002,3.43143630027771,3.0173044204711914,0,0
1003,3.6010053157806396,3.1488494873046875,1,1
1004,3.886923313140869,3.281759738922119,1,1
1005,3.318816900253296,2.994480609893799,0,0
1006,3.793954849243164,3.4038925170898438,1,1
1007,3.8968636989593506,3.4783244132995605,1,1
1008,3.4792141914367676,3.1768980026245117,0,0
1009,3.4283828735351562,3.2079033851623535,0,0
1010,3.255112886428833,2.948910713195801,0,0
1011,3.2747464179992676,2.9430689811706543,0,0
1012,3.9413223266601562,3.312556266784668,1,1
1013,3.4683761596679688,2.983283042907715,0,0
1014,3.310173273086548,3.1578054428100586,0,0
1015,3.2563741207122803,2.9980568885803223,0,0
1016,3.5207645893096924,3.0731563568115234,0,0
1017,3.4608383178710938,3.093258857727051,0,0
1018,3.6551828384399414,3.165677309036255,1,1
1019,3.4788153171539307,2.9648544788360596,0,0
1020,3.1490871906280518,2.800287961959839,0,0
1021,3.150970220565796,3.0946695804595947,0,0
1022,3.655956506729126,3.525742530822754,1,1
1023,3.353769302368164,3.195089817047119,0,0
1024,3.5290510654449463,3.2266392707824707,0,0
1025,3.5782065391540527,3.207240104675293,1,1
1026,3.47029972076416,3.093757152557373,0,0
1027,3.485976457595825,3.104971170425415,0,0
1028,3.740983724594116,3.412677049636841,1,1
1029,3.615875244140625,3.474194288253784,1,1
1030,3.631624221801758,3.2737936973571777,1,1
1031,3.5606908798217773,2.988088607788086,1,1
1032,3.7818222045898438,3.17996883392334,1,1
1033,2.9945781230926514,2.6816062927246094,0,0
1034,3.5930066108703613,3.2472023963928223,1,1
1035,3.6391828060150146,3.2799246311187744,1,1
1036,3.622823715209961,3.242107391357422,1,1
1037,3.4346060752868652,2.9519405364990234,0,0
1038,3.289419651031494,3.0143864154815674,0,0
1039,3.382402181625366,3.2284305095672607,0,0
1040,3.3078978061676025,3.2016358375549316,0,0
1041,3.600675344467163,3.400132656097412,1,1
1042,3.7614760398864746,3.3703205585479736,1,1
1043,2.859388589859009,2.7167863845825195,0,0
1044,3.2080280780792236,2.9262757301330566,0,0
1045,3.1921472549438477,2.9266762733459473,0,0
1046,3.1541311740875244,2.9746127128601074,0,0
1047,3.3060479164123535,3.1115336418151855,0,0
1048,3.451093912124634,3.0822792053222656,0,0
1049,3.404273271560669,3.107759714126587,0,0
1050,3.5584018230438232,3.3888773918151855,1,1
1051,3.8777449131011963,3.4441161155700684,1,1
1052,3.15865159034729,2.666016101837158,0,0
1053,3.2706921100616455,2.5258607864379883,0,0
1054,2.9808526039123535,2.701033353805542,0,0
1055,3.0150704383850098,2.808483600616455,0,0
1056,3.006995677947998,2.764554977416992,0,0
1057,3.643812894821167,3.187221050262451,1,1
1058,3.742070436477661,3.382784843444824,1,1
1059,3.7045836448669434,3.3299782276153564,1,1
1060,3.598799467086792,3.163710832595825,1,1
1061,3.5762267112731934,3.1501760482788086,1,1
1062,3.558738946914673,3.279390811920166,1,1
1063,3.3354885578155518,3.0838489532470703,0,0
1064,3.3822875022888184,3.072530746459961,0,0
1065,3.7971606254577637,3.185269355773926,1,1
1066,3.533545732498169,3.14810848236084,1,1
1067,3.5596182346343994,3.1546359062194824,1,1
1068,3.3236052989959717,3.0414271354675293,0,0
1069,3.107161283493042,2.988067865371704,0,0
1070,3.4385852813720703,3.051426410675049,0,0
1071,3.2982311248779297,2.9514076709747314,0,0
1072,2.996408700942993,2.802079677581787,0,0
1073,2.728114604949951,2.7123095989227295,0,0
1074,3.2903473377227783,3.01493501663208,0,0
1075,3.284158706665039,2.9974727630615234,0,0
1076,2.9691128730773926,2.6703782081604004,0,0
1077,3.487823963165283,3.060889720916748,0,0
1078,3.3450942039489746,2.9526519775390625,0,0
1079,2.8581905364990234,2.561676502227783,0,0
1080,2.580127716064453,2.511448383331299,0,0
1081,2.8752729892730713,2.6981444358825684,0,0
1082,3.1340227127075195,3.1637208461761475,0,0
1083,3.2382779121398926,2.962080240249634,0,0
1084,3.4366633892059326,3.023528575897217,0,0
1085,3.7017440795898438,3.0785160064697266,1,1
1086,3.713047981262207,3.166469097137451,1,1
1087,3.3968560695648193,2.8974111080169678,0,0
1088,3.6308984756469727,3.014483690261841,1,1
1089,3.3760955333709717,3.042611837387085,0,0
1090,3.5732107162475586,2.966695785522461,1,1
1091,3.1085758209228516,2.8111095428466797,0,0
1092,3.316713333129883,2.927715539932251,0,0
1093,3.029865026473999,2.7949886322021484,0,0
1094,3.648933172225952,3.177241563796997,1,1
1095,3.097547769546509,2.860931634902954,0,0
1096,3.3636255264282227,3.0235910415649414,0,0
1097,3.5090172290802,3.198737621307373,1,1
1098,3.5002777576446533,3.035423755645752,1,1
1099,3.6705515384674072,3.2135396003723145,1,1
1100,3.189155101776123,3.014737606048584,0,0
1101,3.8188509941101074,3.1693058013916016,1,1
1102,3.4490997791290283,2.965998888015747,0,0
1103,3.402120351791382,3.030296802520752,0,0
1104,3.5986826419830322,3.2213900089263916,1,1
1105,3.4536495208740234,3.045254707336426,0,0
1106,3.2209715843200684,3.1512207984924316,0,0
1107,3.7970192432403564,3.3813366889953613,1,1
1108,3.6218624114990234,3.380983829498291,1,1
1109,3.5143508911132812,3.493497371673584,1,1
1110,3.5500004291534424,3.322019100189209,1,1
1111,3.046873092651367,2.8477797508239746,0,0
1112,2.8831725120544434,2.8674721717834473,0,0
1113,3.0963387489318848,3.053421974182129,0,0
1114,3.27799129486084,3.1894514560699463,0,0
1115,3.1796820163726807,3.0361995697021484,0,0
1116,3.468250036239624,3.2217369079589844,1,1
1117,3.2168705463409424,3.031006336212158,0,0
1118,3.3075103759765625,3.180104970932007,0,0
1119,3.1272194385528564,3.0926170349121094,0,0
1120,3.1926963329315186,3.0176467895507812,0,0
1121,3.2505006790161133,2.774972915649414,0,0
1122,3.7582805156707764,3.199378490447998,1,1
1123,3.5937952995300293,3.153939723968506,1,1
1124,3.806797981262207,3.229091167449951,1,1
1125,3.9544663429260254,3.3949973583221436,1,1
1126,3.79933500289917,3.298433780670166,1,1
1127,3.1468966007232666,2.777919292449951,0,0
1128,3.1229164600372314,2.6242709159851074,0,0
1129,3.113309621810913,2.6858224868774414,0,0
1130,3.224045753479004,2.7206647396087646,0,0
1131,2.9949493408203125,2.5893726348876953,0,0
1132,3.16633677482605,2.7673137187957764,0,0
1133,3.236724615097046,2.9152541160583496,0,0
1134,3.056051254272461,2.6060967445373535,0,0
1135,2.9615697860717773,2.8068439960479736,0,0
1136,3.3150439262390137,3.1067142486572266,0,0
1137,3.2100093364715576,3.1535935401916504,0,0
1138,3.3400821685791016,3.1611084938049316,0,0
1139,3.432796001434326,3.113807439804077,0,0
1140,4.643547058105469,4.01458740234375,1,1
1141,4.735164642333984,4.016232490539551,1,1
1142,3.661248207092285,3.5717058181762695,1,1
1143,3.5287282466888428,3.2433769702911377,1,1
1144,3.775432825088501,3.5216732025146484,1,1
1145,3.62766432762146,3.4820542335510254,1,1
1146,3.8201725482940674,3.4683070182800293,1,1
1147,3.736480474472046,3.46539306640625,1,1
1148,3.7541000843048096,3.4219460487365723,1,1
1149,3.4700982570648193,3.204063892364502,1,1
1150,3.6751599311828613,3.295319080352783,1,1
1151,3.929673433303833,3.416907548904419,1,1
1152,3.6716275215148926,3.1413512229919434,1,1
1153,3.252344846725464,3.0357718467712402,0,0
1154,3.5448999404907227,3.129061222076416,1,1
1155,2.8652074337005615,2.7880239486694336,0,0
1156,2.8775930404663086,2.5801405906677246,0,0
1157,2.818563461303711,2.7929511070251465,0,0
1158,3.0933613777160645,3.0767226219177246,0,0
1159,3.2093722820281982,3.1610002517700195,0,0
1160,3.3636343479156494,3.0636420249938965,0,0
1161,3.5983879566192627,3.313960552215576,1,1
1162,3.5398709774017334,3.3294668197631836,1,1
1163,3.268803358078003,3.068821430206299,0,0
1164,3.656801700592041,3.253612756729126,1,1
1165,3.1671857833862305,3.107675313949585,0,0
1166,3.192775011062622,3.0803873538970947,0,0
1167,3.074098587036133,2.9971399307250977,0,0
1168,3.5119192600250244,3.1373510360717773,1,1
1169,3.5107312202453613,3.290393114089966,1,1
1170,3.2729368209838867,3.21089506149292,0,0
1171,3.4855947494506836,3.2890467643737793,1,1
1172,3.032689094543457,3.127000331878662,0,0
1173,3.370327949523926,3.1522374153137207,0,0
1174,3.331857204437256,3.0367019176483154,0,0
1175,3.38883113861084,3.1897687911987305,0,0
1176,3.292754888534546,2.966127872467041,0,0
1177,3.5740721225738525,3.1673736572265625,1,1
1178,3.920698881149292,3.348639726638794,1,1
1179,3.6080422401428223,3.2360472679138184,1,1
1180,3.0286951065063477,2.78145694732666,0,0
1181,3.657057285308838,3.36940336227417,1,1
1182,3.919365167617798,3.4108059406280518,1,1
1183,3.880126714706421,3.536322593688965,1,1
1184,3.7845380306243896,3.5491487979888916,1,1
1185,3.9216063022613525,3.685673236846924,1,1
1186,3.83203387260437,3.5161705017089844,1,1
1187,3.8335537910461426,3.6273446083068848,1,1
1188,3.561256170272827,3.146418809890747,1,1
1189,3.6663520336151123,3.2448530197143555,1,1
1190,3.016974449157715,2.5487616062164307,0,0
1191,2.9916396141052246,2.4934191703796387,0,0
1192,3.3179943561553955,2.9294962882995605,0,0
1193,2.9690170288085938,2.6232309341430664,0,0
1194,3.577605962753296,3.272754192352295,1,1
1195,3.4568285942077637,3.3467016220092773,1,1
1196,3.323134422302246,3.099311351776123,0,0
1197,3.663499355316162,3.305476427078247,1,1
1198,3.3344388008117676,3.1666817665100098,0,0
1199,3.640066385269165,3.2005534172058105,1,1
1200,3.082437753677368,3.1156914234161377,0,0
1201,3.416151762008667,3.1746389865875244,0,0
1202,3.279616355895996,3.0153703689575195,0,0
1203,3.2544398307800293,3.087238311767578,0,0
1204,3.3302969932556152,3.052121162414551,0,0
1205,3.4912326335906982,3.142958641052246,1,1
1206,3.5172019004821777,3.289679765701294,1,1
1207,3.607542037963867,3.3153762817382812,1,1
1208,3.1818630695343018,3.1229968070983887,0,0
1209,3.411581039428711,3.2187466621398926,0,0
1210,3.4287562370300293,2.8724148273468018,1,1
1211,3.200637102127075,2.874478340148926,0,0
1212,3.032844305038452,2.75681734085083,0,0
1213,3.129000663757324,2.5643177032470703,0,0
1214,3.1055941581726074,2.831899642944336,0,0
1215,3.4737584590911865,2.7497966289520264,1,1
1216,3.435626268386841,3.0021915435791016,1,1
1217,3.186133861541748,2.7643685340881348,0,0
1218,3.4013893604278564,2.881410598754883,0,0
1219,3.1289706230163574,2.739359140396118,0,0
1220,3.3822193145751953,2.761301040649414,0,0
1221,3.4506139755249023,2.840393543243408,1,1
1222,3.436044931411743,2.8270978927612305,1,1
1223,4.060850143432617,3.2386248111724854,1,1
1224,4.15279483795166,3.0642666816711426,1,1
1225,3.287367105484009,2.8591957092285156,0,0
1226,3.584524154663086,3.0968666076660156,1,1
1227,2.8853635787963867,2.628103256225586,0,0
1228,3.390195369720459,2.9568381309509277,0,0
1229,3.695417642593384,3.4692158699035645,1,1
1230,3.476759672164917,3.3759238719940186,1,1
1231,3.161694049835205,2.950254201889038,0,0
1232,3.3831045627593994,3.1069936752319336,0,0
1233,3.2437572479248047,2.913052558898926,0,0
1234,2.999476909637451,2.8569202423095703,0,0
1235,3.9668564796447754,3.2126903533935547,1,1
1236,3.2837283611297607,2.7739815711975098,0,0
1237,3.3768348693847656,2.963705539703369,0,0
1238,3.3323426246643066,3.0840883255004883,0,0
1239,3.343921184539795,3.1225223541259766,0,0
1240,2.7913830280303955,2.4409072399139404,0,0
1241,2.638284921646118,2.5116851329803467,0,0
1242,3.5491690635681152,3.2296929359436035,1,1
1243,3.1328465938568115,2.900275707244873,0,0
1244,3.353825569152832,3.195742607116699,0,0
1245,3.4926886558532715,3.3239822387695312,1,1
1246,3.2147774696350098,2.9829647541046143,0,0
1247,3.3562216758728027,3.036074638366699,0,0
1248,3.1860549449920654,2.8612146377563477,0,0
1249,3.5385825634002686,3.1604185104370117,1,1
1250,3.293551206588745,2.998142719268799,0,0
1251,3.1522164344787598,2.890425443649292,0,0
1252,3.2737717628479004,2.9608731269836426,0,0
1253,3.1593728065490723,2.8603081703186035,0,0
1254,2.7983179092407227,2.669219970703125,0,0
1255,3.8152050971984863,3.442739963531494,1,1
1256,3.29583477973938,3.4151830673217773,0,0
1257,3.8232924938201904,3.4037156105041504,1,1
1258,3.2092292308807373,3.083115339279175,0,0
1259,3.1350226402282715,3.0702505111694336,0,0
1260,3.185797691345215,3.1872167587280273,0,0
1261,3.382375955581665,3.261146306991577,1,1
1262,3.555516481399536,3.3085973262786865,1,1
1263,3.4903552532196045,3.279906749725342,1,1
1264,3.5817651748657227,3.1489131450653076,1,1
1265,3.6461257934570312,3.2659597396850586,1,1
1266,3.2292966842651367,3.128103733062744,0,0
1267,3.3280320167541504,3.1931700706481934,0,0
1268,3.3227412700653076,3.2311606407165527,0,0
1269,3.715219497680664,3.3426668643951416,1,1
1270,3.4443063735961914,2.9160265922546387,1,1
1271,3.61775803565979,3.2840938568115234,1,1
1272,3.34452748298645,3.092883348464966,0,0
1273,3.772160530090332,3.363271474838257,1,1
1274,3.6147210597991943,3.332592487335205,1,1
1275,3.804908275604248,3.3682210445404053,1,1
1276,3.1868038177490234,2.936505079269409,0,0
1277,3.41900372505188,3.0735886096954346,1,1
1278,3.5298380851745605,3.248415470123291,1,1
1279,3.3861851692199707,3.0964555740356445,1,1
1280,3.3413918018341064,2.9903085231781006,0,0
1281,3.273106575012207,3.100257396697998,0,0
1282,3.1557013988494873,2.732757568359375,0,0
1283,3.0094728469848633,2.6333765983581543,0,0
1284,3.7510693073272705,3.0680408477783203,1,1
1285,3.1595096588134766,2.8437843322753906,0,0
1286,2.9337661266326904,2.719486951828003,0,0
1287,3.523442506790161,2.920624256134033,1,1
1288,3.2749898433685303,2.583430767059326,0,0
1289,3.4226150512695312,2.882141351699829,1,1
1290,2.976790428161621,2.59771990776062,0,0
1291,3.2693958282470703,2.8577167987823486,0,0
1292,3.3315534591674805,3.15726900100708,0,0
1293,3.347935438156128,3.2367610931396484,0,0
1294,3.3073108196258545,3.393099784851074,0,0
1295,3.298273801803589,3.350220203399658,0,0
1296,3.5644378662109375,3.287311553955078,1,1
1297,3.7319116592407227,3.5309534072875977,1,1
1298,3.5433337688446045,3.370704412460327,1,1
1299,3.370630979537964,3.270129442214966,0,0
1300,3.807912588119507,3.5767831802368164,1,1
1301,3.6640448570251465,3.563910484313965,1,1
1302,3.5254597663879395,3.431180953979492,1,1
1303,3.4710538387298584,3.3333706855773926,1,1
1304,3.4400441646575928,3.3347158432006836,1,1
1305,3.435115098953247,3.209764003753662,1,1
1306,3.472036361694336,3.2000160217285156,1,1
1307,3.574859857559204,3.268845558166504,1,1
1308,3.3383731842041016,3.0601131916046143,0,0
1309,3.577925443649292,3.474357843399048,1,1
1310,3.7335007190704346,3.440248489379883,1,1
1311,3.258338212966919,3.144050121307373,0,0
1312,3.574263334274292,3.237755298614502,1,1
1313,4.028750896453857,3.638603925704956,1,1
1314,3.7316644191741943,3.3752336502075195,1,1
1315,3.548985004425049,3.4219956398010254,1,1
1316,3.884755849838257,3.508435010910034,1,1
1317,3.504687786102295,3.2118277549743652,1,1
1318,2.9868390560150146,3.0261902809143066,0,0
1319,3.2233712673187256,3.169495105743408,0,0
1320,3.3718087673187256,3.1497693061828613,0,0
1321,2.8732857704162598,2.838108539581299,0,0
1322,3.52950119972229,3.338529348373413,1,1
1323,3.33012056350708,3.1208724975585938,0,0
1324,3.0803346633911133,3.0030715465545654,0,0
1325,2.7435598373413086,2.758631944656372,0,0
1326,3.248075008392334,3.2351181507110596,0,0
1327,3.481844425201416,3.264523506164551,1,1
1328,3.557828187942505,3.391303300857544,1,1
1329,3.5815908908843994,3.414928436279297,1,1
1330,3.4306480884552,3.1007471084594727,1,1
1331,3.4584012031555176,3.2205331325531006,1,1
1332,2.208171844482422,2.305776834487915,0,0
1333,2.4939496517181396,2.4661941528320312,0,0
1334,3.214271306991577,3.095823049545288,0,0
1335,3.3675343990325928,2.9198126792907715,0,0
1336,3.2561163902282715,2.9487385749816895,0,0
1337,3.371981382369995,3.0680365562438965,0,0
1338,3.499124050140381,3.1049952507019043,1,1
1339,2.9268224239349365,2.816046714782715,0,0
1340,3.090961217880249,3.0581607818603516,0,0
1341,3.4844582080841064,3.2063517570495605,1,1
1342,3.4810266494750977,3.285224437713623,1,1
1343,3.7046751976013184,3.331657886505127,1,1
1344,3.447265386581421,3.1889610290527344,1,1
1345,3.543163776397705,3.0766966342926025,1,1
1346,3.346994400024414,2.8844432830810547,0,0
1347,3.5671932697296143,3.162958860397339,1,1
1348,3.2718911170959473,2.836529016494751,0,0
1349,3.6657702922821045,3.209552764892578,1,1
1350,3.561626672744751,2.959951877593994,1,1
1351,3.50830340385437,2.808175802230835,1,1
1352,3.595226764678955,3.119919776916504,1,1
1353,2.853306770324707,2.688028573989868,0,0
1354,2.897256851196289,2.743819236755371,0,0
1355,3.02286434173584,2.768838882446289,0,0
1356,3.0265371799468994,2.6435656547546387,0,0
1357,3.069988965988159,2.767451763153076,0,0
1358,3.0447423458099365,2.746124744415283,0,0
1359,3.327449321746826,2.9974379539489746,0,0
1360,3.1648354530334473,2.8144891262054443,0,0
1361,3.0472044944763184,2.83528470993042,0,0
1362,3.2947354316711426,3.0039584636688232,0,0
1363,3.2088379859924316,2.8168132305145264,0,0
1364,3.495314121246338,3.0455174446105957,1,1
1365,3.4062297344207764,3.1458511352539062,1,1
1366,3.851635217666626,3.522660255432129,1,1
1367,3.832953453063965,3.5063579082489014,1,1
1368,3.883273124694824,3.3725638389587402,1,1
1369,3.5516674518585205,3.23007869720459,1,1
1370,3.758995294570923,3.373030185699463,1,1
1371,3.3649513721466064,3.0638961791992188,0,0
1372,3.8086307048797607,3.3295440673828125,1,1
1373,3.523279905319214,3.0341944694519043,1,1
1374,3.6009583473205566,3.2388150691986084,1,1
1375,3.083683967590332,2.6732215881347656,0,0
1376,2.958313465118408,2.6978907585144043,0,0
1377,3.0289816856384277,2.875194549560547,0,0
1378,3.536973476409912,3.2713351249694824,1,1
1379,3.4465415477752686,3.137378215789795,1,1
1380,3.1903135776519775,2.971956729888916,0,0
1381,2.801870584487915,2.610820770263672,0,0
1382,3.328524589538574,2.893479347229004,0,0
1383,3.372288942337036,3.2250020503997803,0,0
1384,3.790834665298462,3.3081936836242676,1,1
1385,3.414203405380249,3.1757237911224365,1,1
1386,3.5429632663726807,3.0879640579223633,1,1
1387,3.8286545276641846,3.3624701499938965,1,1
1388,3.7481768131256104,3.3064444065093994,1,1
1389,3.6851487159729004,3.345647096633911,1,1
1390,3.6210951805114746,3.410120725631714,1,1
1391,3.506552219390869,3.2960476875305176,1,1
1392,3.11959171295166,2.9956045150756836,0,0
1393,2.9874086380004883,2.847439765930176,0,0
1394,3.2414872646331787,2.9126229286193848,0,0
1395,2.823795795440674,2.766970634460449,0,0
1396,3.120199680328369,2.9561028480529785,0,0
1397,2.9439644813537598,2.791856288909912,0,0
1398,2.8761260509490967,2.7693190574645996,0,0
1399,3.2200112342834473,2.985900640487671,0,0
1400,2.8830437660217285,2.7654623985290527,0,0
1401,3.1786932945251465,2.940138339996338,0,0
1402,3.016713857650757,2.890352249145508,0,0
1403,3.061192035675049,2.925126552581787,0,0
1404,3.0312023162841797,2.8363380432128906,0,0
1405,3.025987386703491,2.9370131492614746,0,0
1406,3.2501564025878906,2.9252476692199707,0,0
1407,3.193920612335205,2.9893577098846436,0,0
1408,3.345491886138916,2.8743093013763428,0,0
1409,3.8953208923339844,3.502495288848877,1,1
1410,3.2645034790039062,3.123114585876465,0,0
1411,3.4134087562561035,3.1534621715545654,1,1
1412,3.4784345626831055,3.1386585235595703,1,1
1413,3.7201430797576904,3.2327017784118652,1,1
1414,3.494312286376953,3.0715537071228027,1,1
1415,3.5685458183288574,3.0640869140625,1,1
1416,3.3947644233703613,3.1853246688842773,1,1
1417,3.577004909515381,3.2763309478759766,1,1
1418,3.229928731918335,2.8753042221069336,0,0
1419,3.1793200969696045,2.960172653198242,0,0
1420,3.2306883335113525,2.9659128189086914,0,0
1421,3.6775834560394287,3.269657850265503,1,1
1422,3.4403140544891357,3.2095446586608887,1,1
1423,3.6107239723205566,3.0893635749816895,1,1
1424,3.799074172973633,3.298234462738037,1,1
1425,3.692406415939331,3.228224992752075,1,1
1426,4.057540416717529,3.3603622913360596,1,1
1427,3.57051157951355,3.2593581676483154,1,1
1428,3.6367621421813965,3.3306307792663574,1,1
1429,3.525394916534424,3.28690242767334,1,1
1430,3.579738140106201,3.1697654724121094,1,1
1431,3.625807523727417,3.4017252922058105,1,1
1432,3.592808723449707,3.2508955001831055,1,1
1433,3.6008074283599854,3.222001552581787,1,1
1434,3.6182100772857666,3.34431791305542,1,1
1435,3.4801642894744873,3.2912192344665527,1,1
1436,3.239924669265747,3.1749494075775146,0,0
1437,3.2605066299438477,3.187211036682129,0,0
1438,2.935309410095215,2.9619460105895996,0,0
1439,2.8310515880584717,3.0528650283813477,0,0
1440,3.333906650543213,3.1697256565093994,0,0
1441,3.380246877670288,3.347703695297241,0,0
1442,3.0907530784606934,3.052161931991577,0,0
1443,3.451317548751831,3.202091693878174,1,1
1444,3.0523970127105713,2.9081249237060547,0,0
1445,3.049616575241089,2.994454860687256,0,0
1446,3.330249309539795,3.1998095512390137,0,0
1447,3.532599925994873,3.077556610107422,1,1
1448,3.306220769882202,3.2114012241363525,0,0
1449,3.1221394538879395,3.0331296920776367,0,0
1450,3.58889102935791,3.1469032764434814,1,1
1451,3.32964825630188,3.224912166595459,0,0
1452,3.550395965576172,3.3463656902313232,1,1
1453,3.7920877933502197,3.466111660003662,1,1
1454,3.363389730453491,3.2644875049591064,0,0
1455,3.2005765438079834,2.9922242164611816,0,0
1456,3.320890188217163,3.141200304031372,0,0
1457,3.198411226272583,3.0610618591308594,0,0
1458,3.055659532546997,3.0006649494171143,0,0
1459,3.4896554946899414,3.1954946517944336,1,1
1460,3.0265274047851562,3.0823493003845215,0,0
1461,3.5017049312591553,3.205845355987549,1,1
1462,3.2647006511688232,3.0712661743164062,0,0
1463,3.5298333168029785,3.047452449798584,1,1
1464,3.4104526042938232,3.1484923362731934,1,1
1465,3.7508392333984375,3.551441192626953,1,1
1466,4.127115726470947,3.6311912536621094,1,1
1467,3.6710615158081055,3.5064547061920166,1,1
1468,3.4311256408691406,3.1460464000701904,1,1
1469,3.528796434402466,3.1546833515167236,1,1
1470,3.5214715003967285,3.389808177947998,1,1
1471,3.440136432647705,3.3881173133850098,1,1
1472,3.8015496730804443,3.5413894653320312,1,1
1473,3.4573934078216553,3.3116118907928467,1,1
1474,3.361619710922241,3.2181880474090576,0,0
1475,3.8550972938537598,3.335503339767456,1,1
1476,3.7392001152038574,3.1411077976226807,1,1
1477,3.627896308898926,3.2331323623657227,1,1
1478,3.4271743297576904,3.1296589374542236,1,1
1479,3.592402458190918,3.204796314239502,1,1
1480,3.32611346244812,3.084935188293457,0,0
1481,3.527353286743164,3.140458106994629,1,1
1482,3.1906466484069824,3.0256755352020264,0,0
1483,3.5029428005218506,3.2888236045837402,1,1
1484,3.3553903102874756,3.224189281463623,0,0
1485,3.3956899642944336,3.038215160369873,0,0
1486,3.461148500442505,3.228288173675537,1,1
1487,3.321755886077881,3.0771899223327637,0,0
1488,3.2949962615966797,3.1514928340911865,0,0
1489,3.59468150138855,3.225139617919922,1,1
1490,3.2619471549987793,2.9488236904144287,0,0
1491,3.3144638538360596,3.0497217178344727,0,0
1492,3.351346731185913,3.062620162963867,0,0
1493,2.9449188709259033,2.6401431560516357,0,0
1494,3.3121373653411865,3.2282581329345703,0,0
1495,3.1882736682891846,2.972842216491699,0,0
1496,3.463710069656372,3.0600171089172363,1,1
1497,3.3592379093170166,3.0315895080566406,0,0
1498,3.319683790206909,3.090579032897949,0,0
1499,3.7775609493255615,3.396984100341797,1,1
1500,3.554015636444092,3.2318971157073975,1,1
1501,3.1103992462158203,2.838852643966675,0,0
1502,3.515465021133423,3.1812963485717773,1,1
1503,3.4206643104553223,3.1666512489318848,1,1
1504,3.6516273021698,3.0614824295043945,1,1
1505,3.9272382259368896,3.3873112201690674,1,1
1506,3.3052759170532227,3.1500706672668457,0,0
1507,3.153052806854248,2.9101595878601074,0,0
1508,3.1083884239196777,2.70819091796875,0,0
1509,3.3198375701904297,2.926349639892578,0,0
1510,3.4045400619506836,3.0249462127685547,1,1
1511,2.7547004222869873,2.5693440437316895,0,0
1512,2.6215553283691406,2.049339771270752,0,0
1513,2.916862726211548,2.448763608932495,0,0
1514,3.3065810203552246,2.8824262619018555,0,0
1515,3.3518779277801514,2.939849853515625,0,0
1516,3.3093864917755127,2.9181814193725586,0,0
1517,3.045783519744873,2.8247199058532715,0,0
1518,3.6210556030273438,3.0864453315734863,1,1
1519,3.7034387588500977,3.245659828186035,1,1
1520,3.499547004699707,3.0970005989074707,1,1
1521,3.512094259262085,3.2055702209472656,1,1
1522,3.5253396034240723,3.2766494750976562,1,1
1523,2.8680338859558105,2.8474936485290527,0,0
1524,3.573488712310791,3.0629916191101074,1,1
1525,3.515615224838257,3.213501214981079,1,1
1526,3.6588990688323975,3.2371459007263184,1,1
1527,3.594557046890259,3.151207685470581,1,1
1528,3.826540946960449,3.3590002059936523,1,1
1529,3.0940945148468018,2.8352668285369873,0,0
1530,3.2122132778167725,2.8671364784240723,0,0
1531,3.3986215591430664,2.839219093322754,1,1
1532,3.2715342044830322,2.751099109649658,0,0
1533,3.4360170364379883,2.85577130317688,1,1
1534,3.5201799869537354,3.003549337387085,1,1
1535,3.2674074172973633,3.027334690093994,0,0
1536,3.201753854751587,2.9224438667297363,0,0
1537,3.771289587020874,3.227694034576416,1,1
1538,3.485276460647583,3.2165920734405518,1,1
1539,3.40431809425354,2.962686061859131,0,0
1540,3.6527459621429443,3.343019485473633,1,1
1541,3.535979986190796,3.2813258171081543,1,1
1542,3.5228240489959717,3.385619640350342,1,1
1543,3.433260917663574,3.2072408199310303,1,1
1544,3.0433897972106934,2.946021318435669,0,0
1545,3.2228682041168213,3.120638370513916,0,0
1546,3.0319759845733643,3.088074207305908,0,0
1547,3.340831756591797,3.1980395317077637,0,0
1548,3.2934184074401855,3.068105459213257,0,0
1549,3.583214521408081,3.156822681427002,1,1
1550,3.2915303707122803,3.0933642387390137,0,0
1551,3.4307098388671875,3.196749210357666,1,1
1552,3.8423666954040527,3.425784111022949,1,1
1553,3.2998619079589844,3.1450343132019043,0,0
1554,3.7715117931365967,3.484196662902832,1,1
1555,3.40122127532959,3.252405881881714,0,0
1556,3.137321949005127,2.941314220428467,0,0
1557,3.350187063217163,2.9880430698394775,0,0
1558,2.916184425354004,2.7572035789489746,0,0
1559,3.360741138458252,3.0149025917053223,0,0
1560,3.7591655254364014,3.1858556270599365,1,1
1561,3.26096510887146,3.104738712310791,0,0
1562,3.267711877822876,2.996065855026245,0,0
1563,3.3471484184265137,3.1903138160705566,0,0
1564,3.1094770431518555,3.0480360984802246,0,0
1565,3.4106605052948,3.136465549468994,1,1
1566,3.773383140563965,3.5221409797668457,1,1
1567,3.1401219367980957,2.9014666080474854,0,0
1568,3.5684432983398438,3.239440679550171,1,1
1569,3.94415020942688,3.371002197265625,1,1
1570,3.6679632663726807,3.1901872158050537,1,1
1571,3.1796984672546387,2.874445676803589,0,0
1572,3.304080009460449,3.1381897926330566,0,0
1573,3.432474136352539,3.291916847229004,1,1
1574,3.0428414344787598,2.974693775177002,0,0
1575,2.8105316162109375,2.589548110961914,0,0
1576,2.8954174518585205,2.824763536453247,0,0
1577,3.0972776412963867,3.026577949523926,0,0
1578,3.5502655506134033,3.27864670753479,1,1
1579,3.2772679328918457,3.0932984352111816,0,0
1580,2.992964267730713,2.828705072402954,0,0
1581,3.8295562267303467,3.3976635932922363,1,1
1582,3.416273355484009,3.102619171142578,1,1
1583,3.490689992904663,3.183267831802368,1,1
1584,3.0982539653778076,3.1210684776306152,0,0
1585,3.2760093212127686,3.0786001682281494,0,0
1586,3.4033563137054443,3.0900487899780273,1,1
1587,3.3175361156463623,3.1536197662353516,0,0
1588,3.086115837097168,2.9045701026916504,0,0
1589,3.1256015300750732,3.0216572284698486,0,0
1590,3.5652902126312256,3.3224079608917236,1,1
1591,3.2686002254486084,3.1794795989990234,0,0
1592,3.210810661315918,3.174480438232422,0,0
1593,3.3264427185058594,3.0100536346435547,0,0
1594,3.5281527042388916,3.424386978149414,1,1
1595,3.4108076095581055,3.1500284671783447,1,1
1596,3.3920228481292725,3.0130958557128906,1,1
1597,3.7129111289978027,3.375439405441284,1,1
1598,3.5384528636932373,3.439903974533081,1,1
1599,3.556297779083252,3.484119415283203,1,1
1600,3.5619938373565674,3.372405767440796,1,1
1601,3.5738019943237305,3.4193027019500732,1,1
1602,3.4441373348236084,3.4105005264282227,1,1
1603,3.38090181350708,3.1533498764038086,0,0
1604,3.144681453704834,2.768972396850586,0,0
1605,3.0723578929901123,2.813709259033203,0,0
1606,3.2512154579162598,2.8260514736175537,0,0
1607,3.1561434268951416,3.048307418823242,0,0
1608,3.6399223804473877,3.331913471221924,1,1
1609,3.327876091003418,3.2822928428649902,0,0
1610,3.6842267513275146,3.347017526626587,1,1
1611,3.500774621963501,3.2219061851501465,1,1
1612,3.293053150177002,3.150127410888672,0,0
1613,3.7857601642608643,3.2985613346099854,1,1
1614,3.4616684913635254,3.103236436843872,1,1
1615,3.7119557857513428,3.0326333045959473,1,1
1616,2.952659845352173,2.646777629852295,0,0
1617,3.43888258934021,3.015453577041626,1,1
1618,3.105416774749756,3.129380226135254,0,0
1619,3.2540981769561768,3.0494000911712646,0,0
1620,3.430119752883911,3.0539419651031494,1,1
1621,3.826608419418335,3.160159111022949,1,1
1622,3.7701127529144287,3.2515480518341064,1,1
1623,3.77390456199646,3.2898478507995605,1,1
1624,3.4660444259643555,3.191727638244629,1,1
1625,3.8301830291748047,3.178215503692627,1,1
1626,3.4506380558013916,3.028377056121826,1,1
1627,2.916290521621704,2.5937085151672363,0,0
1628,3.480046033859253,3.114905834197998,1,1
1629,3.558316707611084,2.9102377891540527,1,1
1630,3.3442249298095703,3.0338668823242188,0,0
1631,3.6898622512817383,3.0432214736938477,1,1
1632,3.641345739364624,3.0088415145874023,1,1
1633,3.2791926860809326,2.8545522689819336,0,0
1634,3.133023500442505,2.7305097579956055,0,0
1635,3.2296204566955566,3.091155529022217,0,0
1636,3.7085471153259277,3.2166996002197266,1,1
1637,3.279177188873291,3.059732675552368,0,0
1638,3.4921669960021973,3.0614471435546875,1,1
1639,3.635714054107666,3.2480580806732178,1,1
1640,3.4380736351013184,3.044694423675537,1,1
1641,3.3913004398345947,3.2358193397521973,0,0
1642,3.599491596221924,3.313995361328125,1,1
1643,3.218752384185791,3.0771918296813965,0,0
1644,3.398642063140869,3.20694637298584,0,0
1645,3.787709951400757,3.4418702125549316,1,1
1646,3.1819639205932617,3.0288314819335938,0,0
1647,3.3171486854553223,3.15285587310791,0,0
1648,3.0659372806549072,3.1319022178649902,0,0
1649,3.7017431259155273,3.402169704437256,1,1
1650,3.4377799034118652,3.0134449005126953,1,1
1651,3.163926362991333,3.009042739868164,0,0
1652,3.52797532081604,3.355335235595703,1,1
1653,3.2223172187805176,3.1819303035736084,0,0
1654,3.4934277534484863,3.2721662521362305,1,1
1655,3.4254348278045654,3.2748823165893555,1,1
1656,2.909374952316284,2.832059860229492,0,0
1657,2.7370853424072266,2.6774420738220215,0,0
1658,3.6708972454071045,3.386643648147583,1,1
1659,3.627239227294922,3.260517120361328,1,1
1660,3.801164388656616,3.458951950073242,1,1
1661,3.3131654262542725,3.26039457321167,0,0
1662,3.3091766834259033,3.205752372741699,0,0
1663,3.699772596359253,3.452049970626831,1,1
1664,3.7550041675567627,3.4164793491363525,1,1
1665,3.396381378173828,3.1823246479034424,0,0
1666,3.00026273727417,2.8021090030670166,0,0
1667,3.3206701278686523,3.0894086360931396,0,0
1668,3.6012766361236572,3.260096549987793,1,1
1669,3.3951635360717773,3.2542455196380615,0,0
1670,3.1694164276123047,3.0168447494506836,0,0
1671,2.9755077362060547,3.163259744644165,0,0
1672,2.8543202877044678,2.877645254135132,0,0
1673,2.9657838344573975,3.0603809356689453,0,0
1674,2.8219287395477295,2.9361441135406494,0,0
1675,2.87539005279541,2.954970359802246,0,0
1676,3.5879580974578857,3.488607406616211,1,1
1677,3.5259640216827393,3.408590316772461,1,1
1678,3.622122287750244,3.3177809715270996,1,1
1679,3.4902853965759277,3.2441070079803467,1,1
1680,3.3904013633728027,3.0897865295410156,0,0
1681,3.390604019165039,3.054190158843994,0,0
1682,3.39270281791687,3.150082588195801,0,0
1683,3.5089211463928223,3.344177007675171,1,1
1684,3.215136766433716,3.059680938720703,0,0
1685,3.616262674331665,3.280785083770752,1,1
1686,3.442805051803589,2.8904151916503906,1,1
1687,3.5565898418426514,3.0950767993927,1,1
1688,3.5471177101135254,2.9930570125579834,1,1
1689,3.533839464187622,3.292829990386963,1,1
1690,3.4055817127227783,3.1784415245056152,1,1
1691,3.8503036499023438,3.301384925842285,1,1
1692,3.5411453247070312,3.3374152183532715,1,1
1693,3.6145691871643066,3.3502914905548096,1,1
1694,3.746077537536621,3.411001682281494,1,1
1695,3.315354347229004,3.1618828773498535,0,0
1696,3.335623264312744,3.2156765460968018,0,0
1697,2.7457375526428223,2.4973225593566895,0,0
1698,3.5124573707580566,3.1347742080688477,1,1
1699,3.31588077545166,3.020794630050659,0,0
1700,3.426814079284668,3.029358148574829,1,1
1701,3.466085910797119,3.0215344429016113,1,1
1702,3.0023491382598877,2.6477811336517334,0,0
1703,3.3882174491882324,3.031947135925293,0,0
1704,3.4175453186035156,2.7681467533111572,1,1
1705,3.542886257171631,3.015153408050537,1,1
1706,3.0423896312713623,2.8812036514282227,0,0
1707,3.5089609622955322,3.088762044906616,1,1
1708,3.111163377761841,2.9954543113708496,0,0
1709,3.5489084720611572,3.180227279663086,1,1
1710,3.6504766941070557,3.204704999923706,1,1
1711,3.2098114490509033,3.0264265537261963,0,0
1712,3.3863000869750977,3.1241564750671387,0,0
1713,3.528779983520508,3.258737564086914,1,1
1714,3.2188172340393066,2.907196044921875,0,0
1715,3.597796678543091,3.004699945449829,1,1
1716,3.382375717163086,2.902029275894165,0,0
1717,3.068033456802368,2.737460136413574,0,0
1718,3.105959415435791,2.902080535888672,0,0
1719,3.1698801517486572,2.9516825675964355,0,0
1720,3.50494647026062,3.1741015911102295,1,1
1721,3.5083260536193848,3.1045851707458496,1,1
1722,3.5767722129821777,3.32039475440979,1,1
1723,3.175703525543213,3.0021119117736816,0,0
1724,2.946870803833008,2.8565564155578613,0,0
1725,3.520127534866333,3.2393579483032227,1,1
1726,3.341242790222168,2.997667074203491,0,0
1727,3.4988512992858887,3.1721572875976562,1,1
1728,3.65958309173584,3.235440731048584,1,1
1729,3.377551794052124,3.1219711303710938,0,0
1730,3.766059160232544,3.369080066680908,1,1
1731,3.424447774887085,3.0042736530303955,1,1
1732,3.1282646656036377,2.841938018798828,0,0
1733,3.6104390621185303,3.3489603996276855,1,1
1734,3.7636330127716064,3.129848003387451,1,1
1735,3.060659885406494,2.7874255180358887,0,0
1736,3.3055379390716553,2.855057954788208,0,0
1737,3.55230450630188,3.124039649963379,1,1
1738,3.16367244720459,3.0218310356140137,0,0
1739,3.069443702697754,3.0237877368927,0,0
1740,3.5204215049743652,3.224433183670044,1,1
1741,3.311586618423462,2.9338138103485107,0,0
1742,3.3579390048980713,2.9845030307769775,0,0
1743,3.5012481212615967,3.2019691467285156,1,1
1744,2.8051605224609375,2.987307071685791,0,0
1745,3.511023759841919,3.229588031768799,1,1
1746,3.056577205657959,2.963001012802124,0,0
1747,3.099193811416626,3.0668041706085205,0,0
1748,3.517319679260254,3.304758071899414,1,1
1749,3.6226701736450195,3.3615734577178955,1,1
1750,3.5109944343566895,3.138359546661377,1,1
1751,3.5856287479400635,3.4068429470062256,1,1
1752,3.6845591068267822,3.363283634185791,1,1
1753,3.882866144180298,3.3809893131256104,1,1
1754,3.445570468902588,2.9648194313049316,1,1
1755,3.476529121398926,3.0936570167541504,1,1
1756,3.1940340995788574,2.919449806213379,0,0
1757,3.465376377105713,3.0331082344055176,1,1
1758,3.5298123359680176,3.2321934700012207,1,1
1759,3.447096347808838,3.3864223957061768,1,1
1760,3.319904088973999,3.2351460456848145,0,0
1761,3.4484634399414062,3.140047788619995,1,1
1762,2.54856014251709,2.6567158699035645,0,0
1763,3.020920515060425,3.0827815532684326,0,0
1764,3.4340827465057373,3.4142189025878906,1,1
1765,3.0156123638153076,2.8815865516662598,0,0
1766,2.833580732345581,2.822216033935547,0,0
1767,3.247846841812134,3.127854824066162,0,0
1768,3.196084499359131,3.0606727600097656,0,0
1769,3.135324001312256,2.9030308723449707,0,0
1770,3.4845633506774902,3.140871286392212,1,1
1771,3.151522397994995,3.115757942199707,0,0
1772,3.4553685188293457,3.3087658882141113,1,1
1773,3.4765586853027344,3.2706332206726074,1,1
1774,3.5951075553894043,3.1648428440093994,1,1
1775,3.7594830989837646,3.360013723373413,1,1
1776,3.6544008255004883,3.230306386947632,1,1
1777,3.8244690895080566,3.3010501861572266,1,1
1778,3.7398340702056885,3.1392855644226074,1,1
1779,3.5709683895111084,3.2409605979919434,1,1
1780,3.473587989807129,3.3434839248657227,1,1
1781,3.358426809310913,3.3007326126098633,0,0
1782,3.2851033210754395,3.13069486618042,0,0
1783,3.082383632659912,2.8708548545837402,0,0
1784,3.2974352836608887,3.1285576820373535,0,0
1785,3.4686849117279053,3.2370545864105225,1,1
1786,3.2982921600341797,3.2211198806762695,0,0
1787,3.603797674179077,3.321709632873535,1,1
1788,3.3531405925750732,3.1684787273406982,0,0
1789,3.362823247909546,3.1470532417297363,0,0
1790,3.3328516483306885,3.216968059539795,0,0
1791,3.239158868789673,3.1618285179138184,0,0
1792,3.4351189136505127,3.2938177585601807,1,1
1793,3.462921142578125,3.3310179710388184,1,1
1794,3.497799873352051,3.2747840881347656,1,1
1795,3.3904268741607666,3.2278480529785156,0,0
1796,3.471879720687866,3.4027199745178223,1,1
1797,3.6535232067108154,3.3151772022247314,1,1
1798,3.554025411605835,3.3250207901000977,1,1
1799,2.674433708190918,2.6456127166748047,0,0
1800,3.1132330894470215,3.1066842079162598,0,0
1801,3.005260944366455,2.7162747383117676,0,0
1802,3.1898257732391357,2.82967472076416,0,0
1803,3.1502702236175537,2.9903461933135986,0,0
1804,2.777219533920288,2.6248178482055664,0,0
1805,3.3311586380004883,2.932258129119873,0,0
1806,3.6113193035125732,3.1040725708007812,1,1
1807,3.6039140224456787,3.072843313217163,1,1
1808,3.4630777835845947,3.00553822517395,1,1
1809,3.531712055206299,3.1096606254577637,1,1
1810,4.1560163497924805,3.5952670574188232,1,1
1811,3.817913770675659,3.339901924133301,1,1
1812,2.8405721187591553,2.771991729736328,0,0
1813,2.8013882637023926,2.5748324394226074,0,0
1814,3.0505895614624023,2.815967559814453,0,0
1815,3.0441396236419678,2.624192476272583,0,0
1816,3.18468976020813,2.7552545070648193,0,0
1817,3.4040451049804688,2.7844462394714355,0,0
1818,3.468477725982666,3.0123515129089355,1,1
1819,3.573481559753418,3.1948208808898926,1,1
1820,3.845367193222046,3.3866324424743652,1,1
1821,4.121223449707031,3.3126697540283203,1,1
1822,3.29388689994812,2.949394702911377,0,0
1823,3.1826255321502686,2.882406711578369,0,0
1824,3.4983177185058594,3.112717628479004,1,1
1825,3.2915327548980713,2.948961019515991,0,0
1826,3.4152259826660156,3.049769878387451,0,0
1827,3.4598541259765625,3.041147232055664,1,1
1828,3.03558087348938,2.9361672401428223,0,0
1829,2.96429705619812,2.829070806503296,0,0
1830,3.439561367034912,3.227771282196045,1,1
1831,3.8432488441467285,3.2992544174194336,1,1
1832,3.888327121734619,3.4457385540008545,1,1
1833,3.318241596221924,3.131159543991089,0,0
1834,3.524583578109741,3.3344972133636475,1,1
1835,3.432187080383301,3.2541160583496094,1,1
1836,3.43857479095459,3.118466854095459,1,1
1837,3.458322763442993,3.2674689292907715,1,1
1838,3.505230665206909,3.2231554985046387,1,1
1839,3.5901904106140137,3.192347526550293,1,1
1840,3.5255236625671387,3.1916897296905518,1,1
1841,3.707857370376587,3.32187557220459,1,1
1842,3.8646371364593506,3.652853012084961,1,1
1843,3.774075984954834,3.5558104515075684,1,1
1844,3.6253983974456787,3.223865032196045,1,1
1845,3.6197123527526855,3.2929224967956543,1,1
1846,3.6315999031066895,3.3270344734191895,1,1
1847,3.4747917652130127,3.213648796081543,1,1
1848,3.371721029281616,3.210120439529419,0,0
1849,3.484677791595459,3.204331398010254,1,1
1850,3.1707422733306885,2.820159912109375,0,0
1851,3.1218209266662598,3.0021917819976807,0,0
1852,3.2601399421691895,3.0008158683776855,0,0
1853,3.525607109069824,3.217555284500122,1,1
1854,3.282855749130249,3.244497299194336,0,0
1855,3.4867866039276123,3.2314352989196777,1,1
1856,3.2463572025299072,3.148923397064209,0,0
1857,3.638381242752075,3.433114528656006,1,1
1858,3.673060417175293,3.5058178901672363,1,1
1859,3.6265504360198975,3.024850845336914,1,1
1860,3.513174057006836,3.10138201713562,1,1
1861,3.4978859424591064,3.016792058944702,1,1
1862,3.5861802101135254,3.288879871368408,1,1
1863,3.5614049434661865,2.9649887084960938,1,1
1864,3.4109835624694824,3.04896879196167,0,0
1865,3.1227400302886963,2.8376424312591553,0,0
1866,3.5404486656188965,3.2232890129089355,1,1
1867,3.2217087745666504,2.921708106994629,0,0
1868,3.432111978530884,3.1041738986968994,0,0
1869,3.541428804397583,3.2428412437438965,1,1
1870,3.2407419681549072,3.056192398071289,0,0
1871,3.467024326324463,3.2118546962738037,1,1
1872,3.3216447830200195,3.0644450187683105,0,0
1873,3.441474676132202,3.338446855545044,0,0
1874,3.227752923965454,2.920159339904785,0,0
1875,3.3304669857025146,2.973047971725464,0,0
1876,2.4856762886047363,2.473555088043213,0,0
1877,3.7019712924957275,3.2441024780273438,1,1
1878,3.394521474838257,2.8856170177459717,0,0
1879,3.3693623542785645,3.0396366119384766,0,0
1880,3.5689399242401123,3.133305549621582,1,1
1881,3.363178253173828,3.2390122413635254,0,0
1882,3.580589532852173,3.1752476692199707,1,1
1883,3.778384208679199,3.4049386978149414,1,1
1884,3.5263900756835938,3.0510926246643066,1,1
1885,3.301955223083496,2.9820148944854736,0,0
1886,3.1368894577026367,2.940250873565674,0,0
1887,3.438174247741699,3.149005889892578,0,0
1888,3.0749106407165527,2.8946895599365234,0,0
1889,3.137004852294922,2.9586892127990723,0,0
1890,3.3501622676849365,3.204843759536743,0,0
1891,3.4492735862731934,3.202897071838379,1,1
1892,3.0747768878936768,2.9887266159057617,0,0
1893,3.3980703353881836,3.2289247512817383,0,0
1894,2.8075907230377197,2.652635335922241,0,0
1895,3.0246987342834473,3.0735509395599365,0,0
1896,3.421062707901001,3.467618465423584,0,0
1897,3.601907968521118,3.415323495864868,1,1
1898,3.7494254112243652,3.4047741889953613,1,1
1899,3.8924903869628906,3.6383395195007324,1,1
1900,3.212839365005493,3.1982979774475098,0,0
1901,3.309779405593872,3.1857950687408447,0,0
1902,3.247934579849243,3.212824821472168,0,0
1903,3.1463053226470947,3.2913036346435547,0,0
1904,3.3015501499176025,3.1778030395507812,0,0
1905,3.5518276691436768,3.269179105758667,1,1
1906,3.1076371669769287,3.1019039154052734,0,0
1907,3.4104273319244385,3.305227756500244,0,0
1908,2.634162187576294,2.8371548652648926,0,0
1909,2.785881996154785,2.85579252243042,0,0
1910,3.5219078063964844,3.201366424560547,1,1
1911,3.2701196670532227,3.2281789779663086,0,0
1912,3.0716469287872314,3.043780565261841,0,0
1913,2.7746670246124268,2.893673896789551,0,0
1914,3.504406452178955,3.224761486053467,1,1
1915,3.687453031539917,3.3251116275787354,1,1
1916,3.589384078979492,3.4439496994018555,1,1
1917,3.2676169872283936,3.2428574562072754,0,0
1918,2.7476556301116943,2.6644625663757324,0,0
1919,3.1392667293548584,3.047471046447754,0,0
1920,3.1536998748779297,3.1064493656158447,0,0
1921,3.048553705215454,3.0434823036193848,0,0
1922,3.0613017082214355,2.9931640625,0,0
1923,3.3010706901550293,3.1489434242248535,0,0
1924,3.506422758102417,3.3431856632232666,1,1
1925,3.5640311241149902,3.2459003925323486,1,1
1926,3.4683804512023926,3.2820076942443848,1,1
1927,3.3249282836914062,2.9428656101226807,0,0
1928,3.590156078338623,3.23486590385437,1,1
1929,3.386444091796875,3.172001838684082,0,0
1930,3.4920389652252197,3.1021552085876465,1,1
1931,3.1437952518463135,2.9860825538635254,0,0
1932,3.5855507850646973,3.1861188411712646,1,1
1933,3.6929492950439453,3.258512020111084,1,1
1934,3.0754079818725586,2.5857725143432617,0,0
1935,3.3101203441619873,3.0865578651428223,0,0
1936,3.2725977897644043,2.857696294784546,0,0
1937,3.3219587802886963,3.1339359283447266,0,0
1938,3.264981746673584,3.041228771209717,0,0
1939,3.4390501976013184,3.119818687438965,1,1
1940,3.3306920528411865,2.897237777709961,0,0
1941,3.545732021331787,3.196756601333618,1,1
1942,3.3892757892608643,3.1166224479675293,0,0
1943,3.7681314945220947,3.2701895236968994,1,1
1944,3.3103158473968506,3.189656972885132,0,0
1945,3.4229531288146973,3.0793137550354004,0,0
1946,3.045118808746338,2.787426710128784,0,0
1947,3.1906731128692627,2.9044392108917236,0,0
1948,3.3619232177734375,3.051614761352539,0,0
1949,3.144289255142212,2.8615469932556152,0,0
1950,3.424795627593994,2.921694755554199,1,1
1951,3.3982396125793457,2.9477481842041016,0,0
1952,3.479968547821045,3.032876968383789,1,1
1953,3.228605270385742,3.042968511581421,0,0
1954,3.5474636554718018,3.1449172496795654,1,1
1955,3.556664228439331,3.2462854385375977,1,1
1956,3.747375011444092,3.211320400238037,1,1
1957,3.555647850036621,3.0456016063690186,1,1
1958,3.6843008995056152,3.3891515731811523,1,1
1959,3.9067142009735107,3.433441162109375,1,1
1960,3.7900266647338867,3.465972900390625,1,1
1961,3.383737325668335,2.9967617988586426,0,0
1962,3.808774709701538,3.3977534770965576,1,1
1963,3.39668345451355,3.240115165710449,0,0
1964,3.194903612136841,3.3260836601257324,0,0
1965,3.70290207862854,3.382957935333252,1,1
1966,3.8714208602905273,3.415658950805664,1,1
1967,3.4680728912353516,3.122605323791504,1,1
1968,3.6728296279907227,3.243298053741455,1,1
1969,3.209385633468628,3.198307514190674,0,0
1970,3.692375659942627,3.5056076049804688,1,1
1971,4.0482916831970215,3.7474896907806396,1,1
1972,3.8853774070739746,3.435147285461426,1,1
1973,2.9378180503845215,2.9774937629699707,0,0
1974,3.203294038772583,3.1568965911865234,0,0
1975,3.2384891510009766,2.858301877975464,0,0
1976,3.3648550510406494,2.833702564239502,0,0
1977,3.356999158859253,3.0366528034210205,0,0
1978,3.621452808380127,2.912775993347168,1,1
1979,2.786742925643921,2.686397075653076,0,0
1980,2.8278470039367676,2.8852128982543945,0,0
1981,2.742277145385742,2.6517601013183594,0,0
1982,2.7556650638580322,2.6195895671844482,0,0
1983,3.3681817054748535,3.1486597061157227,0,0
1984,3.3444316387176514,3.3785438537597656,0,0
1985,3.4444897174835205,3.5436973571777344,1,1
1986,3.532140016555786,3.3672103881835938,1,1
1987,3.2830851078033447,3.3539159297943115,0,0
1988,2.775996446609497,2.8156566619873047,0,0
1989,3.2822682857513428,3.220350980758667,0,0
1990,3.203476905822754,3.232084274291992,0,0
1991,3.190951347351074,3.1790754795074463,0,0
1992,3.3451952934265137,3.1500439643859863,0,0
1993,3.0373880863189697,3.0635900497436523,0,0
1994,3.544417381286621,3.2396767139434814,1,1
1995,3.6008105278015137,3.365581512451172,1,1
1996,3.1927425861358643,2.9647810459136963,0,0
1997,3.203409433364868,3.058901071548462,0,0
1998,3.282849073410034,3.1924147605895996,0,0
1999,3.5689902305603027,3.2307686805725098,1,1
2000,3.496929883956909,3.2643632888793945,1,1
2001,3.4450860023498535,3.29365873336792,1,1
2002,3.1481566429138184,3.0418624877929688,0,0
2003,3.3399930000305176,2.958376884460449,0,0
2004,3.5387489795684814,3.2138619422912598,1,1
2005,3.4144234657287598,3.225033760070801,1,1
2006,3.3773391246795654,3.1308348178863525,0,0
2007,3.600749969482422,3.358476161956787,1,1
2008,3.434356212615967,3.0905160903930664,1,1
2009,3.3863749504089355,3.016655445098877,0,0
2010,3.0559494495391846,2.9945101737976074,0,0
2011,3.6471171379089355,3.058953285217285,1,1
2012,3.419208288192749,3.1635751724243164,1,1
2013,3.7731831073760986,3.3478498458862305,1,1
2014,3.5696980953216553,3.1975231170654297,1,1
2015,3.8120901584625244,3.453603744506836,1,1
2016,4.072412014007568,3.506249189376831,1,1
2017,3.8069212436676025,3.418111801147461,1,1
2018,3.6422646045684814,3.298736572265625,1,1
2019,3.471092462539673,3.257511615753174,1,1
2020,3.284276008605957,3.161707878112793,0,0
2021,3.656263828277588,3.344055652618408,1,1
2022,3.264714479446411,3.0236663818359375,0,0
2023,3.4057257175445557,3.115861177444458,0,0
2024,3.870455503463745,3.30353045463562,1,1
2025,3.3313982486724854,3.0181641578674316,0,0
2026,3.3849897384643555,3.0820984840393066,0,0
2027,3.7482359409332275,3.3187084197998047,1,1
2028,3.361222982406616,3.071286916732788,0,0
2029,3.3715271949768066,3.1377198696136475,0,0
2030,3.6330466270446777,3.162022590637207,1,1
2031,3.5254552364349365,3.217496395111084,1,1
2032,3.337229013442993,3.108367919921875,0,0
2033,3.355780839920044,2.9952988624572754,0,0
2034,3.3355560302734375,3.0426652431488037,0,0
2035,3.144331932067871,3.008759021759033,0,0
2036,3.6874148845672607,3.2378177642822266,1,1
2037,3.1341514587402344,2.91398549079895,0,0
2038,3.443598747253418,3.1582303047180176,1,1
2039,3.325354814529419,3.179506540298462,0,0
2040,3.2165496349334717,3.0746662616729736,0,0
2041,3.2205803394317627,3.273270606994629,0,0
2042,3.2984466552734375,3.0635862350463867,0,0
2043,2.919151544570923,2.8428590297698975,0,0
2044,3.13558030128479,3.055802822113037,0,0
2045,3.415942668914795,3.3073980808258057,1,1
2046,3.3717753887176514,3.2480921745300293,0,0
2047,3.6580698490142822,3.3843822479248047,1,1
2048,3.4959328174591064,3.3593876361846924,1,1
2049,3.521604299545288,3.1642940044403076,1,1
2050,3.379516363143921,3.094576835632324,0,0
2051,3.197903871536255,2.866374969482422,0,0
2052,3.21098256111145,2.883180618286133,0,0
2053,3.541851043701172,2.904101848602295,1,1
2054,4.122825622558594,3.0346693992614746,1,1
2055,3.3239872455596924,2.985025405883789,0,0
2056,3.1889772415161133,2.8818199634552,0,0
2057,3.2478201389312744,3.1621127128601074,0,0
2058,3.1109132766723633,2.8581337928771973,0,0
2059,3.4671618938446045,3.081979751586914,1,1
2060,3.5281996726989746,2.7965784072875977,1,1
2061,3.409709930419922,3.0801215171813965,1,1
2062,3.2549428939819336,2.7574198246002197,0,0
2063,3.364434242248535,3.1744472980499268,0,0
2064,3.5840609073638916,3.1218042373657227,1,1
2065,3.0054495334625244,2.87445068359375,0,0
2066,2.8400542736053467,2.7402637004852295,0,0
2067,3.2222909927368164,3.1254796981811523,0,0
2068,3.2413418292999268,2.969417095184326,0,0
2069,2.9785258769989014,2.859280824661255,0,0
2070,3.3442654609680176,2.945302963256836,0,0
2071,3.147165060043335,3.080629825592041,0,0
2072,3.4742255210876465,3.09006667137146,1,1
2073,3.1458323001861572,3.0688424110412598,0,0
2074,2.9219181537628174,2.7390027046203613,0,0
2075,3.232114553451538,3.080355644226074,0,0
2076,3.173103094100952,2.941126823425293,0,0
2077,3.849891424179077,3.2521119117736816,1,1
2078,3.8351690769195557,3.384650707244873,1,1
2079,3.5306308269500732,3.321504592895508,1,1
2080,3.0974464416503906,2.9936060905456543,0,0
2081,3.211902141571045,3.155122995376587,0,0
2082,3.24108624458313,3.184762716293335,0,0
2083,3.203634023666382,3.300832509994507,0,0
2084,3.5884220600128174,3.4288249015808105,1,1
2085,3.139925956726074,3.0381665229797363,0,0
2086,3.280367851257324,3.1219639778137207,0,0
2087,3.579108238220215,3.2845916748046875,1,1
2088,2.607356071472168,2.5876035690307617,0,0
2089,2.6810860633850098,2.7188353538513184,0,0
2090,3.1441171169281006,3.1297175884246826,0,0
2091,2.947633743286133,2.946967601776123,0,0
2092,3.0135133266448975,2.7942566871643066,0,0
2093,3.3519399166107178,3.2497382164001465,0,0
2094,3.876194953918457,3.3585896492004395,1,1
2095,3.340428113937378,3.2987353801727295,0,0
2096,3.621433973312378,3.3764452934265137,1,1
2097,3.1870276927948,3.009040355682373,0,0
2098,3.3127129077911377,2.9640798568725586,0,0
2099,3.625321626663208,3.167745590209961,1,1
2100,3.4287710189819336,3.0766992568969727,1,1
2101,3.64015793800354,3.2827649116516113,1,1
2102,3.731125831604004,3.35284161567688,1,1
2103,3.6544456481933594,3.3130741119384766,1,1
2104,3.2708494663238525,3.0086770057678223,0,0
2105,3.3581576347351074,3.114291191101074,0,0
2106,3.4110913276672363,2.9969992637634277,1,1
2107,3.000931739807129,2.8883352279663086,0,0
2108,2.9732487201690674,2.850147247314453,0,0
2109,3.4095218181610107,3.3339693546295166,1,1
2110,3.2098491191864014,3.0473623275756836,0,0
2111,3.4628584384918213,3.1775951385498047,1,1
2112,3.425536632537842,3.2483973503112793,1,1
2113,3.106226682662964,3.161099433898926,0,0
2114,3.347790479660034,3.141141414642334,0,0
2115,3.454637289047241,3.2664055824279785,1,1
2116,3.1836609840393066,2.9913816452026367,0,0
2117,3.3703274726867676,3.182711601257324,1,1
2118,3.3707098960876465,3.242091178894043,1,1
2119,3.274212121963501,3.194071054458618,0,0
2120,3.532360553741455,3.2255635261535645,1,1
2121,3.443006992340088,3.4374561309814453,1,1
2122,3.230078935623169,3.3031744956970215,0,0
2123,3.4693732261657715,3.1958730220794678,1,1
2124,3.699627637863159,3.473764419555664,1,1
2125,3.540800094604492,3.2935924530029297,1,1
2126,3.5814573764801025,3.15303111076355,1,1
2127,3.097996234893799,2.831289529800415,0,0
2128,3.300607681274414,2.644564151763916,0,0
2129,3.1594016551971436,2.7501211166381836,0,0
2130,3.3183889389038086,3.053696632385254,0,0
2131,3.2857320308685303,2.9870033264160156,0,0
2132,3.341963052749634,2.8323097229003906,0,0
2133,3.196878433227539,2.9622888565063477,0,0
2134,3.4439892768859863,3.208592414855957,1,1
2135,3.7626020908355713,3.243447780609131,1,1
2136,3.513840436935425,3.220815896987915,1,1
2137,3.6615278720855713,3.3177857398986816,1,1
2138,3.707880735397339,3.3657331466674805,1,1
2139,3.497506618499756,3.308764934539795,1,1
2140,3.7389612197875977,3.4065027236938477,1,1
2141,3.330681324005127,2.872587203979492,0,0
2142,3.296889543533325,2.9185476303100586,0,0
2143,3.1543736457824707,2.8906478881835938,0,0
2144,3.5028927326202393,3.0993213653564453,1,1
2145,3.4970643520355225,3.1802308559417725,1,1
2146,3.477605104446411,3.005980968475342,1,1
2147,2.8541793823242188,2.732020378112793,0,0
2148,2.5672008991241455,2.5988516807556152,0,0
2149,3.0531179904937744,2.7838263511657715,0,0
2150,3.546640157699585,3.174656391143799,1,1
2151,3.226210832595825,3.0908899307250977,0,0
2152,3.0718939304351807,2.863253116607666,0,0
2153,2.929962396621704,2.941758632659912,0,0
2154,3.072194814682007,2.9399595260620117,0,0
2155,3.3504955768585205,3.026733636856079,0,0
2156,3.146893262863159,2.9082984924316406,0,0
2157,2.8542211055755615,2.699066638946533,0,0
2158,2.9313488006591797,2.8412411212921143,0,0
2159,2.9204471111297607,2.908226251602173,0,0
2160,2.8282408714294434,2.680116653442383,0,0
2161,3.301419734954834,3.1336450576782227,0,0
2162,3.035158395767212,2.7993555068969727,0,0
2163,2.8972082138061523,2.8021950721740723,0,0
2164,3.1489827632904053,2.97480845451355,0,0
2165,3.0569775104522705,2.9280200004577637,0,0
2166,2.821877956390381,2.606045722961426,0,0
2167,2.7746665477752686,2.614987850189209,0,0
2168,2.9129085540771484,2.7820558547973633,0,0
2169,2.9387927055358887,2.764413595199585,0,0
2170,2.558122396469116,2.5287413597106934,0,0
2171,3.0143046379089355,2.8613057136535645,0,0
2172,3.4262022972106934,3.241016387939453,1,1
2173,3.9175400733947754,3.376387357711792,1,1
2174,3.064614772796631,2.836958885192871,0,0
2175,3.117124557495117,2.755507469177246,0,0
2176,3.3815793991088867,3.158907175064087,1,1
2177,3.435232400894165,3.2267632484436035,1,1
2178,3.526918888092041,3.2889227867126465,1,1
2179,3.7433457374572754,3.392390727996826,1,1
2180,3.2677290439605713,3.011584997177124,0,0
2181,3.3769028186798096,3.2109169960021973,1,1
2182,3.5579047203063965,3.233079433441162,1,1
2183,3.420844078063965,3.010601043701172,1,1
2184,3.161888360977173,3.000960350036621,0,0
2185,2.982879638671875,2.862550735473633,0,0
2186,3.0704562664031982,2.8677244186401367,0,0
2187,3.13838529586792,3.028623342514038,0,0
2188,3.1134955883026123,2.8504045009613037,0,0
2189,2.63875675201416,2.4694838523864746,0,0
2190,2.7406537532806396,2.654808521270752,0,0
2191,2.9371178150177,2.764841079711914,0,0
2192,3.064329147338867,2.8266539573669434,0,0
2193,3.381176233291626,2.9853591918945312,1,1
2194,3.8004603385925293,3.5543665885925293,1,1
2195,3.7983968257904053,3.573577404022217,1,1
2196,3.828829526901245,3.4644436836242676,1,1
2197,3.842365026473999,3.5478782653808594,1,1
2198,3.742628812789917,3.342782974243164,1,1
2199,3.5404982566833496,3.4208717346191406,1,1
2200,3.6941795349121094,3.2844643592834473,1,1
2201,2.850236654281616,2.7404096126556396,0,0
2202,3.427298069000244,3.16573429107666,1,1
2203,3.4210476875305176,3.150733470916748,1,1
2204,2.9926564693450928,2.856740951538086,0,0
2205,3.262190341949463,2.970278024673462,0,0
2206,3.4329328536987305,3.0133728981018066,1,1
2207,3.0865719318389893,3.067990303039551,0,0
2208,2.7918264865875244,2.8267831802368164,0,0
2209,3.098374843597412,2.9778013229370117,0,0
2210,3.004833936691284,3.010693073272705,0,0
2211,3.0899529457092285,3.0952930450439453,0,0
2212,3.131305694580078,2.931821346282959,0,0
2213,3.0310275554656982,2.835261583328247,0,0
2214,2.490849494934082,2.5114965438842773,0,0
2215,2.6171622276306152,2.531122922897339,0,0
2216,2.952302932739258,2.7639570236206055,0,0
2217,3.045474052429199,2.6904947757720947,0,0
2218,3.1653032302856445,2.8568832874298096,0,0
2219,3.2765309810638428,2.9344065189361572,0,0
2220,3.644608497619629,3.026779890060425,1,1
2221,3.064983367919922,2.813128709793091,0,0
2222,2.9037649631500244,2.632840156555176,0,0
2223,3.578301191329956,3.334747791290283,1,1
2224,3.4980177879333496,3.2827582359313965,1,1
2225,3.5241146087646484,3.2679390907287598,1,1
2226,3.5775418281555176,3.2508277893066406,1,1
2227,3.2457947731018066,3.074425220489502,0,0
2228,3.543823480606079,3.3858261108398438,1,1
2229,3.398197889328003,3.3114123344421387,1,1
2230,3.0954108238220215,3.0373780727386475,0,0
2231,3.4918174743652344,3.3556737899780273,1,1
2232,3.538888454437256,3.3846726417541504,1,1
2233,3.400881290435791,3.165801525115967,1,1
2234,3.4948418140411377,3.0580480098724365,1,1
2235,3.2938168048858643,3.067221164703369,1,1
2236,3.2159156799316406,2.9023733139038086,0,0
2237,3.1422553062438965,3.0462443828582764,0,0
2238,2.751011371612549,2.65058970451355,0,0
2239,3.1507768630981445,2.892681121826172,0,0
2240,3.077348232269287,2.9218506813049316,0,0
2241,3.202185869216919,3.005296230316162,0,0
2242,3.0452466011047363,2.8093228340148926,0,0
2243,3.412598133087158,3.062540292739868,1,1
2244,2.998521327972412,2.860067367553711,0,0
2245,3.284473180770874,3.1208014488220215,1,1
2246,3.3370938301086426,3.0563786029815674,1,1
2247,3.4159462451934814,3.14943265914917,1,1
2248,3.144604444503784,2.941417694091797,0,0
2249,2.9591455459594727,2.8509223461151123,0,0
2250,3.185187578201294,3.0273866653442383,0,0
2251,3.183246612548828,3.0270588397979736,0,0
2252,3.4103405475616455,3.220442056655884,1,1
2253,3.291586399078369,3.228983163833618,1,1
2254,3.333599328994751,3.123006820678711,1,1
2255,3.287571907043457,3.223979949951172,1,1
2256,3.4780685901641846,3.386282205581665,1,1
2257,3.265564203262329,3.085766553878784,0,0
2258,4.242189884185791,3.4525012969970703,1,1
2259,4.154690742492676,3.375844955444336,1,1
2260,3.9619312286376953,3.3932085037231445,1,1
2261,3.7579941749572754,3.2962217330932617,1,1
2262,3.9216740131378174,3.4154906272888184,1,1
2263,3.0042552947998047,2.6910576820373535,0,0
2264,3.4366397857666016,3.3021278381347656,1,1
2265,3.708247184753418,3.398646354675293,1,1
2266,3.7634804248809814,3.4813942909240723,1,1
2267,3.090104818344116,2.845151662826538,0,0
2268,3.2382302284240723,2.9915268421173096,0,0
2269,3.0799717903137207,2.8835272789001465,0,0
2270,3.030942916870117,2.8296926021575928,0,0
2271,2.791870594024658,2.6624226570129395,0,0
2272,3.503654718399048,3.081134796142578,1,1
2273,3.777432441711426,3.474381685256958,1,1
2274,3.5540003776550293,3.4889793395996094,1,1
2275,3.1772212982177734,3.082627296447754,0,0
2276,3.3474855422973633,3.040754795074463,1,1
2277,3.5227792263031006,3.1198506355285645,1,1
2278,3.6780712604522705,3.367147445678711,1,1
2279,3.813056230545044,3.381403923034668,1,1
2280,3.738452672958374,3.401167631149292,1,1
2281,3.7466251850128174,3.3387560844421387,1,1
2282,3.688183546066284,3.5033342838287354,1,1
2283,3.4970216751098633,3.366619110107422,1,1
2284,3.856823682785034,3.5914130210876465,1,1
2285,4.019523620605469,3.644972324371338,1,1
2286,3.09710431098938,3.0762996673583984,0,0
2287,3.6134696006774902,3.1836161613464355,1,1
2288,3.216702938079834,3.073841094970703,0,0
2289,3.4110984802246094,3.1268162727355957,1,1
2290,3.4128594398498535,3.1081604957580566,1,1
2291,3.1264309883117676,2.944047689437866,0,0
2292,3.332321882247925,3.2717390060424805,1,1
2293,3.7567222118377686,3.3181681632995605,1,1
2294,3.678436279296875,3.5690059661865234,1,1
2295,3.7711281776428223,3.564345598220825,1,1
2296,3.6196067333221436,3.5720982551574707,1,1
2297,3.359048366546631,3.318425178527832,1,1
2298,3.8852217197418213,3.5030910968780518,1,1
2299,3.322852611541748,3.194323778152466,0,0
2300,3.369732618331909,3.269595146179199,1,1
2301,3.7107768058776855,3.2436304092407227,1,1
2302,3.1676526069641113,2.877472400665283,0,0
2303,3.100202798843384,2.984513759613037,0,0
2304,3.1482186317443848,2.925658941268921,0,0
2305,3.2230546474456787,3.020054340362549,0,0
2306,3.167856216430664,2.9211792945861816,0,0
2307,3.2795071601867676,2.886749744415283,0,0
2308,3.417104482650757,2.9842262268066406,1,1
2309,3.4526500701904297,2.9584712982177734,1,1
2310,3.8277132511138916,3.38346791267395,1,1
2311,3.6287550926208496,3.4769954681396484,1,1
2312,3.0114946365356445,2.763813018798828,0,0
2313,3.169851541519165,2.8367676734924316,0,0
2314,3.4481594562530518,2.9071762561798096,1,1
2315,3.299290657043457,2.885667085647583,0,0
2316,3.2415034770965576,2.978621006011963,0,0
2317,3.2306160926818848,3.145770788192749,0,0
2318,3.2851595878601074,2.682774543762207,0,0
2319,3.3734641075134277,3.0266852378845215,1,1
2320,3.574528694152832,3.139737129211426,1,1
2321,3.448047637939453,3.0458550453186035,1,1
2322,3.5112597942352295,3.0935218334198,1,1
2323,3.6174886226654053,3.0185513496398926,1,1
2324,3.483910322189331,3.197263717651367,1,1
2325,3.317905902862549,3.1176562309265137,1,1
2326,3.2840569019317627,3.148587226867676,0,0
2327,3.269834041595459,3.096266269683838,0,0
2328,3.310593366622925,2.974226713180542,1,1
2329,3.620318651199341,3.163743734359741,1,1
2330,2.6611149311065674,2.7511954307556152,0,0
2331,2.9216694831848145,2.905883312225342,0,0
2332,3.2112817764282227,3.0671820640563965,0,0
2333,3.2412643432617188,3.0533108711242676,0,0
2334,3.316439628601074,3.129924774169922,1,1
2335,3.597182035446167,3.2926745414733887,1,1
2336,3.4024064540863037,3.181918144226074,1,1
2337,3.287914514541626,3.0526461601257324,0,0
2338,3.678375244140625,3.2960643768310547,1,1
2339,3.950695514678955,3.641850471496582,1,1
2340,3.8604655265808105,3.371011734008789,1,1
2341,4.230151653289795,3.4737277030944824,1,1
2342,3.630774974822998,3.317304849624634,1,1
2343,3.045994997024536,3.016984224319458,0,0
2344,3.2416975498199463,3.085270643234253,0,0
2345,3.1029841899871826,3.165489673614502,0,0
2346,3.235177516937256,3.1359095573425293,0,0
2347,2.9908149242401123,2.9056074619293213,0,0
2348,3.1154420375823975,2.9182887077331543,0,0
2349,3.478400707244873,3.075331449508667,1,1
2350,3.524427890777588,3.26153564453125,1,1
2351,3.645676612854004,3.3613853454589844,1,1
2352,3.7334883213043213,3.2953743934631348,1,1
2353,3.745727062225342,3.3901796340942383,1,1
2354,3.808419704437256,3.4551053047180176,1,1
2355,2.828199863433838,2.820971727371216,0,0
2356,3.321775197982788,3.116372585296631,1,1
2357,3.133971929550171,2.9939043521881104,0,0
2358,3.223245620727539,2.958707809448242,0,0
2359,3.169769287109375,3.007357597351074,0,0
2360,3.0941596031188965,2.9883370399475098,0,0
2361,2.8697032928466797,2.66731595993042,0,0
2362,3.378741979598999,3.2148337364196777,1,1
2363,3.0830025672912598,3.0071539878845215,0,0
2364,3.0687737464904785,2.899301528930664,0,0
2365,3.026364803314209,2.791144371032715,0,0
2366,3.4655888080596924,3.170262336730957,1,1
2367,3.038527011871338,2.996084690093994,0,0
2368,3.0496621131896973,2.934845209121704,0,0
2369,3.329376697540283,3.159609079360962,1,1
2370,3.099565029144287,2.9923362731933594,0,0
2371,3.2694687843322754,3.0896811485290527,0,0
2372,3.6194276809692383,3.2581658363342285,1,1
2373,3.5268943309783936,3.174424648284912,1,1
2374,3.361961841583252,3.026379346847534,1,1
2375,3.5359230041503906,3.1109039783477783,1,1
2376,3.441887378692627,3.2200937271118164,1,1
2377,3.0318076610565186,2.867053985595703,0,0
2378,3.5133070945739746,3.1930222511291504,1,1
2379,3.668879747390747,3.312872886657715,1,1
2380,3.402872085571289,3.264650344848633,1,1
2381,3.5379252433776855,3.3394665718078613,1,1
2382,3.2621524333953857,3.3100593090057373,0,0
2383,3.6288607120513916,3.1287407875061035,1,1
2384,3.3180325031280518,3.0444259643554688,0,0
2385,3.552337169647217,3.222259998321533,1,1
2386,3.6182076930999756,3.436103343963623,1,1
2387,3.828875780105591,3.475511074066162,1,1
2388,3.7677228450775146,3.2632434368133545,1,1
2389,3.377626895904541,3.103109359741211,1,1
2390,2.976524829864502,2.6903605461120605,0,0
2391,2.8115179538726807,2.639094114303589,0,0
2392,2.7571561336517334,2.732290267944336,0,0
2393,3.030463457107544,2.7258784770965576,0,0
2394,2.3296520709991455,2.222372055053711,0,0
2395,3.0646958351135254,2.913670063018799,0,0
2396,2.865203380584717,2.664001226425171,0,0
2397,3.305460214614868,3.1614534854888916,0,0
2398,3.1941940784454346,2.879051685333252,0,0
2399,3.6958565711975098,3.119659900665283,1,1
2400,3.2627882957458496,3.0700783729553223,0,0
2401,3.617161989212036,3.101086139678955,1,1
2402,3.5759615898132324,3.2274327278137207,1,1
2403,3.3974342346191406,3.2752065658569336,1,1
2404,3.225311040878296,3.053274631500244,0,0
2405,2.9789648056030273,3.167647361755371,0,0
2406,2.7348878383636475,2.6691641807556152,0,0
2407,3.071361541748047,2.8715648651123047,0,0
2408,2.949296236038208,2.7838525772094727,0,0
2409,2.9878101348876953,3.0008902549743652,0,0
2410,2.756194829940796,2.726970911026001,0,0
2411,3.2400803565979004,2.9336469173431396,0,0
2412,2.7501988410949707,2.7144947052001953,0,0
2413,3.2370169162750244,2.9932897090911865,0,0
2414,3.3169784545898438,3.24169921875,0,0
2415,3.185575008392334,3.2230982780456543,0,0
2416,3.677607774734497,3.480506420135498,1,1
2417,3.462479829788208,3.450669527053833,1,1
2418,3.4694252014160156,3.3176865577697754,1,1
2419,2.9254777431488037,2.8595876693725586,0,0
2420,3.1557157039642334,2.987363815307617,0,0
2421,2.945549249649048,2.5092391967773438,0,0
2422,3.1481752395629883,2.777120590209961,0,0
2423,3.2146763801574707,2.9514920711517334,0,0
2424,3.141787528991699,2.8716580867767334,0,0
2425,2.7496399879455566,2.5230226516723633,0,0
2426,3.383188486099243,3.1731009483337402,1,1
2427,3.3045339584350586,3.1601481437683105,0,0
2428,3.7275428771972656,3.33333158493042,1,1
2429,3.5161495208740234,3.175316572189331,1,1
2430,3.473027467727661,3.055032730102539,1,1
2431,3.0076658725738525,2.8828327655792236,0,0
2432,2.7134881019592285,2.872866630554199,0,0
2433,2.669935703277588,2.697251081466675,0,0
2434,2.681208848953247,2.853656768798828,0,0
2435,2.548381805419922,2.6269454956054688,0,0
2436,2.5623507499694824,2.6851484775543213,0,0
2437,2.67812180519104,2.7925655841827393,0,0
2438,3.208833932876587,2.8919734954833984,0,0
2439,3.2325005531311035,3.2038323879241943,0,0
2440,3.23514723777771,3.071772336959839,0,0
2441,3.5273189544677734,3.3584506511688232,1,1
2442,3.440899610519409,3.174125909805298,1,1
2443,3.250507354736328,2.847641706466675,0,0
2444,3.453500986099243,3.02327299118042,1,1
2445,3.209230422973633,2.8218982219696045,0,0
2446,3.28222393989563,2.7587807178497314,0,0
2447,3.4259684085845947,2.9650416374206543,1,1
2448,3.079159736633301,2.7222509384155273,0,0
2449,3.0478827953338623,2.667135715484619,0,0
2450,3.3423304557800293,2.704472303390503,1,1
2451,3.069951295852661,2.6189489364624023,0,0
2452,3.475381374359131,2.8136110305786133,1,1
2453,3.3187899589538574,2.6793737411499023,1,1
2454,3.5591282844543457,2.662492275238037,1,1
2455,3.2400548458099365,2.814034938812256,0,0
2456,3.272782325744629,2.755544662475586,0,0
2457,3.444430112838745,2.97123384475708,1,1
2458,2.9912800788879395,2.8079214096069336,0,0
2459,3.365738868713379,3.2042274475097656,1,1
2460,3.4240684509277344,3.1895370483398438,1,1
2461,3.2698352336883545,3.116637706756592,0,0
2462,3.3923487663269043,3.188563585281372,1,1
2463,3.208695650100708,2.997140884399414,0,0
2464,3.358062505722046,2.965381622314453,1,1
2465,3.4784903526306152,3.2446157932281494,1,1
2466,3.6225993633270264,3.3736867904663086,1,1
2467,3.4403810501098633,3.117757797241211,1,1
2468,3.428333044052124,3.182225465774536,1,1
2469,3.3126957416534424,2.995058059692383,0,0
2470,3.0371973514556885,2.8645639419555664,0,0
2471,3.3497488498687744,2.9935779571533203,1,1
2472,3.2607686519622803,2.983637809753418,0,0
2473,3.4117026329040527,3.1182217597961426,1,1
2474,3.250119924545288,3.1015214920043945,0,0
2475,3.2957935333251953,2.908750057220459,0,0
2476,3.4069108963012695,3.1964945793151855,1,1
2477,3.303605318069458,3.0442545413970947,0,0
2478,3.862792730331421,3.2632052898406982,1,1
2479,3.203744888305664,3.0410094261169434,0,0
2480,3.3865489959716797,3.2560906410217285,1,1
2481,3.065167188644409,3.0745863914489746,0,0
2482,2.894169330596924,2.826944589614868,0,0
2483,3.5506961345672607,3.0422582626342773,1,1
2484,3.430647373199463,3.3006398677825928,1,1
2485,3.660799980163574,3.4275126457214355,1,1
2486,3.6029272079467773,3.2772178649902344,1,1
2487,3.712935209274292,3.2883172035217285,1,1
2488,3.6777706146240234,3.4047675132751465,1,1
2489,3.8613905906677246,3.367400646209717,1,1
2490,4.0114054679870605,3.4165072441101074,1,1
2491,3.8102803230285645,3.3892602920532227,1,1
2492,4.071931838989258,3.505802631378174,1,1
2493,3.46572208404541,3.0638670921325684,1,1
2494,3.715852975845337,3.370185375213623,1,1
2495,3.2983391284942627,3.134193181991577,0,0
2496,3.4256467819213867,3.1405162811279297,1,1
2497,3.582885980606079,3.2751550674438477,1,1
2498,3.205036163330078,3.048086166381836,0,0
2499,3.3335046768188477,2.946770668029785,1,1
2500,3.339522361755371,3.2738256454467773,1,1
2501,3.3441457748413086,3.0663697719573975,1,1
2502,3.0970065593719482,3.0367109775543213,0,0
2503,2.9847710132598877,2.928891658782959,0,0
2504,2.9979805946350098,2.967923164367676,0,0
2505,3.1555559635162354,3.0442469120025635,0,0
2506,3.3143060207366943,2.9105212688446045,1,1
2507,3.29120135307312,3.1803719997406006,0,0
2508,2.8069114685058594,2.7100677490234375,0,0
2509,3.1754159927368164,3.089418888092041,0,0
2510,2.9483635425567627,2.597686290740967,0,0
2511,2.794687509536743,2.666121006011963,0,0
2512,2.864792823791504,2.715843677520752,0,0
2513,3.1708984375,2.982269048690796,0,0
2514,3.0077264308929443,2.686847686767578,0,0
2515,3.4253029823303223,2.906050443649292,1,1
2516,3.3090133666992188,3.0004496574401855,1,1
2517,3.454378843307495,3.129061222076416,1,1
2518,3.3448641300201416,2.9276297092437744,1,1
2519,3.133437395095825,2.8594789505004883,0,0
2520,3.171311140060425,3.1278393268585205,0,0
2521,3.0926132202148438,3.100080966949463,0,0
2522,3.38887357711792,3.1502017974853516,1,1
2523,3.6307592391967773,3.317992687225342,1,1
2524,3.5025529861450195,3.433744430541992,1,1
2525,3.678481101989746,3.6445255279541016,1,1
2526,3.388113260269165,3.154644012451172,1,1
2527,3.1135103702545166,2.993643283843994,0,0
2528,3.871919870376587,3.169724941253662,1,1
2529,3.7077789306640625,3.3601534366607666,1,1
2530,3.011422634124756,2.8839993476867676,0,0
2531,3.133965015411377,3.239530086517334,0,0
2532,3.3633086681365967,3.154694080352783,1,1
2533,3.1549227237701416,3.136251926422119,0,0
2534,3.263953447341919,3.2396414279937744,0,0
2535,3.638690948486328,3.242544174194336,1,1
2536,3.495366096496582,2.9821925163269043,1,1
2537,3.5539047718048096,3.3749842643737793,1,1
2538,3.3518080711364746,3.328575611114502,1,1
2539,3.5421957969665527,3.396181344985962,1,1
2540,3.0091450214385986,2.828580617904663,0,0
2541,3.146763563156128,2.923367977142334,0,0
2542,3.3761911392211914,3.047067165374756,1,1
2543,3.2324161529541016,3.1245851516723633,0,0
2544,3.3892595767974854,3.18466854095459,1,1
2545,3.3619377613067627,3.0406548976898193,1,1
2546,3.3450915813446045,3.075094699859619,1,1
2547,3.400463104248047,3.057856559753418,1,1
2548,3.4661002159118652,3.2034642696380615,1,1
2549,3.324460506439209,3.072127342224121,1,1
2550,3.375173568725586,3.0191476345062256,1,1
2551,3.8048832416534424,3.3308310508728027,1,1
2552,3.4523708820343018,2.982393980026245,1,1
2553,3.2870004177093506,2.9667253494262695,0,0
2554,3.4173026084899902,3.0720489025115967,1,1
2555,3.9195556640625,3.5933985710144043,1,1
2556,3.50534987449646,3.202139377593994,1,1
2557,3.6996021270751953,3.135732650756836,1,1
2558,3.008706569671631,2.7277445793151855,0,0
2559,3.4111328125,3.1382246017456055,1,1
2560,3.2213568687438965,2.966961145401001,0,0
2561,3.1668641567230225,2.9508461952209473,0,0
2562,3.228024959564209,2.822701930999756,0,0
2563,2.8934757709503174,2.47407865524292,0,0
2564,3.4198925495147705,2.964489459991455,1,1
2565,3.5937137603759766,3.171565055847168,1,1
2566,3.377152442932129,3.330475330352783,1,1
2567,3.619311809539795,3.3154990673065186,1,1
2568,3.673363447189331,3.394071102142334,1,1
2569,3.5289032459259033,3.361607789993286,1,1
2570,3.9248833656311035,3.600400447845459,1,1
2571,3.382465362548828,3.220695734024048,1,1
2572,3.915264368057251,3.3731918334960938,1,1
2573,3.484849214553833,3.039693832397461,1,1
2574,3.4018633365631104,3.2635202407836914,1,1
2575,3.51460862159729,3.362298011779785,1,1
2576,3.2571053504943848,3.3375155925750732,0,0
2577,3.591707706451416,3.324780225753784,1,1
2578,3.1596810817718506,3.243422508239746,0,0
2579,3.2604806423187256,3.293586015701294,0,0
2580,3.641493558883667,3.510256767272949,1,1
2581,3.5066328048706055,3.4247512817382812,1,1
2582,3.7693850994110107,3.5866470336914062,1,1
2583,3.466935873031616,3.308652877807617,1,1
2584,3.275968074798584,3.1671862602233887,0,0
2585,3.3802099227905273,3.281766414642334,1,1
2586,3.3713109493255615,3.2449839115142822,1,1
2587,3.5673439502716064,3.3981704711914062,1,1
2588,3.622835159301758,3.308745861053467,1,1
2589,3.350943088531494,3.0749831199645996,1,1
2590,3.1302969455718994,3.1069841384887695,0,0
2591,3.295405387878418,3.1271276473999023,0,0
2592,3.485637664794922,3.1709933280944824,1,1
2593,3.514143228530884,3.1482763290405273,1,1
2594,3.281620979309082,3.1738858222961426,0,0
2595,3.2514030933380127,2.9563302993774414,0,0
2596,3.2655203342437744,2.86962890625,0,0
2597,3.433553695678711,3.2179384231567383,1,1
2598,3.002863883972168,2.650829792022705,0,0
2599,3.258697748184204,2.909350872039795,0,0
2600,3.156717300415039,2.6524176597595215,0,0
2601,3.077672004699707,2.752835750579834,0,0
2602,3.209761619567871,2.828104019165039,0,0
2603,2.9724555015563965,2.6493303775787354,0,0
2604,3.663583755493164,3.0294175148010254,1,1
2605,3.5936081409454346,2.960587978363037,1,1
2606,3.7983195781707764,3.5974478721618652,1,1
2607,3.8821890354156494,3.3572263717651367,1,1
2608,3.837808847427368,3.3903067111968994,1,1
2609,3.8903517723083496,3.4467713832855225,1,1
2610,4.007077693939209,3.5706725120544434,1,1
2611,3.6279873847961426,3.04544734954834,1,1
2612,3.42525315284729,3.0168750286102295,1,1
2613,3.02223801612854,2.869354486465454,0,0
2614,3.1678595542907715,3.0516252517700195,0,0
2615,3.84065318107605,3.4304986000061035,1,1
2616,3.495473861694336,3.2754571437835693,1,1
2617,3.034310817718506,2.8978028297424316,0,0
2618,3.735503673553467,3.435453414916992,1,1
2619,3.38000226020813,3.3086373805999756,1,1
2620,3.2775399684906006,2.969376564025879,0,0
2621,2.686469078063965,2.7983477115631104,0,0
2622,3.151885747909546,3.269969940185547,0,0
2623,2.7173855304718018,2.9261202812194824,0,0
2624,2.9586310386657715,2.724307060241699,0,0
2625,3.245908260345459,3.034503936767578,0,0
2626,3.5242393016815186,3.442187786102295,1,1
2627,3.3412888050079346,3.284071922302246,0,0
2628,3.4330780506134033,3.3540420532226562,1,1
2629,3.8884096145629883,3.553664207458496,1,1
2630,3.3583085536956787,3.1791882514953613,0,0
2631,3.408846139907837,3.0957984924316406,1,1
2632,3.4917163848876953,3.396721601486206,1,1
2633,3.44655704498291,3.2207963466644287,1,1
2634,3.5840628147125244,3.375678300857544,1,1
2635,3.6247241497039795,3.203011989593506,1,1
2636,3.479721784591675,3.260925054550171,1,1
2637,3.361609935760498,3.387636661529541,0,0
2638,3.406709909439087,3.384154796600342,1,1
2639,3.4383344650268555,3.3385729789733887,1,1
2640,3.7551562786102295,3.515122652053833,1,1
2641,3.104979991912842,3.03179669380188,0,0
2642,4.120501518249512,3.597607135772705,1,1
2643,3.1425821781158447,2.8191213607788086,0,0
2644,3.806023597717285,3.231889247894287,1,1
2645,3.4544196128845215,3.1283116340637207,1,1
2646,3.4038851261138916,3.070965528488159,1,1
2647,3.2575299739837646,3.0296194553375244,0,0
2648,3.320639133453369,2.891965389251709,0,0
2649,3.5633294582366943,3.311990976333618,1,1
2650,3.2060439586639404,2.8645360469818115,0,0
2651,3.0154507160186768,2.9670796394348145,0,0
2652,3.135908842086792,2.937070369720459,0,0
2653,3.0085041522979736,3.0065507888793945,0,0
2654,3.142972707748413,2.861304759979248,0,0
2655,3.122891664505005,2.852227210998535,0,0
2656,3.45876145362854,3.175448417663574,1,1
2657,3.601801633834839,3.2340404987335205,1,1
2658,3.027076482772827,2.840974807739258,0,0
2659,3.124829053878784,2.8994147777557373,0,0
2660,3.056718111038208,2.879049062728882,0,0
2661,3.45223331451416,3.037827968597412,1,1
2662,3.204529285430908,3.0152111053466797,0,0
2663,3.173442840576172,2.993068218231201,0,0
2664,2.7854387760162354,2.687419891357422,0,0
2665,3.1044421195983887,3.039175510406494,0,0
2666,3.1829793453216553,3.0548148155212402,0,0
2667,3.0064826011657715,2.8977138996124268,0,0
2668,2.9388768672943115,2.848393440246582,0,0
2669,3.2418935298919678,3.0509743690490723,0,0
2670,3.2507009506225586,2.8902904987335205,0,0
2671,3.312682867050171,3.0324974060058594,0,0
2672,3.153059244155884,2.9538588523864746,0,0
2673,3.0690627098083496,2.9911789894104004,0,0
2674,3.149470090866089,3.2003250122070312,0,0
2675,3.0715715885162354,2.858569622039795,0,0
2676,2.7690320014953613,2.5590436458587646,0,0
2677,3.4451045989990234,3.133880853652954,1,1
2678,3.064577579498291,2.7888565063476562,0,0
2679,2.960268020629883,2.6677958965301514,0,0
2680,3.3228824138641357,3.0439071655273438,0,0
2681,3.3281240463256836,2.8339924812316895,0,0
2682,3.33339786529541,2.973184108734131,0,0
2683,3.3536174297332764,3.0807363986968994,0,0
2684,2.7927634716033936,2.667464017868042,0,0
2685,3.1770944595336914,2.847515344619751,0,0
2686,3.459294319152832,2.9653279781341553,1,1
2687,3.2930691242218018,2.911159038543701,0,0
2688,3.255955934524536,2.808011531829834,0,0
2689,3.259937286376953,2.702332019805908,0,0
2690,3.2450144290924072,2.7961153984069824,0,0
2691,3.1841232776641846,2.917449474334717,0,0
2692,3.258152961730957,2.906892776489258,0,0
2693,2.646707057952881,2.4733967781066895,0,0
2694,3.3541653156280518,3.1275367736816406,1,1
2695,3.3321919441223145,3.3137564659118652,0,0
2696,3.4272685050964355,3.3840689659118652,1,1
2697,3.528913736343384,3.262763023376465,1,1
2698,4.096022605895996,3.33524227142334,1,1
2699,3.9672813415527344,3.2688541412353516,1,1
2700,2.8694775104522705,2.6721997261047363,0,0
2701,3.222393035888672,3.0900754928588867,0,0
2702,3.1785929203033447,3.084777355194092,0,0
2703,3.697838306427002,3.4200503826141357,1,1
2704,3.930162191390991,3.3640084266662598,1,1
2705,3.7974047660827637,3.288698196411133,1,1
2706,3.6588146686553955,3.2971692085266113,1,1
2707,3.6425669193267822,3.478008270263672,1,1
2708,3.753115653991699,3.3413515090942383,1,1
2709,3.3678717613220215,3.2737317085266113,1,1
2710,3.4830636978149414,3.3966121673583984,1,1
2711,3.390543222427368,3.44144344329834,1,1
2712,3.5683071613311768,3.307187557220459,1,1
2713,3.59633731842041,3.3121538162231445,1,1
2714,3.3006458282470703,3.2084290981292725,0,0
2715,3.303257465362549,3.14992618560791,0,0
2716,3.615191698074341,3.331037998199463,1,1
2717,3.139251947402954,2.93886399269104,0,0
2718,3.425095319747925,3.122300148010254,1,1
2719,3.5539159774780273,3.1893386840820312,1,1
2720,3.251802444458008,2.98004150390625,0,0
2721,3.357043981552124,3.16213321685791,0,0
2722,3.894737720489502,3.3841209411621094,1,1
2723,3.307433843612671,3.1584768295288086,0,0
2724,3.490959405899048,3.035543918609619,1,1
2725,3.0752453804016113,2.8992550373077393,0,0
2726,3.3178696632385254,2.9569525718688965,0,0
2727,3.103996992111206,3.0137581825256348,0,0
2728,3.697894811630249,3.266935348510742,1,1
2729,3.2523679733276367,3.036654472351074,0,0
2730,3.5171167850494385,3.0341532230377197,1,1
2731,3.7353463172912598,3.225656509399414,1,1
2732,3.5394091606140137,3.2419748306274414,1,1
2733,3.493617534637451,3.028480052947998,1,1
2734,3.6572961807250977,3.3972580432891846,1,1
2735,3.2987444400787354,3.0268282890319824,0,0
2736,3.366323947906494,2.9679365158081055,1,1
2737,3.0515573024749756,3.069425106048584,0,0
2738,3.4870665073394775,3.4978179931640625,1,1
2739,2.9988842010498047,2.970417022705078,0,0
2740,2.533447027206421,2.4387869834899902,0,0
2741,2.6571409702301025,2.570530891418457,0,0
2742,2.92848539352417,2.9694135189056396,0,0
2743,2.922774314880371,2.9247567653656006,0,0
2744,2.9070892333984375,3.0182764530181885,0,0
2745,2.968003511428833,3.1162500381469727,0,0
2746,3.1510980129241943,3.1342129707336426,0,0
2747,3.0591840744018555,3.1679601669311523,0,0
2748,2.971520185470581,3.0542893409729004,0,0
2749,2.8825669288635254,2.7926626205444336,0,0
2750,3.207484245300293,2.933627128601074,0,0
2751,3.0012288093566895,2.9810471534729004,0,0
2752,2.659182548522949,2.6581356525421143,0,0
2753,2.629389524459839,2.74761700630188,0,0
2754,2.5863516330718994,2.658416748046875,0,0
2755,2.477776288986206,2.5269227027893066,0,0
2756,2.775999069213867,2.79610013961792,0,0
2757,2.746180534362793,2.820603370666504,0,0
2758,3.083054542541504,2.9330694675445557,0,0
2759,2.9988462924957275,2.8644216060638428,0,0
2760,2.674807548522949,2.6255972385406494,0,0
2761,3.3881030082702637,3.280306577682495,1,1
2762,3.703011989593506,3.492525577545166,1,1
2763,3.989320755004883,3.509284257888794,1,1
2764,3.482245922088623,3.086716413497925,1,1
2765,3.205085515975952,3.0585856437683105,0,0
2766,2.983163356781006,2.8018364906311035,0,0
2767,2.9964020252227783,2.8075804710388184,0,0
2768,3.5025100708007812,3.222254514694214,1,1
2769,2.920130729675293,2.95871639251709,0,0
2770,3.338524341583252,3.0325191020965576,1,1
2771,3.0369694232940674,2.676583766937256,0,0
2772,3.448732852935791,3.0073766708374023,1,1
2773,3.032107353210449,2.89500093460083,0,0
2774,2.934551477432251,2.8114991188049316,0,0
2775,3.2990975379943848,3.1493802070617676,0,0
2776,3.3079631328582764,2.9690990447998047,1,1
2777,3.0968873500823975,2.8547658920288086,0,0
2778,2.728971481323242,2.8100481033325195,0,0
2779,3.194533348083496,3.252211570739746,0,0
2780,2.9494681358337402,3.0150842666625977,0,0
2781,3.317209005355835,3.1250388622283936,1,1
2782,3.2035865783691406,2.957016944885254,0,0
2783,3.4547085762023926,3.3000359535217285,1,1
2784,3.7810442447662354,3.4773316383361816,1,1
2785,3.4655232429504395,3.2800686359405518,1,1
2786,3.747319459915161,3.391763925552368,1,1
2787,4.112539291381836,3.8696138858795166,1,1
2788,3.5892748832702637,3.3691020011901855,1,1
2789,2.6320178508758545,2.7640135288238525,0,0
2790,3.3711159229278564,3.1509242057800293,1,1
2791,3.3791749477386475,3.232545852661133,1,1
2792,3.2447140216827393,3.21000337600708,0,0
2793,3.073866605758667,3.0966622829437256,0,0
2794,3.146500587463379,3.00911808013916,0,0
2795,2.968310594558716,2.896908760070801,0,0
2796,3.2778494358062744,3.1591479778289795,0,0
2797,3.3702118396759033,3.2869677543640137,1,1
2798,2.6835434436798096,2.6969308853149414,0,0
2799,3.0125553607940674,2.937448501586914,0,0
2800,2.871250629425049,2.826993465423584,0,0
2801,3.213430166244507,3.091596841812134,0,0
2802,3.3398537635803223,3.345980167388916,1,1
2803,3.502124547958374,3.32126522064209,1,1
2804,2.8099658489227295,2.498450756072998,0,0
2805,3.020561695098877,2.9136033058166504,0,0
2806,2.9521119594573975,2.827444076538086,0,0
2807,3.2297720909118652,2.9521536827087402,0,0
2808,2.9776320457458496,2.8848094940185547,0,0
2809,3.342984914779663,3.2453415393829346,1,1
2810,3.0868635177612305,3.051077127456665,0,0
2811,3.3875889778137207,3.269167900085449,1,1
2812,3.3068082332611084,3.128474473953247,1,1
2813,3.130038261413574,3.0368597507476807,0,0
2814,3.08913516998291,3.013357162475586,0,0
2815,3.0034213066101074,2.7553961277008057,0,0
2816,3.6416494846343994,3.2851099967956543,1,1
2817,3.508213758468628,3.027010440826416,1,1
2818,3.4272522926330566,3.1194355487823486,1,1
2819,3.313516139984131,3.122340440750122,1,1
2820,4.124880313873291,3.4491748809814453,1,1
2821,3.623551845550537,3.3071539402008057,1,1
2822,3.6469149589538574,3.2676925659179688,1,1
2823,3.519871950149536,3.2820498943328857,1,1
2824,3.597771167755127,3.35789155960083,1,1
2825,3.6572890281677246,3.3713157176971436,1,1
2826,3.7796483039855957,3.360197067260742,1,1
2827,3.9397077560424805,3.534919500350952,1,1
2828,3.673316240310669,3.3174171447753906,1,1
2829,4.125754356384277,3.7778749465942383,1,1
2830,3.3015406131744385,3.0609960556030273,1,1
2831,3.4068024158477783,3.1375222206115723,1,1
2832,3.281027317047119,3.164088726043701,0,0
2833,3.6938161849975586,3.4376721382141113,1,1
2834,3.300774097442627,3.2993454933166504,1,1
2835,3.136171340942383,2.829643487930298,0,0
2836,2.6866912841796875,2.254211902618408,0,0
2837,3.401149272918701,2.856910228729248,1,1
2838,3.4523885250091553,3.050902843475342,1,1
2839,3.596191883087158,3.2961678504943848,1,1
2840,3.4680633544921875,3.285973072052002,1,1
2841,3.1271276473999023,2.96986722946167,0,0
2842,4.062412261962891,3.4883930683135986,1,1
2843,3.3702495098114014,3.0495376586914062,1,1
2844,2.8624494075775146,2.716647148132324,0,0
2845,3.6665730476379395,3.3514723777770996,1,1
2846,3.415942907333374,3.0559840202331543,1,1
2847,2.998619556427002,2.8115296363830566,0,0
2848,3.42927885055542,3.039126396179199,1,1
2849,3.3233587741851807,3.1793160438537598,1,1
2850,3.793252944946289,3.4887027740478516,1,1
2851,3.4025025367736816,3.1110658645629883,1,1
2852,3.2221453189849854,3.0337324142456055,0,0
2853,3.7280690670013428,3.343183755874634,1,1
2854,3.2379531860351562,3.182094097137451,0,0
2855,3.481332540512085,3.061208486557007,1,1
2856,2.9102277755737305,2.671675682067871,0,0
2857,3.278961420059204,3.0804805755615234,0,0
2858,3.4730358123779297,3.108562469482422,1,1
2859,3.4077048301696777,3.1835079193115234,1,1
2860,3.4584429264068604,3.2155680656433105,1,1
2861,3.329948663711548,3.1720826625823975,1,1
2862,3.284167766571045,2.955301284790039,0,0
2863,3.218287229537964,3.0774343013763428,0,0
2864,3.117075204849243,3.0157546997070312,0,0
2865,3.247765064239502,2.932880401611328,0,0
2866,3.132542848587036,2.8921613693237305,0,0
2867,3.3907880783081055,3.082763195037842,1,1
2868,3.6117308139801025,3.154592990875244,1,1
2869,3.547832727432251,3.2947893142700195,1,1
2870,3.4192445278167725,3.217893123626709,1,1
2871,3.3166346549987793,3.2599663734436035,1,1
2872,3.6756362915039062,3.321640968322754,1,1
2873,3.1184751987457275,3.141824245452881,0,0
2874,3.4329891204833984,3.319380760192871,1,1
2875,3.681835174560547,3.2439513206481934,1,1
2876,3.0941762924194336,2.9655849933624268,0,0
2877,3.399686098098755,3.275014877319336,1,1
2878,3.3740642070770264,3.131424903869629,1,1
2879,3.2169299125671387,3.1303019523620605,0,0
2880,3.196732759475708,3.1094839572906494,0,0
2881,3.2486484050750732,3.0847911834716797,0,0
2882,3.4753329753875732,3.1739284992218018,1,1
2883,3.428004264831543,3.2216975688934326,1,1
2884,3.4062867164611816,3.1451754570007324,1,1
2885,2.809782028198242,2.545095920562744,0,0
2886,3.2238550186157227,2.9709267616271973,0,0
2887,3.2724740505218506,2.9125242233276367,0,0
2888,3.05679988861084,2.8730239868164062,0,0
2889,3.0656230449676514,2.919804573059082,0,0
2890,3.478452682495117,3.085771083831787,1,1
2891,3.24364972114563,3.053256034851074,0,0
2892,3.69462251663208,3.0874736309051514,1,1
2893,3.3954901695251465,3.1905274391174316,1,1
2894,3.21974515914917,2.942213773727417,0,0
2895,3.262706756591797,2.6185193061828613,0,0
2896,3.8286867141723633,3.196721315383911,1,1
2897,3.1459617614746094,2.724884033203125,0,0
2898,3.1466403007507324,2.5439062118530273,0,0
2899,3.244288682937622,2.7276735305786133,0,0
2900,2.8184664249420166,2.4544131755828857,0,0
2901,2.9935543537139893,2.5372209548950195,0,0
2902,2.9621219635009766,2.502328395843506,0,0
2903,2.500331163406372,2.210094928741455,0,0
2904,2.745450973510742,2.4514663219451904,0,0
2905,2.671785593032837,2.468601942062378,0,0
2906,2.587751626968384,2.4373302459716797,0,0
2907,2.599700450897217,2.3282649517059326,0,0
2908,2.7195611000061035,2.3785006999969482,0,0
2909,2.4065887928009033,2.2074294090270996,0,0
2910,2.8872692584991455,2.4227685928344727,0,0
2911,2.496474027633667,2.25258207321167,0,0
2912,2.8566458225250244,2.6491599082946777,0,0
2913,2.8137707710266113,2.443936586380005,0,0
2914,3.1684787273406982,2.751260280609131,0,0
2915,2.5190670490264893,2.0499753952026367,0,0
2916,2.9800257682800293,2.566473960876465,0,0
2917,2.829224109649658,2.6592893600463867,0,0
2918,2.98372220993042,2.826817035675049,0,0
2919,3.2106845378875732,2.9841885566711426,0,0
2920,3.7882168292999268,3.4752631187438965,1,1
2921,3.326071262359619,3.0184807777404785,1,1
2922,3.809674024581909,3.1868157386779785,1,1
2923,3.46022367477417,3.156306743621826,1,1
2924,3.705179214477539,3.2092957496643066,1,1
2925,3.4091062545776367,2.9868974685668945,1,1
2926,3.3052926063537598,2.870518207550049,1,1
2927,3.2759833335876465,2.884420871734619,1,1
2928,3.051339626312256,2.9630393981933594,0,0
2929,3.647752523422241,3.161930799484253,1,1
2930,2.7231485843658447,2.576058864593506,0,0
2931,3.268764019012451,2.9821019172668457,1,1
2932,3.4615211486816406,3.2960703372955322,1,1
2933,3.500178813934326,3.1620025634765625,1,1
2934,3.592771530151367,3.386965751647949,1,1
2935,3.7288570404052734,3.4002444744110107,1,1
2936,3.7762627601623535,3.3870511054992676,1,1
2937,3.6927359104156494,3.3544363975524902,1,1
2938,3.79872989654541,3.4979822635650635,1,1
2939,3.319563150405884,3.0988683700561523,1,1
2940,3.4440462589263916,3.3702449798583984,1,1
2941,3.054318904876709,3.1591198444366455,0,0
2942,3.318297863006592,3.2404956817626953,1,1
2943,2.6114208698272705,2.5454137325286865,0,0
2944,3.6762142181396484,3.4342432022094727,1,1
2945,3.4527440071105957,3.2662599086761475,1,1
2946,3.7060022354125977,3.3354580402374268,1,1
2947,3.615255117416382,3.1357011795043945,1,1
2948,3.732642412185669,3.407041072845459,1,1
2949,3.7283685207366943,3.501495361328125,1,1
2950,3.308372735977173,3.143720865249634,1,1
2951,3.2182559967041016,3.140932559967041,0,0
2952,3.410344362258911,3.178262948989868,1,1
2953,3.4413139820098877,3.047382354736328,1,1
2954,3.400114059448242,3.199890613555908,1,1
2955,3.4666495323181152,3.328591823577881,1,1
2956,3.6141271591186523,3.1489694118499756,1,1
2957,2.8716835975646973,2.8873372077941895,0,0
2958,3.398043632507324,3.059070587158203,1,1
2959,3.565030336380005,3.143913507461548,1,1
2960,3.2470037937164307,3.1472222805023193,0,0
2961,3.2897913455963135,2.93839955329895,0,0
2962,3.2275257110595703,3.1249117851257324,0,0
2963,3.6553454399108887,3.16495680809021,1,1
2964,3.4125359058380127,3.0383167266845703,1,1
2965,3.1987242698669434,2.8081037998199463,0,0
2966,3.009748935699463,2.698922872543335,0,0
2967,3.040708303451538,2.8221869468688965,0,0
2968,2.7880301475524902,2.724478006362915,0,0
2969,3.356649875640869,2.934976816177368,1,1
2970,3.0962600708007812,2.954580307006836,0,0
2971,3.592763662338257,3.3156700134277344,1,1
2972,3.400198221206665,2.9162611961364746,1,1
2973,3.8042569160461426,3.1237845420837402,1,1
2974,3.6965978145599365,3.170527696609497,1,1
2975,3.638153553009033,3.0926084518432617,1,1
2976,3.5192863941192627,3.060481548309326,1,1
2977,3.6184158325195312,3.0776350498199463,1,1
2978,3.320822238922119,3.0818848609924316,0,0
2979,3.5799238681793213,3.082768440246582,1,1
2980,3.265826940536499,2.844303607940674,0,0
2981,3.3494837284088135,3.0052361488342285,1,1
2982,3.0424907207489014,2.9289627075195312,0,0
2983,3.0628788471221924,2.8853414058685303,0,0
2984,3.572279453277588,3.2866992950439453,1,1
2985,3.541008949279785,3.277979612350464,1,1
2986,2.9640376567840576,2.907135486602783,0,0
2987,3.501161813735962,3.190537452697754,1,1
2988,3.527775764465332,3.040924072265625,1,1
2989,3.273311138153076,3.098909854888916,0,0
2990,3.6222667694091797,3.171966314315796,1,1
2991,3.517104387283325,3.3280272483825684,1,1
2992,3.3835155963897705,3.0607781410217285,1,1
2993,3.5340464115142822,3.237431049346924,1,1
2994,3.470073699951172,3.3518829345703125,1,1
2995,3.6084256172180176,3.443086624145508,1,1
2996,3.4848737716674805,3.460768222808838,1,1
2997,2.9332101345062256,2.8893332481384277,0,0
2998,3.2331855297088623,3.2379369735717773,0,0
2999,3.122028350830078,2.8022208213806152,0,0
3000,2.49938702583313,2.485644817352295,0,0
3001,2.8845860958099365,2.7751731872558594,0,0
3002,3.5553998947143555,3.2706143856048584,1,1
3003,3.3398070335388184,3.227557897567749,0,0
3004,3.3003220558166504,3.3514256477355957,0,0
3005,3.236706495285034,3.192345142364502,0,0
3006,3.319535493850708,3.2690534591674805,0,0
3007,3.6555049419403076,3.4715576171875,1,1
3008,3.3955812454223633,3.375750780105591,1,1
3009,3.451239824295044,3.522311210632324,1,1
3010,3.6673190593719482,3.590583562850952,1,1
3011,3.571434497833252,3.3924503326416016,1,1
3012,3.3822383880615234,3.2657594680786133,1,1
3013,3.314666986465454,3.2016310691833496,0,0
3014,3.3426976203918457,3.2407329082489014,0,0
3015,3.182098865509033,2.991100311279297,0,0
3016,3.109513759613037,2.8109235763549805,0,0
3017,3.0377323627471924,2.729421615600586,0,0
3018,3.338750123977661,2.844449043273926,0,0
3019,3.283782482147217,3.056128740310669,0,0
3020,3.334446907043457,3.0220770835876465,0,0
3021,3.387650966644287,3.2363271713256836,1,1
3022,3.444215774536133,3.0584805011749268,1,1
3023,3.1120829582214355,2.9392552375793457,0,0
3024,3.28165602684021,2.859396457672119,0,0
3025,3.2892141342163086,2.8998796939849854,0,0
3026,3.5025453567504883,2.965224266052246,1,1
3027,3.223095178604126,3.012105941772461,0,0
3028,3.512237548828125,3.295403480529785,1,1
3029,3.4828944206237793,3.2511050701141357,1,1
3030,3.162631034851074,2.9617176055908203,0,0
3031,3.318246603012085,3.097156524658203,0,0
3032,3.4871158599853516,3.1534974575042725,1,1
3033,3.054203987121582,2.967137336730957,0,0
3034,3.475888729095459,3.1134531497955322,1,1
3035,3.9869468212127686,3.348278760910034,1,1
3036,3.199153423309326,3.054685354232788,0,0
3037,3.2035470008850098,2.926241874694824,0,0
3038,3.4559485912323,3.1767330169677734,1,1
3039,3.5317940711975098,3.259652853012085,1,1
3040,2.778374195098877,2.5711750984191895,0,0
3041,2.8377368450164795,2.6231179237365723,0,0
3042,2.7562201023101807,2.5434720516204834,0,0
3043,2.7186360359191895,2.2997243404388428,0,0
3044,3.4423606395721436,2.8454575538635254,1,1
3045,3.1797056198120117,2.535353660583496,0,0
3046,3.113433837890625,2.325019359588623,0,0
3047,3.0317611694335938,2.2728474140167236,0,0
3048,3.234299421310425,2.3370327949523926,0,0
3049,3.1247735023498535,2.356628894805908,0,0
3050,3.073525905609131,2.219204902648926,0,0
3051,3.0046515464782715,2.269171714782715,0,0
3052,3.247870922088623,2.3390886783599854,0,0
3053,3.306450366973877,2.464132308959961,0,0
3054,3.2635486125946045,2.30741024017334,0,0
3055,3.2790985107421875,2.354490280151367,0,0
3056,3.2976040840148926,2.416660785675049,0,0
3057,2.6129798889160156,2.291339635848999,0,0
3058,2.6124958992004395,2.326984405517578,0,0
3059,3.0116689205169678,2.5051093101501465,0,0
3060,3.499535322189331,3.303485870361328,1,1
3061,3.895967960357666,3.493196964263916,1,1
3062,3.6092865467071533,3.2254488468170166,1,1
3063,3.6337475776672363,3.3240714073181152,1,1
3064,3.4231150150299072,3.3392045497894287,1,1
3065,2.682050943374634,2.3290576934814453,0,0
3066,2.964313268661499,2.620429754257202,0,0
3067,2.936215400695801,2.6772055625915527,0,0
3068,3.3985836505889893,3.0075998306274414,1,1
3069,3.3998212814331055,3.1582181453704834,1,1
3070,3.5597753524780273,3.2040557861328125,1,1
3071,3.494812250137329,3.236874580383301,1,1
3072,3.2910866737365723,3.125835657119751,0,0
3073,3.0323240756988525,2.6911349296569824,0,0
3074,2.8894906044006348,2.681366205215454,0,0
3075,3.283557891845703,2.9902100563049316,0,0
3076,3.3909103870391846,3.099674701690674,1,1
3077,3.420559883117676,3.1179771423339844,1,1
3078,3.6560730934143066,3.3429555892944336,1,1
3079,3.5296733379364014,3.199953079223633,1,1
3080,3.173344612121582,2.917401075363159,0,0
3081,3.8765902519226074,3.3372952938079834,1,1
3082,3.6015686988830566,3.279383420944214,1,1
3083,3.428579092025757,3.322904348373413,1,1
3084,3.8826496601104736,3.632050037384033,1,1
3085,3.7095389366149902,3.3000752925872803,1,1
3086,3.3104915618896484,2.9316325187683105,0,0
3087,3.586482524871826,3.0671610832214355,1,1
3088,2.9386417865753174,2.851328134536743,0,0
3089,3.1025567054748535,2.8811140060424805,0,0
3090,3.1560914516448975,3.030242919921875,0,0
3091,3.0788497924804688,2.860278367996216,0,0
3092,2.9491934776306152,2.7023191452026367,0,0
3093,3.332838773727417,3.013411045074463,1,1
3094,3.195662260055542,3.093496322631836,0,0
3095,3.59005069732666,3.2640156745910645,1,1
3096,3.30484676361084,3.0767593383789062,0,0
3097,3.0620999336242676,2.8957180976867676,0,0
3098,2.9593544006347656,2.7227561473846436,0,0
3099,3.30407452583313,2.946781635284424,0,0
3100,3.3627536296844482,3.0570807456970215,1,1
3101,3.2057785987854004,2.8691205978393555,0,0
3102,4.386828899383545,3.4920573234558105,1,1
3103,2.746424674987793,2.2514004707336426,0,0
3104,3.128605365753174,2.855119466781616,0,0
3105,2.970477342605591,2.7780301570892334,0,0
3106,3.2918789386749268,2.9190266132354736,0,0
3107,3.0624630451202393,2.833923816680908,0,0
3108,3.4412522315979004,3.029790163040161,1,1
3109,3.145692825317383,3.007789134979248,0,0
3110,3.391664981842041,3.035122871398926,1,1
3111,3.3341777324676514,3.0951647758483887,1,1
3112,3.44889760017395,3.2403459548950195,1,1
3113,3.1256325244903564,3.1225695610046387,0,0
3114,3.5594217777252197,3.3891496658325195,1,1
3115,3.6025688648223877,3.2878592014312744,1,1
3116,3.5368144512176514,3.409695625305176,1,1
3117,3.5422353744506836,3.2507219314575195,1,1
3118,3.3326594829559326,3.181893825531006,0,0
3119,3.608278274536133,3.220085382461548,1,1
3120,3.190059185028076,2.8821468353271484,0,0
3121,3.2481682300567627,3.1772491931915283,0,0
3122,3.2241389751434326,3.0679678916931152,0,0
3123,3.220444679260254,3.0972321033477783,0,0
3124,3.135370969772339,2.9884274005889893,0,0
3125,3.6391448974609375,3.240488052368164,1,1
3126,3.660571813583374,3.2732293605804443,1,1
3127,3.478067636489868,3.2689175605773926,1,1
3128,3.6216914653778076,3.335381031036377,1,1
3129,2.9746272563934326,2.662051200866699,0,0
3130,3.270881175994873,2.9134647846221924,0,0
3131,3.518589973449707,3.0352954864501953,1,1
3132,3.36759877204895,2.889436721801758,1,1
3133,3.38297963142395,3.0776257514953613,1,1
3134,3.5389153957366943,3.0215530395507812,1,1
3135,3.357538938522339,2.8012266159057617,1,1
3136,3.0529932975769043,2.8996047973632812,0,0
3137,3.4946391582489014,3.0909526348114014,1,1
3138,3.673539876937866,3.260924816131592,1,1
3139,3.1974937915802,2.9687113761901855,0,0
3140,2.8206284046173096,2.7239017486572266,0,0
3141,3.0858142375946045,3.014178514480591,0,0
3142,3.2241673469543457,3.0299301147460938,0,0
3143,3.2664682865142822,3.029603958129883,0,0
3144,3.503272771835327,3.0622050762176514,1,1
3145,3.565124750137329,3.3603720664978027,1,1
3146,3.6218416690826416,3.2430977821350098,1,1
3147,3.3194828033447266,2.9782590866088867,0,0
3148,3.566237211227417,3.3379149436950684,1,1
3149,3.7211036682128906,3.4576237201690674,1,1
3150,3.648879051208496,3.322416305541992,1,1
3151,3.4614040851593018,3.2119925022125244,1,1
3152,3.7011706829071045,3.3136539459228516,1,1
3153,3.616746425628662,3.18223237991333,1,1
3154,3.6034834384918213,3.1454434394836426,1,1
3155,3.811281681060791,3.340139389038086,1,1
3156,3.6258504390716553,3.2557835578918457,1,1
3157,3.7081046104431152,3.3452601432800293,1,1
3158,3.430673599243164,3.2003660202026367,1,1
3159,3.6593899726867676,3.34487247467041,1,1
3160,3.5791776180267334,3.1080141067504883,1,1
3161,3.537895441055298,3.114027976989746,1,1
3162,3.540175199508667,3.227910280227661,1,1
3163,3.0951714515686035,2.97617769241333,0,0
3164,3.120455265045166,3.0855531692504883,0,0
3165,3.6133499145507812,3.280517578125,1,1
3166,3.3229212760925293,3.1870675086975098,0,0
3167,3.285114288330078,3.1657161712646484,0,0
3168,3.8662166595458984,3.3562612533569336,1,1
3169,3.5927038192749023,3.342256784439087,1,1
3170,3.352224111557007,3.085754871368408,1,1
3171,3.169137954711914,3.1536526679992676,0,0
3172,3.566542387008667,3.2866954803466797,1,1
3173,3.6375060081481934,3.292646646499634,1,1
3174,3.5660226345062256,3.3924715518951416,1,1
3175,3.4868457317352295,3.1906559467315674,1,1
3176,3.1919314861297607,2.8658838272094727,0,0
3177,3.2294650077819824,3.231684684753418,0,0
3178,3.0832505226135254,2.96384859085083,0,0
3179,3.1249687671661377,2.9509317874908447,0,0
3180,3.0159921646118164,2.9173355102539062,0,0
3181,3.609346628189087,3.457850456237793,1,1
3182,3.539797067642212,3.358768939971924,1,1
3183,3.6886181831359863,3.451673746109009,1,1
3184,3.5779671669006348,3.4738035202026367,1,1
3185,3.865236759185791,3.6095263957977295,1,1
3186,3.533733606338501,3.265707492828369,1,1
3187,3.9771041870117188,3.614973545074463,1,1
3188,3.846808671951294,3.4946858882904053,1,1
3189,3.340996742248535,3.094923973083496,0,0
3190,3.869814157485962,3.4947128295898438,1,1
3191,3.5843722820281982,3.254639148712158,1,1
3192,3.021390438079834,2.9952690601348877,0,0
3193,3.642367124557495,3.306978940963745,1,1
3194,2.8880012035369873,2.696821689605713,0,0
3195,2.8962910175323486,2.6381115913391113,0,0
3196,3.2791500091552734,3.031191349029541,0,0
3197,3.6043572425842285,3.3746538162231445,1,1
3198,2.6955878734588623,2.729982376098633,0,0
3199,2.6725404262542725,2.5954556465148926,0,0
3200,3.403606414794922,3.0864505767822266,1,1
3201,3.3330867290496826,2.987677574157715,0,0
3202,3.1185684204101562,3.0616230964660645,0,0
3203,3.2280657291412354,3.0539355278015137,0,0
3204,3.1508777141571045,3.0208494663238525,0,0
3205,3.3648183345794678,3.302839756011963,1,1
3206,3.088805675506592,2.977980613708496,0,0
3207,3.1741862297058105,3.0931639671325684,0,0
3208,3.4141716957092285,3.263841152191162,1,1
3209,2.8499815464019775,2.7173776626586914,0,0
3210,3.0741400718688965,3.0541000366210938,0,0
3211,3.083468437194824,2.89022159576416,0,0
3212,3.137840747833252,3.057154655456543,0,0
3213,3.4105441570281982,3.0754387378692627,1,1
3214,3.12676739692688,3.004645347595215,0,0
3215,3.2878074645996094,3.2170569896698,0,0
3216,3.3389763832092285,3.2627596855163574,1,1
3217,3.014890193939209,2.9744958877563477,0,0
3218,3.2546439170837402,3.052419662475586,0,0
3219,3.2019293308258057,3.0968756675720215,0,0
3220,3.455338716506958,3.2454652786254883,1,1
3221,3.3649420738220215,3.311420202255249,1,1
3222,3.1082653999328613,3.12784481048584,0,0
3223,3.316866159439087,3.1764049530029297,0,0
3224,3.3616018295288086,3.2565574645996094,1,1
3225,3.295621156692505,3.1249911785125732,0,0
3226,3.4665632247924805,3.055402994155884,1,1
3227,3.5963921546936035,3.1620073318481445,1,1
3228,3.680997610092163,3.1279296875,1,1
3229,3.182124137878418,2.859090805053711,0,0
3230,3.6874749660491943,3.3346433639526367,1,1
3231,3.632011890411377,3.275561809539795,1,1
3232,3.382702112197876,3.082976818084717,1,1
3233,2.887624740600586,2.6911211013793945,0,0
3234,3.482621192932129,3.1094970703125,1,1
3235,3.056793451309204,2.7654123306274414,0,0
3236,3.2912235260009766,3.0608134269714355,0,0
3237,2.6714744567871094,2.3530282974243164,0,0
3238,3.5033018589019775,3.1239116191864014,1,1
3239,4.035224914550781,3.255645751953125,1,1
3240,3.093388319015503,2.735588550567627,0,0
3241,3.452313184738159,3.1631999015808105,1,1
3242,3.3592944145202637,3.145983934402466,1,1
3243,3.296760082244873,2.8406405448913574,0,0
3244,3.1815221309661865,2.7084131240844727,0,0
3245,3.3281631469726562,2.676682233810425,0,0
3246,3.1819069385528564,2.7362468242645264,0,0
3247,3.44730806350708,3.001323699951172,1,1
3248,3.714235782623291,3.1339125633239746,1,1
3249,3.7662012577056885,3.4468183517456055,1,1
3250,3.2750723361968994,2.978736162185669,0,0
3251,3.682502508163452,3.259329319000244,1,1
3252,3.558527708053589,3.218065023422241,1,1
3253,3.7263760566711426,3.208256483078003,1,1
3254,3.918896198272705,3.568584442138672,1,1
3255,3.689091205596924,3.3383893966674805,1,1
3256,3.988595962524414,3.7606937885284424,1,1
3257,3.8836896419525146,3.5860595703125,1,1
3258,3.362055778503418,3.1704487800598145,0,0
3259,3.3801474571228027,3.202284574508667,1,1
3260,3.132615327835083,3.184490919113159,0,0
3261,2.95253849029541,2.847742795944214,0,0
3262,3.06616473197937,2.9529809951782227,0,0
3263,3.3353753089904785,3.0787038803100586,0,0
3264,3.353771686553955,3.229543685913086,0,0
3265,3.2980947494506836,3.1490211486816406,0,0
3266,3.27740740776062,3.2296955585479736,0,0
3267,3.5394835472106934,3.2081713676452637,1,1
3268,3.672697067260742,3.3054285049438477,1,1
3269,3.2107157707214355,3.0275754928588867,0,0
3270,3.247249126434326,3.125485420227051,0,0
3271,2.866323947906494,2.595313549041748,0,0
3272,3.1605379581451416,2.652568817138672,0,0
3273,3.0081217288970947,2.7155559062957764,0,0
3274,3.261441707611084,2.993614673614502,0,0
3275,3.2897493839263916,2.915574312210083,0,0
3276,3.1420531272888184,2.9057393074035645,0,0
3277,2.9033241271972656,2.7378311157226562,0,0
3278,2.8725342750549316,2.6216881275177,0,0
3279,2.647883176803589,2.3925650119781494,0,0
3280,3.0740280151367188,2.852158784866333,0,0
3281,3.1082522869110107,2.6828744411468506,0,0
3282,3.1374754905700684,2.8147354125976562,0,0
3283,2.787139892578125,2.6338369846343994,0,0
3284,3.154810667037964,2.716240167617798,0,0
3285,3.1008691787719727,2.834897756576538,0,0
3286,2.810551404953003,2.602828025817871,0,0
3287,3.2516121864318848,2.7918901443481445,0,0
3288,2.809833526611328,2.5488057136535645,0,0
3289,2.9998929500579834,2.6506831645965576,0,0
3290,3.094564437866211,2.936485528945923,0,0
3291,3.565185308456421,3.1601924896240234,1,1
3292,3.574794054031372,3.2210452556610107,1,1
3293,3.4843714237213135,3.4351887702941895,1,1
3294,3.555478096008301,3.3589015007019043,1,1
3295,3.697430372238159,3.402878761291504,1,1
3296,3.2296082973480225,2.9992144107818604,0,0
3297,3.5186874866485596,3.2796168327331543,1,1
3298,3.717679500579834,3.2305805683135986,1,1
3299,3.769739866256714,3.43758225440979,1,1
3300,3.549687147140503,3.3840761184692383,1,1
3301,4.051321983337402,3.5213420391082764,1,1
3302,3.438877820968628,2.979835033416748,1,1
3303,3.5002119541168213,3.108346939086914,1,1
3304,3.4876930713653564,3.1907081604003906,1,1
3305,4.052756309509277,3.556401014328003,1,1
3306,3.5030596256256104,3.343557119369507,1,1
3307,3.5600333213806152,3.2283592224121094,1,1
3308,3.4897587299346924,3.244919776916504,1,1
3309,3.247001886367798,3.0494179725646973,0,0
3310,3.732163190841675,3.509225845336914,1,1
3311,3.9366605281829834,3.496891975402832,1,1
3312,3.6336169242858887,3.3959689140319824,1,1
3313,3.554692268371582,3.419157028198242,1,1
3314,3.266186475753784,3.1399168968200684,0,0
3315,3.1867945194244385,3.071478843688965,0,0
3316,3.3737545013427734,3.270002841949463,1,1
3317,3.2290968894958496,3.181570529937744,0,0
3318,3.3996810913085938,3.1725378036499023,1,1
3319,3.603611469268799,3.2635371685028076,1,1
3320,3.4581003189086914,3.266777992248535,1,1
3321,3.0028223991394043,2.9205689430236816,0,0
3322,3.2838633060455322,2.984429359436035,0,0
3323,3.4344913959503174,3.151155710220337,1,1
3324,3.6846396923065186,3.3690056800842285,1,1
3325,3.402433395385742,3.0872879028320312,1,1
3326,3.3301498889923096,3.2108418941497803,0,0
3327,3.4530298709869385,3.183130979537964,1,1
3328,3.083216905593872,2.983478546142578,0,0
3329,3.8334789276123047,3.362718343734741,1,1
3330,3.305074453353882,3.1140341758728027,0,0
3331,3.3973917961120605,3.179719924926758,1,1
3332,2.768705368041992,2.8279199600219727,0,0
3333,3.008105754852295,2.9402108192443848,0,0
3334,2.863609552383423,2.7799758911132812,0,0
3335,2.803572177886963,2.7992968559265137,0,0
3336,2.8299646377563477,2.7126262187957764,0,0
3337,2.95975399017334,2.8337950706481934,0,0
3338,2.8705832958221436,2.7454721927642822,0,0
3339,2.7140934467315674,2.7410521507263184,0,0
3340,2.683781385421753,2.65637469291687,0,0
3341,2.7167980670928955,2.704453706741333,0,0
3342,2.7679104804992676,2.716392993927002,0,0
3343,3.1867144107818604,2.978511333465576,0,0
3344,3.033604860305786,2.8838586807250977,0,0
3345,3.341848373413086,3.122953176498413,0,0
3346,3.112614393234253,3.2193989753723145,0,0
3347,3.52327561378479,3.334049701690674,1,1
3348,3.700063705444336,3.6058602333068848,1,1
3349,3.1192352771759033,3.0676498413085938,0,0
3350,3.0638961791992188,3.1696577072143555,0,0
3351,3.218569755554199,3.319061756134033,0,0
3352,3.554356813430786,3.283062696456909,1,1
3353,3.2986319065093994,3.1474294662475586,0,0
3354,3.5451881885528564,3.3034238815307617,1,1
3355,3.1392335891723633,2.9765334129333496,0,0
3356,3.2573165893554688,3.112879753112793,0,0
3357,3.4360857009887695,3.298725128173828,1,1
3358,3.459075450897217,3.4310946464538574,1,1
3359,3.243069887161255,3.1962063312530518,0,0
3360,3.416435480117798,3.3604493141174316,1,1
3361,3.2936670780181885,2.9488525390625,0,0
3362,3.497645616531372,3.276397705078125,1,1
3363,3.1581130027770996,3.0812039375305176,0,0
3364,3.275381326675415,3.1727943420410156,0,0
3365,3.61818528175354,3.2345099449157715,1,1
3366,3.5287246704101562,3.1986541748046875,1,1
3367,3.6097021102905273,3.2338380813598633,1,1
3368,2.729702949523926,2.488464832305908,0,0
3369,2.8295819759368896,2.5746583938598633,0,0
3370,3.5628604888916016,3.233123779296875,1,1
3371,3.447190046310425,3.0411782264709473,1,1
3372,3.3938333988189697,3.0481128692626953,1,1
3373,3.2637033462524414,3.0334346294403076,0,0
3374,3.2549655437469482,2.9945361614227295,0,0
3375,3.4238760471343994,3.29587459564209,1,1
3376,4.0499701499938965,3.6976962089538574,1,1
3377,3.68471360206604,3.5948121547698975,1,1
3378,3.4186012744903564,3.3203635215759277,1,1
3379,3.563995122909546,3.565000295639038,1,1
3380,3.852273941040039,3.469569444656372,1,1
3381,3.7360875606536865,3.5419490337371826,1,1
3382,3.671403169631958,3.4466161727905273,1,1
3383,3.48807430267334,2.9697866439819336,1,1
3384,3.9171531200408936,3.539691686630249,1,1
3385,3.383378505706787,3.2068004608154297,1,1
3386,3.6048967838287354,3.214017391204834,1,1
3387,3.268479347229004,3.1224093437194824,0,0
3388,3.7891459465026855,3.240584373474121,1,1
3389,3.360842227935791,3.2754180431365967,1,1
3390,3.5344388484954834,3.269322395324707,1,1
3391,3.5694708824157715,3.4823598861694336,1,1
3392,3.5072429180145264,3.2322475910186768,1,1
3393,3.0499186515808105,2.962477684020996,0,0
3394,3.4112164974212646,2.9840400218963623,1,1
3395,3.465562582015991,3.15700626373291,1,1
3396,3.1949636936187744,2.9700441360473633,0,0
3397,3.3573741912841797,3.0706427097320557,1,1
3398,3.309494972229004,2.9441823959350586,0,0
3399,3.3701813220977783,2.911587715148926,1,1
3400,3.5104286670684814,3.2737207412719727,1,1
3401,3.5709848403930664,3.2517614364624023,1,1
3402,3.4716246128082275,3.246798038482666,1,1
3403,3.538064479827881,3.290071487426758,1,1
3404,3.190387010574341,3.1145741939544678,0,0
3405,3.6935677528381348,3.3564109802246094,1,1
3406,2.962841510772705,2.919363498687744,0,0
3407,2.960527181625366,2.6411702632904053,0,0
3408,2.9859626293182373,2.6928374767303467,0,0
3409,3.0016603469848633,2.7619400024414062,0,0
3410,3.6879804134368896,3.243525981903076,1,1
3411,3.3825905323028564,3.0104331970214844,1,1
3412,3.9746577739715576,3.4815595149993896,1,1
3413,3.17476487159729,3.0446081161499023,0,0
3414,3.368147373199463,3.0738906860351562,1,1
3415,2.7779717445373535,2.5598692893981934,0,0
3416,3.2090306282043457,2.8969485759735107,0,0
3417,3.164992094039917,2.7521889209747314,0,0
3418,3.3661491870880127,2.973706007003784,1,1
3419,3.6125171184539795,3.0598154067993164,1,1
3420,3.053393840789795,2.949272632598877,0,0
3421,3.530352830886841,3.241086959838867,1,1
3422,3.2281360626220703,2.993891477584839,0,0
3423,3.505967378616333,3.238611936569214,1,1
3424,2.856692314147949,2.7447662353515625,0,0
3425,3.438943862915039,3.11643648147583,1,1
3426,3.486945390701294,3.2698724269866943,1,1
3427,3.2436630725860596,2.9825873374938965,0,0
3428,3.398320198059082,3.041114330291748,1,1
3429,3.5845789909362793,3.375701904296875,1,1
3430,3.456333637237549,3.174302816390991,1,1
3431,3.1443393230438232,2.8261871337890625,0,0
3432,2.979747772216797,2.8912253379821777,0,0
3433,3.3227946758270264,2.912930965423584,0,0
3434,3.347118377685547,3.0407114028930664,0,0
3435,3.2059237957000732,2.9537105560302734,0,0
3436,3.4901227951049805,3.1122665405273438,1,1
3437,3.2362496852874756,2.9257774353027344,0,0
3438,3.479916572570801,3.0267820358276367,1,1
3439,3.373976945877075,3.126193046569824,1,1
3440,3.5211215019226074,3.2451250553131104,1,1
3441,3.080408811569214,2.8594484329223633,0,0
3442,3.1086275577545166,3.0925536155700684,0,0
3443,3.1975619792938232,3.061713218688965,0,0
3444,3.0111827850341797,2.6415650844573975,0,0
3445,3.4185400009155273,3.2796592712402344,1,1
3446,3.8226230144500732,3.4412457942962646,1,1
3447,3.5496623516082764,3.264267683029175,1,1
3448,3.6097989082336426,3.2008602619171143,1,1
3449,3.282564640045166,3.1817989349365234,0,0
3450,3.5450494289398193,3.216647148132324,1,1
3451,3.3241209983825684,3.0339107513427734,0,0
3452,2.666045904159546,2.6894867420196533,0,0
3453,3.336183547973633,3.050717353820801,0,0
3454,3.111999750137329,2.923341751098633,0,0
3455,3.0389294624328613,2.8673527240753174,0,0
3456,3.4667201042175293,3.2495920658111572,1,1
3457,3.068366050720215,2.9625003337860107,0,0
3458,3.0135653018951416,2.9580605030059814,0,0
3459,3.1885194778442383,3.1103391647338867,0,0
3460,3.1657886505126953,3.1900014877319336,0,0
3461,2.731543779373169,2.7682628631591797,0,0
3462,2.899345874786377,2.797128677368164,0,0
3463,2.977938652038574,2.750020980834961,0,0
3464,2.9951558113098145,2.946218490600586,0,0
3465,3.386347532272339,3.3381640911102295,1,1
3466,3.393231153488159,3.202909469604492,1,1
3467,3.5372040271759033,3.287703514099121,1,1
3468,3.070774555206299,3.0607714653015137,0,0
3469,3.313775062561035,3.231419563293457,0,0
3470,3.202134847640991,3.1219143867492676,0,0
3471,3.1375906467437744,2.885877847671509,0,0
3472,3.421741008758545,3.2446093559265137,1,1
3473,3.4431710243225098,3.17764949798584,1,1
3474,2.936941146850586,2.956590414047241,0,0
3475,3.421290874481201,3.169192314147949,1,1
3476,3.18426775932312,2.9409055709838867,0,0
3477,3.4392120838165283,3.1164419651031494,1,1
3478,3.2685043811798096,3.1105589866638184,0,0
3479,3.246751070022583,3.106153726577759,0,0
3480,3.53951358795166,3.281492233276367,1,1
3481,3.3257038593292236,3.2450735569000244,0,0
3482,3.2991034984588623,3.1435298919677734,0,0
3483,3.0364787578582764,2.962611198425293,0,0
3484,3.1440980434417725,3.083829641342163,0,0
3485,3.377711534500122,2.9660227298736572,1,1
3486,3.3281097412109375,2.9359230995178223,0,0
3487,3.5239264965057373,3.145477294921875,1,1
3488,3.53427791595459,3.216977596282959,1,1
3489,3.7412607669830322,3.214909553527832,1,1
3490,3.371943950653076,3.1150147914886475,0,0
3491,3.4346578121185303,3.1847574710845947,1,1
3492,3.245907783508301,2.908811569213867,0,0
3493,3.6181013584136963,3.3087010383605957,1,1
3494,3.0946505069732666,2.955371618270874,0,0
3495,3.802168846130371,3.3805341720581055,1,1
3496,3.7817089557647705,3.4714088439941406,1,1
3497,3.7873270511627197,3.4085302352905273,1,1
3498,3.647820472717285,3.322484016418457,1,1
3499,3.6064958572387695,3.406466245651245,1,1
3500,3.75736665725708,3.395406723022461,1,1
3501,3.453749418258667,3.2092976570129395,1,1
3502,3.5974316596984863,3.3396811485290527,1,1
3503,3.4852406978607178,3.343684196472168,1,1
3504,3.2676796913146973,3.1953930854797363,0,0
3505,3.4652938842773438,3.1575474739074707,1,1
3506,3.0521116256713867,2.9444878101348877,0,0
3507,3.1727218627929688,3.180483818054199,0,0
3508,2.9405910968780518,2.90922212600708,0,0
3509,3.033317804336548,2.987849473953247,0,0
3510,3.118471145629883,3.018157958984375,0,0
3511,3.1488308906555176,3.048218011856079,0,0
3512,3.222310781478882,3.104494094848633,0,0
3513,3.1301779747009277,3.218822717666626,0,0
3514,3.3855373859405518,3.206230640411377,1,1
3515,3.3559281826019287,3.1566615104675293,1,1
3516,3.0537562370300293,2.8958637714385986,0,0
3517,3.336864709854126,3.1419830322265625,0,0
3518,3.4529781341552734,3.296416997909546,1,1
3519,3.5199155807495117,3.2243127822875977,1,1
3520,3.5755436420440674,3.2561588287353516,1,1
3521,3.5472168922424316,3.3040547370910645,1,1
3522,3.241338014602661,3.0878138542175293,0,0
3523,3.2550101280212402,3.0665526390075684,0,0
3524,3.2125771045684814,3.1792991161346436,0,0
3525,3.206301212310791,3.0699682235717773,0,0
3526,3.507619857788086,3.2584316730499268,1,1
3527,3.803175687789917,3.376173973083496,1,1
3528,3.147876501083374,3.2803359031677246,0,0
3529,3.763665199279785,3.5646448135375977,1,1
3530,3.4251887798309326,3.533402919769287,1,1
3531,3.6489059925079346,3.438370704650879,1,1
3532,3.6876676082611084,3.5602164268493652,1,1
3533,4.012876510620117,3.785907745361328,1,1
3534,3.52844500541687,3.474303722381592,1,1
3535,3.31181263923645,3.0441646575927734,0,0
3536,3.280992269515991,3.090888023376465,0,0
3537,3.2811038494110107,2.9771604537963867,0,0
3538,3.4601829051971436,3.1869168281555176,1,1
3539,3.408045768737793,3.3827037811279297,1,1
3540,3.113494634628296,3.0217599868774414,0,0
3541,3.4116225242614746,3.232760190963745,1,1
3542,3.7496423721313477,3.2213923931121826,1,1
3543,3.3282291889190674,3.03495454788208,0,0
3544,3.3139848709106445,2.737283706665039,0,0
3545,2.9998815059661865,2.8547284603118896,0,0
3546,3.4158620834350586,3.187560558319092,1,1
3547,3.6486053466796875,3.268845558166504,1,1
3548,3.6292498111724854,3.2388811111450195,1,1
3549,3.5230729579925537,3.221299648284912,1,1
3550,3.30255389213562,2.9214839935302734,0,0
3551,3.3035061359405518,3.0943381786346436,0,0
3552,4.374310493469238,3.399634838104248,1,1
3553,3.4821321964263916,3.2639048099517822,1,1
3554,2.8410561084747314,2.543153762817383,0,0
3555,2.8723316192626953,2.618048667907715,0,0
3556,2.5930140018463135,2.509481430053711,0,0
3557,3.161419630050659,2.643200635910034,0,0
3558,3.3663041591644287,2.984032392501831,0,0
3559,3.078672170639038,2.802398204803467,0,0
3560,3.1772189140319824,2.4823570251464844,0,0
3561,2.7519729137420654,2.3059325218200684,0,0
3562,3.593879461288452,3.103451728820801,1,1
3563,2.9619381427764893,2.7989304065704346,0,0
3564,3.0016629695892334,2.517986536026001,0,0
3565,2.85341739654541,2.580594301223755,0,0
3566,3.39469575881958,2.7887368202209473,1,1
3567,3.2842278480529785,2.7569351196289062,0,0
3568,3.3399903774261475,2.9737675189971924,0,0
3569,3.3033533096313477,3.048552989959717,0,0
3570,3.38224720954895,2.9514431953430176,1,1
3571,3.19216251373291,2.8841118812561035,0,0
3572,3.4082119464874268,3.1280553340911865,1,1
3573,3.4632961750030518,3.3352112770080566,1,1
3574,3.481949806213379,3.262051820755005,1,1
3575,3.2441658973693848,2.832834005355835,0,0
3576,3.370673894882202,3.2161834239959717,1,1
3577,3.523911714553833,3.1716248989105225,1,1
3578,3.2742176055908203,3.2992753982543945,0,0
3579,3.718609094619751,3.569944143295288,1,1
3580,3.633861541748047,3.3528904914855957,1,1
3581,3.0111961364746094,2.8796212673187256,0,0
3582,3.009720802307129,2.9595870971679688,0,0
3583,3.6190192699432373,3.2185683250427246,1,1
3584,2.919968605041504,2.7507736682891846,0,0
3585,3.2917776107788086,3.0206804275512695,0,0
3586,3.4484615325927734,3.195394992828369,1,1
3587,3.427384376525879,3.1655516624450684,1,1
3588,2.794764995574951,2.645524501800537,0,0
3589,2.842789649963379,2.6132700443267822,0,0
3590,3.1655471324920654,2.9035301208496094,0,0
3591,3.2079575061798096,3.048846960067749,0,0
3592,2.9934420585632324,2.7758703231811523,0,0
3593,3.151362419128418,2.786892890930176,0,0
3594,3.13146710395813,2.8267300128936768,0,0
3595,2.777775526046753,2.6446173191070557,0,0
3596,3.020400285720825,2.7213220596313477,0,0
3597,3.242673635482788,2.7552032470703125,0,0
3598,3.0480666160583496,2.727193593978882,0,0
3599,3.0208702087402344,2.7352375984191895,0,0
3600,3.218878984451294,2.931642770767212,0,0
3601,2.6271286010742188,2.67873477935791,0,0
3602,2.883636951446533,2.5313408374786377,0,0
3603,3.670100688934326,3.120244026184082,1,1
3604,2.748491048812866,2.5692315101623535,0,0
3605,3.13889479637146,2.962162971496582,0,0
3606,3.1653854846954346,2.94303035736084,0,0
3607,4.171268463134766,3.709632635116577,1,1
3608,3.9965460300445557,3.493809461593628,1,1
3609,3.5357704162597656,3.3212175369262695,1,1
3610,3.6908042430877686,3.295779228210449,1,1
3611,3.4718523025512695,3.265944242477417,1,1
3612,2.822902202606201,2.7231974601745605,0,0
3613,3.113056182861328,2.83577299118042,0,0
3614,3.616420269012451,3.351149082183838,1,1
3615,3.6785764694213867,3.445279836654663,1,1
3616,3.3028359413146973,3.2711563110351562,0,0
3617,3.2917909622192383,3.326735258102417,0,0
3618,3.038754940032959,2.8195486068725586,0,0
3619,3.199195384979248,3.121389865875244,0,0
3620,4.171359062194824,3.6547117233276367,1,1
3621,3.838904857635498,3.385653018951416,1,1
3622,3.487570285797119,3.4429502487182617,1,1
3623,2.910928964614868,2.7664031982421875,0,0
3624,2.8931965827941895,2.600132465362549,0,0
3625,2.9837276935577393,2.8763227462768555,0,0
3626,3.2604613304138184,3.023310899734497,0,0
3627,3.6144399642944336,3.2984931468963623,1,1
3628,3.7913615703582764,3.615652561187744,1,1
3629,3.3021812438964844,3.0320498943328857,0,0
3630,2.448179006576538,2.327322006225586,0,0
3631,3.542187452316284,3.489413261413574,1,1
3632,3.3019397258758545,3.096020221710205,0,0
3633,3.157320022583008,2.954944610595703,0,0
3634,3.1934854984283447,3.1618685722351074,0,0
3635,3.068171739578247,2.9877166748046875,0,0
3636,3.5125296115875244,3.336033344268799,1,1
3637,3.41920804977417,3.281007766723633,1,1
3638,3.774855613708496,3.3635499477386475,1,1
3639,3.3547191619873047,3.248230218887329,1,1
3640,3.6850435733795166,3.4147911071777344,1,1
3641,3.447571277618408,3.2641658782958984,1,1
3642,3.3151743412017822,3.233062505722046,1,1
3643,3.6188859939575195,3.333730936050415,1,1
3644,3.3368237018585205,3.2001919746398926,1,1
3645,3.653543710708618,3.229656219482422,1,1
3646,3.4371347427368164,3.26619815826416,1,1
3647,3.428152322769165,3.1409196853637695,1,1
3648,3.608440637588501,3.3427646160125732,1,1
3649,3.791567802429199,3.473332405090332,1,1
3650,4.02166223526001,3.55373477935791,1,1
3651,3.3944523334503174,3.1267619132995605,1,1
3652,3.3484244346618652,3.113084077835083,1,1
3653,3.2184269428253174,3.182987689971924,0,0
3654,3.782203435897827,3.4331374168395996,1,1
3655,3.372926950454712,3.2045106887817383,1,1
3656,3.4785354137420654,3.328645706176758,1,1
3657,3.377141237258911,3.2090282440185547,1,1
3658,3.463501453399658,3.408308982849121,1,1
3659,3.2187728881835938,2.938323974609375,0,0
3660,2.724191904067993,2.7159066200256348,0,0
3661,3.5314273834228516,3.346015453338623,1,1
3662,3.6482889652252197,3.2558958530426025,1,1
3663,3.259056329727173,2.958371639251709,0,0
3664,3.7830142974853516,3.2272989749908447,1,1
3665,3.7050836086273193,3.3483684062957764,1,1
3666,3.254936695098877,2.9678564071655273,0,0
3667,2.953902244567871,2.416440486907959,0,0
3668,3.4009902477264404,2.691044330596924,1,1
3669,3.474785327911377,2.8969554901123047,1,1
3670,3.7738120555877686,3.277068614959717,1,1
3671,3.502110242843628,3.1947181224823,1,1
3672,3.2697463035583496,3.0337040424346924,0,0
3673,3.242830276489258,3.0143203735351562,0,0
3674,3.6189169883728027,3.116579532623291,1,1
3675,3.329918146133423,3.0156726837158203,0,0
3676,3.306731939315796,3.085623264312744,0,0
3677,3.225818395614624,3.0490055084228516,0,0
3678,3.1056196689605713,2.967078685760498,0,0
3679,3.224585771560669,2.8438363075256348,0,0
3680,3.0878329277038574,2.9282784461975098,0,0
3681,3.3477790355682373,3.258208990097046,1,1
3682,3.575746774673462,3.3876705169677734,1,1
3683,3.473339080810547,3.260500431060791,1,1
3684,3.5651259422302246,3.209440231323242,1,1
3685,3.841869592666626,3.497570037841797,1,1
3686,3.2888925075531006,3.0207157135009766,0,0
3687,3.202470302581787,2.8069283962249756,0,0
3688,3.394829034805298,3.0085372924804688,1,1
3689,3.6529998779296875,3.1302123069763184,1,1
3690,3.3662219047546387,3.0540475845336914,1,1
3691,3.4370169639587402,3.246816873550415,1,1
3692,3.3997080326080322,3.089838981628418,1,1
3693,3.402048349380493,3.085183620452881,1,1
3694,3.375483274459839,3.2223849296569824,1,1
3695,3.535435914993286,3.20074462890625,1,1
3696,3.166815757751465,2.828307867050171,0,0
3697,3.331982135772705,3.061551570892334,0,0
3698,2.7839767932891846,2.7041943073272705,0,0
3699,2.9160168170928955,2.7946372032165527,0,0
3700,3.39643931388855,3.1234025955200195,1,1
3701,3.5588479042053223,3.2086315155029297,1,1
3702,3.218064785003662,3.008167266845703,0,0
3703,3.522714614868164,3.26292085647583,1,1
3704,3.6377103328704834,3.5317323207855225,1,1
3705,3.707338571548462,3.453749179840088,1,1
3706,3.4554879665374756,3.2821292877197266,1,1
3707,3.658085584640503,3.264155387878418,1,1
3708,3.5605645179748535,3.314703941345215,1,1
3709,3.449018716812134,3.321364402770996,1,1
3710,3.534891128540039,3.2621073722839355,1,1
3711,3.6397693157196045,3.2982406616210938,1,1
3712,3.6840972900390625,3.338374376296997,1,1
3713,3.3815512657165527,3.00435209274292,1,1
3714,3.416491985321045,3.1991701126098633,1,1
3715,3.5072243213653564,3.2543742656707764,1,1
3716,3.6355297565460205,3.2105233669281006,1,1
3717,3.3733086585998535,3.075417995452881,0,0
3718,3.4055159091949463,3.2536556720733643,1,1
3719,3.0157053470611572,2.8238649368286133,0,0
3720,3.1909737586975098,2.92299485206604,0,0
3721,3.5273375511169434,3.210707902908325,1,1
3722,2.6950151920318604,2.692345142364502,0,0
3723,3.2869646549224854,3.329590082168579,0,0
3724,3.20261549949646,3.212139844894409,0,0
3725,3.217695713043213,3.0010526180267334,0,0
3726,3.170712947845459,3.0636823177337646,0,0
3727,3.314492702484131,3.0589985847473145,0,0
3728,3.011009454727173,3.002781867980957,0,0
3729,3.3646950721740723,3.187788248062134,0,0
3730,3.207705497741699,3.062042713165283,0,0
3731,3.1697778701782227,3.0423436164855957,0,0
3732,3.4350168704986572,3.246723175048828,1,1
3733,3.4126317501068115,3.158583641052246,1,1
3734,3.509124517440796,3.3548779487609863,1,1
3735,3.2763402462005615,3.1677560806274414,0,0
3736,2.491304636001587,2.400480031967163,0,0
3737,3.397571563720703,3.2892396450042725,1,1
3738,3.2049336433410645,3.2333333492279053,0,0
3739,3.3251235485076904,2.741039514541626,0,0
3740,3.397064685821533,2.765306234359741,1,1
3741,3.31508207321167,2.9204301834106445,0,0
3742,3.2669928073883057,3.1897008419036865,0,0
3743,3.571242332458496,3.1972336769104004,1,1
3744,3.6113383769989014,3.329683780670166,1,1
3745,4.072146415710449,2.8808059692382812,1,1
3746,4.2276177406311035,3.1095380783081055,1,1
3747,3.1798646450042725,3.26163911819458,0,0
3748,3.548129081726074,3.4193809032440186,1,1
3749,3.1928799152374268,3.121161460876465,0,0
3750,3.5250556468963623,3.234954357147217,1,1
3751,3.3887197971343994,3.0895767211914062,1,1
3752,3.1306278705596924,2.924999475479126,0,0
3753,3.155855894088745,2.8866939544677734,0,0
3754,3.328768253326416,3.191377639770508,0,0
3755,3.0858023166656494,2.919826030731201,0,0
3756,3.598176956176758,3.3720688819885254,1,1
3757,3.483438491821289,3.1362271308898926,1,1
3758,3.6523852348327637,3.109501361846924,1,1
3759,3.0109329223632812,2.7333078384399414,0,0
3760,3.7267560958862305,3.2625527381896973,1,1
3761,3.4152016639709473,3.390214443206787,1,1
3762,3.5530807971954346,3.321739435195923,1,1
3763,2.929762601852417,2.8455779552459717,0,0
3764,3.4524381160736084,3.0751419067382812,1,1
3765,3.1997952461242676,3.047013521194458,0,0
3766,3.915361166000366,3.121168613433838,1,1
3767,3.5271458625793457,2.9397544860839844,1,1
3768,3.160308599472046,2.7111425399780273,0,0
3769,3.4500539302825928,2.856252431869507,1,1
3770,3.0126094818115234,2.8639976978302,0,0
3771,3.2644433975219727,2.925827980041504,0,0
3772,3.345193862915039,3.106624126434326,0,0
3773,3.353404998779297,3.2523505687713623,0,0
3774,3.737013101577759,3.4456191062927246,1,1
3775,3.3789706230163574,3.2788944244384766,1,1
3776,3.595693588256836,3.2663655281066895,1,1
3777,3.775705099105835,3.6049561500549316,1,1
3778,2.9468908309936523,2.881413698196411,0,0
3779,3.5381920337677,3.3332905769348145,1,1
3780,3.391049861907959,3.0437583923339844,1,1
3781,3.413053035736084,2.950079917907715,1,1
3782,3.2178492546081543,2.9639892578125,0,0
3783,3.555316686630249,3.0877368450164795,1,1
3784,3.320777177810669,3.145799160003662,0,0
3785,3.572517156600952,3.068725109100342,1,1
3786,3.6055715084075928,3.1841650009155273,1,1
3787,3.499526262283325,3.118912696838379,1,1
3788,3.617943286895752,3.2586755752563477,1,1
3789,3.7567152976989746,3.2611570358276367,1,1
3790,3.6031525135040283,3.250000238418579,1,1
3791,3.1461710929870605,3.039982795715332,0,0
3792,3.628075122833252,3.233397960662842,1,1
3793,3.1011154651641846,2.9828758239746094,0,0
3794,2.9533894062042236,2.6757779121398926,0,0
3795,2.7463412284851074,2.8145151138305664,0,0
3796,3.3616273403167725,3.2217788696289062,0,0
3797,3.4525539875030518,3.226976156234741,1,1
3798,3.153292417526245,3.311337947845459,0,0
3799,3.37850284576416,3.2936038970947266,0,0
3800,3.508931875228882,3.3896825313568115,1,1
3801,3.408445358276367,3.3212287425994873,1,1
3802,3.1990909576416016,3.137685775756836,0,0
3803,3.372001886367798,3.1794896125793457,0,0
3804,3.296666383743286,3.2514231204986572,0,0
3805,3.727532386779785,3.543839454650879,1,1
3806,3.375066041946411,3.3407511711120605,0,0
3807,3.391444444656372,3.225189685821533,0,0
3808,3.2949273586273193,3.14898943901062,0,0
3809,3.0747530460357666,3.2012577056884766,0,0
3810,3.1032047271728516,3.226053476333618,0,0
3811,3.5685455799102783,3.2483301162719727,1,1
3812,3.110884428024292,3.073045492172241,0,0
3813,2.845775604248047,2.9652018547058105,0,0
3814,3.211928129196167,3.1864421367645264,0,0
3815,3.2861084938049316,3.4194083213806152,0,0
3816,3.5673210620880127,3.3706624507904053,1,1
3817,3.336566209793091,3.216480255126953,0,0
3818,3.57859468460083,3.292591094970703,1,1
3819,3.135378837585449,3.073922634124756,0,0
3820,3.438159227371216,3.207718849182129,1,1
3821,3.3840410709381104,3.036741018295288,0,0
3822,3.467416763305664,3.1211342811584473,1,1
3823,3.7079169750213623,3.4066109657287598,1,1
3824,2.9691786766052246,2.7548093795776367,0,0
3825,3.1418261528015137,3.184748411178589,0,0
3826,2.8996338844299316,2.8773066997528076,0,0
3827,3.5042965412139893,3.2403035163879395,1,1
3828,3.1826059818267822,3.1219072341918945,0,0
3829,3.2935950756073,3.245288372039795,0,0
3830,3.1628024578094482,3.0735530853271484,0,0
3831,3.483814239501953,3.283299446105957,1,1
3832,2.7419235706329346,2.6465718746185303,0,0
3833,3.006624937057495,2.744081974029541,0,0
3834,3.666308879852295,3.3209195137023926,1,1
3835,3.6098475456237793,3.4321045875549316,1,1
3836,3.2701456546783447,3.067599296569824,0,0
3837,3.252387762069702,3.143307685852051,0,0
3838,2.751340389251709,2.7577176094055176,0,0
3839,3.5525882244110107,3.2253613471984863,1,1
3840,3.904616117477417,3.56240177154541,1,1
3841,3.3223142623901367,3.1074743270874023,0,0
3842,3.307809591293335,3.0300135612487793,0,0
3843,3.1031103134155273,2.8790907859802246,0,0
3844,3.182671308517456,2.9864916801452637,0,0
3845,3.1392600536346436,2.9928269386291504,0,0
3846,3.4735398292541504,2.855025053024292,1,1
3847,3.0469696521759033,2.782214403152466,0,0
3848,3.3420307636260986,3.0564682483673096,0,0
3849,3.389354705810547,2.9892802238464355,1,1
3850,2.983991861343384,2.6862380504608154,0,0
3851,3.3167927265167236,2.8720884323120117,0,0
3852,3.2203056812286377,2.9467103481292725,0,0
3853,3.3329358100891113,3.0522449016571045,0,0
3854,3.3237156867980957,3.0409178733825684,0,0
3855,3.2531046867370605,3.087031841278076,0,0
3856,3.3445420265197754,3.029810667037964,0,0
3857,3.8475632667541504,3.3511180877685547,1,1
3858,3.6343486309051514,3.1671299934387207,1,1
3859,3.3909120559692383,3.183720111846924,1,1
3860,3.5683791637420654,3.220512866973877,1,1
3861,3.7300922870635986,3.3892860412597656,1,1
3862,3.405919313430786,3.0891427993774414,1,1
3863,3.2679004669189453,3.137643337249756,0,0
3864,3.1914732456207275,3.130295753479004,0,0
3865,3.219101905822754,3.2433066368103027,0,0
3866,3.488795518875122,3.273317813873291,1,1
3867,3.4153356552124023,3.3200197219848633,1,1
3868,3.7144198417663574,3.4971742630004883,1,1
3869,3.5154407024383545,3.6582703590393066,1,1
3870,3.880504846572876,3.608743190765381,1,1
3871,3.577509880065918,3.3271732330322266,1,1
3872,3.234579563140869,3.0987563133239746,0,0
3873,3.4780631065368652,3.1641950607299805,1,1
3874,3.4800338745117188,3.4262638092041016,1,1
3875,3.7766268253326416,3.590597629547119,1,1
3876,3.8515377044677734,3.62392520904541,1,1
3877,3.571122646331787,3.282486915588379,1,1
3878,3.694957971572876,3.300090789794922,1,1
3879,3.4721407890319824,3.170689344406128,1,1
3880,3.4372410774230957,3.1807894706726074,1,1
3881,3.61543869972229,3.2310338020324707,1,1
3882,3.767482280731201,3.487015724182129,1,1
3883,3.626391649246216,3.186891555786133,1,1
3884,3.2554664611816406,3.203911304473877,0,0
3885,3.2576677799224854,3.1894593238830566,0,0
3886,2.973299026489258,2.7579636573791504,0,0
3887,3.3692808151245117,3.101627826690674,0,0
3888,3.308697462081909,2.9596810340881348,0,0
3889,3.497629165649414,3.072500467300415,1,1
3890,3.3163912296295166,2.8332674503326416,0,0
3891,3.471632242202759,3.1134085655212402,1,1
3892,3.3371737003326416,3.1339550018310547,0,0
3893,3.160061836242676,3.1274309158325195,0,0
3894,3.4256508350372314,3.0683231353759766,1,1
3895,3.7871384620666504,3.4502811431884766,1,1
3896,3.8715016841888428,3.6808390617370605,1,1
3897,3.6514065265655518,3.4145939350128174,1,1
3898,3.1392693519592285,3.095489263534546,0,0
3899,3.537360429763794,3.262816905975342,1,1
3900,3.497469902038574,3.2294602394104004,1,1
3901,3.6573984622955322,3.396371841430664,1,1
3902,3.3838517665863037,3.1649508476257324,0,0
3903,3.2435660362243652,3.1095380783081055,0,0
3904,3.493773937225342,3.1834828853607178,1,1
3905,3.262502670288086,2.9119150638580322,0,0
3906,3.7911534309387207,3.2462992668151855,1,1
3907,3.5912435054779053,3.101729393005371,1,1
3908,3.8065011501312256,3.366288661956787,1,1
3909,3.921191930770874,3.5150980949401855,1,1
3910,3.7031707763671875,3.4818544387817383,1,1
3911,3.6890838146209717,3.528017997741699,1,1
3912,3.9121081829071045,3.6442811489105225,1,1
3913,3.732337236404419,3.638523578643799,1,1
3914,3.681835889816284,3.51833176612854,1,1
3915,3.653393268585205,3.4376916885375977,1,1
3916,3.4719583988189697,3.599592447280884,1,1
3917,3.7040536403656006,3.581055164337158,1,1
3918,3.3968374729156494,3.384392738342285,1,1
3919,3.6014046669006348,3.2945163249969482,1,1
3920,2.8565993309020996,2.7963085174560547,0,0
3921,3.5068531036376953,3.3398008346557617,1,1
3922,3.399473190307617,3.418872117996216,1,1
3923,3.4863219261169434,3.391914129257202,1,1
3924,3.3686695098876953,3.4270687103271484,0,0
3925,3.2949419021606445,3.1610116958618164,0,0
3926,3.0910303592681885,2.8791661262512207,0,0
3927,3.2248129844665527,3.058154821395874,0,0
3928,3.378472328186035,3.2574522495269775,0,0
3929,3.4060890674591064,3.3069581985473633,1,1
3930,3.8881521224975586,3.7192981243133545,1,1
3931,3.7320919036865234,3.62255597114563,1,1
3932,3.377446174621582,3.1823477745056152,0,0
3933,3.6621646881103516,3.4135587215423584,1,1
3934,3.5976181030273438,3.251094341278076,1,1
3935,3.5583014488220215,3.249932289123535,1,1
3936,3.3526017665863037,3.1067605018615723,0,0
3937,3.4728329181671143,3.222459554672241,1,1
3938,3.6042587757110596,3.323345422744751,1,1
3939,3.343686103820801,3.135855197906494,0,0
3940,3.0782251358032227,3.00799560546875,0,0
3941,3.546940565109253,3.225191593170166,1,1
3942,3.4446263313293457,3.308619260787964,1,1
3943,2.941284656524658,2.7149829864501953,0,0
3944,3.335853338241577,3.088834285736084,0,0
3945,3.6228888034820557,3.0693936347961426,1,1
3946,3.490896224975586,3.1922521591186523,1,1
3947,3.8179852962493896,3.1889724731445312,1,1
3948,3.5639116764068604,3.0855910778045654,1,1
3949,3.600249767303467,3.190213203430176,1,1
3950,3.4300105571746826,3.0575814247131348,1,1
3951,3.103339672088623,2.872060775756836,0,0
3952,3.560371160507202,3.324681043624878,1,1
3953,3.4841394424438477,3.1923632621765137,1,1
3954,3.6953418254852295,3.2660584449768066,1,1
3955,3.4759888648986816,3.0610713958740234,1,1
3956,3.5134851932525635,3.2604427337646484,1,1
3957,3.484673261642456,3.2911505699157715,1,1
3958,3.808739423751831,3.3992960453033447,1,1
3959,3.6027398109436035,3.209697723388672,1,1
3960,3.3731486797332764,3.0995564460754395,0,0
3961,3.4883267879486084,3.224430561065674,1,1
3962,3.502115488052368,3.114863395690918,1,1
3963,3.134556770324707,2.8340811729431152,0,0
3964,3.3647119998931885,3.0101609230041504,0,0
3965,3.4583160877227783,3.1836934089660645,1,1
3966,2.84184193611145,2.6710798740386963,0,0
3967,2.780608654022217,2.4352211952209473,0,0
3968,3.0846054553985596,2.9164879322052,0,0
3969,3.4391748905181885,3.1743340492248535,1,1
3970,3.3442888259887695,2.7344534397125244,0,0
3971,3.3265631198883057,2.676229953765869,0,0
3972,3.0631375312805176,2.818118095397949,0,0
3973,3.2059707641601562,2.74519681930542,0,0
3974,3.3222901821136475,2.8742618560791016,0,0
3975,3.2438950538635254,2.7922182083129883,0,0
3976,3.5199971199035645,2.8992795944213867,1,1
3977,3.0908796787261963,2.592048168182373,0,0
3978,2.895747184753418,2.4606027603149414,0,0
3979,3.0223233699798584,2.5152034759521484,0,0
3980,2.8277924060821533,2.6433558464050293,0,0
3981,3.1242380142211914,2.6351964473724365,0,0
3982,3.3015828132629395,2.973970890045166,0,0
3983,3.5072264671325684,3.0807275772094727,1,1
3984,2.780747890472412,2.698953151702881,0,0
3985,3.658327102661133,3.2663679122924805,1,1
3986,2.287792682647705,2.198580265045166,0,0
3987,3.628366708755493,3.149374008178711,1,1
3988,2.7113094329833984,2.4814562797546387,0,0
3989,3.5168039798736572,3.0755043029785156,1,1
3990,3.2109079360961914,3.058126449584961,0,0
3991,3.5758676528930664,3.2409117221832275,1,1
3992,3.0249431133270264,2.997445583343506,0,0
3993,3.2186081409454346,2.878070116043091,0,0
3994,3.2798008918762207,2.8845276832580566,0,0
3995,3.2502188682556152,2.9876527786254883,0,0
3996,3.6030664443969727,3.096290111541748,1,1
3997,3.4577367305755615,3.110576629638672,1,1
3998,3.4274473190307617,3.0375616550445557,1,1
3999,3.2886340618133545,3.050771474838257,0,0
4000,3.4609391689300537,3.046461820602417,1,1
4001,3.3716955184936523,2.8799030780792236,0,0
4002,3.3987033367156982,3.314648151397705,1,1
4003,4.010315418243408,3.5750038623809814,1,1
4004,4.249210357666016,3.698455810546875,1,1
4005,3.58853816986084,3.3078863620758057,1,1
4006,3.357726573944092,3.115065574645996,0,0
4007,3.4448204040527344,3.2294178009033203,1,1
4008,3.7577598094940186,3.502650737762451,1,1
4009,3.732164144515991,3.4133565425872803,1,1
4010,2.9888193607330322,2.8373758792877197,0,0
4011,3.6142780780792236,3.3386826515197754,1,1
4012,3.5311248302459717,3.3410377502441406,1,1
4013,3.7152140140533447,3.379587411880493,1,1
4014,3.9794318675994873,3.55336856842041,1,1
4015,4.231296539306641,3.7813282012939453,1,1
4016,3.4286324977874756,3.0236330032348633,0,0
4017,3.099635362625122,2.962808609008789,0,0
4018,3.16328501701355,2.997150421142578,0,0
4019,3.078740358352661,2.7484259605407715,0,0
4020,3.1308906078338623,2.9232261180877686,0,0
4021,3.1430554389953613,3.0069260597229004,0,0
4022,3.2687175273895264,2.8887088298797607,0,0
4023,2.969899892807007,2.7496373653411865,0,0
4024,2.688825845718384,2.6306865215301514,0,0
4025,3.2291855812072754,3.09078049659729,0,0
4026,3.1151695251464844,2.7366716861724854,0,0
4027,3.235353708267212,3.0235352516174316,0,0
4028,3.3389971256256104,2.992292881011963,0,0
4029,3.5564613342285156,3.248106002807617,1,1
4030,3.585942029953003,3.209078311920166,1,1
4031,3.5727527141571045,3.281465530395508,1,1
4032,3.3341550827026367,3.058034896850586,0,0
4033,3.273144006729126,3.171818256378174,0,0
4034,3.4245095252990723,3.251798629760742,0,0
4035,3.2839040756225586,2.9607656002044678,0,0
4036,3.3248751163482666,3.1131436824798584,0,0
4037,3.3058245182037354,3.140866279602051,0,0
4038,2.7150726318359375,2.574317455291748,0,0
4039,2.6326239109039307,2.670400619506836,0,0
4040,2.9902193546295166,2.7631494998931885,0,0
4041,2.9345808029174805,2.6210532188415527,0,0
4042,2.8210394382476807,2.636666774749756,0,0
4043,3.0753893852233887,2.6857285499572754,0,0
4044,3.5002493858337402,3.1118297576904297,1,1
4045,3.3761422634124756,3.15742826461792,0,0
4046,3.467426300048828,3.2235708236694336,1,1
4047,3.237734317779541,3.0981040000915527,0,0
4048,3.383000135421753,3.013009548187256,0,0
4049,3.2600085735321045,3.1000561714172363,0,0
4050,3.164806604385376,3.1706371307373047,0,0
4051,3.3001530170440674,3.057312488555908,0,0
4052,3.455005168914795,3.1877036094665527,1,1
4053,3.022613048553467,2.936121940612793,0,0
4054,3.18951153755188,2.987412929534912,0,0
4055,3.4085140228271484,3.181776285171509,0,0
4056,3.220574378967285,2.874340534210205,0,0
4057,3.361588954925537,3.27500057220459,0,0
4058,3.0277092456817627,2.8294482231140137,0,0
4059,3.1135737895965576,2.931187629699707,0,0
4060,3.386183023452759,3.0365893840789795,0,0
4061,3.1211771965026855,2.8560409545898438,0,0
4062,2.981639862060547,2.874342918395996,0,0
4063,3.1373519897460938,2.7770605087280273,0,0
4064,3.3418171405792236,3.031409978866577,0,0
4065,3.538142204284668,3.370919942855835,1,1
4066,3.461981773376465,3.3972079753875732,1,1
4067,3.1991255283355713,3.064126491546631,0,0
4068,3.1358227729797363,3.0061135292053223,0,0
4069,3.432626724243164,3.197242498397827,1,1
4070,3.0898802280426025,3.135936975479126,0,0
4071,3.3663649559020996,3.1927762031555176,0,0
4072,3.2877156734466553,3.2065188884735107,0,0
4073,3.487133026123047,3.162951946258545,1,1
4074,3.82417631149292,3.341022491455078,1,1
4075,3.39933705329895,3.2304446697235107,1,1
4076,3.3541955947875977,3.1903724670410156,0,0
4077,3.4415283203125,3.25022292137146,1,1
4078,3.186142683029175,3.0837342739105225,0,0
4079,2.9741427898406982,2.936398983001709,0,0
4080,3.357866048812866,3.1953392028808594,0,0
4081,3.0816128253936768,3.0306968688964844,0,0
4082,3.15246319770813,3.0025315284729004,0,0
4083,3.4422428607940674,3.1883058547973633,1,1
4084,3.3341896533966064,3.1610889434814453,0,0
4085,3.4136765003204346,3.248192071914673,1,1
4086,3.6573116779327393,3.353588581085205,1,1
4087,3.2054121494293213,3.3168303966522217,0,0
4088,2.8992271423339844,2.787966728210449,0,0
4089,2.9927549362182617,2.7849528789520264,0,0
4090,2.792686939239502,2.92118501663208,0,0
4091,3.3996381759643555,3.395414352416992,1,1
4092,3.3027663230895996,3.209134578704834,0,0
4093,3.4295761585235596,3.35768985748291,1,1
4094,3.628074884414673,3.3940696716308594,1,1
4095,3.6171958446502686,3.419262409210205,1,1
4096,3.596055746078491,3.534484624862671,1,1
4097,3.6886417865753174,3.510678291320801,1,1
4098,3.3495423793792725,3.2865335941314697,0,0
4099,2.8844215869903564,2.8195033073425293,0,0
4100,3.0263102054595947,3.0162782669067383,0,0
4101,3.2539114952087402,3.159510612487793,0,0
4102,3.1280314922332764,3.0521316528320312,0,0
4103,3.511842966079712,3.130929708480835,1,1
4104,3.567307233810425,3.3161873817443848,1,1
4105,3.5052075386047363,3.318716049194336,1,1
4106,3.0832769870758057,2.9911227226257324,0,0
4107,3.1507794857025146,2.9380946159362793,0,0
4108,3.779940366744995,3.3050241470336914,1,1
4109,4.036545753479004,3.4777584075927734,1,1
4110,3.693079710006714,3.307870626449585,1,1
4111,3.345137357711792,3.045412540435791,0,0
4112,2.813789129257202,2.603789806365967,0,0
4113,3.72021222114563,3.2211620807647705,1,1
4114,3.5930497646331787,3.2384607791900635,1,1
4115,3.0179736614227295,2.875326156616211,0,0
4116,3.4001660346984863,3.037980794906616,1,1
4117,2.6725361347198486,2.654775619506836,0,0
4118,3.2887649536132812,2.9282398223876953,0,0
4119,3.2390575408935547,3.088421106338501,0,0
4120,3.4413154125213623,3.314997673034668,1,1
4121,3.36435866355896,3.3195810317993164,1,1
4122,3.7185893058776855,3.5470175743103027,1,1
4123,3.6113317012786865,3.2634787559509277,1,1
4124,3.705385684967041,3.3541183471679688,1,1
4125,2.9280054569244385,2.791944980621338,0,0
4126,3.34432053565979,3.0291013717651367,0,0
4127,3.2505033016204834,3.170069456100464,0,0
4128,3.3324484825134277,3.0214157104492188,0,0
4129,3.7911550998687744,3.50581955909729,1,1
4130,3.2925214767456055,3.2552993297576904,0,0
4131,2.960660219192505,2.6179933547973633,0,0
4132,3.070235252380371,2.72694993019104,0,0
4133,3.3537096977233887,3.1337246894836426,1,1
4134,3.1446733474731445,2.814199924468994,0,0
4135,2.9994375705718994,2.934329032897949,0,0
4136,3.4961090087890625,3.0352859497070312,1,1
4137,3.1310715675354004,2.7711639404296875,0,0
4138,3.125408887863159,2.776261329650879,0,0
4139,3.307610034942627,2.847978115081787,0,0
4140,3.0971813201904297,2.8023874759674072,0,0
4141,3.74246883392334,3.3565917015075684,1,1
4142,3.1634089946746826,2.9873411655426025,0,0
4143,3.556783676147461,3.315567970275879,1,1
4144,3.4235494136810303,3.014307975769043,1,1
4145,3.1444787979125977,2.934859275817871,0,0
4146,3.275906801223755,2.9705755710601807,0,0
4147,3.3559069633483887,3.162879705429077,1,1
4148,3.455932855606079,3.0082948207855225,1,1
4149,3.23409366607666,2.877507209777832,0,0
4150,3.431887149810791,3.0570883750915527,1,1
4151,3.321066379547119,2.988938808441162,0,0
4152,3.4102890491485596,3.187298059463501,1,1
4153,3.425821304321289,3.187136650085449,1,1
4154,3.244680404663086,3.1682071685791016,0,0
4155,3.107985496520996,2.8730216026306152,0,0
4156,2.942150115966797,2.6554343700408936,0,0
4157,2.702946186065674,2.363130569458008,0,0
4158,3.0849103927612305,2.8299784660339355,0,0
4159,3.189758062362671,2.8375048637390137,0,0
4160,3.1781198978424072,2.8283743858337402,0,0
4161,2.925551176071167,2.890894889831543,0,0
4162,3.414998769760132,3.1665399074554443,1,1
4163,2.6314291954040527,2.581122875213623,0,0
4164,3.450090169906616,3.054152011871338,1,1
4165,3.6267337799072266,3.2971816062927246,1,1
4166,3.6677486896514893,3.3991739749908447,1,1
4167,3.3205769062042236,3.0446228981018066,1,1
4168,3.087146282196045,3.110600709915161,0,0
4169,3.2144248485565186,3.0175485610961914,0,0
4170,3.0894062519073486,3.1139538288116455,0,0
4171,3.2154324054718018,3.104668140411377,0,0
4172,3.1313087940216064,2.9010257720947266,0,0
4173,3.477705240249634,3.1820101737976074,1,1
4174,3.348858118057251,3.0860280990600586,1,1
4175,3.1310718059539795,2.904819965362549,0,0
4176,3.251690626144409,3.1982898712158203,0,0
4177,3.4359450340270996,3.0448832511901855,1,1
4178,3.8567817211151123,3.3381006717681885,1,1
4179,3.505986213684082,3.2854835987091064,1,1
4180,3.4728288650512695,3.2839434146881104,1,1
4181,3.7095179557800293,3.370382308959961,1,1
4182,3.791736125946045,3.1792519092559814,1,1
4183,3.3021645545959473,3.158045530319214,0,0
4184,4.0625386238098145,3.491562843322754,1,1
4185,3.5742228031158447,3.394448757171631,1,1
4186,3.9542415142059326,3.682866096496582,1,1
4187,3.3033368587493896,3.266047954559326,0,0
4188,3.2884254455566406,3.068680763244629,0,0
4189,3.4233734607696533,3.0437331199645996,1,1
4190,3.531449317932129,3.16379976272583,1,1
4191,3.382054328918457,3.1752774715423584,1,1
4192,3.3406054973602295,3.166327953338623,1,1
4193,3.286172866821289,3.1441757678985596,0,0
4194,3.4179348945617676,3.362788200378418,1,1
4195,3.1455752849578857,3.142509937286377,0,0
4196,2.9997706413269043,3.103135585784912,0,0
4197,3.456242561340332,3.4482879638671875,1,1
4198,3.5704970359802246,3.6393895149230957,1,1
4199,3.877499580383301,3.679079532623291,1,1
4200,3.9395673274993896,3.5460150241851807,1,1
4201,3.4030020236968994,3.2559452056884766,1,1
4202,3.3043975830078125,3.2764992713928223,0,0
4203,3.3262691497802734,3.27370548248291,0,0
4204,3.21296763420105,3.4188690185546875,0,0
4205,3.754167318344116,3.6056783199310303,1,1
4206,3.2756149768829346,3.1648142337799072,0,0
4207,3.442617893218994,3.285066604614258,1,1
4208,3.341447114944458,3.0406322479248047,1,1
4209,2.979654312133789,2.7895138263702393,0,0
4210,3.517641305923462,3.116763114929199,1,1
4211,3.0026695728302,2.7403740882873535,0,0
4212,3.017436981201172,2.9491806030273438,0,0
4213,2.819380044937134,2.7406256198883057,0,0
4214,3.7535159587860107,3.3581900596618652,1,1
4215,4.129354000091553,3.6830875873565674,1,1
4216,3.9119131565093994,3.537515640258789,1,1
4217,3.409925699234009,3.2501413822174072,1,1
4218,3.075925588607788,3.033602237701416,0,0
4219,3.3854820728302,3.163491725921631,1,1
4220,3.418255567550659,3.197824478149414,1,1
4221,3.3469297885894775,3.3752694129943848,1,1
4222,3.409425735473633,3.2815606594085693,1,1
4223,3.690751791000366,3.466557025909424,1,1
4224,3.7190089225769043,3.4596221446990967,1,1
4225,3.247192859649658,2.998622417449951,0,0
4226,3.1960642337799072,2.895827531814575,0,0
4227,3.2938902378082275,3.020883083343506,0,0
4228,3.299600601196289,3.0903730392456055,0,0
4229,3.3898308277130127,3.089958906173706,1,1
4230,3.7117228507995605,3.3343772888183594,1,1
4231,3.6712019443511963,3.2515106201171875,1,1
4232,3.324537515640259,2.9652156829833984,0,0
4233,3.351457118988037,3.087193727493286,1,1
4234,3.3368680477142334,3.125472068786621,0,0
4235,3.3743972778320312,3.2163867950439453,1,1
4236,3.52651047706604,3.025123119354248,1,1
4237,3.5569064617156982,3.1838297843933105,1,1
4238,3.106332778930664,2.8767623901367188,0,0
4239,3.047028064727783,2.7657458782196045,0,0
4240,3.3466033935546875,3.144756317138672,1,1
4241,3.3994333744049072,3.137977361679077,1,1
4242,3.8966970443725586,3.477390766143799,1,1
4243,3.4918100833892822,2.974362850189209,1,1
4244,3.401237726211548,3.2281525135040283,1,1
4245,3.459045648574829,3.3244805335998535,1,1
4246,3.4731616973876953,2.987273693084717,1,1
4247,3.544987201690674,2.9584906101226807,1,1
4248,3.30983304977417,2.901416063308716,0,0
4249,3.343442678451538,2.9814300537109375,0,0
4250,3.275362014770508,3.060462474822998,0,0
4251,3.4607901573181152,3.148408889770508,1,1
4252,3.3433611392974854,3.0447187423706055,0,0
4253,3.360224485397339,2.9465909004211426,1,1
4254,3.5749151706695557,3.146223783493042,1,1
4255,3.2018649578094482,2.8372104167938232,0,0
4256,3.4207353591918945,3.2072224617004395,1,1
4257,3.228532314300537,2.861713171005249,0,0
4258,2.822721004486084,2.7652182579040527,0,0
4259,3.268545627593994,2.8989436626434326,0,0
4260,3.3885626792907715,3.1427836418151855,1,1
4261,3.7059524059295654,3.4314217567443848,1,1
4262,3.4088406562805176,3.1458582878112793,1,1
4263,3.532566785812378,3.041471481323242,1,1
4264,3.458695888519287,3.1408348083496094,1,1
4265,3.5553698539733887,3.4221951961517334,1,1
4266,3.3717334270477295,3.2738196849823,1,1
4267,3.210982322692871,2.983426809310913,0,0
4268,3.2495343685150146,3.1661224365234375,0,0
4269,3.363637685775757,3.161985158920288,1,1
4270,3.2933688163757324,3.263707160949707,0,0
4271,3.405182123184204,3.1455607414245605,1,1
4272,3.324671983718872,2.971975564956665,0,0
4273,2.921853542327881,2.8382763862609863,0,0
4274,3.6407670974731445,3.357710599899292,1,1
4275,3.2565324306488037,3.1809473037719727,0,0
4276,2.7227089405059814,2.819308280944824,0,0
4277,2.9975693225860596,2.7501325607299805,0,0
4278,3.929730176925659,3.473006248474121,1,1
4279,3.2365541458129883,3.077935218811035,0,0
4280,3.7196028232574463,3.14789080619812,1,1
4281,2.2437896728515625,2.2893476486206055,0,0
4282,3.459562301635742,3.222651720046997,1,1
4283,3.746673107147217,3.481156349182129,1,1
4284,3.9681906700134277,3.3738794326782227,1,1
4285,3.6631155014038086,3.2064120769500732,1,1
4286,3.4472126960754395,3.1791164875030518,1,1
4287,3.291520118713379,3.0927541255950928,0,0
4288,3.5382745265960693,3.203495502471924,1,1
4289,3.4345107078552246,3.093296527862549,1,1
4290,3.2099976539611816,3.090486764907837,0,0
4291,3.3898212909698486,3.2927727699279785,1,1
4292,3.3388864994049072,3.218970775604248,0,0
4293,2.9666788578033447,3.1028451919555664,0,0
4294,3.589571952819824,3.2613115310668945,1,1
4295,3.3803303241729736,3.0859479904174805,1,1
4296,3.661573886871338,3.5120935440063477,1,1
4297,3.554384708404541,3.325812578201294,1,1
4298,3.1363823413848877,3.0918807983398438,0,0
4299,1.8610094785690308,1.8664261102676392,0,0
4300,3.3510966300964355,3.226874828338623,0,0
4301,3.5577683448791504,3.4850218296051025,1,1
4302,3.6545822620391846,3.49560546875,1,1
4303,3.5938405990600586,3.478411912918091,1,1
4304,3.7008602619171143,3.6919026374816895,1,1
4305,3.3114235401153564,3.40330171585083,0,0
4306,3.1249754428863525,2.9617743492126465,0,0
4307,3.1238467693328857,2.9074559211730957,0,0
4308,3.4694111347198486,3.031763792037964,1,1
4309,3.397603988647461,2.902893543243408,1,1
4310,3.3406472206115723,3.0596654415130615,0,0
4311,3.471665382385254,3.0817513465881348,1,1
4312,3.521296977996826,3.1546895503997803,1,1
4313,3.7537198066711426,3.1042282581329346,1,1
4314,3.448308229446411,3.065999984741211,1,1
4315,3.460156202316284,3.0631003379821777,1,1
4316,3.520207643508911,3.298114538192749,1,1
4317,3.1283679008483887,2.981447458267212,0,0
4318,3.2699756622314453,3.015302896499634,0,0
4319,3.3942153453826904,3.0234463214874268,1,1
4320,3.4846079349517822,3.2135660648345947,1,1
4321,3.569972038269043,3.1457509994506836,1,1
4322,3.16886830329895,2.8566575050354004,0,0
4323,3.464262008666992,3.183971643447876,1,1
4324,3.298541784286499,2.962956428527832,0,0
4325,3.2578463554382324,2.768977165222168,0,0
4326,1.8464034795761108,1.8408100605010986,0,0
4327,2.3944199085235596,2.327265739440918,0,0
4328,3.0854690074920654,3.0305473804473877,0,0
4329,3.45827579498291,3.1530580520629883,1,1
4330,3.192232847213745,3.1102848052978516,0,0
4331,2.9898362159729004,2.832965850830078,0,0
4332,3.2593533992767334,3.0785229206085205,0,0
4333,3.331416606903076,3.055652141571045,0,0
4334,3.120879650115967,2.930220603942871,0,0
4335,3.030444860458374,2.9523725509643555,0,0
4336,3.280106782913208,2.9946255683898926,0,0
4337,3.138460159301758,2.8094143867492676,0,0
4338,2.8933019638061523,2.816772222518921,0,0
4339,3.684389591217041,3.1872200965881348,1,1
4340,2.743868827819824,2.5251598358154297,0,0
4341,3.3650574684143066,3.151611089706421,1,1
4342,3.213963747024536,3.1238174438476562,0,0
4343,3.324753522872925,3.113173484802246,0,0
4344,3.3551738262176514,3.181300640106201,0,0
4345,3.279289722442627,3.1599597930908203,0,0
4346,3.2697479724884033,2.980612277984619,0,0
4347,3.4592974185943604,3.2029848098754883,1,1
4348,3.623086452484131,3.28134822845459,1,1
4349,3.492492437362671,3.2285776138305664,1,1
4350,3.273920774459839,3.1364779472351074,0,0
4351,3.131110429763794,2.913084030151367,0,0
4352,2.7477211952209473,2.6211512088775635,0,0
4353,3.2918620109558105,3.146906614303589,0,0
4354,3.2492616176605225,3.123844861984253,0,0
4355,3.416677474975586,3.307753562927246,1,1
4356,3.7007973194122314,3.4268364906311035,1,1
4357,3.1832408905029297,3.124617576599121,0,0
4358,2.8361008167266846,2.902745246887207,0,0
4359,2.913088083267212,3.008049488067627,0,0
4360,2.801311731338501,2.7064309120178223,0,0
4361,2.7422702312469482,2.8401246070861816,0,0
4362,2.913069009780884,2.9236366748809814,0,0
4363,2.933584451675415,2.8246920108795166,0,0
4364,2.8930115699768066,2.9335384368896484,0,0
4365,2.889307737350464,3.0400750637054443,0,0
4366,2.999023914337158,3.0097861289978027,0,0
4367,2.803743839263916,2.847355365753174,0,0
4368,3.1473867893218994,3.154367446899414,0,0
4369,2.872164011001587,3.0096731185913086,0,0
4370,3.1780295372009277,3.04832124710083,0,0
4371,3.728085517883301,3.373753786087036,1,1
4372,3.5399601459503174,3.3783822059631348,1,1
4373,3.4668352603912354,3.264827251434326,1,1
4374,3.555464267730713,3.3280932903289795,1,1
4375,3.309183359146118,3.242898941040039,0,0
4376,3.539015769958496,3.3467960357666016,1,1
4377,3.330717086791992,3.2668185234069824,0,0
4378,3.404029607772827,3.337672472000122,1,1
4379,3.3837637901306152,3.0869851112365723,1,1
4380,3.327148675918579,3.167029857635498,0,0
4381,2.8793413639068604,2.646831512451172,0,0
4382,3.2668216228485107,2.810960292816162,0,0
4383,3.756746530532837,3.116739273071289,1,1
4384,3.214977979660034,2.7643094062805176,0,0
4385,3.4345250129699707,2.932983160018921,1,1
4386,3.36242938041687,3.0324466228485107,1,1
4387,3.349635124206543,3.146768569946289,1,1
4388,3.5448687076568604,3.147625207901001,1,1
4389,3.4223203659057617,3.0080912113189697,1,1
4390,3.5759401321411133,3.211162805557251,1,1
4391,3.518509864807129,3.232858657836914,1,1
4392,3.1854445934295654,2.981978416442871,0,0
4393,2.662118434906006,2.5167124271392822,0,0
4394,3.04702091217041,2.8239383697509766,0,0
4395,3.286041736602783,3.0076839923858643,0,0
4396,3.2302191257476807,2.963510751724243,0,0
4397,3.340395927429199,2.880312919616699,0,0
4398,3.399501085281372,3.1972968578338623,1,1
4399,3.289386510848999,3.063640832901001,0,0
4400,3.729159116744995,3.530470371246338,1,1
4401,3.4670193195343018,3.022033214569092,1,1
4402,3.990046739578247,3.108902931213379,1,1
4403,4.4196248054504395,2.959806442260742,1,1
4404,3.890475273132324,2.8086252212524414,1,1
4405,4.1112446784973145,3.0262908935546875,1,1
4406,5.069398403167725,2.7659847736358643,1,1
4407,4.09097957611084,2.6682991981506348,1,1
4408,4.221259593963623,2.771019458770752,1,1
4409,5.012369632720947,2.734412670135498,1,1
4410,4.154226779937744,2.8892822265625,1,1
4411,3.541172504425049,2.660935878753662,1,1
4412,3.0213687419891357,2.5460805892944336,0,0
4413,3.754821538925171,3.278585910797119,1,1
4414,3.5214250087738037,3.2628846168518066,1,1
4415,3.5120670795440674,3.2519736289978027,1,1
4416,3.477642774581909,3.0586986541748047,1,1
4417,3.399489164352417,3.2887649536132812,1,1
4418,3.2897045612335205,3.144814968109131,0,0
4419,3.193579912185669,2.779207944869995,0,0
4420,3.0885486602783203,2.7142128944396973,0,0
4421,3.236211061477661,2.7459568977355957,0,0
4422,3.7143306732177734,3.22776460647583,1,1
4423,3.231458902359009,2.6858620643615723,0,0
4424,3.415720224380493,2.9573378562927246,1,1
4425,3.6724376678466797,3.2000505924224854,1,1
4426,3.192272424697876,2.7955360412597656,0,0
4427,3.557637929916382,3.008809804916382,1,1
4428,3.357419013977051,3.1602656841278076,0,0
4429,3.5704522132873535,3.337216854095459,1,1
4430,3.529468297958374,3.234673500061035,1,1
4431,3.040940523147583,2.886046886444092,0,0
4432,2.92110538482666,2.861954927444458,0,0
4433,2.8247456550598145,2.74038028717041,0,0
4434,3.429168224334717,3.2679638862609863,1,1
4435,3.017261266708374,2.894667863845825,0,0
4436,2.867299795150757,2.6758289337158203,0,0
4437,3.264420986175537,2.7582530975341797,0,0
4438,2.752880334854126,2.284510374069214,0,0
4439,3.475982666015625,2.9700098037719727,1,1
4440,3.3221371173858643,2.8277587890625,0,0
4441,3.5954949855804443,3.2174291610717773,1,1
4442,3.4113669395446777,2.8272902965545654,1,1
4443,3.1214706897735596,2.7210278511047363,0,0
4444,3.2527973651885986,2.843372106552124,0,0
4445,3.3039777278900146,2.9800353050231934,0,0
4446,3.751037359237671,3.347661018371582,1,1
4447,3.276306390762329,3.167752504348755,0,0
4448,3.5083725452423096,3.307788848876953,1,1
4449,3.6680893898010254,3.3707094192504883,1,1
4450,3.5339510440826416,3.2070629596710205,1,1
4451,3.9581151008605957,3.3404898643493652,1,1
4452,4.0266218185424805,3.5673599243164062,1,1
4453,3.422412395477295,3.345846176147461,1,1
4454,3.0877232551574707,3.083930492401123,0,0
4455,3.742149829864502,3.471843719482422,1,1
4456,3.587501049041748,3.43524169921875,1,1
4457,3.401256799697876,3.330660104751587,1,1
4458,3.557541847229004,3.4591386318206787,1,1
4459,3.601165533065796,3.44284725189209,1,1
4460,3.4512250423431396,3.378437042236328,1,1
4461,3.2999579906463623,3.2678639888763428,0,0
4462,3.8404757976531982,3.364223003387451,1,1
4463,3.466200351715088,3.3011651039123535,1,1
4464,3.5750274658203125,3.409933090209961,1,1
4465,3.4671571254730225,3.2813916206359863,1,1
4466,3.7731385231018066,3.2688663005828857,1,1
4467,3.599242687225342,3.525094985961914,1,1
4468,3.6871888637542725,3.5271711349487305,1,1
4469,3.3952629566192627,3.278984785079956,1,1
4470,3.4375791549682617,3.1974844932556152,1,1
4471,3.1325459480285645,2.8926730155944824,0,0
4472,3.0496392250061035,2.927168846130371,0,0
4473,3.099642515182495,3.064180850982666,0,0
4474,2.88527774810791,2.709125518798828,0,0
4475,2.8696348667144775,3.042604923248291,0,0
4476,3.577136278152466,3.366023540496826,1,1
4477,3.2547130584716797,3.288012981414795,0,0
4478,3.126371145248413,3.117325782775879,0,0
4479,3.4866838455200195,3.1854214668273926,1,1
4480,3.4109513759613037,3.320878028869629,1,1
4481,3.744202136993408,3.4241909980773926,1,1
4482,3.7458605766296387,3.5355031490325928,1,1
4483,3.812321186065674,3.328200340270996,1,1
4484,3.6293888092041016,3.2972052097320557,1,1
4485,3.632352590560913,3.3922500610351562,1,1
4486,3.922795534133911,3.603935718536377,1,1
4487,3.6304736137390137,3.4501333236694336,1,1
4488,3.6461679935455322,3.4132511615753174,1,1
4489,4.052387237548828,3.634993076324463,1,1
4490,3.7470176219940186,3.492659568786621,1,1
4491,4.005958080291748,3.5064339637756348,1,1
4492,3.6702022552490234,3.1537303924560547,1,1
4493,3.7076292037963867,3.49135160446167,1,1
4494,3.609680414199829,3.357856273651123,1,1
4495,3.759181499481201,3.2167983055114746,1,1
4496,3.370121479034424,2.926722288131714,0,0
4497,3.4606289863586426,3.3369593620300293,1,1
4498,3.7116191387176514,3.4562292098999023,1,1
4499,3.8375256061553955,3.4939334392547607,1,1
4500,3.334298849105835,3.1526989936828613,0,0
4501,3.2330691814422607,3.1149821281433105,0,0
4502,3.3666670322418213,3.2169761657714844,0,0
4503,3.511932849884033,3.381368637084961,1,1
4504,3.3469278812408447,3.1540446281433105,0,0
4505,3.8712103366851807,3.4742236137390137,1,1
4506,3.293128728866577,3.067995548248291,0,0
4507,3.505439519882202,3.255612850189209,1,1
4508,2.84116268157959,2.761747360229492,0,0
4509,2.663912773132324,2.704324722290039,0,0
4510,3.0795037746429443,2.8298392295837402,0,0
4511,3.315936803817749,3.03605318069458,0,0
4512,3.0715019702911377,3.0075502395629883,0,0
4513,3.1668457984924316,2.891901969909668,0,0
4514,3.1140010356903076,3.0100131034851074,0,0
4515,3.521894693374634,3.0740811824798584,1,1
4516,3.3460564613342285,3.0880892276763916,0,0
4517,2.9266233444213867,2.9399075508117676,0,0
4518,3.1492226123809814,3.0139269828796387,0,0
4519,3.214581251144409,3.0850539207458496,0,0
4520,3.3796637058258057,3.432462215423584,1,1
4521,3.311671733856201,3.152616500854492,0,0
4522,3.140787124633789,3.139768123626709,0,0
4523,3.1409292221069336,3.2210230827331543,0,0
4524,3.351435661315918,3.295246124267578,0,0
4525,3.6700403690338135,3.5007495880126953,1,1
4526,3.4439945220947266,3.379652261734009,1,1
4527,3.468735694885254,3.3650035858154297,1,1
4528,3.3990321159362793,3.346740245819092,1,1
4529,3.5431747436523438,3.373121738433838,1,1
4530,3.2376272678375244,3.0636308193206787,0,0
4531,3.2043190002441406,3.1339941024780273,0,0
4532,3.4641294479370117,3.165482997894287,1,1
4533,3.289742946624756,3.1068496704101562,0,0
4534,3.1777236461639404,3.0395445823669434,0,0
4535,3.504652738571167,3.2673838138580322,1,1
4536,3.444706439971924,3.32698130607605,1,1
4537,2.9300873279571533,3.0048160552978516,0,0
4538,3.5398268699645996,3.3425607681274414,1,1
4539,3.1541197299957275,3.049832344055176,0,0
4540,3.6142654418945312,3.397430658340454,1,1
4541,3.8169453144073486,3.6021203994750977,1,1
4542,4.111878871917725,3.759364128112793,1,1
4543,3.9731321334838867,3.64123272895813,1,1
4544,3.324671745300293,3.0492677688598633,0,0
4545,3.5722131729125977,3.1230692863464355,1,1
4546,3.310675859451294,3.070676326751709,0,0
4547,3.6210289001464844,3.1259055137634277,1,1
4548,3.3748414516448975,2.9325311183929443,0,0
4549,3.53701114654541,3.0959792137145996,1,1
4550,3.7312512397766113,3.4603095054626465,1,1
4551,3.5859551429748535,3.3552305698394775,1,1
4552,3.439770460128784,3.1115214824676514,1,1
4553,3.266714096069336,3.031564712524414,0,0
4554,3.5508832931518555,3.126467227935791,1,1
4555,3.491712808609009,3.158545970916748,1,1
4556,3.5770580768585205,3.2989752292633057,1,1
4557,3.757845640182495,3.313546657562256,1,1
4558,3.364259719848633,2.924893379211426,0,0
4559,3.6735918521881104,3.0863959789276123,1,1
4560,3.348065137863159,3.1892025470733643,0,0
4561,3.5938479900360107,3.188721179962158,1,1
4562,3.3343443870544434,3.258409261703491,0,0
4563,3.5169601440429688,3.2738311290740967,1,1
4564,3.773953914642334,3.6045284271240234,1,1
4565,3.4844486713409424,3.275648593902588,1,1
4566,3.399549961090088,3.338876724243164,0,0
4567,3.176790952682495,3.1458959579467773,0,0
4568,3.1970808506011963,3.3152358531951904,0,0
4569,3.6859841346740723,2.9221584796905518,1,1
4570,3.228303909301758,3.01554536819458,0,0
4571,3.442182779312134,2.9713029861450195,0,0
4572,3.49938702583313,3.0046322345733643,1,1
4573,3.689427614212036,3.2146072387695312,1,1
4574,3.251734733581543,2.9575085639953613,0,0
4575,3.42232084274292,3.217662811279297,0,0
4576,3.5686697959899902,3.176884651184082,1,1
4577,3.7170588970184326,3.264448642730713,1,1
4578,3.4240400791168213,3.0509865283966064,0,0
4579,3.3747875690460205,3.0380825996398926,0,0
4580,3.6817800998687744,3.241788864135742,1,1
4581,3.6279919147491455,3.1344475746154785,1,1
4582,4.016433238983154,3.436405658721924,1,1
4583,3.713160753250122,3.311462879180908,1,1
4584,3.3530526161193848,3.0885560512542725,0,0
4585,3.8302042484283447,3.3610987663269043,1,1
4586,3.653597831726074,3.4197254180908203,1,1
4587,3.966524600982666,3.5500001907348633,1,1
4588,3.973663330078125,3.6592068672180176,1,1
4589,3.8842930793762207,3.672415018081665,1,1
4590,3.900538682937622,3.718722343444824,1,1
4591,3.731393337249756,3.5075631141662598,1,1
4592,4.290343761444092,3.9161643981933594,1,1
4593,4.164179801940918,3.648622989654541,1,1
4594,3.7884418964385986,3.6068201065063477,1,1
4595,3.881134033203125,3.4960155487060547,1,1
4596,3.811660051345825,3.493102788925171,1,1
4597,3.976153612136841,3.422232151031494,1,1
4598,3.5184664726257324,3.4870424270629883,1,1
4599,3.753796100616455,3.6050474643707275,1,1
4600,3.71140193939209,3.6728949546813965,1,1
4601,3.4353020191192627,3.4651737213134766,0,0
4602,3.6138384342193604,3.4410834312438965,1,1
4603,3.8040919303894043,3.3737430572509766,1,1
4604,3.9017608165740967,3.5830063819885254,1,1
4605,3.7612998485565186,3.5422658920288086,1,1
4606,3.582512140274048,3.4499990940093994,1,1
4607,3.7711775302886963,3.557629108428955,1,1
4608,3.448620557785034,3.3767991065979004,0,0
4609,3.3239893913269043,3.2216928005218506,0,0
4610,3.3180925846099854,3.3100132942199707,0,0
4611,3.3082497119903564,3.116300106048584,0,0
4612,3.6488256454467773,3.5193989276885986,1,1
4613,3.3796331882476807,3.394055128097534,0,0
4614,3.611812114715576,3.4277191162109375,1,1
4615,3.5551016330718994,3.4892125129699707,1,1
4616,3.38504958152771,3.5164074897766113,0,0
4617,3.5344862937927246,3.461256265640259,1,1
4618,3.4383585453033447,3.137094736099243,0,0
4619,3.7718565464019775,3.547426700592041,1,1
4620,3.2467434406280518,3.101412057876587,0,0
4621,3.0581119060516357,2.90842342376709,0,0
4622,3.342460870742798,3.3264355659484863,0,0
4623,3.351501226425171,3.3044042587280273,0,0
4624,3.4984705448150635,3.334989070892334,1,1
4625,3.280298948287964,3.181833028793335,0,0
4626,3.2998175621032715,3.111347198486328,0,0
4627,3.0728909969329834,2.8470840454101562,0,0
4628,3.307701826095581,2.9235620498657227,0,0
4629,3.0099596977233887,2.883528232574463,0,0
4630,3.2822413444519043,3.0374562740325928,0,0
4631,3.281313896179199,3.0423197746276855,0,0
4632,2.843132495880127,2.6636180877685547,0,0
4633,3.076151132583618,2.797611713409424,0,0
4634,3.0372724533081055,2.789677143096924,0,0
4635,3.061821222305298,2.7176172733306885,0,0
4636,3.3125202655792236,2.9311723709106445,0,0
4637,2.967918872833252,2.726052761077881,0,0
4638,2.929098606109619,2.7023138999938965,0,0
4639,3.0122663974761963,2.68851900100708,0,0
4640,2.7660140991210938,2.723980665206909,0,0
4641,3.452436685562134,3.084054946899414,0,0
4642,3.293226957321167,3.040828227996826,0,0
4643,3.0628252029418945,2.83101487159729,0,0
4644,2.9502527713775635,2.776564121246338,0,0
4645,3.5839478969573975,3.26469087600708,1,1
4646,3.3398327827453613,3.1628353595733643,0,0
4647,3.8052520751953125,3.184913158416748,1,1
4648,3.553252696990967,3.4356019496917725,1,1
4649,3.6845247745513916,3.5251688957214355,1,1
4650,3.684741258621216,3.480362892150879,1,1
4651,3.4905953407287598,3.3258495330810547,1,1
4652,3.3764612674713135,3.064225196838379,0,0
4653,3.2533187866210938,3.0407638549804688,0,0
4654,3.2649779319763184,2.9288735389709473,0,0
4655,3.2195050716400146,3.004340648651123,0,0
4656,3.668510675430298,3.12014102935791,1,1
4657,3.9097836017608643,3.3531601428985596,1,1
4658,3.192676544189453,2.931037664413452,0,0
4659,3.2889020442962646,3.098313570022583,0,0
4660,3.1300346851348877,2.9418532848358154,0,0
4661,3.4865715503692627,3.2772648334503174,1,1
4662,3.500676155090332,3.1284399032592773,1,1
4663,3.3595974445343018,3.1930975914001465,0,0
4664,3.272578477859497,3.1603217124938965,0,0
4665,3.3450777530670166,3.2701213359832764,0,0
4666,3.6643731594085693,3.3740463256835938,1,1
4667,4.028862476348877,3.4673092365264893,1,1
4668,3.7236123085021973,3.366511821746826,1,1
4669,3.859757661819458,3.576153039932251,1,1
4670,3.201878309249878,3.1485023498535156,0,0
4671,3.943049430847168,3.5860700607299805,1,1
4672,4.028288841247559,3.614372968673706,1,1
4673,3.6958062648773193,3.3617873191833496,1,1
4674,3.5125937461853027,3.443128824234009,1,1
4675,3.928968667984009,3.7482640743255615,1,1
4676,3.569007158279419,3.3158512115478516,1,1
4677,3.5371224880218506,3.088491439819336,1,1
4678,3.749664306640625,3.065913677215576,1,1
4679,3.1920721530914307,3.039454460144043,0,0
4680,3.5213491916656494,3.4364404678344727,1,1
4681,3.2385613918304443,3.2804081439971924,0,0
4682,3.0297183990478516,2.862323760986328,0,0
4683,2.9208950996398926,2.8752355575561523,0,0
4684,2.9093167781829834,2.783968925476074,0,0
4685,3.1428418159484863,3.14605712890625,0,0
4686,3.336595296859741,3.0993881225585938,0,0
4687,2.8263111114501953,2.6866328716278076,0,0
4688,3.8122096061706543,3.393472194671631,1,1
4689,3.5484023094177246,3.5575098991394043,1,1
4690,3.5885095596313477,3.3743958473205566,1,1
4691,3.539884328842163,3.293707847595215,1,1
4692,3.7698099613189697,3.522770881652832,1,1
4693,3.1124684810638428,2.978348731994629,0,0
4694,3.3203091621398926,3.230012893676758,0,0
4695,4.0391106605529785,3.682063102722168,1,1
4696,3.4789788722991943,3.2410764694213867,1,1
4697,3.0025439262390137,3.0139498710632324,0,0
4698,3.256378173828125,3.0963523387908936,0,0
4699,3.0864877700805664,3.0993893146514893,0,0
4700,3.4241843223571777,3.2470335960388184,0,0
4701,3.2501347064971924,3.280939817428589,0,0
4702,3.691985845565796,3.437016725540161,1,1
4703,3.521699905395508,3.4751410484313965,1,1
4704,3.0832459926605225,3.1508779525756836,0,0
4705,3.0222251415252686,3.1418464183807373,0,0
4706,3.3411924839019775,3.319918155670166,0,0
4707,3.240084648132324,3.331446647644043,0,0
4708,3.4897849559783936,3.4542784690856934,1,1
4709,3.077131509780884,3.1812167167663574,0,0
4710,2.9293482303619385,2.994103193283081,0,0
4711,3.379281997680664,3.2868080139160156,0,0
4712,3.3255727291107178,3.254413366317749,0,0
4713,2.537990093231201,2.6992993354797363,0,0
4714,3.090967893600464,2.9716644287109375,0,0
4715,3.315812587738037,3.2143163681030273,0,0
4716,2.5917811393737793,2.605597734451294,0,0
4717,3.2977473735809326,2.9373421669006348,0,0
4718,3.112009048461914,3.0311245918273926,0,0
4719,3.5562326908111572,3.073953151702881,1,1
4720,3.3654534816741943,3.251358985900879,0,0
4721,3.2977135181427,3.114032745361328,0,0
4722,3.332775354385376,3.114536762237549,0,0
4723,3.2314252853393555,3.0052449703216553,0,0
4724,3.728855848312378,3.496616840362549,1,1
4725,3.717050552368164,3.4455692768096924,1,1
4726,3.297516107559204,3.056668519973755,0,0
4727,3.0914835929870605,2.971065044403076,0,0
4728,3.725191116333008,3.1591548919677734,1,1
4729,3.467181444168091,3.2084755897521973,1,1
4730,3.7913992404937744,3.4128470420837402,1,1
4731,3.3596155643463135,3.099480152130127,0,0
4732,3.875112295150757,3.6592910289764404,1,1
4733,3.4939794540405273,3.237215042114258,1,1
4734,3.234863519668579,3.0647380352020264,0,0
4735,3.3284738063812256,3.1202306747436523,0,0
4736,3.5575804710388184,3.116736888885498,1,1
4737,3.248724937438965,3.1069440841674805,0,0
4738,3.5694751739501953,3.299081802368164,1,1
4739,3.2861270904541016,2.998793840408325,0,0
4740,3.1875972747802734,3.2641854286193848,0,0
4741,3.4609375,3.2138924598693848,1,1
4742,3.5053646564483643,3.164911985397339,1,1
4743,3.4442033767700195,3.2873194217681885,1,1
4744,2.9521706104278564,2.948697566986084,0,0
4745,2.893984794616699,2.771886110305786,0,0
4746,2.673703193664551,2.6380882263183594,0,0
4747,2.764537811279297,2.685161590576172,0,0
4748,3.039963722229004,3.014899730682373,0,0
4749,3.2888262271881104,2.991464614868164,0,0
4750,3.425032377243042,3.2286248207092285,0,0
4751,3.329453706741333,3.1476054191589355,0,0
4752,2.323242425918579,2.3486790657043457,0,0
4753,3.06416392326355,2.8937346935272217,0,0
4754,2.92916202545166,2.77481746673584,0,0
4755,2.977492094039917,2.7386832237243652,0,0
4756,2.6247730255126953,2.588411808013916,0,0
4757,3.035797357559204,2.833601951599121,0,0
4758,2.6302545070648193,2.627847671508789,0,0
4759,3.022541046142578,2.8531761169433594,0,0
4760,2.7822558879852295,2.786154270172119,0,0
4761,3.0275843143463135,2.8537559509277344,0,0
4762,2.9872395992279053,2.6386420726776123,0,0
4763,2.9835965633392334,2.9391515254974365,0,0
4764,2.489952802658081,2.403103828430176,0,0
4765,2.9797654151916504,2.7259206771850586,0,0
4766,2.472306489944458,2.263946533203125,0,0
4767,3.1290316581726074,3.0104269981384277,0,0
4768,3.0002098083496094,2.987685203552246,0,0
4769,3.2963380813598633,3.147317409515381,0,0
4770,3.510577917098999,3.346876621246338,1,1
4771,3.1919093132019043,3.0407369136810303,0,0
4772,3.742528200149536,3.2929043769836426,1,1
4773,3.4822120666503906,3.22894024848938,1,1
4774,3.2771382331848145,3.1344687938690186,0,0
4775,3.3203697204589844,3.154665946960449,0,0
4776,3.185123920440674,3.1620309352874756,0,0
4777,3.135030508041382,3.1192612648010254,0,0
4778,2.9843931198120117,2.87768292427063,0,0
4779,3.3365094661712646,3.1231822967529297,0,0
4780,3.390345573425293,3.240098476409912,1,1
4781,3.2393009662628174,3.3255486488342285,0,0
4782,3.891113042831421,3.3846259117126465,1,1
4783,3.0148370265960693,3.0314888954162598,0,0
4784,3.1071364879608154,3.1055874824523926,0,0
4785,3.3514015674591064,3.1023788452148438,1,1
4786,3.483351707458496,3.483186960220337,1,1
4787,3.2131292819976807,3.2231764793395996,0,0
4788,3.4091641902923584,3.484964609146118,1,1
4789,3.599703311920166,3.6540327072143555,1,1
4790,3.529848337173462,3.471177816390991,1,1
4791,2.791318416595459,2.915046215057373,0,0
4792,3.9277985095977783,3.618539810180664,1,1
4793,3.3366169929504395,3.1097159385681152,1,1
4794,3.2581558227539062,3.119128704071045,0,0
4795,3.3905584812164307,3.3212623596191406,1,1
4796,3.6248435974121094,3.472395420074463,1,1
4797,3.401743173599243,3.237992286682129,1,1
4798,3.752803325653076,3.343214511871338,1,1
4799,3.4440207481384277,3.0046420097351074,1,1
4800,3.0118913650512695,2.8976387977600098,0,0
4801,3.2102012634277344,2.92757511138916,0,0
4802,3.342226505279541,3.0699329376220703,1,1
4803,3.2999284267425537,3.0651023387908936,0,0
4804,3.0955915451049805,2.9986469745635986,0,0
4805,3.2833468914031982,3.1420037746429443,0,0
4806,3.2011160850524902,3.0980074405670166,0,0
4807,3.3691916465759277,3.0828278064727783,1,1
4808,3.186751127243042,2.9841883182525635,0,0
4809,3.298635482788086,3.123170852661133,0,0
4810,3.186133861541748,2.9979610443115234,0,0
4811,3.1462199687957764,2.933290958404541,0,0
4812,3.2626402378082275,3.139066696166992,0,0
4813,3.474863052368164,3.2812280654907227,1,1
4814,3.1954119205474854,3.062011480331421,0,0
4815,3.12475848197937,2.8244125843048096,0,0
4816,3.2456958293914795,3.165304660797119,0,0
4817,3.715876579284668,3.2978293895721436,1,1
4818,2.4672160148620605,2.5135905742645264,0,0
4819,2.887773036956787,2.787355422973633,0,0
4820,3.22160267829895,3.137820243835449,0,0
4821,2.995344400405884,2.969198226928711,0,0
4822,2.7931437492370605,2.631592273712158,0,0
4823,3.2318227291107178,3.0135064125061035,0,0
4824,3.4330456256866455,3.0472354888916016,1,1
4825,2.2330894470214844,2.1397390365600586,0,0
4826,3.201951742172241,2.7018375396728516,0,0
4827,3.6335647106170654,3.1948280334472656,1,1
4828,3.2506775856018066,2.9083030223846436,0,0
4829,3.193845748901367,2.9217820167541504,0,0
4830,3.1626741886138916,2.7955236434936523,0,0
4831,3.4607324600219727,3.066314697265625,1,1
4832,3.511719226837158,3.0577688217163086,1,1
4833,3.4849207401275635,2.9802615642547607,1,1
4834,3.2115964889526367,3.0183820724487305,0,0
4835,3.2055182456970215,3.0372579097747803,0,0
4836,3.564429998397827,3.095125436782837,1,1
4837,2.902466058731079,2.8302507400512695,0,0
4838,3.0291435718536377,2.8912336826324463,0,0
4839,3.1878879070281982,3.188436269760132,0,0
4840,3.163900136947632,2.9846420288085938,0,0
4841,2.8658766746520996,2.574481248855591,0,0
4842,3.395120859146118,2.920356273651123,1,1
4843,3.4328200817108154,2.9782090187072754,1,1
4844,2.9385833740234375,2.7831807136535645,0,0
4845,3.2212178707122803,3.134681224822998,0,0
4846,3.160249948501587,2.800349235534668,0,0
4847,3.0996785163879395,2.9990599155426025,0,0
4848,3.7482643127441406,3.2699198722839355,1,1
4849,3.5937423706054688,3.317460298538208,1,1
4850,3.816763401031494,3.5844204425811768,1,1
4851,2.747298240661621,2.7070672512054443,0,0
4852,2.684593677520752,2.7574362754821777,0,0
4853,3.2869951725006104,3.2391371726989746,1,1
4854,2.8346378803253174,2.920135974884033,0,0
4855,2.979323387145996,2.8529672622680664,0,0
4856,3.2246994972229004,2.9413044452667236,0,0
4857,3.4708797931671143,3.3409311771392822,1,1
4858,3.6795029640197754,3.2876205444335938,1,1
4859,3.1907150745391846,2.973177433013916,0,0
4860,3.408543586730957,3.0017290115356445,1,1
4861,3.273327350616455,2.875178337097168,0,0
4862,3.1415133476257324,2.9102671146392822,0,0
4863,2.9280812740325928,2.853834629058838,0,0
4864,3.0500998497009277,2.9482765197753906,0,0
4865,3.3386144638061523,3.2197484970092773,1,1
4866,3.459123134613037,3.1021595001220703,1,1
4867,3.355415105819702,3.218520164489746,1,1
4868,3.2854154109954834,2.9531407356262207,1,1
4869,3.253668785095215,3.051748514175415,0,0
4870,3.444777727127075,2.9996933937072754,1,1
4871,3.103593587875366,2.985029458999634,0,0
4872,3.286876916885376,3.006462335586548,1,1
4873,3.4268596172332764,3.1443543434143066,1,1
4874,3.3213882446289062,3.1183063983917236,1,1
4875,2.746605396270752,2.683377742767334,0,0
4876,3.311096429824829,3.0141797065734863,1,1
4877,3.004122495651245,3.04669189453125,0,0
4878,3.2045159339904785,3.009592056274414,0,0
4879,2.9687719345092773,2.891429901123047,0,0
4880,3.447690725326538,3.0928022861480713,1,1
4881,3.2950053215026855,2.957886219024658,1,1
4882,3.389514446258545,3.081460952758789,1,1
4883,3.174964666366577,3.1539077758789062,0,0
4884,3.1353423595428467,3.105646848678589,0,0
4885,3.333874464035034,3.1742823123931885,1,1
4886,3.3545992374420166,3.0116422176361084,1,1
4887,3.157184600830078,2.898648977279663,0,0
4888,3.3982722759246826,3.1249685287475586,1,1
4889,3.5704360008239746,3.444042682647705,1,1
4890,3.0779900550842285,2.9445924758911133,0,0
4891,2.890615701675415,2.7557482719421387,0,0
4892,3.602766275405884,3.240997791290283,1,1
4893,3.6434898376464844,3.17402720451355,1,1
4894,4.073872089385986,3.6300370693206787,1,1
4895,3.605581760406494,3.3184380531311035,1,1
4896,3.51098370552063,3.3522629737854004,1,1
4897,3.556417465209961,3.319607734680176,1,1
4898,3.423617124557495,3.2495131492614746,1,1
4899,3.3669986724853516,3.177011013031006,1,1
4900,2.522552967071533,2.4054083824157715,0,0
4901,2.7256510257720947,2.7407021522521973,0,0
4902,2.6824841499328613,2.6129565238952637,0,0
4903,2.455320358276367,2.414655923843384,0,0
4904,2.591153621673584,2.66560435295105,0,0
4905,2.586653709411621,2.6201934814453125,0,0
4906,2.640730142593384,2.6336095333099365,0,0
4907,2.575193405151367,2.544191598892212,0,0
4908,2.4607303142547607,2.4098052978515625,0,0
4909,2.890634536743164,2.8512425422668457,0,0
4910,3.0929505825042725,2.7931363582611084,0,0
4911,3.1546545028686523,3.04008150100708,0,0
4912,3.5646564960479736,3.453165054321289,1,1
4913,3.176499843597412,3.0685982704162598,0,0
4914,3.495713949203491,3.173776388168335,1,1
4915,3.568662643432617,3.204174757003784,1,1
4916,3.646862268447876,3.508406162261963,1,1
4917,3.192533493041992,3.2354962825775146,0,0
4918,3.3230056762695312,3.3019497394561768,1,1
4919,3.3370749950408936,3.2286629676818848,1,1
4920,3.3417389392852783,3.247818946838379,1,1
4921,3.536314010620117,3.4363298416137695,1,1
4922,3.375736951828003,3.4625210762023926,1,1
4923,2.9854509830474854,2.9993886947631836,0,0
4924,3.175028085708618,3.118917942047119,0,0
4925,3.4288582801818848,3.240567684173584,1,1
4926,3.0767364501953125,3.0881032943725586,0,0
4927,3.337937593460083,3.317518472671509,1,1
4928,2.935392141342163,2.9773693084716797,0,0
4929,3.7940804958343506,3.61386775970459,1,1
4930,3.3133280277252197,3.1472668647766113,1,1
4931,3.336374044418335,3.152763605117798,1,1
4932,3.371838092803955,3.131969928741455,1,1
4933,3.0678482055664062,2.8758764266967773,0,0
4934,2.8831629753112793,2.943256378173828,0,0
4935,3.198347330093384,3.0503172874450684,0,0
4936,2.7215960025787354,2.623331069946289,0,0
4937,3.3875226974487305,3.1710762977600098,1,1
4938,3.325146436691284,3.0401954650878906,1,1
4939,3.031144380569458,2.8686084747314453,0,0
4940,3.1331114768981934,3.0124380588531494,0,0
4941,3.2229487895965576,3.196530818939209,1,1
4942,3.315748929977417,3.133458137512207,1,1
4943,3.2399797439575195,2.9932098388671875,1,1
4944,2.9865715503692627,2.8841261863708496,0,0
4945,3.337294578552246,3.1210572719573975,1,1
4946,3.0941734313964844,3.030102014541626,0,0
4947,3.4920852184295654,3.3109629154205322,1,1
4948,3.480888605117798,3.230931043624878,1,1
4949,3.161102533340454,3.042133331298828,0,0
4950,3.496927499771118,3.1304051876068115,1,1
4951,3.6641623973846436,3.2357358932495117,1,1
4952,3.2709600925445557,2.9444031715393066,1,1
4953,3.511258602142334,3.109069585800171,1,1
4954,3.451385736465454,3.1110801696777344,1,1
4955,3.3705520629882812,3.3046529293060303,1,1
4956,3.7596993446350098,3.387012004852295,1,1
4957,3.619680643081665,3.23879075050354,1,1
4958,3.6260488033294678,3.3138861656188965,1,1
4959,3.3569765090942383,3.048543930053711,1,1
4960,3.4101548194885254,3.2279553413391113,1,1
4961,3.509749412536621,3.2075047492980957,1,1
4962,3.037168025970459,2.9748923778533936,0,0
4963,3.130324363708496,3.041842460632324,0,0
4964,3.4928417205810547,3.268204689025879,1,1
4965,3.208744525909424,2.7880425453186035,0,0
4966,3.12827205657959,2.861157178878784,0,0
4967,3.388533115386963,2.821000576019287,1,1
4968,3.3516530990600586,3.1187257766723633,1,1
4969,3.848461151123047,3.349184989929199,1,1
4970,3.6331048011779785,3.384080648422241,1,1
4971,3.4689290523529053,3.3074941635131836,1,1
4972,3.4910497665405273,3.3061671257019043,1,1
4973,3.6853835582733154,3.4478254318237305,1,1
4974,2.9168670177459717,2.989258050918579,0,0
4975,2.766805648803711,2.7372069358825684,0,0
4976,3.2285044193267822,2.8026397228240967,0,0
4977,3.1474697589874268,2.8863630294799805,0,0
4978,3.134028673171997,3.098355770111084,0,0
4979,3.186922788619995,2.917728900909424,0,0
4980,3.5561165809631348,3.149015188217163,1,1
4981,3.6875953674316406,3.351728677749634,1,1
4982,3.2376699447631836,3.0910091400146484,0,0
4983,3.3199591636657715,3.103055953979492,1,1
4984,3.343473196029663,3.0408663749694824,1,1
4985,3.1485939025878906,2.8261427879333496,0,0
4986,3.318350315093994,3.0579283237457275,1,1
4987,2.465648889541626,2.5317983627319336,0,0
4988,3.2829337120056152,3.079458236694336,0,0
4989,3.199366807937622,2.9747302532196045,0,0
4990,3.0556089878082275,2.9619712829589844,0,0
4991,3.207677125930786,3.0824313163757324,0,0
4992,3.3873510360717773,3.0601980686187744,1,1
4993,3.320213794708252,3.155961513519287,1,1
4994,3.1599979400634766,2.9175946712493896,0,0
4995,3.1492674350738525,3.0426719188690186,0,0
4996,3.3245601654052734,3.0261452198028564,1,1
4997,3.299799919128418,2.996825695037842,1,1
4998,3.2689805030822754,2.812642812728882,1,1
4999,3.2632625102996826,2.9627485275268555,0,0
5000,2.806835651397705,2.598212718963623,0,0
5001,3.1588916778564453,2.8511157035827637,0,0
5002,3.2893927097320557,2.8868885040283203,1,1
5003,3.2077505588531494,2.776752471923828,0,0
5004,3.3967323303222656,3.183600902557373,1,1
5005,2.817444086074829,2.7829818725585938,0,0
5006,3.4562184810638428,2.8969273567199707,1,1
5007,3.1901516914367676,2.8911800384521484,0,0
5008,3.6670026779174805,3.221639394760132,1,1
5009,3.3568227291107178,3.0226383209228516,1,1
5010,2.875680923461914,2.7194159030914307,0,0
5011,3.0793142318725586,2.8840172290802,0,0
5012,3.186178684234619,2.844794273376465,0,0
5013,2.969611406326294,2.7646403312683105,0,0
5014,3.1107966899871826,2.9743337631225586,0,0
5015,2.967810869216919,3.0099124908447266,0,0
5016,3.371918201446533,3.2918083667755127,1,1
5017,2.956777811050415,2.888566732406616,0,0
5018,3.1281518936157227,2.9853363037109375,0,0
5019,3.3392651081085205,3.2227120399475098,1,1
5020,3.4887359142303467,3.2701830863952637,1,1
5021,3.5409927368164062,3.2875585556030273,1,1
5022,3.3529505729675293,3.2411720752716064,1,1
5023,3.2556989192962646,3.029613971710205,0,0
5024,3.564431667327881,3.4789018630981445,1,1
5025,3.3415422439575195,3.1128127574920654,1,1
5026,3.2749388217926025,3.145834445953369,0,0
5027,3.7287228107452393,3.3913724422454834,1,1
5028,3.337937355041504,2.989952564239502,1,1
5029,3.2637345790863037,2.9904351234436035,0,0
5030,3.3486709594726562,3.022064685821533,1,1
5031,3.4213762283325195,3.1360554695129395,1,1
5032,3.648390531539917,3.19761323928833,1,1
5033,3.056057929992676,2.7964022159576416,0,0
5034,2.931729793548584,2.7508320808410645,0,0
5035,3.187021017074585,2.8729870319366455,0,0
5036,3.8589813709259033,3.4872453212738037,1,1
5037,2.972949981689453,2.8304853439331055,0,0
5038,3.0904014110565186,3.2043509483337402,0,0
5039,2.5667786598205566,2.567333221435547,0,0
5040,2.65657377243042,2.6419053077697754,0,0
5041,2.740675449371338,2.7794055938720703,0,0
5042,3.939394950866699,3.4580583572387695,1,1
5043,3.5207712650299072,3.324636220932007,1,1
5044,3.190103530883789,2.95536470413208,0,0
5045,3.4318106174468994,3.3794565200805664,1,1
5046,3.462794065475464,3.2352137565612793,1,1
5047,3.457228899002075,3.294588804244995,1,1
5048,3.077411651611328,3.2553937435150146,0,0
5049,3.3117995262145996,3.198291778564453,1,1
5050,3.383183717727661,3.294733762741089,1,1
5051,3.355098009109497,3.3228249549865723,1,1
5052,3.2618465423583984,3.166184186935425,0,0
5053,3.6241681575775146,3.445140838623047,1,1
5054,3.5712053775787354,3.4468283653259277,1,1
5055,3.757533311843872,3.481764316558838,1,1
5056,3.481956958770752,3.255171298980713,1,1
5057,3.6055235862731934,3.302716016769409,1,1
5058,3.62711238861084,3.402592897415161,1,1
5059,3.73854398727417,3.5686213970184326,1,1
5060,3.9333901405334473,3.479940891265869,1,1
5061,3.5383071899414062,3.3648338317871094,1,1
5062,3.5808041095733643,3.3287594318389893,1,1
5063,3.5720677375793457,3.3976855278015137,1,1
5064,3.5830814838409424,3.2802982330322266,1,1
5065,3.4769952297210693,3.302767276763916,1,1
5066,3.7574617862701416,3.5276966094970703,1,1
5067,3.3938443660736084,3.3427090644836426,1,1
5068,3.85312819480896,3.4983150959014893,1,1
5069,3.3768529891967773,3.2393383979797363,1,1
5070,3.294189929962158,3.1132500171661377,0,0
5071,3.4104790687561035,3.2141149044036865,1,1
5072,3.2546749114990234,3.092128276824951,0,0
5073,3.3664374351501465,3.1360855102539062,1,1
5074,3.0795199871063232,3.0895276069641113,0,0
5075,3.6956000328063965,3.493887186050415,1,1
5076,3.252631902694702,3.148847818374634,0,0
5077,3.577603340148926,3.362114667892456,1,1
5078,3.4291510581970215,3.372854232788086,1,1
5079,3.4677751064300537,3.2173776626586914,1,1
5080,3.1595029830932617,3.088165760040283,0,0
5081,3.517547369003296,3.450939893722534,1,1
5082,3.484102249145508,3.358318328857422,1,1
5083,3.6614701747894287,3.2773375511169434,1,1
5084,3.6220703125,3.405708074569702,1,1
5085,2.734800100326538,2.555485248565674,0,0
5086,3.099815607070923,2.9913907051086426,0,0
5087,3.1618435382843018,3.2893247604370117,0,0
5088,3.525782823562622,3.295687198638916,1,1
5089,2.7745766639709473,2.6740174293518066,0,0
5090,3.3096959590911865,2.9239659309387207,0,0
5091,3.0155932903289795,2.853080987930298,0,0
5092,2.630455732345581,2.5378496646881104,0,0
5093,3.2372047901153564,2.8911728858947754,0,0
5094,3.643040180206299,3.32069730758667,1,1
5095,3.350755453109741,3.0900912284851074,1,1
5096,3.2748446464538574,3.001082420349121,0,0
5097,3.4194321632385254,3.2687673568725586,1,1
5098,3.5039424896240234,3.2648842334747314,1,1
5099,3.4411964416503906,3.1593642234802246,1,1
5100,3.355604648590088,3.1322238445281982,1,1
5101,3.1435353755950928,2.9674768447875977,0,0
5102,2.8981571197509766,2.7989113330841064,0,0
5103,3.4737722873687744,3.0922350883483887,1,1
5104,3.3119516372680664,3.1082420349121094,0,0
5105,2.836268663406372,2.78423810005188,0,0
5106,3.348598003387451,3.1922550201416016,1,1
5107,3.3914341926574707,3.162491798400879,1,1
5108,3.4583866596221924,3.0541036128997803,1,1
5109,3.3638978004455566,3.1502785682678223,1,1
5110,2.7237627506256104,2.633711099624634,0,0
5111,2.84848952293396,2.8220200538635254,0,0
5112,3.0234732627868652,2.82912015914917,0,0
5113,2.9195783138275146,2.687175750732422,0,0
5114,3.541128396987915,2.9929370880126953,1,1
5115,3.5246193408966064,3.1622185707092285,1,1
5116,3.289994239807129,2.8912715911865234,0,0
5117,3.232909917831421,2.9917240142822266,0,0
5118,3.808586835861206,3.3973302841186523,1,1
5119,3.45504093170166,3.1855926513671875,1,1
5120,3.6127724647521973,3.387655735015869,1,1
5121,3.784430742263794,3.6772570610046387,1,1
5122,3.660966157913208,3.461495876312256,1,1
5123,3.545156717300415,3.382467269897461,1,1
5124,3.3154683113098145,3.168863534927368,0,0
5125,3.8220653533935547,3.570889711380005,1,1
5126,3.8508551120758057,3.2540297508239746,1,1
5127,3.3698198795318604,3.273125171661377,1,1
5128,3.425912857055664,3.1880264282226562,1,1
5129,3.6956770420074463,3.425926923751831,1,1
5130,3.667201280593872,3.340184211730957,1,1
5131,3.7716190814971924,3.4648633003234863,1,1
5132,3.6361329555511475,3.118345260620117,1,1
5133,3.6959877014160156,3.322854995727539,1,1
5134,3.04099702835083,2.7742156982421875,0,0
5135,2.6832189559936523,2.417056083679199,0,0
5136,3.0498905181884766,2.872096538543701,0,0
5137,2.852259397506714,2.6406173706054688,0,0
5138,2.9543356895446777,2.750636100769043,0,0
5139,2.472816228866577,2.4999117851257324,0,0
5140,3.183245897293091,2.9031286239624023,0,0
5141,2.3384461402893066,2.1622672080993652,0,0
5142,3.2901721000671387,3.0843305587768555,0,0
5143,2.903616189956665,2.6953651905059814,0,0
5144,3.1070423126220703,2.7060909271240234,0,0
5145,3.1864891052246094,2.8246102333068848,0,0
5146,3.335836172103882,2.847348213195801,0,0
5147,2.7845427989959717,2.5953421592712402,0,0
5148,3.136171817779541,2.928762435913086,0,0
5149,3.1402578353881836,2.838275194168091,0,0
5150,3.046621322631836,2.78448748588562,0,0
5151,3.1814122200012207,2.730961799621582,0,0
5152,3.048389196395874,2.85617733001709,0,0
5153,3.318610429763794,3.0462088584899902,0,0
5154,3.167595624923706,3.0023796558380127,0,0
5155,3.860203266143799,3.2995667457580566,1,1
5156,2.9778168201446533,3.0692882537841797,0,0
5157,4.076191425323486,3.518979072570801,1,1
5158,3.340118646621704,3.159240484237671,1,1
5159,2.844569206237793,2.7662720680236816,0,0
5160,2.7569475173950195,2.814283847808838,0,0
5161,3.1523170471191406,2.834181308746338,0,0
5162,3.1500699520111084,3.0662646293640137,0,0
5163,3.255770683288574,3.095933437347412,0,0
5164,2.9832677841186523,2.718351364135742,0,0
5165,2.4181087017059326,2.333709716796875,0,0
5166,2.535498857498169,2.4561610221862793,0,0
5167,3.259753942489624,3.071682929992676,0,0
5168,3.616239309310913,3.2159299850463867,1,1
5169,3.684893846511841,3.2871036529541016,1,1
5170,3.446425199508667,3.304318904876709,1,1
5171,3.3514978885650635,3.2119054794311523,1,1
5172,3.81253719329834,3.2421798706054688,1,1
5173,3.6391754150390625,3.2909960746765137,1,1
5174,3.9829483032226562,3.6114585399627686,1,1
5175,4.138569355010986,3.49696946144104,1,1
5176,3.5429916381835938,3.424426555633545,1,1
5177,3.853628158569336,3.4938411712646484,1,1
5178,4.097240447998047,3.558272361755371,1,1
5179,3.795612096786499,3.345799446105957,1,1
5180,3.6476283073425293,3.307612895965576,1,1
5181,3.598202705383301,3.4115750789642334,1,1
5182,3.919598340988159,3.502263069152832,1,1
5183,3.370993137359619,3.2798056602478027,1,1
5184,3.8238682746887207,3.6717841625213623,1,1
5185,3.4144954681396484,3.225656747817993,1,1
5186,3.660597562789917,3.2279064655303955,1,1
5187,3.3786873817443848,2.9430031776428223,1,1
5188,2.537839889526367,2.407442092895508,0,0
5189,2.9036991596221924,2.5390217304229736,0,0
5190,3.073075771331787,2.697659730911255,0,0
5191,3.5010714530944824,2.9139230251312256,1,1
5192,3.524287462234497,2.9722046852111816,1,1
5193,3.654130458831787,3.197943687438965,1,1
5194,3.351064682006836,3.1834640502929688,1,1
5195,2.9396259784698486,2.7491538524627686,0,0
5196,3.0040934085845947,2.4845995903015137,0,0
5197,2.839587926864624,2.7264962196350098,0,0
5198,3.1577014923095703,2.874189853668213,0,0
5199,3.477266788482666,3.04685640335083,1,1
5200,2.9554684162139893,2.757093667984009,0,0
5201,3.363860607147217,2.9507107734680176,1,1
5202,2.6965785026550293,2.5447213649749756,0,0
5203,3.434260368347168,2.937709331512451,1,1
5204,3.0387930870056152,3.0337533950805664,0,0
5205,3.5677554607391357,3.3363428115844727,1,1
5206,3.2485907077789307,3.2948572635650635,0,0
5207,3.299849271774292,3.2563414573669434,0,0
5208,3.8086929321289062,3.5918385982513428,1,1
5209,3.1851160526275635,3.198324680328369,0,0
5210,3.714816093444824,3.415222644805908,1,1
5211,3.516582727432251,3.3821473121643066,1,1
5212,3.611665964126587,3.530001401901245,1,1
5213,3.667062997817993,3.6653013229370117,1,1
5214,3.579101324081421,3.4230737686157227,1,1
5215,3.2410871982574463,3.2250590324401855,0,0
5216,3.4320194721221924,3.23462176322937,1,1
5217,3.2728655338287354,3.016056537628174,0,0
5218,3.2465856075286865,3.194157361984253,0,0
5219,3.2886106967926025,3.31209135055542,0,0
5220,3.837975025177002,3.5835726261138916,1,1
5221,3.9708571434020996,3.698244333267212,1,1
5222,3.566293716430664,3.3887906074523926,1,1
5223,3.119136333465576,3.082629919052124,0,0
5224,4.294888496398926,2.8365068435668945,1,1
5225,4.481845378875732,3.464989185333252,1,1
5226,3.1043190956115723,3.127288341522217,0,0
5227,3.365919589996338,3.3158674240112305,0,0
5228,3.0622975826263428,2.9379401206970215,0,0
5229,3.274857759475708,3.22341251373291,0,0
5230,3.4146273136138916,3.1577184200286865,1,1
5231,3.6369714736938477,3.379563331604004,1,1
5232,3.4719645977020264,3.3823513984680176,1,1
5233,3.657278537750244,3.457507610321045,1,1
5234,3.1990041732788086,3.118297576904297,0,0
5235,3.658747673034668,3.4135169982910156,1,1
5236,3.519538640975952,3.3048081398010254,1,1
5237,3.7782034873962402,3.3767919540405273,1,1
5238,3.3728063106536865,3.241443157196045,0,0
5239,3.795020341873169,3.412111520767212,1,1
5240,3.578065872192383,3.212407350540161,1,1
5241,3.6105592250823975,3.1712679862976074,1,1
5242,3.170248031616211,3.132612943649292,0,0
5243,3.2853658199310303,3.113665819168091,0,0
5244,3.6033079624176025,3.2778632640838623,1,1
5245,3.933563709259033,3.45760440826416,1,1
5246,3.7666738033294678,3.5900650024414062,1,1
5247,3.384507417678833,3.288888692855835,0,0
5248,3.8580219745635986,3.582648515701294,1,1
5249,3.8626673221588135,3.4155147075653076,1,1
5250,3.8123133182525635,3.4674620628356934,1,1
5251,3.5246315002441406,3.475383758544922,1,1
5252,3.1978375911712646,3.155489921569824,0,0
5253,3.259413719177246,3.2295119762420654,0,0
5254,3.2191169261932373,3.3906314373016357,0,0
5255,3.516744613647461,3.371394634246826,1,1
5256,3.463965654373169,3.4229536056518555,1,1
5257,3.5858676433563232,3.441702365875244,1,1
5258,3.264631748199463,3.187553644180298,0,0
5259,3.2881698608398438,3.1357970237731934,0,0
5260,3.989020347595215,3.616208076477051,1,1
5261,3.529921770095825,3.255495309829712,1,1
5262,3.2583413124084473,3.2857675552368164,0,0
5263,3.3390021324157715,3.4458794593811035,0,0
5264,3.592883825302124,3.4285717010498047,1,1
5265,3.4102306365966797,3.529906749725342,1,1
5266,3.035526752471924,3.163691997528076,0,0
5267,3.3194379806518555,3.3878989219665527,0,0
5268,3.516221761703491,3.5914433002471924,1,1
5269,3.689519166946411,3.5525522232055664,1,1
5270,3.533515691757202,3.4314117431640625,1,1
5271,3.516892433166504,3.376725673675537,1,1
5272,3.4823317527770996,3.4088056087493896,1,1
5273,3.6197757720947266,3.355687141418457,1,1
5274,3.4320571422576904,3.341862678527832,1,1
5275,3.444101333618164,3.3858981132507324,1,1
5276,3.4686033725738525,3.1606054306030273,1,1
5277,3.016819715499878,2.665844678878784,0,0
5278,2.7882235050201416,2.69179630279541,0,0
5279,3.1468889713287354,2.9911365509033203,0,0
5280,3.716730833053589,3.2834482192993164,1,1
5281,3.1773924827575684,2.8377304077148438,0,0
5282,2.8817479610443115,2.6151983737945557,0,0
5283,3.3391377925872803,3.007841110229492,0,0
5284,2.9477903842926025,2.991274356842041,0,0
5285,3.000239133834839,2.8965845108032227,0,0
5286,2.793959617614746,2.4470670223236084,0,0
5287,2.6376373767852783,2.277329683303833,0,0
5288,3.171863555908203,3.0226502418518066,0,0
5289,2.9541687965393066,2.7518253326416016,0,0
5290,3.120110511779785,2.9415907859802246,0,0
5291,3.2648420333862305,3.0270962715148926,0,0
5292,3.40788197517395,3.2746143341064453,1,1
5293,3.140216588973999,2.9107720851898193,0,0
5294,3.1683621406555176,3.1364731788635254,0,0
5295,3.0885727405548096,3.011589527130127,0,0
5296,3.0178000926971436,2.902621269226074,0,0
5297,3.088442325592041,2.906280517578125,0,0
5298,3.5749764442443848,3.4026455879211426,1,1
5299,3.14067006111145,3.0694737434387207,0,0
5300,3.1374824047088623,2.7793893814086914,0,0
5301,3.202606439590454,3.0071749687194824,0,0
5302,3.3380203247070312,2.906987190246582,0,0
5303,2.7916548252105713,2.615478754043579,0,0
5304,2.9214026927948,2.6770405769348145,0,0
5305,3.060718297958374,2.8072268962860107,0,0
5306,3.484860897064209,3.017739772796631,1,1
5307,2.95076060295105,2.777169704437256,0,0
5308,3.081170082092285,2.8953146934509277,0,0
5309,3.050964832305908,2.7747673988342285,0,0
5310,3.1339662075042725,2.9175620079040527,0,0
5311,3.4722540378570557,3.0657477378845215,1,1
5312,3.2042996883392334,2.984065294265747,0,0
5313,3.4894349575042725,3.07822322845459,1,1
5314,3.5417051315307617,3.135199546813965,1,1
5315,3.279207944869995,3.0400617122650146,0,0
5316,3.2371740341186523,2.901324510574341,0,0
5317,3.6183643341064453,3.3332204818725586,1,1
5318,3.5902671813964844,3.2996253967285156,1,1
5319,3.42960786819458,3.1536331176757812,1,1
5320,3.0974950790405273,2.8739898204803467,0,0
5321,3.443202018737793,3.1172428131103516,1,1
5322,3.077000617980957,3.0705056190490723,0,0
5323,3.046347141265869,2.8864850997924805,0,0
5324,3.4568254947662354,3.000418186187744,1,1
5325,3.3381187915802,3.0917186737060547,0,0
5326,3.058568239212036,2.7886695861816406,0,0
5327,3.5980093479156494,3.1679234504699707,1,1
5328,3.405379056930542,3.2120699882507324,1,1
5329,3.396019697189331,3.1822123527526855,1,1
5330,3.4632105827331543,3.234433174133301,1,1
5331,3.213414192199707,3.0076944828033447,0,0
5332,3.481943130493164,3.2618319988250732,1,1
5333,3.672499656677246,3.3321917057037354,1,1
5334,3.4364166259765625,3.225278377532959,1,1
5335,3.6606693267822266,3.2791390419006348,1,1
5336,3.5786798000335693,3.2008023262023926,1,1
5337,3.3313233852386475,3.010281562805176,0,0
5338,3.616323232650757,3.1201882362365723,1,1
5339,3.3149309158325195,3.012411117553711,0,0
5340,3.18833589553833,3.168468952178955,0,0
5341,2.822719097137451,2.9010539054870605,0,0
5342,3.2765328884124756,3.058267593383789,0,0
5343,3.1349003314971924,2.962153673171997,0,0
5344,3.4180386066436768,3.106328010559082,1,1
5345,2.962481737136841,2.836993932723999,0,0
5346,3.0861213207244873,3.1294198036193848,0,0
5347,3.0588419437408447,2.9607906341552734,0,0
5348,2.9816644191741943,2.7853169441223145,0,0
5349,2.948141098022461,3.0157737731933594,0,0
5350,3.3501670360565186,3.025339365005493,0,0
5351,3.4688472747802734,3.215794324874878,1,1
5352,3.544905185699463,3.3756442070007324,1,1
5353,3.160020589828491,3.1117758750915527,0,0
5354,3.433819532394409,3.244990348815918,1,1
5355,3.201939105987549,3.170884132385254,0,0
5356,3.3996472358703613,3.269853115081787,1,1
5357,3.357633590698242,3.3293190002441406,0,0
5358,3.4375827312469482,3.343351125717163,1,1
5359,3.5316433906555176,3.396819591522217,1,1
5360,3.700917959213257,3.301396369934082,1,1
5361,3.39689040184021,3.2305235862731934,1,1
5362,3.5785744190216064,3.4429492950439453,1,1
5363,3.279232978820801,3.2750630378723145,0,0
5364,3.3453078269958496,3.308173894882202,0,0
5365,3.4884490966796875,3.380560874938965,1,1
5366,3.5002293586730957,3.3188724517822266,1,1
5367,3.227443218231201,3.039921760559082,0,0
5368,3.0483429431915283,3.0327751636505127,0,0
5369,3.5978946685791016,3.33801007270813,1,1
5370,3.208392381668091,3.077683448791504,0,0
5371,3.2962803840637207,3.1026220321655273,0,0
5372,3.4822113513946533,3.223349094390869,1,1
5373,3.150761842727661,3.167579412460327,0,0
5374,3.6842329502105713,3.4635391235351562,1,1
5375,3.382648229598999,3.281273126602173,1,1
5376,3.9215874671936035,3.619682788848877,1,1
5377,3.5257351398468018,3.3144145011901855,1,1
5378,3.6472361087799072,3.2218546867370605,1,1
5379,3.6814980506896973,3.417501926422119,1,1
5380,3.9215049743652344,3.550853729248047,1,1
5381,3.957500696182251,3.6474337577819824,1,1
5382,4.187160968780518,3.78334379196167,1,1
5383,3.987621545791626,3.676361083984375,1,1
5384,3.9829940795898438,3.4432759284973145,1,1
5385,3.8750925064086914,3.521285057067871,1,1
5386,3.4257891178131104,3.31906795501709,1,1
5387,3.6270248889923096,3.3471567630767822,1,1
5388,3.8943991661071777,3.486147403717041,1,1
5389,3.0474236011505127,3.11221981048584,0,0
5390,3.0492403507232666,3.145901679992676,0,0
5391,2.883641242980957,3.0071656703948975,0,0
5392,3.0686111450195312,3.189026355743408,0,0
5393,3.2317488193511963,3.2609174251556396,0,0
5394,3.400674343109131,3.165485143661499,1,1
5395,3.3057546615600586,3.2712554931640625,0,0
5396,3.227044105529785,3.248073101043701,0,0
5397,3.2307839393615723,3.046848773956299,0,0
5398,3.380896806716919,3.3794398307800293,0,0
5399,3.307765245437622,3.2347726821899414,0,0
5400,3.402081251144409,3.3843154907226562,1,1
5401,3.3532795906066895,3.3944413661956787,0,0
5402,3.7763588428497314,3.632310390472412,1,1
5403,3.451267957687378,3.3559908866882324,1,1
5404,3.577410936355591,3.2987656593322754,1,1
5405,3.0692150592803955,3.0073485374450684,0,0
5406,3.5101869106292725,3.279654026031494,1,1
5407,3.4961891174316406,3.3576431274414062,1,1
5408,3.3161981105804443,3.208756446838379,0,0
5409,3.508066415786743,3.195460796356201,1,1
5410,3.6238179206848145,3.4769203662872314,1,1
5411,3.839552640914917,3.4464168548583984,1,1
5412,3.260517120361328,3.020644187927246,0,0
5413,3.4893155097961426,3.3033392429351807,1,1
5414,3.0475199222564697,3.0987186431884766,0,0
5415,3.403923749923706,3.2433409690856934,1,1
5416,3.421873092651367,3.1023030281066895,1,1
5417,3.3109469413757324,3.10144305229187,0,0
5418,3.2393696308135986,3.0903258323669434,0,0
5419,3.299243688583374,3.082468032836914,0,0
5420,3.621067523956299,3.232299327850342,1,1
5421,3.549973964691162,3.154064178466797,1,1
5422,3.3500301837921143,3.237992286682129,0,0
5423,2.9834282398223877,2.9646804332733154,0,0
5424,3.488511085510254,3.1586008071899414,1,1
5425,3.301596164703369,3.1080574989318848,0,0
5426,3.50752329826355,3.234229803085327,1,1
5427,3.603969097137451,3.4150123596191406,1,1
5428,3.727703332901001,3.3797292709350586,1,1
5429,3.301051616668701,3.2347869873046875,0,0
5430,3.3158562183380127,3.2297229766845703,0,0
5431,3.3045389652252197,3.231431007385254,0,0
5432,3.055750846862793,3.110386371612549,0,0
5433,3.296741247177124,3.3111772537231445,0,0
5434,3.081653118133545,3.2449827194213867,0,0
5435,3.4471633434295654,3.4818456172943115,1,1
5436,3.319805145263672,3.2607197761535645,0,0
5437,3.3522000312805176,3.3883657455444336,0,0
5438,3.2432565689086914,3.3693056106567383,0,0
5439,3.4040894508361816,3.390796661376953,1,1
5440,3.2930402755737305,3.328286647796631,0,0
5441,3.6613428592681885,3.4229159355163574,1,1
5442,2.9888782501220703,2.793609142303467,0,0
5443,3.4472970962524414,3.175471305847168,1,1
5444,3.302887201309204,3.2515549659729004,0,0
5445,3.0552008152008057,2.8507089614868164,0,0
5446,3.275712728500366,3.2726340293884277,0,0
5447,3.1642069816589355,3.120518684387207,0,0
5448,2.933978796005249,2.969310760498047,0,0
5449,3.3414251804351807,3.1568946838378906,0,0
5450,3.1018710136413574,3.0611681938171387,0,0
5451,3.4350719451904297,3.1890158653259277,1,1
5452,3.485478401184082,3.105250358581543,1,1
5453,3.763200283050537,3.4098682403564453,1,1
5454,3.7467825412750244,3.520108222961426,1,1
5455,3.9445533752441406,3.4711008071899414,1,1
5456,3.8301680088043213,3.3173751831054688,1,1
5457,3.444246768951416,3.1628856658935547,1,1
5458,2.8335533142089844,2.859940767288208,0,0
5459,3.3576178550720215,3.0716679096221924,1,1
5460,3.433758020401001,2.99798583984375,1,1
5461,3.56424617767334,3.286616802215576,1,1
5462,3.583927869796753,3.4916210174560547,1,1
5463,3.02490496635437,3.0089831352233887,0,0
5464,2.891563653945923,2.908114194869995,0,0
5465,2.728126287460327,2.5988214015960693,0,0
5466,3.5442471504211426,3.0725393295288086,1,1
5467,3.019047260284424,2.9998154640197754,0,0
5468,3.2509965896606445,3.0947928428649902,0,0
5469,3.5974996089935303,3.3998258113861084,1,1
5470,3.363342523574829,3.1107194423675537,1,1
5471,2.83689284324646,2.6718053817749023,0,0
5472,3.0240752696990967,2.9467148780822754,0,0
5473,2.9951398372650146,2.907752275466919,0,0
5474,3.2908852100372314,3.175572633743286,0,0
5475,3.0246853828430176,3.1097593307495117,0,0
5476,3.3974735736846924,3.1619904041290283,1,1
5477,2.9159915447235107,2.914428472518921,0,0
5478,3.1045753955841064,2.9938676357269287,0,0
5479,2.934363842010498,2.9719748497009277,0,0
5480,3.121497869491577,2.9951717853546143,0,0
5481,3.2381882667541504,3.0384721755981445,0,0
5482,3.1781272888183594,3.2343592643737793,0,0
5483,3.434818983078003,3.217904567718506,1,1
5484,3.5120909214019775,3.519552230834961,1,1
5485,3.416107177734375,3.287148952484131,1,1
5486,3.3033196926116943,3.206707000732422,0,0
5487,3.327544927597046,3.2759170532226562,0,0
5488,3.4102847576141357,3.15926194190979,1,1
5489,3.103517770767212,3.026041269302368,0,0
5490,2.913646697998047,2.884793996810913,0,0
5491,3.0475800037384033,2.7427279949188232,0,0
5492,3.1875298023223877,3.014773368835449,0,0
5493,3.1621851921081543,3.1477503776550293,0,0
5494,3.079064130783081,3.218453884124756,0,0
5495,3.218510150909424,3.209942579269409,0,0
5496,3.2504117488861084,3.2174463272094727,0,0
5497,3.202768564224243,3.2957122325897217,0,0
5498,3.545356035232544,3.330148458480835,1,1
5499,3.1710245609283447,3.0813612937927246,0,0
5500,2.847444534301758,2.8255815505981445,0,0
5501,3.0791587829589844,3.063183307647705,0,0
5502,3.419942855834961,3.2596659660339355,1,1
5503,3.4618711471557617,3.3265411853790283,1,1
5504,3.243652105331421,3.1862964630126953,0,0
5505,3.228419065475464,3.0412943363189697,0,0
5506,3.7779102325439453,3.3609962463378906,1,1
5507,3.233314037322998,3.1122071743011475,0,0
5508,2.615795850753784,2.61370587348938,0,0
5509,2.7108945846557617,2.7949588298797607,0,0
5510,2.7553892135620117,2.7606022357940674,0,0
5511,2.8009214401245117,2.608748435974121,0,0
5512,3.0375592708587646,2.9848828315734863,0,0
5513,1.7189009189605713,1.807853102684021,0,0
5514,2.4672255516052246,2.521791934967041,0,0
5515,2.8424108028411865,2.849095106124878,0,0
5516,3.2806761264801025,3.084016799926758,0,0
5517,2.9786760807037354,3.0058329105377197,0,0
5518,3.333035469055176,3.0918498039245605,1,1
5519,3.628176689147949,3.30086612701416,1,1
5520,3.0083484649658203,2.849644184112549,0,0
5521,3.060744524002075,3.0884275436401367,0,0
5522,3.178506374359131,2.998744487762451,0,0
5523,2.9462637901306152,2.754120349884033,0,0
5524,3.0075206756591797,2.800274610519409,0,0
5525,3.0934064388275146,3.0596208572387695,0,0
5526,2.9975109100341797,2.8550288677215576,0,0
5527,2.942073106765747,2.991330146789551,0,0
5528,2.8833937644958496,2.756027936935425,0,0
5529,3.173449754714966,2.844409465789795,0,0
5530,3.2294321060180664,2.8092780113220215,0,0
5531,3.010982036590576,2.8988709449768066,0,0
5532,3.351135492324829,3.0737099647521973,1,1
5533,3.4948501586914062,3.151186943054199,1,1
5534,3.0905416011810303,2.859487771987915,0,0
5535,3.4296209812164307,3.179111957550049,1,1
5536,3.5262184143066406,3.2710766792297363,1,1
5537,2.9881627559661865,2.921668529510498,0,0
5538,3.007998466491699,2.8967032432556152,0,0
5539,3.4550130367279053,3.147578239440918,1,1
5540,3.299055814743042,3.168034553527832,0,0
5541,2.87904953956604,2.8896403312683105,0,0
5542,3.2758901119232178,3.0671212673187256,0,0
5543,3.554636001586914,3.2373695373535156,1,1
5544,3.4854013919830322,3.2934131622314453,1,1
5545,3.563744306564331,3.163191080093384,1,1
5546,3.6768524646759033,3.260296583175659,1,1
5547,3.8215818405151367,3.410729169845581,1,1
5548,3.657100200653076,3.0911779403686523,1,1
5549,3.350087881088257,3.1484503746032715,1,1
5550,3.695178508758545,3.225687026977539,1,1
5551,3.537261962890625,3.1587772369384766,1,1
5552,3.2210354804992676,3.0196118354797363,0,0
5553,3.4026029109954834,3.2616987228393555,1,1
5554,3.5356225967407227,3.356799602508545,1,1
5555,3.6598126888275146,3.388862133026123,1,1
5556,3.6534764766693115,3.3928492069244385,1,1
5557,3.5344605445861816,3.388460159301758,1,1
5558,3.445995569229126,3.099379062652588,1,1
5559,3.78696608543396,3.4088709354400635,1,1
5560,3.7754135131835938,3.3891501426696777,1,1
5561,3.069629430770874,2.9166135787963867,0,0
5562,3.0863912105560303,2.946040153503418,0,0
5563,3.1360647678375244,2.952177047729492,0,0
5564,3.405945062637329,3.180668354034424,1,1
5565,3.3298916816711426,3.054699420928955,1,1
5566,2.8820416927337646,2.471935272216797,0,0
5567,2.9479427337646484,2.793684959411621,0,0
5568,3.5951685905456543,3.2989344596862793,1,1
5569,3.2602550983428955,3.0885281562805176,0,0
5570,3.435582399368286,3.1527278423309326,1,1
5571,3.4308300018310547,3.14347243309021,1,1
5572,3.463866710662842,3.126953125,1,1
5573,3.435023784637451,3.2587063312530518,1,1
5574,3.371647596359253,3.1427435874938965,1,1
5575,3.293215751647949,3.192969560623169,0,0
5576,3.4076919555664062,3.218975067138672,1,1
5577,3.4973011016845703,3.395259141921997,1,1
5578,3.67204213142395,3.2889297008514404,1,1
5579,3.7502827644348145,3.670550584793091,1,1
5580,3.5685558319091797,3.544719696044922,1,1
5581,3.387261390686035,3.0122640132904053,1,1
5582,3.473215341567993,3.3647284507751465,1,1
5583,3.327181100845337,3.1136045455932617,1,1
5584,3.464834690093994,3.470489263534546,1,1
5585,3.294093370437622,3.252192735671997,0,0
5586,3.377246141433716,3.2785849571228027,1,1
5587,2.8299365043640137,2.7245357036590576,0,0
5588,3.5433430671691895,3.530749559402466,1,1
5589,3.7712302207946777,3.479076385498047,1,1
5590,3.1101865768432617,3.0944406986236572,0,0
5591,3.484800338745117,3.2536754608154297,1,1
5592,2.600776195526123,2.5482306480407715,0,0
5593,3.640146255493164,3.4221935272216797,1,1
5594,3.8407492637634277,3.475165843963623,1,1
5595,3.069295883178711,2.992741107940674,0,0
5596,3.2529468536376953,2.9007434844970703,0,0
5597,3.2515687942504883,3.140944004058838,0,0
5598,3.1350185871124268,2.9557981491088867,0,0
5599,3.025139570236206,2.9553399085998535,0,0
5600,3.3529441356658936,3.1033430099487305,1,1
5601,3.4116909503936768,3.071819305419922,1,1
5602,3.363175868988037,3.060366153717041,1,1
5603,3.6070876121520996,3.128509044647217,1,1
5604,3.5988283157348633,3.3450374603271484,1,1
5605,3.9682178497314453,3.3405234813690186,1,1
5606,4.2720842361450195,3.604621410369873,1,1
5607,3.7961196899414062,3.434094190597534,1,1
5608,3.573392629623413,3.295452117919922,1,1
5609,2.901846170425415,2.835787773132324,0,0
5610,3.0861868858337402,2.899757146835327,0,0
5611,3.0108296871185303,3.060868263244629,0,0
5612,3.2911083698272705,3.2655675411224365,0,0
5613,2.7918450832366943,2.8193655014038086,0,0
5614,3.2295820713043213,3.202937126159668,0,0
5615,3.2492687702178955,3.1487832069396973,0,0
5616,2.815520763397217,2.6935648918151855,0,0
5617,2.901902437210083,2.7580690383911133,0,0
5618,2.537513494491577,2.432901382446289,0,0
5619,2.6414568424224854,2.6296615600585938,0,0
5620,3.014155387878418,2.960824966430664,0,0
5621,2.6922852993011475,2.7345027923583984,0,0
5622,2.5249555110931396,2.6353108882904053,0,0
5623,3.23545503616333,3.2422704696655273,0,0
5624,2.91524338722229,2.792996883392334,0,0
5625,2.8502252101898193,2.7655153274536133,0,0
5626,3.0456531047821045,2.8888487815856934,0,0
5627,3.07068133354187,3.0177552700042725,0,0
5628,3.255265474319458,3.137242317199707,0,0
5629,3.0833189487457275,2.8562707901000977,0,0
5630,3.246743679046631,3.1278696060180664,0,0
5631,3.2229268550872803,3.068843126296997,0,0
5632,3.166419506072998,3.004676580429077,0,0
5633,2.8917391300201416,2.892302989959717,0,0
5634,2.9593346118927,2.8333077430725098,0,0
5635,2.9632153511047363,2.8974082469940186,0,0
5636,3.331997871398926,3.3169357776641846,1,1
5637,3.003408670425415,3.1255905628204346,0,0
5638,3.5235111713409424,3.419339895248413,1,1
5639,3.540862560272217,3.3396358489990234,1,1
5640,3.0502326488494873,2.949235439300537,0,0
5641,2.897732734680176,2.776608467102051,0,0
5642,3.13915753364563,3.004805564880371,0,0
5643,3.2795984745025635,3.135087490081787,1,1
5644,3.5082924365997314,3.3766300678253174,1,1
5645,3.4427690505981445,3.249403953552246,1,1
5646,3.2767441272735596,3.3019983768463135,1,1
5647,3.274925470352173,3.197345495223999,1,1
5648,3.145845890045166,3.007905960083008,0,0
5649,2.587155342102051,2.6108436584472656,0,0
5650,2.9738895893096924,2.9617793560028076,0,0
5651,2.7410030364990234,2.791846752166748,0,0
5652,3.007805347442627,2.955730438232422,0,0
5653,3.1927127838134766,3.2263879776000977,0,0
5654,3.091554641723633,3.1625542640686035,0,0
5655,2.926100015640259,3.035576820373535,0,0
5656,2.886878728866577,3.040663719177246,0,0
5657,2.665006160736084,2.85158634185791,0,0
5658,2.7884936332702637,2.8269078731536865,0,0
5659,2.749356508255005,2.8387928009033203,0,0
5660,2.7999095916748047,2.8933048248291016,0,0
5661,3.092740058898926,3.171205520629883,0,0
5662,2.866241455078125,3.168829917907715,0,0
5663,3.3594396114349365,3.391087532043457,1,1
5664,3.1897177696228027,3.09628963470459,0,0
5665,3.2490382194519043,3.144901990890503,1,1
5666,3.141066312789917,3.0640225410461426,0,0
5667,3.179231643676758,2.903036117553711,0,0
5668,3.6878912448883057,3.2489519119262695,1,1
5669,3.6811909675598145,3.413236618041992,1,1
5670,3.206233263015747,3.054603099822998,0,0
5671,3.375656843185425,3.131075143814087,1,1
5672,3.5717673301696777,3.1018803119659424,1,1
5673,2.6255531311035156,2.412964344024658,0,0
5674,2.9039931297302246,2.6319587230682373,0,0
5675,2.8584017753601074,2.7514877319335938,0,0
5676,3.1587917804718018,2.8410534858703613,0,0
5677,3.0630483627319336,2.794480323791504,0,0
5678,3.0963423252105713,2.7724673748016357,0,0
5679,2.796257734298706,2.652055263519287,0,0
5680,3.06988787651062,2.8852698802948,0,0
5681,3.1834120750427246,3.162794589996338,0,0
5682,3.200198173522949,3.003109931945801,0,0
5683,3.300713062286377,3.152432918548584,1,1
5684,3.373396873474121,3.1368613243103027,1,1
5685,2.9016122817993164,2.96577525138855,0,0
5686,3.0263192653656006,2.6962194442749023,0,0
5687,2.55603289604187,2.4261422157287598,0,0
5688,3.171593189239502,3.051807165145874,0,0
5689,3.428842306137085,3.129074811935425,1,1
5690,2.936870574951172,2.8968112468719482,0,0
5691,2.8831117153167725,2.8128371238708496,0,0
5692,2.8544132709503174,2.687408447265625,0,0
5693,3.1090004444122314,2.68959379196167,0,0
5694,3.1419763565063477,2.8291587829589844,0,0
5695,3.016850471496582,2.941883087158203,0,0
5696,2.9847960472106934,2.949069023132324,0,0
5697,3.2645411491394043,3.170030117034912,1,1
5698,3.50329852104187,3.1167712211608887,1,1
5699,3.699061155319214,3.141874074935913,1,1
5700,3.7113559246063232,3.2916083335876465,1,1
5701,3.4088046550750732,3.2136411666870117,1,1
5702,3.1889870166778564,3.1127302646636963,0,0
5703,3.2837953567504883,3.130592107772827,1,1
5704,2.9850776195526123,2.634506940841675,0,0
5705,3.307332992553711,3.0091376304626465,1,1
5706,3.6668686866760254,3.0567049980163574,1,1
5707,2.7074501514434814,2.4776108264923096,0,0
5708,2.942371129989624,2.907744884490967,0,0
5709,3.658980131149292,3.305664539337158,1,1
5710,4.0106282234191895,3.3485007286071777,1,1
5711,3.574629068374634,3.1155810356140137,1,1
5712,3.4887382984161377,3.19449520111084,1,1
5713,3.342372179031372,3.0667378902435303,1,1
5714,2.8850531578063965,2.780064344406128,0,0
5715,3.470308780670166,3.2529892921447754,1,1
5716,3.355776309967041,3.1555135250091553,1,1
5717,3.6882314682006836,3.5483312606811523,1,1
5718,3.430447578430176,3.3154408931732178,1,1
5719,2.9454615116119385,3.0414438247680664,0,0
5720,3.4441335201263428,3.316202402114868,1,1
5721,3.1403043270111084,3.1457436084747314,0,0
5722,2.9234344959259033,2.8060433864593506,0,0
5723,3.338841438293457,3.1953110694885254,1,1
5724,2.9657726287841797,2.8088300228118896,0,0
5725,3.0598249435424805,2.728342294692993,0,0
5726,3.145319700241089,2.70474910736084,0,0
5727,3.317340850830078,2.8495101928710938,1,1
5728,3.25784969329834,2.878415822982788,1,1
5729,3.241629123687744,3.0891809463500977,0,0
5730,3.1296682357788086,2.7681026458740234,0,0
5731,3.3638107776641846,3.272404193878174,1,1
5732,2.9187119007110596,2.7485666275024414,0,0
5733,3.367117404937744,3.001882314682007,1,1
5734,3.2515223026275635,2.9301371574401855,1,1
5735,3.177537202835083,2.907012462615967,0,0
5736,3.1598386764526367,2.784581422805786,0,0
5737,3.575787305831909,3.349635124206543,1,1
5738,3.2605228424072266,3.2029120922088623,1,1
5739,2.9328763484954834,3.0417933464050293,0,0
5740,3.334181070327759,3.6423139572143555,1,1
5741,3.227457284927368,3.149876594543457,0,0
5742,2.21091890335083,1.805490255355835,0,0
5743,2.9554502964019775,3.0603251457214355,0,0
5744,3.115774393081665,3.043829917907715,0,0
5745,2.963078737258911,3.0545172691345215,0,0
5746,3.746508836746216,3.537447452545166,1,1
5747,3.552989959716797,3.427509307861328,1,1
5748,2.742079496383667,2.7842559814453125,0,0
5749,3.307279348373413,3.0500307083129883,1,1
5750,3.208899736404419,3.088860034942627,0,0
5751,3.2925941944122314,3.255654811859131,1,1
5752,3.0386407375335693,3.2265541553497314,0,0
5753,3.292387008666992,3.245502471923828,1,1
5754,3.333695888519287,3.139096736907959,1,1
5755,3.552130699157715,3.2154741287231445,1,1
5756,3.2719621658325195,3.1404428482055664,1,1
5757,3.379168748855591,3.2046353816986084,1,1
5758,3.3063247203826904,3.153494358062744,1,1
5759,3.749459981918335,3.4793319702148438,1,1
5760,3.8183271884918213,3.569467067718506,1,1
5761,3.7647485733032227,3.314574718475342,1,1
5762,4.101290225982666,3.5218124389648438,1,1
5763,3.55820894241333,3.194645643234253,1,1
5764,3.0428056716918945,2.829498291015625,0,0
5765,3.7117016315460205,3.1432323455810547,1,1
5766,3.5702908039093018,3.2735252380371094,1,1
5767,3.3082282543182373,3.2266736030578613,1,1
5768,3.1193089485168457,2.963700532913208,0,0
5769,3.218569040298462,2.8848166465759277,0,0
5770,3.1538920402526855,2.9637467861175537,0,0
5771,2.873239040374756,2.8548972606658936,0,0
5772,3.2201755046844482,3.0526866912841797,0,0
5773,3.123032569885254,2.9700093269348145,0,0
5774,3.1206281185150146,2.906128406524658,0,0
5775,3.222721576690674,3.106180191040039,1,1
5776,3.071742534637451,2.95896053314209,0,0
5777,3.0736186504364014,2.90429425239563,0,0
5778,3.1878700256347656,3.020908832550049,0,0
5779,3.443317174911499,2.9579758644104004,1,1
5780,3.0928871631622314,2.996473789215088,0,0
5781,3.213487386703491,3.1217074394226074,1,1
5782,3.1466779708862305,2.8376541137695312,0,0
5783,3.1971192359924316,3.0120508670806885,1,1
5784,2.8685712814331055,2.6792969703674316,0,0
5785,3.459531784057617,3.055887222290039,1,1
5786,3.305417537689209,2.9561991691589355,1,1
5787,3.3896737098693848,2.979072093963623,1,1
5788,3.6618423461914062,3.309192657470703,1,1
5789,3.167837381362915,2.945709228515625,0,0
5790,2.8449220657348633,2.706671714782715,0,0
5791,3.107034683227539,3.077177047729492,0,0
5792,3.3103744983673096,3.149601936340332,1,1
5793,3.1187989711761475,2.9867796897888184,0,0
5794,3.2530386447906494,3.198946952819824,1,1
5795,3.349311590194702,3.218502998352051,1,1
5796,3.650475263595581,3.426729202270508,1,1
5797,3.264432668685913,3.1172986030578613,1,1
5798,3.1524786949157715,3.1740243434906006,0,0
5799,3.5913779735565186,3.3706963062286377,1,1
5800,3.0156774520874023,3.0890960693359375,0,0
5801,3.2986948490142822,3.276839256286621,1,1
5802,3.4070851802825928,3.2992045879364014,1,1
5803,3.0913941860198975,3.034891128540039,0,0
5804,3.609372854232788,3.1458733081817627,1,1
5805,3.5776262283325195,3.071254253387451,1,1
5806,3.409989595413208,3.0036120414733887,1,1
5807,3.5185062885284424,3.2393479347229004,1,1
5808,3.401357412338257,3.31571626663208,1,1
5809,3.7783665657043457,3.3561933040618896,1,1
5810,3.296058177947998,3.126605987548828,1,1
5811,3.1271591186523438,3.0482840538024902,0,0
5812,3.1211767196655273,2.980320453643799,0,0
5813,3.341775417327881,3.1593503952026367,1,1
5814,3.26747727394104,2.9649620056152344,1,1
5815,3.8746135234832764,3.103058099746704,1,1
5816,3.6842429637908936,2.9122910499572754,1,1
5817,3.2097747325897217,3.1650235652923584,1,1
5818,3.592797040939331,3.24666428565979,1,1
5819,4.0480451583862305,3.1119461059570312,1,1
5820,4.058565139770508,2.8531551361083984,1,1
5821,3.8860971927642822,2.8835277557373047,1,1
5822,4.403061866760254,3.051356077194214,1,1
5823,3.034492015838623,2.786822557449341,0,0
5824,4.645374298095703,3.0842976570129395,1,1
5825,4.202784061431885,2.898178815841675,1,1
5826,3.392773389816284,3.0063834190368652,1,1
5827,3.564619302749634,2.548762798309326,1,1
5828,3.681041717529297,2.8928399085998535,1,1
5829,3.257756471633911,2.8015284538269043,1,1
5830,4.21500301361084,3.445164203643799,1,1
5831,3.2929108142852783,2.8825483322143555,1,1
5832,3.4761440753936768,3.172957181930542,1,1
5833,3.303142547607422,2.988386631011963,1,1
5834,3.6142024993896484,2.828763484954834,1,1
5835,3.9561069011688232,2.754195213317871,1,1
5836,3.6578056812286377,2.777700424194336,1,1
5837,3.890672206878662,3.068692684173584,1,1
5838,3.5830078125,2.6075382232666016,1,1
5839,3.442965507507324,2.839475154876709,1,1
5840,4.604623794555664,2.792550563812256,1,1
5841,3.493609666824341,2.868990898132324,1,1
5842,3.8149940967559814,2.8190929889678955,1,1
5843,4.072142124176025,3.151817798614502,1,1
5844,3.782698631286621,3.3328404426574707,1,1
5845,2.9870564937591553,2.970539093017578,0,0
5846,3.2395288944244385,3.2165369987487793,0,0
5847,3.373980760574341,3.269556999206543,1,1
5848,3.8913414478302,3.395799160003662,1,1
5849,3.205007791519165,2.8941943645477295,0,0
5850,2.9950034618377686,2.9557740688323975,0,0
5851,3.0423455238342285,3.0273919105529785,0,0
5852,3.2834341526031494,3.0730912685394287,1,1
5853,3.204206705093384,3.271876335144043,0,0
5854,3.3007028102874756,3.240779399871826,1,1
5855,3.6866490840911865,3.5846452713012695,1,1
5856,3.523266315460205,3.47442364692688,1,1
5857,3.3014352321624756,3.287428855895996,1,1
5858,3.933833599090576,3.552980899810791,1,1
5859,3.249030590057373,3.2860779762268066,0,0
5860,3.293036699295044,3.1158459186553955,1,1
5861,3.591231107711792,3.4119927883148193,1,1
5862,3.0820212364196777,3.056262254714966,0,0
5863,3.2776079177856445,3.1948156356811523,0,0
5864,3.3405888080596924,3.2447454929351807,1,1
5865,3.2583203315734863,3.047656536102295,0,0
5866,2.931584119796753,2.9397404193878174,0,0
5867,3.498940944671631,3.318387985229492,1,1
5868,3.128251552581787,2.920544385910034,0,0
5869,3.2945635318756104,3.1903188228607178,1,1
5870,3.362757921218872,3.096484661102295,1,1
5871,3.3210434913635254,3.009445905685425,1,1
5872,3.1507837772369385,3.090576171875,0,0
5873,3.459138870239258,3.1526503562927246,1,1
5874,3.2624993324279785,3.2519912719726562,0,0
5875,3.0296192169189453,2.959599018096924,0,0
5876,3.3712542057037354,3.2281737327575684,1,1
5877,3.412874698638916,3.1486740112304688,1,1
5878,3.211489200592041,3.1384639739990234,0,0
5879,3.6933043003082275,3.302879810333252,1,1
5880,3.6062088012695312,3.3125007152557373,1,1
5881,3.166046142578125,3.170320510864258,0,0
5882,3.267488479614258,3.161634683609009,0,0
5883,3.259026050567627,3.2740583419799805,0,0
5884,3.78585147857666,3.26064395904541,1,1
5885,3.283214569091797,3.15376615524292,0,0
5886,3.3072099685668945,3.3456711769104004,1,1
5887,3.4011728763580322,3.2089157104492188,1,1
5888,3.2926623821258545,3.3309247493743896,0,0
5889,3.5541248321533203,3.4656476974487305,1,1
5890,3.5574254989624023,3.4812960624694824,1,1
5891,3.7178432941436768,3.2920284271240234,1,1
5892,3.4089152812957764,3.204920768737793,1,1
5893,3.508464813232422,3.259796380996704,1,1
5894,3.176504373550415,2.931288719177246,0,0
5895,3.221968650817871,3.0989511013031006,0,0
5896,3.1197729110717773,2.8764357566833496,0,0
5897,3.054687261581421,2.8479409217834473,0,0
5898,3.173020601272583,2.6620936393737793,0,0
5899,3.5003244876861572,3.02354097366333,1,1
5900,3.2114155292510986,2.8430919647216797,0,0
5901,3.188032388687134,2.9521284103393555,0,0
5902,3.493927478790283,3.0779576301574707,1,1
5903,3.425051212310791,3.1453771591186523,1,1
5904,3.190342903137207,2.9300851821899414,0,0
5905,3.1511359214782715,2.8884201049804688,0,0
5906,3.308234214782715,2.82472825050354,1,1
5907,2.917036771774292,2.748189926147461,0,0
5908,3.085679769515991,2.797743320465088,0,0
5909,3.0979528427124023,2.814749240875244,0,0
5910,3.20306658744812,2.82023286819458,0,0
5911,3.1892495155334473,2.846827507019043,0,0
5912,3.7022342681884766,2.9710137844085693,1,1
5913,3.5760018825531006,3.3068838119506836,1,1
5914,3.815059185028076,3.198413133621216,1,1
5915,3.0452163219451904,2.7899842262268066,0,0
5916,3.0687379837036133,2.806631565093994,0,0
5917,3.6397571563720703,3.1144628524780273,1,1
5918,3.644740104675293,3.015158176422119,1,1
5919,3.21993088722229,3.0232419967651367,0,0
5920,3.4950509071350098,2.997823476791382,1,1
5921,3.3078713417053223,2.8852200508117676,1,1
5922,3.2719497680664062,3.002408981323242,0,0
5923,3.118586778640747,2.695582389831543,0,0
5924,3.1583707332611084,2.8941807746887207,0,0
5925,3.4643895626068115,3.0318398475646973,1,1
5926,2.430009365081787,2.1218106746673584,0,0
5927,3.254790782928467,3.0429491996765137,0,0
5928,3.6898579597473145,3.3645410537719727,1,1
5929,3.489048480987549,3.425912380218506,1,1
5930,3.418241024017334,3.49862003326416,1,1
5931,2.8264517784118652,2.843258857727051,0,0
5932,2.9717936515808105,2.8502755165100098,0,0
5933,3.591883897781372,3.1926157474517822,1,1
5934,3.066652297973633,2.733315944671631,0,0
5935,3.4372622966766357,3.1508028507232666,1,1
5936,3.0587103366851807,3.0682387351989746,0,0
5937,3.1727101802825928,2.9485819339752197,0,0
5938,3.07450532913208,2.8886256217956543,0,0
5939,3.359530210494995,3.0927751064300537,1,1
5940,3.3276400566101074,3.186100959777832,1,1
5941,2.9228460788726807,3.0744073390960693,0,0
5942,3.0460643768310547,3.054858922958374,0,0
5943,3.379260540008545,3.3252811431884766,1,1
5944,3.202974796295166,3.03251051902771,0,0
5945,2.962796211242676,2.9169836044311523,0,0
5946,3.657156229019165,3.4433112144470215,1,1
5947,3.132591962814331,3.2359933853149414,0,0
5948,3.6301486492156982,3.4345431327819824,1,1
5949,3.031501293182373,3.0941052436828613,0,0
5950,2.956808567047119,2.8463473320007324,0,0
5951,3.1266562938690186,3.07425856590271,0,0
5952,3.220076560974121,3.0641427040100098,0,0
5953,3.3759214878082275,3.2996230125427246,1,1
5954,3.205212116241455,3.317422389984131,0,0
5955,3.2346370220184326,3.225039482116699,0,0
5956,2.827578544616699,2.793821334838867,0,0
5957,3.3915371894836426,3.1416382789611816,1,1
5958,3.5285074710845947,3.438856840133667,1,1
5959,3.645622730255127,3.4900174140930176,1,1
5960,3.077535629272461,2.914827346801758,0,0
5961,3.0395331382751465,2.9543676376342773,0,0
5962,3.4757802486419678,3.142228126525879,1,1
5963,3.4333291053771973,3.1770622730255127,1,1
5964,3.5334880352020264,3.329620122909546,1,1
5965,3.036665916442871,3.1436729431152344,0,0
5966,2.838611364364624,2.719731569290161,0,0
5967,3.207695245742798,2.9920907020568848,0,0
5968,2.9701712131500244,2.855480194091797,0,0
5969,3.373070001602173,3.057223081588745,1,1
5970,3.152076005935669,2.954134702682495,0,0
5971,3.5396478176116943,3.150722026824951,1,1
5972,3.2977423667907715,3.1703245639801025,1,1
5973,3.1923718452453613,2.9429938793182373,0,0
5974,2.9431159496307373,2.6549999713897705,0,0
5975,2.789268732070923,2.6139097213745117,0,0
5976,3.2259511947631836,2.9288530349731445,0,0
5977,3.1806089878082275,2.895761013031006,0,0
5978,3.2440152168273926,3.211440324783325,0,0
5979,3.4018051624298096,3.1754660606384277,1,1
5980,3.2298834323883057,3.0544207096099854,0,0
5981,3.3046071529388428,3.0553932189941406,1,1
5982,3.4622061252593994,3.1326160430908203,1,1
5983,3.494656562805176,3.329960346221924,1,1
5984,3.6777758598327637,3.1214284896850586,1,1
5985,3.294724225997925,2.981959342956543,0,0
5986,3.3101625442504883,3.029677391052246,1,1
5987,3.554628610610962,3.1834611892700195,1,1
5988,2.5017712116241455,2.5693204402923584,0,0
5989,2.856569290161133,2.8602566719055176,0,0
5990,3.142237663269043,2.946922779083252,0,0
5991,3.87119197845459,3.4966464042663574,1,1
5992,3.324185848236084,3.034475803375244,1,1
5993,4.086153507232666,3.436317205429077,1,1
5994,3.4125287532806396,3.2148044109344482,1,1
5995,3.673626661300659,3.305428981781006,1,1
5996,3.722964286804199,3.2902612686157227,1,1
5997,3.5221681594848633,3.119755744934082,1,1
5998,3.3214166164398193,3.1842565536499023,1,1
5999,2.9995579719543457,3.001617193222046,0,0
6000,3.2395503520965576,3.093043804168701,0,0
6001,3.4125657081604004,3.2824370861053467,1,1
6002,3.3026974201202393,3.2421774864196777,0,0
6003,3.145876884460449,2.9885895252227783,0,0
6004,3.2283883094787598,2.992812156677246,0,0
6005,3.787675142288208,3.511214256286621,1,1
6006,3.405646562576294,3.334528923034668,1,1
6007,3.5964739322662354,3.4150218963623047,1,1
6008,3.491626024246216,3.3248305320739746,1,1
6009,3.6464459896087646,3.4989585876464844,1,1
6010,3.7409439086914062,3.406031370162964,1,1
6011,3.6131339073181152,3.353003978729248,1,1
6012,3.6949377059936523,3.401339530944824,1,1
6013,3.544908285140991,3.1546132564544678,1,1
6014,3.713941812515259,3.433318614959717,1,1
6015,3.6146771907806396,3.2556204795837402,1,1
6016,3.9612720012664795,3.3612918853759766,1,1
6017,3.6439709663391113,3.2544329166412354,1,1
6018,3.891949415206909,3.5036869049072266,1,1
6019,3.182090997695923,3.0791893005371094,0,0
6020,3.51491379737854,3.3197312355041504,1,1
6021,3.4448981285095215,3.2996878623962402,1,1
6022,3.2349483966827393,3.1344714164733887,0,0
6023,3.685105800628662,3.432974338531494,1,1
6024,3.745647430419922,3.3151168823242188,1,1
6025,3.386662483215332,3.4264793395996094,1,1
6026,3.0753016471862793,3.0612242221832275,0,0
6027,3.743023633956909,3.4073848724365234,1,1
6028,3.12575364112854,3.0065762996673584,0,0
6029,3.399535655975342,3.12996244430542,1,1
6030,3.287754774093628,2.9467692375183105,0,0
6031,3.516761541366577,3.295592784881592,1,1
6032,3.3389225006103516,3.152278423309326,1,1
6033,3.3607490062713623,3.241701602935791,1,1
6034,3.3886075019836426,3.219844341278076,1,1
6035,3.6950979232788086,3.3483779430389404,1,1
6036,3.3651342391967773,3.327674388885498,1,1
6037,3.591343641281128,3.2842583656311035,1,1
6038,3.6314291954040527,3.3214030265808105,1,1
6039,3.590006113052368,3.3259682655334473,1,1
6040,3.2202601432800293,2.971719741821289,0,0
6041,2.8180456161499023,2.532479763031006,0,0
6042,2.7731776237487793,2.4000275135040283,0,0
6043,3.470935106277466,3.1433537006378174,1,1
6044,3.494938850402832,3.4735517501831055,1,1
6045,3.591440439224243,3.413703441619873,1,1
6046,3.4619359970092773,3.361424446105957,1,1
6047,3.5765061378479004,3.291013717651367,1,1
6048,3.2112252712249756,3.2315473556518555,0,0
6049,3.6998212337493896,3.405374526977539,1,1
6050,4.130765438079834,3.7127537727355957,1,1
6051,3.6385838985443115,3.598409652709961,1,1
6052,3.3490748405456543,3.217210292816162,1,1
6053,3.8757147789001465,3.472822904586792,1,1
6054,3.511023998260498,3.324338436126709,1,1
6055,3.316075325012207,3.2819807529449463,0,0
6056,3.4188544750213623,3.2250661849975586,1,1
6057,3.4007389545440674,3.146937370300293,1,1
6058,3.5974979400634766,3.1813340187072754,1,1
6059,3.7098987102508545,3.438962459564209,1,1
6060,3.486762762069702,3.054903030395508,1,1
6061,3.2198445796966553,3.0777547359466553,0,0
6062,3.143693685531616,2.9978809356689453,0,0
6063,3.3379836082458496,3.0247511863708496,0,0
6064,3.3541619777679443,3.047351360321045,1,1
6065,2.8852484226226807,2.6331522464752197,0,0
6066,2.932028293609619,2.8714792728424072,0,0
6067,3.053956985473633,2.685431718826294,0,0
6068,3.0842666625976562,2.840500831604004,0,0
6069,3.3127334117889404,2.8603663444519043,0,0
6070,3.1742353439331055,2.802340030670166,0,0
6071,2.6758170127868652,2.436159610748291,0,0
6072,3.2093493938446045,2.7190067768096924,0,0
6073,3.303985118865967,2.824159622192383,0,0
6074,3.089348077774048,2.8444273471832275,0,0
6075,2.6544089317321777,2.6419079303741455,0,0
6076,3.199763774871826,2.875074863433838,0,0
6077,3.245199680328369,2.7244200706481934,0,0
6078,3.1121482849121094,2.721473455429077,0,0
6079,3.0890941619873047,2.687250852584839,0,0
6080,3.2517471313476562,2.779068946838379,0,0
6081,3.375863552093506,2.693429470062256,1,1
6082,3.3702375888824463,2.880847692489624,1,1
6083,2.9142632484436035,2.6184351444244385,0,0
6084,3.305065393447876,2.9571444988250732,0,0
6085,3.310258150100708,2.9476027488708496,0,0
6086,3.039156675338745,2.6524460315704346,0,0
6087,3.269376516342163,2.9197635650634766,0,0
6088,3.7449705600738525,3.034865379333496,1,1
6089,3.3236069679260254,3.0791285037994385,1,1
6090,3.2079343795776367,3.04099178314209,0,0
6091,2.8712377548217773,2.7914581298828125,0,0
6092,3.314056396484375,2.998227119445801,1,1
6093,3.2658684253692627,3.1538491249084473,0,0
6094,3.4039928913116455,3.246708869934082,1,1
6095,3.381397247314453,3.349385976791382,1,1
6096,3.0741138458251953,2.9078025817871094,0,0
6097,3.0079762935638428,2.9324791431427,0,0
6098,3.0609805583953857,2.9872937202453613,0,0
6099,3.193777322769165,3.073974847793579,0,0
6100,3.233376979827881,3.0507259368896484,0,0
6101,3.1573266983032227,3.126370429992676,0,0
6102,2.84430193901062,2.81374192237854,0,0
6103,3.3410091400146484,3.159353733062744,1,1
6104,3.2440474033355713,3.1791038513183594,0,0
6105,3.6939241886138916,3.367487907409668,1,1
6106,3.627153158187866,3.4652841091156006,1,1
6107,3.4069461822509766,3.1218581199645996,1,1
6108,3.1876354217529297,3.047623634338379,0,0
6109,2.837401866912842,2.722789764404297,0,0
6110,3.4785404205322266,3.2317795753479004,1,1
6111,3.2993054389953613,3.1808605194091797,0,0
6112,3.381727933883667,3.0153439044952393,1,1
6113,3.5811996459960938,3.2240405082702637,1,1
6114,3.3680365085601807,3.135232448577881,1,1
6115,2.6785194873809814,2.278409957885742,0,0
6116,2.170409917831421,2.2161293029785156,0,0
6117,2.9982750415802,2.800563335418701,0,0
6118,3.5830564498901367,3.2221431732177734,1,1
6119,3.5450685024261475,2.998044967651367,1,1
6120,3.7751033306121826,3.1288981437683105,1,1
6121,3.3781697750091553,2.9860596656799316,1,1
6122,3.1012303829193115,2.752115249633789,0,0
6123,3.4797286987304688,3.11893892288208,1,1
6124,2.939323663711548,2.7649760246276855,0,0
6125,3.2323648929595947,2.994537830352783,0,0
6126,3.3212897777557373,3.1373848915100098,1,1
6127,3.1402602195739746,2.894524097442627,0,0
6128,3.1095468997955322,2.988039255142212,0,0
6129,3.2381224632263184,3.0828661918640137,0,0
6130,3.253988742828369,3.016195774078369,0,0
6131,3.2434587478637695,3.093273639678955,0,0
6132,3.223600149154663,3.1154277324676514,0,0
6133,3.5367653369903564,3.204784870147705,1,1
6134,3.386359214782715,3.084534168243408,1,1
6135,3.0974197387695312,3.026298999786377,0,0
6136,3.5711216926574707,3.322983741760254,1,1
6137,3.8227427005767822,3.4832217693328857,1,1
6138,3.10227632522583,2.976231813430786,0,0
6139,3.3180737495422363,3.0331485271453857,0,0
6140,3.2341020107269287,2.952702283859253,0,0
6141,3.1449544429779053,2.950852870941162,0,0
6142,2.999454975128174,2.7968087196350098,0,0
6143,3.0360846519470215,2.9891116619110107,0,0
6144,2.9490463733673096,2.946715831756592,0,0
6145,2.786661148071289,2.627957820892334,0,0
6146,3.822906494140625,3.604362964630127,1,1
6147,3.551551342010498,3.173628330230713,1,1
6148,3.6469452381134033,3.235708236694336,1,1
6149,2.680500030517578,2.6481919288635254,0,0
6150,2.718256711959839,2.648500442504883,0,0
6151,3.033219337463379,2.6876633167266846,0,0
6152,3.035917282104492,2.9059576988220215,0,0
6153,2.9240283966064453,2.804623603820801,0,0
6154,2.749889850616455,2.64634370803833,0,0
6155,3.2163755893707275,2.981882333755493,0,0
6156,2.610440731048584,2.7917985916137695,0,0
6157,2.863083600997925,2.785550355911255,0,0
6158,2.660294771194458,2.558138132095337,0,0
6159,2.9751317501068115,2.8103766441345215,0,0
6160,2.88651967048645,2.7917559146881104,0,0
6161,3.322145700454712,2.989971876144409,1,1
6162,3.3013417720794678,3.1902945041656494,0,0
6163,2.6505446434020996,2.5769453048706055,0,0
6164,3.2188374996185303,3.136110305786133,0,0
6165,3.2647652626037598,3.0796985626220703,0,0
6166,2.9808592796325684,2.8058478832244873,0,0
6167,3.496933937072754,3.2518463134765625,1,1
6168,3.2735352516174316,3.1107470989227295,0,0
6169,3.014080762863159,3.03476619720459,0,0
6170,2.831389904022217,2.704920530319214,0,0
6171,1.3984655141830444,1.5576403141021729,0,0
6172,3.340353012084961,3.1881520748138428,1,1
6173,3.260061025619507,2.8663384914398193,0,0
6174,3.3125267028808594,3.1286611557006836,1,1
6175,3.3822519779205322,3.091049909591675,1,1
6176,3.169339418411255,2.918266534805298,0,0
6177,3.5379655361175537,3.3759937286376953,1,1
6178,3.4251155853271484,3.217125415802002,1,1
6179,3.2554965019226074,3.12103271484375,0,0
6180,2.917658567428589,2.5457887649536133,0,0
6181,2.8654274940490723,2.723410129547119,0,0
6182,3.2988667488098145,3.0828051567077637,0,0
6183,3.319883346557617,3.2311549186706543,1,1
6184,3.5656771659851074,3.358226776123047,1,1
6185,3.3854830265045166,3.2256813049316406,1,1
6186,3.3157665729522705,2.8755412101745605,1,1
6187,3.582582473754883,3.029536724090576,1,1
6188,3.6071219444274902,3.3512368202209473,1,1
6189,3.4951157569885254,3.145902156829834,1,1
6190,3.331962823867798,3.080723762512207,1,1
6191,3.12595534324646,2.9463889598846436,0,0
6192,3.102169990539551,2.828181743621826,0,0
6193,3.172715187072754,2.8304262161254883,0,0
6194,3.127354145050049,2.909503936767578,0,0
6195,2.860429525375366,2.646986484527588,0,0
6196,3.2058799266815186,2.8014557361602783,0,0
6197,3.049530267715454,2.7430014610290527,0,0
6198,2.969215154647827,2.7687230110168457,0,0
6199,3.1363985538482666,3.0148377418518066,0,0
6200,3.061511754989624,2.9938759803771973,0,0
6201,2.8480470180511475,2.6117498874664307,0,0
6202,3.2375361919403076,3.0781404972076416,0,0
6203,3.609170436859131,3.2640397548675537,1,1
6204,3.570711135864258,3.322185754776001,1,1
6205,3.5666961669921875,3.4403271675109863,1,1
6206,3.319758415222168,3.2148470878601074,1,1
6207,3.2610721588134766,3.189335584640503,0,0
6208,3.634549140930176,3.171724796295166,1,1
6209,3.583456039428711,3.3348026275634766,1,1
6210,4.02816915512085,3.573979377746582,1,1
6211,3.7502212524414062,3.4013407230377197,1,1
6212,3.4385385513305664,3.237325668334961,1,1
6213,3.5539700984954834,3.3551504611968994,1,1
6214,3.7309696674346924,3.3455915451049805,1,1
6215,3.7758915424346924,3.4044029712677,1,1
6216,3.7308242321014404,3.2311081886291504,1,1
6217,3.390719413757324,3.338094711303711,1,1
6218,3.4559547901153564,3.4092249870300293,1,1
6219,3.477842330932617,3.3197021484375,1,1
6220,3.269965410232544,3.1910908222198486,0,0
6221,3.149689197540283,3.046844005584717,0,0
6222,3.5525269508361816,3.394599437713623,1,1
6223,3.5545785427093506,3.3793551921844482,1,1
6224,3.277148723602295,2.9470126628875732,0,0
6225,3.562654972076416,3.1528711318969727,1,1
6226,3.0338902473449707,2.8663158416748047,0,0
6227,3.182373046875,2.863347291946411,0,0
6228,3.490065097808838,3.3292109966278076,1,1
6229,3.2276153564453125,3.1064672470092773,0,0
6230,3.4538779258728027,3.051600933074951,1,1
6231,3.107501745223999,2.8515689373016357,0,0
6232,3.0456676483154297,2.7037222385406494,0,0
6233,3.5996057987213135,3.1189420223236084,1,1
6234,3.001145124435425,2.5535857677459717,0,0
6235,3.2770256996154785,2.814852714538574,1,1
6236,3.3506062030792236,3.239243268966675,1,1
6237,2.9762954711914062,3.0282142162323,0,0
6238,2.9728026390075684,2.784379005432129,0,0
6239,3.3404974937438965,3.2615609169006348,1,1
6240,3.417564868927002,3.209822654724121,1,1
6241,3.2422237396240234,3.011307954788208,0,0
6242,3.2072010040283203,3.1289408206939697,0,0
6243,3.174276828765869,3.0691699981689453,0,0
6244,3.3119773864746094,3.3043978214263916,1,1
6245,3.1319031715393066,3.0174131393432617,0,0
6246,3.2334237098693848,3.0318098068237305,0,0
6247,2.8131983280181885,2.6062419414520264,0,0
6248,2.457202434539795,2.5797324180603027,0,0
6249,2.4379539489746094,2.4182214736938477,0,0
6250,2.685636281967163,2.624581813812256,0,0
6251,2.4374771118164062,2.57342529296875,0,0
6252,2.5324044227600098,2.540201187133789,0,0
6253,2.6402926445007324,2.605393886566162,0,0
6254,2.5898780822753906,2.624690532684326,0,0
6255,2.861920118331909,2.8122408390045166,0,0
6256,2.8193507194519043,2.6899850368499756,0,0
6257,3.230959177017212,3.1606504917144775,0,0
6258,3.136737108230591,2.8384170532226562,0,0
6259,3.3334341049194336,3.1616945266723633,1,1
6260,3.239530086517334,3.327685832977295,1,1
6261,2.9949002265930176,2.865705966949463,0,0
6262,3.1335341930389404,3.0111918449401855,0,0
6263,3.303293466567993,3.1477813720703125,1,1
6264,3.333646774291992,3.0575568675994873,1,1
6265,3.363581895828247,3.169650077819824,1,1
6266,3.4064972400665283,3.1789891719818115,1,1
6267,3.3095548152923584,3.11466908454895,1,1
6268,3.4337124824523926,3.1369030475616455,1,1
6269,3.4540977478027344,3.2265806198120117,1,1
6270,3.457585096359253,3.073061466217041,1,1
6271,2.9750609397888184,2.814009428024292,0,0
6272,3.326564073562622,2.976754665374756,1,1
6273,3.4708993434906006,3.0737884044647217,1,1
6274,3.447178602218628,2.9965591430664062,1,1
6275,3.1666810512542725,3.0458037853240967,0,0
6276,3.4816126823425293,3.1803574562072754,1,1
6277,3.2011001110076904,2.997241973876953,0,0
6278,3.379276752471924,3.134822368621826,1,1
6279,3.2559974193573,2.9805798530578613,1,1
6280,3.255279779434204,2.991410493850708,1,1
6281,3.051104784011841,3.0429434776306152,0,0
6282,3.2589855194091797,3.182343006134033,1,1
6283,3.6974129676818848,3.3449459075927734,1,1
6284,3.2496042251586914,3.092634677886963,0,0
6285,2.993568181991577,2.971345901489258,0,0
6286,3.8602802753448486,3.534102439880371,1,1
6287,3.0238425731658936,2.9480299949645996,0,0
6288,2.873553514480591,2.758126974105835,0,0
6289,3.330956220626831,2.963198661804199,1,1
6290,3.2973856925964355,3.034909248352051,1,1
6291,2.835641622543335,2.891239881515503,0,0
6292,2.8830795288085938,2.7878613471984863,0,0
6293,3.03804087638855,2.9737467765808105,0,0
6294,3.0503084659576416,2.768665313720703,0,0
6295,3.2467188835144043,2.967447280883789,1,1
6296,3.4038796424865723,3.072887897491455,1,1
6297,3.1755893230438232,2.9650795459747314,0,0
6298,3.296082019805908,3.2907538414001465,1,1
6299,3.3395016193389893,3.153210163116455,1,1
6300,2.977526903152466,2.7728567123413086,0,0
6301,2.832038402557373,2.782240629196167,0,0
6302,3.1576335430145264,2.8947300910949707,0,0
6303,2.3847479820251465,2.2645859718322754,0,0
6304,3.4578990936279297,3.2257423400878906,1,1
6305,3.030289649963379,2.964756965637207,0,0
6306,3.0141687393188477,2.844088554382324,0,0
6307,3.441528558731079,3.1027684211730957,1,1
6308,2.7942543029785156,2.764249801635742,0,0
6309,3.1333017349243164,3.2296667098999023,0,0
6310,2.938070774078369,3.1847786903381348,0,0
6311,3.3181354999542236,3.2323122024536133,1,1
6312,3.131976842880249,3.1598799228668213,0,0
6313,3.157843589782715,3.0769357681274414,0,0
6314,2.8060781955718994,2.6615734100341797,0,0
6315,2.9733211994171143,2.9272780418395996,0,0
6316,3.7131235599517822,3.469961166381836,1,1
6317,2.7154321670532227,2.6958775520324707,0,0
6318,2.8362741470336914,2.8434112071990967,0,0
6319,3.2020986080169678,3.106052875518799,0,0
6320,3.5001721382141113,3.3410253524780273,1,1
6321,3.7413463592529297,3.4674737453460693,1,1
6322,3.6040754318237305,3.360153913497925,1,1
6323,3.587592363357544,3.4504952430725098,1,1
6324,3.053321599960327,3.0509486198425293,0,0
6325,3.1700074672698975,3.1568238735198975,0,0
6326,3.1287436485290527,2.978339195251465,0,0
6327,3.128465175628662,2.913011074066162,0,0
6328,3.3147971630096436,3.1439104080200195,1,1
6329,3.5945606231689453,3.304502010345459,1,1
6330,3.3538951873779297,3.1845855712890625,1,1
6331,3.262497901916504,3.0897417068481445,1,1
6332,3.2933342456817627,2.8496415615081787,1,1
6333,3.2066941261291504,2.723355293273926,0,0
6334,3.369469165802002,3.1304612159729004,1,1
6335,3.269221067428589,3.0021350383758545,1,1
6336,3.073037624359131,2.954078435897827,0,0
6337,3.455890655517578,3.171297550201416,1,1
6338,1.9424073696136475,1.845745325088501,0,0
6339,3.128774881362915,2.9496984481811523,0,0
6340,3.2790210247039795,2.9399144649505615,1,1
6341,3.2165796756744385,2.8584351539611816,0,0
6342,2.668959856033325,2.403372287750244,0,0
6343,2.9064290523529053,2.6558825969696045,0,0
6344,3.1886415481567383,2.917757987976074,0,0
6345,3.7460265159606934,3.181103229522705,1,1
6346,3.577234983444214,3.212444305419922,1,1
6347,3.017643451690674,2.7355282306671143,0,0
6348,2.823904514312744,2.7332606315612793,0,0
6349,3.253063440322876,2.9962878227233887,1,1
6350,3.0885982513427734,2.9199471473693848,0,0
6351,3.147416591644287,2.795802116394043,0,0
6352,3.5067312717437744,3.1081247329711914,1,1
6353,3.6222124099731445,3.235445261001587,1,1
6354,3.296170473098755,2.971468687057495,1,1
6355,3.048182725906372,2.985731363296509,0,0
6356,3.577636957168579,3.1255931854248047,1,1
6357,3.3552842140197754,2.935570001602173,1,1
6358,3.215585470199585,3.0414905548095703,0,0
6359,3.762580156326294,3.2463271617889404,1,1
6360,3.5335917472839355,3.2150557041168213,1,1
6361,3.576249599456787,3.1361567974090576,1,1
6362,3.5302460193634033,3.135847330093384,1,1
6363,3.758896589279175,3.4074206352233887,1,1
6364,3.5635292530059814,3.346099853515625,1,1
6365,3.3124680519104004,3.0792617797851562,1,1
6366,3.569885015487671,3.435638904571533,1,1
6367,3.6994788646698,3.404829263687134,1,1
6368,3.581890344619751,3.275895595550537,1,1
6369,3.2268311977386475,3.2054028511047363,0,0
6370,3.303171396255493,2.973785400390625,1,1
6371,3.329002857208252,3.201709270477295,1,1
6372,3.246913433074951,3.2600629329681396,0,0
6373,3.272653102874756,3.1929807662963867,1,1
6374,3.1677463054656982,3.26430082321167,0,0
6375,3.2797536849975586,3.165386199951172,1,1
6376,2.982665777206421,2.913982629776001,0,0
6377,3.1973276138305664,3.175520896911621,0,0
6378,3.0853843688964844,3.092586040496826,0,0
6379,3.231123685836792,3.1997885704040527,0,0
6380,3.298659563064575,3.183927059173584,1,1
6381,3.1955196857452393,3.075134038925171,0,0
6382,2.890529155731201,2.862534523010254,0,0
6383,2.9460644721984863,3.0737972259521484,0,0
6384,3.0740249156951904,3.1365931034088135,0,0
6385,2.7016170024871826,2.8778696060180664,0,0
6386,3.0839498043060303,3.0563132762908936,0,0
6387,2.9698336124420166,3.0757203102111816,0,0
6388,2.6814584732055664,2.7816624641418457,0,0
6389,2.9667725563049316,2.8751730918884277,0,0
6390,2.9727277755737305,3.0349230766296387,0,0
6391,3.1009602546691895,3.068721294403076,0,0
6392,3.5173544883728027,3.302046298980713,1,1
6393,2.9390647411346436,2.9945547580718994,0,0
6394,3.0077457427978516,2.8663835525512695,0,0
6395,2.726747751235962,2.6870486736297607,0,0
6396,3.117133855819702,3.1151280403137207,0,0
6397,3.3604822158813477,3.2598414421081543,1,1
6398,3.269296646118164,3.2759013175964355,1,1
6399,3.512664318084717,3.5575876235961914,1,1
6400,3.412994384765625,3.481123924255371,1,1
6401,2.9025771617889404,2.9682397842407227,0,0
6402,3.4150657653808594,3.2248756885528564,1,1
6403,2.774451971054077,2.956325054168701,0,0
6404,3.153639316558838,3.106210231781006,0,0
6405,2.885643482208252,2.7855796813964844,0,0
6406,3.009056806564331,2.8978018760681152,0,0
6407,2.9843971729278564,3.075808048248291,0,0
6408,3.0912301540374756,3.072401285171509,0,0
6409,3.0940299034118652,3.1146931648254395,0,0
6410,3.3904991149902344,3.1584041118621826,1,1
6411,3.6448566913604736,3.440372943878174,1,1
6412,2.989285945892334,2.9182305335998535,0,0
6413,2.862600803375244,2.896622896194458,0,0
6414,2.8864691257476807,2.8237242698669434,0,0
6415,2.638899803161621,2.465625286102295,0,0
6416,3.044245719909668,2.834472179412842,0,0
6417,2.892758369445801,2.6690673828125,0,0
6418,2.5182604789733887,2.5311174392700195,0,0
6419,2.9993743896484375,2.7976906299591064,0,0
6420,2.9714155197143555,2.8951358795166016,0,0
6421,3.0989696979522705,2.9811630249023438,0,0
6422,3.287553548812866,3.1436634063720703,1,1
6423,3.0740368366241455,3.0614805221557617,0,0
6424,3.280113458633423,3.0530014038085938,1,1
6425,4.136073112487793,3.229670286178589,1,1
6426,2.7524490356445312,2.5815987586975098,0,0
6427,3.321324348449707,3.1191439628601074,1,1
6428,3.445622205734253,3.031625509262085,1,1
6429,3.211148738861084,2.9446516036987305,1,1
6430,2.995063066482544,2.776794910430908,0,0
6431,3.4178948402404785,3.243732452392578,1,1
6432,3.2810957431793213,2.8521370887756348,1,1
6433,2.7692811489105225,2.768087863922119,0,0
6434,3.064164876937866,3.122297763824463,0,0
6435,3.2692110538482666,3.197108745574951,1,1
6436,3.3210108280181885,3.165066719055176,1,1
6437,3.563708782196045,3.361215353012085,1,1
6438,3.2991271018981934,3.1050658226013184,1,1
6439,3.4848272800445557,3.145559787750244,1,1
6440,3.25341796875,3.2152137756347656,1,1
6441,3.569840669631958,3.1734468936920166,1,1
6442,3.340496063232422,2.837378978729248,1,1
6443,3.435997486114502,2.8956172466278076,1,1
6444,3.749051094055176,3.067150592803955,1,1
6445,3.4587135314941406,2.988431930541992,1,1
6446,3.9056644439697266,3.302701950073242,1,1
6447,3.592749834060669,3.2054874897003174,1,1
6448,3.4391844272613525,3.117755174636841,1,1
6449,3.240915298461914,2.898829460144043,1,1
6450,3.468125104904175,3.168905258178711,1,1
6451,4.013707637786865,3.161834716796875,1,1
6452,3.544793128967285,3.071958303451538,1,1
6453,3.9579293727874756,3.328249454498291,1,1
6454,3.6860249042510986,3.278937578201294,1,1
6455,3.7967560291290283,3.4425017833709717,1,1
6456,3.6471848487854004,3.4729185104370117,1,1
6457,3.776808977127075,3.5650837421417236,1,1
6458,3.201073169708252,3.293349027633667,0,0
6459,3.397284746170044,3.2866201400756836,1,1
6460,3.7338380813598633,3.485307455062866,1,1
6461,3.449770927429199,3.338095188140869,1,1
6462,3.751380443572998,3.620835304260254,1,1
6463,3.9716532230377197,3.841139078140259,1,1
6464,3.9095447063446045,3.6067187786102295,1,1
6465,3.779454231262207,3.3951611518859863,1,1
6466,3.8480021953582764,3.535815715789795,1,1
6467,3.075134754180908,2.9588139057159424,0,0
6468,3.0863399505615234,3.070664644241333,0,0
6469,3.641328811645508,3.379014015197754,1,1
6470,3.2687628269195557,3.190629720687866,1,1
6471,3.0454633235931396,3.0847601890563965,0,0
6472,3.120593786239624,3.134613275527954,0,0
6473,2.7328040599823,2.6829652786254883,0,0
6474,3.1197502613067627,3.0612268447875977,0,0
6475,3.117779493331909,3.007046699523926,0,0
6476,3.5461480617523193,3.3119730949401855,1,1
6477,3.32696795463562,3.178590774536133,1,1
6478,3.75864839553833,3.600332260131836,1,1
6479,3.6329729557037354,3.598811626434326,1,1
6480,3.252171754837036,3.1596131324768066,1,1
6481,3.0091593265533447,2.890540838241577,0,0
6482,3.1110384464263916,2.9545414447784424,0,0
6483,2.6384823322296143,2.6811249256134033,0,0
6484,3.3264319896698,3.2768945693969727,1,1
6485,3.17685866355896,3.001141309738159,0,0
6486,3.357546806335449,3.342524528503418,1,1
6487,3.386650562286377,3.1701087951660156,1,1
6488,3.646695852279663,3.2378110885620117,1,1
6489,3.6104774475097656,3.3298332691192627,1,1
6490,3.493128776550293,3.2887701988220215,1,1
6491,3.478084087371826,3.1812469959259033,1,1
6492,2.768080949783325,2.6641194820404053,0,0
6493,3.010105848312378,2.6611990928649902,0,0
6494,2.635183334350586,2.621954917907715,0,0
6495,2.264070749282837,2.434751510620117,0,0
6496,3.1913509368896484,3.0611319541931152,0,0
6497,2.977043867111206,2.8092904090881348,0,0
6498,2.9144115447998047,3.17742919921875,0,0
6499,2.99251127243042,2.9705889225006104,0,0
6500,3.4970879554748535,3.2120378017425537,1,1
6501,3.463442325592041,3.167311906814575,1,1
6502,3.4508614540100098,3.176455020904541,1,1
6503,3.2323405742645264,2.924727201461792,0,0
6504,3.6700241565704346,3.325789451599121,1,1
6505,3.639646053314209,3.4058592319488525,1,1
6506,3.202930450439453,2.870051383972168,0,0
6507,3.1191253662109375,2.8210368156433105,0,0
6508,3.3574442863464355,3.083807945251465,1,1
6509,3.446753740310669,3.0824313163757324,1,1
6510,3.5525619983673096,3.1544666290283203,1,1
6511,3.489164113998413,3.174513339996338,1,1
6512,3.346587657928467,3.0019774436950684,1,1
6513,3.37034010887146,2.985200881958008,1,1
6514,3.121917486190796,2.9671101570129395,0,0
6515,3.713533401489258,3.35605788230896,1,1
6516,3.2149810791015625,3.0324559211730957,0,0
6517,2.6993565559387207,2.518369674682617,0,0
6518,3.3869121074676514,3.179638385772705,1,1
6519,3.003453493118286,2.586836099624634,0,0
6520,2.7780261039733887,2.699744701385498,0,0
6521,2.8383238315582275,2.830195903778076,0,0
6522,3.250339984893799,3.1030683517456055,0,0
6523,3.16573429107666,3.0913913249969482,0,0
6524,3.6600069999694824,3.5333662033081055,1,1
6525,3.7297191619873047,3.5240519046783447,1,1
6526,3.5722038745880127,3.330416202545166,1,1
6527,4.051299095153809,3.671333074569702,1,1
6528,3.7553510665893555,3.4170968532562256,1,1
6529,3.6396865844726562,3.391298770904541,1,1
6530,3.666649103164673,3.3531837463378906,1,1
6531,3.318164348602295,3.0756607055664062,1,1
6532,3.518768548965454,3.2271533012390137,1,1
6533,3.5109474658966064,3.344268321990967,1,1
6534,3.8337457180023193,3.4287431240081787,1,1
6535,2.9417388439178467,2.9291634559631348,0,0
6536,3.4894096851348877,3.303664445877075,1,1
6537,3.2756924629211426,3.1742100715637207,0,0
6538,3.3951785564422607,3.3084359169006348,1,1
6539,3.338254451751709,3.2919018268585205,1,1
6540,3.0630459785461426,3.0009453296661377,0,0
6541,3.445915460586548,3.2394747734069824,1,1
6542,3.71956729888916,3.3549461364746094,1,1
6543,3.8233070373535156,3.495175361633301,1,1
6544,3.7951743602752686,3.475677013397217,1,1
6545,3.878793716430664,3.5948829650878906,1,1
6546,3.697265625,3.568734645843506,1,1
6547,3.561290740966797,3.3449087142944336,1,1
6548,3.1282482147216797,2.9255917072296143,0,0
6549,3.3324639797210693,2.9496421813964844,1,1
6550,2.96623158454895,2.9010848999023438,0,0
6551,3.0471115112304688,2.893476963043213,0,0
6552,3.309903860092163,2.9855997562408447,1,1
6553,3.440399646759033,3.0781748294830322,1,1
6554,3.1817009449005127,2.945056915283203,0,0
6555,3.07542085647583,2.9294064044952393,0,0
6556,3.461925983428955,3.2143869400024414,1,1
6557,3.531073570251465,3.26665997505188,1,1
6558,3.2993078231811523,3.178659677505493,0,0
6559,3.4446218013763428,3.262240171432495,1,1
6560,3.3143022060394287,3.010789394378662,1,1
6561,3.183622360229492,2.8620529174804688,0,0
6562,3.2076072692871094,2.981409788131714,0,0
6563,3.1327598094940186,3.104452610015869,0,0
6564,3.2983126640319824,3.148291826248169,0,0
6565,3.522160768508911,3.241901397705078,1,1
6566,2.972956895828247,2.8833584785461426,0,0
6567,3.576390504837036,3.083683967590332,1,1
6568,3.2439258098602295,2.963522434234619,0,0
6569,2.9877023696899414,2.824399948120117,0,0
6570,3.158658981323242,2.8223772048950195,0,0
6571,3.2780351638793945,2.925025463104248,0,0
6572,3.1033236980438232,2.8644089698791504,0,0
6573,3.3784546852111816,3.1512813568115234,1,1
6574,3.151078224182129,2.984206199645996,0,0
6575,3.326474666595459,3.0158779621124268,1,1
6576,3.4541141986846924,3.233100652694702,1,1
6577,2.7348310947418213,2.6107757091522217,0,0
6578,3.392212152481079,3.2059130668640137,1,1
6579,2.606179714202881,2.459242343902588,0,0
6580,2.9815728664398193,2.8265252113342285,0,0
6581,2.63126540184021,2.5215659141540527,0,0
6582,3.681992292404175,3.29374361038208,1,1
6583,3.551741361618042,3.3643786907196045,1,1
6584,3.643117904663086,3.3351330757141113,1,1
6585,2.9716479778289795,2.8503293991088867,0,0
6586,3.395814895629883,3.1099836826324463,1,1
6587,3.498264789581299,3.2863101959228516,1,1
6588,3.4373433589935303,3.144277811050415,1,1
6589,2.9601731300354004,2.926443576812744,0,0
6590,3.429537057876587,3.0968849658966064,1,1
6591,3.7045774459838867,3.2758898735046387,1,1
6592,3.8532021045684814,3.466297149658203,1,1
6593,3.570420503616333,3.321805000305176,1,1
6594,3.488659620285034,3.181363105773926,1,1
6595,3.5648539066314697,3.161640167236328,1,1
6596,3.446709156036377,3.1909990310668945,1,1
6597,3.5924034118652344,3.2813968658447266,1,1
6598,3.188403844833374,3.1907970905303955,0,0
6599,3.5732343196868896,3.1082229614257812,1,1
6600,3.5831124782562256,3.4006924629211426,1,1
6601,3.345611810684204,3.19555926322937,1,1
6602,3.3237524032592773,3.11604642868042,0,0
6603,3.303611993789673,3.0366690158843994,0,0
6604,3.443256378173828,3.044149160385132,1,1
6605,3.465832233428955,3.2496893405914307,1,1
6606,3.2662241458892822,3.1723971366882324,0,0
6607,3.5329484939575195,3.255974054336548,1,1
6608,3.427882671356201,3.365220785140991,1,1
6609,3.7096710205078125,3.3346762657165527,1,1
6610,3.289503574371338,3.1331496238708496,0,0
6611,3.098527193069458,3.021186351776123,0,0
6612,3.134247303009033,3.0714869499206543,0,0
6613,3.556640863418579,3.2920267581939697,1,1
6614,3.40724778175354,3.1837706565856934,1,1
6615,3.4386518001556396,3.2031853199005127,1,1
6616,3.8504726886749268,3.446136951446533,1,1
6617,3.2604706287384033,3.10166072845459,0,0
6618,3.0576629638671875,2.996171712875366,0,0
6619,2.7082624435424805,2.6351840496063232,0,0
6620,2.942248582839966,2.9079623222351074,0,0
6621,3.2169511318206787,3.2639293670654297,0,0
6622,3.106647253036499,3.0262656211853027,0,0
6623,3.3135182857513428,3.1385154724121094,0,0
6624,2.7187392711639404,2.641822099685669,0,0
6625,3.2092864513397217,3.112767219543457,0,0
6626,3.0137710571289062,2.9637463092803955,0,0
6627,2.9242358207702637,2.9412925243377686,0,0
6628,3.066901206970215,3.034022808074951,0,0
6629,3.101588010787964,2.9278905391693115,0,0
6630,3.036191940307617,2.936685562133789,0,0
6631,2.9531350135803223,2.8605546951293945,0,0
6632,3.0861408710479736,2.8822994232177734,0,0
6633,2.979008674621582,2.857189655303955,0,0
6634,3.1644489765167236,3.039198398590088,0,0
6635,2.4678096771240234,2.200575590133667,0,0
6636,3.2724380493164062,3.0652542114257812,0,0
6637,3.0116684436798096,2.680294990539551,0,0
6638,2.9590678215026855,2.626758098602295,0,0
6639,2.928968667984009,2.505340099334717,0,0
6640,2.6301913261413574,2.441490650177002,0,0
6641,2.65568208694458,2.3919105529785156,0,0
6642,2.845338821411133,2.502471923828125,0,0
6643,3.227337121963501,3.1966395378112793,0,0
6644,3.791961908340454,3.3250083923339844,1,1
6645,3.5471153259277344,3.2779366970062256,1,1
6646,3.842827796936035,3.385136365890503,1,1
6647,3.708130359649658,3.341449499130249,1,1
6648,3.5566203594207764,3.4554319381713867,1,1
6649,3.278886318206787,3.0105414390563965,0,0
6650,3.524583578109741,3.395066022872925,1,1
6651,3.765723943710327,3.513923168182373,1,1
6652,3.7888479232788086,3.540121078491211,1,1
6653,3.731677770614624,3.393585205078125,1,1
6654,3.607177495956421,3.20041561126709,1,1
6655,3.4513542652130127,3.1446053981781006,1,1
6656,3.4303951263427734,3.242307424545288,1,1
6657,3.229112386703491,3.0935864448547363,0,0
6658,3.7517004013061523,3.611513614654541,1,1
6659,3.6470913887023926,3.4364116191864014,1,1
6660,3.360278367996216,3.3106441497802734,1,1
6661,3.3194973468780518,3.400672435760498,0,0
6662,3.3236947059631348,3.362196683883667,0,0
6663,3.362370491027832,3.2580454349517822,1,1
6664,3.263400077819824,3.2324748039245605,0,0
6665,3.5100314617156982,3.3866469860076904,1,1
6666,3.151655912399292,3.124650001525879,0,0
6667,3.296008825302124,3.129382610321045,0,0
6668,3.0950329303741455,2.992003917694092,0,0
6669,3.390322685241699,3.324190616607666,1,1
6670,3.103461742401123,3.136563777923584,0,0
6671,3.2866859436035156,3.3030104637145996,0,0
6672,2.9905028343200684,2.9906351566314697,0,0
6673,3.14026141166687,3.128453016281128,0,0
6674,3.0951857566833496,3.1704931259155273,0,0
6675,2.9821598529815674,2.9274632930755615,0,0
6676,3.2744550704956055,3.222515106201172,0,0
6677,3.8542966842651367,3.544344425201416,1,1
6678,2.9724087715148926,2.8096132278442383,0,0
6679,2.990093231201172,2.8696587085723877,0,0
6680,2.9212663173675537,2.9549989700317383,0,0
6681,2.763066053390503,2.8478760719299316,0,0
6682,3.024474620819092,2.9610629081726074,0,0
6683,3.5830392837524414,3.191389322280884,1,1
6684,3.3148162364959717,3.063180923461914,0,0
6685,3.5142130851745605,3.187446117401123,1,1
6686,2.7066824436187744,2.577470302581787,0,0
6687,3.500577211380005,3.256730556488037,1,1
6688,3.2073216438293457,3.1289420127868652,0,0
6689,2.994490623474121,2.8928561210632324,0,0
6690,2.771453619003296,2.9897642135620117,0,0
6691,3.077294111251831,3.0368905067443848,0,0
6692,3.206472396850586,3.1461000442504883,0,0
6693,3.2103171348571777,3.268244504928589,0,0
6694,3.2179906368255615,3.1993818283081055,0,0
6695,3.6047637462615967,3.3349318504333496,1,1
6696,3.5996792316436768,3.3274364471435547,1,1
6697,3.299427032470703,3.1614561080932617,0,0
6698,3.3127946853637695,3.1846485137939453,0,0
6699,3.341853618621826,3.0449917316436768,1,1
6700,3.698840379714966,3.3472900390625,1,1
6701,3.1895675659179688,2.765152931213379,0,0
6702,3.6666648387908936,3.3181159496307373,1,1
6703,3.1552422046661377,2.8278403282165527,0,0
6704,3.1712067127227783,3.189901113510132,0,0
6705,3.852604627609253,3.600776195526123,1,1
6706,3.34527325630188,3.1645994186401367,1,1
6707,3.4656708240509033,3.2522692680358887,1,1
6708,3.1654908657073975,2.978578805923462,0,0
6709,2.8057799339294434,2.62469482421875,0,0
6710,3.3212227821350098,3.2387843132019043,1,1
6711,3.660806894302368,3.3318233489990234,1,1
6712,3.145597219467163,3.015936851501465,0,0
6713,3.0748326778411865,2.84356689453125,0,0
6714,3.168837547302246,3.005551815032959,0,0
6715,3.432042121887207,3.249683141708374,1,1
6716,3.2827556133270264,3.1540110111236572,0,0
6717,3.1566953659057617,2.9482340812683105,0,0
6718,3.114901542663574,3.1210851669311523,0,0
6719,3.431147813796997,3.2264628410339355,1,1
6720,3.572387933731079,3.2294044494628906,1,1
6721,3.042130947113037,3.066763162612915,0,0
6722,3.594860553741455,3.390129566192627,1,1
6723,3.195730209350586,3.2423887252807617,0,0
6724,3.3434932231903076,3.159392833709717,1,1
6725,3.667902946472168,3.501945734024048,1,1
6726,3.8015403747558594,3.5937654972076416,1,1
6727,3.21105694770813,3.032637119293213,0,0
6728,3.5784027576446533,3.4298036098480225,1,1
6729,3.2939019203186035,3.169981002807617,0,0
6730,3.4455528259277344,3.3570728302001953,1,1
6731,3.8493857383728027,3.5457563400268555,1,1
6732,3.5032942295074463,3.2647547721862793,1,1
6733,3.5377676486968994,3.4179468154907227,1,1
6734,3.7813916206359863,3.6657190322875977,1,1
6735,3.3127553462982178,3.063258171081543,1,1
6736,3.524390459060669,3.470179319381714,1,1
6737,3.568416118621826,3.3782105445861816,1,1
6738,3.4091806411743164,3.187228202819824,1,1
6739,4.048226833343506,3.222710609436035,1,1
6740,3.1724441051483154,3.023151397705078,0,0
6741,3.6921722888946533,3.221670150756836,1,1
6742,3.4362950325012207,3.268650531768799,1,1
6743,4.153769016265869,3.630492687225342,1,1
6744,3.729300022125244,3.5010998249053955,1,1
6745,3.3422141075134277,3.216611385345459,1,1
6746,3.945789337158203,3.4904990196228027,1,1
6747,3.6546692848205566,3.42236065864563,1,1
6748,3.285090684890747,3.101710319519043,0,0
6749,3.2515928745269775,2.9507346153259277,0,0
6750,3.626075267791748,3.2020230293273926,1,1
6751,3.325528860092163,3.1134986877441406,1,1
6752,2.4751250743865967,2.4809365272521973,0,0
6753,3.6942830085754395,3.4185361862182617,1,1
6754,3.3677308559417725,3.288738250732422,1,1
6755,3.4703683853149414,3.2654223442077637,1,1
6756,3.260850429534912,2.9929754734039307,0,0
6757,3.3911097049713135,3.1684885025024414,1,1
6758,3.3373525142669678,3.17936635017395,1,1
6759,3.0452277660369873,3.188289165496826,0,0
6760,3.1660234928131104,3.1548871994018555,0,0
6761,3.4906821250915527,3.358813524246216,1,1
6762,3.456310749053955,3.460737943649292,1,1
6763,3.3183302879333496,3.1968021392822266,1,1
6764,3.4325661659240723,3.477567672729492,1,1
6765,3.7926180362701416,3.4973995685577393,1,1
6766,3.8494439125061035,3.6143319606781006,1,1
6767,3.6987802982330322,3.436157703399658,1,1
6768,3.5687923431396484,3.385258197784424,1,1
6769,3.703016757965088,3.5011205673217773,1,1
6770,3.4254932403564453,3.1312456130981445,1,1
6771,3.4266345500946045,3.2233452796936035,1,1
6772,3.730308771133423,3.356057643890381,1,1
6773,3.7562944889068604,3.359468460083008,1,1
6774,3.692797899246216,3.392101526260376,1,1
6775,3.323971748352051,3.068542957305908,0,0
6776,3.4324398040771484,3.211057662963867,1,1
6777,3.740891218185425,3.2412753105163574,1,1
6778,3.5771329402923584,3.3339712619781494,1,1
6779,3.0638058185577393,2.887458086013794,0,0
6780,3.3008921146392822,3.152803897857666,0,0
6781,3.073643445968628,2.8096237182617188,0,0
6782,3.500633478164673,3.1513442993164062,1,1
6783,3.8393003940582275,3.4302854537963867,1,1
6784,3.3954334259033203,3.0897738933563232,1,1
6785,3.2796401977539062,3.03599214553833,0,0
6786,2.710280179977417,2.522836208343506,0,0
6787,2.7411444187164307,2.720191478729248,0,0
6788,2.8858532905578613,2.971769332885742,0,0
6789,3.6321473121643066,3.311516523361206,1,1
6790,3.353593587875366,3.0186970233917236,1,1
6791,2.713552236557007,2.7040181159973145,0,0
6792,2.611830949783325,2.638828754425049,0,0
6793,2.9648618698120117,2.711693286895752,0,0
6794,3.103590488433838,3.0602712631225586,0,0
6795,3.264380693435669,3.026245594024658,0,0
6796,3.0349161624908447,2.9085681438446045,0,0
6797,3.10953950881958,3.0178935527801514,0,0
6798,3.318575382232666,3.028665781021118,0,0
6799,3.1633405685424805,2.89206600189209,0,0
6800,3.296618700027466,3.0055508613586426,0,0
6801,3.2278788089752197,3.005352020263672,0,0
6802,3.202009677886963,3.19061541557312,0,0
6803,3.4098267555236816,2.9843058586120605,1,1
6804,3.4516448974609375,3.084446668624878,1,1
6805,3.578892469406128,3.299304485321045,1,1
6806,3.1721832752227783,2.94964337348938,0,0
6807,2.9055585861206055,2.799431800842285,0,0
6808,3.095543146133423,2.999499797821045,0,0
6809,3.30703067779541,3.144773006439209,0,0
6810,3.1467490196228027,2.982898473739624,0,0
6811,2.8549113273620605,2.789073944091797,0,0
6812,2.8903517723083496,2.682915687561035,0,0
6813,3.65000057220459,3.3266069889068604,1,1
6814,3.611027956008911,3.4197983741760254,1,1
6815,3.7540438175201416,3.460348129272461,1,1
6816,3.4537394046783447,3.267829418182373,1,1
6817,3.392144203186035,3.2590644359588623,1,1
6818,3.898238182067871,3.6296770572662354,1,1
6819,3.6198880672454834,3.450497627258301,1,1
6820,3.537614583969116,3.308208703994751,1,1
6821,2.7676661014556885,2.9198927879333496,0,0
6822,2.50331974029541,2.723972797393799,0,0
6823,3.1797354221343994,3.116703987121582,0,0
6824,3.5010669231414795,3.221717357635498,1,1
6825,3.852999210357666,3.406895160675049,1,1
6826,3.3042550086975098,3.12434983253479,0,0
6827,3.0600948333740234,2.9868459701538086,0,0
6828,2.790152072906494,2.8276567459106445,0,0
6829,3.6045944690704346,3.349759578704834,1,1
6830,3.4869463443756104,3.470945358276367,1,1
6831,3.4043591022491455,3.3032376766204834,1,1
6832,3.063579797744751,3.014291763305664,0,0
6833,3.3417623043060303,3.1519882678985596,1,1
6834,2.6396496295928955,2.5852608680725098,0,0
6835,3.0049309730529785,3.0190672874450684,0,0
6836,3.1747336387634277,3.0818331241607666,0,0
6837,3.0663998126983643,2.9496631622314453,0,0
6838,3.078925371170044,3.0135490894317627,0,0
6839,3.364668369293213,3.28350567817688,1,1
6840,3.211367130279541,3.4920454025268555,0,0
6841,3.3115074634552,3.3527469635009766,0,0
6842,3.3996469974517822,3.0802788734436035,1,1
6843,3.415570020675659,3.1930043697357178,1,1
6844,3.471189260482788,3.186537742614746,1,1
6845,3.1345460414886475,2.9348134994506836,0,0
6846,3.5949952602386475,3.3103060722351074,1,1
6847,3.194385051727295,2.942227840423584,0,0
6848,3.364208698272705,3.0045933723449707,1,1
6849,3.601667642593384,3.3735177516937256,1,1
6850,3.373830795288086,3.199815034866333,1,1
6851,4.022604465484619,3.360898971557617,1,1
6852,3.2590298652648926,3.1007275581359863,0,0
6853,3.329007863998413,3.0489768981933594,0,0
6854,3.4237241744995117,3.02919340133667,1,1
6855,3.590813636779785,3.293973922729492,1,1
6856,3.2019906044006348,2.9448254108428955,0,0
6857,3.1966707706451416,3.067899703979492,0,0
6858,3.011335611343384,2.992255449295044,0,0
6859,3.5945427417755127,3.446037769317627,1,1
6860,3.1764638423919678,3.1863722801208496,0,0
6861,3.1629421710968018,3.1143553256988525,0,0
6862,3.5071072578430176,3.3962883949279785,1,1
6863,3.3514935970306396,3.2990574836730957,1,1
6864,3.2141993045806885,3.266129970550537,0,0
6865,3.729933023452759,3.4304187297821045,1,1
6866,3.2532830238342285,3.075988292694092,0,0
6867,3.1443142890930176,3.2729592323303223,0,0
6868,2.8528990745544434,2.8504672050476074,0,0
6869,3.319549322128296,3.3236358165740967,0,0
6870,3.0584895610809326,2.9685468673706055,0,0
6871,2.907667636871338,3.0605015754699707,0,0
6872,3.2788827419281006,3.235358238220215,0,0
6873,3.1898062229156494,3.2554378509521484,0,0
6874,3.2741968631744385,3.1904640197753906,0,0
6875,3.4814040660858154,3.311317205429077,1,1
6876,3.15118670463562,3.0132522583007812,0,0
6877,3.0325098037719727,2.8685104846954346,0,0
6878,3.4802169799804688,3.248077869415283,1,1
6879,3.6325933933258057,3.321242570877075,1,1
6880,3.3113622665405273,3.060014247894287,0,0
6881,2.676546573638916,2.858109474182129,0,0
6882,3.253113269805908,3.239546298980713,0,0
6883,3.495386838912964,3.446559429168701,1,1
6884,3.3022961616516113,3.344773292541504,0,0
6885,3.9482312202453613,3.8210229873657227,1,1
6886,3.0837690830230713,3.1607778072357178,0,0
6887,3.4453086853027344,3.2022509574890137,1,1
6888,3.1216611862182617,3.1149070262908936,0,0
6889,3.5054731369018555,3.395598888397217,1,1
6890,3.355079412460327,3.506335735321045,1,1
6891,3.4897096157073975,3.3876988887786865,1,1
6892,3.052088499069214,3.083803176879883,0,0
6893,3.2086684703826904,3.0728397369384766,0,0
6894,3.474041700363159,3.2237377166748047,1,1
6895,3.088791847229004,2.9577884674072266,0,0
6896,2.533844470977783,2.715134620666504,0,0
6897,2.8974971771240234,2.780198812484741,0,0
6898,3.3175785541534424,3.0995655059814453,0,0
6899,2.743959665298462,2.548666000366211,0,0
6900,2.932614803314209,2.910902976989746,0,0
6901,3.080198049545288,3.0856194496154785,0,0
6902,2.934762477874756,2.9899981021881104,0,0
6903,2.84061861038208,2.779684543609619,0,0
6904,3.4214940071105957,3.261031150817871,1,1
6905,3.402559280395508,3.398164987564087,1,1
6906,3.495819091796875,3.2786006927490234,1,1
6907,3.4486258029937744,3.2644882202148438,1,1
6908,3.2043323516845703,3.075160503387451,0,0
6909,3.3966128826141357,3.218197822570801,1,1
6910,3.23694109916687,3.0372133255004883,0,0
6911,2.912597894668579,2.7305898666381836,0,0
6912,2.9394519329071045,2.8027448654174805,0,0
6913,2.9565742015838623,2.785662889480591,0,0
6914,2.9777724742889404,2.7309093475341797,0,0
6915,2.4567935466766357,2.3656115531921387,0,0
6916,2.5786736011505127,2.4502975940704346,0,0
6917,2.9141881465911865,2.7956480979919434,0,0
6918,3.1344428062438965,2.959132194519043,0,0
6919,3.1481850147247314,2.887559413909912,0,0
6920,3.1104354858398438,2.920410633087158,0,0
6921,3.246028423309326,2.9044456481933594,0,0
6922,3.527432441711426,3.3064236640930176,1,1
6923,3.226501941680908,2.995483875274658,0,0
6924,3.430976629257202,3.0214245319366455,1,1
6925,3.769904851913452,3.36134672164917,1,1
6926,3.62441349029541,3.1001787185668945,1,1
6927,3.259334087371826,3.1005196571350098,0,0
6928,3.1002442836761475,2.906777858734131,0,0
6929,3.3984007835388184,3.228374481201172,1,1
6930,3.3235652446746826,2.978513240814209,1,1
6931,3.287341594696045,2.9826173782348633,0,0
6932,3.2293527126312256,3.0481033325195312,0,0
6933,3.6775054931640625,3.3729236125946045,1,1
6934,3.6204216480255127,3.0746970176696777,1,1
6935,2.8498034477233887,2.6885838508605957,0,0
6936,2.759782075881958,2.6626787185668945,0,0
6937,2.982726573944092,2.7544074058532715,0,0
6938,3.0103366374969482,2.897376775741577,0,0
6939,3.065023183822632,2.92329740524292,0,0
6940,2.931849718093872,2.7902002334594727,0,0
6941,3.4795901775360107,3.2391157150268555,1,1
6942,3.6493215560913086,3.19303560256958,1,1
6943,3.3751978874206543,3.0672435760498047,1,1
6944,3.6912834644317627,3.388986587524414,1,1
6945,3.475837469100952,3.3422343730926514,1,1
6946,3.195624828338623,3.0623528957366943,0,0
6947,3.6160709857940674,3.348055124282837,1,1
6948,3.293900728225708,3.165888786315918,0,0
6949,3.0973153114318848,3.310753345489502,0,0
6950,3.390349864959717,3.324361801147461,1,1
6951,3.3111069202423096,3.2820746898651123,1,1
6952,3.2712185382843018,3.156928062438965,0,0
6953,3.2109484672546387,3.2338507175445557,0,0
6954,3.3055951595306396,3.0815060138702393,1,1
6955,3.474979877471924,3.307666540145874,1,1
6956,3.3132898807525635,3.2900075912475586,1,1
6957,3.6569032669067383,3.4711856842041016,1,1
6958,2.5736985206604004,2.4150333404541016,0,0
6959,2.6548492908477783,2.705061435699463,0,0
6960,2.917067289352417,3.0582215785980225,0,0
6961,2.8383142948150635,2.8531322479248047,0,0
6962,3.0766730308532715,2.8269855976104736,0,0
6963,2.8788485527038574,2.7263855934143066,0,0
6964,3.639983892440796,3.188314437866211,1,1
6965,3.209723472595215,3.0213942527770996,0,0
6966,3.33151912689209,3.0161240100860596,1,1
6967,3.34680438041687,3.2025880813598633,1,1
6968,3.376490592956543,3.2768309116363525,1,1
6969,3.86017107963562,3.409152030944824,1,1
6970,2.6006789207458496,2.409395694732666,0,0
6971,3.143460750579834,3.0826945304870605,0,0
6972,3.298957347869873,3.0280935764312744,1,1
6973,3.413813352584839,3.0668978691101074,1,1
6974,3.7555713653564453,3.351877212524414,1,1
6975,3.6409947872161865,3.3663229942321777,1,1
6976,3.590318441390991,3.3087921142578125,1,1
6977,3.294926404953003,3.134943962097168,1,1
6978,3.2888379096984863,3.136887550354004,1,1
6979,3.474424362182617,3.3681979179382324,1,1
6980,3.2739288806915283,3.2718255519866943,0,0
6981,3.2250046730041504,3.123990058898926,0,0
6982,3.5778021812438965,3.3875412940979004,1,1
6983,3.717801809310913,3.364449977874756,1,1
6984,3.535865545272827,3.442200183868408,1,1
6985,3.6456737518310547,3.426717758178711,1,1
6986,3.6343331336975098,3.492753505706787,1,1
6987,3.2420105934143066,3.118274688720703,0,0
6988,2.8428330421447754,2.8812263011932373,0,0
6989,3.032167434692383,2.7447476387023926,0,0
6990,3.5049972534179688,3.096470355987549,1,1
6991,3.262667179107666,3.0170092582702637,0,0
6992,2.961474895477295,2.8969006538391113,0,0
6993,3.517920732498169,3.426858901977539,1,1
6994,3.350188970565796,3.195864677429199,1,1
6995,3.557997941970825,3.342918872833252,1,1
6996,3.4576454162597656,3.281024217605591,1,1
6997,3.5658676624298096,3.2999210357666016,1,1
6998,3.6593899726867676,3.4718518257141113,1,1
6999,3.005561113357544,2.711893081665039,0,0
7000,3.4310452938079834,3.1797397136688232,1,1
7001,3.541862726211548,3.271397352218628,1,1
7002,3.182637929916382,2.981627941131592,0,0
7003,2.883197546005249,2.7291173934936523,0,0
7004,3.3855435848236084,3.1812281608581543,1,1
7005,3.455822467803955,3.2721686363220215,1,1
7006,3.3415701389312744,3.2089791297912598,1,1
7007,3.53275465965271,3.315112352371216,1,1
7008,3.540482521057129,3.153367042541504,1,1
7009,3.248056173324585,2.939195156097412,0,0
7010,3.367034435272217,3.015505313873291,1,1
7011,2.981688976287842,2.8917007446289062,0,0
7012,3.138953924179077,3.0549159049987793,0,0
7013,3.3503201007843018,3.1372127532958984,1,1
7014,3.4171016216278076,3.0879693031311035,1,1
7015,3.0287647247314453,2.7832601070404053,0,0
7016,3.1513235569000244,2.8678622245788574,0,0
7017,3.088465690612793,2.884683132171631,0,0
7018,3.1964328289031982,3.010280132293701,0,0
7019,3.113260507583618,2.8482561111450195,0,0
7020,3.2650914192199707,2.906191110610962,0,0
7021,3.100179672241211,2.884413957595825,0,0
7022,3.4172277450561523,3.0182533264160156,1,1
7023,3.261976718902588,3.135683059692383,0,0
7024,3.368837356567383,2.9214255809783936,1,1
7025,3.1331472396850586,2.847855567932129,0,0
7026,3.2720954418182373,3.141618490219116,0,0
7027,3.749312400817871,3.3647236824035645,1,1
7028,3.795114755630493,3.35941219329834,1,1
7029,3.411912202835083,3.2046637535095215,1,1
7030,3.2135026454925537,3.0904664993286133,0,0
7031,3.392429828643799,3.0618841648101807,1,1
7032,3.236281156539917,3.030595302581787,0,0
7033,3.3219451904296875,3.0826871395111084,1,1
7034,3.4102046489715576,3.249859571456909,1,1
7035,3.3519465923309326,3.298438549041748,1,1
7036,3.4681015014648438,3.254099130630493,1,1
7037,3.3065037727355957,3.063271999359131,1,1
7038,3.2906157970428467,3.225168228149414,0,0
7039,3.5083086490631104,3.191329002380371,1,1
7040,3.2378835678100586,3.1249351501464844,0,0
7041,3.2051289081573486,3.1016931533813477,0,0
7042,3.4393868446350098,3.3110694885253906,1,1
7043,3.699371099472046,3.488658905029297,1,1
7044,3.2360005378723145,3.0679919719696045,0,0
7045,2.897855520248413,2.8971805572509766,0,0
7046,2.8549861907958984,2.8788068294525146,0,0
7047,3.869386672973633,3.533323287963867,1,1
7048,3.622332811355591,2.7685136795043945,1,1
7049,3.178551435470581,3.046593427658081,0,0
7050,3.6998445987701416,3.4592666625976562,1,1
7051,3.307875871658325,3.2413296699523926,1,1
7052,3.403250217437744,3.374335289001465,1,1
7053,3.575258731842041,3.3427045345306396,1,1
7054,3.3271749019622803,3.071847438812256,1,1
7055,2.856992721557617,2.9459433555603027,0,0
7056,2.959333658218384,2.9697396755218506,0,0
7057,3.211275815963745,3.155823230743408,0,0
7058,3.3992578983306885,3.3619630336761475,1,1
7059,2.9398655891418457,2.835721492767334,0,0
7060,3.028775453567505,3.1917569637298584,0,0
7061,3.186685085296631,3.2380878925323486,0,0
7062,2.921964168548584,3.1011509895324707,0,0
7063,2.9999704360961914,3.1180710792541504,0,0
7064,3.0691792964935303,3.1776301860809326,0,0
7065,2.601250171661377,2.594515085220337,0,0
7066,3.6801493167877197,3.3345232009887695,1,1
7067,3.0343236923217773,3.0604257583618164,0,0
7068,3.290249824523926,3.3684396743774414,1,1
7069,3.3683371543884277,3.1964454650878906,1,1
7070,3.154616117477417,3.068622589111328,0,0
7071,3.1731486320495605,3.0223779678344727,0,0
7072,3.3621349334716797,3.2519354820251465,1,1
7073,2.9453139305114746,2.83015775680542,0,0
7074,2.7642602920532227,2.6988942623138428,0,0
7075,3.2049412727355957,3.032810688018799,0,0
7076,3.4500222206115723,3.325648307800293,1,1
7077,2.9109864234924316,2.8772354125976562,0,0
7078,2.5886595249176025,2.6275923252105713,0,0
7079,2.9724624156951904,2.825690984725952,0,0
7080,2.870673418045044,2.9244298934936523,0,0
7081,3.0637881755828857,3.0334115028381348,0,0
7082,3.163802146911621,3.0560951232910156,0,0
7083,2.929856061935425,3.0651206970214844,0,0
7084,2.840928792953491,2.8481216430664062,0,0
7085,3.088789939880371,3.145068645477295,0,0
7086,3.1736812591552734,3.0692996978759766,0,0
7087,3.1048078536987305,3.1514339447021484,0,0
7088,2.9984006881713867,2.9972922801971436,0,0
7089,3.244549512863159,3.002054452896118,0,0
7090,3.198272943496704,3.0158352851867676,0,0
7091,3.1427767276763916,3.0377564430236816,0,0
7092,3.2544620037078857,2.98994779586792,1,1
7093,3.1283726692199707,3.128058433532715,0,0
7094,3.215533494949341,2.994412899017334,0,0
7095,3.0635597705841064,2.9509096145629883,0,0
7096,3.0669164657592773,2.9447574615478516,0,0
7097,3.3624520301818848,3.078758478164673,1,1
7098,3.118661642074585,2.993623733520508,0,0
7099,3.2885169982910156,3.1527743339538574,1,1
7100,3.131699562072754,2.8742284774780273,0,0
7101,3.343050241470337,3.0675997734069824,1,1
7102,3.685523509979248,3.3376002311706543,1,1
7103,4.135672092437744,3.8078112602233887,1,1
7104,3.7954213619232178,3.3361458778381348,1,1
7105,3.8548178672790527,3.3029019832611084,1,1
7106,3.5291500091552734,3.429037094116211,1,1
7107,3.2671563625335693,2.9156808853149414,1,1
7108,3.1399080753326416,2.998835325241089,0,0
7109,3.5773541927337646,3.3499226570129395,1,1
7110,3.720353841781616,3.2708358764648438,1,1
7111,3.1920247077941895,3.1365222930908203,0,0
7112,3.3931193351745605,3.1406936645507812,1,1
7113,3.2824227809906006,3.1667165756225586,1,1
7114,3.0909225940704346,2.9901576042175293,0,0
7115,3.0139105319976807,2.780214786529541,0,0
7116,3.0288891792297363,2.7720189094543457,0,0
7117,3.5946149826049805,3.2579548358917236,1,1
7118,3.385915994644165,3.0020511150360107,1,1
7119,3.0602564811706543,3.020717144012451,0,0
7120,2.993628978729248,2.8853392601013184,0,0
7121,3.2797012329101562,3.1626269817352295,1,1
7122,3.2122936248779297,2.866952896118164,0,0
7123,3.369541645050049,2.991450309753418,1,1
7124,3.298051357269287,3.0831661224365234,1,1
7125,3.1935179233551025,2.8753442764282227,0,0
7126,3.27494740486145,2.949796199798584,1,1
7127,3.2980797290802,3.096381664276123,1,1
7128,3.507514715194702,3.2906970977783203,1,1
7129,3.350647211074829,3.2395973205566406,1,1
7130,3.584785223007202,3.179931163787842,1,1
7131,3.5178654193878174,3.173696756362915,1,1
7132,3.710282802581787,3.3548059463500977,1,1
7133,3.463487386703491,3.0643978118896484,1,1
7134,3.537583827972412,3.2531676292419434,1,1
7135,3.68556809425354,3.371598243713379,1,1
7136,3.773285388946533,3.358673334121704,1,1
7137,3.7350831031799316,3.288479804992676,1,1
7138,2.9568982124328613,2.8491463661193848,0,0
7139,3.419278860092163,3.239165782928467,1,1
7140,3.423213005065918,3.176891803741455,1,1
7141,3.5535342693328857,3.2207088470458984,1,1
7142,3.456543207168579,3.207533836364746,1,1
7143,3.260024309158325,3.168717861175537,0,0
7144,3.238875150680542,3.135910987854004,0,0
7145,2.8910255432128906,2.728861093521118,0,0
7146,2.925039291381836,2.885873317718506,0,0
7147,3.2015345096588135,2.8399484157562256,0,0
7148,3.078503370285034,3.0218639373779297,0,0
7149,3.7149875164031982,3.3303937911987305,1,1
7150,3.6196751594543457,3.3117027282714844,1,1
7151,3.237258195877075,2.9730896949768066,0,0
7152,3.6568796634674072,3.2693192958831787,1,1
7153,3.493732213973999,3.181155204772949,1,1
7154,3.1826272010803223,3.1162502765655518,0,0
7155,3.4870080947875977,3.2448792457580566,1,1
7156,3.492156982421875,3.2694883346557617,1,1
7157,3.4440057277679443,3.2056522369384766,1,1
7158,3.217554807662964,3.0962400436401367,0,0
7159,3.228961706161499,2.958627700805664,0,0
7160,2.995877742767334,2.9383466243743896,0,0
7161,3.018906354904175,2.8434033393859863,0,0
7162,3.4455673694610596,3.2458674907684326,1,1
7163,3.4231081008911133,3.1831488609313965,1,1
7164,3.478214740753174,3.3199925422668457,1,1
7165,3.241295576095581,3.0522000789642334,0,0
7166,3.6336796283721924,3.325836181640625,1,1
7167,3.4741077423095703,3.0022621154785156,1,1
7168,3.358776330947876,3.109832525253296,1,1
7169,3.348914384841919,2.957364797592163,1,1
7170,3.4663279056549072,3.0789074897766113,1,1
7171,3.2231528759002686,3.25974178314209,0,0
7172,3.339134693145752,3.3187522888183594,1,1
7173,2.8945634365081787,3.015801191329956,0,0
7174,3.214219331741333,3.326389789581299,0,0
7175,3.512131452560425,3.3884079456329346,1,1
7176,3.7231290340423584,3.6428394317626953,1,1
7177,3.5362212657928467,3.3316473960876465,1,1
7178,3.317194700241089,3.1537256240844727,1,1
7179,2.882051706314087,2.8206262588500977,0,0
7180,2.8840420246124268,2.959559917449951,0,0
7181,2.8769450187683105,2.9198548793792725,0,0
7182,3.624509334564209,3.1226744651794434,1,1
7183,2.8858916759490967,2.858799695968628,0,0
7184,3.5325584411621094,3.405770778656006,1,1
7185,2.716935873031616,2.7576165199279785,0,0
7186,3.3975560665130615,3.364408016204834,1,1
7187,3.6969406604766846,3.4982388019561768,1,1
7188,3.6377511024475098,3.5878419876098633,1,1
7189,3.755112409591675,3.6568334102630615,1,1
7190,3.42805552482605,3.443726062774658,1,1
7191,3.4545986652374268,3.4155125617980957,1,1
7192,3.8186838626861572,3.697319984436035,1,1
7193,3.744267702102661,3.4184184074401855,1,1
7194,3.4506945610046387,3.0717148780822754,1,1
7195,3.533219337463379,3.358398675918579,1,1
7196,3.477403163909912,3.3616325855255127,1,1
7197,3.9630463123321533,3.48414945602417,1,1
7198,3.684201955795288,3.357081413269043,1,1
7199,3.1073853969573975,2.9039342403411865,0,0
7200,3.262705087661743,3.0971052646636963,0,0
7201,2.6227622032165527,2.679460048675537,0,0
7202,3.298961639404297,3.1623332500457764,1,1
7203,3.494675874710083,3.2171998023986816,1,1
7204,3.220270872116089,2.9956276416778564,0,0
7205,2.9336211681365967,2.942965030670166,0,0
7206,3.59114933013916,3.3581011295318604,1,1
7207,3.726609230041504,3.388158082962036,1,1
7208,3.3349876403808594,3.1871166229248047,1,1
7209,3.790959358215332,3.386125326156616,1,1
7210,3.8784186840057373,3.51729154586792,1,1
7211,3.861680030822754,3.717357635498047,1,1
7212,3.7336323261260986,3.574265956878662,1,1
7213,3.8668997287750244,3.5410947799682617,1,1
7214,3.498847484588623,3.397146701812744,1,1
7215,4.147858619689941,3.7411372661590576,1,1
7216,3.5115623474121094,3.3360602855682373,1,1
7217,3.623324394226074,3.389744758605957,1,1
7218,4.10966682434082,3.6543381214141846,1,1
7219,3.592881202697754,3.3853237628936768,1,1
7220,3.34293532371521,3.1896088123321533,1,1
7221,3.238847255706787,3.1647086143493652,0,0
7222,3.8257269859313965,3.5153238773345947,1,1
7223,3.6260669231414795,3.463266372680664,1,1
7224,3.3255884647369385,3.3337478637695312,0,0
7225,2.9547243118286133,3.065063953399658,0,0
7226,3.023559331893921,3.006530523300171,0,0
7227,3.3125619888305664,3.2403831481933594,0,0
7228,3.4812283515930176,3.165144443511963,1,1
7229,3.4379594326019287,3.14790415763855,1,1
7230,3.6024179458618164,3.4139318466186523,1,1
7231,3.5130629539489746,3.3587088584899902,1,1
7232,3.5129101276397705,3.4063963890075684,1,1
7233,3.7340168952941895,3.476651906967163,1,1
7234,3.7243854999542236,3.6214451789855957,1,1
7235,3.0984137058258057,3.0153207778930664,0,0
7236,3.6528735160827637,3.3291568756103516,1,1
7237,3.470399856567383,3.408557891845703,1,1
7238,3.557612419128418,3.410407304763794,1,1
7239,3.360478401184082,3.19670033454895,1,1
7240,3.1744468212127686,2.989258289337158,0,0
7241,3.225273609161377,3.1756043434143066,0,0
7242,3.745995044708252,3.4823825359344482,1,1
7243,3.7622363567352295,3.5049586296081543,1,1
7244,3.542640209197998,3.4921388626098633,1,1
7245,3.670680046081543,3.3068230152130127,1,1
7246,3.6675379276275635,3.488241672515869,1,1
7247,3.5383572578430176,3.380283832550049,1,1
7248,3.4594342708587646,3.400495767593384,1,1
7249,3.221558094024658,3.13881254196167,0,0
7250,3.437119245529175,3.191356658935547,1,1
7251,3.2631852626800537,3.062218427658081,0,0
7252,2.9865059852600098,2.89599609375,0,0
7253,3.604621410369873,3.411167621612549,1,1
7254,3.2489511966705322,3.3028335571289062,0,0
7255,3.8584654331207275,3.5862414836883545,1,1
7256,3.6886532306671143,3.476346969604492,1,1
7257,3.665268898010254,3.2699532508850098,1,1
7258,3.767261505126953,3.6276674270629883,1,1
7259,3.188180685043335,2.955988883972168,0,0
7260,3.3421380519866943,3.2370829582214355,0,0
7261,3.5435845851898193,3.2623538970947266,1,1
7262,3.1021065711975098,2.9905552864074707,0,0
7263,3.5418989658355713,3.351078510284424,1,1
7264,3.4696850776672363,3.4694743156433105,1,1
7265,2.9715442657470703,3.045567512512207,0,0
7266,3.265183210372925,3.3569858074188232,0,0
7267,3.349128246307373,3.270319700241089,0,0
7268,3.472597599029541,3.4758081436157227,1,1
7269,3.168362617492676,3.2895236015319824,0,0
7270,3.472184658050537,3.3043372631073,1,1
7271,3.2338738441467285,2.9996063709259033,0,0
7272,3.1954691410064697,3.3002781867980957,0,0
7273,3.1512651443481445,3.222111463546753,0,0
7274,3.534827709197998,3.375582695007324,1,1
7275,3.430020570755005,3.3532567024230957,1,1
7276,3.31146502494812,3.110837697982788,0,0
7277,3.1548304557800293,2.991549253463745,0,0
7278,3.488577127456665,3.263317584991455,1,1
7279,3.1051700115203857,3.046881675720215,0,0
7280,3.0085442066192627,2.9015259742736816,0,0
7281,3.0752999782562256,2.9792661666870117,0,0
7282,3.341266632080078,2.89774751663208,0,0
7283,3.3102304935455322,3.1689717769622803,0,0
7284,3.594285488128662,3.105623245239258,1,1
7285,3.019404411315918,2.76697039604187,0,0
7286,3.407626152038574,3.209998607635498,1,1
7287,3.7224769592285156,3.2813141345977783,1,1
7288,2.9968466758728027,2.686129093170166,0,0
7289,3.1123008728027344,2.9002320766448975,0,0
7290,3.066354274749756,2.9906482696533203,0,0
7291,3.2426092624664307,3.0782909393310547,0,0
7292,3.6170055866241455,3.162445068359375,1,1
7293,3.4055981636047363,3.078817844390869,0,0
7294,3.466330051422119,3.279879570007324,1,1
7295,3.4670493602752686,3.1124939918518066,1,1
7296,3.44339919090271,3.1591734886169434,1,1
7297,3.762586832046509,3.544482707977295,1,1
7298,3.5214548110961914,3.2952589988708496,1,1
7299,3.54249906539917,3.100879430770874,1,1
7300,3.6073684692382812,3.317028522491455,1,1
7301,3.077770948410034,2.962634563446045,0,0
7302,3.3900113105773926,3.1398661136627197,0,0
7303,3.1872003078460693,2.990218162536621,0,0
7304,3.2118637561798096,3.0222835540771484,0,0
7305,2.952843189239502,2.8950839042663574,0,0
7306,3.4473204612731934,3.2736027240753174,1,1
7307,3.1650521755218506,2.981466770172119,0,0
7308,3.245817184448242,3.0401575565338135,0,0
7309,3.245555877685547,3.182650566101074,0,0
7310,3.459256649017334,3.311628818511963,1,1
7311,3.1781537532806396,3.1297872066497803,0,0
7312,3.0022189617156982,2.7787673473358154,0,0
7313,3.1455130577087402,3.0202505588531494,0,0
7314,3.4718832969665527,3.295056104660034,1,1
7315,3.576564311981201,3.278157949447632,1,1
7316,3.33119797706604,3.2002017498016357,0,0
7317,3.071227550506592,2.9694342613220215,0,0
7318,3.516793727874756,3.0897469520568848,1,1
7319,3.375237226486206,2.9874682426452637,0,0
7320,3.573357582092285,3.209045171737671,1,1
7321,3.2360239028930664,2.9478912353515625,0,0
7322,3.5386037826538086,3.2428555488586426,1,1
7323,3.6160080432891846,3.385808229446411,1,1
7324,3.4424045085906982,3.357684850692749,0,0
7325,3.666099786758423,3.3639719486236572,1,1
7326,2.985016107559204,2.9024486541748047,0,0
7327,3.318742275238037,3.2016918659210205,0,0
7328,3.020486354827881,2.8787143230438232,0,0
7329,3.106168031692505,2.983168601989746,0,0
7330,3.294983386993408,3.1368567943573,0,0
7331,3.248661756515503,3.1508572101593018,0,0
7332,3.201295852661133,3.1149001121520996,0,0
7333,2.9621922969818115,2.9065334796905518,0,0
7334,3.3911914825439453,3.235841751098633,0,0
7335,2.745751142501831,2.5369646549224854,0,0
7336,2.966183662414551,2.7773964405059814,0,0
7337,2.9344773292541504,2.8323416709899902,0,0
7338,3.1987717151641846,3.0204544067382812,0,0
7339,3.158381700515747,2.921027660369873,0,0
7340,3.1981163024902344,2.9362730979919434,0,0
7341,3.095696449279785,2.8842132091522217,0,0
7342,3.3189525604248047,2.9090142250061035,0,0
7343,3.767411470413208,3.4451022148132324,1,1
7344,3.3724288940429688,3.242457389831543,0,0
7345,3.779874563217163,3.472499370574951,1,1
7346,3.3812294006347656,3.1464266777038574,0,0
7347,3.663072347640991,3.2260046005249023,1,1
7348,3.5555129051208496,3.1707448959350586,1,1
7349,3.784935235977173,3.4276843070983887,1,1
7350,3.7309587001800537,3.3613200187683105,1,1
7351,3.3938093185424805,3.2476189136505127,0,0
7352,2.829798698425293,2.854952812194824,0,0
7353,3.235515832901001,3.1518425941467285,0,0
7354,2.8543403148651123,2.7897493839263916,0,0
7355,3.2091145515441895,3.153322219848633,0,0
7356,3.0087647438049316,3.0083014965057373,0,0
7357,3.074449300765991,2.9588561058044434,0,0
7358,3.735856294631958,3.5056114196777344,1,1
7359,3.5739264488220215,3.3155229091644287,1,1
7360,3.6446375846862793,3.4861063957214355,1,1
7361,3.7351837158203125,3.304938316345215,1,1
7362,3.4196135997772217,3.2554855346679688,1,1
7363,3.776230812072754,3.4839468002319336,1,1
7364,3.496716022491455,3.4210076332092285,1,1
7365,3.213193655014038,2.9828853607177734,0,0
7366,2.9476122856140137,2.9992449283599854,0,0
7367,3.0127017498016357,2.924253225326538,0,0
7368,3.050220489501953,2.993939161300659,0,0
7369,3.2974421977996826,2.9829976558685303,0,0
7370,2.6057190895080566,2.179780960083008,0,0
7371,2.6686553955078125,2.5192837715148926,0,0
7372,2.961639642715454,2.947173595428467,0,0
7373,3.396470069885254,3.371812343597412,1,1
7374,3.3817362785339355,3.3242621421813965,0,0
7375,3.1953351497650146,3.237663745880127,0,0
7376,3.1029820442199707,3.2671854496002197,0,0
7377,3.2564444541931152,3.204465627670288,0,0
7378,3.159518003463745,3.2202043533325195,0,0
7379,3.33774733543396,3.284038543701172,0,0
7380,3.40079665184021,3.0619661808013916,1,1
7381,3.4612390995025635,3.295073986053467,1,1
7382,3.105186939239502,3.148770332336426,0,0
7383,3.43129563331604,3.178135871887207,1,1
7384,3.781371593475342,3.5615291595458984,1,1
7385,3.182292938232422,3.159468650817871,0,0
7386,3.631685733795166,3.5397815704345703,1,1
7387,3.284421920776367,3.2609493732452393,0,0
7388,2.983642578125,2.973322868347168,0,0
7389,3.0665125846862793,3.0213112831115723,0,0
7390,3.2312912940979004,3.182373046875,0,0
7391,2.91667103767395,3.0313706398010254,0,0
7392,3.4118385314941406,3.2190637588500977,1,1
7393,3.4507131576538086,3.1867117881774902,1,1
7394,3.21821665763855,3.094428777694702,0,0
7395,3.176269769668579,3.01884388923645,0,0
7396,3.3406314849853516,3.105807065963745,0,0
7397,3.5847432613372803,3.238447666168213,1,1
7398,3.7820048332214355,3.3946785926818848,1,1
7399,3.5888824462890625,3.2954890727996826,1,1
7400,3.360518455505371,3.0672836303710938,0,0
7401,3.4012274742126465,3.0802769660949707,1,1
7402,3.2416813373565674,3.108970880508423,0,0
7403,3.3215677738189697,3.1236495971679688,0,0
7404,3.603747844696045,3.3351097106933594,1,1
7405,3.1228435039520264,3.1854348182678223,0,0
7406,3.3306033611297607,3.12261962890625,0,0
7407,3.1715199947357178,3.0967366695404053,0,0
7408,3.465306282043457,3.2294812202453613,1,1
7409,3.4645626544952393,3.2569432258605957,1,1
7410,3.51865816116333,3.3367061614990234,1,1
7411,3.369206190109253,3.1562061309814453,1,1
7412,3.3773648738861084,3.0080132484436035,1,1
7413,3.4069066047668457,3.1005806922912598,1,1
7414,3.1359875202178955,2.890098810195923,0,0
7415,3.134009838104248,2.87729549407959,0,0
7416,3.237572431564331,3.1008493900299072,0,0
7417,3.201645851135254,2.9394516944885254,0,0
7418,3.089479684829712,2.9179158210754395,0,0
7419,3.520779848098755,3.384493350982666,1,1
7420,3.523023843765259,3.568960666656494,1,1
7421,2.7611896991729736,2.6391305923461914,0,0
7422,2.8155598640441895,2.7482950687408447,0,0
7423,3.1035962104797363,3.0133609771728516,0,0
7424,3.2038776874542236,3.027676582336426,0,0
7425,3.1793277263641357,2.8544411659240723,0,0
7426,3.315599203109741,3.0666160583496094,0,0
7427,3.7263195514678955,3.270296096801758,1,1
7428,3.5257201194763184,3.2934703826904297,1,1
7429,3.202249050140381,2.9907710552215576,0,0
7430,3.0472211837768555,2.875868797302246,0,0
7431,3.2108676433563232,2.9118306636810303,0,0
7432,2.792985200881958,2.6525421142578125,0,0
7433,2.939213275909424,2.7190074920654297,0,0
7434,3.042809009552002,2.807744264602661,0,0
7435,2.955176591873169,2.667059898376465,0,0
7436,3.1804888248443604,2.902921676635742,0,0
7437,2.2725493907928467,2.4068620204925537,0,0
7438,3.097559928894043,2.793846368789673,0,0
7439,3.236785650253296,2.9923152923583984,0,0
7440,3.3647232055664062,3.134805679321289,1,1
7441,3.1143784523010254,3.1030235290527344,0,0
7442,3.0076074600219727,2.828017234802246,0,0
7443,2.970417022705078,2.7214558124542236,0,0
7444,3.4216599464416504,3.1706504821777344,1,1
7445,3.4223556518554688,3.2695984840393066,1,1
7446,3.228783369064331,2.9936749935150146,0,0
7447,3.267474412918091,3.1411492824554443,0,0
7448,2.990685224533081,2.78118634223938,0,0
7449,3.2336511611938477,2.9063258171081543,0,0
7450,3.156789779663086,2.86983585357666,0,0
7451,3.301628351211548,2.930351734161377,1,1
7452,3.4187495708465576,3.1280713081359863,1,1
7453,3.4079949855804443,2.9931411743164062,1,1
7454,3.6230313777923584,2.9155588150024414,1,1
7455,3.4765868186950684,3.0629281997680664,1,1
7456,3.5752646923065186,3.142253875732422,1,1
7457,3.262369155883789,3.013188362121582,0,0
7458,3.016300916671753,2.903761148452759,0,0
7459,2.959272623062134,2.687429666519165,0,0
7460,3.360780715942383,3.1367340087890625,1,1
7461,2.542825222015381,2.292799234390259,0,0
7462,3.4613962173461914,3.1926097869873047,1,1
7463,3.4771854877471924,3.059755563735962,1,1
7464,3.4027106761932373,3.2248692512512207,1,1
7465,3.666668176651001,3.1992874145507812,1,1
7466,3.3644213676452637,2.9811549186706543,1,1
7467,2.9971272945404053,2.8835525512695312,0,0
7468,3.3611645698547363,3.3090686798095703,1,1
7469,3.480895519256592,3.181818962097168,1,1
7470,3.928252696990967,3.736410140991211,1,1
7471,3.4037210941314697,3.276029586791992,1,1
7472,3.579808235168457,3.1168906688690186,1,1
7473,3.1787071228027344,3.0558829307556152,0,0
7474,2.6252315044403076,2.599184036254883,0,0
7475,3.245877504348755,3.164290189743042,0,0
7476,3.350661277770996,3.2845516204833984,1,1
7477,3.145991325378418,3.112926483154297,0,0
7478,3.504819631576538,3.2888712882995605,1,1
7479,3.290585994720459,3.140322208404541,1,1
7480,3.2542126178741455,3.068444013595581,0,0
7481,3.220578670501709,3.174051523208618,0,0
7482,3.3117072582244873,3.042168140411377,1,1
7483,3.2285103797912598,2.9207353591918945,0,0
7484,3.261338710784912,2.9537596702575684,0,0
7485,3.0748560428619385,2.766608238220215,0,0
7486,3.1620638370513916,2.9284472465515137,0,0
7487,3.029752731323242,2.8655223846435547,0,0
7488,3.092146158218384,2.9983572959899902,0,0
7489,3.4994940757751465,3.412369728088379,1,1
7490,3.2861580848693848,3.3116869926452637,1,1
7491,3.5651259422302246,3.5686514377593994,1,1
7492,3.8106167316436768,3.4588353633880615,1,1
7493,3.394932985305786,3.241598129272461,1,1
7494,3.6210427284240723,3.5240087509155273,1,1
7495,3.512251853942871,3.4741315841674805,1,1
7496,3.4017021656036377,3.172245502471924,1,1
7497,3.3575687408447266,3.285120964050293,1,1
7498,3.3898162841796875,3.3347480297088623,1,1
7499,3.6310856342315674,3.395510673522949,1,1
7500,3.528208017349243,3.1839687824249268,1,1
7501,3.5543904304504395,3.3654348850250244,1,1
7502,3.3686413764953613,3.183357000350952,1,1
7503,3.392247438430786,3.305158853530884,1,1
7504,3.256808280944824,3.142549753189087,0,0
7505,2.816795825958252,2.790421962738037,0,0
7506,2.945211887359619,2.8556175231933594,0,0
7507,2.7939910888671875,2.6601710319519043,0,0
7508,2.973867654800415,2.8111581802368164,0,0
7509,3.163731813430786,2.8269264698028564,0,0
7510,3.1871941089630127,2.966808319091797,0,0
7511,3.3199045658111572,3.0099129676818848,1,1
7512,3.5120551586151123,3.216989517211914,1,1
7513,3.417789936065674,3.155531406402588,1,1
7514,3.849595308303833,3.4054951667785645,1,1
7515,3.925218105316162,3.4545276165008545,1,1
7516,3.660140037536621,3.474717140197754,1,1
7517,3.092209815979004,2.875213623046875,0,0
7518,3.2853524684906006,3.0431768894195557,0,0
7519,3.124277353286743,2.9076199531555176,0,0
7520,3.436255693435669,3.045982837677002,1,1
7521,3.7747488021850586,3.2533445358276367,1,1
7522,3.3919167518615723,3.203085422515869,1,1
7523,3.286196708679199,3.1397006511688232,0,0
7524,3.530815362930298,3.3791208267211914,1,1
7525,3.360060691833496,3.2036750316619873,1,1
7526,3.3519234657287598,3.1810121536254883,1,1
7527,3.6112043857574463,3.4688844680786133,1,1
7528,3.3995261192321777,3.0635592937469482,1,1
7529,3.3207993507385254,3.1474711894989014,1,1
7530,3.5037729740142822,3.205314874649048,1,1
7531,3.242622137069702,2.992314577102661,0,0
7532,3.5683882236480713,3.2351579666137695,1,1
7533,3.758903741836548,3.414466381072998,1,1
7534,3.6549625396728516,3.3728699684143066,1,1
7535,3.797684907913208,3.415605306625366,1,1
7536,3.3463048934936523,3.2710888385772705,1,1
7537,3.536315441131592,3.11531662940979,1,1
7538,3.0322842597961426,2.9555068016052246,0,0
7539,3.6910104751586914,3.4337892532348633,1,1
7540,3.7152099609375,3.4333245754241943,1,1
7541,2.8783514499664307,2.9186482429504395,0,0
7542,3.465710163116455,3.334519386291504,1,1
7543,3.1500978469848633,3.229546546936035,0,0
7544,3.154326915740967,3.1951355934143066,0,0
7545,3.3334901332855225,3.298614501953125,1,1
7546,3.286431074142456,3.260901927947998,0,0
7547,3.21809458732605,3.108499526977539,0,0
7548,3.5712087154388428,3.3311798572540283,1,1
7549,3.1922690868377686,3.088120937347412,0,0
7550,2.8276185989379883,2.833559036254883,0,0
7551,3.3059306144714355,3.2039194107055664,0,0
7552,3.516949415206909,3.280999183654785,1,1
7553,3.303769826889038,3.251460075378418,0,0
7554,3.4682018756866455,3.3466739654541016,1,1
7555,3.645855188369751,3.4602103233337402,1,1
7556,3.4225385189056396,3.2270302772521973,1,1
7557,3.5917227268218994,3.2485432624816895,1,1
7558,3.3365676403045654,3.213261365890503,1,1
7559,3.445190906524658,3.138556480407715,1,1
7560,3.395707845687866,3.2102973461151123,1,1
7561,3.465526580810547,3.190065860748291,1,1
7562,3.2467901706695557,3.030456781387329,0,0
7563,3.4905388355255127,2.897362470626831,1,1
7564,3.299011707305908,2.9268717765808105,0,0
7565,3.4481117725372314,2.894862651824951,1,1
7566,3.3268990516662598,3.177914619445801,1,1
7567,3.438180446624756,3.006381034851074,1,1
7568,3.4259746074676514,3.1456246376037598,1,1
7569,3.219726800918579,2.7911746501922607,0,0
7570,3.082202672958374,2.722625732421875,0,0
7571,3.237189769744873,2.9324147701263428,0,0
7572,3.2151007652282715,2.873412847518921,0,0
7573,3.358971357345581,2.7625374794006348,1,1
7574,3.552211284637451,3.1232187747955322,1,1
7575,3.2557761669158936,2.926201820373535,0,0
7576,3.423312187194824,3.06484317779541,1,1
7577,3.3571865558624268,3.040745258331299,1,1
7578,3.4325225353240967,3.22513484954834,1,1
7579,2.9941470623016357,2.8260533809661865,0,0
7580,2.8526458740234375,2.7841196060180664,0,0
7581,3.211212158203125,2.804645538330078,0,0
7582,3.062021255493164,2.8652443885803223,0,0
7583,3.3347487449645996,3.1546459197998047,1,1
7584,2.9960238933563232,2.8732266426086426,0,0
7585,2.7802228927612305,2.6627109050750732,0,0
7586,3.005871057510376,2.720634937286377,0,0
7587,3.1514599323272705,2.889605760574341,0,0
7588,3.095690965652466,2.901353120803833,0,0
7589,3.108567953109741,3.004499673843384,0,0
7590,3.4998667240142822,3.1937003135681152,1,1
7591,3.332155466079712,3.2026355266571045,1,1
7592,3.402689218521118,3.195817470550537,1,1
7593,3.465311050415039,3.433978796005249,1,1
7594,3.255547523498535,3.2314836978912354,0,0
7595,3.4426121711730957,3.242837429046631,1,1
7596,3.574547052383423,3.3789753913879395,1,1
7597,3.2464511394500732,3.307703733444214,0,0
7598,3.627345323562622,3.587134599685669,1,1
7599,3.4195799827575684,3.4180314540863037,1,1
7600,3.4534175395965576,3.25101900100708,1,1
7601,3.5284154415130615,3.314718723297119,1,1
7602,3.460693836212158,3.297623634338379,1,1
7603,3.529954433441162,3.3453516960144043,1,1
7604,3.4029223918914795,3.3525149822235107,1,1
7605,3.267646551132202,3.24739408493042,0,0
7606,3.174718141555786,3.0330138206481934,0,0
7607,3.3748648166656494,3.423368215560913,1,1
7608,3.4643003940582275,3.2790446281433105,1,1
7609,3.1964571475982666,2.9530699253082275,0,0
7610,3.4328677654266357,3.337832450866699,1,1
7611,3.6384098529815674,3.3479363918304443,1,1
7612,3.7576892375946045,3.2980754375457764,1,1
7613,3.544947385787964,3.2493298053741455,1,1
7614,3.546381950378418,3.271425724029541,1,1
7615,3.3369762897491455,3.2302331924438477,1,1
7616,2.932755708694458,2.8172645568847656,0,0
7617,2.634113073348999,2.7308034896850586,0,0
7618,3.187220811843872,3.010371208190918,0,0
7619,3.4770803451538086,3.23327898979187,1,1
7620,3.215261459350586,3.0610134601593018,0,0
7621,3.252946376800537,3.167156219482422,0,0
7622,3.0899345874786377,2.9064011573791504,0,0
7623,3.280498504638672,3.0495493412017822,0,0
7624,3.490851879119873,3.3201141357421875,1,1
7625,3.2984137535095215,3.095120906829834,0,0
7626,3.349700689315796,3.3097870349884033,1,1
7627,3.2232110500335693,2.970703125,0,0
7628,3.044201374053955,2.9915771484375,0,0
7629,3.089695453643799,3.0763206481933594,0,0
7630,3.136425256729126,2.972839593887329,0,0
7631,3.3074231147766113,3.0456466674804688,0,0
7632,3.308243751525879,3.183842182159424,0,0
7633,3.624413251876831,3.3266661167144775,1,1
7634,3.423752546310425,3.1239101886749268,1,1
7635,3.1160714626312256,3.0233347415924072,0,0
7636,2.8358333110809326,2.873786449432373,0,0
7637,3.2528023719787598,3.1431050300598145,0,0
7638,3.5918076038360596,3.2395994663238525,1,1
7639,2.7356646060943604,2.7899117469787598,0,0
7640,2.993415355682373,2.8355696201324463,0,0
7641,3.4476099014282227,3.0899391174316406,1,1
7642,3.684908390045166,3.550083637237549,1,1
7643,3.6946749687194824,3.431326389312744,1,1
7644,3.488708972930908,3.26765775680542,1,1
7645,3.562793016433716,3.3410439491271973,1,1
7646,3.826767921447754,3.570997953414917,1,1
7647,2.8415470123291016,2.781235694885254,0,0
7648,2.7586395740509033,2.5857815742492676,0,0
7649,3.0342769622802734,2.7997636795043945,0,0
7650,3.0053677558898926,2.9011409282684326,0,0
7651,2.7589094638824463,2.5778889656066895,0,0
7652,3.0966145992279053,2.6072473526000977,0,0
7653,3.4985995292663574,3.0587387084960938,1,1
7654,3.464374303817749,2.903010368347168,1,1
7655,3.4103798866271973,2.9934022426605225,1,1
7656,2.8358829021453857,2.5829050540924072,0,0
7657,3.0968823432922363,2.8206310272216797,0,0
7658,3.2750942707061768,2.8028364181518555,0,0
7659,3.58830189704895,3.0857114791870117,1,1
7660,3.3676583766937256,2.9788670539855957,1,1
7661,3.2487661838531494,2.949061393737793,0,0
7662,3.5119071006774902,2.9188127517700195,1,1
7663,3.403654098510742,2.7848973274230957,1,1
7664,3.5759620666503906,3.1601412296295166,1,1
7665,3.5097298622131348,3.0650713443756104,1,1
7666,3.2252204418182373,3.200995445251465,0,0
7667,3.3248910903930664,3.0804333686828613,0,0
7668,3.5014421939849854,3.0757718086242676,1,1
7669,3.627837896347046,3.251521348953247,1,1
7670,3.3522839546203613,3.1330695152282715,1,1
7671,3.6218316555023193,3.206873893737793,1,1
7672,3.6649889945983887,3.065614938735962,1,1
7673,3.1422340869903564,3.126002073287964,0,0
7674,3.5218167304992676,3.261557102203369,1,1
7675,3.167583465576172,3.0767409801483154,0,0
7676,3.2228801250457764,3.0534884929656982,0,0
7677,3.4534900188446045,3.3097705841064453,1,1
7678,2.9387199878692627,3.0984301567077637,0,0
7679,3.2946860790252686,3.1122827529907227,0,0
7680,3.540121078491211,3.3490796089172363,1,1
7681,3.463134765625,3.358602523803711,1,1
7682,3.3960037231445312,3.2727138996124268,1,1
7683,3.182408094406128,3.177891254425049,0,0
7684,3.5660672187805176,3.4136457443237305,1,1
7685,3.4294681549072266,3.2396926879882812,1,1
7686,3.209050178527832,3.2414309978485107,0,0
7687,3.277177095413208,3.377500057220459,0,0
7688,3.1354713439941406,3.151545286178589,0,0
7689,3.5923912525177,3.567397117614746,1,1
7690,3.4609646797180176,3.361562728881836,1,1
7691,3.7873311042785645,3.6419875621795654,1,1
7692,3.633580207824707,3.58610200881958,1,1
7693,3.621715784072876,3.3164281845092773,1,1
7694,3.6930105686187744,3.474982261657715,1,1
7695,2.786999225616455,3.013768434524536,0,0
7696,3.1209123134613037,3.105064630508423,0,0
7697,3.401400327682495,3.246112108230591,1,1
7698,3.223961591720581,3.1015450954437256,0,0
7699,3.325871706008911,3.237910270690918,0,0
7700,3.1239805221557617,3.092594861984253,0,0
7701,3.11987042427063,3.071063756942749,0,0
7702,2.803431272506714,3.06655216217041,0,0
7703,2.9436404705047607,3.0911574363708496,0,0
7704,3.658601999282837,3.5634918212890625,1,1
7705,3.2409298419952393,3.442129611968994,0,0
7706,3.48537015914917,3.369749069213867,1,1
7707,3.0428991317749023,3.033679723739624,0,0
7708,3.488001585006714,3.2809412479400635,1,1
7709,3.3718910217285156,3.156946897506714,1,1
7710,3.5907719135284424,3.5439209938049316,1,1
7711,3.5868515968322754,3.3525733947753906,1,1
7712,3.3588240146636963,3.164257287979126,0,0
7713,3.3373851776123047,3.1996662616729736,0,0
7714,3.2121098041534424,3.138430595397949,0,0
7715,3.3323397636413574,3.3360867500305176,0,0
7716,3.366551160812378,3.216810703277588,1,1
7717,2.793011426925659,2.9153265953063965,0,0
7718,3.1046130657196045,3.417870044708252,0,0
7719,3.7096543312072754,3.493028402328491,1,1
7720,3.153461456298828,3.148158073425293,0,0
7721,3.591545820236206,3.3560948371887207,1,1
7722,3.2533199787139893,3.2851319313049316,0,0
7723,3.10062575340271,3.0207507610321045,0,0
7724,3.5840883255004883,3.3115289211273193,1,1
7725,3.5073513984680176,3.1478590965270996,1,1
7726,3.391082763671875,3.2267043590545654,1,1
7727,3.3370800018310547,3.1051130294799805,0,0
7728,3.5536017417907715,3.1493606567382812,1,1
7729,3.382180690765381,3.1342287063598633,1,1
7730,3.25016188621521,2.9301819801330566,0,0
7731,2.887691020965576,2.5581889152526855,0,0
7732,3.25900936126709,2.995119333267212,0,0
7733,3.515077829360962,3.328949451446533,1,1
7734,3.4703128337860107,3.2885358333587646,1,1
7735,3.8519339561462402,3.3620615005493164,1,1
7736,3.5033538341522217,3.2937631607055664,1,1
7737,3.1813583374023438,2.8156566619873047,0,0
7738,3.2481789588928223,2.961183547973633,0,0
7739,3.533857822418213,3.227621078491211,1,1
7740,3.4513278007507324,3.2059638500213623,1,1
7741,3.4225692749023438,3.075838088989258,1,1
7742,3.164095640182495,2.868020534515381,0,0
7743,3.4850564002990723,3.109020709991455,1,1
7744,2.8866147994995117,2.8233249187469482,0,0
7745,3.154304265975952,3.0039830207824707,0,0
7746,3.244856357574463,3.1501312255859375,0,0
7747,2.9826133251190186,2.9122471809387207,0,0
7748,3.1637563705444336,3.0371620655059814,0,0
7749,3.2626090049743652,3.1496498584747314,0,0
7750,3.1721408367156982,3.111010789871216,0,0
7751,3.219818592071533,3.3125171661376953,0,0
7752,3.2746822834014893,3.0585503578186035,0,0
7753,3.2847864627838135,3.00618577003479,0,0
7754,3.3952057361602783,3.062055826187134,1,1
7755,3.085792064666748,3.1073360443115234,0,0
7756,2.7568929195404053,2.8163833618164062,0,0
7757,3.117943525314331,3.0536129474639893,0,0
7758,3.0955095291137695,2.9271254539489746,0,0
7759,3.3794050216674805,2.8947341442108154,1,1
7760,2.4884650707244873,2.4939308166503906,0,0
7761,3.0031700134277344,2.8721413612365723,0,0
7762,3.118072986602783,2.9101028442382812,0,0
7763,3.0257272720336914,2.835261106491089,0,0
7764,3.293062925338745,3.0009076595306396,0,0
7765,3.274844169616699,3.0378522872924805,0,0
7766,3.1704251766204834,3.073002815246582,0,0
7767,3.1039390563964844,2.9600493907928467,0,0
7768,3.034139633178711,2.731128215789795,0,0
7769,3.417069911956787,3.060802459716797,1,1
7770,3.172527551651001,3.183166027069092,0,0
7771,3.162165880203247,2.9119248390197754,0,0
7772,3.449582815170288,3.1929335594177246,1,1
7773,3.0245869159698486,2.993508815765381,0,0
7774,3.220269203186035,3.264540672302246,0,0
7775,3.022794723510742,3.1104564666748047,0,0
7776,3.0878775119781494,2.933647632598877,0,0
7777,3.4046757221221924,3.2640750408172607,1,1
7778,2.904123544692993,2.800734043121338,0,0
7779,2.8546555042266846,2.8753833770751953,0,0
7780,3.079925298690796,3.0921831130981445,0,0
7781,3.406583786010742,3.1250319480895996,1,1
7782,3.197538375854492,2.9670839309692383,0,0
7783,2.944263219833374,2.8325300216674805,0,0
7784,3.203183174133301,2.911799192428589,0,0
7785,3.378371000289917,2.9838924407958984,1,1
7786,3.461366653442383,3.157451629638672,1,1
7787,2.7678630352020264,2.8493642807006836,0,0
7788,3.242187976837158,3.1294825077056885,0,0
7789,3.1886305809020996,3.1701645851135254,0,0
7790,3.244229316711426,3.069838523864746,0,0
7791,2.943028211593628,2.876066207885742,0,0
7792,2.9650118350982666,2.9223315715789795,0,0
7793,3.230564832687378,3.2147910594940186,0,0
7794,3.246309995651245,3.085738182067871,0,0
7795,3.381108283996582,3.3528411388397217,1,1
7796,3.341843843460083,3.150789260864258,1,1
7797,3.0626118183135986,3.01548433303833,0,0
7798,3.643580913543701,3.319991111755371,1,1
7799,3.2431397438049316,3.1202471256256104,0,0
7800,3.3751838207244873,3.27504563331604,1,1
7801,3.468179225921631,3.3664426803588867,1,1
7802,3.340686082839966,3.2501375675201416,1,1
7803,3.5553505420684814,3.335184097290039,1,1
7804,3.4005448818206787,3.272176742553711,1,1
7805,3.013902187347412,2.5554676055908203,0,0
7806,3.331087827682495,3.159614086151123,1,1
7807,3.057887315750122,2.90844464302063,0,0
7808,3.107215642929077,2.954141616821289,0,0
7809,2.968268632888794,2.9487600326538086,0,0
7810,2.7364532947540283,2.71561861038208,0,0
7811,3.077709436416626,3.011286735534668,0,0
7812,3.1739015579223633,2.8954432010650635,0,0
7813,3.6149885654449463,3.1919143199920654,1,1
7814,3.660280466079712,3.304767370223999,1,1
7815,3.954348564147949,3.3380126953125,1,1
7816,3.937710762023926,3.4946651458740234,1,1
7817,3.110393762588501,3.0522255897521973,0,0
7818,3.4105236530303955,3.170454502105713,1,1
7819,3.7951509952545166,3.494065761566162,1,1
7820,3.7402098178863525,3.428666591644287,1,1
7821,3.6153368949890137,3.5223073959350586,1,1
7822,3.403250217437744,3.1635756492614746,1,1
7823,3.602628469467163,3.424684524536133,1,1
7824,3.703555107116699,3.4975502490997314,1,1
7825,3.210724115371704,3.194408893585205,0,0
7826,3.4855144023895264,3.258251190185547,1,1
7827,3.543578624725342,3.1795859336853027,1,1
7828,3.4112939834594727,3.14121675491333,1,1
7829,3.230391025543213,3.0322277545928955,0,0
7830,3.1672909259796143,2.9897913932800293,0,0
7831,2.9914629459381104,2.835789680480957,0,0
7832,3.2977144718170166,3.0729622840881348,1,1
7833,3.2696869373321533,3.0936598777770996,0,0
7834,3.308777332305908,3.1179099082946777,1,1
7835,3.074882745742798,2.9110267162323,0,0
7836,3.467456340789795,3.1130824089050293,1,1
7837,3.207609176635742,3.1538827419281006,0,0
7838,3.169527292251587,2.9780759811401367,0,0
7839,3.062678575515747,2.9007394313812256,0,0
7840,3.42793345451355,3.020474910736084,1,1
7841,3.1602563858032227,2.9965908527374268,0,0
7842,3.4554195404052734,3.299379825592041,1,1
7843,3.2670466899871826,3.235011577606201,0,0
7844,3.1756062507629395,2.9023118019104004,0,0
7845,3.426582098007202,2.8764843940734863,1,1
7846,3.2664408683776855,3.0243279933929443,0,0
7847,3.49314546585083,3.277057647705078,1,1
7848,3.3347268104553223,3.2312839031219482,1,1
7849,3.2449071407318115,3.0376081466674805,0,0
7850,3.6260316371917725,3.232663631439209,1,1
7851,3.5642623901367188,3.353966474533081,1,1
7852,3.38529109954834,3.2989583015441895,1,1
7853,3.521641254425049,3.2208244800567627,1,1
7854,3.9662773609161377,3.428715944290161,1,1
7855,3.2831249237060547,3.165343761444092,0,0
7856,3.638261318206787,3.3440732955932617,1,1
7857,3.5039620399475098,3.332109212875366,1,1
7858,3.3577890396118164,3.1122260093688965,1,1
7859,3.5395164489746094,3.305743932723999,1,1
7860,3.5641369819641113,3.220137119293213,1,1
7861,2.9519526958465576,2.9618096351623535,0,0
7862,3.2131288051605225,3.191131591796875,0,0
7863,3.2684245109558105,3.031546115875244,0,0
7864,3.6954164505004883,3.261000871658325,1,1
7865,3.4397618770599365,3.179826259613037,1,1
7866,3.245490312576294,3.0911107063293457,0,0
7867,3.5489487648010254,3.5244970321655273,1,1
7868,3.3175606727600098,3.2315335273742676,1,1
7869,3.2331111431121826,3.0906577110290527,0,0
7870,3.593106985092163,3.4024057388305664,1,1
7871,2.9790830612182617,2.9456913471221924,0,0
7872,3.5955655574798584,3.4129693508148193,1,1
7873,3.738173246383667,3.3966293334960938,1,1
7874,3.3935866355895996,3.2492167949676514,1,1
7875,3.1537892818450928,3.0637576580047607,0,0
7876,3.074589252471924,3.120041847229004,0,0
7877,3.4025282859802246,3.3966426849365234,1,1
7878,3.688178300857544,3.4580414295196533,1,1
7879,2.9608280658721924,2.9492902755737305,0,0
7880,3.1963236331939697,3.127434730529785,0,0
7881,3.612112522125244,3.3931775093078613,1,1
7882,3.5943892002105713,3.384188652038574,1,1
7883,3.538405179977417,3.251033306121826,1,1
7884,3.7827935218811035,3.2726709842681885,1,1
7885,3.1894149780273438,2.878399133682251,0,0
7886,2.925751209259033,2.690208911895752,0,0
7887,3.1921753883361816,2.8215551376342773,0,0
7888,3.081369161605835,2.7738046646118164,0,0
7889,3.008884906768799,2.685149908065796,0,0
7890,3.0043375492095947,2.5977203845977783,0,0
7891,3.0854249000549316,2.7496376037597656,0,0
7892,3.1710867881774902,2.636079788208008,0,0
7893,3.1147806644439697,2.6642799377441406,0,0
7894,2.928955554962158,2.6554203033447266,0,0
7895,3.0080320835113525,2.700446367263794,0,0
7896,3.1411330699920654,2.8281850814819336,0,0
7897,3.161562919616699,2.981208324432373,0,0
7898,3.7009942531585693,3.1686525344848633,1,1
7899,3.370934247970581,3.2814149856567383,1,1
7900,2.9982619285583496,2.820406913757324,0,0
7901,3.7224297523498535,3.385490655899048,1,1
7902,3.5083508491516113,3.2182044982910156,1,1
7903,3.8041231632232666,3.5417261123657227,1,1
7904,3.817514657974243,3.5286216735839844,1,1
7905,3.7347183227539062,3.3996760845184326,1,1
7906,3.64343523979187,3.4826488494873047,1,1
7907,3.484127998352051,3.3334109783172607,1,1
7908,3.541422128677368,3.434556007385254,1,1
7909,3.5173544883728027,3.282217502593994,1,1
7910,3.2974910736083984,3.1159017086029053,1,1
7911,3.1501357555389404,3.075331687927246,0,0
7912,3.474153995513916,3.303940773010254,1,1
7913,3.4590024948120117,3.22259259223938,1,1
7914,3.740908622741699,3.472432851791382,1,1
7915,3.712212562561035,3.4036426544189453,1,1
7916,3.5390262603759766,3.2831549644470215,1,1
7917,3.9008524417877197,3.346956253051758,1,1
7918,3.767235040664673,3.407256603240967,1,1
7919,3.5462489128112793,3.208773136138916,1,1
7920,3.3434104919433594,3.1476869583129883,1,1
7921,3.519404172897339,3.327186346054077,1,1
7922,3.9102256298065186,3.4985103607177734,1,1
7923,4.043766021728516,3.499600410461426,1,1
7924,3.306473731994629,2.9430453777313232,1,1
7925,3.152869701385498,3.011767625808716,0,0
7926,3.2205073833465576,3.028749465942383,0,0
7927,3.2778515815734863,3.3882527351379395,0,0
7928,3.3790950775146484,3.278108596801758,1,1
7929,3.1619184017181396,3.0134310722351074,0,0
7930,3.8204293251037598,3.464433193206787,1,1
7931,3.679344415664673,3.324514865875244,1,1
7932,3.0650198459625244,2.990086078643799,0,0
7933,3.364332914352417,3.21634840965271,1,1
7934,2.5011637210845947,2.576467514038086,0,0
7935,2.8478193283081055,2.8411812782287598,0,0
7936,3.0629501342773438,2.993590831756592,0,0
7937,3.095993995666504,3.027505874633789,0,0
7938,2.83441424369812,2.945394515991211,0,0
7939,3.3133134841918945,3.1035165786743164,1,1
7940,3.5687596797943115,3.3001556396484375,1,1
7941,3.5210654735565186,3.2721610069274902,1,1
7942,3.69944429397583,3.5162837505340576,1,1
7943,3.394009828567505,3.20194673538208,1,1
7944,3.477262020111084,3.104726552963257,1,1
7945,3.1243975162506104,3.0846633911132812,0,0
7946,3.6988368034362793,3.275374412536621,1,1
7947,3.5589041709899902,3.1754398345947266,1,1
7948,3.009988784790039,3.1360690593719482,0,0
7949,3.6079001426696777,3.226651191711426,1,1
7950,3.4374053478240967,3.2731919288635254,1,1
7951,3.2919070720672607,3.3478031158447266,0,0
7952,3.3569180965423584,3.229732036590576,1,1
7953,3.5047097206115723,3.394698143005371,1,1
7954,3.2866411209106445,3.195629119873047,0,0
7955,3.4788339138031006,3.267671585083008,1,1
7956,3.2194197177886963,3.3016510009765625,0,0
7957,3.261970281600952,3.149473190307617,0,0
7958,3.276029109954834,3.20656681060791,0,0
7959,3.2439305782318115,3.1623358726501465,0,0
7960,3.056063175201416,2.9519670009613037,0,0
7961,3.3237786293029785,3.2314043045043945,1,1
7962,3.4242823123931885,3.1591556072235107,1,1
7963,3.063049077987671,3.161252021789551,0,0
7964,3.0779201984405518,3.0015692710876465,0,0
7965,3.380971670150757,3.229552984237671,1,1
7966,3.308828830718994,3.3323111534118652,0,0
7967,3.310462713241577,3.216975688934326,0,0
7968,3.5586187839508057,3.410313606262207,1,1
7969,3.28255033493042,3.083571434020996,0,0
7970,3.1486480236053467,2.944366455078125,0,0
7971,3.1148087978363037,3.1388678550720215,0,0
7972,3.534428596496582,3.2947535514831543,1,1
7973,3.3778531551361084,3.373081684112549,1,1
7974,3.432135820388794,3.3750486373901367,1,1
7975,3.6334104537963867,3.4353458881378174,1,1
7976,3.2946600914001465,3.283137798309326,0,0
7977,3.3944380283355713,3.4027719497680664,1,1
7978,3.4482650756835938,3.287219524383545,1,1
7979,3.403918981552124,3.255032539367676,1,1
7980,3.1124773025512695,3.033661365509033,0,0
7981,3.5212886333465576,3.253291606903076,1,1
7982,3.1837151050567627,3.08913254737854,0,0
7983,2.9489431381225586,2.903959035873413,0,0
7984,3.3753983974456787,3.239459991455078,1,1
7985,3.0439977645874023,2.9630064964294434,0,0
7986,2.940995693206787,3.1184239387512207,0,0
7987,3.637515068054199,3.4225237369537354,1,1
7988,3.2259891033172607,3.031583309173584,0,0
7989,2.9700098037719727,2.809624671936035,0,0
7990,3.181570291519165,3.0263500213623047,0,0
7991,3.317655563354492,3.1070058345794678,0,0
7992,3.1971263885498047,2.8407068252563477,0,0
7993,3.5271782875061035,3.1936559677124023,1,1
7994,3.216163158416748,3.015078067779541,0,0
7995,3.3414602279663086,3.1684200763702393,0,0
7996,3.350975513458252,2.9786429405212402,1,1
7997,3.344069719314575,2.9513087272644043,0,0
7998,3.7664859294891357,3.390174388885498,1,1
7999,3.4038565158843994,3.0661582946777344,1,1
8000,3.4523913860321045,3.240192413330078,1,1
8001,3.391378164291382,3.219329357147217,1,1
8002,3.2792937755584717,3.12896728515625,0,0
8003,3.493924617767334,3.169459104537964,1,1
8004,3.365798234939575,3.1862595081329346,1,1
8005,3.2558209896087646,3.2231228351593018,0,0
8006,3.468262195587158,3.133570671081543,1,1
8007,3.385754108428955,3.049647331237793,1,1
8008,3.3877480030059814,3.0631275177001953,1,1
8009,3.537667989730835,3.2948482036590576,1,1
8010,3.4292726516723633,3.1214044094085693,1,1
8011,3.2047343254089355,3.0194578170776367,0,0
8012,3.3002312183380127,3.127743721008301,0,0
8013,3.330160617828369,3.315713882446289,0,0
8014,3.2510294914245605,3.174854278564453,0,0
8015,3.2454798221588135,3.052478790283203,0,0
8016,3.30849289894104,3.200803518295288,0,0
8017,3.700763702392578,3.453892707824707,1,1
8018,3.3307249546051025,3.112794876098633,0,0
8019,3.2027833461761475,3.0615017414093018,0,0
8020,3.8411614894866943,3.4653544425964355,1,1
8021,3.343425989151001,3.0937728881835938,0,0
8022,3.7555370330810547,3.388164520263672,1,1
8023,2.7701282501220703,2.9777536392211914,0,0
8024,3.0684902667999268,3.0705759525299072,0,0
8025,3.247750997543335,3.1962902545928955,0,0
8026,3.4479317665100098,3.126831531524658,1,1
8027,3.534108877182007,3.486211061477661,1,1
8028,3.384138822555542,3.3819985389709473,1,1
8029,3.499732494354248,3.3653652667999268,1,1
8030,3.037797689437866,3.0258493423461914,0,0
8031,3.199059247970581,3.1204843521118164,0,0
8032,3.6425464153289795,3.2885665893554688,1,1
8033,3.329876661300659,3.214235544204712,0,0
8034,3.4110023975372314,3.260972023010254,1,1
8035,3.3126168251037598,3.2907369136810303,0,0
8036,3.6220006942749023,3.420340061187744,1,1
8037,3.707362651824951,3.5785722732543945,1,1
8038,3.484586000442505,3.430994987487793,1,1
8039,3.0638229846954346,3.1302449703216553,0,0
8040,2.8907663822174072,2.8787424564361572,0,0
8041,3.0766568183898926,2.984440326690674,0,0
8042,2.795029640197754,2.80505108833313,0,0
8043,3.1346073150634766,3.068382740020752,0,0
8044,2.98431658744812,2.9971446990966797,0,0
8045,2.8298752307891846,2.928525924682617,0,0
8046,3.12790584564209,3.1046578884124756,0,0
8047,2.6666793823242188,2.7143330574035645,0,0
8048,3.0684478282928467,3.1146934032440186,0,0
8049,3.1876931190490723,3.0786259174346924,0,0
8050,3.290201425552368,3.190246105194092,0,0
8051,3.339934825897217,3.2229440212249756,0,0
8052,2.972074270248413,2.8188438415527344,0,0
8053,3.3461642265319824,3.339617967605591,1,1
8054,3.059309959411621,3.0867176055908203,0,0
8055,3.3725578784942627,3.183812141418457,1,1
8056,3.3548638820648193,3.269981861114502,1,1
8057,3.2638206481933594,3.19498872756958,0,0
8058,3.361255645751953,3.3863747119903564,1,1
8059,3.3688881397247314,3.2708804607391357,1,1
8060,3.353586196899414,3.2570619583129883,1,1
8061,2.9707720279693604,2.843756675720215,0,0
8062,3.293394088745117,3.247814416885376,0,0
8063,3.500253200531006,3.225250720977783,1,1
8064,3.589708089828491,3.192051410675049,1,1
8065,3.3938794136047363,3.1649341583251953,1,1
8066,3.705753803253174,3.446592092514038,1,1
8067,4.016412258148193,3.7859017848968506,1,1
8068,3.9984824657440186,3.5290942192077637,1,1
8069,4.131835460662842,3.570223808288574,1,1
8070,3.9994943141937256,3.585831642150879,1,1
8071,3.7460947036743164,3.4223761558532715,1,1
8072,3.4709486961364746,3.1496334075927734,1,1
8073,2.8428361415863037,2.702258348464966,0,0
8074,3.2206168174743652,2.7591116428375244,0,0
8075,3.170079469680786,2.878812789916992,0,0
8076,3.1854567527770996,2.79842472076416,0,0
8077,2.910182476043701,2.712136745452881,0,0
8078,3.113450765609741,2.7609541416168213,0,0
8079,3.049785614013672,2.837610960006714,0,0
8080,2.725062131881714,2.5677430629730225,0,0
8081,2.6644067764282227,2.5078792572021484,0,0
8082,2.9518966674804688,2.6543469429016113,0,0
8083,2.9526748657226562,2.720111846923828,0,0
8084,2.32399320602417,2.277357816696167,0,0
8085,3.0135042667388916,2.8097715377807617,0,0
8086,3.597637176513672,3.2851462364196777,1,1
8087,3.4256224632263184,3.206632614135742,1,1
8088,3.6211445331573486,3.2122316360473633,1,1
8089,3.3331727981567383,3.154794692993164,0,0
8090,3.207378625869751,2.9869701862335205,0,0
8091,3.4495861530303955,3.1411006450653076,1,1
8092,3.2447264194488525,2.93788480758667,0,0
8093,3.4792139530181885,3.30902361869812,1,1
8094,3.532243013381958,3.425056219100952,1,1
8095,3.356031894683838,3.0919041633605957,1,1
8096,3.334825038909912,3.07877254486084,0,0
8097,2.738837480545044,2.6161303520202637,0,0
8098,3.2557485103607178,2.9016427993774414,0,0
8099,3.2043304443359375,2.972618818283081,0,0
8100,3.749336004257202,3.1710288524627686,1,1
8101,3.805504322052002,3.405978202819824,1,1
8102,3.5917210578918457,3.114765167236328,1,1
8103,3.5445804595947266,3.301907539367676,1,1
8104,3.7647132873535156,3.3827552795410156,1,1
8105,3.4217684268951416,3.064267158508301,1,1
8106,3.1575376987457275,2.9737448692321777,0,0
8107,3.1152851581573486,3.109736919403076,0,0
8108,3.5305211544036865,3.3192331790924072,1,1
8109,2.8823416233062744,2.9888617992401123,0,0
8110,3.2246649265289307,3.221583366394043,0,0
8111,3.5804433822631836,3.5306310653686523,1,1
8112,3.5181756019592285,3.4107699394226074,1,1
8113,3.5177950859069824,3.427917957305908,1,1
8114,3.1805801391601562,3.1267051696777344,0,0
8115,2.307459831237793,2.351905345916748,0,0
8116,2.901857376098633,2.7190160751342773,0,0
8117,3.5707554817199707,3.5037484169006348,1,1
8118,3.1162338256835938,3.008934497833252,0,0
8119,3.056006908416748,2.8747754096984863,0,0
8120,3.385798692703247,3.0552806854248047,1,1
8121,3.1822853088378906,3.0572471618652344,0,0
8122,3.44494891166687,3.183551549911499,1,1
8123,3.6846089363098145,3.3351736068725586,1,1
8124,3.3898868560791016,3.1630756855010986,1,1
8125,3.5987024307250977,3.3416543006896973,1,1
8126,3.5382299423217773,3.3114724159240723,1,1
8127,3.5683910846710205,3.18328857421875,1,1
8128,3.3633077144622803,3.1783905029296875,1,1
8129,3.5760107040405273,3.4287524223327637,1,1
8130,3.736379861831665,3.5434789657592773,1,1
8131,3.3263702392578125,3.2078702449798584,0,0
8132,3.596925735473633,3.3108935356140137,1,1
8133,3.1915104389190674,3.2144603729248047,0,0
8134,3.47629451751709,3.403243064880371,1,1
8135,3.4189131259918213,3.2422471046447754,1,1
8136,3.366121292114258,3.3545849323272705,1,1
8137,3.5527994632720947,3.55326509475708,1,1
8138,3.1821842193603516,3.1673340797424316,0,0
8139,3.076713800430298,2.9429383277893066,0,0
8140,3.4225172996520996,3.2201344966888428,1,1
8141,3.2361364364624023,3.1184916496276855,0,0
8142,3.2503104209899902,3.219968318939209,0,0
8143,3.215388774871826,3.156602382659912,0,0
8144,3.4532458782196045,3.171623706817627,1,1
8145,3.3463916778564453,3.1457901000976562,1,1
8146,3.45428729057312,3.2782602310180664,1,1
8147,3.2333314418792725,3.132108211517334,0,0
8148,3.8426451683044434,3.5154361724853516,1,1
8149,3.5300254821777344,3.5126681327819824,1,1
8150,3.394268035888672,3.302844524383545,1,1
8151,3.45615553855896,3.2554473876953125,1,1
8152,3.2129547595977783,3.1364428997039795,0,0
8153,3.8093373775482178,3.4422998428344727,1,1
8154,3.300672769546509,3.2996387481689453,0,0
8155,3.577829122543335,3.305032730102539,1,1
8156,3.309441089630127,3.226243019104004,0,0
8157,3.544046640396118,3.3151841163635254,1,1
8158,3.2452335357666016,3.1217408180236816,0,0
8159,3.099368095397949,3.0126771926879883,0,0
8160,2.919849395751953,2.8981878757476807,0,0
8161,2.9828453063964844,2.8373565673828125,0,0
8162,2.9596714973449707,2.854111671447754,0,0
8163,2.8595924377441406,2.848458766937256,0,0
8164,3.015181303024292,3.1045491695404053,0,0
8165,3.101018190383911,3.0287535190582275,0,0
8166,2.968557357788086,3.1871423721313477,0,0
8167,2.9081621170043945,2.8932836055755615,0,0
8168,3.1243159770965576,2.954129457473755,0,0
8169,3.091503143310547,3.0221545696258545,0,0
8170,3.044628143310547,2.99489164352417,0,0
8171,3.0680785179138184,3.197766065597534,0,0
8172,3.1086909770965576,3.104334592819214,0,0
8173,3.277353525161743,3.1425676345825195,0,0
8174,3.0445339679718018,3.180152654647827,0,0
8175,3.166724443435669,3.123056411743164,0,0
8176,2.962388277053833,2.7934272289276123,0,0
8177,2.3236687183380127,2.223026990890503,0,0
8178,2.3838179111480713,2.4166107177734375,0,0
8179,2.896592617034912,2.596451759338379,0,0
8180,3.207671880722046,3.1023755073547363,0,0
8181,3.853773593902588,3.4981722831726074,1,1
8182,3.6780362129211426,3.216233015060425,1,1
8183,3.6782872676849365,3.3128104209899902,1,1
8184,3.7603847980499268,3.526966094970703,1,1
8185,3.6036479473114014,3.2102248668670654,1,1
8186,3.099821090698242,2.8357160091400146,0,0
8187,3.2456705570220947,2.8043324947357178,0,0
8188,3.26299786567688,2.8563156127929688,0,0
8189,3.051339864730835,2.8052315711975098,0,0
8190,3.2508275508880615,2.870445728302002,0,0
8191,3.087805986404419,2.636035442352295,0,0
8192,3.0603411197662354,2.899359703063965,0,0
8193,3.354409694671631,2.9710168838500977,1,1
8194,3.370429754257202,2.9749255180358887,1,1
8195,3.246004104614258,3.0086517333984375,0,0
8196,3.1977880001068115,3.026419162750244,0,0
8197,3.226386785507202,3.130293607711792,0,0
8198,3.7746286392211914,3.317582607269287,1,1
8199,3.698725461959839,3.1666007041931152,1,1
8200,3.4073479175567627,3.24399471282959,1,1
8201,3.644317150115967,3.2809805870056152,1,1
8202,3.3893446922302246,3.2172722816467285,1,1
8203,3.4848313331604004,3.261927604675293,1,1
8204,3.232804536819458,3.150075912475586,0,0
8205,3.32822847366333,3.2024922370910645,1,1
8206,3.187432050704956,3.0044145584106445,0,0
8207,3.409893751144409,3.319509744644165,1,1
8208,3.483045816421509,3.1337718963623047,1,1
8209,3.566680431365967,3.3708715438842773,1,1
8210,3.7359843254089355,3.5338146686553955,1,1
8211,3.195247173309326,3.0801010131835938,0,0
8212,2.682220220565796,2.752359390258789,0,0
8213,3.2720723152160645,3.280651807785034,0,0
8214,3.4174606800079346,3.275815010070801,1,1
8215,3.1628668308258057,2.996809482574463,0,0
8216,3.153538703918457,3.207136631011963,0,0
8217,2.9274368286132812,2.9178967475891113,0,0
8218,3.2368016242980957,3.1337225437164307,0,0
8219,3.2292561531066895,3.080195188522339,0,0
8220,3.2756078243255615,3.1816375255584717,0,0
8221,3.4269235134124756,3.154679298400879,1,1
8222,3.168501138687134,3.0890579223632812,0,0
8223,3.5044264793395996,3.186677932739258,1,1
8224,3.1332099437713623,2.975266933441162,0,0
8225,3.3653104305267334,3.229417324066162,1,1
8226,3.0514702796936035,2.97522234916687,0,0
8227,3.137317419052124,3.1221070289611816,0,0
8228,3.3747799396514893,3.36295747756958,1,1
8229,3.571662425994873,3.1685099601745605,1,1
8230,3.955198049545288,3.6146512031555176,1,1
8231,4.382869720458984,3.8027384281158447,1,1
8232,3.2075061798095703,3.0044426918029785,0,0
8233,3.6127281188964844,3.37986421585083,1,1
8234,3.088087797164917,2.9033021926879883,0,0
8235,3.345838785171509,3.2369160652160645,1,1
8236,3.0196964740753174,3.048847198486328,0,0
8237,2.7967324256896973,2.8950090408325195,0,0
8238,2.808584690093994,2.7312912940979004,0,0
8239,3.1766085624694824,2.8183844089508057,0,0
8240,2.6865501403808594,2.687311887741089,0,0
8241,3.2456395626068115,3.0865962505340576,0,0
8242,3.438455581665039,3.3532791137695312,1,1
8243,2.9065802097320557,2.765707015991211,0,0
8244,3.473539352416992,3.2979788780212402,1,1
8245,3.3413660526275635,3.0794870853424072,1,1
8246,2.794968366622925,2.53564453125,0,0
8247,2.782789468765259,2.7499897480010986,0,0
8248,3.1029160022735596,2.925615072250366,0,0
8249,3.651341676712036,3.2319512367248535,1,1
8250,3.3210203647613525,3.0453877449035645,1,1
8251,3.4501543045043945,3.1724531650543213,1,1
8252,3.4305291175842285,3.0660457611083984,1,1
8253,3.1028568744659424,2.8109147548675537,0,0
8254,3.415646553039551,3.044863224029541,1,1
8255,3.010824680328369,2.822455644607544,0,0
8256,3.209259510040283,2.8580119609832764,0,0
8257,3.5351529121398926,3.1618919372558594,1,1
8258,3.1892659664154053,2.8650009632110596,0,0
8259,3.317417860031128,3.053042411804199,1,1
8260,3.021780252456665,2.947477340698242,0,0
8261,3.289919137954712,3.1451385021209717,1,1
8262,3.445049285888672,3.1920828819274902,1,1
8263,3.2782962322235107,3.133875608444214,1,1
8264,3.4173362255096436,3.321704387664795,1,1
8265,3.6931025981903076,3.409646511077881,1,1
8266,3.500447988510132,3.1903891563415527,1,1
8267,3.679558277130127,3.3457212448120117,1,1
8268,3.5855045318603516,3.3949406147003174,1,1
8269,3.3955366611480713,3.1836118698120117,1,1
8270,3.584005117416382,3.1876320838928223,1,1
8271,3.260770320892334,2.955371141433716,0,0
8272,3.3726983070373535,2.9565024375915527,1,1
8273,3.2841813564300537,3.074127197265625,1,1
8274,3.4410462379455566,3.0983963012695312,1,1
8275,2.8236470222473145,2.6561710834503174,0,0
8276,2.8804776668548584,2.9584336280822754,0,0
8277,3.533832311630249,3.255117177963257,1,1
8278,3.2798616886138916,2.964181900024414,0,0
8279,3.3327715396881104,3.25689697265625,1,1
8280,3.363088369369507,3.177743434906006,1,1
8281,3.1064538955688477,2.816037654876709,0,0
8282,3.233854293823242,3.0062239170074463,0,0
8283,3.288440704345703,3.0879158973693848,0,0
8284,3.310749053955078,3.0824661254882812,1,1
8285,2.7968876361846924,2.916423797607422,0,0
8286,3.1842761039733887,3.0955188274383545,0,0
8287,3.569952964782715,3.109600782394409,1,1
8288,3.5056896209716797,3.3104593753814697,1,1
8289,2.8309900760650635,2.721080780029297,0,0
8290,3.198075771331787,3.0056753158569336,0,0
8291,3.3363242149353027,3.114278793334961,1,1
8292,3.1760432720184326,3.1898140907287598,0,0
8293,3.444251537322998,3.2642860412597656,1,1
8294,3.2594635486602783,3.26581072807312,0,0
8295,3.2428462505340576,3.239438533782959,0,0
8296,3.4832077026367188,3.4864542484283447,1,1
8297,3.852334499359131,3.6135079860687256,1,1
8298,3.4594335556030273,3.3869242668151855,1,1
8299,3.4865097999572754,3.3509764671325684,1,1
8300,3.480201244354248,3.263972759246826,1,1
8301,3.516284227371216,3.361009120941162,1,1
8302,3.1934666633605957,3.3323006629943848,0,0
8303,3.3755035400390625,3.410400867462158,1,1
8304,3.3273532390594482,3.0743870735168457,1,1
8305,3.0840773582458496,2.948335886001587,0,0
8306,3.4673562049865723,3.38674259185791,1,1
8307,3.2600631713867188,3.3017520904541016,0,0
8308,3.427804708480835,3.2348287105560303,1,1
8309,3.5219855308532715,3.429602861404419,1,1
8310,3.7847166061401367,3.4293694496154785,1,1
8311,3.9675660133361816,3.573641300201416,1,1
8312,3.497368574142456,3.2420260906219482,1,1
8313,3.7387890815734863,3.275669813156128,1,1
8314,3.9604969024658203,3.4195804595947266,1,1
8315,3.2462992668151855,2.9345014095306396,0,0
8316,3.14929461479187,2.849781036376953,0,0
8317,3.1069815158843994,2.9054970741271973,0,0
8318,3.3770949840545654,3.084104537963867,1,1
8319,3.3308839797973633,2.8425498008728027,1,1
8320,3.0297961235046387,2.7801976203918457,0,0
8321,3.2176449298858643,2.970651626586914,0,0
8322,3.199786424636841,2.9402453899383545,0,0
8323,2.7077548503875732,2.764660358428955,0,0
8324,3.3990795612335205,3.2246463298797607,1,1
8325,3.3806726932525635,3.205932140350342,1,1
8326,3.432415246963501,3.256326198577881,1,1
8327,3.4432475566864014,3.362973690032959,1,1
8328,3.4194538593292236,3.25119686126709,1,1
8329,3.209932565689087,3.1171817779541016,0,0
8330,3.3711705207824707,3.218038558959961,1,1
8331,3.6227009296417236,3.2798032760620117,1,1
8332,3.3888556957244873,3.3393101692199707,1,1
8333,3.5729238986968994,3.318753719329834,1,1
8334,3.4598395824432373,3.354950428009033,1,1
8335,3.3363595008850098,3.1083362102508545,1,1
8336,3.772458076477051,3.477365255355835,1,1
8337,3.469958543777466,3.2502665519714355,1,1
8338,3.7353219985961914,3.4992642402648926,1,1
8339,3.6652286052703857,3.356187105178833,1,1
8340,3.729318380355835,3.5060887336730957,1,1
8341,3.577627182006836,3.5102405548095703,1,1
8342,3.586864471435547,3.270541191101074,1,1
8343,3.054682970046997,3.030252456665039,0,0
8344,3.496262311935425,3.3515701293945312,1,1
8345,3.0550267696380615,2.8220930099487305,0,0
8346,3.656477928161621,3.2032980918884277,1,1
8347,3.5898654460906982,3.1273081302642822,1,1
8348,3.502255439758301,3.2552199363708496,1,1
8349,3.5832061767578125,3.374633312225342,1,1
8350,3.6854333877563477,3.366807222366333,1,1
8351,3.436558961868286,3.2761640548706055,1,1
8352,3.3695969581604004,3.0246574878692627,1,1
8353,3.210385799407959,3.115006446838379,0,0
8354,3.222148895263672,2.855767250061035,0,0
8355,3.229862689971924,3.1405749320983887,0,0
8356,3.6779794692993164,3.1341068744659424,1,1
8357,3.488349437713623,3.214348077774048,1,1
8358,3.420436382293701,3.2483091354370117,1,1
8359,3.2663168907165527,3.2464120388031006,0,0
8360,3.594233512878418,3.3199353218078613,1,1
8361,3.0352683067321777,3.095561981201172,0,0
8362,3.49914813041687,3.3301923274993896,1,1
8363,3.2916781902313232,3.067840814590454,0,0
8364,3.580713987350464,3.3370556831359863,1,1
8365,2.999784231185913,2.9511122703552246,0,0
8366,3.402036428451538,3.0898590087890625,1,1
8367,2.851893663406372,2.768373966217041,0,0
8368,3.119856834411621,3.1108717918395996,0,0
8369,3.1060197353363037,3.087862014770508,0,0
8370,3.136719226837158,2.78774094581604,0,0
8371,3.265381336212158,3.12252140045166,0,0
8372,3.1919052600860596,3.089301824569702,0,0
8373,3.2496824264526367,2.791689395904541,0,0
8374,3.07977032661438,2.9439682960510254,0,0
8375,3.202789306640625,3.044881820678711,0,0
8376,3.077227830886841,2.8303587436676025,0,0
8377,2.8979597091674805,2.753269672393799,0,0
8378,3.3821122646331787,3.146787405014038,1,1
8379,3.216301202774048,2.9755125045776367,0,0
8380,3.3813958168029785,3.018205165863037,1,1
8381,2.857957601547241,2.7874813079833984,0,0
8382,2.979292392730713,2.7997348308563232,0,0
8383,3.634505033493042,3.158047676086426,1,1
8384,2.9689273834228516,2.7486300468444824,0,0
8385,3.170522928237915,2.9469425678253174,0,0
8386,3.028707265853882,2.7574195861816406,0,0
8387,3.186340808868408,3.0155441761016846,0,0
8388,3.5154850482940674,3.258603096008301,1,1
8389,3.464618682861328,3.184981346130371,1,1
8390,3.183443307876587,2.995124340057373,0,0
8391,3.6210246086120605,3.1507184505462646,1,1
8392,4.048921585083008,3.3761401176452637,1,1
8393,3.676039457321167,3.3866055011749268,1,1
8394,3.0712943077087402,3.182058572769165,0,0
8395,3.355087995529175,3.2481274604797363,1,1
8396,3.7055253982543945,3.3089852333068848,1,1
8397,3.1960041522979736,3.3319735527038574,0,0
8398,3.611722230911255,3.6358814239501953,1,1
8399,2.8620240688323975,2.952864170074463,0,0
8400,3.623882532119751,3.5415265560150146,1,1
8401,3.7174313068389893,3.632905960083008,1,1
8402,3.692003011703491,3.6289005279541016,1,1
8403,2.974881887435913,2.891075849533081,0,0
8404,3.49483585357666,3.290091037750244,1,1
8405,3.6733343601226807,3.3165602684020996,1,1
8406,3.4674673080444336,3.2050552368164062,1,1
8407,3.1783056259155273,3.1240856647491455,0,0
8408,3.3848369121551514,3.3180932998657227,1,1
8409,3.446326494216919,3.188803195953369,1,1
8410,3.1389222145080566,2.9763314723968506,0,0
8411,3.018615245819092,2.901994228363037,0,0
8412,3.5001730918884277,3.3710033893585205,1,1
8413,3.0890214443206787,3.0185933113098145,0,0
8414,3.4542596340179443,3.273956298828125,1,1
8415,3.2427921295166016,3.171834707260132,0,0
8416,3.5473945140838623,3.31402850151062,1,1
8417,3.2296292781829834,3.1081786155700684,0,0
8418,3.2091522216796875,2.956385612487793,0,0
8419,3.4423959255218506,3.1815903186798096,1,1
8420,3.409790277481079,3.1922109127044678,1,1
8421,3.4312469959259033,3.3352532386779785,1,1
8422,3.377977132797241,3.071681499481201,1,1
8423,3.3997864723205566,3.1356394290924072,1,1
8424,3.4942286014556885,3.3290157318115234,1,1
8425,3.328972816467285,3.22356915473938,0,0
8426,3.058349609375,3.042107582092285,0,0
8427,3.401726722717285,3.184123992919922,1,1
8428,3.192056179046631,2.971004009246826,0,0
8429,3.424900770187378,3.319499969482422,1,1
8430,3.7045648097991943,3.3709001541137695,1,1
8431,3.467647075653076,3.1944332122802734,1,1
8432,3.4995782375335693,3.125683069229126,1,1
8433,3.1166155338287354,2.9810402393341064,0,0
8434,3.281407356262207,3.055042266845703,0,0
8435,3.2027087211608887,3.066457748413086,0,0
8436,2.9868757724761963,3.0380423069000244,0,0
8437,2.7582757472991943,2.772010564804077,0,0
8438,3.312052011489868,3.1345882415771484,0,0
8439,3.0440008640289307,3.0928149223327637,0,0
8440,3.1282691955566406,3.129425525665283,0,0
8441,3.6989431381225586,3.4053850173950195,1,1
8442,3.110442638397217,3.0010228157043457,0,0
8443,2.7581534385681152,2.6084861755371094,0,0
8444,3.571897029876709,3.1825504302978516,1,1
8445,2.8321311473846436,2.7450928688049316,0,0
8446,3.3498260974884033,3.119257926940918,0,0
8447,3.335200071334839,3.054022789001465,0,0
8448,3.201606273651123,3.0215797424316406,0,0
8449,3.1059818267822266,2.9906997680664062,0,0
8450,3.4903063774108887,3.189396858215332,1,1
8451,3.2036242485046387,2.93741512298584,0,0
8452,3.5151593685150146,3.2491397857666016,1,1
8453,3.524665594100952,3.217759132385254,1,1
8454,2.6457865238189697,2.790856122970581,0,0
8455,3.3922314643859863,3.0536272525787354,1,1
8456,3.027933359146118,2.8104124069213867,0,0
8457,3.2994399070739746,2.961954355239868,0,0
8458,3.533841133117676,3.32183837890625,1,1
8459,3.358355760574341,3.276968479156494,0,0
8460,3.1794919967651367,3.162036895751953,0,0
8461,2.9749844074249268,2.9104387760162354,0,0
8462,2.6281793117523193,2.56644868850708,0,0
8463,2.32917857170105,2.5324509143829346,0,0
8464,3.2296195030212402,3.1487655639648438,0,0
8465,3.343020439147949,3.101999044418335,0,0
8466,3.1254079341888428,2.892892360687256,0,0
8467,2.85638165473938,2.744532585144043,0,0
8468,2.981158971786499,2.8228511810302734,0,0
8469,3.177220106124878,3.0778613090515137,0,0
8470,3.409410238265991,3.2720227241516113,1,1
8471,3.395676851272583,3.2236099243164062,1,1
8472,3.335805654525757,3.0212035179138184,0,0
8473,3.2152891159057617,3.043890953063965,0,0
8474,3.1569998264312744,2.928138256072998,0,0
8475,3.536769151687622,3.1547353267669678,1,1
8476,3.4118316173553467,3.046849250793457,1,1
8477,3.0984034538269043,2.967954635620117,0,0
8478,3.263117790222168,3.1514945030212402,0,0
8479,3.1385552883148193,3.078784465789795,0,0
8480,2.868567705154419,2.808830976486206,0,0
8481,3.1777377128601074,2.967979669570923,0,0
8482,2.531704902648926,2.667330741882324,0,0
8483,3.063297986984253,2.9272360801696777,0,0
8484,3.552755832672119,3.1650376319885254,1,1
8485,3.755314588546753,3.41882586479187,1,1
8486,3.5196895599365234,3.253833293914795,1,1
8487,3.644874334335327,3.359649896621704,1,1
8488,2.967137336730957,2.927446126937866,0,0
8489,2.673707962036133,2.649531602859497,0,0
8490,3.013749361038208,2.9859890937805176,0,0
8491,3.289067029953003,3.1283669471740723,0,0
8492,2.89919114112854,2.8716788291931152,0,0
8493,3.4397826194763184,3.1304941177368164,1,1
8494,3.3632020950317383,3.099699020385742,1,1
8495,3.336437702178955,3.2791543006896973,0,0
8496,3.3397257328033447,3.3564486503601074,0,0
8497,3.428428888320923,3.353120803833008,1,1
8498,2.939051389694214,2.960498809814453,0,0
8499,3.5011003017425537,3.229340076446533,1,1
8500,3.129812240600586,3.1977338790893555,0,0
8501,3.5984480381011963,3.461704730987549,1,1
8502,3.6941487789154053,3.5954627990722656,1,1
8503,3.4849188327789307,3.2941343784332275,1,1
8504,3.5040676593780518,3.2954633235931396,1,1
8505,3.197059392929077,3.0397655963897705,0,0
8506,3.8292832374572754,3.461059093475342,1,1
8507,3.4490482807159424,3.3497536182403564,1,1
8508,3.267178773880005,3.248178720474243,0,0
8509,3.4412317276000977,3.25054931640625,1,1
8510,3.459739923477173,3.238434314727783,1,1
8511,3.048429250717163,2.8854777812957764,0,0
8512,3.0968410968780518,2.937455177307129,0,0
8513,3.606431722640991,3.3227174282073975,1,1
8514,3.5823006629943848,3.3204197883605957,1,1
8515,3.0807671546936035,3.0276005268096924,0,0
8516,3.3138699531555176,3.3427441120147705,0,0
8517,3.4745450019836426,3.2473316192626953,1,1
8518,3.311042070388794,3.230916976928711,0,0
8519,3.3543341159820557,3.164414167404175,1,1
8520,3.588280200958252,3.3671417236328125,1,1
8521,3.4058337211608887,3.046886444091797,1,1
8522,3.4800710678100586,3.15077543258667,1,1
8523,3.2934436798095703,3.114816665649414,0,0
8524,3.1315577030181885,2.8969016075134277,0,0
8525,3.286489248275757,3.153355121612549,0,0
8526,3.245950222015381,3.089179515838623,0,0
8527,3.006213903427124,3.037437915802002,0,0
8528,3.1238622665405273,3.0020318031311035,0,0
8529,3.3751416206359863,3.162904977798462,1,1
8530,3.2542176246643066,2.949709892272949,0,0
8531,3.2754156589508057,3.122760772705078,0,0
8532,3.3178536891937256,3.1202995777130127,0,0
8533,3.4342942237854004,3.2438766956329346,1,1
8534,3.2973084449768066,3.077223300933838,0,0
8535,3.1847236156463623,3.274015188217163,0,0
8536,3.692478656768799,3.422426700592041,1,1
8537,3.744807004928589,3.448160171508789,1,1
8538,3.328803539276123,3.10872745513916,1,1
8539,3.747342348098755,3.4779858589172363,1,1
8540,3.2593023777008057,3.144186019897461,0,0
8541,2.570500135421753,2.463033676147461,0,0
8542,2.6616573333740234,2.768073081970215,0,0
8543,2.9907498359680176,3.0636801719665527,0,0
8544,3.786651611328125,3.4482345581054688,1,1
8545,2.927668809890747,3.0097827911376953,0,0
8546,3.126821517944336,3.1117310523986816,0,0
8547,3.361751079559326,3.298872470855713,1,1
8548,3.399662494659424,3.256863832473755,1,1
8549,3.4057514667510986,3.234952688217163,1,1
8550,3.3128280639648438,3.0956830978393555,1,1
8551,3.3536009788513184,3.221363067626953,1,1
8552,3.326716661453247,3.0598959922790527,1,1
8553,3.227400779724121,3.123854637145996,0,0
8554,3.4953484535217285,3.4364919662475586,1,1
8555,3.3995606899261475,3.279878854751587,1,1
8556,3.1628270149230957,3.1757493019104004,0,0
8557,3.0896692276000977,2.9277384281158447,0,0
8558,3.6385092735290527,3.4425692558288574,1,1
8559,3.784628391265869,3.4286012649536133,1,1
8560,3.488243341445923,3.2013192176818848,1,1
8561,2.891446828842163,2.933839797973633,0,0
8562,3.1420018672943115,3.125976085662842,0,0
8563,3.1177499294281006,2.999983310699463,0,0
8564,3.282991647720337,3.2065205574035645,0,0
8565,3.12180495262146,3.0656275749206543,0,0
8566,2.8420050144195557,2.594212532043457,0,0
8567,3.0976831912994385,2.979393482208252,0,0
8568,3.0309832096099854,3.007322311401367,0,0
8569,3.371180772781372,3.072685718536377,1,1
8570,3.3559720516204834,3.2235517501831055,1,1
8571,2.9140453338623047,2.9722065925598145,0,0
8572,3.0975594520568848,2.944171905517578,0,0
8573,2.9965591430664062,3.179643154144287,0,0
8574,3.042738676071167,3.2016959190368652,0,0
8575,3.2956340312957764,3.186769962310791,0,0
8576,3.6882681846618652,3.4736533164978027,1,1
8577,3.4437382221221924,3.402865409851074,1,1
8578,3.0393474102020264,3.1164469718933105,0,0
8579,3.3967719078063965,3.3282277584075928,1,1
8580,3.280940294265747,3.2845497131347656,0,0
8581,3.228823661804199,3.2950565814971924,0,0
8582,3.3139090538024902,3.1639318466186523,1,1
8583,3.6766440868377686,3.4671406745910645,1,1
8584,3.4746320247650146,3.266684055328369,1,1
8585,3.4452145099639893,3.3547110557556152,1,1
8586,3.485874652862549,3.288588523864746,1,1
8587,3.2690298557281494,3.215742349624634,0,0
8588,2.971698760986328,2.9564170837402344,0,0
8589,3.237239360809326,2.942166805267334,0,0
8590,3.0485174655914307,2.8386075496673584,0,0
8591,3.3843183517456055,3.175821542739868,1,1
8592,3.3908658027648926,3.0853271484375,1,1
8593,3.13802170753479,2.817378520965576,0,0
8594,3.1747677326202393,2.958768844604492,0,0
8595,3.7057220935821533,3.3991222381591797,1,1
8596,3.3876235485076904,3.202730178833008,1,1
8597,3.19706654548645,3.0571279525756836,0,0
8598,3.418379068374634,3.014254570007324,1,1
8599,3.1627681255340576,2.9521842002868652,0,0
8600,3.562877655029297,3.3127188682556152,1,1
8601,3.6460886001586914,3.384305953979492,1,1
8602,3.7965495586395264,3.429596424102783,1,1
8603,3.417316198348999,3.1426033973693848,1,1
8604,3.575679063796997,3.3091628551483154,1,1
8605,3.5468571186065674,3.1839592456817627,1,1
8606,3.1496622562408447,2.9448447227478027,0,0
8607,3.4768495559692383,3.14253306388855,1,1
8608,3.557218313217163,3.3253302574157715,1,1
8609,3.8788766860961914,3.437117099761963,1,1
8610,3.3347978591918945,3.080646514892578,1,1
8611,3.3495302200317383,3.168491840362549,1,1
8612,3.3555586338043213,3.2047626972198486,1,1
8613,3.4535582065582275,3.271362066268921,1,1
8614,3.8091185092926025,3.6381640434265137,1,1
8615,3.304075002670288,3.186257839202881,0,0
8616,3.4275834560394287,3.148303985595703,1,1
8617,3.2026405334472656,3.0597848892211914,0,0
8618,3.479084014892578,3.308346748352051,1,1
8619,3.5647902488708496,3.409522294998169,1,1
8620,3.5633487701416016,3.4079811573028564,1,1
8621,3.2286806106567383,3.1626057624816895,0,0
8622,3.5738611221313477,3.448425531387329,1,1
8623,3.192408561706543,3.083746910095215,0,0
8624,3.3153514862060547,3.1285338401794434,1,1
8625,3.3038268089294434,3.025031089782715,0,0
8626,3.379420042037964,3.151379346847534,1,1
8627,3.415010929107666,3.394620418548584,1,1
8628,3.5438385009765625,3.2735178470611572,1,1
8629,3.3765194416046143,3.2421860694885254,1,1
8630,3.477383613586426,3.397144317626953,1,1
8631,3.5559463500976562,3.4145302772521973,1,1
8632,3.668879747390747,3.2526004314422607,1,1
8633,3.544748306274414,3.375295639038086,1,1
8634,3.477186918258667,3.3344521522521973,1,1
8635,3.4666786193847656,3.3035547733306885,1,1
8636,3.285581588745117,3.199857711791992,0,0
8637,2.795166015625,2.8865785598754883,0,0
8638,2.4900848865509033,2.5870022773742676,0,0
8639,3.1564524173736572,3.1044445037841797,0,0
8640,3.2431793212890625,3.125086784362793,0,0
8641,3.1557319164276123,2.926701545715332,0,0
8642,3.053293466567993,2.9582407474517822,0,0
8643,3.3866868019104004,3.322749614715576,1,1
8644,3.542604446411133,3.3801517486572266,1,1
8645,3.0721609592437744,3.280156373977661,0,0
8646,2.9730029106140137,2.966552257537842,0,0
8647,3.3861565589904785,3.1809961795806885,1,1
8648,3.507756233215332,3.1955087184906006,1,1
8649,3.1376402378082275,3.0423619747161865,0,0
8650,3.346797227859497,3.136904716491699,1,1
8651,3.2856733798980713,3.1365787982940674,0,0
8652,2.946902275085449,2.9664862155914307,0,0
8653,3.1947410106658936,3.1000945568084717,0,0
8654,2.822688579559326,2.8070836067199707,0,0
8655,2.5768542289733887,2.6643271446228027,0,0
8656,1.707267165184021,1.9301788806915283,0,0
8657,3.0790059566497803,2.97971773147583,0,0
8658,2.9772024154663086,2.672524929046631,0,0
8659,2.647503137588501,2.6774730682373047,0,0
8660,3.3237521648406982,3.172353744506836,1,1
8661,3.088860273361206,3.1169230937957764,0,0
8662,2.850311040878296,2.8284642696380615,0,0
8663,3.295846700668335,3.0851333141326904,0,0
8664,2.745974540710449,2.840742349624634,0,0
8665,2.9610660076141357,2.946157693862915,0,0
8666,3.400251865386963,3.1925573348999023,1,1
8667,3.310800790786743,3.073066234588623,0,0
8668,3.577859878540039,3.245326519012451,1,1
8669,3.288992404937744,3.3162851333618164,0,0
8670,2.8756871223449707,2.7662527561187744,0,0
8671,2.96541690826416,2.791698932647705,0,0
8672,3.1116390228271484,2.951871871948242,0,0
8673,2.636669397354126,2.581181526184082,0,0
8674,3.238386631011963,2.9646806716918945,0,0
8675,2.753227949142456,2.6790943145751953,0,0
8676,3.5130972862243652,3.3381845951080322,1,1
8677,3.3685858249664307,3.2930264472961426,1,1
8678,3.1468265056610107,3.200615644454956,0,0
8679,3.360511302947998,3.223957061767578,1,1
8680,3.618724822998047,3.347632884979248,1,1
8681,3.314955949783325,3.052283763885498,1,1
8682,3.7002358436584473,3.1147210597991943,1,1
8683,3.82474422454834,3.3465070724487305,1,1
8684,3.2385923862457275,2.9711132049560547,0,0
8685,3.0847578048706055,3.0069923400878906,0,0
8686,3.235663414001465,3.0257418155670166,0,0
8687,3.355599880218506,3.2669966220855713,1,1
8688,3.2243895530700684,3.1081440448760986,0,0
8689,3.1415305137634277,3.1619415283203125,0,0
8690,2.8845415115356445,2.766566753387451,0,0
8691,3.0103919506073,2.8706634044647217,0,0
8692,3.1693520545959473,2.9847729206085205,0,0
8693,3.068513870239258,3.006134033203125,0,0
8694,3.1695783138275146,3.0497748851776123,0,0
8695,3.5203213691711426,3.264901638031006,1,1
8696,3.6213538646698,3.273668050765991,1,1
8697,3.4399311542510986,3.2817583084106445,1,1
8698,3.6158106327056885,3.1076207160949707,1,1
8699,3.503669261932373,3.25295352935791,1,1
8700,2.880040407180786,2.84126615524292,0,0
8701,3.0180063247680664,2.9576961994171143,0,0
8702,3.8460981845855713,3.414858341217041,1,1
8703,2.83341121673584,2.6524155139923096,0,0
8704,3.633174419403076,3.302865743637085,1,1
8705,3.414168119430542,3.143888473510742,1,1
8706,3.2520482540130615,3.012943983078003,0,0
8707,3.539156675338745,3.142752170562744,1,1
8708,3.6798903942108154,3.261857509613037,1,1
8709,3.2668113708496094,2.9706497192382812,0,0
8710,3.9290952682495117,3.4882590770721436,1,1
8711,3.8967533111572266,3.49057936668396,1,1
8712,3.551086664199829,3.411295175552368,1,1
8713,3.450681447982788,3.3363561630249023,1,1
8714,4.0630598068237305,3.548922061920166,1,1
8715,3.523391008377075,3.1875386238098145,1,1
8716,3.7513034343719482,3.2369048595428467,1,1
8717,4.133661270141602,3.513746738433838,1,1
8718,3.52639102935791,3.242891550064087,1,1
8719,3.605839967727661,3.38923978805542,1,1
8720,3.6387813091278076,3.444455623626709,1,1
8721,3.8900885581970215,3.4614973068237305,1,1
8722,3.6384425163269043,3.3602213859558105,1,1
8723,3.860069751739502,3.7025091648101807,1,1
8724,3.527271032333374,3.640511989593506,1,1
8725,3.5254318714141846,3.3670010566711426,1,1
8726,3.4468393325805664,3.1132304668426514,1,1
8727,3.3189892768859863,3.044027805328369,0,0
8728,2.711090564727783,2.86862850189209,0,0
8729,2.658667802810669,2.838130474090576,0,0
8730,3.2193663120269775,3.0762174129486084,0,0
8731,3.5703940391540527,3.4322543144226074,1,1
8732,3.6332132816314697,3.5146589279174805,1,1
8733,3.4690675735473633,3.170961856842041,1,1
8734,3.3596038818359375,3.3026387691497803,1,1
8735,3.2625341415405273,3.3799006938934326,0,0
8736,3.37597393989563,3.548067331314087,1,1
8737,3.027902841567993,3.128297805786133,0,0
8738,3.319594144821167,3.1157424449920654,0,0
8739,3.123774290084839,3.2811174392700195,0,0
8740,3.2514805793762207,3.3342208862304688,0,0
8741,3.64394474029541,3.420565605163574,1,1
8742,3.6917777061462402,3.6037094593048096,1,1
8743,3.556617498397827,3.2656362056732178,1,1
8744,3.6693902015686035,3.2174439430236816,1,1
8745,3.793245315551758,3.4665255546569824,1,1
8746,3.908371925354004,3.4970386028289795,1,1
8747,3.692054033279419,3.222827911376953,1,1
8748,3.1929073333740234,3.0573196411132812,0,0
8749,3.473694086074829,3.2695465087890625,1,1
8750,3.490276336669922,3.327232837677002,1,1
8751,3.168551445007324,3.0760092735290527,0,0
8752,3.257265090942383,2.9844040870666504,0,0
8753,3.058246612548828,2.8259477615356445,0,0
8754,3.3103830814361572,3.1201303005218506,0,0
8755,2.983792543411255,2.897960662841797,0,0
8756,2.643648862838745,2.7696547508239746,0,0
8757,3.017289876937866,2.833609104156494,0,0
8758,3.306657314300537,3.1755003929138184,0,0
8759,3.3382554054260254,3.109731912612915,1,1
8760,2.978306531906128,2.934105396270752,0,0
8761,3.0834290981292725,3.023364543914795,0,0
8762,3.145580291748047,3.0792086124420166,0,0
8763,3.275460958480835,3.125925302505493,0,0
8764,3.194105863571167,2.9590229988098145,0,0
8765,2.9379875659942627,2.87453031539917,0,0
8766,2.9009602069854736,2.9209482669830322,0,0
8767,2.9243602752685547,2.932027816772461,0,0
8768,2.7552647590637207,2.8111071586608887,0,0
8769,2.990800142288208,2.8928582668304443,0,0
8770,2.6084678173065186,2.8265223503112793,0,0
8771,3.1127889156341553,3.1093802452087402,0,0
8772,3.0820624828338623,3.035118341445923,0,0
8773,2.900216817855835,2.906144142150879,0,0
8774,2.9773948192596436,2.9670283794403076,0,0
8775,2.642716407775879,2.8326117992401123,0,0
8776,2.57405686378479,2.5683770179748535,0,0
8777,2.7201883792877197,2.8355069160461426,0,0
8778,2.867116928100586,2.9181442260742188,0,0
8779,2.6777608394622803,2.7384939193725586,0,0
8780,2.491196632385254,2.7447454929351807,0,0
8781,2.8168325424194336,2.8410165309906006,0,0
8782,2.589844226837158,2.5881946086883545,0,0
8783,2.782127857208252,2.911098003387451,0,0
8784,2.838041067123413,2.894631862640381,0,0
8785,2.731858015060425,2.8486952781677246,0,0
8786,2.676511764526367,2.8388049602508545,0,0
8787,2.7514352798461914,2.9919393062591553,0,0
8788,2.754122257232666,2.88424015045166,0,0
8789,3.273376941680908,3.2475666999816895,0,0
8790,3.8294501304626465,3.5625438690185547,1,1
8791,3.4636831283569336,3.3441948890686035,1,1
8792,3.7392349243164062,3.4936037063598633,1,1
8793,3.652125835418701,3.621931791305542,1,1
8794,3.708407163619995,3.6180028915405273,1,1
8795,3.2038941383361816,3.120208263397217,0,0
8796,3.344815731048584,3.300071954727173,1,1
8797,3.537602663040161,3.4229366779327393,1,1
8798,3.7247612476348877,3.5349106788635254,1,1
8799,3.4547712802886963,3.401700496673584,1,1
8800,3.159353017807007,3.1461522579193115,0,0
8801,3.6477909088134766,3.248802661895752,1,1
8802,3.6174919605255127,3.3342185020446777,1,1
8803,3.2864420413970947,3.1558852195739746,0,0
8804,3.462306022644043,3.292243719100952,1,1
8805,3.1280252933502197,3.067601442337036,0,0
8806,3.298701763153076,3.330068826675415,0,0
8807,3.142756938934326,3.0900392532348633,0,0
8808,3.20745587348938,3.141594409942627,0,0
8809,3.4172520637512207,3.282749652862549,1,1
8810,3.243530511856079,3.244713306427002,0,0
8811,3.2313876152038574,3.069634437561035,0,0
8812,3.0990869998931885,2.8750181198120117,0,0
8813,3.3761420249938965,3.1593313217163086,1,1
8814,3.442962408065796,3.2180051803588867,1,1
8815,3.4630300998687744,3.1008472442626953,1,1
8816,3.192544460296631,3.0150327682495117,0,0
8817,3.0414540767669678,2.9325480461120605,0,0
8818,3.2283003330230713,3.0491886138916016,0,0
8819,2.787956476211548,2.559624433517456,0,0
8820,2.384068727493286,2.653041362762451,0,0
8821,2.7144768238067627,2.7629799842834473,0,0
8822,2.613661289215088,2.922151565551758,0,0
8823,2.487255573272705,2.526426315307617,0,0
8824,2.9340875148773193,2.9793100357055664,0,0
8825,3.3012430667877197,3.0312182903289795,1,1
8826,3.1837871074676514,2.9831252098083496,0,0
8827,3.2938477993011475,2.934365749359131,1,1
8828,3.1557836532592773,2.95005464553833,0,0
8829,2.960188150405884,2.7226340770721436,0,0
8830,2.824411153793335,2.6584534645080566,0,0
8831,2.535088300704956,2.250800609588623,0,0
8832,3.0271811485290527,2.9360790252685547,0,0
8833,3.0939414501190186,2.9705615043640137,0,0
8834,2.9021189212799072,2.7883102893829346,0,0
8835,3.3078904151916504,3.10628604888916,1,1
8836,3.5269131660461426,3.218026876449585,1,1
8837,3.677767753601074,3.238696575164795,1,1
8838,3.243993043899536,3.0243523120880127,1,1
8839,3.2946527004241943,2.9580163955688477,1,1
8840,2.514146089553833,2.582559108734131,0,0
8841,3.029832124710083,3.058560371398926,0,0
8842,2.884960651397705,2.9841628074645996,0,0
8843,2.885700225830078,2.8916783332824707,0,0
8844,3.4910757541656494,3.0575475692749023,1,1
8845,3.461554527282715,3.140979290008545,1,1
8846,3.7458245754241943,3.426010847091675,1,1
8847,3.499359369277954,3.2713351249694824,1,1
8848,3.307561159133911,3.050462245941162,1,1
8849,3.602438449859619,3.3827967643737793,1,1
8850,3.4311296939849854,3.1926143169403076,1,1
8851,3.7854864597320557,3.406374454498291,1,1
8852,3.179436206817627,3.1273016929626465,0,0
8853,3.188727855682373,3.060964822769165,0,0
8854,3.2082364559173584,2.982098340988159,0,0
8855,3.1245968341827393,3.100560188293457,0,0
8856,3.248331308364868,3.0906314849853516,1,1
8857,3.4390511512756348,3.3346047401428223,1,1
8858,3.5502846240997314,3.3287181854248047,1,1
8859,3.4186136722564697,3.178617477416992,1,1
8860,3.3255655765533447,3.083550214767456,1,1
8861,3.489091396331787,3.1445517539978027,1,1
8862,3.749315023422241,3.3740134239196777,1,1
8863,3.390777826309204,3.2457334995269775,1,1
8864,3.1571431159973145,2.9771976470947266,0,0
8865,2.7862284183502197,2.4169235229492188,0,0
8866,2.6235318183898926,2.481935977935791,0,0
8867,2.6421937942504883,2.510136365890503,0,0
8868,2.523322582244873,2.2313919067382812,0,0
8869,2.7339377403259277,2.5255513191223145,0,0
8870,2.8289127349853516,2.4342403411865234,0,0
8871,3.0456814765930176,2.683394193649292,0,0
8872,2.8417224884033203,2.535402297973633,0,0
8873,2.738360643386841,2.458240032196045,0,0
8874,2.561802387237549,2.5108513832092285,0,0
8875,2.791402816772461,2.522122383117676,0,0
8876,3.282231092453003,2.793198585510254,1,1
8877,2.975645065307617,2.7779948711395264,0,0
8878,3.0960347652435303,2.7954025268554688,0,0
8879,2.9698257446289062,2.6089487075805664,0,0
8880,2.6447105407714844,2.5501060485839844,0,0
8881,2.6813862323760986,2.3694686889648438,0,0
8882,2.7327792644500732,2.401203155517578,0,0
8883,2.916893482208252,2.618144989013672,0,0
8884,3.0761353969573975,2.744863271713257,0,0
8885,2.9772226810455322,2.873322010040283,0,0
8886,3.0227596759796143,2.6820476055145264,0,0
8887,3.1446216106414795,2.714348077774048,0,0
8888,2.765408992767334,2.817035675048828,0,0
8889,3.545194387435913,3.2520318031311035,1,1
8890,3.278782367706299,3.2099812030792236,1,1
8891,3.456183671951294,3.2328507900238037,1,1
8892,3.439829111099243,3.2011260986328125,1,1
8893,3.4011118412017822,3.164693832397461,1,1
8894,2.188175678253174,2.3022210597991943,0,0
8895,3.403822898864746,3.223935127258301,1,1
8896,2.9656500816345215,2.887315511703491,0,0
8897,3.3161673545837402,3.271803617477417,1,1
8898,3.300464153289795,3.2364606857299805,1,1
8899,3.3426177501678467,3.378649950027466,1,1
8900,3.2353665828704834,3.1079816818237305,0,0
8901,3.5459253787994385,3.3055968284606934,1,1
8902,3.04860520362854,3.0459585189819336,0,0
8903,3.5305440425872803,3.2726359367370605,1,1
8904,3.2670986652374268,3.1217029094696045,1,1
8905,3.348578929901123,3.2692573070526123,1,1
8906,3.218045473098755,3.1481661796569824,0,0
8907,3.469817876815796,3.2180426120758057,1,1
8908,3.2640461921691895,2.9086620807647705,1,1
8909,3.158525228500366,3.0650532245635986,0,0
8910,3.346804618835449,3.075383424758911,1,1
8911,3.2169995307922363,2.88020396232605,0,0
8912,3.203618288040161,2.991640329360962,0,0
8913,2.567814826965332,2.604297637939453,0,0
8914,3.1065139770507812,3.108978748321533,0,0
8915,3.17305850982666,2.9195756912231445,0,0
8916,3.223986864089966,3.2039928436279297,1,1
8917,3.0860278606414795,3.069065809249878,0,0
8918,3.267265558242798,3.0488481521606445,1,1
8919,3.491542100906372,3.3471522331237793,1,1
8920,3.445512294769287,3.3322105407714844,1,1
8921,3.3998305797576904,3.381683349609375,1,1
8922,3.332145929336548,3.3122684955596924,1,1
8923,3.876779556274414,3.5020060539245605,1,1
8924,3.5437135696411133,3.387223720550537,1,1
8925,3.2197792530059814,3.2316081523895264,1,1
8926,3.492093086242676,3.3120293617248535,1,1
8927,3.2965869903564453,3.2076728343963623,1,1
8928,3.2393553256988525,3.0056662559509277,1,1
8929,3.478823184967041,3.2148492336273193,1,1
8930,3.2295305728912354,3.0229573249816895,1,1
8931,3.1527163982391357,3.0747976303100586,0,0
8932,2.948498249053955,2.7286341190338135,0,0
8933,2.93520450592041,2.4447078704833984,0,0
8934,2.6848597526550293,2.484494924545288,0,0
8935,2.6582937240600586,2.5353989601135254,0,0
8936,3.311579704284668,2.585273027420044,1,1
8937,3.0564680099487305,2.4874038696289062,0,0
8938,3.0280280113220215,2.494225025177002,0,0
8939,3.0082030296325684,2.6822009086608887,0,0
8940,2.994795083999634,2.732555627822876,0,0
8941,3.040525197982788,2.6288671493530273,0,0
8942,2.877220630645752,2.462278127670288,0,0
8943,2.989490270614624,2.5300917625427246,0,0
8944,2.5584702491760254,2.370605230331421,0,0
8945,3.1284780502319336,2.7432193756103516,0,0
8946,2.7251195907592773,2.4046835899353027,0,0
8947,3.2112925052642822,2.850980520248413,1,1
8948,2.943084716796875,2.653432607650757,0,0
8949,3.2273528575897217,2.9916067123413086,1,1
8950,2.8998286724090576,2.7115824222564697,0,0
8951,2.6669135093688965,2.48669171333313,0,0
8952,3.400892972946167,3.1339030265808105,1,1
8953,2.5419862270355225,2.5235695838928223,0,0
8954,3.3057572841644287,3.1033754348754883,1,1
8955,3.570948362350464,2.9959914684295654,1,1
8956,2.39111590385437,2.423731803894043,0,0
8957,2.741549491882324,2.6468539237976074,0,0
8958,3.1062843799591064,2.943338632583618,0,0
8959,3.1750845909118652,2.8321313858032227,1,1
8960,3.0023305416107178,2.835829734802246,0,0
8961,3.10052227973938,2.911043643951416,0,0
8962,3.076756238937378,2.9764156341552734,0,0
8963,3.1802866458892822,3.0680997371673584,1,1
8964,3.098649740219116,2.934892177581787,0,0
8965,3.119478225708008,3.0528714656829834,0,0
8966,3.2293455600738525,2.8566277027130127,1,1
8967,3.276536464691162,2.858081340789795,1,1
8968,3.24849009513855,2.9168224334716797,1,1
8969,3.665123224258423,3.2432518005371094,1,1
8970,3.4798781871795654,3.2074005603790283,1,1
8971,3.4834635257720947,3.141859531402588,1,1
8972,3.0525856018066406,2.788975715637207,0,0
8973,3.146549701690674,3.0278916358947754,0,0
8974,3.3790390491485596,3.075565814971924,1,1
8975,3.535689115524292,3.171715021133423,1,1
8976,3.4561798572540283,3.2159712314605713,1,1
8977,3.233691692352295,3.076127052307129,1,1
8978,3.1246228218078613,2.8884921073913574,0,0
8979,3.2603952884674072,3.0166373252868652,1,1
8980,3.1854426860809326,2.997220516204834,0,0
8981,3.4381167888641357,3.137798309326172,1,1
8982,3.608229875564575,3.2588891983032227,1,1
8983,3.627702474594116,3.28873348236084,1,1
8984,3.0545029640197754,2.9694690704345703,0,0
8985,3.3607664108276367,3.187952995300293,1,1
8986,3.0029056072235107,2.8657243251800537,0,0
8987,3.347083330154419,3.2734270095825195,1,1
8988,3.7086265087127686,3.634594440460205,1,1
8989,3.4787676334381104,3.3383188247680664,1,1
8990,3.346956253051758,3.1119437217712402,1,1
8991,3.6420862674713135,3.4466042518615723,1,1
8992,3.6778857707977295,3.2620368003845215,1,1
8993,3.4332592487335205,3.117932081222534,1,1
8994,3.470632791519165,3.371917724609375,1,1
8995,3.668567180633545,3.2150325775146484,1,1
8996,3.5019302368164062,3.090433120727539,1,1
8997,3.749321699142456,3.471231460571289,1,1
8998,3.516812801361084,3.359053373336792,1,1
8999,3.0866518020629883,2.96488618850708,0,0
9000,3.342766046524048,3.2258126735687256,1,1
9001,3.5649328231811523,3.316558361053467,1,1
9002,3.541937828063965,3.311972141265869,1,1
9003,3.4817090034484863,3.2796714305877686,1,1
9004,3.327399492263794,3.3583414554595947,1,1
9005,3.34922194480896,3.2510902881622314,1,1
9006,3.708841562271118,3.2483534812927246,1,1
9007,3.4645864963531494,3.258284568786621,1,1
9008,3.449448347091675,3.174194812774658,1,1
9009,3.499066114425659,3.1311349868774414,1,1
9010,3.224086046218872,3.1412782669067383,0,0
9011,3.455430746078491,3.3205513954162598,1,1
9012,3.7258644104003906,3.4347386360168457,1,1
9013,3.7591958045959473,3.42740535736084,1,1
9014,3.2504749298095703,3.3608059883117676,1,1
9015,3.2980377674102783,3.3636655807495117,1,1
9016,3.3517801761627197,3.4159650802612305,1,1
9017,2.9518373012542725,3.0285372734069824,0,0
9018,2.9771456718444824,2.986570358276367,0,0
9019,3.008768081665039,3.1189184188842773,0,0
9020,2.986973285675049,3.0334203243255615,0,0
9021,3.12376070022583,3.126020908355713,0,0
9022,3.1620359420776367,3.1364691257476807,0,0
9023,3.243074655532837,3.167768955230713,1,1
9024,3.1982533931732178,3.2752480506896973,0,0
9025,3.3741846084594727,3.2028515338897705,1,1
9026,3.180982828140259,3.1503915786743164,0,0
9027,3.4211690425872803,3.4896228313446045,1,1
9028,3.4426119327545166,3.275078296661377,1,1
9029,3.346174478530884,3.1773126125335693,1,1
9030,3.1696581840515137,3.170243740081787,0,0
9031,2.942378282546997,2.7631614208221436,0,0
9032,3.105501174926758,3.055755138397217,0,0
9033,3.128772735595703,2.978893280029297,0,0
9034,3.5044894218444824,3.334456443786621,1,1
9035,2.9006187915802,2.7839152812957764,0,0
9036,2.681633234024048,2.6731441020965576,0,0
9037,2.5702507495880127,2.7640786170959473,0,0
9038,2.3328680992126465,2.5998902320861816,0,0
9039,2.9579997062683105,2.7014429569244385,0,0
9040,2.967899799346924,2.933762311935425,0,0
9041,2.8465731143951416,2.8052408695220947,0,0
9042,2.968196392059326,2.8513875007629395,0,0
9043,3.1919708251953125,3.0566861629486084,0,0
9044,3.4573934078216553,3.281064033508301,1,1
9045,3.3141913414001465,3.1835994720458984,1,1
9046,3.0362796783447266,2.936736583709717,0,0
9047,3.479159116744995,3.190415382385254,1,1
9048,3.1901097297668457,3.005363941192627,0,0
9049,3.358865976333618,3.207587957382202,1,1
9050,3.2580325603485107,3.0580358505249023,1,1
9051,3.0719215869903564,3.0440597534179688,0,0
9052,3.231022834777832,3.0403220653533936,1,1
9053,3.271097421646118,3.212064266204834,1,1
9054,3.6348073482513428,3.1807351112365723,1,1
9055,3.499047040939331,3.20784068107605,1,1
9056,3.205843925476074,2.8765792846679688,0,0
9057,3.3952560424804688,3.120814323425293,1,1
9058,3.4862563610076904,3.0582478046417236,1,1
9059,3.1757800579071045,2.814960479736328,0,0
9060,3.518554925918579,3.2041592597961426,1,1
9061,3.60591983795166,3.1227779388427734,1,1
9062,3.6014506816864014,3.3837573528289795,1,1
9063,3.2494289875030518,2.9762187004089355,1,1
9064,3.2769126892089844,2.9328718185424805,1,1
9065,2.9558799266815186,2.8323020935058594,0,0
9066,2.8715527057647705,2.60904598236084,0,0
9067,3.240487813949585,3.1452317237854004,1,1
9068,3.4001777172088623,3.1915783882141113,1,1
9069,3.2188079357147217,2.860314130783081,0,0
9070,3.0149428844451904,2.6468746662139893,0,0
9071,2.925220251083374,2.8296849727630615,0,0
9072,3.3257713317871094,3.0652503967285156,1,1
9073,3.0552196502685547,3.049161911010742,0,0
9074,3.281691074371338,3.056795597076416,1,1
9075,3.047121524810791,2.563493490219116,0,0
9076,3.2759804725646973,2.9283065795898438,1,1
9077,3.5125913619995117,3.092191219329834,1,1
9078,3.490774393081665,3.0151309967041016,1,1
9079,3.8496334552764893,3.399000644683838,1,1
9080,3.7012205123901367,3.371014356613159,1,1
9081,3.8549458980560303,3.3492026329040527,1,1
9082,4.236487865447998,3.497957468032837,1,1
9083,3.527967691421509,3.220858573913574,1,1
9084,3.651538133621216,3.195089817047119,1,1
9085,3.478743553161621,3.044762134552002,1,1
9086,3.6446659564971924,3.227246046066284,1,1
9087,4.125241756439209,3.608820915222168,1,1
9088,3.3751397132873535,3.1053519248962402,1,1
9089,3.7980947494506836,3.3703181743621826,1,1
9090,3.2926759719848633,3.1855337619781494,1,1
9091,3.5163512229919434,3.187058210372925,1,1
9092,3.72597074508667,3.5100481510162354,1,1
9093,3.455580472946167,3.1542041301727295,1,1
9094,3.191301107406616,2.9902849197387695,0,0
9095,2.787825345993042,2.7533998489379883,0,0
9096,2.960594654083252,2.991342067718506,0,0
9097,3.2174184322357178,3.227612257003784,0,0
9098,3.285080909729004,3.1527178287506104,1,1
9099,3.0858871936798096,2.821575880050659,0,0
9100,3.0128414630889893,2.5542709827423096,0,0
9101,3.124190330505371,2.765063762664795,0,0
9102,3.0033657550811768,2.6528711318969727,0,0
9103,3.1039512157440186,2.6570770740509033,0,0
9104,3.159079074859619,2.9438538551330566,0,0
9105,3.3697853088378906,2.8302409648895264,1,1
9106,2.9083871841430664,2.6685194969177246,0,0
9107,3.276796817779541,2.880159616470337,1,1
9108,3.290874719619751,2.945462226867676,1,1
9109,3.0740294456481934,2.794194459915161,0,0
9110,2.8907175064086914,2.836761951446533,0,0
9111,3.2026121616363525,3.1881890296936035,0,0
9112,2.4392733573913574,2.459857940673828,0,0
9113,3.2104604244232178,3.2629027366638184,0,0
9114,3.26436710357666,3.2151026725769043,1,1
9115,3.352766513824463,3.3128247261047363,1,1
9116,3.1670925617218018,3.0775604248046875,0,0
9117,3.0095508098602295,3.194415330886841,0,0
9118,3.2797200679779053,3.1000685691833496,1,1
9119,3.1046295166015625,3.015308380126953,0,0
9120,3.2479958534240723,3.172921895980835,0,0
9121,3.2298617362976074,3.2467145919799805,0,0
9122,3.364431619644165,3.203604221343994,1,1
9123,3.1251628398895264,3.221162796020508,0,0
9124,3.6008856296539307,3.3122575283050537,1,1
9125,3.328155755996704,3.151578664779663,1,1
9126,3.5164308547973633,3.209371566772461,1,1
9127,3.0479929447174072,2.831860065460205,0,0
9128,3.2315070629119873,3.0434350967407227,0,0
9129,2.9464924335479736,2.7646067142486572,0,0
9130,2.9546332359313965,2.769148826599121,0,0
9131,3.061659812927246,3.2282352447509766,0,0
9132,2.916605234146118,2.7979578971862793,0,0
9133,3.2160120010375977,3.105215549468994,0,0
9134,3.4459280967712402,3.2237672805786133,1,1
9135,3.6065573692321777,3.267899990081787,1,1
9136,3.359212636947632,3.0406315326690674,1,1
9137,3.327308416366577,3.247598648071289,1,1
9138,3.0010571479797363,2.8848938941955566,0,0
9139,3.1141581535339355,3.153998851776123,0,0
9140,2.9835798740386963,2.820814371109009,0,0
9141,2.758517265319824,2.7776377201080322,0,0
9142,3.5292084217071533,3.1399717330932617,1,1
9143,2.8528623580932617,2.6806368827819824,0,0
9144,2.870368242263794,2.702852249145508,0,0
9145,3.1178672313690186,2.9553871154785156,0,0
9146,2.9853296279907227,2.7737858295440674,0,0
9147,2.9930853843688965,2.7010960578918457,0,0
9148,2.7560360431671143,2.5904390811920166,0,0
9149,2.9931533336639404,2.7783453464508057,0,0
9150,2.9009478092193604,2.93335223197937,0,0
9151,3.243030309677124,3.1952884197235107,0,0
9152,3.6485307216644287,3.2842326164245605,1,1
9153,3.558347702026367,3.2856392860412598,1,1
9154,3.5061466693878174,3.1328229904174805,1,1
9155,3.5259084701538086,3.294696807861328,1,1
9156,3.4294826984405518,3.3474667072296143,1,1
9157,3.5619912147521973,3.354938507080078,1,1
9158,3.3916544914245605,3.151620388031006,1,1
9159,3.2090866565704346,3.1104259490966797,0,0
9160,3.359574317932129,3.147548198699951,1,1
9161,2.921692132949829,2.9312658309936523,0,0
9162,3.1026663780212402,2.9644553661346436,0,0
9163,3.311163902282715,3.075629711151123,1,1
9164,3.1709160804748535,3.143364906311035,0,0
9165,3.391982078552246,3.143773078918457,1,1
9166,3.062002420425415,3.0068249702453613,0,0
9167,2.7815134525299072,2.7590181827545166,0,0
9168,3.2726123332977295,3.1155126094818115,0,0
9169,2.8036205768585205,2.703516960144043,0,0
9170,3.551476240158081,3.2488346099853516,1,1
9171,3.0136451721191406,3.0932703018188477,0,0
9172,3.4575867652893066,3.455476760864258,1,1
9173,3.302730083465576,3.2985658645629883,1,1
9174,3.224860429763794,3.296482563018799,0,0
9175,3.0639543533325195,3.0711166858673096,0,0
9176,3.429802179336548,3.390915870666504,1,1
9177,3.488659620285034,3.3899221420288086,1,1
9178,3.4935595989227295,3.3035950660705566,1,1
9179,3.111717462539673,3.0509557723999023,0,0
9180,3.4607319831848145,3.1047229766845703,1,1
9181,3.194295644760132,3.06850266456604,0,0
9182,2.934666156768799,2.9558260440826416,0,0
9183,3.1177473068237305,3.02824068069458,0,0
9184,3.080705404281616,2.981564521789551,0,0
9185,3.26259446144104,3.2500627040863037,0,0
9186,3.1738460063934326,3.1183505058288574,0,0
9187,3.2671422958374023,3.16853928565979,1,1
9188,3.0849478244781494,3.0824506282806396,0,0
9189,3.309976100921631,3.012101173400879,1,1
9190,3.2473630905151367,2.7899723052978516,0,0
9191,3.9095358848571777,3.147559881210327,1,1
9192,3.053037643432617,2.9064247608184814,0,0
9193,3.29239821434021,3.127803325653076,1,1
9194,3.4394261837005615,3.241089344024658,1,1
9195,3.5878238677978516,3.3438010215759277,1,1
9196,3.3174307346343994,3.308762550354004,1,1
9197,3.4855458736419678,3.4378774166107178,1,1
9198,3.126993179321289,3.1395044326782227,0,0
9199,3.242335319519043,3.0689940452575684,0,0
9200,3.336967945098877,3.1123809814453125,1,1
9201,3.113731622695923,2.823324203491211,0,0
9202,3.23677921295166,3.142946243286133,0,0
9203,3.5128679275512695,3.307422161102295,1,1
9204,2.719543218612671,2.616737127304077,0,0
9205,3.126681327819824,2.982248306274414,0,0
9206,3.6094789505004883,3.2830514907836914,1,1
9207,3.3682942390441895,3.053126811981201,1,1
9208,3.576012372970581,3.303588390350342,1,1
9209,3.2305166721343994,3.2185521125793457,0,0
9210,3.76741361618042,3.4037013053894043,1,1
9211,3.5521578788757324,3.365485668182373,1,1
9212,3.0854909420013428,2.946850061416626,0,0
9213,3.1593315601348877,3.148833751678467,0,0
9214,3.069214105606079,3.145674705505371,0,0
9215,3.5539395809173584,3.370558738708496,1,1
9216,3.321638584136963,3.29219126701355,1,1
9217,3.2994742393493652,3.1134350299835205,1,1
9218,3.2312259674072266,3.140568733215332,0,0
9219,3.473695993423462,3.36492657661438,1,1
9220,3.5872578620910645,3.3876662254333496,1,1
9221,3.5737032890319824,3.2637643814086914,1,1
9222,3.166698455810547,3.033698797225952,0,0
9223,2.8881895542144775,2.5950706005096436,0,0
9224,3.155320167541504,2.9382803440093994,0,0
9225,3.548544406890869,3.190741539001465,1,1
9226,3.4388539791107178,3.1809401512145996,1,1
9227,3.4370341300964355,3.148085832595825,1,1
9228,3.7336645126342773,3.2706594467163086,1,1
9229,3.3606386184692383,3.168242931365967,1,1
9230,3.2091026306152344,3.0466675758361816,0,0
9231,2.7507622241973877,2.7867231369018555,0,0
9232,3.636683940887451,3.4649713039398193,1,1
9233,3.257634401321411,3.415959358215332,1,1
9234,3.251458168029785,2.976426124572754,1,1
9235,3.0336568355560303,3.1259970664978027,0,0
9236,2.8477442264556885,2.8145675659179688,0,0
9237,3.1773195266723633,3.293161630630493,0,0
9238,3.2379441261291504,3.1320223808288574,0,0
9239,2.460930824279785,2.4107491970062256,0,0
9240,3.3814730644226074,3.195117235183716,1,1
9241,3.314246892929077,3.060957431793213,1,1
9242,3.212984800338745,2.9945638179779053,0,0
9243,3.2444300651550293,2.9058384895324707,0,0
9244,3.40251088142395,2.8064005374908447,1,1
9245,3.389141082763672,2.8141098022460938,1,1
9246,2.930068254470825,2.7219300270080566,0,0
9247,3.154721260070801,2.919973611831665,0,0
9248,3.1900737285614014,2.7039546966552734,0,0
9249,3.1970818042755127,2.7749104499816895,0,0
9250,2.2121102809906006,2.190014123916626,0,0
9251,3.068773031234741,2.838263511657715,0,0
9252,3.2014217376708984,2.9842100143432617,0,0
9253,3.3392834663391113,3.173595428466797,1,1
9254,3.446119785308838,3.2345480918884277,1,1
9255,3.6852028369903564,3.3483150005340576,1,1
9256,3.9173460006713867,3.4303441047668457,1,1
9257,3.7615654468536377,3.410309314727783,1,1
9258,3.428760290145874,3.3350162506103516,1,1
9259,3.0239789485931396,3.0000438690185547,0,0
9260,3.348876953125,3.1062493324279785,1,1
9261,3.5743212699890137,3.124713182449341,1,1
9262,3.198096990585327,2.8137450218200684,0,0
9263,3.0923850536346436,3.0411226749420166,0,0
9264,3.0008885860443115,2.8004040718078613,0,0
9265,3.839813709259033,3.31785249710083,1,1
9266,3.758509635925293,3.2961788177490234,1,1
9267,3.5995004177093506,3.2781174182891846,1,1
9268,3.1355621814727783,3.178088665008545,0,0
9269,3.135319471359253,2.907604455947876,0,0
9270,2.84555721282959,2.8200039863586426,0,0
9271,3.2654218673706055,2.942392349243164,1,1
9272,3.471027374267578,3.338825225830078,1,1
9273,3.1513655185699463,3.0686638355255127,0,0
9274,3.2664647102355957,3.1438374519348145,1,1
9275,3.4952657222747803,3.1611108779907227,1,1
9276,3.4551050662994385,3.307589292526245,1,1
9277,2.991983652114868,2.9659264087677,0,0
9278,4.15160608291626,3.780195474624634,1,1
9279,3.8648531436920166,3.454493999481201,1,1
9280,2.8313684463500977,2.730924129486084,0,0
9281,3.029264211654663,2.9311909675598145,0,0
9282,3.187432289123535,3.190162420272827,0,0
9283,2.9174630641937256,3.060230255126953,0,0
9284,2.7898898124694824,2.8086538314819336,0,0
9285,2.930753469467163,2.9080605506896973,0,0
9286,2.7194418907165527,2.6296212673187256,0,0
9287,2.882918357849121,2.6546730995178223,0,0
9288,3.05538010597229,2.885119676589966,0,0
9289,3.564474105834961,3.3891515731811523,1,1
9290,3.4941062927246094,3.4396109580993652,1,1
9291,3.735285758972168,3.4594874382019043,1,1
9292,3.2444870471954346,3.28951358795166,1,1
9293,3.6511876583099365,3.453625202178955,1,1
9294,3.619051933288574,3.344261884689331,1,1
9295,3.651398181915283,3.5095877647399902,1,1
9296,3.6168270111083984,3.470430850982666,1,1
9297,3.3512065410614014,3.0276565551757812,1,1
9298,3.455137252807617,3.389936923980713,1,1
9299,3.5644478797912598,3.526926040649414,1,1
9300,3.0567424297332764,3.3327836990356445,0,0
9301,3.1048948764801025,3.207174301147461,0,0
9302,3.599562168121338,3.2713794708251953,1,1
9303,2.8417391777038574,2.6246414184570312,0,0
9304,3.494680166244507,3.397658348083496,1,1
9305,3.5704445838928223,3.287006139755249,1,1
9306,3.389906167984009,3.1104681491851807,1,1
9307,3.2759201526641846,3.169558048248291,1,1
9308,3.08642315864563,3.223675012588501,0,0
9309,3.70444655418396,3.4302544593811035,1,1
9310,3.2747130393981934,3.2094175815582275,1,1
9311,2.966017484664917,2.9147918224334717,0,0
9312,3.6611108779907227,3.4053471088409424,1,1
9313,2.640559673309326,2.630401134490967,0,0
9314,2.954263925552368,2.848200798034668,0,0
9315,3.450967311859131,3.3352928161621094,1,1
9316,3.8776657581329346,3.303921699523926,1,1
9317,3.857937812805176,3.1990747451782227,1,1
9318,4.156705379486084,3.3985650539398193,1,1
9319,3.382297992706299,3.1528468132019043,1,1
9320,3.812462091445923,3.237278461456299,1,1
9321,3.5643489360809326,3.244915008544922,1,1
9322,3.458184003829956,3.037484645843506,1,1
9323,3.621448516845703,3.3326053619384766,1,1
9324,3.3347103595733643,3.0742833614349365,1,1
9325,3.0326786041259766,2.9196243286132812,0,0
9326,3.230163335800171,3.0924558639526367,0,0
9327,3.079418659210205,3.0314362049102783,0,0
9328,3.2483010292053223,3.0832855701446533,0,0
9329,2.745368003845215,2.7442493438720703,0,0
9330,2.862025022506714,2.9270060062408447,0,0
9331,3.3092384338378906,3.108722686767578,1,1
9332,3.2597603797912598,3.1474013328552246,0,0
9333,3.392141103744507,3.1543807983398438,1,1
9334,3.609084129333496,3.3099522590637207,1,1
9335,3.4436099529266357,3.2463784217834473,1,1
9336,2.927316665649414,2.7514805793762207,0,0
9337,3.0995562076568604,2.9956858158111572,0,0
9338,2.8555612564086914,2.7914018630981445,0,0
9339,3.382946014404297,3.1185202598571777,1,1
9340,2.8578219413757324,2.7074201107025146,0,0
9341,3.05371356010437,2.9530420303344727,0,0
9342,3.117274761199951,2.970477342605591,0,0
9343,3.1808204650878906,3.0605621337890625,0,0
9344,3.1642954349517822,3.0830516815185547,0,0
9345,3.6120798587799072,3.2723841667175293,1,1
9346,3.276231050491333,3.0670745372772217,1,1
9347,3.741990566253662,3.435310125350952,1,1
9348,3.2362003326416016,3.1127095222473145,0,0
9349,3.143716335296631,2.8226356506347656,0,0
9350,2.412235975265503,2.4518754482269287,0,0
9351,2.8383584022521973,2.787580966949463,0,0
9352,3.7269086837768555,3.3638734817504883,1,1
9353,3.537534236907959,3.4199442863464355,1,1
9354,3.227051258087158,3.0604512691497803,0,0
9355,3.2201874256134033,3.15665864944458,0,0
9356,3.21348237991333,2.9368152618408203,0,0
9357,3.36321759223938,3.0961122512817383,1,1
9358,3.0796680450439453,2.8939285278320312,0,0
9359,3.0206549167633057,2.8388853073120117,0,0
9360,3.3636057376861572,3.097439765930176,1,1
9361,3.4119627475738525,3.1285486221313477,1,1
9362,3.1574418544769287,2.9280800819396973,0,0
9363,3.537749767303467,3.2279210090637207,1,1
9364,2.6438252925872803,2.5656275749206543,0,0
9365,3.366824150085449,3.0744502544403076,1,1
9366,2.65987491607666,2.6863832473754883,0,0
9367,2.358276844024658,2.421306610107422,0,0
9368,3.1448888778686523,3.090970039367676,0,0
9369,3.1978988647460938,3.1233725547790527,0,0
9370,2.7604734897613525,2.842155694961548,0,0
9371,3.478114366531372,3.2929720878601074,1,1
9372,3.1426022052764893,3.19883394241333,0,0
9373,3.3677759170532227,3.2591335773468018,1,1
9374,3.233508348464966,3.1987662315368652,0,0
9375,3.380811929702759,3.1177921295166016,1,1
9376,3.3185391426086426,3.1406540870666504,1,1
9377,3.2788875102996826,3.1476967334747314,1,1
9378,2.60012149810791,2.475133180618286,0,0
9379,3.644108772277832,3.2708029747009277,1,1
9380,3.4551620483398438,3.265355110168457,1,1
9381,3.504485845565796,3.334688425064087,1,1
9382,3.1833770275115967,2.939948558807373,0,0
9383,2.6936423778533936,2.6995418071746826,0,0
9384,3.2315776348114014,3.1471548080444336,0,0
9385,2.4821038246154785,2.442373275756836,0,0
9386,3.136399507522583,2.951662540435791,0,0
9387,3.146348476409912,3.0033583641052246,0,0
9388,3.2935454845428467,3.1974449157714844,1,1
9389,2.9629549980163574,2.8323445320129395,0,0
9390,3.496410369873047,3.081517219543457,1,1
9391,3.5826003551483154,3.260928153991699,1,1
9392,3.6473281383514404,3.338059902191162,1,1
9393,3.303500175476074,3.3481526374816895,1,1
9394,3.4722352027893066,3.3387341499328613,1,1
9395,3.438669204711914,3.339261770248413,1,1
9396,3.040367364883423,2.9230916500091553,0,0
9397,3.139420986175537,2.900498867034912,0,0
9398,3.3440356254577637,3.13436222076416,1,1
9399,3.2018015384674072,3.0895440578460693,0,0
9400,3.8674402236938477,3.4745893478393555,1,1
9401,3.3291385173797607,3.134673595428467,1,1
9402,3.2180821895599365,3.096623182296753,0,0
9403,3.4991157054901123,3.143718957901001,1,1
9404,3.6774563789367676,3.4321975708007812,1,1
9405,3.485286235809326,3.301196336746216,1,1
9406,3.441418409347534,3.2474355697631836,1,1
9407,3.1198577880859375,3.0401694774627686,0,0
9408,3.0871102809906006,3.1376795768737793,0,0
9409,3.3762786388397217,3.2213268280029297,1,1
9410,3.6173274517059326,3.2527852058410645,1,1
9411,3.3480865955352783,3.2721450328826904,1,1
9412,3.618532419204712,3.441868305206299,1,1
9413,3.5544304847717285,3.243990421295166,1,1
9414,3.203913688659668,3.1206369400024414,0,0
9415,3.0798420906066895,3.155207872390747,0,0
9416,3.414881944656372,3.1691548824310303,1,1
9417,3.1415791511535645,3.0711300373077393,0,0
9418,3.234039068222046,2.9826934337615967,0,0
9419,3.3438899517059326,3.0193724632263184,1,1
9420,3.744361162185669,3.4366304874420166,1,1
9421,3.605949878692627,3.264723300933838,1,1
9422,3.515817642211914,3.3218116760253906,1,1
9423,3.680985689163208,3.4071860313415527,1,1
9424,3.384187936782837,3.17309832572937,1,1
9425,3.5530614852905273,3.3255066871643066,1,1
9426,3.4175055027008057,3.322293519973755,1,1
9427,3.3907201290130615,3.237560510635376,1,1
9428,3.418989896774292,3.3005621433258057,1,1
9429,3.682182788848877,3.4445016384124756,1,1
9430,3.3289716243743896,3.232595443725586,1,1
9431,3.436840534210205,3.3429722785949707,1,1
9432,3.0327718257904053,3.06467342376709,0,0
9433,3.0424752235412598,3.0199384689331055,0,0
9434,2.8997650146484375,2.9265542030334473,0,0
9435,3.1181156635284424,3.153365135192871,0,0
9436,3.336308479309082,3.428743839263916,1,1
9437,3.2646164894104004,3.331725597381592,0,0
9438,3.4716949462890625,3.2620840072631836,1,1
9439,3.2435853481292725,3.1655383110046387,0,0
9440,3.162614107131958,3.0309202671051025,0,0
9441,3.2316668033599854,2.995835065841675,0,0
9442,2.947061538696289,2.7748770713806152,0,0
9443,3.5412001609802246,3.1539907455444336,1,1
9444,3.1530284881591797,2.8642616271972656,0,0
9445,3.4780333042144775,3.1007936000823975,1,1
9446,3.3333520889282227,3.05557918548584,1,1
9447,3.1060638427734375,2.836794137954712,0,0
9448,3.2108187675476074,3.0789055824279785,0,0
9449,3.002213478088379,3.2398321628570557,0,0
9450,3.118361473083496,3.090414047241211,0,0
9451,3.275850772857666,3.028928756713867,0,0
9452,3.461946725845337,3.238858222961426,1,1
9453,3.0674920082092285,2.7862370014190674,0,0
9454,3.5088653564453125,3.3809618949890137,1,1
9455,3.529552936553955,3.273604393005371,1,1
9456,3.4217746257781982,3.0929763317108154,1,1
9457,2.0659499168395996,1.9838802814483643,0,0
9458,3.0271494388580322,3.0734424591064453,0,0
9459,3.367159366607666,3.145951271057129,1,1
9460,2.8312718868255615,2.9154858589172363,0,0
9461,3.100001811981201,3.0679514408111572,0,0
9462,3.5429224967956543,3.2479093074798584,1,1
9463,3.144853115081787,3.1173574924468994,0,0
9464,3.179013729095459,3.065340518951416,0,0
9465,3.3053009510040283,3.2578301429748535,1,1
9466,3.4601051807403564,3.1934399604797363,1,1
9467,3.4784836769104004,3.127166271209717,1,1
9468,3.4274868965148926,3.3749887943267822,1,1
9469,3.385676145553589,3.2668895721435547,1,1
9470,2.8103079795837402,2.8195443153381348,0,0
9471,2.781510591506958,2.9476232528686523,0,0
9472,3.389364242553711,3.272627830505371,1,1
9473,3.7074975967407227,3.403201103210449,1,1
9474,2.708401918411255,2.685347080230713,0,0
9475,2.834507465362549,2.7997965812683105,0,0
9476,3.1297128200531006,2.999283790588379,0,0
9477,2.7908711433410645,2.7439498901367188,0,0
9478,3.1702959537506104,3.0974855422973633,0,0
9479,3.0726053714752197,2.9500632286071777,0,0
9480,3.554033041000366,3.0925188064575195,1,1
9481,3.4852330684661865,3.2108583450317383,1,1
9482,3.378171920776367,3.317270278930664,1,1
9483,3.183568000793457,3.1869983673095703,0,0
9484,3.200526237487793,3.0492444038391113,0,0
9485,3.4697940349578857,3.243373155593872,1,1
9486,3.2714169025421143,3.173910140991211,0,0
9487,3.032337188720703,2.9934444427490234,0,0
9488,3.2393600940704346,3.1480307579040527,0,0
9489,3.371273994445801,3.213698148727417,1,1
9490,3.078608751296997,3.0370864868164062,0,0
9491,3.240793466567993,3.0265398025512695,0,0
9492,3.2191665172576904,3.1527328491210938,0,0
9493,2.9513912200927734,3.0149478912353516,0,0
9494,3.1174330711364746,3.1716251373291016,0,0
9495,2.950676441192627,2.926575183868408,0,0
9496,3.3110198974609375,3.1131138801574707,1,1
9497,3.2236874103546143,3.08193302154541,0,0
9498,3.115638494491577,3.0730628967285156,0,0
9499,3.1428587436676025,3.040790557861328,0,0
9500,2.769066572189331,2.8860387802124023,0,0
9501,3.0806937217712402,2.8615102767944336,0,0
9502,3.160032272338867,3.001223564147949,0,0
9503,3.096588611602783,2.931734800338745,0,0
9504,3.8009142875671387,3.4658658504486084,1,1
9505,3.3845455646514893,3.2136974334716797,1,1
9506,2.9892849922180176,2.837775707244873,0,0
9507,3.2017152309417725,2.8524131774902344,0,0
9508,3.5404980182647705,3.3068275451660156,1,1
9509,3.3401682376861572,3.1832141876220703,1,1
9510,3.4342598915100098,3.1957385540008545,1,1
9511,3.0224740505218506,3.023345708847046,0,0
9512,3.54412579536438,3.0929627418518066,1,1
9513,3.2808637619018555,3.0182747840881348,1,1
9514,3.2165143489837646,3.1307101249694824,0,0
9515,3.4229016304016113,3.0902762413024902,1,1
9516,3.5047476291656494,3.4861834049224854,1,1
9517,3.7715203762054443,3.558804988861084,1,1
9518,3.567305326461792,3.1330606937408447,1,1
9519,3.4312894344329834,3.2988994121551514,1,1
9520,3.3244078159332275,3.1763949394226074,1,1
9521,3.1046671867370605,2.95645809173584,0,0
9522,3.044100522994995,2.936735153198242,0,0
9523,3.5811896324157715,3.062513828277588,1,1
9524,3.725841999053955,3.122042655944824,1,1
9525,3.1922943592071533,2.9967777729034424,0,0
9526,3.2262792587280273,2.9038331508636475,0,0
9527,2.5424938201904297,2.6147825717926025,0,0
9528,2.868351697921753,2.754732131958008,0,0
9529,2.9777612686157227,2.761021614074707,0,0
9530,3.3145828247070312,2.9235713481903076,1,1
9531,2.94813871383667,2.8837504386901855,0,0
9532,2.9612879753112793,2.9799818992614746,0,0
9533,3.5863876342773438,3.3786516189575195,1,1
9534,3.5551095008850098,3.479012966156006,1,1
9535,3.0629303455352783,2.8650472164154053,0,0
9536,3.237111806869507,2.9461894035339355,0,0
9537,3.1154112815856934,3.151735305786133,0,0
9538,3.3249435424804688,3.2042436599731445,1,1
9539,3.192260980606079,3.0035581588745117,0,0
9540,3.124614715576172,2.9612112045288086,0,0
9541,3.2759761810302734,3.1129932403564453,1,1
9542,3.4359381198883057,3.2060797214508057,1,1
9543,3.3801801204681396,3.2422280311584473,1,1
9544,3.437551498413086,3.197114944458008,1,1
9545,3.226151704788208,3.197113037109375,0,0
9546,3.231529951095581,3.098463535308838,0,0
9547,3.2574870586395264,3.2706027030944824,1,1
9548,3.1546719074249268,2.8836119174957275,0,0
9549,3.2920963764190674,3.2529873847961426,1,1
9550,3.2396321296691895,3.1931371688842773,0,0
9551,3.3622548580169678,2.970449447631836,1,1
9552,3.592844009399414,3.236959457397461,1,1
9553,3.2816553115844727,2.9026408195495605,1,1
9554,2.860562801361084,2.5533089637756348,0,0
9555,3.4016995429992676,3.068983554840088,1,1
9556,3.427015781402588,3.204535484313965,1,1
9557,3.3071651458740234,3.1444220542907715,1,1
9558,3.0847504138946533,3.113816976547241,0,0
9559,3.2103443145751953,3.1458969116210938,0,0
9560,3.2506325244903564,3.154456615447998,0,0
9561,3.614898681640625,3.305901527404785,1,1
9562,3.2799108028411865,3.085087299346924,1,1
9563,3.231142520904541,3.070950508117676,0,0
9564,3.407616138458252,3.047628879547119,1,1
9565,3.467829465866089,3.1152639389038086,1,1
9566,3.2632036209106445,3.2865772247314453,0,0
9567,3.4813263416290283,3.2072367668151855,1,1
9568,3.165349245071411,3.1510252952575684,0,0
9569,3.3388352394104004,3.2378721237182617,1,1
9570,3.0939323902130127,2.9646522998809814,0,0
9571,2.8821122646331787,2.8497731685638428,0,0
9572,3.2563467025756836,2.983534336090088,0,0
9573,3.402971029281616,3.0028979778289795,1,1
9574,3.317915439605713,2.917581558227539,1,1
9575,3.8100812435150146,3.3145313262939453,1,1
9576,3.6127474308013916,3.302947521209717,1,1
9577,3.3334803581237793,2.962380886077881,1,1
9578,3.4563300609588623,3.219982624053955,1,1
9579,3.2956690788269043,3.248180627822876,1,1
9580,3.521430015563965,3.55905818939209,1,1
9581,2.9139082431793213,2.895794153213501,0,0
9582,4.272888660430908,3.6898128986358643,1,1
9583,3.7099883556365967,3.4979283809661865,1,1
9584,3.734311819076538,3.671034812927246,1,1
9585,3.46767258644104,3.4350850582122803,1,1
9586,3.189760684967041,3.1892757415771484,0,0
9587,3.124177932739258,2.934337615966797,0,0
9588,3.0751850605010986,3.0267882347106934,0,0
9589,2.9403469562530518,2.988626003265381,0,0
9590,3.9295222759246826,3.500074863433838,1,1
9591,3.2133471965789795,2.9427287578582764,0,0
9592,2.7118446826934814,2.718769073486328,0,0
9593,3.092965841293335,3.19633412361145,0,0
9594,3.348129987716675,3.3300294876098633,1,1
9595,3.3304262161254883,3.3380818367004395,1,1
9596,2.8607077598571777,3.0223915576934814,0,0
9597,3.098569393157959,3.099370002746582,0,0
9598,3.3086209297180176,3.313264846801758,1,1
9599,3.0728681087493896,3.069760322570801,0,0
9600,3.713749647140503,3.399019956588745,1,1
9601,3.3036253452301025,3.2442684173583984,1,1
9602,3.07181715965271,3.0904688835144043,0,0
9603,3.334482431411743,3.2029824256896973,1,1
9604,3.751523971557617,3.453411102294922,1,1
9605,3.6813454627990723,3.3649885654449463,1,1
9606,3.672123432159424,3.4361770153045654,1,1
9607,3.583704710006714,3.3414297103881836,1,1
9608,3.562530279159546,3.353224277496338,1,1
9609,3.2849645614624023,3.2946219444274902,1,1
9610,3.5802884101867676,3.243506908416748,1,1
9611,3.154254913330078,2.93385910987854,0,0
9612,3.024076461791992,2.7740886211395264,0,0
9613,3.0803301334381104,2.7245969772338867,0,0
9614,3.171001434326172,2.855973243713379,0,0
9615,3.4452342987060547,3.2039711475372314,1,1
9616,3.3565945625305176,3.3269729614257812,1,1
9617,3.601761817932129,3.428579330444336,1,1
9618,3.810370683670044,3.5409083366394043,1,1
9619,3.4130496978759766,3.184248447418213,1,1
9620,3.3587071895599365,3.100489854812622,1,1
9621,3.929941415786743,3.4215359687805176,1,1
9622,3.377363443374634,3.136537551879883,1,1
9623,3.3501009941101074,3.191586971282959,1,1
9624,3.707399368286133,3.4880762100219727,1,1
9625,3.8011481761932373,3.518826723098755,1,1
9626,3.457085132598877,2.994077205657959,1,1
9627,3.2750892639160156,2.9711315631866455,0,0
9628,3.793560266494751,3.285853147506714,1,1
9629,3.4065914154052734,3.183749198913574,1,1
9630,4.028129577636719,3.5536346435546875,1,1
9631,3.525221109390259,3.195101737976074,1,1
9632,3.1189043521881104,2.8595356941223145,0,0
9633,3.3390426635742188,3.0663185119628906,1,1
9634,3.607203245162964,3.246823787689209,1,1
9635,3.303701162338257,3.1709747314453125,1,1
9636,3.45906138420105,3.2400479316711426,1,1
9637,3.175520420074463,3.074615001678467,0,0
9638,3.4158847332000732,3.1496667861938477,1,1
9639,3.7874693870544434,3.364365577697754,1,1
9640,3.4674019813537598,3.3806941509246826,1,1
9641,3.138099193572998,2.909895420074463,0,0
9642,3.0700857639312744,2.8359627723693848,0,0
9643,3.5931060314178467,3.1222195625305176,1,1
9644,3.411911964416504,2.9830288887023926,1,1
9645,3.579425096511841,3.1665780544281006,1,1
9646,3.4950973987579346,3.123913049697876,1,1
9647,3.6138763427734375,3.1918492317199707,1,1
9648,3.1351752281188965,3.1057844161987305,0,0
9649,3.114795684814453,3.149822235107422,0,0
9650,3.505225419998169,3.424489974975586,1,1
9651,3.3788387775421143,3.1839284896850586,1,1
9652,3.0408828258514404,3.1123132705688477,0,0
9653,3.5695981979370117,3.5070154666900635,1,1
9654,2.5978784561157227,2.8047924041748047,0,0
9655,3.4596636295318604,3.354701280593872,1,1
9656,3.374340772628784,3.3693950176239014,1,1
9657,3.083085298538208,3.0767695903778076,0,0
9658,2.884674310684204,3.017153739929199,0,0
9659,3.6884400844573975,3.3726413249969482,1,1
9660,3.8098130226135254,3.5215320587158203,1,1
9661,3.244536876678467,2.814526081085205,0,0
9662,2.9851090908050537,3.0141420364379883,0,0
9663,3.3576574325561523,3.202794075012207,1,1
9664,3.5313477516174316,3.1984291076660156,1,1
9665,3.260268211364746,3.0109236240386963,0,0
9666,3.6404082775115967,3.407273292541504,1,1
9667,3.3680074214935303,3.034581422805786,1,1
9668,3.1284165382385254,2.9309439659118652,0,0
9669,3.227752685546875,3.132356882095337,0,0
9670,3.6186556816101074,3.3224985599517822,1,1
9671,3.794771671295166,3.3858132362365723,1,1
9672,3.654937744140625,3.4073925018310547,1,1
9673,3.696845293045044,3.3507723808288574,1,1
9674,3.769683837890625,3.49351167678833,1,1
9675,2.948880910873413,2.9112048149108887,0,0
9676,3.5144264698028564,3.2255325317382812,1,1
9677,3.678645610809326,3.338191509246826,1,1
9678,3.400245189666748,3.2522740364074707,1,1
9679,2.6248199939727783,2.589930534362793,0,0
9680,2.8675146102905273,2.6597018241882324,0,0
9681,2.845231771469116,2.768810749053955,0,0
9682,2.996802568435669,2.8374223709106445,0,0
9683,3.079374313354492,3.0217580795288086,0,0
9684,2.808558225631714,2.796149253845215,0,0
9685,2.7995424270629883,2.7907514572143555,0,0
9686,2.717578172683716,2.794506549835205,0,0
9687,3.154433488845825,3.095193862915039,0,0
9688,3.2771785259246826,3.1173624992370605,0,0
9689,3.6420977115631104,3.412907838821411,1,1
9690,3.2859630584716797,3.292815923690796,0,0
9691,3.2383980751037598,3.199143886566162,0,0
9692,3.106003761291504,3.0214085578918457,0,0
9693,3.0408711433410645,2.955310344696045,0,0
9694,3.482595682144165,3.3617773056030273,1,1
9695,3.2113261222839355,3.0452613830566406,0,0
9696,3.365793466567993,3.221620798110962,1,1
9697,3.337070941925049,3.0929393768310547,1,1
9698,3.1278185844421387,3.1163086891174316,0,0
9699,3.1188042163848877,3.096471071243286,0,0
9700,3.16943621635437,3.074631929397583,0,0
9701,2.995431661605835,2.9633982181549072,0,0
9702,3.0714213848114014,2.938286542892456,0,0
9703,2.7481131553649902,2.8712704181671143,0,0
9704,2.6577398777008057,2.8626980781555176,0,0
9705,3.020458221435547,3.0745248794555664,0,0
9706,2.660015344619751,2.556626319885254,0,0
9707,2.9661381244659424,2.88582181930542,0,0
9708,3.116917133331299,3.051999092102051,0,0
9709,3.036630153656006,2.8590402603149414,0,0
9710,3.2753422260284424,3.0628952980041504,0,0
9711,2.962156295776367,2.920715570449829,0,0
9712,3.113804340362549,3.1142306327819824,0,0
9713,2.979625940322876,2.90006685256958,0,0
9714,3.153289318084717,3.079362630844116,0,0
9715,3.16793155670166,3.042039155960083,0,0
9716,2.798708438873291,2.733320713043213,0,0
9717,3.120316982269287,3.0218820571899414,0,0
9718,3.5194787979125977,3.037705898284912,1,1
9719,3.21825909614563,3.1682214736938477,0,0
9720,3.3151745796203613,3.14345121383667,1,1
9721,3.1586437225341797,2.7876646518707275,0,0
9722,3.670778274536133,3.3067774772644043,1,1
9723,3.27651309967041,3.0782980918884277,0,0
9724,3.404157876968384,3.1164848804473877,1,1
9725,3.409511089324951,3.1006557941436768,1,1
9726,2.8929243087768555,2.9671177864074707,0,0
9727,3.095205545425415,3.070955514907837,0,0
9728,3.1276581287384033,3.1015872955322266,0,0
9729,3.313227653503418,3.069333553314209,1,1
9730,3.501112937927246,3.2322168350219727,1,1
9731,3.3371832370758057,3.2981295585632324,1,1
9732,3.0544962882995605,3.2061471939086914,0,0
9733,3.2839887142181396,3.1319379806518555,0,0
9734,3.308077812194824,3.153496742248535,1,1
9735,3.1395342350006104,3.0087473392486572,0,0
9736,3.123241662979126,2.9808077812194824,0,0
9737,3.253394365310669,3.0384445190429688,0,0
9738,3.276008367538452,3.0864508152008057,0,0
9739,3.2646610736846924,3.1053478717803955,0,0
9740,3.385481595993042,3.221780776977539,1,1
9741,3.2738635540008545,3.1590805053710938,0,0
9742,3.210601806640625,3.141789436340332,0,0
9743,3.4867401123046875,3.267124652862549,1,1
9744,3.241532325744629,3.203617572784424,0,0
9745,3.1590170860290527,3.037095069885254,0,0
9746,2.7668380737304688,2.721696376800537,0,0
9747,3.296481132507324,3.1737940311431885,1,1
9748,2.8406667709350586,3.099926233291626,0,0
9749,2.724867343902588,2.6734304428100586,0,0
9750,2.8186659812927246,2.784484386444092,0,0
9751,3.092785358428955,2.788221836090088,0,0
9752,3.066175699234009,2.9621357917785645,0,0
9753,2.803619146347046,2.7894444465637207,0,0
9754,3.0257768630981445,2.879934787750244,0,0
9755,2.6649372577667236,2.522430181503296,0,0
9756,2.3839540481567383,2.582278251647949,0,0
9757,2.9942290782928467,2.9961748123168945,0,0
9758,3.1898367404937744,3.141371250152588,0,0
9759,2.9070749282836914,2.7396576404571533,0,0
9760,2.9916765689849854,3.1432149410247803,0,0
9761,2.9050967693328857,2.9699931144714355,0,0
9762,2.975503444671631,2.9168152809143066,0,0
9763,3.046034574508667,2.894313097000122,0,0
9764,3.251967668533325,3.289402961730957,0,0
9765,3.2647626399993896,3.2870492935180664,0,0
9766,3.2356655597686768,3.2792155742645264,0,0
9767,3.5825259685516357,3.5451011657714844,1,1
9768,3.545583486557007,3.5441739559173584,1,1
9769,3.041105031967163,2.886762857437134,0,0
9770,2.925438404083252,2.7824482917785645,0,0
9771,3.0517427921295166,3.030430316925049,0,0
9772,3.004460334777832,3.031155586242676,0,0
9773,2.9385249614715576,2.9182262420654297,0,0
9774,2.817387342453003,2.7916722297668457,0,0
9775,2.9522175788879395,2.779355764389038,0,0
9776,3.264730453491211,3.295098304748535,1,1
9777,3.200634002685547,3.3880040645599365,0,0
9778,3.3045542240142822,3.2105934619903564,1,1
9779,3.301190137863159,2.9219179153442383,1,1
9780,3.3901329040527344,3.27321195602417,1,1
9781,3.6169273853302,3.378560781478882,1,1
9782,3.4987363815307617,3.1370902061462402,1,1
9783,3.8480100631713867,3.5038681030273438,1,1
9784,3.431884527206421,3.282693386077881,1,1
9785,3.4664735794067383,3.159261703491211,1,1
9786,2.7845423221588135,2.7131824493408203,0,0
9787,3.012577772140503,2.7093892097473145,0,0
9788,3.674903631210327,3.368903160095215,1,1
9789,2.949552536010742,2.8180150985717773,0,0
9790,3.2131705284118652,2.8780622482299805,0,0
9791,3.167595148086548,2.7790446281433105,0,0
9792,3.2633049488067627,3.0007591247558594,1,1
9793,3.4570424556732178,3.016357421875,1,1
9794,3.5913753509521484,3.175464391708374,1,1
9795,3.192110538482666,2.997406005859375,0,0
9796,3.138596534729004,3.045212507247925,0,0
9797,3.62770938873291,3.358203411102295,1,1
9798,3.397346019744873,3.198807716369629,1,1
9799,3.061814546585083,2.958984136581421,0,0
9800,2.9991562366485596,2.990945816040039,0,0
9801,3.0584821701049805,3.1019601821899414,0,0
9802,3.2300162315368652,2.999049663543701,0,0
9803,3.125549793243408,3.02117919921875,0,0
9804,2.835327386856079,2.861513137817383,0,0
9805,3.026759624481201,3.161698341369629,0,0
9806,2.9237771034240723,2.868591547012329,0,0
9807,3.0504002571105957,3.057633876800537,0,0
9808,2.7500038146972656,2.8554158210754395,0,0
9809,2.8635640144348145,2.720407724380493,0,0
9810,2.8447113037109375,3.0504913330078125,0,0
9811,3.005114793777466,3.047403573989868,0,0
9812,2.893653631210327,2.9117255210876465,0,0
9813,3.0228660106658936,3.1087806224823,0,0
9814,2.9013047218322754,2.899372100830078,0,0
9815,3.2428500652313232,3.094086170196533,1,1
9816,3.2767131328582764,3.1797146797180176,1,1
9817,3.212705612182617,3.1875131130218506,0,0
9818,3.038062572479248,2.8740854263305664,0,0
9819,3.092806816101074,3.0198235511779785,0,0
9820,3.210886240005493,3.2152156829833984,0,0
9821,3.293959379196167,3.2765159606933594,1,1
9822,3.1332128047943115,2.921224594116211,0,0
9823,3.598278522491455,3.307769536972046,1,1
9824,3.3220181465148926,3.0497121810913086,1,1
9825,3.8456926345825195,3.3887791633605957,1,1
9826,3.228849411010742,3.3229987621307373,1,1
9827,3.157846689224243,3.050478935241699,0,0
9828,2.7076148986816406,2.5530788898468018,0,0
9829,3.3076705932617188,3.058474063873291,1,1
9830,3.2622344493865967,3.1825318336486816,1,1
9831,3.6853716373443604,3.5300376415252686,1,1
9832,3.0660219192504883,2.9833736419677734,0,0
9833,2.6016077995300293,2.642850399017334,0,0
9834,3.1038107872009277,3.0279600620269775,0,0
9835,2.6039576530456543,2.6403965950012207,0,0
9836,2.9706528186798096,3.0298004150390625,0,0
9837,2.8974132537841797,2.9204564094543457,0,0
9838,3.2214345932006836,3.1460747718811035,1,1
9839,3.5908493995666504,3.3861873149871826,1,1
9840,3.5193750858306885,3.345245838165283,1,1
9841,3.594865322113037,3.348188877105713,1,1
9842,3.2239508628845215,2.9658451080322266,1,1
9843,3.2261927127838135,2.9171910285949707,1,1
9844,3.28830623626709,2.93971586227417,1,1
9845,3.7339816093444824,3.392925977706909,1,1
9846,3.795027494430542,3.484530448913574,1,1
9847,3.5150604248046875,3.2809231281280518,1,1
9848,3.7025094032287598,3.2761242389678955,1,1
9849,3.3734750747680664,3.352522611618042,1,1
9850,3.478499174118042,3.399397373199463,1,1
9851,3.2325761318206787,3.191023826599121,1,1
9852,3.381337881088257,3.0720057487487793,1,1
9853,3.4498066902160645,2.954843044281006,1,1
9854,3.4045984745025635,3.273782253265381,1,1
9855,3.0917928218841553,2.89096736907959,0,0
9856,3.0934574604034424,2.973656415939331,0,0
9857,3.1070499420166016,2.972036838531494,0,0
9858,3.4064700603485107,3.117598533630371,1,1
9859,3.0945796966552734,3.0699269771575928,0,0
9860,3.55818247795105,3.284597158432007,1,1
9861,3.592052698135376,3.2776482105255127,1,1
9862,3.1950883865356445,3.1161932945251465,1,1
9863,3.574768543243408,3.2053186893463135,1,1
9864,3.31791090965271,3.2294516563415527,1,1
9865,3.0446412563323975,3.0867390632629395,0,0
9866,3.2029733657836914,3.2929847240448,1,1
9867,3.234847068786621,3.259704113006592,1,1
9868,3.216223955154419,3.1251235008239746,1,1
9869,3.2586982250213623,3.174051523208618,1,1
9870,3.0772831439971924,2.9683175086975098,0,0
9871,3.137164354324341,3.089691638946533,0,0
9872,3.164194345474243,3.0398759841918945,0,0
9873,3.230722188949585,3.1103062629699707,1,1
9874,2.942943811416626,2.7141761779785156,0,0
9875,2.7709479331970215,2.663377046585083,0,0
9876,2.2794744968414307,2.3756392002105713,0,0
9877,2.6975412368774414,2.494378089904785,0,0
9878,2.509962797164917,2.586182117462158,0,0
9879,2.760847330093384,2.6897501945495605,0,0
9880,2.384643077850342,2.4503400325775146,0,0
9881,2.5692732334136963,2.626732587814331,0,0
9882,2.987650156021118,2.790548324584961,0,0
9883,3.5136728286743164,3.1739230155944824,1,1
9884,3.358506441116333,2.9930813312530518,1,1
9885,3.3304026126861572,3.1387834548950195,1,1
9886,3.4903695583343506,3.129962205886841,1,1
9887,3.694861650466919,3.213106155395508,1,1
9888,3.635946750640869,3.1214704513549805,1,1
9889,3.360001802444458,2.988034725189209,1,1
9890,3.0013813972473145,2.869680881500244,0,0
9891,3.6003806591033936,3.285048007965088,1,1
9892,3.75264573097229,3.2427234649658203,1,1
9893,3.1891188621520996,3.0682599544525146,1,1
9894,3.3672029972076416,3.2020368576049805,1,1
9895,3.2791967391967773,3.019753932952881,1,1
9896,3.3042731285095215,3.037672996520996,1,1
9897,3.0118043422698975,2.9114937782287598,0,0
9898,3.578362226486206,3.2702078819274902,1,1
9899,3.577110767364502,3.202345371246338,1,1
9900,2.9640161991119385,2.9518542289733887,0,0
9901,3.0249876976013184,3.048922538757324,0,0
9902,3.2966880798339844,3.203670024871826,1,1
9903,2.8893558979034424,2.940488815307617,0,0
9904,3.156689405441284,3.1347267627716064,0,0
9905,3.200669050216675,3.1732048988342285,1,1
9906,3.527700185775757,3.449425220489502,1,1
9907,3.2535109519958496,3.242011070251465,1,1
9908,3.0511085987091064,3.06597638130188,0,0
9909,3.3027429580688477,3.2820615768432617,1,1
9910,3.1969008445739746,3.1126480102539062,0,0
9911,3.309990406036377,3.2942333221435547,1,1
9912,3.2038679122924805,3.1097543239593506,0,0
9913,3.0741565227508545,3.0357413291931152,0,0
9914,3.2167274951934814,3.065518856048584,1,1
9915,3.0157926082611084,2.9223103523254395,0,0
9916,3.165928602218628,3.021376609802246,0,0
9917,3.0544145107269287,2.869088649749756,0,0
9918,3.142688274383545,2.965771198272705,0,0
9919,3.3597817420959473,3.193803548812866,1,1
9920,3.1840550899505615,2.927133560180664,0,0
9921,3.091597557067871,2.854865789413452,0,0
9922,3.420698881149292,3.0945301055908203,1,1
9923,3.102903127670288,2.8698532581329346,0,0
9924,3.408910036087036,3.039759874343872,1,1
9925,3.220150947570801,2.9235689640045166,1,1
9926,3.1097164154052734,2.8362574577331543,0,0
9927,3.011837959289551,2.8261163234710693,0,0
9928,3.3225839138031006,2.95112681388855,1,1
9929,3.0624184608459473,2.9111645221710205,0,0
9930,3.0674290657043457,2.7951879501342773,0,0
9931,2.760565996170044,2.6385550498962402,0,0
9932,3.1001012325286865,2.846536636352539,0,0
9933,3.325561761856079,3.082646369934082,1,1
9934,3.0637288093566895,2.9015953540802,0,0
9935,3.2075448036193848,2.9615554809570312,1,1
9936,3.3791472911834717,2.9580349922180176,1,1
9937,3.2386653423309326,3.049466848373413,1,1
9938,3.0852742195129395,2.9400038719177246,0,0
9939,3.1537046432495117,2.9456627368927,0,0
9940,3.265355348587036,3.0399603843688965,1,1
9941,2.650441884994507,2.573974132537842,0,0
9942,3.2920451164245605,2.96376371383667,1,1
9943,3.310269355773926,2.9544849395751953,1,1
9944,3.155513048171997,3.070420265197754,0,0
9945,3.040855884552002,2.8513481616973877,0,0
9946,3.201282501220703,2.8865530490875244,1,1
9947,3.3930392265319824,3.2280592918395996,1,1
9948,3.2821223735809326,3.0789382457733154,1,1
9949,3.1730127334594727,3.088839054107666,0,0
9950,3.5663909912109375,3.4461936950683594,1,1
9951,3.4664506912231445,3.3234617710113525,1,1
9952,3.4854698181152344,3.3799219131469727,1,1
9953,3.449693202972412,3.2468807697296143,1,1
9954,3.495619773864746,3.367283344268799,1,1
9955,3.497392177581787,3.365941286087036,1,1
9956,3.416313886642456,3.1931488513946533,1,1
9957,2.9771535396575928,2.7423386573791504,0,0
9958,3.5567684173583984,3.18985652923584,1,1
9959,3.125396966934204,2.823704242706299,0,0
9960,3.0366759300231934,2.732151985168457,0,0
9961,3.1246848106384277,2.8052592277526855,0,0
9962,3.2615878582000732,3.1999542713165283,1,1
9963,3.6329879760742188,3.4024975299835205,1,1
9964,3.612576723098755,3.518596887588501,1,1
9965,3.711054563522339,3.407991409301758,1,1
9966,3.933872938156128,3.477100372314453,1,1
9967,3.641608238220215,3.353353500366211,1,1
9968,3.6013548374176025,3.3955118656158447,1,1
9969,3.886521816253662,3.4576635360717773,1,1
9970,3.53934907913208,3.319563865661621,1,1
9971,3.677147150039673,3.4495177268981934,1,1
9972,3.416196584701538,3.1907365322113037,1,1
9973,3.3160922527313232,2.924956798553467,1,1
9974,3.6177475452423096,3.3269691467285156,1,1
9975,3.2898330688476562,2.869170904159546,1,1
9976,2.4016857147216797,2.5440495014190674,0,0
9977,2.4340755939483643,2.2158470153808594,0,0
9978,2.395674228668213,2.4159598350524902,0,0
9979,2.6390607357025146,2.5355093479156494,0,0
9980,2.7544877529144287,2.659656047821045,0,0
9981,2.860095739364624,2.524444580078125,0,0
9982,2.664846420288086,2.6605045795440674,0,0
9983,2.489600658416748,2.517928123474121,0,0
9984,2.907944440841675,2.6407103538513184,0,0
9985,2.982057571411133,2.8841328620910645,0,0
9986,3.4892115592956543,3.1339216232299805,1,1
9987,3.3754827976226807,3.176391124725342,1,1
9988,3.85481595993042,3.417647361755371,1,1
9989,3.341759443283081,3.069643974304199,1,1
9990,2.800290107727051,2.660616874694824,0,0
9991,2.5751776695251465,2.3743538856506348,0,0
9992,3.634783983230591,3.2254066467285156,1,1
9993,2.2758677005767822,2.236055374145508,0,0
9994,2.5090863704681396,2.3584811687469482,0,0
9995,3.326902389526367,2.998539924621582,1,1
9996,3.190004825592041,2.998190402984619,0,0
9997,3.308180332183838,3.237175464630127,1,1
9998,3.3328309059143066,3.1363258361816406,1,1
9999,3.2584099769592285,3.118600845336914,1,1
10000,3.566575765609741,3.473719358444214,1,1
