t,loss,entropy,gate_open,updated
1,3.51369571685791,3.682075023651123,1,1
2,3.8888847827911377,3.7669930458068848,1,1
3,3.9616012573242188,3.816643714904785,1,1
4,3.644665002822876,3.459975242614746,1,1
5,3.3840017318725586,3.203014373779297,1,1
6,3.552351713180542,3.4332029819488525,1,1
7,3.7132389545440674,3.430814743041992,1,1
8,3.510573625564575,3.411621570587158,1,1
9,3.478548526763916,3.495861768722534,1,1
10,2.990027666091919,3.2283849716186523,1,1
11,3.631288528442383,3.506010055541992,1,1
12,3.2425217628479004,3.350900173187256,1,1
13,3.5581676959991455,3.5506482124328613,1,1
14,3.911860466003418,3.5253729820251465,1,1
15,3.533302068710327,3.3832554817199707,1,1
16,4.0099968910217285,3.3256618976593018,1,1
17,3.3255844116210938,3.1094114780426025,1,1
18,3.125420331954956,2.9007012844085693,1,1
19,3.6678593158721924,3.3878488540649414,1,1
20,3.7412631511688232,3.4269766807556152,1,1
21,3.8699862957000732,3.6360104084014893,1,1
22,3.665114402770996,3.3484034538269043,1,1
23,3.8471014499664307,3.5108461380004883,1,1
24,2.978632926940918,3.0101757049560547,1,1
25,2.9372899532318115,2.808481216430664,1,1
26,3.2772538661956787,3.0867042541503906,1,1
27,3.403881788253784,3.207672357559204,1,1
28,3.589035749435425,3.4177465438842773,1,1
29,3.39397931098938,3.355421304702759,1,1
30,3.3078668117523193,3.12296724319458,1,1
31,3.1965761184692383,3.039287567138672,1,1
32,2.9855306148529053,2.8751018047332764,1,1
33,3.103527307510376,2.9134507179260254,1,1
34,3.478597640991211,3.2426719665527344,1,1
35,3.429847002029419,3.0655407905578613,1,1
36,2.9091296195983887,2.6676042079925537,1,1
37,3.224306344985962,2.7304351329803467,1,1
38,3.2802340984344482,2.559098243713379,1,1
39,3.0626578330993652,2.754093647003174,1,1
40,3.8220932483673096,3.2393288612365723,1,1
41,3.5316827297210693,3.35402774810791,1,1
42,3.725255250930786,3.4940850734710693,1,1
43,3.2607343196868896,3.0123214721679688,1,1
44,3.4158756732940674,3.0631723403930664,1,1
45,2.9978556632995605,2.925851821899414,1,1
46,3.1652419567108154,2.985654354095459,1,1
47,3.364229917526245,3.0272250175476074,1,1
48,3.603353500366211,3.191654920578003,1,1
49,3.104227304458618,2.945728302001953,1,1
50,3.657646417617798,3.2156405448913574,1,1
51,3.543632745742798,3.238056182861328,1,1
52,3.388235092163086,3.078251838684082,0,0
53,3.5061838626861572,3.1760525703430176,1,1
54,2.978947877883911,2.9781911373138428,0,0
55,3.7215890884399414,3.4405946731567383,1,1
56,3.5195722579956055,3.2447056770324707,1,1
57,3.8622324466705322,3.493464469909668,1,1
58,3.4997525215148926,3.1067895889282227,1,1
59,3.417957067489624,3.162909984588623,0,0
60,2.8700454235076904,2.5203094482421875,0,0
61,3.1133882999420166,2.6696271896362305,0,0
62,3.3245463371276855,2.874964714050293,0,0
63,3.158324956893921,2.884064197540283,0,0
64,3.4336490631103516,3.061943531036377,1,1
65,3.0231738090515137,2.7239127159118652,0,0
66,3.152142286300659,2.8284597396850586,0,0
67,3.1028244495391846,3.0448718070983887,0,0
68,3.639766216278076,3.330573320388794,1,1
69,3.65094256401062,3.4039783477783203,1,1
70,3.553539991378784,3.26621150970459,1,1
71,3.599717378616333,3.372602939605713,1,1
72,3.6987457275390625,3.50197172164917,1,1
73,3.977565050125122,3.474168062210083,1,1
74,3.7322120666503906,3.2439277172088623,1,1
75,3.471123695373535,3.2218806743621826,0,0
76,3.5034804344177246,3.1782445907592773,1,1
77,3.667663335800171,3.2529163360595703,1,1
78,3.466932535171509,3.254258871078491,0,0
79,3.857870101928711,3.2454609870910645,1,1
80,3.4110710620880127,3.2104926109313965,0,0
81,3.5695018768310547,3.196805715560913,1,1
82,3.4900221824645996,3.279723644256592,1,1
83,3.707367181777954,3.424832820892334,1,1
84,3.271411895751953,3.0957744121551514,0,0
85,3.575373649597168,3.411654233932495,1,1
86,3.6574907302856445,3.3161754608154297,1,1
87,3.678025245666504,3.2922170162200928,1,1
88,3.8025379180908203,3.4855730533599854,1,1
89,3.372225522994995,3.0445172786712646,0,0
90,3.33408784866333,3.0113420486450195,0,0
91,3.5944602489471436,3.0966873168945312,1,1
92,3.6886699199676514,3.2183144092559814,1,1
93,3.833979606628418,3.115525245666504,1,1
94,4.150543212890625,3.4584343433380127,1,1
95,4.123596668243408,3.5618252754211426,1,1
96,3.5649631023406982,3.052851676940918,1,1
97,3.5255303382873535,3.0764737129211426,1,1
98,3.268181562423706,2.981658935546875,0,0
99,3.540083646774292,3.1307735443115234,1,1
100,3.67818284034729,3.186821222305298,1,1
101,3.6139447689056396,3.3090615272521973,1,1
102,3.7340211868286133,3.3706226348876953,1,1
103,3.5115020275115967,3.1346940994262695,0,0
104,3.40095591545105,3.0301554203033447,0,0
105,3.6916298866271973,3.13804030418396,1,1
106,2.973788261413574,2.8002190589904785,0,0
107,3.1635797023773193,2.9800572395324707,0,0
108,3.5165107250213623,3.207873821258545,1,1
109,3.4938600063323975,3.0990355014801025,0,0
110,3.9541866779327393,3.1752943992614746,1,1
111,3.0577569007873535,2.9437472820281982,0,0
112,2.8092920780181885,2.64160418510437,0,0
113,3.118987798690796,3.0274453163146973,0,0
114,3.0040040016174316,3.0522031784057617,0,0
115,3.384767770767212,3.154221296310425,0,0
116,3.484879493713379,3.1056723594665527,0,0
117,3.649405002593994,3.1622681617736816,1,1
118,3.5560038089752197,3.0977859497070312,1,1
119,3.5562520027160645,3.3047943115234375,1,1
120,3.6554157733917236,3.4206037521362305,1,1
121,3.7231533527374268,3.426497220993042,1,1
122,3.761967182159424,3.532144069671631,1,1
123,4.160368919372559,3.6662089824676514,1,1
124,3.761298179626465,3.4652199745178223,1,1
125,3.580369710922241,3.2901811599731445,1,1
126,3.763636827468872,3.4619996547698975,1,1
127,3.607985496520996,3.422055959701538,1,1
128,3.716974973678589,3.346128463745117,1,1
129,3.6093668937683105,3.20753812789917,1,1
130,3.632652521133423,2.9953935146331787,1,1
131,3.4624269008636475,3.048444986343384,0,0
132,3.3326447010040283,2.9351415634155273,0,0
133,3.243739604949951,3.007101535797119,0,0
134,3.206416368484497,2.9382259845733643,0,0
135,3.489591598510742,3.1458024978637695,0,0
136,3.279651403427124,3.076693296432495,0,0
137,3.4229204654693604,3.087986946105957,0,0
138,3.474499464035034,3.142524003982544,0,0
139,3.4072072505950928,3.23240327835083,0,0
140,3.389829635620117,3.218651056289673,0,0
141,3.5147507190704346,3.217111110687256,1,1
142,3.301558256149292,3.3205533027648926,0,0
143,3.560361385345459,3.278958797454834,1,1
144,3.4191157817840576,3.008653163909912,0,0
145,3.4585280418395996,3.2431445121765137,0,0
146,3.3434884548187256,3.053485155105591,0,0
147,3.4992825984954834,3.075040817260742,0,0
148,3.7151055335998535,3.224491596221924,1,1
149,3.649005174636841,3.3462257385253906,1,1
150,3.3580384254455566,3.2157680988311768,0,0
151,3.48575758934021,3.18269944190979,0,0
152,3.4546499252319336,3.3072826862335205,0,0
153,3.7533648014068604,3.296217679977417,1,1
154,3.2570881843566895,3.030864953994751,0,0
155,3.255119562149048,3.081568717956543,0,0
156,3.707904815673828,3.2393205165863037,1,1
157,4.018692493438721,3.555819034576416,1,1
158,3.7690486907958984,3.505704402923584,1,1
159,3.82877254486084,3.3722341060638428,1,1
160,3.578888416290283,3.048215866088867,1,1
161,3.7028541564941406,3.261341094970703,1,1
162,3.5615484714508057,3.0471863746643066,1,1
163,3.12711763381958,2.9673314094543457,0,0
164,3.2596795558929443,2.860053062438965,0,0
165,3.1406760215759277,3.003094434738159,0,0
166,3.600794553756714,3.0788369178771973,1,1
167,2.785632371902466,2.7699337005615234,0,0
168,3.2263901233673096,2.9965720176696777,0,0
169,3.241006851196289,3.103475570678711,0,0
170,3.038602352142334,2.939314365386963,0,0
171,3.3535077571868896,3.1971192359924316,0,0
172,3.8007516860961914,3.25089693069458,1,1
173,3.7372286319732666,3.2845237255096436,1,1
174,3.274308919906616,2.823249101638794,0,0
175,3.1269145011901855,2.949833393096924,0,0
176,3.0839152336120605,2.818185806274414,0,0
177,2.7162489891052246,2.3060412406921387,0,0
178,3.044031858444214,2.855358362197876,0,0
179,3.5888826847076416,3.1578121185302734,1,1
180,3.454287052154541,3.2689929008483887,0,0
181,3.5872182846069336,3.334895133972168,1,1
182,3.419922351837158,3.1609745025634766,0,0
183,3.701587200164795,3.4770727157592773,1,1
184,3.5243852138519287,3.210498332977295,1,1
185,3.5920493602752686,3.2683942317962646,1,1
186,3.762640953063965,3.3507485389709473,1,1
187,3.638072967529297,3.206357479095459,1,1
188,3.8591957092285156,3.222123861312866,1,1
189,3.4599132537841797,3.0538413524627686,0,0
190,3.3770034313201904,2.949589729309082,0,0
191,3.4292094707489014,3.0752248764038086,0,0
192,3.6903929710388184,3.196500778198242,1,1
193,3.62218976020813,3.1704211235046387,1,1
194,3.1162471771240234,2.995082378387451,0,0
195,3.1401472091674805,3.0677475929260254,0,0
196,3.64998459815979,3.266735315322876,1,1
197,3.4399120807647705,3.2480263710021973,0,0
198,3.548816680908203,3.2867507934570312,1,1
199,3.2955093383789062,3.1089372634887695,0,0
200,3.386627674102783,3.157278537750244,0,0
201,3.5868239402770996,3.3837528228759766,1,1
202,3.528874397277832,3.3534650802612305,1,1
203,3.6317062377929688,3.197014331817627,1,1
204,3.6457955837249756,3.1515841484069824,1,1
205,3.5451111793518066,3.249746322631836,1,1
206,3.32033371925354,2.86722993850708,0,0
207,3.2856526374816895,3.041170597076416,0,0
208,3.3473663330078125,3.026592493057251,0,0
209,3.485363006591797,3.2120611667633057,0,0
210,3.2558434009552,2.9765989780426025,0,0
211,3.418571710586548,3.0572590827941895,0,0
212,3.5167295932769775,2.985781669616699,1,1
213,4.077861309051514,3.291320562362671,1,1
214,3.728041648864746,3.129574775695801,1,1
215,3.9994688034057617,3.369189500808716,1,1
216,3.62642240524292,3.1933650970458984,1,1
217,3.796539306640625,3.308478832244873,1,1
218,3.655130624771118,3.190805435180664,1,1
219,3.4155848026275635,2.937861442565918,0,0
220,3.0410242080688477,2.7680325508117676,0,0
221,3.151886224746704,2.857482433319092,0,0
222,3.0764970779418945,2.850935935974121,0,0
223,2.7541239261627197,2.6371889114379883,0,0
224,2.8667941093444824,2.6450886726379395,0,0
225,3.0455665588378906,2.948948383331299,0,0
226,2.7764928340911865,2.8159618377685547,0,0
227,2.8563058376312256,2.7811577320098877,0,0
228,2.876157283782959,2.8623762130737305,0,0
229,3.4226818084716797,3.0845985412597656,0,0
230,3.1511013507843018,3.008028030395508,0,0
231,3.1834402084350586,2.987924337387085,0,0
232,3.181736946105957,2.943207263946533,0,0
233,3.4807498455047607,3.142653465270996,0,0
234,2.8217179775238037,2.7794854640960693,0,0
235,3.204606056213379,3.0247726440429688,0,0
236,3.1653943061828613,2.9936532974243164,0,0
237,3.349076986312866,2.887969493865967,0,0
238,3.4514710903167725,3.1881725788116455,0,0
239,3.1575443744659424,3.0090413093566895,0,0
240,2.964280843734741,2.828087091445923,0,0
241,3.551373243331909,3.2385215759277344,1,1
242,3.050349712371826,2.8367278575897217,0,0
243,3.7752277851104736,3.4353060722351074,1,1
244,3.0421855449676514,3.0009756088256836,0,0
245,3.165271282196045,2.9866299629211426,0,0
246,3.553224563598633,3.378624439239502,1,1
247,3.588801383972168,3.2408595085144043,1,1
248,3.358393430709839,3.013017177581787,0,0
249,3.39521861076355,3.1980504989624023,0,0
250,3.620011806488037,3.3933043479919434,1,1
251,3.4151225090026855,3.2468340396881104,0,0
252,3.7879908084869385,3.4109253883361816,1,1
253,3.394315004348755,3.058635711669922,0,0
254,3.5470221042633057,3.336570978164673,1,1
255,3.6271491050720215,2.975133180618286,1,1
256,4.001904010772705,3.1720917224884033,1,1
257,3.5353472232818604,3.026667594909668,1,1
258,3.505276918411255,3.126758575439453,1,1
259,3.6110196113586426,3.123135805130005,1,1
260,3.6525824069976807,2.9964852333068848,1,1
261,3.7271201610565186,3.164724826812744,1,1
262,3.5504472255706787,3.066776990890503,1,1
263,3.8110885620117188,3.2637293338775635,1,1
264,3.629960775375366,2.9951648712158203,1,1
265,3.1064484119415283,2.8241686820983887,0,0
266,3.5156118869781494,3.129826068878174,1,1
267,3.1214418411254883,2.83292818069458,0,0
268,2.8954341411590576,2.54949951171875,0,0
269,3.2025108337402344,3.0054073333740234,0,0
270,3.135565757751465,2.9541568756103516,0,0
271,3.475729465484619,3.027275800704956,0,0
272,3.765780448913574,3.30269718170166,1,1
273,3.615065813064575,3.2881593704223633,1,1
274,3.6587822437286377,3.269285202026367,1,1
275,3.441540241241455,3.2738237380981445,0,0
276,3.1038658618927,3.10078763961792,0,0
277,3.5851547718048096,3.0649096965789795,1,1
278,3.5574958324432373,3.1200482845306396,1,1
279,3.214393377304077,3.0299429893493652,0,0
280,3.7611255645751953,3.173474073410034,1,1
281,3.22426438331604,3.138819456100464,0,0
282,3.4969871044158936,3.2608437538146973,1,1
283,3.1097774505615234,2.828080177307129,0,0
284,3.4524412155151367,3.1436867713928223,0,0
285,3.588923692703247,3.3504366874694824,1,1
286,3.357961416244507,3.051469326019287,0,0
287,3.626648187637329,3.2213263511657715,1,1
288,3.559628486633301,3.333505153656006,1,1
289,3.625098466873169,3.2878217697143555,1,1
290,3.554852247238159,3.4070115089416504,1,1
291,3.4402172565460205,3.0866572856903076,0,0
292,3.6732213497161865,3.317262649536133,1,1
293,3.4360263347625732,3.1140336990356445,0,0
294,3.6975603103637695,3.123509407043457,1,1
295,3.5841548442840576,3.064842462539673,1,1
296,3.3991737365722656,3.064218521118164,0,0
297,2.91274094581604,2.801872491836548,0,0
298,3.231703042984009,2.8462471961975098,0,0
299,2.914116382598877,2.8448028564453125,0,0
300,3.2014896869659424,2.8409736156463623,0,0
301,3.4915573596954346,3.104779005050659,1,1
302,3.2770917415618896,2.9597830772399902,0,0
303,3.792587995529175,3.294844627380371,1,1
304,3.5918667316436768,3.114356756210327,1,1
305,3.805818796157837,3.3876540660858154,1,1
306,2.6097137928009033,2.5251760482788086,0,0
307,3.505016803741455,3.015197277069092,1,1
308,3.476675033569336,3.090010643005371,0,0
309,3.64920711517334,3.1410841941833496,1,1
310,3.5749096870422363,3.049337863922119,1,1
311,3.405459403991699,3.0506153106689453,0,0
312,3.5170493125915527,3.0631227493286133,1,1
313,3.4041309356689453,2.9159011840820312,0,0
314,3.039041042327881,2.711916208267212,0,0
315,3.4773871898651123,3.0292439460754395,0,0
316,3.8856749534606934,3.298224449157715,1,1
317,3.1212778091430664,2.7720870971679688,0,0
318,2.666548252105713,2.431652784347534,0,0
319,3.2264227867126465,2.934943199157715,0,0
320,3.4730417728424072,3.068206548690796,0,0
321,3.200610876083374,3.002363920211792,0,0
322,3.1295526027679443,2.8560540676116943,0,0
323,3.177938938140869,2.843198299407959,0,0
324,3.2984564304351807,3.0122487545013428,0,0
325,3.243443250656128,2.920114040374756,0,0
326,3.808610200881958,3.0186169147491455,1,1
327,3.4702751636505127,3.1073296070098877,1,1
328,3.425527811050415,3.0089492797851562,0,0
329,3.8669893741607666,3.479952096939087,1,1
330,3.546876907348633,3.1903042793273926,1,1
331,3.7965502738952637,3.142411231994629,1,1
332,3.632607936859131,3.1632468700408936,1,1
333,3.434746503829956,3.02243971824646,0,0
334,3.2794082164764404,2.8590002059936523,0,0
335,3.3879470825195312,3.134704351425171,0,0
336,3.5595762729644775,3.1191680431365967,1,1
337,3.414337158203125,3.0381693840026855,0,0
338,3.4428412914276123,2.9207706451416016,0,0
339,3.029890537261963,2.690882921218872,0,0
340,3.2434990406036377,2.896362543106079,0,0
341,2.987344741821289,2.6526126861572266,0,0
342,3.025681972503662,2.734079599380493,0,0
343,3.300889492034912,2.8936190605163574,0,0
344,3.5898759365081787,2.930413007736206,1,1
345,3.0493438243865967,2.774156093597412,0,0
346,3.7283437252044678,3.241885185241699,1,1
347,3.5361831188201904,3.0706186294555664,1,1
348,3.7056355476379395,3.197350025177002,1,1
349,3.7331864833831787,3.1815309524536133,1,1
350,3.5855045318603516,3.054204225540161,1,1
351,3.574320077896118,2.9500648975372314,1,1
352,4.011630535125732,3.283994436264038,1,1
353,3.7669894695281982,3.1609063148498535,1,1
354,3.5844271183013916,2.8448197841644287,1,1
355,3.217536449432373,2.777583122253418,0,0
356,3.7822980880737305,3.0811009407043457,1,1
357,3.7308740615844727,3.3319034576416016,1,1
358,3.6746838092803955,3.1824636459350586,1,1
359,3.497610569000244,3.198378324508667,1,1
360,4.074464797973633,3.4154748916625977,1,1
361,4.292093753814697,3.470174789428711,1,1
362,3.487091302871704,3.0646800994873047,1,1
363,3.627434253692627,3.3297061920166016,1,1
364,3.547180414199829,3.3658721446990967,1,1
365,3.4731953144073486,3.1428375244140625,1,1
366,3.328374147415161,3.1327199935913086,0,0
367,3.5187721252441406,3.3643383979797363,1,1
368,3.4521725177764893,3.400430202484131,0,0
369,3.5931124687194824,3.2950658798217773,1,1
370,3.4232702255249023,3.310070276260376,0,0
371,3.0969033241271973,3.0456056594848633,0,0
372,2.7090682983398438,2.657944440841675,0,0
373,3.234787702560425,3.0153427124023438,0,0
374,2.5725626945495605,2.6087334156036377,0,0
375,3.6118037700653076,3.1760458946228027,1,1
376,3.8401529788970947,3.3749985694885254,1,1
377,4.168936729431152,3.436845302581787,1,1
378,3.0849556922912598,2.8465352058410645,0,0
379,3.4169788360595703,3.1877477169036865,0,0
380,3.2656219005584717,2.9884448051452637,0,0
381,3.4865081310272217,3.1180732250213623,1,1
382,3.337068557739258,3.009688377380371,0,0
383,3.0653340816497803,2.882611036300659,0,0
384,3.15810227394104,2.890981912612915,0,0
385,3.1962945461273193,3.1982622146606445,0,0
386,3.503473997116089,3.072938919067383,1,1
387,3.690464735031128,3.237929582595825,1,1
388,3.2903928756713867,2.8512721061706543,0,0
389,3.2292287349700928,2.688870668411255,0,0
390,3.148470878601074,2.5984392166137695,0,0
391,3.584925651550293,3.115135431289673,1,1
392,4.7424116134643555,3.3324294090270996,1,1
393,5.4534220695495605,3.3793559074401855,1,1
394,2.8959968090057373,2.613828420639038,0,0
395,3.5224618911743164,2.9539570808410645,1,1
396,3.5048446655273438,2.9118423461914062,1,1
397,3.519150733947754,2.7453861236572266,1,1
398,3.391347646713257,2.8189339637756348,0,0
399,3.105217218399048,2.9105100631713867,0,0
400,3.567706346511841,3.132807970046997,1,1
401,3.7421205043792725,3.203756809234619,1,1
402,3.5732789039611816,3.165381908416748,1,1
403,3.427858591079712,3.189870834350586,0,0
404,3.4634203910827637,3.2255077362060547,0,0
405,3.820915460586548,3.4960880279541016,1,1
406,3.5940639972686768,3.2715249061584473,1,1
407,3.568385124206543,3.1751744747161865,1,1
408,3.516632556915283,3.1816964149475098,1,1
409,3.4362478256225586,3.107862949371338,0,0
410,3.442950487136841,3.0922844409942627,0,0
411,3.3574116230010986,3.0401461124420166,0,0
412,3.072965383529663,2.9956066608428955,0,0
413,3.271171808242798,2.9890551567077637,0,0
414,3.573462724685669,3.1445400714874268,1,1
415,3.644915819168091,3.0813727378845215,1,1
416,3.170830488204956,2.988687038421631,0,0
417,3.317765474319458,3.1039533615112305,0,0
418,3.226738691329956,2.880553722381592,0,0
419,3.595618486404419,3.2321531772613525,1,1
420,3.5092077255249023,3.1032750606536865,1,1
421,3.092130422592163,2.936948776245117,0,0
422,3.2278969287872314,2.956906795501709,0,0
423,3.444011926651001,3.0581071376800537,0,0
424,3.6306703090667725,3.1237311363220215,1,1
425,3.432419538497925,3.1540191173553467,0,0
426,3.6671738624572754,3.199418544769287,1,1
427,3.543954849243164,3.0681519508361816,1,1
428,3.5794451236724854,3.194697141647339,1,1
429,3.939784288406372,3.431987762451172,1,1
430,3.8931021690368652,3.2662062644958496,1,1
431,3.7703957557678223,3.1258537769317627,1,1
432,3.8394880294799805,3.213941812515259,1,1
433,3.3963630199432373,2.933901309967041,0,0
434,3.9057552814483643,3.261356830596924,1,1
435,3.3542068004608154,2.877378463745117,0,0
436,3.5149359703063965,3.2647695541381836,1,1
437,3.2962725162506104,2.9081969261169434,0,0
438,3.078897476196289,2.78554630279541,0,0
439,3.386443853378296,2.8386707305908203,0,0
440,3.2778396606445312,2.854635238647461,0,0
441,3.247459650039673,2.9773170948028564,0,0
442,3.434652090072632,3.115410804748535,0,0
443,3.238070011138916,3.1113200187683105,0,0
444,2.7463135719299316,2.8401145935058594,0,0
445,2.8150455951690674,2.7616469860076904,0,0
446,3.234988212585449,3.1666038036346436,0,0
447,3.878711223602295,3.2525482177734375,1,1
448,3.4281983375549316,3.133328914642334,0,0
449,3.7966127395629883,3.411010265350342,1,1
450,4.118241786956787,3.578676700592041,1,1
451,3.641934871673584,3.418022871017456,1,1
452,3.377260684967041,3.0413427352905273,0,0
453,3.34641170501709,2.9192545413970947,0,0
454,3.231966257095337,2.7575762271881104,0,0
455,3.3816657066345215,2.90708065032959,0,0
456,3.1313560009002686,2.910149097442627,0,0
457,3.0484015941619873,2.821092367172241,0,0
458,2.9278411865234375,2.7360105514526367,0,0
459,2.8690176010131836,2.6410059928894043,0,0
460,3.077101230621338,2.676151752471924,0,0
461,3.1506083011627197,2.825950860977173,0,0
462,3.1108860969543457,2.9738521575927734,0,0
463,3.0891098976135254,2.977532386779785,0,0
464,3.302294969558716,2.9772911071777344,0,0
465,3.2960150241851807,3.052791118621826,0,0
466,3.4617903232574463,3.0877392292022705,1,1
467,3.3670732975006104,3.1346991062164307,0,0
468,3.260331153869629,3.140895366668701,0,0
469,3.2969436645507812,3.112889289855957,0,0
470,2.911100387573242,2.7510058879852295,0,0
471,3.060929536819458,3.1386570930480957,0,0
472,3.0702896118164062,3.0933449268341064,0,0
473,3.0283985137939453,2.918426752090454,0,0
474,3.2385332584381104,3.2111494541168213,0,0
475,3.0061018466949463,2.782106399536133,0,0
476,2.821343421936035,2.796651840209961,0,0
477,3.098419189453125,2.8430073261260986,0,0
478,2.957465171813965,2.867246150970459,0,0
479,3.0795843601226807,2.951992988586426,0,0
480,2.844733476638794,2.7306861877441406,0,0
481,3.7031807899475098,3.2196249961853027,1,1
482,4.171730995178223,3.3186771869659424,1,1
483,3.367076873779297,3.009608745574951,0,0
484,3.9604077339172363,3.3831191062927246,1,1
485,3.637101173400879,3.1828773021698,1,1
486,3.8649537563323975,3.331484317779541,1,1
487,3.6288464069366455,3.253727436065674,1,1
488,3.7053635120391846,3.355841875076294,1,1
489,3.7095305919647217,3.0897154808044434,1,1
490,4.013460636138916,3.448455810546875,1,1
491,3.640685796737671,3.2879202365875244,1,1
492,3.846540689468384,3.367094039916992,1,1
493,3.6936392784118652,3.3314573764801025,1,1
494,3.4275264739990234,3.1826767921447754,0,0
495,3.2611851692199707,2.8866634368896484,0,0
496,3.643059253692627,3.1297922134399414,1,1
497,3.8007800579071045,3.3116061687469482,1,1
498,3.6046602725982666,3.3249168395996094,1,1
499,3.3354036808013916,3.2244277000427246,0,0
500,3.7460880279541016,3.470592975616455,1,1
501,3.7584972381591797,3.263859748840332,1,1
502,3.506618022918701,3.313581943511963,1,1
503,3.663337230682373,3.1312057971954346,1,1
504,3.379307746887207,3.021641969680786,0,0
505,3.3318960666656494,3.12176251411438,0,0
506,3.5834295749664307,3.1779580116271973,1,1
507,3.5272324085235596,3.0075597763061523,1,1
508,3.3563451766967773,2.9611105918884277,0,0
509,3.6873230934143066,3.3184280395507812,1,1
510,3.420509099960327,2.8656229972839355,0,0
511,4.066040992736816,3.4688706398010254,1,1
512,3.7495956420898438,3.3738298416137695,1,1
513,3.3639626502990723,3.222534656524658,0,0
514,3.6304337978363037,3.242426633834839,1,1
515,3.4238574504852295,3.0463204383850098,0,0
516,3.843884229660034,3.3447914123535156,1,1
517,3.880521059036255,3.2659318447113037,1,1
518,3.3696465492248535,3.1803126335144043,0,0
519,3.021282196044922,2.803861379623413,0,0
520,2.778789758682251,2.428887367248535,0,0
521,2.938452959060669,2.711665153503418,0,0
522,3.3098695278167725,2.94997239112854,0,0
523,3.3266260623931885,2.8991026878356934,0,0
524,2.951239585876465,2.6686151027679443,0,0
525,3.160405158996582,2.777348041534424,0,0
526,3.0660693645477295,2.568485736846924,0,0
527,2.782069444656372,2.496756076812744,0,0
528,3.2691125869750977,2.8828368186950684,0,0
529,3.0865116119384766,2.7675628662109375,0,0
530,3.556464910507202,3.1105294227600098,1,1
531,4.082453727722168,3.604590892791748,1,1
532,2.9062511920928955,2.6006839275360107,0,0
533,3.3868095874786377,3.1218228340148926,0,0
534,3.1760597229003906,2.6075620651245117,0,0
535,3.446598768234253,3.1230902671813965,1,1
536,3.602813959121704,3.161543369293213,1,1
537,3.815673351287842,3.1736221313476562,1,1
538,3.7780749797821045,3.059335231781006,1,1
539,3.0409789085388184,2.970041513442993,0,0
540,3.3737831115722656,2.9555511474609375,0,0
541,3.2088067531585693,3.0455727577209473,0,0
542,3.4348511695861816,3.2310218811035156,1,1
543,3.3794641494750977,3.1096742153167725,0,0
544,3.0021510124206543,2.7575416564941406,0,0
545,3.423466205596924,3.0987257957458496,0,0
546,2.3023059368133545,2.1446774005889893,0,0
547,2.2880783081054688,1.9769974946975708,0,0
548,3.1078803539276123,2.71244478225708,0,0
549,3.6558282375335693,3.206315279006958,1,1
550,3.4217019081115723,2.939213752746582,0,0
551,3.500645399093628,3.1027793884277344,1,1
552,3.4104666709899902,3.033342123031616,0,0
553,3.375265121459961,3.058445453643799,0,0
554,3.4032669067382812,3.2367682456970215,0,0
555,2.8289072513580322,2.612459659576416,0,0
556,3.0518605709075928,2.7091450691223145,0,0
557,2.9979922771453857,2.762125015258789,0,0
558,3.420943021774292,3.197864532470703,1,1
559,3.4986836910247803,2.963416576385498,1,1
560,3.582753896713257,3.173125743865967,1,1
561,3.2252120971679688,2.9142017364501953,0,0
562,3.3205182552337646,3.0605525970458984,0,0
563,3.445470094680786,3.0016062259674072,1,1
564,3.4311790466308594,2.8905844688415527,1,1
565,2.7791969776153564,2.3968958854675293,0,0
566,3.361581325531006,2.8977484703063965,0,0
567,3.5169122219085693,3.0573577880859375,1,1
568,3.386428117752075,2.84706449508667,0,0
569,3.8448805809020996,3.216315269470215,1,1
570,3.5304067134857178,3.0745131969451904,1,1
571,3.16147518157959,2.8247134685516357,0,0
572,2.9284963607788086,2.5132429599761963,0,0
573,3.753554105758667,3.046210527420044,1,1
574,3.1895101070404053,2.817483425140381,0,0
575,2.7166967391967773,2.6084532737731934,0,0
576,2.8496317863464355,2.547872543334961,0,0
577,3.216675043106079,2.7876462936401367,0,0
578,3.4797866344451904,2.9277892112731934,1,1
579,3.7821273803710938,3.2020578384399414,1,1
580,3.406247615814209,2.9993956089019775,1,1
581,3.8095808029174805,3.0513553619384766,1,1
582,3.347886562347412,2.8692216873168945,0,0
583,3.5416412353515625,2.965519428253174,1,1
584,3.536292314529419,3.110586404800415,1,1
585,3.106152057647705,2.721036911010742,0,0
586,3.4598891735076904,3.043355703353882,1,1
587,3.3487963676452637,3.0029752254486084,0,0
588,3.49629545211792,3.041806697845459,1,1
589,3.472630023956299,2.9954473972320557,1,1
590,3.2674286365509033,3.00563383102417,0,0
591,2.964961051940918,2.966613531112671,0,0
592,3.2820377349853516,2.99222469329834,0,0
593,3.186889886856079,3.131732940673828,0,0
594,3.0953891277313232,2.6145708560943604,0,0
595,3.466243267059326,2.9392592906951904,1,1
596,3.2187137603759766,2.7959165573120117,0,0
597,3.147646188735962,2.731534004211426,0,0
598,3.3951797485351562,2.805940866470337,1,1
599,3.5118582248687744,2.859614372253418,1,1
600,3.194784641265869,2.9344606399536133,0,0
601,3.4571533203125,2.881096363067627,1,1
602,3.4608893394470215,2.936267852783203,1,1
603,3.4413206577301025,3.246619701385498,1,1
604,3.2862422466278076,2.9612555503845215,0,0
605,3.2725398540496826,3.0947470664978027,0,0
606,3.477668523788452,3.166633129119873,1,1
607,3.4531517028808594,3.087026596069336,1,1
608,3.069253921508789,2.851318597793579,0,0
609,3.652653455734253,3.149202823638916,1,1
610,3.612684965133667,3.1246886253356934,1,1
611,3.4745290279388428,3.016460657119751,1,1
612,3.8707714080810547,3.1637725830078125,1,1
613,3.557234048843384,3.065387487411499,1,1
614,3.553762674331665,3.0297279357910156,1,1
615,3.312962770462036,2.9421238899230957,0,0
616,3.4868218898773193,3.299467086791992,1,1
617,3.2173352241516113,2.9810218811035156,0,0
618,3.548344612121582,3.1107640266418457,1,1
619,3.4922361373901367,3.127927541732788,1,1
620,3.17067551612854,2.820618152618408,0,0
621,3.3483433723449707,2.9320943355560303,0,0
622,3.6611640453338623,3.029918909072876,1,1
623,3.6164259910583496,3.1684088706970215,1,1
624,3.349203109741211,3.0076255798339844,0,0
625,3.5500736236572266,3.199033260345459,1,1
626,3.424164056777954,3.2660789489746094,1,1
627,3.678762912750244,3.2972471714019775,1,1
628,3.5610339641571045,3.397345781326294,1,1
629,4.077657222747803,3.4124112129211426,1,1
630,3.285836696624756,2.918260097503662,0,0
631,3.204220771789551,2.9918861389160156,0,0
632,3.4379279613494873,3.1709134578704834,1,1
633,3.494061231613159,3.104907274246216,1,1
634,3.7800419330596924,3.3735711574554443,1,1
635,3.4700958728790283,3.313722610473633,1,1
636,3.380021095275879,3.0985026359558105,0,0
637,3.500448703765869,3.0606913566589355,1,1
638,3.060018539428711,2.8438363075256348,0,0
639,3.693408727645874,3.1391372680664062,1,1
640,3.523670196533203,3.2626137733459473,1,1
641,3.501965045928955,3.1831588745117188,1,1
642,3.513669013977051,3.134803295135498,1,1
643,2.9352807998657227,2.720903158187866,0,0
644,2.9495809078216553,2.6922645568847656,0,0
645,2.9333689212799072,2.7391929626464844,0,0
646,3.0275542736053467,2.9368274211883545,0,0
647,3.584502696990967,3.212724447250366,1,1
648,3.386348247528076,3.1189160346984863,0,0
649,4.091352939605713,3.369690418243408,1,1
650,3.4953277111053467,3.061354398727417,1,1
651,3.551772117614746,3.2732625007629395,1,1
652,3.621330976486206,3.0844202041625977,1,1
653,3.372403621673584,3.165342330932617,0,0
654,3.6290879249572754,3.180079221725464,1,1
655,3.3584349155426025,3.0611588954925537,0,0
656,3.1384201049804688,2.9942989349365234,0,0
657,3.304816484451294,2.901519298553467,0,0
658,3.5924742221832275,3.191002368927002,1,1
659,4.012070655822754,3.445162773132324,1,1
660,4.039056301116943,3.4744205474853516,1,1
661,3.822803258895874,3.2241578102111816,1,1
662,4.317448139190674,3.5120503902435303,1,1
663,4.141360282897949,3.34709095954895,1,1
664,3.583921194076538,3.034803628921509,1,1
665,3.315507173538208,2.9282636642456055,0,0
666,3.7739031314849854,3.1573121547698975,1,1
667,3.571828842163086,2.8976683616638184,1,1
668,4.255210876464844,3.490410327911377,1,1
669,3.9153759479522705,3.239957809448242,1,1
670,3.6719202995300293,3.405067205429077,1,1
671,3.9041383266448975,3.4344632625579834,1,1
672,3.683422327041626,3.2863330841064453,1,1
673,4.001359462738037,3.616860866546631,1,1
674,3.685819625854492,3.3202450275421143,1,1
675,3.608412981033325,3.2910268306732178,1,1
676,3.473590850830078,3.2392234802246094,1,1
677,3.6616697311401367,3.1799440383911133,1,1
678,3.822525978088379,3.364288806915283,1,1
679,3.909569025039673,3.540778636932373,1,1
680,3.9700400829315186,3.248939037322998,1,1
681,3.9584906101226807,3.2990002632141113,1,1
682,3.7330496311187744,3.3968605995178223,1,1
683,3.6985557079315186,3.374453067779541,1,1
684,3.9340927600860596,3.3928585052490234,1,1
685,3.706164598464966,3.4396674633026123,1,1
686,3.3913991451263428,3.2260735034942627,0,0
687,2.9564461708068848,3.0591483116149902,0,0
688,3.927736282348633,3.3472282886505127,1,1
689,3.0754292011260986,3.040743350982666,0,0
690,3.5880753993988037,3.3932387828826904,1,1
691,2.958047866821289,2.796865940093994,0,0
692,3.257204055786133,3.2099499702453613,0,0
693,3.3712809085845947,3.2088286876678467,0,0
694,3.4373974800109863,3.3010363578796387,0,0
695,3.713329792022705,3.2988452911376953,1,1
696,3.5295021533966064,3.3046984672546387,1,1
697,3.0645382404327393,3.1222119331359863,0,0
698,3.3814148902893066,2.9308648109436035,0,0
699,2.6608774662017822,2.7451882362365723,0,0
700,3.6485354900360107,3.388404369354248,1,1
701,2.9009206295013428,2.79060697555542,0,0
702,3.4442198276519775,3.050163745880127,1,1
703,3.4915225505828857,2.9981894493103027,1,1
704,3.3060925006866455,3.005638837814331,0,0
705,3.3525078296661377,3.173036575317383,0,0
706,3.3319849967956543,2.8872311115264893,0,0
707,3.643385410308838,3.2143187522888184,1,1
708,3.2963595390319824,3.0191426277160645,0,0
709,2.6332857608795166,2.3961915969848633,0,0
710,2.5358939170837402,2.2825331687927246,0,0
711,2.8956456184387207,2.3731229305267334,0,0
712,3.132934808731079,2.614577531814575,0,0
713,3.249281644821167,2.9543709754943848,0,0
714,3.5128965377807617,3.2714929580688477,1,1
715,3.891019344329834,3.477738857269287,1,1
716,0.9152191877365112,1.0062413215637207,0,0
717,2.604998826980591,2.379146099090576,0,0
718,3.147981882095337,3.1072685718536377,0,0
719,3.1960842609405518,3.2022571563720703,0,0
720,3.211059093475342,3.1314711570739746,0,0
721,3.3618528842926025,3.1098339557647705,0,0
722,3.287731647491455,3.012111186981201,0,0
723,3.467594623565674,3.387935161590576,1,1
724,3.980942726135254,3.5442981719970703,1,1
725,3.556617498397827,3.313683271408081,1,1
726,3.8480303287506104,3.362360954284668,1,1
727,3.5507726669311523,3.3476033210754395,1,1
728,3.5411019325256348,3.3291850090026855,1,1
729,3.4812567234039307,3.136979579925537,1,1
730,3.3895647525787354,3.0794756412506104,0,0
731,3.618439197540283,3.340851306915283,1,1
732,3.5885488986968994,3.3354501724243164,1,1
733,3.9360997676849365,3.4539780616760254,1,1
734,3.444852590560913,3.204284429550171,0,0
735,3.367526054382324,3.0488858222961426,0,0
736,3.6954455375671387,3.346867561340332,1,1
737,3.70774507522583,3.2276763916015625,1,1
738,3.7537198066711426,3.197462797164917,1,1
739,3.4141085147857666,3.0102481842041016,0,0
740,3.7626585960388184,3.0868921279907227,1,1
741,3.81461763381958,3.0812931060791016,1,1
742,3.5563790798187256,3.0907201766967773,1,1
743,3.765258550643921,3.2986536026000977,1,1
744,3.644366979598999,3.3093199729919434,1,1
745,3.751471519470215,3.339731454849243,1,1
746,3.543668746948242,3.1596429347991943,1,1
747,3.480663537979126,3.1023454666137695,1,1
748,3.329303503036499,2.9697391986846924,0,0
749,3.2380995750427246,3.0171360969543457,0,0
750,3.5508389472961426,3.1629161834716797,1,1
751,3.605426073074341,3.2231507301330566,1,1
752,3.415606737136841,3.032491683959961,0,0
753,3.4959962368011475,3.0333759784698486,1,1
754,2.885647773742676,2.6459338665008545,0,0
755,3.76703143119812,3.5450072288513184,1,1
756,3.6359424591064453,3.2782411575317383,1,1
757,3.3388938903808594,3.0584421157836914,0,0
758,3.8591532707214355,3.2775349617004395,1,1
759,3.630509614944458,3.1952133178710938,1,1
760,4.07676887512207,3.5719194412231445,1,1
761,3.5402567386627197,3.3326478004455566,1,1
762,3.580842971801758,3.1110761165618896,1,1
763,3.8637869358062744,3.175546169281006,1,1
764,4.166136264801025,3.447831153869629,1,1
765,3.7202770709991455,3.2195253372192383,1,1
766,3.8809173107147217,3.251837730407715,1,1
767,3.483213186264038,3.002748966217041,0,0
768,3.621824264526367,2.9812417030334473,1,1
769,3.5909781455993652,3.0200369358062744,1,1
770,3.509730815887451,3.2579283714294434,1,1
771,3.8880529403686523,3.3674798011779785,1,1
772,3.3016574382781982,3.078615427017212,0,0
773,3.211463451385498,3.083542585372925,0,0
774,3.5271847248077393,3.1731204986572266,1,1
775,3.804582357406616,3.223477602005005,1,1
776,3.4605135917663574,3.140256881713867,0,0
777,2.7924413681030273,2.6173784732818604,0,0
778,3.0721845626831055,2.7619223594665527,0,0
779,3.373110055923462,3.0566329956054688,0,0
780,3.412177801132202,3.211200714111328,0,0
781,3.9026479721069336,3.47151517868042,1,1
782,3.6353633403778076,3.3815810680389404,1,1
783,3.158860206604004,3.1837174892425537,0,0
784,3.3172056674957275,3.001023292541504,0,0
785,2.9252829551696777,2.745048999786377,0,0
786,3.120728015899658,2.7402262687683105,0,0
787,2.709813117980957,2.5732057094573975,0,0
788,3.628183364868164,3.256009340286255,1,1
789,3.5658881664276123,3.1741673946380615,1,1
790,2.9077706336975098,2.6742334365844727,0,0
791,3.6757614612579346,3.154897928237915,1,1
792,3.5571632385253906,3.0124034881591797,1,1
793,3.265286684036255,2.977388381958008,0,0
794,3.579237461090088,3.1648480892181396,1,1
795,3.501101016998291,3.3217735290527344,0,0
796,3.7757043838500977,3.333801031112671,1,1
797,3.296687126159668,3.212313652038574,0,0
798,3.552994728088379,3.1558592319488525,1,1
799,3.6238250732421875,3.2667295932769775,1,1
800,3.647905111312866,3.2561891078948975,1,1
801,3.8165605068206787,3.552741527557373,1,1
802,3.878499746322632,3.291031837463379,1,1
803,3.677151918411255,3.1393091678619385,1,1
804,3.662261962890625,3.122152328491211,1,1
805,3.3729820251464844,2.963237762451172,0,0
806,3.6053524017333984,3.210066556930542,1,1
807,3.9063711166381836,3.359858989715576,1,1
808,3.612291097640991,3.2933669090270996,1,1
809,3.378244400024414,3.0312418937683105,0,0
810,3.2252938747406006,2.8875863552093506,0,0
811,3.5514111518859863,3.080700635910034,1,1
812,3.113915205001831,2.8497469425201416,0,0
813,4.081374168395996,2.901097297668457,1,1
814,3.526174306869507,3.016685724258423,0,0
815,3.4773645401000977,3.1148037910461426,0,0
816,3.305265188217163,3.1555416584014893,0,0
817,3.4799110889434814,3.1011953353881836,0,0
818,3.746793031692505,3.297606945037842,1,1
819,3.382847309112549,3.1518893241882324,0,0
820,3.7235536575317383,3.2967586517333984,1,1
821,3.4053261280059814,3.1500728130340576,0,0
822,3.4842348098754883,3.1313982009887695,0,0
823,3.656869888305664,3.3416032791137695,1,1
824,3.5587921142578125,3.305868625640869,1,1
825,4.2656450271606445,3.654320001602173,1,1
826,3.6681277751922607,3.3186450004577637,1,1
827,3.695066452026367,3.360352039337158,1,1
828,3.524500608444214,3.3995018005371094,0,0
829,3.634645700454712,3.486551523208618,1,1
830,3.779374599456787,3.3851640224456787,1,1
831,3.7586915493011475,3.425316333770752,1,1
832,3.791774034500122,3.539389133453369,1,1
833,4.025415897369385,3.6379032135009766,1,1
834,4.141746997833252,3.56943678855896,1,1
835,3.71760630607605,3.2776331901550293,1,1
836,3.6688404083251953,3.473602056503296,1,1
837,3.5283141136169434,3.226044178009033,0,0
838,4.064391613006592,3.388356924057007,1,1
839,3.4441092014312744,2.992149829864502,0,0
840,3.6371076107025146,3.1415371894836426,1,1
841,3.746238946914673,3.1056294441223145,1,1
842,2.989290475845337,2.6638941764831543,0,0
843,3.294044256210327,3.0400586128234863,0,0
844,3.7042031288146973,3.118500232696533,1,1
845,3.303119659423828,3.0238938331604004,0,0
846,3.407980442047119,2.984273910522461,0,0
847,3.3696181774139404,2.9761626720428467,0,0
848,2.5853030681610107,2.2643537521362305,0,0
849,3.201941967010498,2.8215396404266357,0,0
850,3.1220591068267822,2.8562164306640625,0,0
851,3.4673497676849365,3.1035616397857666,0,0
852,3.7163846492767334,3.1453981399536133,1,1
853,3.58245587348938,3.2057583332061768,1,1
854,3.7636191844940186,3.2416515350341797,1,1
855,3.139190673828125,3.033773899078369,0,0
856,3.1942825317382812,2.9929990768432617,0,0
857,3.846435308456421,3.4599905014038086,1,1
858,3.3311822414398193,3.0963120460510254,0,0
859,2.8125593662261963,2.5178654193878174,0,0
860,3.494107484817505,3.2016820907592773,0,0
861,3.9163784980773926,3.270758628845215,1,1
862,3.860316514968872,3.1900923252105713,1,1
863,3.5994887351989746,3.1665263175964355,1,1
864,3.53299880027771,3.081834316253662,0,0
865,3.7227671146392822,3.2113537788391113,1,1
866,3.4618873596191406,3.153146266937256,0,0
867,3.565368890762329,3.162076950073242,1,1
868,3.329072952270508,2.9455037117004395,0,0
869,3.6291613578796387,3.2962024211883545,1,1
870,3.795009136199951,3.383662700653076,1,1
871,3.5914974212646484,3.2336888313293457,1,1
872,3.9738850593566895,3.4730987548828125,1,1
873,3.3187172412872314,3.2853522300720215,0,0
874,3.2980146408081055,2.9160685539245605,0,0
875,3.7734644412994385,2.9194583892822266,1,1
876,3.3929686546325684,2.837554931640625,0,0
877,3.0364067554473877,2.6971187591552734,0,0
878,3.075427532196045,2.8588244915008545,0,0
879,3.7961747646331787,3.307868719100952,1,1
880,3.2615199089050293,3.1073150634765625,0,0
881,3.4308388233184814,3.113267421722412,0,0
882,3.3196446895599365,3.0813064575195312,0,0
883,3.862710475921631,3.1069765090942383,1,1
884,3.582928419113159,3.2561841011047363,1,1
885,3.45375919342041,3.153878688812256,0,0
886,3.592228651046753,3.3489396572113037,1,1
887,3.3412771224975586,3.2259521484375,0,0
888,3.4689888954162598,3.320883274078369,0,0
889,3.537684440612793,3.3169803619384766,1,1
890,3.8049325942993164,3.4894559383392334,1,1
891,3.8137142658233643,3.586422920227051,1,1
892,3.896296977996826,3.3768486976623535,1,1
893,3.8626761436462402,3.4262077808380127,1,1
894,4.111953258514404,3.613776445388794,1,1
895,3.847743272781372,3.5746872425079346,1,1
896,3.81722354888916,3.4179811477661133,1,1
897,3.8351125717163086,3.420015811920166,1,1
898,3.6812727451324463,3.4635162353515625,1,1
899,3.681131601333618,3.429851770401001,1,1
900,3.6289281845092773,3.263105869293213,1,1
901,3.6258864402770996,3.319669485092163,1,1
902,3.587977647781372,3.2118990421295166,1,1
903,3.1682817935943604,2.9978857040405273,0,0
904,3.1465845108032227,2.7951202392578125,0,0
905,3.4625823497772217,3.145576000213623,0,0
906,4.107571125030518,3.5352702140808105,1,1
907,3.221161127090454,2.831435203552246,0,0
908,3.3626339435577393,3.0019173622131348,0,0
909,3.9130356311798096,3.344776153564453,1,1
910,3.7373383045196533,3.562865734100342,1,1
911,3.9841692447662354,3.724895715713501,1,1
912,3.7326552867889404,3.3794193267822266,1,1
913,3.7298920154571533,3.4113969802856445,1,1
914,4.031937599182129,3.412724256515503,1,1
915,3.520869493484497,3.2024712562561035,0,0
916,3.77744722366333,3.292480230331421,1,1
917,2.832101345062256,2.7268152236938477,0,0
918,3.200336456298828,2.945115327835083,0,0
919,3.6949915885925293,3.2610974311828613,1,1
920,3.49481463432312,3.287097930908203,0,0
921,3.763605833053589,3.5750608444213867,1,1
922,3.6749603748321533,3.3208956718444824,1,1
923,3.5611510276794434,3.324144124984741,0,0
924,3.2820589542388916,2.9045310020446777,0,0
925,3.481215000152588,3.2254929542541504,0,0
926,3.293410301208496,3.2402422428131104,0,0
927,3.1801934242248535,3.029038429260254,0,0
928,3.1876630783081055,3.085470199584961,0,0
929,3.2964632511138916,3.096329689025879,0,0
930,2.9176812171936035,2.822417736053467,0,0
931,3.2519376277923584,2.88411808013916,0,0
932,3.562117099761963,3.0470948219299316,0,0
933,3.260157346725464,3.0289034843444824,0,0
934,3.54079008102417,3.0553925037384033,0,0
935,3.7771496772766113,3.4617414474487305,1,1
936,3.321249008178711,2.973231315612793,0,0
937,3.6717584133148193,3.291466236114502,1,1
938,3.8976070880889893,3.315964698791504,1,1
939,3.029067277908325,2.9548354148864746,0,0
940,3.1202073097229004,2.879603624343872,0,0
941,3.1833252906799316,2.8292407989501953,0,0
942,3.4492037296295166,3.0980467796325684,0,0
943,3.2475671768188477,3.1463241577148438,0,0
944,3.537916421890259,3.340360641479492,0,0
945,3.7971951961517334,3.2491965293884277,1,1
946,2.8836963176727295,2.6172237396240234,0,0
947,3.1004796028137207,2.8845503330230713,0,0
948,3.3565592765808105,2.909169912338257,0,0
949,3.3324482440948486,2.997753143310547,0,0
950,3.7654290199279785,3.3035600185394287,1,1
951,3.5675783157348633,2.9995052814483643,1,1
952,3.6893868446350098,3.1907131671905518,1,1
953,3.4061038494110107,3.2928214073181152,0,0
954,3.5738205909729004,3.370392084121704,1,1
955,3.7392032146453857,3.47167706489563,1,1
956,3.675032615661621,3.374521255493164,1,1
957,3.297844171524048,3.283700466156006,0,0
958,3.3897249698638916,3.2563464641571045,0,0
959,3.5336174964904785,3.0654778480529785,0,0
960,3.823606014251709,3.337376117706299,1,1
961,3.9926929473876953,3.3235464096069336,1,1
962,3.6324777603149414,3.2511186599731445,1,1
963,3.7101399898529053,3.4262895584106445,1,1
964,3.4580461978912354,3.290889263153076,0,0
965,3.550931453704834,3.2782676219940186,0,0
966,3.4469447135925293,3.1696550846099854,0,0
967,3.2819488048553467,3.1828713417053223,0,0
968,3.4413063526153564,3.263094902038574,0,0
969,3.734804391860962,3.443922519683838,1,1
970,4.2176833152771,3.615621566772461,1,1
971,4.07388973236084,3.528463840484619,1,1
972,3.5646777153015137,3.461115837097168,1,1
973,4.2561140060424805,3.7679219245910645,1,1
974,3.95172381401062,3.5816469192504883,1,1
975,3.6024703979492188,3.2948760986328125,1,1
976,3.7555248737335205,3.4279356002807617,1,1
977,3.84212064743042,3.421535015106201,1,1
978,3.638793468475342,3.36873197555542,1,1
979,3.6696512699127197,3.122480869293213,1,1
980,3.4864659309387207,2.9353818893432617,0,0
981,3.751556396484375,3.4094746112823486,1,1
982,3.6025924682617188,3.167022705078125,1,1
983,3.5421741008758545,3.077906847000122,0,0
984,3.2943482398986816,2.912951946258545,0,0
985,3.2238965034484863,2.8437652587890625,0,0
986,2.880546808242798,2.559837818145752,0,0
987,2.7549920082092285,2.4967641830444336,0,0
988,2.7332048416137695,2.5908257961273193,0,0
989,3.358893871307373,3.119462013244629,0,0
990,3.394498348236084,3.0649161338806152,0,0
991,3.5078999996185303,2.99287748336792,0,0
992,3.4500017166137695,2.8532848358154297,0,0
993,3.285257577896118,3.0300726890563965,0,0
994,3.162668466567993,2.8158116340637207,0,0
995,3.565364122390747,3.045931100845337,1,1
996,3.294114112854004,3.037022113800049,0,0
997,3.246940851211548,2.832782506942749,0,0
998,3.2326574325561523,2.7608823776245117,0,0
999,3.8198587894439697,3.2062578201293945,1,1
1000,3.769524335861206,3.2069013118743896,1,1
1001,3.3281431198120117,3.0162291526794434,0,0
1002,3.4610917568206787,3.0108635425567627,0,0
1003,3.643458604812622,3.175839424133301,1,1
1004,3.8775715827941895,3.312939167022705,1,1
1005,3.3350212574005127,2.9936084747314453,0,0
1006,3.7826192378997803,3.4526944160461426,1,1
1007,3.8759145736694336,3.4923622608184814,1,1
1008,3.500235080718994,3.213587999343872,0,0
1009,3.481170892715454,3.231323480606079,0,0
1010,3.303858518600464,2.972501277923584,0,0
1011,3.2896106243133545,2.975907564163208,0,0
1012,3.9714813232421875,3.3233723640441895,1,1
1013,3.4697165489196777,3.010275363922119,0,0
1014,3.3095366954803467,3.154432773590088,0,0
1015,3.2781147956848145,2.9998483657836914,0,0
1016,3.514404058456421,3.0987777709960938,0,0
1017,3.4470863342285156,3.110194206237793,0,0
1018,3.6346192359924316,3.1810154914855957,1,1
1019,3.5171432495117188,2.971409559249878,0,0
1020,3.194143295288086,2.8260927200317383,0,0
1021,3.150402545928955,3.106416702270508,0,0
1022,3.6582908630371094,3.546367645263672,1,1
1023,3.3498480319976807,3.1878204345703125,0,0
1024,3.5368478298187256,3.2089028358459473,0,0
1025,3.5943551063537598,3.211552619934082,1,1
1026,3.465282440185547,3.104189395904541,0,0
1027,3.433973789215088,3.0904440879821777,0,0
1028,3.684849739074707,3.4423980712890625,1,1
1029,3.589890956878662,3.448883533477783,1,1
1030,3.6062159538269043,3.2935707569122314,1,1
1031,3.581603527069092,2.977155923843384,1,1
1032,3.760976791381836,3.236382007598877,1,1
1033,2.968478202819824,2.693521022796631,0,0
1034,3.572293281555176,3.2211883068084717,1,1
1035,3.661086320877075,3.3248519897460938,1,1
1036,3.6121602058410645,3.272378921508789,1,1
1037,3.441586494445801,3.028867721557617,0,0
1038,3.289588689804077,3.0445122718811035,0,0
1039,3.3536343574523926,3.22196626663208,0,0
1040,3.296617269515991,3.204732894897461,0,0
1041,3.5728132724761963,3.3931620121002197,1,1
1042,3.7597243785858154,3.364248275756836,1,1
1043,2.8442933559417725,2.6956191062927246,0,0
1044,3.22371506690979,2.9448695182800293,0,0
1045,3.262122631072998,2.8961782455444336,0,0
1046,3.1861557960510254,2.933420419692993,0,0
1047,3.3386871814727783,3.1408047676086426,0,0
1048,3.4873244762420654,3.0946543216705322,0,0
1049,3.3610928058624268,3.004775047302246,0,0
1050,3.50724196434021,3.3864333629608154,0,0
1051,3.909334897994995,3.463923215866089,1,1
1052,3.1635141372680664,2.6967411041259766,0,0
1053,3.2389187812805176,2.574073314666748,0,0
1054,2.9985153675079346,2.726491928100586,0,0
1055,3.0176427364349365,2.7883996963500977,0,0
1056,3.0527098178863525,2.762789726257324,0,0
1057,3.633759021759033,3.252110481262207,1,1
1058,3.7595460414886475,3.453714609146118,1,1
1059,3.7036325931549072,3.3769724369049072,1,1
1060,3.6133573055267334,3.1979756355285645,1,1
1061,3.5687625408172607,3.16084361076355,1,1
1062,3.5519371032714844,3.314291000366211,1,1
1063,3.361456871032715,3.111826181411743,0,0
1064,3.3778982162475586,3.0934219360351562,0,0
1065,3.797217607498169,3.2438719272613525,1,1
1066,3.5734176635742188,3.171546459197998,1,1
1067,3.58031964302063,3.200636863708496,1,1
1068,3.3078527450561523,3.049311876296997,0,0
1069,3.0761497020721436,2.978006362915039,0,0
1070,3.4157395362854004,3.074448823928833,0,0
1071,3.2728097438812256,2.959766149520874,0,0
1072,3.030318260192871,2.8265533447265625,0,0
1073,2.7423439025878906,2.699218511581421,0,0
1074,3.299760103225708,3.0633795261383057,0,0
1075,3.3172154426574707,3.0013608932495117,0,0
1076,2.9663360118865967,2.6900932788848877,0,0
1077,3.540374279022217,3.08909010887146,1,1
1078,3.358654022216797,2.945857524871826,0,0
1079,2.8135836124420166,2.535703182220459,0,0
1080,2.5828232765197754,2.49560546875,0,0
1081,2.822211980819702,2.692255973815918,0,0
1082,3.1045243740081787,3.1521172523498535,0,0
1083,3.218836784362793,3.0121967792510986,0,0
1084,3.444371223449707,3.0455679893493652,0,0
1085,3.7003512382507324,3.134624481201172,1,1
1086,3.7158403396606445,3.1581053733825684,1,1
1087,3.4134440422058105,2.876193046569824,0,0
1088,3.675663471221924,3.109194278717041,1,1
1089,3.3889896869659424,3.0752861499786377,0,0
1090,3.572246551513672,3.057163953781128,1,1
1091,3.1055915355682373,2.843013286590576,0,0
1092,3.3180243968963623,3.0033764839172363,0,0
1093,2.9993669986724854,2.815556287765503,0,0
1094,3.6482431888580322,3.210378885269165,1,1
1095,3.1114108562469482,2.9380440711975098,0,0
1096,3.4136691093444824,3.0811007022857666,0,0
1097,3.5452723503112793,3.289813995361328,1,1
1098,3.4847095012664795,3.100191593170166,1,1
1099,3.6641507148742676,3.2568845748901367,1,1
1100,3.2093722820281982,3.073988437652588,0,0
1101,3.793025255203247,3.208332061767578,1,1
1102,3.46799635887146,2.967200517654419,1,1
1103,3.3728957176208496,3.000006914138794,0,0
1104,3.543694257736206,3.1995151042938232,1,1
1105,3.3993353843688965,3.0584893226623535,0,0
1106,3.18678879737854,3.178356170654297,0,0
1107,3.8310532569885254,3.4746041297912598,1,1
1108,3.634876012802124,3.3796868324279785,1,1
1109,3.530749559402466,3.562746524810791,1,1
1110,3.532494068145752,3.336132049560547,1,1
1111,3.03287410736084,2.851938009262085,0,0
1112,2.8505048751831055,2.8528833389282227,0,0
1113,3.079080104827881,3.0738420486450195,0,0
1114,3.2888541221618652,3.1757116317749023,0,0
1115,3.2015395164489746,2.979370355606079,0,0
1116,3.4592537879943848,3.211094379425049,1,1
1117,3.1840016841888428,3.059584140777588,0,0
1118,3.3340377807617188,3.1867878437042236,0,0
1119,3.122779607772827,3.0545473098754883,0,0
1120,3.163134813308716,2.996805191040039,0,0
1121,3.313343048095703,2.7582244873046875,0,0
1122,3.7101681232452393,3.2304248809814453,1,1
1123,3.610774278640747,3.158733606338501,1,1
1124,3.820669174194336,3.229855537414551,1,1
1125,3.9375975131988525,3.399156332015991,1,1
1126,3.8160438537597656,3.2852847576141357,1,1
1127,3.125272035598755,2.8176088333129883,0,0
1128,3.165073871612549,2.6809122562408447,0,0
1129,3.140305280685425,2.7744548320770264,0,0
1130,3.275451898574829,2.7861664295196533,0,0
1131,3.024547815322876,2.639150619506836,0,0
1132,3.159780502319336,2.8005619049072266,0,0
1133,3.2635910511016846,2.908167839050293,0,0
1134,3.0863301753997803,2.62394118309021,0,0
1135,2.980454683303833,2.8214292526245117,0,0
1136,3.3211276531219482,3.0713675022125244,0,0
1137,3.2014243602752686,3.148280143737793,0,0
1138,3.3645339012145996,3.1584434509277344,0,0
1139,3.4429121017456055,3.154853105545044,1,1
1140,4.645659923553467,3.982208490371704,1,1
1141,4.748114109039307,3.984910488128662,1,1
1142,3.6442203521728516,3.562285900115967,1,1
1143,3.4987494945526123,3.2210445404052734,1,1
1144,3.7372779846191406,3.5176687240600586,1,1
1145,3.630892515182495,3.4790241718292236,1,1
1146,3.80153489112854,3.4556667804718018,1,1
1147,3.720364809036255,3.407932758331299,1,1
1148,3.763011932373047,3.3811285495758057,1,1
1149,3.4685590267181396,3.137767791748047,1,1
1150,3.684474468231201,3.2856783866882324,1,1
1151,3.938359022140503,3.4376113414764404,1,1
1152,3.662869691848755,3.201052188873291,1,1
1153,3.2803595066070557,3.050832509994507,0,0
1154,3.5271518230438232,3.171668529510498,1,1
1155,2.8847806453704834,2.8311352729797363,0,0
1156,2.858886480331421,2.6193885803222656,0,0
1157,2.806347608566284,2.766167163848877,0,0
1158,3.1008527278900146,3.056732416152954,0,0
1159,3.182459592819214,3.105525016784668,0,0
1160,3.364325523376465,3.0584304332733154,0,0
1161,3.5763227939605713,3.278766393661499,1,1
1162,3.5825963020324707,3.297312021255493,1,1
1163,3.2555806636810303,3.0308167934417725,0,0
1164,3.662490129470825,3.2352542877197266,1,1
1165,3.1770246028900146,3.0815324783325195,0,0
1166,3.183488607406616,3.085618019104004,0,0
1167,3.071519613265991,2.9083194732666016,0,0
1168,3.510464668273926,3.1272695064544678,1,1
1169,3.503962278366089,3.2090485095977783,1,1
1170,3.274299383163452,3.1985888481140137,0,0
1171,3.4667587280273438,3.2561042308807373,1,1
1172,3.0369434356689453,3.1186656951904297,0,0
1173,3.3022425174713135,3.1703388690948486,0,0
1174,3.346216917037964,2.9756858348846436,0,0
1175,3.375108003616333,3.165355682373047,0,0
1176,3.295299768447876,2.9876418113708496,0,0
1177,3.560948610305786,3.1555352210998535,1,1
1178,3.9469544887542725,3.319880485534668,1,1
1179,3.6029398441314697,3.2693185806274414,1,1
1180,2.985393762588501,2.797029733657837,0,0
1181,3.6817517280578613,3.3768129348754883,1,1
1182,3.8832902908325195,3.4459660053253174,1,1
1183,3.9395804405212402,3.5280704498291016,1,1
1184,3.7725791931152344,3.5990285873413086,1,1
1185,3.9631335735321045,3.6729187965393066,1,1
1186,3.8210206031799316,3.5572509765625,1,1
1187,3.8364291191101074,3.639143466949463,1,1
1188,3.5732245445251465,3.1906251907348633,1,1
1189,3.6536331176757812,3.2537283897399902,1,1
1190,3.0153942108154297,2.580017566680908,0,0
1191,3.039780378341675,2.5429883003234863,0,0
1192,3.369295120239258,2.9131736755371094,0,0
1193,2.9890143871307373,2.5596532821655273,0,0
1194,3.561574697494507,3.242969512939453,1,1
1195,3.451144218444824,3.2658329010009766,1,1
1196,3.3469245433807373,3.066828727722168,0,0
1197,3.663203716278076,3.279902458190918,1,1
1198,3.326746702194214,3.131786346435547,0,0
1199,3.600844621658325,3.135152816772461,1,1
1200,3.1137473583221436,3.0396881103515625,0,0
1201,3.4088964462280273,3.176572561264038,0,0
1202,3.1873185634613037,3.0013773441314697,0,0
1203,3.2858989238739014,3.116116523742676,0,0
1204,3.349621057510376,3.0633013248443604,0,0
1205,3.507585287094116,3.153456449508667,1,1
1206,3.538205862045288,3.279503583908081,1,1
1207,3.6507463455200195,3.3976049423217773,1,1
1208,3.232783317565918,3.2233619689941406,0,0
1209,3.444044589996338,3.20554256439209,1,1
1210,3.4252002239227295,2.9126319885253906,1,1
1211,3.247936248779297,2.936187267303467,0,0
1212,3.022451877593994,2.771486282348633,0,0
1213,3.130784511566162,2.5654826164245605,0,0
1214,3.088913679122925,2.7861671447753906,0,0
1215,3.4839353561401367,2.754988431930542,1,1
1216,3.475860834121704,2.9674417972564697,1,1
1217,3.217607259750366,2.6799049377441406,0,0
1218,3.390859365463257,2.914912700653076,0,0
1219,3.1710805892944336,2.7436866760253906,0,0
1220,3.423659324645996,2.8320086002349854,1,1
1221,3.4114201068878174,2.828782320022583,1,1
1222,3.4077799320220947,2.8418209552764893,0,0
1223,4.080260276794434,3.27803373336792,1,1
1224,4.193751335144043,3.0802624225616455,1,1
1225,3.205994129180908,2.820296287536621,0,0
1226,3.5215015411376953,3.1053152084350586,1,1
1227,2.87793231010437,2.6601877212524414,0,0
1228,3.3808324337005615,2.901642322540283,0,0
1229,3.67004132270813,3.4827919006347656,1,1
1230,3.4464473724365234,3.380321741104126,1,1
1231,3.2037031650543213,2.917839765548706,0,0
1232,3.38344669342041,3.073976993560791,0,0
1233,3.2728939056396484,2.8560147285461426,0,0
1234,3.0205018520355225,2.8105220794677734,0,0
1235,3.9924137592315674,3.2443556785583496,1,1
1236,3.283679246902466,2.7117176055908203,0,0
1237,3.3989877700805664,2.9345436096191406,1,1
1238,3.3709397315979004,3.126039981842041,0,0
1239,3.374495029449463,3.0827155113220215,0,0
1240,2.7390127182006836,2.4202449321746826,0,0
1241,2.665354013442993,2.519850492477417,0,0
1242,3.5179450511932373,3.1838560104370117,1,1
1243,3.06972074508667,2.872779369354248,0,0
1244,3.3765766620635986,3.1929030418395996,1,1
1245,3.5537304878234863,3.372544765472412,1,1
1246,3.171891450881958,3.0114526748657227,0,0
1247,3.304067373275757,3.0604124069213867,0,0
1248,3.19010591506958,2.8835878372192383,0,0
1249,3.556364059448242,3.1844677925109863,1,1
1250,3.3070995807647705,3.0481557846069336,0,0
1251,3.1650047302246094,2.936342239379883,0,0
1252,3.2887978553771973,2.9201877117156982,0,0
1253,3.1639344692230225,2.8875393867492676,0,0
1254,2.777935743331909,2.614668607711792,0,0
1255,3.808889865875244,3.3490183353424072,1,1
1256,3.307854652404785,3.363241672515869,0,0
1257,3.808640480041504,3.3902299404144287,1,1
1258,3.192871570587158,3.0415031909942627,0,0
1259,3.179746627807617,3.0291805267333984,0,0
1260,3.1806068420410156,3.1318867206573486,0,0
1261,3.3705718517303467,3.2543253898620605,0,0
1262,3.593770742416382,3.352457046508789,1,1
1263,3.4940390586853027,3.254748821258545,1,1
1264,3.627403974533081,3.123425245285034,1,1
1265,3.6725857257843018,3.3048832416534424,1,1
1266,3.255452871322632,3.123892068862915,0,0
1267,3.347618341445923,3.193600654602051,0,0
1268,3.330263614654541,3.2009117603302,0,0
1269,3.7318882942199707,3.2987499237060547,1,1
1270,3.4574248790740967,2.9293384552001953,1,1
1271,3.672764539718628,3.246339797973633,1,1
1272,3.346022605895996,3.06667423248291,0,0
1273,3.7887909412384033,3.403315782546997,1,1
1274,3.656303644180298,3.3227696418762207,1,1
1275,3.800461530685425,3.365358829498291,1,1
1276,3.1701650619506836,2.9584310054779053,0,0
1277,3.4467732906341553,3.123237133026123,1,1
1278,3.560065507888794,3.3085837364196777,1,1
1279,3.4042367935180664,3.0728225708007812,1,1
1280,3.316601514816284,3.040407180786133,0,0
1281,3.2622392177581787,3.088320732116699,0,0
1282,3.146461009979248,2.688432216644287,0,0
1283,2.989708185195923,2.577690601348877,0,0
1284,3.7503304481506348,3.0212578773498535,1,1
1285,3.136218547821045,2.825356960296631,0,0
1286,2.938514471054077,2.751793384552002,0,0
1287,3.5291190147399902,2.93037748336792,1,1
1288,3.265852689743042,2.5382208824157715,0,0
1289,3.4037513732910156,2.8854031562805176,1,1
1290,2.9842185974121094,2.619225025177002,0,0
1291,3.260244607925415,2.8163437843322754,0,0
1292,3.3654422760009766,3.175427198410034,0,0
1293,3.3546082973480225,3.2722787857055664,0,0
1294,3.3272347450256348,3.4156227111816406,0,0
1295,3.269613265991211,3.3425350189208984,0,0
1296,3.5650320053100586,3.3122825622558594,1,1
1297,3.7126710414886475,3.5223846435546875,1,1
1298,3.5428364276885986,3.3833210468292236,1,1
1299,3.4008140563964844,3.2818193435668945,1,1
1300,3.7692296504974365,3.5644750595092773,1,1
1301,3.6363396644592285,3.4869632720947266,1,1
1302,3.4886577129364014,3.3816041946411133,1,1
1303,3.4099860191345215,3.2551121711730957,1,1
1304,3.4017722606658936,3.2496256828308105,1,1
1305,3.4256160259246826,3.0934534072875977,1,1
1306,3.4450204372406006,3.1504242420196533,1,1
1307,3.5999605655670166,3.1476738452911377,1,1
1308,3.3228886127471924,3.0871334075927734,0,0
1309,3.614824056625366,3.438292980194092,1,1
1310,3.737151861190796,3.4175024032592773,1,1
1311,3.298966407775879,3.135559558868408,0,0
1312,3.5984997749328613,3.249635696411133,1,1
1313,4.051494598388672,3.5889816284179688,1,1
1314,3.7223618030548096,3.4192006587982178,1,1
1315,3.548351764678955,3.418487548828125,1,1
1316,3.9326536655426025,3.517188787460327,1,1
1317,3.499768018722534,3.2203872203826904,1,1
1318,3.011401414871216,2.977252960205078,0,0
1319,3.2495479583740234,3.1476781368255615,0,0
1320,3.3620188236236572,3.0814671516418457,0,0
1321,2.9042108058929443,2.833726167678833,0,0
1322,3.538768768310547,3.405068874359131,1,1
1323,3.3635687828063965,3.169590950012207,0,0
1324,3.1232857704162598,3.0526108741760254,0,0
1325,2.769522190093994,2.6926631927490234,0,0
1326,3.24295711517334,3.313358783721924,0,0
1327,3.5063934326171875,3.3257803916931152,1,1
1328,3.5855040550231934,3.429171562194824,1,1
1329,3.593087911605835,3.4568734169006348,1,1
1330,3.4757115840911865,3.079253673553467,1,1
1331,3.4656119346618652,3.2708897590637207,1,1
1332,2.173532009124756,2.2117605209350586,0,0
1333,2.4609177112579346,2.416727066040039,0,0
1334,3.2404773235321045,3.03216552734375,0,0
1335,3.376782178878784,2.898688793182373,0,0
1336,3.2493765354156494,2.8875503540039062,0,0
1337,3.375140905380249,3.0682263374328613,0,0
1338,3.4945566654205322,3.159346103668213,1,1
1339,2.929077386856079,2.774320363998413,0,0
1340,3.0972280502319336,3.0543203353881836,0,0
1341,3.4802913665771484,3.2061767578125,1,1
1342,3.4628145694732666,3.2941503524780273,1,1
1343,3.723635196685791,3.359569787979126,1,1
1344,3.4213356971740723,3.191727638244629,1,1
1345,3.532247543334961,3.0583434104919434,1,1
1346,3.304670810699463,2.9187989234924316,0,0
1347,3.5953783988952637,3.2413811683654785,1,1
1348,3.2596747875213623,2.8109705448150635,0,0
1349,3.63547945022583,3.1701903343200684,1,1
1350,3.5483181476593018,2.9229347705841064,1,1
1351,3.5189168453216553,2.6859447956085205,1,1
1352,3.592536211013794,3.08249568939209,1,1
1353,2.8293092250823975,2.6000185012817383,0,0
1354,2.9403796195983887,2.662487506866455,0,0
1355,3.008244514465332,2.6764426231384277,0,0
1356,3.042447805404663,2.5381393432617188,0,0
1357,3.0597095489501953,2.659823417663574,0,0
1358,3.0826847553253174,2.6788930892944336,0,0
1359,3.336857318878174,2.9251418113708496,0,0
1360,3.159043073654175,2.7269389629364014,0,0
1361,3.0329835414886475,2.7347264289855957,0,0
1362,3.258856773376465,2.880124807357788,0,0
1363,3.2431082725524902,2.7253711223602295,0,0
1364,3.522695541381836,3.003229856491089,1,1
1365,3.4213125705718994,3.1043496131896973,1,1
1366,3.88456392288208,3.46040415763855,1,1
1367,3.83935809135437,3.47133207321167,1,1
1368,3.891277313232422,3.3629443645477295,1,1
1369,3.521991491317749,3.1560912132263184,1,1
1370,3.7905454635620117,3.3800673484802246,1,1
1371,3.3898205757141113,3.087796211242676,0,0
1372,3.816663980484009,3.335808753967285,1,1
1373,3.512924909591675,3.002713203430176,1,1
1374,3.5577597618103027,3.184427499771118,1,1
1375,3.0858891010284424,2.698376417160034,0,0
1376,2.9693634510040283,2.7104339599609375,0,0
1377,3.0286920070648193,2.8423659801483154,0,0
1378,3.5466902256011963,3.2884016036987305,1,1
1379,3.46282696723938,3.1142594814300537,1,1
1380,3.20393443107605,2.9699959754943848,0,0
1381,2.8442509174346924,2.5733275413513184,0,0
1382,3.323103189468384,2.817526340484619,0,0
1383,3.3871445655822754,3.197868824005127,0,0
1384,3.7995924949645996,3.2680535316467285,1,1
1385,3.422006368637085,3.141739845275879,1,1
1386,3.510563373565674,3.0597403049468994,1,1
1387,3.7886977195739746,3.308448076248169,1,1
1388,3.713022470474243,3.2976841926574707,1,1
1389,3.6596076488494873,3.3507957458496094,1,1
1390,3.6084699630737305,3.4341800212860107,1,1
1391,3.510282516479492,3.2406256198883057,1,1
1392,3.1544034481048584,3.003410577774048,0,0
1393,3.030320167541504,2.82540225982666,0,0
1394,3.2503979206085205,2.8845651149749756,0,0
1395,2.7948079109191895,2.7294511795043945,0,0
1396,3.1708078384399414,2.998568058013916,0,0
1397,2.918295383453369,2.760160446166992,0,0
1398,2.8820137977600098,2.748133420944214,0,0
1399,3.252537250518799,2.9592013359069824,0,0
1400,2.846104145050049,2.6982216835021973,0,0
1401,3.1878740787506104,2.865086555480957,0,0
1402,3.027383804321289,2.812283754348755,0,0
1403,3.063300132751465,2.830288887023926,0,0
1404,3.0345306396484375,2.737971782684326,0,0
1405,3.061814308166504,2.8917956352233887,0,0
1406,3.2625327110290527,2.8175718784332275,0,0
1407,3.225778102874756,2.9796905517578125,0,0
1408,3.3646297454833984,2.907634735107422,0,0
1409,3.898076295852661,3.4998934268951416,1,1
1410,3.2708301544189453,3.1868228912353516,0,0
1411,3.4198145866394043,3.194646120071411,1,1
1412,3.5044522285461426,3.186861991882324,1,1
1413,3.695139169692993,3.241441249847412,1,1
1414,3.4666478633880615,3.058885335922241,1,1
1415,3.57673978805542,3.059727430343628,1,1
1416,3.4115114212036133,3.164989471435547,1,1
1417,3.566429853439331,3.260145664215088,1,1
1418,3.2348239421844482,2.921238899230957,0,0
1419,3.1940829753875732,2.9279236793518066,0,0
1420,3.2457313537597656,2.9510154724121094,0,0
1421,3.6884214878082275,3.282388210296631,1,1
1422,3.4456334114074707,3.1451268196105957,1,1
1423,3.615293025970459,3.0866572856903076,1,1
1424,3.8218274116516113,3.2535786628723145,1,1
1425,3.6775786876678467,3.225961208343506,1,1
1426,4.048524856567383,3.323357105255127,1,1
1427,3.5430500507354736,3.2385830879211426,1,1
1428,3.6275312900543213,3.3015451431274414,1,1
1429,3.5670857429504395,3.3307416439056396,1,1
1430,3.5603349208831787,3.1575164794921875,1,1
1431,3.6424155235290527,3.372076988220215,1,1
1432,3.586357831954956,3.230577230453491,1,1
1433,3.621884346008301,3.1871423721313477,1,1
1434,3.596691846847534,3.307668685913086,1,1
1435,3.4686403274536133,3.2862977981567383,1,1
1436,3.2342963218688965,3.1535263061523438,0,0
1437,3.237603187561035,3.1551742553710938,0,0
1438,2.9472508430480957,2.9201531410217285,0,0
1439,2.8142476081848145,3.0939860343933105,0,0
1440,3.3609001636505127,3.157961368560791,0,0
1441,3.367182731628418,3.347949981689453,0,0
1442,3.050706386566162,3.004314422607422,0,0
1443,3.453075885772705,3.1730966567993164,1,1
1444,3.070608377456665,2.9374122619628906,0,0
1445,3.0846924781799316,3.0061957836151123,0,0
1446,3.330043315887451,3.1818768978118896,0,0
1447,3.5673270225524902,3.07338285446167,1,1
1448,3.3121564388275146,3.1987109184265137,0,0
1449,3.1074559688568115,3.0183215141296387,0,0
1450,3.564117431640625,3.140683174133301,1,1
1451,3.3657705783843994,3.231436252593994,0,0
1452,3.5871031284332275,3.2901618480682373,1,1
1453,3.789362668991089,3.455091953277588,1,1
1454,3.3289647102355957,3.1964540481567383,0,0
1455,3.2152016162872314,2.9897871017456055,0,0
1456,3.344500780105591,3.114528179168701,0,0
1457,3.166635751724243,3.0065793991088867,0,0
1458,3.0665628910064697,2.9442107677459717,0,0
1459,3.480877161026001,3.1851089000701904,1,1
1460,3.006495952606201,3.024773120880127,0,0
1461,3.4751367568969727,3.20975399017334,1,1
1462,3.2605342864990234,3.0450878143310547,0,0
1463,3.5347158908843994,3.044279098510742,1,1
1464,3.405611753463745,3.124363422393799,1,1
1465,3.7583491802215576,3.5164079666137695,1,1
1466,4.165099143981934,3.635863780975342,1,1
1467,3.666684865951538,3.5291829109191895,1,1
1468,3.427077054977417,3.1578259468078613,1,1
1469,3.5111820697784424,3.1834917068481445,1,1
1470,3.5341360569000244,3.3617076873779297,1,1
1471,3.432720899581909,3.3501229286193848,1,1
1472,3.8328962326049805,3.519467830657959,1,1
1473,3.4270520210266113,3.31691837310791,1,1
1474,3.3289525508880615,3.2165181636810303,0,0
1475,3.8370463848114014,3.4067792892456055,1,1
1476,3.731934070587158,3.133697509765625,1,1
1477,3.6277201175689697,3.223557233810425,1,1
1478,3.42812442779541,3.142362117767334,1,1
1479,3.609066963195801,3.215941905975342,1,1
1480,3.3338451385498047,3.1161117553710938,0,0
1481,3.544473648071289,3.210106134414673,1,1
1482,3.1926050186157227,3.0687599182128906,0,0
1483,3.5194406509399414,3.3218095302581787,1,1
1484,3.327805280685425,3.2562355995178223,0,0
1485,3.4114930629730225,3.029155731201172,0,0
1486,3.4482474327087402,3.2397830486297607,1,1
1487,3.342384099960327,3.1162819862365723,0,0
1488,3.299226760864258,3.1720786094665527,0,0
1489,3.596510887145996,3.2629222869873047,1,1
1490,3.2319438457489014,2.962620496749878,0,0
1491,3.3061041831970215,3.0711913108825684,0,0
1492,3.3475139141082764,3.080381155014038,0,0
1493,2.981555223464966,2.6460771560668945,0,0
1494,3.3311526775360107,3.25813364982605,0,0
1495,3.200385808944702,2.9966368675231934,0,0
1496,3.468082904815674,3.0942397117614746,1,1
1497,3.3514139652252197,3.063777208328247,0,0
1498,3.3125529289245605,3.1070802211761475,0,0
1499,3.7603962421417236,3.4015965461730957,1,1
1500,3.5740747451782227,3.2530627250671387,1,1
1501,3.0849180221557617,2.824693202972412,0,0
1502,3.4941859245300293,3.247636318206787,1,1
1503,3.43624210357666,3.16270112991333,1,1
1504,3.6193299293518066,3.079068660736084,1,1
1505,3.8961238861083984,3.3908815383911133,1,1
1506,3.273669719696045,3.147231101989746,0,0
1507,3.1479034423828125,3.0017967224121094,0,0
1508,3.1373298168182373,2.729037046432495,0,0
1509,3.3182058334350586,2.9735007286071777,0,0
1510,3.42150616645813,3.0624287128448486,1,1
1511,2.7804677486419678,2.5757365226745605,0,0
1512,2.592499017715454,2.0417678356170654,0,0
1513,2.9390573501586914,2.4577839374542236,0,0
1514,3.2898175716400146,2.8733034133911133,0,0
1515,3.3515946865081787,2.9128429889678955,0,0
1516,3.3411705493927,2.946242094039917,0,0
1517,3.0480618476867676,2.8623762130737305,0,0
1518,3.5576553344726562,3.1026782989501953,1,1
1519,3.706915855407715,3.2441091537475586,1,1
1520,3.500272750854492,3.1183955669403076,1,1
1521,3.476155996322632,3.2196295261383057,1,1
1522,3.5182712078094482,3.294698715209961,1,1
1523,2.8689465522766113,2.8867685794830322,0,0
1524,3.5544285774230957,3.079810619354248,1,1
1525,3.5214762687683105,3.1737422943115234,1,1
1526,3.6529324054718018,3.239809036254883,1,1
1527,3.613339900970459,3.14811372756958,1,1
1528,3.8201546669006348,3.2886695861816406,1,1
1529,3.0936572551727295,2.882352590560913,0,0
1530,3.2018635272979736,2.868924379348755,0,0
1531,3.416192054748535,2.890355348587036,1,1
1532,3.2457845211029053,2.7273201942443848,0,0
1533,3.3755900859832764,2.827984094619751,0,0
1534,3.5433030128479004,2.9521279335021973,1,1
1535,3.278209686279297,3.02398419380188,0,0
1536,3.2120492458343506,2.9296302795410156,0,0
1537,3.770472526550293,3.242328643798828,1,1
1538,3.480551242828369,3.2040953636169434,1,1
1539,3.329002857208252,2.9724817276000977,0,0
1540,3.6257388591766357,3.3180227279663086,1,1
1541,3.507591485977173,3.2090954780578613,1,1
1542,3.506566286087036,3.3873682022094727,1,1
1543,3.42732310295105,3.201906204223633,1,1
1544,3.0272881984710693,2.9437994956970215,0,0
1545,3.230839967727661,3.086944580078125,0,0
1546,3.0252137184143066,3.0761160850524902,0,0
1547,3.318084239959717,3.1880407333374023,0,0
1548,3.2837324142456055,3.051978826522827,0,0
1549,3.5881094932556152,3.1180365085601807,1,1
1550,3.3036913871765137,3.0947954654693604,0,0
1551,3.472870349884033,3.152519702911377,1,1
1552,3.817934274673462,3.400076150894165,1,1
1553,3.2971925735473633,3.135411024093628,0,0
1554,3.7571072578430176,3.432749032974243,1,1
1555,3.343735933303833,3.235823154449463,0,0
1556,3.1411404609680176,2.9226667881011963,0,0
1557,3.2980806827545166,2.978557825088501,0,0
1558,2.878427743911743,2.778064727783203,0,0
1559,3.3760125637054443,2.973452091217041,0,0
1560,3.7099826335906982,3.257390022277832,1,1
1561,3.262193202972412,3.119363784790039,0,0
1562,3.259873628616333,3.0172088146209717,0,0
1563,3.3398499488830566,3.198652505874634,0,0
1564,3.1330692768096924,3.0439701080322266,0,0
1565,3.378767490386963,3.1511120796203613,0,0
1566,3.792036533355713,3.5025367736816406,1,1
1567,3.0933215618133545,2.924182891845703,0,0
1568,3.550304889678955,3.187511682510376,1,1
1569,3.9665842056274414,3.3828115463256836,1,1
1570,3.639575958251953,3.180145263671875,1,1
1571,3.2098522186279297,2.908031463623047,0,0
1572,3.270531415939331,3.2096896171569824,0,0
1573,3.444228410720825,3.3369147777557373,1,1
1574,2.9966790676116943,2.9874980449676514,0,0
1575,2.816596746444702,2.60500431060791,0,0
1576,2.86891770362854,2.806006908416748,0,0
1577,3.112056255340576,3.06887149810791,0,0
1578,3.577517032623291,3.3327701091766357,1,1
1579,3.2817773818969727,3.0729598999023438,0,0
1580,2.9822096824645996,2.8812592029571533,0,0
1581,3.8382859230041504,3.432823657989502,1,1
1582,3.383962631225586,3.132293939590454,1,1
1583,3.5038866996765137,3.200199604034424,1,1
1584,3.1055290699005127,3.1334524154663086,0,0
1585,3.273463010787964,3.0629568099975586,0,0
1586,3.4079015254974365,3.0595083236694336,1,1
1587,3.28416109085083,3.105003595352173,0,0
1588,3.0873734951019287,2.893488645553589,0,0
1589,3.126952648162842,2.9869933128356934,0,0
1590,3.581407070159912,3.224245548248291,1,1
1591,3.231290817260742,3.126767635345459,0,0
1592,3.211639165878296,3.1196999549865723,0,0
1593,3.3450767993927,3.0091440677642822,0,0
1594,3.5395615100860596,3.398259401321411,1,1
1595,3.4023587703704834,3.11207914352417,1,1
1596,3.3663790225982666,3.0134758949279785,1,1
1597,3.709749460220337,3.393838405609131,1,1
1598,3.5526702404022217,3.4103996753692627,1,1
1599,3.559119939804077,3.4374403953552246,1,1
1600,3.555894374847412,3.3817129135131836,1,1
1601,3.5804603099823,3.4452552795410156,1,1
1602,3.4176716804504395,3.407536268234253,1,1
1603,3.371060848236084,3.1856982707977295,0,0
1604,3.141838550567627,2.7906346321105957,0,0
1605,3.0446839332580566,2.8438642024993896,0,0
1606,3.2395575046539307,2.8497304916381836,0,0
1607,3.1864631175994873,3.0345311164855957,0,0
1608,3.618657112121582,3.3191704750061035,1,1
1609,3.3490793704986572,3.2903876304626465,0,0
1610,3.719897508621216,3.355473756790161,1,1
1611,3.501638412475586,3.2809529304504395,1,1
1612,3.2916781902313232,3.2024502754211426,0,0
1613,3.777193784713745,3.2915291786193848,1,1
1614,3.490264415740967,3.0996897220611572,1,1
1615,3.704645872116089,3.0685911178588867,1,1
1616,2.9213364124298096,2.674121856689453,0,0
1617,3.441054105758667,3.0551698207855225,1,1
1618,3.1213326454162598,3.164231300354004,0,0
1619,3.2727859020233154,3.0708470344543457,0,0
1620,3.4462368488311768,3.0882182121276855,1,1
1621,3.8102481365203857,3.2431206703186035,1,1
1622,3.7961223125457764,3.2912020683288574,1,1
1623,3.786118984222412,3.371073007583618,1,1
1624,3.489840030670166,3.212782382965088,1,1
1625,3.7829270362854004,3.203681230545044,1,1
1626,3.4624953269958496,3.080402135848999,1,1
1627,2.927567481994629,2.6324615478515625,0,0
1628,3.4696011543273926,3.1786561012268066,1,1
1629,3.5844078063964844,2.853583335876465,1,1
1630,3.3445138931274414,2.9337942600250244,0,0
1631,3.6713595390319824,2.9948601722717285,1,1
1632,3.637514352798462,2.9671483039855957,1,1
1633,3.2689623832702637,2.908602476119995,0,0
1634,3.056535005569458,2.7893481254577637,0,0
1635,3.1991569995880127,3.078690528869629,0,0
1636,3.6711339950561523,3.2584774494171143,1,1
1637,3.2883167266845703,3.1166372299194336,0,0
1638,3.4805610179901123,3.075639486312866,1,1
1639,3.652146339416504,3.259469747543335,1,1
1640,3.396898031234741,3.1100330352783203,1,1
1641,3.385040283203125,3.296271800994873,1,1
1642,3.586118459701538,3.3968029022216797,1,1
1643,3.161045551300049,3.1308677196502686,0,0
1644,3.3631982803344727,3.230517625808716,0,0
1645,3.7903895378112793,3.4917638301849365,1,1
1646,3.160858631134033,2.968977928161621,0,0
1647,3.3045036792755127,3.181000232696533,0,0
1648,3.0476317405700684,3.104127883911133,0,0
1649,3.7054250240325928,3.3355913162231445,1,1
1650,3.4155173301696777,2.9989702701568604,1,1
1651,3.11106538772583,2.972316265106201,0,0
1652,3.5718166828155518,3.3295135498046875,1,1
1653,3.21732759475708,3.1826109886169434,0,0
1654,3.504733085632324,3.2166762351989746,1,1
1655,3.437976360321045,3.2067041397094727,1,1
1656,2.928835391998291,2.802232265472412,0,0
1657,2.713245391845703,2.569467544555664,0,0
1658,3.653193712234497,3.3380472660064697,1,1
1659,3.642415761947632,3.2554688453674316,1,1
1660,3.787583589553833,3.4278531074523926,1,1
1661,3.3160173892974854,3.2451958656311035,0,0
1662,3.2723639011383057,3.1068551540374756,0,0
1663,3.723428964614868,3.3636560440063477,1,1
1664,3.7465198040008545,3.3702893257141113,1,1
1665,3.4048545360565186,3.155684471130371,0,0
1666,2.9432880878448486,2.6978890895843506,0,0
1667,3.3257017135620117,3.0008301734924316,0,0
1668,3.616597890853882,3.129305362701416,1,1
1669,3.3992919921875,3.145972728729248,1,1
1670,3.148618698120117,2.9567947387695312,0,0
1671,2.960996150970459,3.0841317176818848,0,0
1672,2.8256478309631348,2.8578643798828125,0,0
1673,2.9615883827209473,3.006674289703369,0,0
1674,2.8494269847869873,2.8780205249786377,0,0
1675,2.836547613143921,2.9189248085021973,0,0
1676,3.5797290802001953,3.384230613708496,1,1
1677,3.468172073364258,3.411597967147827,1,1
1678,3.591972589492798,3.2868804931640625,1,1
1679,3.450110673904419,3.163012742996216,1,1
1680,3.3631064891815186,3.153937816619873,0,0
1681,3.396435260772705,3.103109836578369,1,1
1682,3.3255040645599365,3.1220874786376953,0,0
1683,3.5053319931030273,3.329817533493042,1,1
1684,3.213597536087036,3.045894145965576,0,0
1685,3.538773536682129,3.2258567810058594,1,1
1686,3.4447875022888184,2.9060652256011963,1,1
1687,3.487283706665039,3.0841915607452393,1,1
1688,3.4828577041625977,3.042956829071045,1,1
1689,3.5256009101867676,3.293968915939331,1,1
1690,3.410043478012085,3.1887011528015137,1,1
1691,3.85691237449646,3.318929433822632,1,1
1692,3.4958338737487793,3.4116666316986084,1,1
1693,3.636868953704834,3.4264912605285645,1,1
1694,3.7329235076904297,3.4818501472473145,1,1
1695,3.312511444091797,3.256924629211426,0,0
1696,3.3397669792175293,3.291503667831421,0,0
1697,2.774850368499756,2.62973952293396,0,0
1698,3.5404884815216064,3.2168102264404297,1,1
1699,3.336444854736328,3.1080079078674316,0,0
1700,3.443897247314453,3.0760254859924316,1,1
1701,3.446579694747925,3.0847675800323486,1,1
1702,2.9783377647399902,2.7733192443847656,0,0
1703,3.411724805831909,3.1098780632019043,1,1
1704,3.3932042121887207,2.8777384757995605,0,0
1705,3.5658650398254395,3.0629634857177734,1,1
1706,3.0564188957214355,2.929572820663452,0,0
1707,3.5339858531951904,3.057652473449707,1,1
1708,3.144118309020996,2.997109889984131,0,0
1709,3.540829658508301,3.1945013999938965,1,1
1710,3.6083579063415527,3.2630014419555664,1,1
1711,3.212110996246338,3.002699375152588,0,0
1712,3.3179080486297607,3.1076407432556152,0,0
1713,3.5196526050567627,3.2878410816192627,1,1
1714,3.2309560775756836,2.9199094772338867,0,0
1715,3.616105794906616,3.044222354888916,1,1
1716,3.3732564449310303,2.87550687789917,0,0
1717,3.035116672515869,2.764906167984009,0,0
1718,3.087461233139038,2.904402732849121,0,0
1719,3.174567699432373,2.9786806106567383,0,0
1720,3.4485056400299072,3.1594226360321045,1,1
1721,3.514885663986206,3.0773372650146484,1,1
1722,3.626844644546509,3.3402202129364014,1,1
1723,3.213534355163574,2.990054130554199,0,0
1724,2.9353182315826416,2.8829307556152344,0,0
1725,3.5643608570098877,3.334507465362549,1,1
1726,3.352271556854248,3.001523017883301,0,0
1727,3.5287973880767822,3.1332106590270996,1,1
1728,3.612480878829956,3.182168483734131,1,1
1729,3.3976082801818848,3.1843271255493164,1,1
1730,3.726419448852539,3.335099697113037,1,1
1731,3.396925449371338,2.988554000854492,0,0
1732,3.1115381717681885,2.887054443359375,0,0
1733,3.5891735553741455,3.360307216644287,1,1
1734,3.754138231277466,3.167620897293091,1,1
1735,3.064256429672241,2.7891340255737305,0,0
1736,3.295431137084961,2.8232614994049072,0,0
1737,3.5721962451934814,3.087272882461548,1,1
1738,3.167506456375122,2.9942877292633057,0,0
1739,3.033618450164795,2.978888511657715,0,0
1740,3.49495005607605,3.1447672843933105,1,1
1741,3.2734436988830566,2.882162094116211,0,0
1742,3.3344380855560303,2.9006543159484863,0,0
1743,3.4734416007995605,3.119588613510132,1,1
1744,2.771146535873413,2.9391539096832275,0,0
1745,3.4725332260131836,3.148794412612915,1,1
1746,3.0357611179351807,2.862907648086548,0,0
1747,3.0821690559387207,3.041438102722168,0,0
1748,3.5142948627471924,3.2442917823791504,1,1
1749,3.6324100494384766,3.341928005218506,1,1
1750,3.553476095199585,3.100100517272949,1,1
1751,3.581352472305298,3.378408670425415,1,1
1752,3.6763384342193604,3.354630947113037,1,1
1753,3.9051785469055176,3.367520332336426,1,1
1754,3.4766457080841064,3.013798236846924,1,1
1755,3.4995431900024414,3.1068501472473145,1,1
1756,3.233774185180664,2.9377269744873047,0,0
1757,3.464643955230713,3.019822835922241,1,1
1758,3.538684844970703,3.2239155769348145,1,1
1759,3.386690139770508,3.345384359359741,0,0
1760,3.313839912414551,3.2096095085144043,0,0
1761,3.4295549392700195,3.1440258026123047,1,1
1762,2.5734341144561768,2.6648917198181152,0,0
1763,3.022383689880371,3.0954504013061523,0,0
1764,3.4078030586242676,3.3716559410095215,1,1
1765,3.029188632965088,2.90883731842041,0,0
1766,2.835693836212158,2.8445589542388916,0,0
1767,3.228381633758545,3.1312854290008545,0,0
1768,3.1922521591186523,3.0620436668395996,0,0
1769,3.086707353591919,2.922415256500244,0,0
1770,3.449279546737671,3.158470630645752,1,1
1771,3.1182355880737305,3.097601890563965,0,0
1772,3.4705564975738525,3.258779525756836,1,1
1773,3.426816701889038,3.213007688522339,1,1
1774,3.634378671646118,3.1718411445617676,1,1
1775,3.7327325344085693,3.3866045475006104,1,1
1776,3.6167280673980713,3.248044013977051,1,1
1777,3.8540775775909424,3.3237390518188477,1,1
1778,3.744797468185425,3.127926826477051,1,1
1779,3.569375991821289,3.268001079559326,1,1
1780,3.4842629432678223,3.331616163253784,1,1
1781,3.33597469329834,3.3300819396972656,0,0
1782,3.2878918647766113,3.151271343231201,0,0
1783,3.108201026916504,2.9112062454223633,0,0
1784,3.2572643756866455,3.1183009147644043,0,0
1785,3.4705159664154053,3.2068586349487305,1,1
1786,3.29728102684021,3.2077903747558594,0,0
1787,3.596433401107788,3.2461905479431152,1,1
1788,3.317716360092163,3.1855626106262207,0,0
1789,3.313258647918701,3.1311330795288086,0,0
1790,3.3401598930358887,3.2468433380126953,0,0
1791,3.2507271766662598,3.180333375930786,0,0
1792,3.4298739433288574,3.2971878051757812,1,1
1793,3.4509239196777344,3.3189144134521484,1,1
1794,3.4651927947998047,3.27421236038208,1,1
1795,3.381512403488159,3.2511277198791504,0,0
1796,3.455471992492676,3.406351089477539,1,1
1797,3.6115894317626953,3.3399405479431152,1,1
1798,3.5575826168060303,3.3312788009643555,1,1
1799,2.6576731204986572,2.684889793395996,0,0
1800,3.1054325103759766,3.107426166534424,0,0
1801,3.015709400177002,2.801161527633667,0,0
1802,3.171408176422119,2.894465923309326,0,0
1803,3.1164956092834473,2.997333526611328,0,0
1804,2.791717290878296,2.656468391418457,0,0
1805,3.3074734210968018,2.9194517135620117,0,0
1806,3.583434581756592,3.0641870498657227,1,1
1807,3.610363483428955,3.0434181690216064,1,1
1808,3.468209981918335,2.953364372253418,1,1
1809,3.484934091567993,3.1598310470581055,1,1
1810,4.121772766113281,3.5789413452148438,1,1
1811,3.796572685241699,3.3903379440307617,1,1
1812,2.8524224758148193,2.754322052001953,0,0
1813,2.7503437995910645,2.5792369842529297,0,0
1814,3.0560295581817627,2.8151755332946777,0,0
1815,3.04024600982666,2.5596487522125244,0,0
1816,3.150704860687256,2.726572036743164,0,0
1817,3.39402437210083,2.749215602874756,0,0
1818,3.458756446838379,3.03113055229187,1,1
1819,3.5517735481262207,3.130502700805664,1,1
1820,3.8444643020629883,3.365612030029297,1,1
1821,4.143291473388672,3.346978187561035,1,1
1822,3.310285806655884,2.915759563446045,0,0
1823,3.186486005783081,2.89780592918396,0,0
1824,3.5058534145355225,3.140648365020752,1,1
1825,3.3229565620422363,2.9133596420288086,0,0
1826,3.3860559463500977,3.043815851211548,0,0
1827,3.464505434036255,3.0376687049865723,1,1
1828,3.0497734546661377,2.9841103553771973,0,0
1829,2.9641332626342773,2.805661201477051,0,0
1830,3.452793836593628,3.273892879486084,1,1
1831,3.852254629135132,3.2442758083343506,1,1
1832,3.8889873027801514,3.391908645629883,1,1
1833,3.2998063564300537,3.0714399814605713,0,0
1834,3.5002856254577637,3.2855966091156006,1,1
1835,3.438572406768799,3.203871250152588,1,1
1836,3.456571340560913,3.082838296890259,1,1
1837,3.4851796627044678,3.2558858394622803,1,1
1838,3.497260332107544,3.205930233001709,1,1
1839,3.598162889480591,3.1777515411376953,1,1
1840,3.5207102298736572,3.184380531311035,1,1
1841,3.71781063079834,3.342588424682617,1,1
1842,3.8509521484375,3.625694751739502,1,1
1843,3.7697954177856445,3.5184013843536377,1,1
1844,3.628540515899658,3.2244231700897217,1,1
1845,3.650933265686035,3.289980411529541,1,1
1846,3.652026414871216,3.3539912700653076,1,1
1847,3.483523368835449,3.2396512031555176,1,1
1848,3.3749794960021973,3.2006783485412598,0,0
1849,3.469684362411499,3.178154945373535,1,1
1850,3.2157201766967773,2.8469433784484863,0,0
1851,3.1393816471099854,2.9746172428131104,0,0
1852,3.248619556427002,2.994321823120117,0,0
1853,3.4892866611480713,3.2018096446990967,1,1
1854,3.2843551635742188,3.2258760929107666,0,0
1855,3.4977355003356934,3.2605175971984863,1,1
1856,3.274413824081421,3.192152261734009,0,0
1857,3.610520124435425,3.4819159507751465,1,1
1858,3.635262966156006,3.527763843536377,1,1
1859,3.566603660583496,3.077066659927368,1,1
1860,3.513214349746704,3.10198974609375,1,1
1861,3.4429986476898193,3.0066890716552734,1,1
1862,3.6128640174865723,3.294926643371582,1,1
1863,3.5011239051818848,2.9371042251586914,1,1
1864,3.397670269012451,2.948068380355835,0,0
1865,3.116173505783081,2.8415627479553223,0,0
1866,3.561840534210205,3.190629482269287,1,1
1867,3.18894362449646,2.899153709411621,0,0
1868,3.4215457439422607,3.082305431365967,0,0
1869,3.513124942779541,3.21158504486084,1,1
1870,3.2102603912353516,2.9316060543060303,0,0
1871,3.446047782897949,3.1137540340423584,1,1
1872,3.2727737426757812,2.948591470718384,0,0
1873,3.4176559448242188,3.2499189376831055,0,0
1874,3.1944098472595215,2.8680968284606934,0,0
1875,3.2973694801330566,2.931231737136841,0,0
1876,2.51298451423645,2.444164276123047,0,0
1877,3.7455053329467773,3.1691370010375977,1,1
1878,3.40238094329834,2.872709035873413,0,0
1879,3.357206106185913,2.982320785522461,0,0
1880,3.571104049682617,3.0971686840057373,1,1
1881,3.3693928718566895,3.1849117279052734,0,0
1882,3.581923246383667,3.14939546585083,1,1
1883,3.802577018737793,3.3432703018188477,1,1
1884,3.5301713943481445,3.065220594406128,1,1
1885,3.256098747253418,2.9630680084228516,0,0
1886,3.1214184761047363,2.900392532348633,0,0
1887,3.4324679374694824,3.129451274871826,0,0
1888,3.055577516555786,2.8196959495544434,0,0
1889,3.1468169689178467,2.8335063457489014,0,0
1890,3.3373517990112305,3.1561591625213623,0,0
1891,3.403022289276123,3.1732702255249023,0,0
1892,3.0864102840423584,2.9988303184509277,0,0
1893,3.3440358638763428,3.184354305267334,0,0
1894,2.815769910812378,2.650318145751953,0,0
1895,3.031310796737671,3.0274643898010254,0,0
1896,3.4144692420959473,3.3682799339294434,0,0
1897,3.6011319160461426,3.345529079437256,1,1
1898,3.759089946746826,3.3525214195251465,1,1
1899,3.8707644939422607,3.6236352920532227,1,1
1900,3.209338903427124,3.1243746280670166,0,0
1901,3.2531471252441406,3.1815595626831055,0,0
1902,3.270437717437744,3.193673610687256,0,0
1903,3.1846578121185303,3.2485756874084473,0,0
1904,3.3114421367645264,3.159775733947754,0,0
1905,3.551588535308838,3.26861834526062,1,1
1906,3.101365327835083,3.0952887535095215,0,0
1907,3.436537027359009,3.279317855834961,1,1
1908,2.5673229694366455,2.8117549419403076,0,0
1909,2.7731845378875732,2.8390932083129883,0,0
1910,3.480978488922119,3.232550859451294,1,1
1911,3.259727954864502,3.2056660652160645,0,0
1912,3.01688814163208,3.025345802307129,0,0
1913,2.7401885986328125,2.8487935066223145,0,0
1914,3.4864232540130615,3.1964426040649414,1,1
1915,3.7002816200256348,3.297511100769043,1,1
1916,3.546675443649292,3.4126758575439453,1,1
1917,3.258422374725342,3.1643548011779785,0,0
1918,2.7942378520965576,2.684921979904175,0,0
1919,3.093261241912842,3.0398831367492676,0,0
1920,3.1535656452178955,3.0811853408813477,0,0
1921,3.105947732925415,3.039374351501465,0,0
1922,3.0622785091400146,2.991295099258423,0,0
1923,3.303629159927368,3.1561994552612305,0,0
1924,3.498920440673828,3.332451820373535,1,1
1925,3.555670738220215,3.292008876800537,1,1
1926,3.448005199432373,3.2725131511688232,1,1
1927,3.3421552181243896,3.026062250137329,0,0
1928,3.630797863006592,3.2365291118621826,1,1
1929,3.4178402423858643,3.1834402084350586,1,1
1930,3.4784040451049805,3.1110692024230957,1,1
1931,3.1452107429504395,2.999382495880127,0,0
1932,3.542670965194702,3.1686818599700928,1,1
1933,3.6453750133514404,3.249368190765381,1,1
1934,2.964078903198242,2.595245838165283,0,0
1935,3.257507801055908,3.1248550415039062,0,0
1936,3.231376886367798,2.8699193000793457,0,0
1937,3.2789547443389893,3.0621533393859863,0,0
1938,3.2102293968200684,3.054586887359619,0,0
1939,3.3825480937957764,3.121682643890381,0,0
1940,3.3406479358673096,2.9334588050842285,0,0
1941,3.5137126445770264,3.225034713745117,1,1
1942,3.3976733684539795,3.1908888816833496,0,0
1943,3.758113145828247,3.304769515991211,1,1
1944,3.319957733154297,3.247926950454712,0,0
1945,3.403378963470459,3.0799474716186523,0,0
1946,3.0674245357513428,2.813899517059326,0,0
1947,3.193902015686035,2.94390606880188,0,0
1948,3.3835856914520264,3.0736773014068604,0,0
1949,3.1550633907318115,2.853260040283203,0,0
1950,3.411235809326172,2.916628360748291,1,1
1951,3.401280403137207,2.9447741508483887,0,0
1952,3.5151901245117188,3.02158784866333,1,1
1953,3.264702796936035,3.019080638885498,0,0
1954,3.5490636825561523,3.1320223808288574,1,1
1955,3.5992002487182617,3.2117700576782227,1,1
1956,3.7800326347351074,3.2429051399230957,1,1
1957,3.568807363510132,3.020270347595215,1,1
1958,3.6910400390625,3.4242489337921143,1,1
1959,3.898402214050293,3.446429491043091,1,1
1960,3.8105247020721436,3.4421043395996094,1,1
1961,3.346428394317627,3.0299291610717773,0,0
1962,3.826288938522339,3.397451639175415,1,1
1963,3.3902642726898193,3.2125487327575684,0,0
1964,3.1853771209716797,3.2881247997283936,0,0
1965,3.7215516567230225,3.385023593902588,1,1
1966,3.8426730632781982,3.3289623260498047,1,1
1967,3.4291470050811768,3.096928596496582,1,1
1968,3.6740920543670654,3.2334799766540527,1,1
1969,3.2075564861297607,3.2042407989501953,0,0
1970,3.7267911434173584,3.4386744499206543,1,1
1971,3.9969329833984375,3.7003862857818604,1,1
1972,3.884650707244873,3.4682228565216064,1,1
1973,2.9001641273498535,2.944903612136841,0,0
1974,3.2386019229888916,3.1224446296691895,0,0
1975,3.2394320964813232,2.8878021240234375,0,0
1976,3.3244402408599854,2.8598079681396484,0,0
1977,3.3578526973724365,3.041365146636963,0,0
1978,3.6310813426971436,2.9541006088256836,1,1
1979,2.775226593017578,2.6388473510742188,0,0
1980,2.8172495365142822,2.8697824478149414,0,0
1981,2.7789535522460938,2.697963237762451,0,0
1982,2.7545340061187744,2.6925387382507324,0,0
1983,3.3481078147888184,3.2268483638763428,0,0
1984,3.3072848320007324,3.435055732727051,0,0
1985,3.447664499282837,3.5690207481384277,1,1
1986,3.526479959487915,3.435746192932129,1,1
1987,3.263521194458008,3.375335216522217,0,0
1988,2.7679734230041504,2.8080992698669434,0,0
1989,3.2784271240234375,3.23105525970459,0,0
1990,3.2346901893615723,3.235535144805908,0,0
1991,3.122195243835449,3.1328322887420654,0,0
1992,3.3313705921173096,3.1047182083129883,0,0
1993,3.0357539653778076,3.0154285430908203,0,0
1994,3.541389226913452,3.2465732097625732,1,1
1995,3.5900845527648926,3.344646453857422,1,1
1996,3.170498847961426,2.9900052547454834,0,0
1997,3.225900411605835,3.0772852897644043,0,0
1998,3.2595276832580566,3.192166328430176,0,0
1999,3.5429630279541016,3.2740182876586914,1,1
2000,3.465447187423706,3.2818384170532227,1,1
2001,3.424922466278076,3.3969850540161133,1,1
2002,3.172811269760132,3.000290632247925,0,0
2003,3.3143882751464844,2.953324794769287,0,0
2004,3.531416893005371,3.1526150703430176,1,1
2005,3.4241416454315186,3.2944464683532715,1,1
2006,3.3075013160705566,3.1419320106506348,0,0
2007,3.605720043182373,3.3494482040405273,1,1
2008,3.450068235397339,3.1512105464935303,1,1
2009,3.4007623195648193,2.984081268310547,1,1
2010,3.0204272270202637,2.986584186553955,0,0
2011,3.866818904876709,3.032308340072632,1,1
2012,3.4195892810821533,3.1517579555511475,1,1
2013,3.72544002532959,3.3933427333831787,1,1
2014,3.5881187915802,3.235640048980713,1,1
2015,3.7967936992645264,3.4441752433776855,1,1
2016,4.076776504516602,3.514981985092163,1,1
2017,3.7963595390319824,3.4156761169433594,1,1
2018,3.636486053466797,3.326817512512207,1,1
2019,3.435380697250366,3.2421979904174805,1,1
2020,3.202667713165283,3.1232032775878906,0,0
2021,3.6468069553375244,3.3827950954437256,1,1
2022,3.3106954097747803,2.9757354259490967,0,0
2023,3.4004392623901367,3.054415702819824,0,0
2024,3.897864818572998,3.3068904876708984,1,1
2025,3.364931583404541,2.986119031906128,0,0
2026,3.355708599090576,3.115762710571289,0,0
2027,3.7711782455444336,3.2589292526245117,1,1
2028,3.3755364418029785,3.1091349124908447,0,0
2029,3.344465494155884,3.1499857902526855,0,0
2030,3.6225621700286865,3.1734912395477295,1,1
2031,3.5151867866516113,3.216478109359741,1,1
2032,3.288341999053955,3.15632963180542,0,0
2033,3.2985339164733887,2.9913101196289062,0,0
2034,3.282137155532837,3.0328054428100586,0,0
2035,3.1388347148895264,3.005232572555542,0,0
2036,3.662846088409424,3.2584972381591797,1,1
2037,3.0810940265655518,2.8909144401550293,0,0
2038,3.4455161094665527,3.1738836765289307,1,1
2039,3.333165407180786,3.148672580718994,0,0
2040,3.214947462081909,3.0085952281951904,0,0
2041,3.240253448486328,3.2570838928222656,0,0
2042,3.263573169708252,3.043398380279541,0,0
2043,2.948615789413452,2.851778984069824,0,0
2044,3.1333608627319336,3.028891086578369,0,0
2045,3.4175620079040527,3.304279088973999,1,1
2046,3.3772122859954834,3.1922378540039062,0,0
2047,3.6642560958862305,3.344235897064209,1,1
2048,3.4865264892578125,3.319957971572876,1,1
2049,3.5107858180999756,3.058419704437256,1,1
2050,3.3897507190704346,3.1074910163879395,1,1
2051,3.1624674797058105,2.7222564220428467,0,0
2052,3.224655866622925,2.880871295928955,0,0
2053,3.3878424167633057,2.8910391330718994,1,1
2054,4.135237693786621,2.9555745124816895,1,1
2055,3.3187620639801025,2.99715518951416,0,0
2056,3.1533925533294678,2.82568359375,0,0
2057,3.210820436477661,3.106760025024414,0,0
2058,3.0655410289764404,2.821448802947998,0,0
2059,3.4758760929107666,3.114783525466919,1,1
2060,3.490569829940796,2.8106350898742676,1,1
2061,3.431161403656006,3.0747876167297363,1,1
2062,3.259944200515747,2.7852511405944824,0,0
2063,3.3449718952178955,3.1171579360961914,0,0
2064,3.5869717597961426,3.065896511077881,1,1
2065,2.9920334815979004,2.840582847595215,0,0
2066,2.8725337982177734,2.7212142944335938,0,0
2067,3.2233026027679443,3.1105234622955322,0,0
2068,3.232113838195801,2.977665901184082,0,0
2069,2.9302213191986084,2.8196516036987305,0,0
2070,3.318021535873413,2.9815664291381836,0,0
2071,3.1611146926879883,3.0688016414642334,0,0
2072,3.457960605621338,3.0875463485717773,1,1
2073,3.1025097370147705,3.057290554046631,0,0
2074,2.9571027755737305,2.700540542602539,0,0
2075,3.239398956298828,3.164947748184204,0,0
2076,3.149897575378418,2.9766945838928223,0,0
2077,3.8876230716705322,3.1992104053497314,1,1
2078,3.8386683464050293,3.353419065475464,1,1
2079,3.533076763153076,3.283445358276367,1,1
2080,3.103041410446167,2.9618544578552246,0,0
2081,3.1936264038085938,3.151341438293457,0,0
2082,3.207052707672119,3.1782891750335693,0,0
2083,3.1946213245391846,3.2662980556488037,0,0
2084,3.543278932571411,3.375422239303589,1,1
2085,3.128828287124634,3.0404512882232666,0,0
2086,3.2761476039886475,3.0774223804473877,0,0
2087,3.5739569664001465,3.2719531059265137,1,1
2088,2.6133170127868652,2.5568456649780273,0,0
2089,2.6576075553894043,2.708869457244873,0,0
2090,3.1819217205047607,3.1682424545288086,0,0
2091,2.931774377822876,2.9464755058288574,0,0
2092,3.04856276512146,2.792266845703125,0,0
2093,3.357659101486206,3.2689616680145264,1,1
2094,3.8679471015930176,3.359570026397705,1,1
2095,3.310792922973633,3.272505760192871,0,0
2096,3.6426162719726562,3.3621633052825928,1,1
2097,3.199861764907837,3.0489349365234375,0,0
2098,3.319321632385254,2.9668846130371094,0,0
2099,3.6051902770996094,3.238955020904541,1,1
2100,3.4099550247192383,3.090676784515381,1,1
2101,3.621917247772217,3.2770791053771973,1,1
2102,3.6877198219299316,3.333664655685425,1,1
2103,3.6160919666290283,3.2560274600982666,1,1
2104,3.2904207706451416,2.98291277885437,0,0
2105,3.3486340045928955,3.0502450466156006,1,1
2106,3.4282124042510986,2.948720693588257,1,1
2107,2.980790376663208,2.957005739212036,0,0
2108,2.9523909091949463,2.833711624145508,0,0
2109,3.424818515777588,3.2835049629211426,1,1
2110,3.213549852371216,3.0326924324035645,0,0
2111,3.455598831176758,3.1757047176361084,1,1
2112,3.400104284286499,3.2358624935150146,1,1
2113,3.055943489074707,3.1244261264801025,0,0
2114,3.359072208404541,3.1490416526794434,1,1
2115,3.4497604370117188,3.2371768951416016,1,1
2116,3.1769943237304688,2.982975959777832,0,0
2117,3.363739490509033,3.163276195526123,1,1
2118,3.3593106269836426,3.1921143531799316,1,1
2119,3.2468082904815674,3.1472115516662598,0,0
2120,3.525052547454834,3.245685577392578,1,1
2121,3.4303133487701416,3.4503209590911865,1,1
2122,3.1982502937316895,3.2865028381347656,0,0
2123,3.4701430797576904,3.2219367027282715,1,1
2124,3.7019169330596924,3.475229263305664,1,1
2125,3.536513328552246,3.269899845123291,1,1
2126,3.586395025253296,3.1551661491394043,1,1
2127,3.1489462852478027,2.7937490940093994,0,0
2128,3.3103079795837402,2.6595005989074707,0,0
2129,3.1487839221954346,2.740023136138916,0,0
2130,3.2942821979522705,3.0086073875427246,0,0
2131,3.268099546432495,2.930720329284668,0,0
2132,3.3442912101745605,2.8249003887176514,0,0
2133,3.168869972229004,2.9667887687683105,0,0
2134,3.475773811340332,3.1899499893188477,1,1
2135,3.7707772254943848,3.1555404663085938,1,1
2136,3.516677141189575,3.166820526123047,1,1
2137,3.5998737812042236,3.355280637741089,1,1
2138,3.6338131427764893,3.3897037506103516,1,1
2139,3.4676249027252197,3.3521437644958496,1,1
2140,3.742081642150879,3.40503191947937,1,1
2141,3.340740919113159,2.8843135833740234,0,0
2142,3.3149068355560303,2.8906264305114746,0,0
2143,3.1643166542053223,2.8635411262512207,0,0
2144,3.4983537197113037,3.1202731132507324,1,1
2145,3.4692111015319824,3.1876659393310547,1,1
2146,3.439906358718872,3.0287766456604004,1,1
2147,2.8549537658691406,2.7844650745391846,0,0
2148,2.5247199535369873,2.672804355621338,0,0
2149,3.033278226852417,2.83404541015625,0,0
2150,3.5630576610565186,3.16872501373291,1,1
2151,3.233280658721924,3.1584959030151367,0,0
2152,3.0987868309020996,2.9309186935424805,0,0
2153,2.9457125663757324,3.011319875717163,0,0
2154,3.068773031234741,2.977994441986084,0,0
2155,3.3031058311462402,3.0583035945892334,0,0
2156,3.153231143951416,2.9172186851501465,0,0
2157,2.8675801753997803,2.7533254623413086,0,0
2158,2.8896121978759766,2.8579423427581787,0,0
2159,2.9355950355529785,2.9724864959716797,0,0
2160,2.7881510257720947,2.707892894744873,0,0
2161,3.2977914810180664,3.142693519592285,0,0
2162,2.9593613147735596,2.8309884071350098,0,0
2163,2.85391902923584,2.8337178230285645,0,0
2164,3.1478757858276367,2.9842147827148438,0,0
2165,3.0761563777923584,2.9689078330993652,0,0
2166,2.793840169906616,2.6331984996795654,0,0
2167,2.728475570678711,2.6463799476623535,0,0
2168,2.8620786666870117,2.7970430850982666,0,0
2169,2.948603630065918,2.802110195159912,0,0
2170,2.5716264247894287,2.5720467567443848,0,0
2171,2.9897499084472656,2.883535385131836,0,0
2172,3.411756992340088,3.237791061401367,1,1
2173,3.924561023712158,3.4095544815063477,1,1
2174,3.0695741176605225,2.887115716934204,0,0
2175,3.1274592876434326,2.7684736251831055,0,0
2176,3.389183521270752,3.243175983428955,1,1
2177,3.4449989795684814,3.2965688705444336,1,1
2178,3.498119831085205,3.3280205726623535,1,1
2179,3.735374927520752,3.3899428844451904,1,1
2180,3.25315523147583,3.0271267890930176,0,0
2181,3.4051084518432617,3.22463321685791,1,1
2182,3.5812153816223145,3.2371745109558105,1,1
2183,3.3815832138061523,2.9853639602661133,1,1
2184,3.1394219398498535,3.0112431049346924,0,0
2185,3.0014970302581787,2.8141140937805176,0,0
2186,2.9901585578918457,2.856271266937256,0,0
2187,3.135526657104492,2.989062547683716,0,0
2188,3.1100146770477295,2.8598837852478027,0,0
2189,2.611159086227417,2.465724468231201,0,0
2190,2.6863765716552734,2.6500847339630127,0,0
2191,2.9494123458862305,2.766702175140381,0,0
2192,3.0683579444885254,2.8220467567443848,0,0
2193,3.3401100635528564,2.97701358795166,1,1
2194,3.8129665851593018,3.473233699798584,1,1
2195,3.798666000366211,3.536050319671631,1,1
2196,3.8151650428771973,3.4589195251464844,1,1
2197,3.8183436393737793,3.4970457553863525,1,1
2198,3.745638608932495,3.3193228244781494,1,1
2199,3.508361577987671,3.3608078956604004,1,1
2200,3.7069618701934814,3.2664425373077393,1,1
2201,2.8628711700439453,2.7368834018707275,0,0
2202,3.388719320297241,3.156428813934326,1,1
2203,3.457233190536499,3.1746366024017334,1,1
2204,2.997854709625244,2.8957743644714355,0,0
2205,3.237159252166748,3.021557331085205,0,0
2206,3.3632004261016846,3.0764758586883545,1,1
2207,3.070659875869751,3.1208107471466064,0,0
2208,2.800447940826416,2.8440277576446533,0,0
2209,3.0895044803619385,3.0318734645843506,0,0
2210,2.9930472373962402,3.0607495307922363,0,0
2211,3.109282970428467,3.1517868041992188,0,0
2212,3.111584424972534,2.945380687713623,0,0
2213,3.046006679534912,2.842945098876953,0,0
2214,2.5286943912506104,2.5540237426757812,0,0
2215,2.6017980575561523,2.514631748199463,0,0
2216,2.9668726921081543,2.792865753173828,0,0
2217,3.016657590866089,2.7192139625549316,0,0
2218,3.174370050430298,2.8048462867736816,0,0
2219,3.24676775932312,2.875372886657715,0,0
2220,3.603541851043701,3.011636734008789,1,1
2221,3.032041072845459,2.779674530029297,0,0
2222,2.9585633277893066,2.640831470489502,0,0
2223,3.6017537117004395,3.356546640396118,1,1
2224,3.528015613555908,3.332683563232422,1,1
2225,3.5248098373413086,3.3088150024414062,1,1
2226,3.5971388816833496,3.227071762084961,1,1
2227,3.1984260082244873,3.036024332046509,0,0
2228,3.5856332778930664,3.3986403942108154,1,1
2229,3.4004430770874023,3.3348538875579834,1,1
2230,3.104372024536133,3.0098185539245605,0,0
2231,3.479727268218994,3.38297700881958,1,1
2232,3.554032325744629,3.3971264362335205,1,1
2233,3.3870725631713867,3.193192958831787,1,1
2234,3.475785732269287,3.103423595428467,1,1
2235,3.2778735160827637,3.034046173095703,1,1
2236,3.2505314350128174,2.909046173095703,0,0
2237,3.1375157833099365,3.0110392570495605,0,0
2238,2.760296583175659,2.629312038421631,0,0
2239,3.1540908813476562,2.879899740219116,0,0
2240,3.0633108615875244,2.924994945526123,0,0
2241,3.172163248062134,2.996058464050293,0,0
2242,3.069692850112915,2.8056869506835938,0,0
2243,3.36797833442688,3.070183038711548,1,1
2244,2.9779751300811768,2.8308160305023193,0,0
2245,3.2539892196655273,3.0736653804779053,0,0
2246,3.3672122955322266,3.0270395278930664,1,1
2247,3.445323944091797,3.1441614627838135,1,1
2248,3.1477949619293213,2.940448522567749,0,0
2249,2.937246561050415,2.890303611755371,0,0
2250,3.20992112159729,3.054720401763916,0,0
2251,3.2146995067596436,3.0337975025177,0,0
2252,3.406339168548584,3.1903512477874756,1,1
2253,3.317951202392578,3.193848133087158,1,1
2254,3.2865383625030518,3.136256456375122,1,1
2255,3.3283445835113525,3.195082187652588,1,1
2256,3.4594900608062744,3.3705265522003174,1,1
2257,3.2522876262664795,3.1487088203430176,0,0
2258,4.233396053314209,3.5138978958129883,1,1
2259,4.174779415130615,3.4180572032928467,1,1
2260,3.9560251235961914,3.4395880699157715,1,1
2261,3.7846460342407227,3.3144094944000244,1,1
2262,3.9512929916381836,3.4360148906707764,1,1
2263,3.0089497566223145,2.799612045288086,0,0
2264,3.414055109024048,3.316559076309204,1,1
2265,3.751185894012451,3.396035671234131,1,1
2266,3.7321479320526123,3.4772682189941406,1,1
2267,3.063863515853882,2.83701753616333,0,0
2268,3.2134785652160645,3.0333237648010254,0,0
2269,3.0547783374786377,2.9061121940612793,0,0
2270,3.0486552715301514,2.845658779144287,0,0
2271,2.8162460327148438,2.725273609161377,0,0
2272,3.4989380836486816,3.14920711517334,1,1
2273,3.7772085666656494,3.4857165813446045,1,1
2274,3.5322890281677246,3.5148606300354004,1,1
2275,3.1878318786621094,3.066592216491699,0,0
2276,3.3445770740509033,3.058394432067871,1,1
2277,3.5456924438476562,3.118196487426758,1,1
2278,3.680502414703369,3.334611654281616,1,1
2279,3.8008816242218018,3.336622953414917,1,1
2280,3.7631351947784424,3.375462055206299,1,1
2281,3.762009859085083,3.3040771484375,1,1
2282,3.6661176681518555,3.4973599910736084,1,1
2283,3.510307788848877,3.2828264236450195,1,1
2284,3.815063953399658,3.5851805210113525,1,1
2285,4.0042805671691895,3.6436190605163574,1,1
2286,3.1338605880737305,3.109583854675293,0,0
2287,3.5920908451080322,3.2025656700134277,1,1
2288,3.2405312061309814,3.0511281490325928,0,0
2289,3.3915960788726807,3.0697903633117676,1,1
2290,3.4351842403411865,3.1041207313537598,1,1
2291,3.119419813156128,2.9331369400024414,0,0
2292,3.362985372543335,3.3243231773376465,1,1
2293,3.7320332527160645,3.358616352081299,1,1
2294,3.694977045059204,3.564211368560791,1,1
2295,3.7447564601898193,3.569692611694336,1,1
2296,3.5911099910736084,3.5798912048339844,1,1
2297,3.346858024597168,3.3174209594726562,1,1
2298,3.89347505569458,3.4935600757598877,1,1
2299,3.379260778427124,3.1867880821228027,1,1
2300,3.3577938079833984,3.1778602600097656,1,1
2301,3.658386707305908,3.17887544631958,1,1
2302,3.1800618171691895,2.835142135620117,0,0
2303,3.0934150218963623,3.0158638954162598,0,0
2304,3.209369659423828,2.882680654525757,0,0
2305,3.220726251602173,3.013150930404663,0,0
2306,3.1912002563476562,2.918804407119751,0,0
2307,3.2701101303100586,2.866253614425659,0,0
2308,3.4005961418151855,2.9825005531311035,1,1
2309,3.4433541297912598,2.9749441146850586,1,1
2310,3.8584096431732178,3.3754420280456543,1,1
2311,3.6590921878814697,3.501713275909424,1,1
2312,3.0093510150909424,2.763423442840576,0,0
2313,3.1925251483917236,2.8476433753967285,0,0
2314,3.3810484409332275,2.874565601348877,1,1
2315,3.269057273864746,2.8904082775115967,0,0
2316,3.2293574810028076,2.9589829444885254,0,0
2317,3.209474802017212,3.166215419769287,0,0
2318,3.2641196250915527,2.7444915771484375,0,0
2319,3.382107734680176,3.0386905670166016,1,1
2320,3.5554652214050293,3.109783172607422,1,1
2321,3.4523696899414062,3.0821614265441895,1,1
2322,3.507112503051758,3.1003966331481934,1,1
2323,3.61789870262146,3.0596120357513428,1,1
2324,3.4332497119903564,3.1894283294677734,1,1
2325,3.301823139190674,3.128878593444824,0,0
2326,3.3080742359161377,3.128235340118408,1,1
2327,3.261528253555298,3.114269256591797,0,0
2328,3.29921293258667,2.9928488731384277,0,0
2329,3.6014347076416016,3.1566333770751953,1,1
2330,2.6389572620391846,2.7522406578063965,0,0
2331,2.9408926963806152,2.9159975051879883,0,0
2332,3.196382522583008,3.078294515609741,0,0
2333,3.2685513496398926,3.056826114654541,0,0
2334,3.310502529144287,3.1023497581481934,1,1
2335,3.5529377460479736,3.2759838104248047,1,1
2336,3.41196870803833,3.1835875511169434,1,1
2337,3.310840129852295,3.0893821716308594,1,1
2338,3.6726369857788086,3.3332769870758057,1,1
2339,3.9170455932617188,3.621002435684204,1,1
2340,3.863248109817505,3.3888444900512695,1,1
2341,4.229432582855225,3.4717323780059814,1,1
2342,3.643620252609253,3.2996675968170166,1,1
2343,3.021890163421631,3.0090761184692383,0,0
2344,3.2518458366394043,3.086648941040039,0,0
2345,3.103503465652466,3.1450674533843994,0,0
2346,3.2628307342529297,3.102428436279297,0,0
2347,2.9778223037719727,2.922769069671631,0,0
2348,3.1503894329071045,2.959165573120117,0,0
2349,3.446039915084839,3.0723118782043457,1,1
2350,3.4924468994140625,3.2007155418395996,1,1
2351,3.6101596355438232,3.3548455238342285,1,1
2352,3.6624808311462402,3.3336198329925537,1,1
2353,3.7370097637176514,3.4149529933929443,1,1
2354,3.7833051681518555,3.44388484954834,1,1
2355,2.820646047592163,2.874340057373047,0,0
2356,3.3070068359375,3.1175105571746826,1,1
2357,3.109116554260254,3.013324737548828,0,0
2358,3.2114713191986084,2.9942069053649902,0,0
2359,3.179262399673462,3.0640621185302734,0,0
2360,3.0740299224853516,3.0039420127868652,0,0
2361,2.845796823501587,2.7104945182800293,0,0
2362,3.376082181930542,3.2445390224456787,1,1
2363,3.0721402168273926,3.0186805725097656,0,0
2364,3.0860328674316406,2.893238067626953,0,0
2365,3.0028128623962402,2.796980381011963,0,0
2366,3.404370069503784,3.1942825317382812,1,1
2367,3.0081467628479004,3.0276591777801514,0,0
2368,3.060847282409668,3.0235519409179688,0,0
2369,3.2974419593811035,3.209601402282715,0,0
2370,3.12450909614563,2.9922099113464355,0,0
2371,3.257732391357422,3.127742290496826,0,0
2372,3.6178033351898193,3.2832651138305664,1,1
2373,3.502732992172241,3.256544351577759,1,1
2374,3.3332204818725586,3.0605626106262207,1,1
2375,3.5452256202697754,3.1575639247894287,1,1
2376,3.431879997253418,3.295727014541626,1,1
2377,3.0094120502471924,2.876359462738037,0,0
2378,3.472430944442749,3.1452431678771973,1,1
2379,3.6157689094543457,3.3329265117645264,1,1
2380,3.4032142162323,3.301593780517578,1,1
2381,3.520482301712036,3.391900062561035,1,1
2382,3.2795357704162598,3.3757424354553223,0,0
2383,3.609127998352051,3.225780963897705,1,1
2384,3.2801716327667236,3.0608391761779785,0,0
2385,3.5677101612091064,3.266143560409546,1,1
2386,3.607191562652588,3.4724903106689453,1,1
2387,3.8512468338012695,3.481992244720459,1,1
2388,3.7585322856903076,3.2482123374938965,1,1
2389,3.334961414337158,3.0947563648223877,0,0
2390,2.970552444458008,2.725769519805908,0,0
2391,2.821533203125,2.682955503463745,0,0
2392,2.760303497314453,2.771118640899658,0,0
2393,3.0030510425567627,2.7543387413024902,0,0
2394,2.3744492530822754,2.307051181793213,0,0
2395,3.0155231952667236,2.9534945487976074,0,0
2396,2.8728294372558594,2.7438926696777344,0,0
2397,3.3244776725769043,3.204622268676758,1,1
2398,3.1664936542510986,2.909794330596924,0,0
2399,3.691145181655884,3.1377339363098145,1,1
2400,3.27900767326355,3.0928049087524414,0,0
2401,3.565263032913208,3.051788330078125,1,1
2402,3.576467752456665,3.2295212745666504,1,1
2403,3.402965545654297,3.2160353660583496,1,1
2404,3.221667528152466,3.072361946105957,0,0
2405,2.956042528152466,3.226132869720459,0,0
2406,2.7141096591949463,2.68040132522583,0,0
2407,3.0689778327941895,2.9054646492004395,0,0
2408,2.9441933631896973,2.7834346294403076,0,0
2409,2.9872841835021973,2.998415470123291,0,0
2410,2.784519910812378,2.7065987586975098,0,0
2411,3.208156108856201,2.984795570373535,0,0
2412,2.727426290512085,2.6518661975860596,0,0
2413,3.2271077632904053,3.0190653800964355,0,0
2414,3.3748881816864014,3.244128942489624,1,1
2415,3.1524388790130615,3.2229561805725098,0,0
2416,3.6513943672180176,3.518946647644043,1,1
2417,3.451777935028076,3.4529008865356445,1,1
2418,3.4514453411102295,3.246250629425049,1,1
2419,2.95601487159729,2.8378963470458984,0,0
2420,3.2303011417388916,2.971403121948242,0,0
2421,2.9360859394073486,2.5660557746887207,0,0
2422,3.1337740421295166,2.8323116302490234,0,0
2423,3.18916654586792,2.955059051513672,0,0
2424,3.200925827026367,2.894052743911743,0,0
2425,2.760464668273926,2.5275418758392334,0,0
2426,3.377107858657837,3.216188430786133,1,1
2427,3.3276524543762207,3.181746482849121,1,1
2428,3.7274532318115234,3.342611312866211,1,1
2429,3.4871268272399902,3.173433303833008,1,1
2430,3.462651252746582,3.0561537742614746,1,1
2431,2.967653274536133,2.8312692642211914,0,0
2432,2.689556837081909,2.8844428062438965,0,0
2433,2.634124279022217,2.6847448348999023,0,0
2434,2.688868522644043,2.8570103645324707,0,0
2435,2.5471436977386475,2.57869815826416,0,0
2436,2.5436997413635254,2.699563980102539,0,0
2437,2.669612169265747,2.730750560760498,0,0
2438,3.243011951446533,2.9317874908447266,0,0
2439,3.2794189453125,3.082304000854492,0,0
2440,3.287308931350708,3.045840263366699,0,0
2441,3.5350258350372314,3.2989907264709473,1,1
2442,3.4399750232696533,3.2087020874023438,1,1
2443,3.2530033588409424,2.824791431427002,0,0
2444,3.4645891189575195,3.0230441093444824,1,1
2445,3.214611291885376,2.8333940505981445,0,0
2446,3.335885763168335,2.761096239089966,1,1
2447,3.4305789470672607,2.940727710723877,1,1
2448,3.126598596572876,2.672020435333252,0,0
2449,3.064030885696411,2.584033489227295,0,0
2450,3.3800692558288574,2.6831088066101074,1,1
2451,3.093620777130127,2.581392288208008,0,0
2452,3.488654851913452,2.7440218925476074,1,1
2453,3.3008623123168945,2.6886515617370605,0,0
2454,3.608535051345825,2.6883058547973633,1,1
2455,3.229400396347046,2.827021598815918,0,0
2456,3.2865307331085205,2.8154847621917725,0,0
2457,3.4596850872039795,2.981633186340332,1,1
2458,2.9729421138763428,2.7714948654174805,0,0
2459,3.3894050121307373,3.164536714553833,1,1
2460,3.4288556575775146,3.1680002212524414,1,1
2461,3.2679994106292725,3.090322732925415,0,0
2462,3.418006658554077,3.2031078338623047,1,1
2463,3.238565444946289,3.017122745513916,0,0
2464,3.3264808654785156,2.9943442344665527,1,1
2465,3.443950653076172,3.2463278770446777,1,1
2466,3.6138641834259033,3.3457677364349365,1,1
2467,3.4365596771240234,3.1438546180725098,1,1
2468,3.455749750137329,3.233860969543457,1,1
2469,3.2974047660827637,2.9861621856689453,0,0
2470,3.0647666454315186,2.8588650226593018,0,0
2471,3.338308334350586,3.049131393432617,1,1
2472,3.2046890258789062,2.987675428390503,0,0
2473,3.4385385513305664,3.048516035079956,1,1
2474,3.2521517276763916,3.0375783443450928,0,0
2475,3.275045156478882,2.8422389030456543,0,0
2476,3.407766103744507,3.1469192504882812,1,1
2477,3.290376663208008,3.0149223804473877,0,0
2478,3.8507144451141357,3.2416157722473145,1,1
2479,3.1410655975341797,3.013824224472046,0,0
2480,3.417828321456909,3.215831756591797,1,1
2481,3.072927236557007,3.052746057510376,0,0
2482,2.9313690662384033,2.8273632526397705,0,0
2483,3.504023313522339,3.0191986560821533,1,1
2484,3.48690128326416,3.3113560676574707,1,1
2485,3.6401045322418213,3.4231417179107666,1,1
2486,3.6175055503845215,3.2181053161621094,1,1
2487,3.6708106994628906,3.2469892501831055,1,1
2488,3.708341598510742,3.383619546890259,1,1
2489,3.8491275310516357,3.3539037704467773,1,1
2490,4.035902500152588,3.393345355987549,1,1
2491,3.821242332458496,3.4033658504486084,1,1
2492,4.089052200317383,3.539140462875366,1,1
2493,3.4891300201416016,3.0626955032348633,1,1
2494,3.6890149116516113,3.351766586303711,1,1
2495,3.337297201156616,3.1379427909851074,1,1
2496,3.4342026710510254,3.138054609298706,1,1
2497,3.584214687347412,3.22859525680542,1,1
2498,3.1707253456115723,3.0706052780151367,0,0
2499,3.3727502822875977,2.956481456756592,1,1
2500,3.4196150302886963,3.353335380554199,1,1
2501,3.379424571990967,3.0916144847869873,1,1
2502,3.1117312908172607,3.078399181365967,0,0
2503,3.024881601333618,2.901360034942627,0,0
2504,3.028364896774292,2.9910359382629395,0,0
2505,3.1705942153930664,3.045433759689331,0,0
2506,3.35184645652771,2.946967124938965,1,1
2507,3.2918307781219482,3.1797990798950195,0,0
2508,2.8091139793395996,2.697181224822998,0,0
2509,3.173213481903076,3.1048431396484375,0,0
2510,2.9896740913391113,2.6444218158721924,0,0
2511,2.7673745155334473,2.6992316246032715,0,0
2512,2.8551125526428223,2.7469472885131836,0,0
2513,3.1926207542419434,2.9542226791381836,0,0
2514,2.9712915420532227,2.684886932373047,0,0
2515,3.395709991455078,2.900799036026001,1,1
2516,3.3579347133636475,2.973355770111084,1,1
2517,3.4615895748138428,3.0554091930389404,1,1
2518,3.3558242321014404,2.940531015396118,1,1
2519,3.1450984477996826,2.8470635414123535,0,0
2520,3.228236675262451,3.0559029579162598,0,0
2521,3.1354594230651855,3.1004509925842285,0,0
2522,3.398326873779297,3.14949893951416,1,1
2523,3.6539385318756104,3.2843594551086426,1,1
2524,3.479130506515503,3.380581855773926,1,1
2525,3.6382827758789062,3.5466158390045166,1,1
2526,3.4082210063934326,3.0909759998321533,1,1
2527,3.131957530975342,2.994884967803955,0,0
2528,3.6596505641937256,3.188387155532837,1,1
2529,3.6915509700775146,3.343916893005371,1,1
2530,3.02152943611145,2.8309926986694336,0,0
2531,3.1311168670654297,3.222121238708496,0,0
2532,3.3543970584869385,3.102482318878174,1,1
2533,3.1866681575775146,3.143435001373291,0,0
2534,3.2331619262695312,3.1404597759246826,0,0
2535,3.6854841709136963,3.207176685333252,1,1
2536,3.7807514667510986,2.984405040740967,1,1
2537,3.525087356567383,3.369717836380005,1,1
2538,3.380511999130249,3.28525972366333,1,1
2539,3.5537021160125732,3.356152057647705,1,1
2540,3.001173973083496,2.8362860679626465,0,0
2541,3.0896284580230713,2.936148166656494,0,0
2542,3.3864316940307617,3.077144145965576,1,1
2543,3.2739529609680176,3.1049885749816895,0,0
2544,3.387495279312134,3.144387722015381,1,1
2545,3.3659327030181885,3.0225415229797363,1,1
2546,3.34134840965271,3.046231269836426,1,1
2547,3.413632869720459,3.102604627609253,1,1
2548,3.46003794670105,3.217008113861084,1,1
2549,3.3267877101898193,3.1139302253723145,1,1
2550,3.342484951019287,3.041268825531006,1,1
2551,3.821953535079956,3.366966724395752,1,1
2552,3.448244333267212,3.034768581390381,1,1
2553,3.2912094593048096,2.990614414215088,0,0
2554,3.3791775703430176,3.0669894218444824,1,1
2555,3.8884756565093994,3.5991933345794678,1,1
2556,3.508575916290283,3.241455078125,1,1
2557,3.720576286315918,3.129741668701172,1,1
2558,3.0012571811676025,2.7243237495422363,0,0
2559,3.396500825881958,3.122324228286743,1,1
2560,3.1929574012756348,2.953969955444336,0,0
2561,3.1707019805908203,2.9572231769561768,0,0
2562,3.212368965148926,2.860720157623291,0,0
2563,2.854747772216797,2.525521755218506,0,0
2564,3.4393410682678223,2.9662716388702393,1,1
2565,3.5775065422058105,3.1351001262664795,1,1
2566,3.379650115966797,3.289376735687256,1,1
2567,3.6275391578674316,3.308805465698242,1,1
2568,3.653139114379883,3.3700437545776367,1,1
2569,3.570277690887451,3.367435932159424,1,1
2570,3.912804126739502,3.5926754474639893,1,1
2571,3.3914167881011963,3.1932859420776367,1,1
2572,3.8750500679016113,3.357501983642578,1,1
2573,3.4556567668914795,3.0399081707000732,1,1
2574,3.419764518737793,3.2479121685028076,1,1
2575,3.5204079151153564,3.3770833015441895,1,1
2576,3.214589834213257,3.3529834747314453,0,0
2577,3.5668489933013916,3.336573839187622,1,1
2578,3.154886245727539,3.1962499618530273,0,0
2579,3.2387430667877197,3.2917401790618896,0,0
2580,3.6476800441741943,3.4435641765594482,1,1
2581,3.5025246143341064,3.4166505336761475,1,1
2582,3.7790024280548096,3.5653252601623535,1,1
2583,3.4273784160614014,3.2519783973693848,1,1
2584,3.2860543727874756,3.1841390132904053,0,0
2585,3.3927927017211914,3.3090600967407227,1,1
2586,3.3712196350097656,3.230839967727661,1,1
2587,3.5729103088378906,3.3785207271575928,1,1
2588,3.6071689128875732,3.2751026153564453,1,1
2589,3.3576390743255615,3.0532350540161133,1,1
2590,3.133570671081543,3.1049561500549316,0,0
2591,3.275923252105713,3.1113035678863525,0,0
2592,3.5249786376953125,3.194517135620117,1,1
2593,3.4633049964904785,3.1656014919281006,1,1
2594,3.2726147174835205,3.146759510040283,0,0
2595,3.2248921394348145,2.96864914894104,0,0
2596,3.28872013092041,2.879981517791748,0,0
2597,3.3969244956970215,3.171454668045044,1,1
2598,3.0427427291870117,2.6044254302978516,0,0
2599,3.2894890308380127,2.937757968902588,0,0
2600,3.155087947845459,2.650897741317749,0,0
2601,3.040083885192871,2.7868080139160156,0,0
2602,3.250279188156128,2.8708224296569824,0,0
2603,2.977837085723877,2.672961950302124,0,0
2604,3.6495912075042725,3.076821804046631,1,1
2605,3.587212324142456,2.948575019836426,1,1
2606,3.8635013103485107,3.5575385093688965,1,1
2607,3.879343032836914,3.344175100326538,1,1
2608,3.8589913845062256,3.3766956329345703,1,1
2609,3.8917384147644043,3.455751895904541,1,1
2610,4.006685256958008,3.5418381690979004,1,1
2611,3.6676206588745117,3.041051149368286,1,1
2612,3.3790717124938965,3.030637264251709,1,1
2613,3.044149160385132,2.9372944831848145,0,0
2614,3.1411287784576416,3.0657103061676025,0,0
2615,3.8378994464874268,3.454667329788208,1,1
2616,3.510648250579834,3.311476230621338,1,1
2617,3.0012521743774414,2.8951635360717773,0,0
2618,3.7059524059295654,3.4366579055786133,1,1
2619,3.4120137691497803,3.3692755699157715,1,1
2620,3.2785449028015137,2.968949794769287,0,0
2621,2.6478688716888428,2.75270414352417,0,0
2622,3.1351680755615234,3.185641288757324,0,0
2623,2.6850850582122803,2.9079627990722656,0,0
2624,2.9863150119781494,2.7584829330444336,0,0
2625,3.2919204235076904,3.1025052070617676,0,0
2626,3.510097026824951,3.479731559753418,1,1
2627,3.382260322570801,3.3687191009521484,1,1
2628,3.4484057426452637,3.3356027603149414,1,1
2629,3.8888189792633057,3.507265090942383,1,1
2630,3.35760760307312,3.1220321655273438,0,0
2631,3.424657106399536,3.158323287963867,1,1
2632,3.448857307434082,3.39524507522583,1,1
2633,3.4710466861724854,3.238205909729004,1,1
2634,3.594506025314331,3.3188893795013428,1,1
2635,3.586906671524048,3.1667189598083496,1,1
2636,3.5005457401275635,3.244211435317993,1,1
2637,3.382523775100708,3.4143295288085938,1,1
2638,3.372877836227417,3.3678202629089355,0,0
2639,3.4416000843048096,3.312474012374878,1,1
2640,3.767204523086548,3.461749792098999,1,1
2641,3.1300296783447266,3.014615058898926,0,0
2642,4.156477451324463,3.5612549781799316,1,1
2643,3.203324794769287,2.837996006011963,0,0
2644,3.786750078201294,3.2134854793548584,1,1
2645,3.4889423847198486,3.1325721740722656,1,1
2646,3.44865345954895,2.959918975830078,1,1
2647,3.2978768348693848,2.982363224029541,0,0
2648,3.3843836784362793,2.9733595848083496,0,0
2649,3.5575904846191406,3.2954678535461426,1,1
2650,3.210191249847412,2.916348695755005,0,0
2651,2.9929699897766113,2.9812700748443604,0,0
2652,3.1838936805725098,3.0000784397125244,0,0
2653,3.028103828430176,3.076401948928833,0,0
2654,3.1244726181030273,2.880496025085449,0,0
2655,3.1462676525115967,2.9108948707580566,0,0
2656,3.4550251960754395,3.1970677375793457,1,1
2657,3.60288405418396,3.2410340309143066,1,1
2658,3.060985565185547,2.7936549186706543,0,0
2659,3.095797300338745,2.860656261444092,0,0
2660,3.1035420894622803,2.887051582336426,0,0
2661,3.423229694366455,3.0543212890625,1,1
2662,3.2389309406280518,3.006756067276001,0,0
2663,3.1797516345977783,3.001791477203369,0,0
2664,2.7819881439208984,2.673429489135742,0,0
2665,3.0994091033935547,3.0130624771118164,0,0
2666,3.1443960666656494,3.0627095699310303,0,0
2667,3.0132968425750732,2.8949923515319824,0,0
2668,2.9479148387908936,2.852116584777832,0,0
2669,3.253633499145508,3.0337166786193848,0,0
2670,3.239368200302124,2.8900129795074463,0,0
2671,3.3016555309295654,3.007417678833008,0,0
2672,3.208545684814453,2.9523801803588867,0,0
2673,3.0685698986053467,3.033198356628418,0,0
2674,3.1998281478881836,3.1768593788146973,0,0
2675,3.040156841278076,2.8681254386901855,0,0
2676,2.851862907409668,2.565176486968994,0,0
2677,3.4531846046447754,3.1659514904022217,1,1
2678,3.116919994354248,2.8022499084472656,0,0
2679,2.992851972579956,2.692911386489868,0,0
2680,3.3028128147125244,3.059727191925049,0,0
2681,3.3609418869018555,2.8165464401245117,0,0
2682,3.3736064434051514,2.9822158813476562,0,0
2683,3.341233253479004,3.057767391204834,0,0
2684,2.8391385078430176,2.71592378616333,0,0
2685,3.2285540103912354,2.8305935859680176,0,0
2686,3.45123553276062,3.0203497409820557,1,1
2687,3.387272357940674,2.886599063873291,1,1
2688,3.2687337398529053,2.834489345550537,0,0
2689,3.2530133724212646,2.750596046447754,0,0
2690,3.2570271492004395,2.8138866424560547,0,0
2691,3.171226739883423,2.9681906700134277,0,0
2692,3.233104705810547,2.9643280506134033,0,0
2693,2.6180877685546875,2.5157535076141357,0,0
2694,3.364257335662842,3.2213382720947266,1,1
2695,3.3732171058654785,3.3342909812927246,1,1
2696,3.4452741146087646,3.364638328552246,1,1
2697,3.522101640701294,3.3024795055389404,1,1
2698,4.04862642288208,3.378890037536621,1,1
2699,3.9544200897216797,3.4626314640045166,1,1
2700,2.864431381225586,2.7432737350463867,0,0
2701,3.285522222518921,3.1084177494049072,0,0
2702,3.1945579051971436,3.112191677093506,0,0
2703,3.6763720512390137,3.5155954360961914,1,1
2704,3.8737170696258545,3.3966686725616455,1,1
2705,3.8130710124969482,3.3195128440856934,1,1
2706,3.6844968795776367,3.2431488037109375,1,1
2707,3.6810736656188965,3.4554543495178223,1,1
2708,3.7915823459625244,3.311758041381836,1,1
2709,3.398597002029419,3.297092914581299,1,1
2710,3.4793179035186768,3.38480806350708,1,1
2711,3.386478900909424,3.4611430168151855,1,1
2712,3.5617129802703857,3.329993486404419,1,1
2713,3.6318471431732178,3.2782554626464844,1,1
2714,3.3409745693206787,3.2026209831237793,0,0
2715,3.331580638885498,3.0771541595458984,0,0
2716,3.619969606399536,3.334667682647705,1,1
2717,3.161306142807007,2.95332407951355,0,0
2718,3.4567947387695312,3.1270089149475098,1,1
2719,3.5659732818603516,3.2275686264038086,1,1
2720,3.24629807472229,2.9723870754241943,0,0
2721,3.3763427734375,3.130800724029541,0,0
2722,3.927326202392578,3.450246572494507,1,1
2723,3.354508638381958,3.1160359382629395,0,0
2724,3.5378758907318115,3.0264904499053955,1,1
2725,3.0752649307250977,2.9235544204711914,0,0
2726,3.2956490516662598,2.956474781036377,0,0
2727,3.1823830604553223,2.9923906326293945,0,0
2728,3.715708017349243,3.2453458309173584,1,1
2729,3.301272392272949,3.058746337890625,0,0
2730,3.4965248107910156,3.044619560241699,1,1
2731,3.683440923690796,3.2079660892486572,1,1
2732,3.560007095336914,3.271916627883911,1,1
2733,3.444164752960205,2.9852607250213623,1,1
2734,3.640895128250122,3.372337818145752,1,1
2735,3.3204734325408936,3.018805742263794,0,0
2736,3.3568356037139893,2.9643266201019287,0,0
2737,3.061642646789551,3.0953636169433594,0,0
2738,3.503618001937866,3.4697372913360596,1,1
2739,2.9970226287841797,2.998216152191162,0,0
2740,2.525332450866699,2.447566509246826,0,0
2741,2.647465705871582,2.6328577995300293,0,0
2742,2.90637469291687,3.0178158283233643,0,0
2743,2.897162675857544,3.0020570755004883,0,0
2744,2.949890375137329,3.0451040267944336,0,0
2745,3.0072546005249023,3.0967788696289062,0,0
2746,3.1586697101593018,3.1314854621887207,0,0
2747,3.0734622478485107,3.136117458343506,0,0
2748,3.008681535720825,3.0118443965911865,0,0
2749,2.864123821258545,2.796957492828369,0,0
2750,3.195342540740967,2.95111083984375,0,0
2751,3.034167766571045,2.9681248664855957,0,0
2752,2.665579319000244,2.6641368865966797,0,0
2753,2.6488096714019775,2.7158539295196533,0,0
2754,2.563199043273926,2.5816287994384766,0,0
2755,2.424318313598633,2.453796148300171,0,0
2756,2.7944581508636475,2.7598164081573486,0,0
2757,2.750715970993042,2.772385835647583,0,0
2758,3.121493339538574,2.883279323577881,0,0
2759,2.989562749862671,2.814493417739868,0,0
2760,2.7661397457122803,2.6117358207702637,0,0
2761,3.4008641242980957,3.2054858207702637,1,1
2762,3.7007431983947754,3.4678878784179688,1,1
2763,3.9963126182556152,3.4862864017486572,1,1
2764,3.5361833572387695,3.1083292961120605,1,1
2765,3.216900587081909,3.0705084800720215,0,0
2766,2.9863550662994385,2.7851650714874268,0,0
2767,3.709486246109009,2.794635534286499,1,1
2768,3.5057873725891113,3.1846299171447754,1,1
2769,2.9443106651306152,2.9861350059509277,0,0
2770,3.3325979709625244,3.012270450592041,0,0
2771,3.0243732929229736,2.6748294830322266,0,0
2772,3.4116921424865723,3.0281803607940674,1,1
2773,3.035255193710327,2.9000396728515625,0,0
2774,2.9169790744781494,2.8323209285736084,0,0
2775,3.3488986492156982,3.145296573638916,1,1
2776,3.32026743888855,2.971923351287842,1,1
2777,3.0828299522399902,2.861340045928955,0,0
2778,2.7262191772460938,2.8049068450927734,0,0
2779,3.2329866886138916,3.2317869663238525,0,0
2780,2.958308219909668,2.9685754776000977,0,0
2781,3.3250582218170166,3.117274284362793,1,1
2782,3.1938588619232178,2.967714548110962,0,0
2783,3.4541923999786377,3.260852336883545,1,1
2784,3.755204916000366,3.4334287643432617,1,1
2785,3.4668071269989014,3.3054347038269043,1,1
2786,3.8056716918945312,3.3477940559387207,1,1
2787,4.158483982086182,3.8907837867736816,1,1
2788,3.5788230895996094,3.3272197246551514,1,1
2789,2.6778066158294678,2.7960658073425293,0,0
2790,3.3595573902130127,3.1397173404693604,1,1
2791,3.4097092151641846,3.258796453475952,1,1
2792,3.2598025798797607,3.3068289756774902,0,0
2793,3.0556371212005615,3.1372323036193848,0,0
2794,3.1313774585723877,3.0591673851013184,0,0
2795,2.950446844100952,2.8938965797424316,0,0
2796,3.2544753551483154,3.183133840560913,0,0
2797,3.3875489234924316,3.2780845165252686,1,1
2798,2.694662570953369,2.675875186920166,0,0
2799,3.0172934532165527,3.0025668144226074,0,0
2800,2.8647427558898926,2.860572338104248,0,0
2801,3.2541332244873047,3.1131129264831543,0,0
2802,3.3579084873199463,3.3363518714904785,1,1
2803,3.5116279125213623,3.369938373565674,1,1
2804,2.8475637435913086,2.574530601501465,0,0
2805,3.0597951412200928,2.9316062927246094,0,0
2806,2.980698823928833,2.8119373321533203,0,0
2807,3.1977617740631104,2.9047112464904785,0,0
2808,2.9907820224761963,2.898383140563965,0,0
2809,3.3115110397338867,3.2769064903259277,1,1
2810,3.085967779159546,3.019678831100464,0,0
2811,3.4098033905029297,3.2833704948425293,1,1
2812,3.3184003829956055,3.1857104301452637,1,1
2813,3.1278605461120605,3.059809923171997,0,0
2814,3.100235939025879,3.0561063289642334,0,0
2815,2.9991037845611572,2.8035879135131836,0,0
2816,3.6339550018310547,3.3577523231506348,1,1
2817,3.4950554370880127,3.153775453567505,1,1
2818,3.451856851577759,3.2162740230560303,1,1
2819,3.3660058975219727,3.175891876220703,1,1
2820,4.123286247253418,3.500626564025879,1,1
2821,3.625206708908081,3.333806037902832,1,1
2822,3.5747451782226562,3.307025194168091,1,1
2823,3.5346672534942627,3.268744468688965,1,1
2824,3.609356641769409,3.3633689880371094,1,1
2825,3.6804676055908203,3.350210666656494,1,1
2826,3.822395086288452,3.3740363121032715,1,1
2827,3.9853687286376953,3.623230218887329,1,1
2828,3.634519577026367,3.3384580612182617,1,1
2829,4.164930820465088,3.834395170211792,1,1
2830,3.330465793609619,3.130648612976074,1,1
2831,3.456151008605957,3.231581687927246,1,1
2832,3.327394485473633,3.2791495323181152,1,1
2833,3.6808862686157227,3.4440410137176514,1,1
2834,3.3109240531921387,3.3456406593322754,1,1
2835,3.192857265472412,2.8339691162109375,0,0
2836,2.8156638145446777,2.296107292175293,0,0
2837,3.4316534996032715,2.864962100982666,1,1
2838,3.3779401779174805,3.118962287902832,1,1
2839,3.5615394115448,3.3157858848571777,1,1
2840,3.520956516265869,3.4389047622680664,1,1
2841,3.1074469089508057,3.0489144325256348,0,0
2842,4.066758155822754,3.52882981300354,1,1
2843,3.372364044189453,3.0964131355285645,1,1
2844,2.961146116256714,2.8147780895233154,0,0
2845,3.643756866455078,3.3564467430114746,1,1
2846,3.4353933334350586,3.027400016784668,1,1
2847,3.0278067588806152,2.775670051574707,0,0
2848,3.441455841064453,3.029684066772461,1,1
2849,3.3452866077423096,3.1015307903289795,1,1
2850,3.8490347862243652,3.4509904384613037,1,1
2851,3.4361445903778076,3.118234634399414,1,1
2852,3.2287445068359375,2.986262798309326,0,0
2853,3.7322194576263428,3.2472047805786133,1,1
2854,3.2491772174835205,3.152148723602295,0,0
2855,3.5169591903686523,3.0952188968658447,1,1
2856,2.947237253189087,2.6776821613311768,0,0
2857,3.286806106567383,3.08920955657959,0,0
2858,3.496739149093628,3.0931875705718994,1,1
2859,3.400628089904785,3.198671340942383,1,1
2860,3.4270434379577637,3.262263774871826,1,1
2861,3.287196636199951,3.163674831390381,0,0
2862,3.282574415206909,2.9817233085632324,0,0
2863,3.2247560024261475,3.1112589836120605,0,0
2864,3.1426587104797363,3.0750436782836914,0,0
2865,3.2472593784332275,2.9263129234313965,0,0
2866,3.100797653198242,2.9085030555725098,0,0
2867,3.4234583377838135,3.1276540756225586,1,1
2868,3.6216368675231934,3.2041754722595215,1,1
2869,3.576359987258911,3.3748843669891357,1,1
2870,3.4309754371643066,3.210244655609131,1,1
2871,3.3101084232330322,3.2412757873535156,0,0
2872,3.645554542541504,3.3615970611572266,1,1
2873,3.1086814403533936,3.1158933639526367,0,0
2874,3.497352123260498,3.3072586059570312,1,1
2875,3.6633641719818115,3.2627453804016113,1,1
2876,3.1297266483306885,2.9249324798583984,0,0
2877,3.365440607070923,3.1725566387176514,1,1
2878,3.407512664794922,3.042179584503174,1,1
2879,3.2154808044433594,3.095242977142334,0,0
2880,3.183917760848999,3.0871124267578125,0,0
2881,3.237466812133789,3.040648937225342,0,0
2882,3.466059923171997,3.16623592376709,1,1
2883,3.437593460083008,3.2526063919067383,1,1
2884,3.4467172622680664,3.122424364089966,1,1
2885,2.8182461261749268,2.5420174598693848,0,0
2886,3.222904920578003,2.951143980026245,0,0
2887,3.2606213092803955,2.861154556274414,0,0
2888,3.071237325668335,2.866659641265869,0,0
2889,3.0493109226226807,2.950714588165283,0,0
2890,3.4788386821746826,3.1500678062438965,1,1
2891,3.2552340030670166,3.0743911266326904,0,0
2892,3.7373745441436768,3.050668478012085,1,1
2893,3.412844657897949,3.1837306022644043,1,1
2894,3.241058826446533,2.873689889907837,0,0
2895,3.229212522506714,2.60141658782959,0,0
2896,3.7741358280181885,3.2330634593963623,1,1
2897,3.151731014251709,2.7637898921966553,0,0
2898,3.178893566131592,2.712407350540161,0,0
2899,3.328815460205078,2.9715962409973145,0,0
2900,2.8017349243164062,2.511742115020752,0,0
2901,3.026271104812622,2.6207916736602783,0,0
2902,2.9938817024230957,2.5865297317504883,0,0
2903,2.5087711811065674,2.322777032852173,0,0
2904,2.750417709350586,2.5419769287109375,0,0
2905,2.648482322692871,2.5578064918518066,0,0
2906,2.5917227268218994,2.5666754245758057,0,0
2907,2.6136631965637207,2.4347970485687256,0,0
2908,2.7692015171051025,2.4753165245056152,0,0
2909,2.447859287261963,2.3397486209869385,0,0
2910,2.9284393787384033,2.475095510482788,0,0
2911,2.5159859657287598,2.3103342056274414,0,0
2912,2.8891046047210693,2.6960854530334473,0,0
2913,2.834883451461792,2.497035503387451,0,0
2914,3.169844150543213,2.8725271224975586,0,0
2915,2.5162014961242676,2.1536574363708496,0,0
2916,2.941861867904663,2.6334877014160156,0,0
2917,2.854198932647705,2.6648483276367188,0,0
2918,2.989236831665039,2.8699164390563965,0,0
2919,3.176589250564575,2.9962191581726074,0,0
2920,3.7740001678466797,3.5808002948760986,1,1
2921,3.3348522186279297,3.0593409538269043,1,1
2922,3.788966655731201,3.2181732654571533,1,1
2923,3.4552626609802246,3.199319839477539,1,1
2924,3.6359450817108154,3.2095096111297607,1,1
2925,3.375135660171509,2.954587697982788,1,1
2926,3.2786145210266113,2.965811252593994,1,1
2927,3.2524220943450928,2.8612704277038574,0,0
2928,3.119690179824829,2.9493460655212402,0,0
2929,3.614642381668091,3.1623687744140625,1,1
2930,2.7275266647338867,2.536233901977539,0,0
2931,3.237842321395874,2.9516873359680176,0,0
2932,3.5080325603485107,3.2853379249572754,1,1
2933,3.5459437370300293,3.090366840362549,1,1
2934,3.592172622680664,3.3681564331054688,1,1
2935,3.7466108798980713,3.3588500022888184,1,1
2936,3.78873872756958,3.355194091796875,1,1
2937,3.676316261291504,3.2881150245666504,1,1
2938,3.821141242980957,3.4846906661987305,1,1
2939,3.3191096782684326,3.1052908897399902,1,1
2940,3.4833829402923584,3.3606605529785156,1,1
2941,3.0490903854370117,3.1515562534332275,0,0
2942,3.297821044921875,3.2672791481018066,1,1
2943,2.5710880756378174,2.523576259613037,0,0
2944,3.6744744777679443,3.482910633087158,1,1
2945,3.446768283843994,3.2206201553344727,1,1
2946,3.733591318130493,3.4275832176208496,1,1
2947,3.6170060634613037,3.2576754093170166,1,1
2948,3.7066967487335205,3.376026153564453,1,1
2949,3.723330497741699,3.5521278381347656,1,1
2950,3.286512613296509,3.230286121368408,0,0
2951,3.203300714492798,3.1382222175598145,0,0
2952,3.3992159366607666,3.1993322372436523,1,1
2953,3.4889328479766846,3.075460910797119,1,1
2954,3.4400534629821777,3.223944664001465,1,1
2955,3.49446177482605,3.3153560161590576,1,1
2956,3.625258445739746,3.137160301208496,1,1
2957,2.923774480819702,2.943239688873291,0,0
2958,3.322476863861084,3.0869126319885254,0,0
2959,3.5475268363952637,3.2538115978240967,1,1
2960,3.2401721477508545,3.1453592777252197,0,0
2961,3.3174126148223877,2.970848321914673,0,0
2962,3.2908480167388916,3.2075376510620117,0,0
2963,3.6539721488952637,3.209395170211792,1,1
2964,3.4719252586364746,3.0973873138427734,1,1
2965,3.162057876586914,2.833503007888794,0,0
2966,2.949599027633667,2.8231616020202637,0,0
2967,3.0377373695373535,2.848804473876953,0,0
2968,2.7659294605255127,2.7577970027923584,0,0
2969,3.3376901149749756,2.9800000190734863,1,1
2970,3.083601713180542,3.0309648513793945,0,0
2971,3.5930938720703125,3.3036048412323,1,1
2972,3.429201602935791,2.968526840209961,1,1
2973,3.8622236251831055,3.204573631286621,1,1
2974,3.6822667121887207,3.1601269245147705,1,1
2975,3.6169567108154297,3.087430477142334,1,1
2976,3.499437093734741,3.04219651222229,1,1
2977,3.5817699432373047,3.0343077182769775,1,1
2978,3.3460230827331543,3.053518533706665,1,1
2979,3.528729200363159,3.0913655757904053,1,1
2980,3.2691128253936768,2.8449158668518066,0,0
2981,3.3685829639434814,2.988635540008545,1,1
2982,3.0724904537200928,2.93766713142395,0,0
2983,3.022228479385376,2.885969400405884,0,0
2984,3.6117305755615234,3.2047719955444336,1,1
2985,3.5369174480438232,3.277423858642578,1,1
2986,2.9530951976776123,2.909642457962036,0,0
2987,3.5001587867736816,3.1870405673980713,1,1
2988,3.524543285369873,3.0337929725646973,1,1
2989,3.2461588382720947,3.0751571655273438,0,0
2990,3.612680435180664,3.1858739852905273,1,1
2991,3.5395381450653076,3.3330764770507812,1,1
2992,3.3359155654907227,3.065429210662842,1,1
2993,3.5645906925201416,3.295222759246826,1,1
2994,3.496203899383545,3.422654390335083,1,1
2995,3.5984504222869873,3.461639404296875,1,1
2996,3.4861440658569336,3.4353342056274414,1,1
2997,2.940000057220459,3.0061166286468506,0,0
2998,3.303896903991699,3.3330307006835938,0,0
2999,3.150402545928955,2.882923126220703,0,0
3000,2.5393803119659424,2.5050101280212402,0,0
3001,2.880323886871338,2.836552143096924,0,0
3002,3.507378101348877,3.230712413787842,1,1
3003,3.2755937576293945,3.186441421508789,0,0
3004,3.283046245574951,3.291954517364502,0,0
3005,3.231152296066284,3.1555681228637695,0,0
3006,3.361311197280884,3.2899718284606934,1,1
3007,3.6070423126220703,3.419281005859375,1,1
3008,3.3426244258880615,3.318673849105835,0,0
3009,3.450563669204712,3.5016143321990967,1,1
3010,3.6794354915618896,3.6300015449523926,1,1
3011,3.4905927181243896,3.3832015991210938,1,1
3012,3.3861448764801025,3.2997536659240723,1,1
3013,3.339907169342041,3.2505152225494385,0,0
3014,3.3702986240386963,3.2644989490509033,1,1
3015,3.1888906955718994,2.9160683155059814,0,0
3016,3.1111998558044434,2.8061039447784424,0,0
3017,3.0523476600646973,2.8549270629882812,0,0
3018,3.380425453186035,2.9657864570617676,1,1
3019,3.277907371520996,3.0765023231506348,0,0
3020,3.3476624488830566,3.0627822875976562,0,0
3021,3.3662221431732178,3.2271437644958496,1,1
3022,3.4144279956817627,3.0661661624908447,1,1
3023,3.10155987739563,2.855595588684082,0,0
3024,3.206416368484497,2.943859100341797,0,0
3025,3.2429161071777344,2.915053129196167,0,0
3026,3.4526617527008057,3.109013557434082,1,1
3027,3.205615520477295,3.0002756118774414,0,0
3028,3.502915382385254,3.2539448738098145,1,1
3029,3.5278518199920654,3.3246421813964844,1,1
3030,3.1660525798797607,3.0003533363342285,0,0
3031,3.36527419090271,3.046574592590332,1,1
3032,3.5063040256500244,3.109499931335449,1,1
3033,3.0379765033721924,2.882268190383911,0,0
3034,3.448514223098755,3.048560857772827,1,1
3035,4.005955219268799,3.2809510231018066,1,1
3036,3.2129597663879395,3.0391616821289062,0,0
3037,3.235301971435547,2.93924617767334,0,0
3038,3.4256131649017334,3.1462326049804688,1,1
3039,3.533139944076538,3.2055001258850098,1,1
3040,2.798002243041992,2.6686720848083496,0,0
3041,2.8796753883361816,2.6648240089416504,0,0
3042,2.779839515686035,2.5906803607940674,0,0
3043,2.6965017318725586,2.2656404972076416,0,0
3044,3.4324288368225098,2.867072820663452,1,1
3045,3.159790515899658,2.542208671569824,0,0
3046,3.0749783515930176,2.340916633605957,0,0
3047,3.020165205001831,2.420379877090454,0,0
3048,3.186007499694824,2.4359378814697266,0,0
3049,3.1329901218414307,2.4044928550720215,0,0
3050,3.024343252182007,2.2489261627197266,0,0
3051,3.0132153034210205,2.327108144760132,0,0
3052,3.205294132232666,2.429314136505127,0,0
3053,3.33878231048584,2.456097364425659,1,1
3054,3.1854300498962402,2.487199068069458,0,0
3055,3.2204508781433105,2.443718671798706,0,0
3056,3.218510627746582,2.516662120819092,0,0
3057,2.616320848464966,2.3041810989379883,0,0
3058,2.5692811012268066,2.302182674407959,0,0
3059,2.969205617904663,2.539937973022461,0,0
3060,3.505495548248291,3.282121419906616,1,1
3061,3.8742408752441406,3.515624761581421,1,1
3062,3.642204761505127,3.266150951385498,1,1
3063,3.6430320739746094,3.3717775344848633,1,1
3064,3.4326744079589844,3.3494625091552734,1,1
3065,2.6410491466522217,2.3310811519622803,0,0
3066,2.9304358959198,2.725478172302246,0,0
3067,2.9229164123535156,2.8018832206726074,0,0
3068,3.3762612342834473,3.0957894325256348,1,1
3069,3.4051194190979004,3.183845043182373,1,1
3070,3.5574607849121094,3.2409234046936035,1,1
3071,3.536065101623535,3.251641035079956,1,1
3072,3.2784438133239746,3.191131114959717,0,0
3073,3.044280767440796,2.7584128379821777,0,0
3074,2.8811135292053223,2.697509288787842,0,0
3075,3.263928174972534,3.0723490715026855,0,0
3076,3.4260289669036865,3.14016056060791,1,1
3077,3.4567391872406006,3.1877927780151367,1,1
3078,3.6881861686706543,3.3962533473968506,1,1
3079,3.516620397567749,3.2041940689086914,1,1
3080,3.176029682159424,2.9298770427703857,0,0
3081,3.853823184967041,3.4173974990844727,1,1
3082,3.56062650680542,3.318563461303711,1,1
3083,3.429600238800049,3.3082408905029297,1,1
3084,3.8986785411834717,3.596540689468384,1,1
3085,3.715142011642456,3.3110709190368652,1,1
3086,3.278742551803589,2.93719220161438,0,0
3087,3.5572657585144043,3.0995211601257324,1,1
3088,2.973008394241333,2.8846287727355957,0,0
3089,3.1059186458587646,2.903637647628784,0,0
3090,3.1921143531799316,3.0996487140655518,0,0
3091,3.084613084793091,2.8786792755126953,0,0
3092,2.9385249614715576,2.684943199157715,0,0
3093,3.282684326171875,3.0292372703552246,0,0
3094,3.231313705444336,3.1371874809265137,0,0
3095,3.60661244392395,3.280813217163086,1,1
3096,3.366989850997925,3.162792205810547,1,1
3097,3.09346079826355,2.888904571533203,0,0
3098,2.970323085784912,2.780848979949951,0,0
3099,3.2716944217681885,2.9410104751586914,0,0
3100,3.338035821914673,3.0241801738739014,1,1
3101,3.1731460094451904,2.9022114276885986,0,0
3102,4.3721394538879395,3.6225485801696777,1,1
3103,2.762566328048706,2.4476537704467773,0,0
3104,3.0884296894073486,3.0249252319335938,0,0
3105,2.95243239402771,2.914412498474121,0,0
3106,3.3216965198516846,3.057741641998291,1,1
3107,3.0414164066314697,2.9918975830078125,0,0
3108,3.4111568927764893,3.1772098541259766,1,1
3109,3.0762648582458496,3.087148904800415,0,0
3110,3.360231399536133,3.185990810394287,1,1
3111,3.348588466644287,3.056804656982422,1,1
3112,3.4258296489715576,3.199998378753662,1,1
3113,3.1677253246307373,3.100768804550171,0,0
3114,3.6141726970672607,3.3296990394592285,1,1
3115,3.616248846054077,3.2445483207702637,1,1
3116,3.554935932159424,3.33853816986084,1,1
3117,3.5359411239624023,3.1826767921447754,1,1
3118,3.344797372817993,3.168703079223633,1,1
3119,3.611551284790039,3.190711259841919,1,1
3120,3.1912031173706055,2.908148765563965,0,0
3121,3.2885539531707764,3.097938299179077,0,0
3122,3.1896629333496094,2.9852190017700195,0,0
3123,3.1916773319244385,3.0852575302124023,0,0
3124,3.156675338745117,2.9729647636413574,0,0
3125,3.619372844696045,3.2161083221435547,1,1
3126,3.6425957679748535,3.2701263427734375,1,1
3127,3.468630313873291,3.2365078926086426,1,1
3128,3.589465618133545,3.266423463821411,1,1
3129,2.962305784225464,2.688508987426758,0,0
3130,3.2731683254241943,2.9080920219421387,0,0
3131,3.4919633865356445,3.0282113552093506,1,1
3132,3.3269128799438477,2.998307228088379,0,0
3133,3.3621129989624023,3.0790977478027344,1,1
3134,3.6048102378845215,3.0607259273529053,1,1
3135,3.396718740463257,2.864302158355713,1,1
3136,3.0834383964538574,2.926100492477417,0,0
3137,3.454777240753174,3.0627074241638184,1,1
3138,3.665461778640747,3.220400333404541,1,1
3139,3.2060954570770264,2.997283935546875,0,0
3140,2.804525136947632,2.7537684440612793,0,0
3141,3.1149346828460693,3.041555404663086,0,0
3142,3.222407102584839,3.0789947509765625,0,0
3143,3.265174627304077,3.0929861068725586,0,0
3144,3.5058670043945312,3.103485107421875,1,1
3145,3.566283702850342,3.3535780906677246,1,1
3146,3.6332814693450928,3.209660291671753,1,1
3147,3.3641481399536133,3.008500576019287,1,1
3148,3.580435276031494,3.3924081325531006,1,1
3149,3.731204032897949,3.500757932662964,1,1
3150,3.6786792278289795,3.3655247688293457,1,1
3151,3.4338910579681396,3.2375168800354004,1,1
3152,3.685713291168213,3.3200321197509766,1,1
3153,3.6497819423675537,3.21304988861084,1,1
3154,3.5896518230438232,3.207214117050171,1,1
3155,3.8347091674804688,3.4310367107391357,1,1
3156,3.641083002090454,3.3183727264404297,1,1
3157,3.7206506729125977,3.366816997528076,1,1
3158,3.4514126777648926,3.27593994140625,1,1
3159,3.6852357387542725,3.376011848449707,1,1
3160,3.547492027282715,3.2395215034484863,1,1
3161,3.538113594055176,3.167684555053711,1,1
3162,3.5460987091064453,3.2398486137390137,1,1
3163,3.090325355529785,3.0063116550445557,0,0
3164,3.082033395767212,3.052229404449463,0,0
3165,3.63224196434021,3.322047710418701,1,1
3166,3.328364849090576,3.224022388458252,0,0
3167,3.311673164367676,3.16847825050354,0,0
3168,3.845937490463257,3.4144644737243652,1,1
3169,3.591625452041626,3.361973762512207,1,1
3170,3.376776695251465,3.1175537109375,1,1
3171,3.2049384117126465,3.144862174987793,0,0
3172,3.621198892593384,3.394408702850342,1,1
3173,3.640493631362915,3.3198764324188232,1,1
3174,3.598050355911255,3.3955469131469727,1,1
3175,3.512993574142456,3.2429306507110596,1,1
3176,3.2146825790405273,2.9095773696899414,0,0
3177,3.2417659759521484,3.181253671646118,0,0
3178,3.0533607006073,2.958543062210083,0,0
3179,3.084516763687134,2.9524292945861816,0,0
3180,2.9849741458892822,2.8396782875061035,0,0
3181,3.6281228065490723,3.448219060897827,1,1
3182,3.5123445987701416,3.299468994140625,1,1
3183,3.688080310821533,3.479079008102417,1,1
3184,3.5551931858062744,3.4282212257385254,1,1
3185,3.8624300956726074,3.61987566947937,1,1
3186,3.553133726119995,3.2237281799316406,1,1
3187,3.9848809242248535,3.6131186485290527,1,1
3188,3.8801960945129395,3.422356605529785,1,1
3189,3.4095404148101807,3.094672679901123,1,1
3190,3.8487777709960938,3.479172706604004,1,1
3191,3.590557813644409,3.238206386566162,1,1
3192,3.016969680786133,2.9439749717712402,0,0
3193,3.6218276023864746,3.2616827487945557,1,1
3194,2.909912347793579,2.6645209789276123,0,0
3195,2.9161224365234375,2.580078125,0,0
3196,3.3034231662750244,2.9949960708618164,0,0
3197,3.620063543319702,3.3288979530334473,1,1
3198,2.679460048675537,2.706197738647461,0,0
3199,2.7099571228027344,2.577821731567383,0,0
3200,3.388340950012207,3.0381011962890625,1,1
3201,3.368558883666992,2.9792888164520264,1,1
3202,3.116762161254883,3.0747616291046143,0,0
3203,3.221168041229248,3.0715370178222656,0,0
3204,3.1628360748291016,3.032940626144409,0,0
3205,3.4044487476348877,3.332735061645508,1,1
3206,3.110450267791748,2.9850564002990723,0,0
3207,3.1626334190368652,3.08412504196167,0,0
3208,3.4174187183380127,3.229877471923828,1,1
3209,2.8306288719177246,2.7434778213500977,0,0
3210,3.110769271850586,3.0786690711975098,0,0
3211,3.0830347537994385,2.9202938079833984,0,0
3212,3.107825994491577,3.010664463043213,0,0
3213,3.4073219299316406,3.0545899868011475,1,1
3214,3.1690969467163086,3.0119881629943848,0,0
3215,3.258160352706909,3.2111780643463135,0,0
3216,3.3172662258148193,3.2630233764648438,0,0
3217,3.054887056350708,2.9760494232177734,0,0
3218,3.2609450817108154,3.0732226371765137,0,0
3219,3.2022852897644043,3.1485097408294678,0,0
3220,3.469508409500122,3.252408027648926,1,1
3221,3.3768441677093506,3.2901973724365234,1,1
3222,3.141801357269287,3.1711885929107666,0,0
3223,3.2849059104919434,3.2216687202453613,0,0
3224,3.3661816120147705,3.225855827331543,1,1
3225,3.296849012374878,3.129368782043457,0,0
3226,3.4499526023864746,3.094090461730957,1,1
3227,3.595283031463623,3.2168068885803223,1,1
3228,3.650570869445801,3.152069568634033,1,1
3229,3.1721227169036865,2.842996597290039,0,0
3230,3.691068172454834,3.325408458709717,1,1
3231,3.633632183074951,3.2267441749572754,1,1
3232,3.3726155757904053,3.0983810424804688,1,1
3233,2.9116058349609375,2.677563190460205,0,0
3234,3.4788637161254883,3.1536033153533936,1,1
3235,3.0715596675872803,2.7656779289245605,0,0
3236,3.268505334854126,3.0431456565856934,0,0
3237,2.6887848377227783,2.3332009315490723,0,0
3238,3.482431650161743,3.053389072418213,1,1
3239,4.035510063171387,3.2354214191436768,1,1
3240,3.1065750122070312,2.751577377319336,0,0
3241,3.420758008956909,3.1563644409179688,1,1
3242,3.376291513442993,3.140021800994873,1,1
3243,3.3331165313720703,2.8435401916503906,0,0
3244,3.1479227542877197,2.711054801940918,0,0
3245,3.3297791481018066,2.6862728595733643,0,0
3246,3.1516640186309814,2.7472848892211914,0,0
3247,3.4790542125701904,3.019456624984741,1,1
3248,3.6899352073669434,3.1415860652923584,1,1
3249,3.792395830154419,3.3985233306884766,1,1
3250,3.2735042572021484,2.968060255050659,0,0
3251,3.666062593460083,3.305340051651001,1,1
3252,3.587667226791382,3.231410503387451,1,1
3253,3.6991913318634033,3.234255790710449,1,1
3254,3.878340005874634,3.553339958190918,1,1
3255,3.6753392219543457,3.2837061882019043,1,1
3256,3.9508323669433594,3.7142415046691895,1,1
3257,3.868380069732666,3.504725456237793,1,1
3258,3.3899593353271484,3.1155691146850586,1,1
3259,3.418354034423828,3.1960597038269043,1,1
3260,3.098090171813965,3.2319774627685547,0,0
3261,2.9032044410705566,2.87005615234375,0,0
3262,3.027033567428589,2.9094314575195312,0,0
3263,3.314411163330078,3.050537347793579,0,0
3264,3.326268434524536,3.2202529907226562,0,0
3265,3.289482355117798,3.1085927486419678,0,0
3266,3.269467830657959,3.1940298080444336,0,0
3267,3.5176408290863037,3.2078588008880615,1,1
3268,3.6338553428649902,3.3082962036132812,1,1
3269,3.2451789379119873,3.03238582611084,0,0
3270,3.251070261001587,3.122082233428955,0,0
3271,2.8718299865722656,2.7195956707000732,0,0
3272,3.1349494457244873,2.766177177429199,0,0
3273,3.042142152786255,2.8829269409179688,0,0
3274,3.238226890563965,3.090747833251953,0,0
3275,3.301098585128784,3.0373406410217285,0,0
3276,3.156883478164673,2.9970006942749023,0,0
3277,2.9432570934295654,2.7677764892578125,0,0
3278,2.8799023628234863,2.6982007026672363,0,0
3279,2.7079339027404785,2.5720489025115967,0,0
3280,3.043806791305542,2.977327823638916,0,0
3281,3.0764966011047363,2.8046987056732178,0,0
3282,3.139338493347168,2.8658957481384277,0,0
3283,2.736905813217163,2.7330703735351562,0,0
3284,3.1226494312286377,2.8463199138641357,0,0
3285,3.0840020179748535,2.8724493980407715,0,0
3286,2.8349883556365967,2.7102603912353516,0,0
3287,3.2348785400390625,2.8899264335632324,0,0
3288,2.7967419624328613,2.64642071723938,0,0
3289,2.986618995666504,2.782712459564209,0,0
3290,3.0994694232940674,2.948944091796875,0,0
3291,3.5789999961853027,3.2055604457855225,1,1
3292,3.5690419673919678,3.2158260345458984,1,1
3293,3.471987009048462,3.435084581375122,1,1
3294,3.5680713653564453,3.3607726097106934,1,1
3295,3.645881414413452,3.4162349700927734,1,1
3296,3.249818801879883,2.9698472023010254,0,0
3297,3.4884254932403564,3.296123504638672,1,1
3298,3.6900253295898438,3.220898389816284,1,1
3299,3.7982192039489746,3.4569485187530518,1,1
3300,3.5450387001037598,3.4006571769714355,1,1
3301,4.042551040649414,3.543246269226074,1,1
3302,3.4351751804351807,2.9838786125183105,1,1
3303,3.512533664703369,3.1198041439056396,1,1
3304,3.4703755378723145,3.22540545463562,1,1
3305,4.03799295425415,3.6177213191986084,1,1
3306,3.4978034496307373,3.35009765625,1,1
3307,3.5846362113952637,3.2266430854797363,1,1
3308,3.453521728515625,3.215419292449951,1,1
3309,3.2887306213378906,3.019618511199951,0,0
3310,3.7603919506073,3.514805316925049,1,1
3311,3.9493463039398193,3.5163402557373047,1,1
3312,3.6249375343322754,3.429593086242676,1,1
3313,3.533569574356079,3.431824207305908,1,1
3314,3.264061450958252,3.140010356903076,0,0
3315,3.16408371925354,3.102261543273926,0,0
3316,3.338474988937378,3.2645370960235596,0,0
3317,3.2468018531799316,3.1963887214660645,0,0
3318,3.4036600589752197,3.2460479736328125,1,1
3319,3.621229410171509,3.2680444717407227,1,1
3320,3.464439868927002,3.240955352783203,1,1
3321,3.014355182647705,2.974311351776123,0,0
3322,3.259993314743042,3.0916528701782227,0,0
3323,3.435548782348633,3.2596170902252197,1,1
3324,3.675306558609009,3.473461866378784,1,1
3325,3.3892221450805664,3.1293201446533203,1,1
3326,3.329503297805786,3.199545383453369,0,0
3327,3.4654250144958496,3.179299831390381,1,1
3328,3.0626142024993896,3.001784324645996,0,0
3329,3.809943437576294,3.30435848236084,1,1
3330,3.3248813152313232,3.1406123638153076,0,0
3331,3.4409091472625732,3.2067692279815674,1,1
3332,2.794347047805786,2.8612022399902344,0,0
3333,3.042388677597046,2.9898509979248047,0,0
3334,2.8897745609283447,2.8156373500823975,0,0
3335,2.816211700439453,2.840552806854248,0,0
3336,2.837380886077881,2.7973790168762207,0,0
3337,2.939890146255493,2.8689496517181396,0,0
3338,2.8430514335632324,2.796048402786255,0,0
3339,2.7473602294921875,2.761518955230713,0,0
3340,2.716487407684326,2.7407584190368652,0,0
3341,2.701624631881714,2.784722089767456,0,0
3342,2.8228728771209717,2.7411932945251465,0,0
3343,3.1802477836608887,3.0230140686035156,0,0
3344,2.9905898571014404,2.909630298614502,0,0
3345,3.3715641498565674,3.1572184562683105,1,1
3346,3.0697789192199707,3.1684744358062744,0,0
3347,3.4927196502685547,3.254937171936035,1,1
3348,3.7141366004943848,3.5369982719421387,1,1
3349,3.1404271125793457,2.9961047172546387,0,0
3350,3.0301294326782227,3.1182446479797363,0,0
3351,3.1893668174743652,3.266777515411377,0,0
3352,3.599559783935547,3.2078804969787598,1,1
3353,3.280179023742676,3.099092483520508,0,0
3354,3.5228328704833984,3.280832290649414,1,1
3355,3.1606075763702393,2.938232660293579,0,0
3356,3.229757308959961,3.0883145332336426,0,0
3357,3.427138328552246,3.3242733478546143,1,1
3358,3.44223952293396,3.403796672821045,1,1
3359,3.2434306144714355,3.146195888519287,0,0
3360,3.4170186519622803,3.3522653579711914,1,1
3361,3.2884271144866943,2.9432573318481445,0,0
3362,3.532876491546631,3.3014798164367676,1,1
3363,3.1961019039154053,3.128598690032959,0,0
3364,3.259920597076416,3.1900124549865723,0,0
3365,3.5928196907043457,3.2213587760925293,1,1
3366,3.5586040019989014,3.2077932357788086,1,1
3367,3.6033239364624023,3.2740988731384277,1,1
3368,2.7566778659820557,2.5031514167785645,0,0
3369,2.8235220909118652,2.567490577697754,0,0
3370,3.5614776611328125,3.175269842147827,1,1
3371,3.4092977046966553,2.9556946754455566,1,1
3372,3.386505365371704,3.089489698410034,1,1
3373,3.2537834644317627,3.0517890453338623,0,0
3374,3.278984785079956,2.9753165245056152,0,0
3375,3.4230122566223145,3.2955336570739746,1,1
3376,4.0605878829956055,3.6877670288085938,1,1
3377,3.6838252544403076,3.5605218410491943,1,1
3378,3.42899227142334,3.2942047119140625,1,1
3379,3.574918508529663,3.582047462463379,1,1
3380,3.8263769149780273,3.4257659912109375,1,1
3381,3.7824013233184814,3.5283401012420654,1,1
3382,3.643533706665039,3.4374916553497314,1,1
3383,3.5119376182556152,2.9315805435180664,1,1
3384,3.8988287448883057,3.4932055473327637,1,1
3385,3.374329090118408,3.1768133640289307,1,1
3386,3.6530749797821045,3.1323158740997314,1,1
3387,3.2608373165130615,3.140486717224121,0,0
3388,3.7474820613861084,3.2253291606903076,1,1
3389,3.3756213188171387,3.2387378215789795,1,1
3390,3.557483673095703,3.2444398403167725,1,1
3391,3.5619029998779297,3.4600741863250732,1,1
3392,3.4949352741241455,3.179169178009033,1,1
3393,3.059821367263794,2.988068103790283,0,0
3394,3.4160354137420654,2.997952461242676,1,1
3395,3.4923417568206787,3.1232399940490723,1,1
3396,3.1963346004486084,2.943021535873413,0,0
3397,3.368574857711792,3.0973687171936035,1,1
3398,3.329702377319336,2.9426279067993164,0,0
3399,3.3527112007141113,2.9061279296875,1,1
3400,3.456254243850708,3.197284698486328,1,1
3401,3.469026565551758,3.1894874572753906,1,1
3402,3.4269604682922363,3.2260005474090576,1,1
3403,3.4560577869415283,3.2293190956115723,1,1
3404,3.2024714946746826,3.0726566314697266,0,0
3405,3.657423496246338,3.344238519668579,1,1
3406,2.9858241081237793,2.8755791187286377,0,0
3407,2.9388365745544434,2.576509952545166,0,0
3408,3.008296489715576,2.6862664222717285,0,0
3409,2.998718500137329,2.767306327819824,0,0
3410,3.690664291381836,3.2475337982177734,1,1
3411,3.350752592086792,3.0274205207824707,0,0
3412,4.000829219818115,3.452523708343506,1,1
3413,3.171394109725952,3.0414042472839355,0,0
3414,3.4105489253997803,3.03227162361145,1,1
3415,2.7704949378967285,2.568814754486084,0,0
3416,3.221906900405884,2.8763065338134766,0,0
3417,3.1863884925842285,2.77524995803833,0,0
3418,3.4169838428497314,2.9556174278259277,1,1
3419,3.65901517868042,3.037306785583496,1,1
3420,3.086655855178833,2.930180072784424,0,0
3421,3.532052993774414,3.2447285652160645,1,1
3422,3.2659733295440674,3.014510154724121,0,0
3423,3.52728533744812,3.256239652633667,1,1
3424,2.8378305435180664,2.7618041038513184,0,0
3425,3.4181253910064697,3.0977418422698975,1,1
3426,3.5067856311798096,3.2723357677459717,1,1
3427,3.225323438644409,2.9681921005249023,0,0
3428,3.411245584487915,3.093174457550049,1,1
3429,3.575673818588257,3.3550519943237305,1,1
3430,3.4390177726745605,3.1639513969421387,1,1
3431,3.1905665397644043,2.8816840648651123,0,0
3432,3.0001559257507324,2.917902946472168,0,0
3433,3.3293590545654297,2.9606027603149414,0,0
3434,3.34590744972229,3.04219388961792,0,0
3435,3.1763532161712646,3.039883613586426,0,0
3436,3.497875213623047,3.22019624710083,1,1
3437,3.232818603515625,2.931325912475586,0,0
3438,3.493924856185913,3.054398536682129,1,1
3439,3.37117600440979,3.1292362213134766,1,1
3440,3.46264386177063,3.2791988849639893,1,1
3441,3.057598114013672,2.8872475624084473,0,0
3442,3.1169612407684326,3.1214942932128906,0,0
3443,3.207249879837036,3.0933356285095215,0,0
3444,2.97710919380188,2.7118654251098633,0,0
3445,3.4233710765838623,3.312368869781494,1,1
3446,3.8542628288269043,3.426528215408325,1,1
3447,3.534343719482422,3.3148860931396484,1,1
3448,3.565046548843384,3.179868698120117,1,1
3449,3.2780845165252686,3.247469902038574,0,0
3450,3.5322184562683105,3.2166056632995605,1,1
3451,3.3016622066497803,3.0324034690856934,0,0
3452,2.6786952018737793,2.652920961380005,0,0
3453,3.3239545822143555,3.0033376216888428,0,0
3454,3.111388683319092,2.923429012298584,0,0
3455,3.0348100662231445,2.8334097862243652,0,0
3456,3.4599087238311768,3.2313551902770996,1,1
3457,3.059830904006958,2.99288010597229,0,0
3458,3.000663995742798,2.961270332336426,0,0
3459,3.1443638801574707,3.1046853065490723,0,0
3460,3.1290977001190186,3.2059478759765625,0,0
3461,2.7346084117889404,2.758687973022461,0,0
3462,2.8798463344573975,2.7512259483337402,0,0
3463,2.9401228427886963,2.7238259315490723,0,0
3464,3.0297179222106934,2.9253954887390137,0,0
3465,3.403742551803589,3.293095111846924,1,1
3466,3.393481492996216,3.1981887817382812,1,1
3467,3.557685375213623,3.2162246704101562,1,1
3468,3.082120656967163,3.051093816757202,0,0
3469,3.3208422660827637,3.242985248565674,0,0
3470,3.209815502166748,3.1279563903808594,0,0
3471,3.1637988090515137,2.9518206119537354,0,0
3472,3.3999152183532715,3.2174365520477295,1,1
3473,3.477754831314087,3.219517469406128,1,1
3474,2.9320247173309326,3.005204677581787,0,0
3475,3.3839688301086426,3.238475799560547,1,1
3476,3.1890883445739746,2.9679982662200928,0,0
3477,3.426377058029175,3.149667263031006,1,1
3478,3.2228167057037354,3.145597457885742,0,0
3479,3.243046522140503,3.106137275695801,0,0
3480,3.5577142238616943,3.311021327972412,1,1
3481,3.3447699546813965,3.24910831451416,0,0
3482,3.3060812950134277,3.203291893005371,0,0
3483,3.011591672897339,3.0027990341186523,0,0
3484,3.1441287994384766,3.11226487159729,0,0
3485,3.372886896133423,3.0500869750976562,1,1
3486,3.294328212738037,2.905881643295288,0,0
3487,3.4912405014038086,3.1402175426483154,1,1
3488,3.536688804626465,3.2219927310943604,1,1
3489,3.7319884300231934,3.277841806411743,1,1
3490,3.3996665477752686,3.1353955268859863,1,1
3491,3.3436741828918457,3.223203659057617,0,0
3492,3.240427255630493,2.8737406730651855,0,0
3493,3.6298611164093018,3.3284502029418945,1,1
3494,3.0911848545074463,2.942998170852661,0,0
3495,3.7986297607421875,3.373396396636963,1,1
3496,3.7604877948760986,3.4441237449645996,1,1
3497,3.7770304679870605,3.3297500610351562,1,1
3498,3.676480770111084,3.298766851425171,1,1
3499,3.600585460662842,3.3768553733825684,1,1
3500,3.7627103328704834,3.4050827026367188,1,1
3501,3.4579968452453613,3.199700355529785,1,1
3502,3.562175989151001,3.3428688049316406,1,1
3503,3.4686830043792725,3.3156638145446777,1,1
3504,3.299372911453247,3.188216209411621,0,0
3505,3.495163679122925,3.1193206310272217,1,1
3506,2.915466547012329,2.7034287452697754,0,0
3507,3.12748646736145,3.138991355895996,0,0
3508,2.9350485801696777,2.8293068408966064,0,0
3509,3.033676862716675,2.932819366455078,0,0
3510,3.1688296794891357,2.9713501930236816,0,0
3511,3.16801118850708,2.970917224884033,0,0
3512,3.2175416946411133,3.063770055770874,0,0
3513,3.1262497901916504,3.1853785514831543,0,0
3514,3.363304376602173,3.136833906173706,1,1
3515,3.3653323650360107,3.1291942596435547,1,1
3516,3.077207088470459,2.82597017288208,0,0
3517,3.312063455581665,3.122685670852661,0,0
3518,3.461305618286133,3.246852159500122,1,1
3519,3.5181753635406494,3.1321463584899902,1,1
3520,3.5667500495910645,3.2408695220947266,1,1
3521,3.5336949825286865,3.304769515991211,1,1
3522,3.2550947666168213,3.056434154510498,0,0
3523,3.262392520904541,3.027067184448242,0,0
3524,3.2112503051757812,3.1404237747192383,0,0
3525,3.2206966876983643,3.070072650909424,0,0
3526,3.537245988845825,3.252265691757202,1,1
3527,3.7904446125030518,3.3811933994293213,1,1
3528,3.1728882789611816,3.2689669132232666,0,0
3529,3.7794785499572754,3.5470807552337646,1,1
3530,3.400172472000122,3.489232063293457,1,1
3531,3.6276872158050537,3.4341602325439453,1,1
3532,3.7321813106536865,3.5520405769348145,1,1
3533,3.9814507961273193,3.7433390617370605,1,1
3534,3.52510404586792,3.4074339866638184,1,1
3535,3.2989563941955566,2.9965596199035645,0,0
3536,3.2762835025787354,3.0943663120269775,0,0
3537,3.2649004459381104,2.9863719940185547,0,0
3538,3.457658052444458,3.12668514251709,1,1
3539,3.421031951904297,3.3472740650177,1,1
3540,3.1037020683288574,3.023923397064209,0,0
3541,3.417837381362915,3.279595136642456,1,1
3542,3.747126579284668,3.2311043739318848,1,1
3543,3.3667197227478027,3.0408267974853516,0,0
3544,3.263888120651245,2.729914903640747,0,0
3545,2.9970505237579346,2.852334976196289,0,0
3546,3.4184529781341553,3.2197399139404297,1,1
3547,3.658783435821533,3.3169612884521484,1,1
3548,3.64695143699646,3.255948543548584,1,1
3549,3.568535089492798,3.220665454864502,1,1
3550,3.324603796005249,2.9126858711242676,0,0
3551,3.294890880584717,3.0762271881103516,0,0
3552,4.394454002380371,3.3921542167663574,1,1
3553,3.4745960235595703,3.2567241191864014,1,1
3554,2.802819013595581,2.5451579093933105,0,0
3555,2.85538649559021,2.660036325454712,0,0
3556,2.605478286743164,2.5246834754943848,0,0
3557,3.1369826793670654,2.7051515579223633,0,0
3558,3.4133126735687256,3.041867256164551,1,1
3559,3.0242841243743896,2.811300277709961,0,0
3560,3.1223015785217285,2.576166868209839,0,0
3561,2.7105538845062256,2.378840923309326,0,0
3562,3.565812587738037,3.0800483226776123,1,1
3563,2.9508442878723145,2.713071346282959,0,0
3564,2.979173183441162,2.5416743755340576,0,0
3565,2.8080060482025146,2.623375177383423,0,0
3566,3.3879458904266357,2.7269015312194824,1,1
3567,3.254225492477417,2.7208316326141357,0,0
3568,3.298448324203491,2.9626169204711914,0,0
3569,3.2964365482330322,3.0147714614868164,0,0
3570,3.403200626373291,2.9731760025024414,1,1
3571,3.1712417602539062,2.9025583267211914,0,0
3572,3.4106645584106445,3.0908567905426025,1,1
3573,3.464663028717041,3.3224716186523438,1,1
3574,3.461291790008545,3.2301993370056152,1,1
3575,3.245769739151001,2.8635621070861816,0,0
3576,3.337493896484375,3.2230191230773926,0,0
3577,3.511625289916992,3.231459140777588,1,1
3578,3.2581870555877686,3.297934055328369,0,0
3579,3.743093490600586,3.610940933227539,1,1
3580,3.644972085952759,3.377431869506836,1,1
3581,3.025937557220459,2.922969102859497,0,0
3582,3.018878936767578,3.012885093688965,0,0
3583,3.6535487174987793,3.2721452713012695,1,1
3584,2.9248642921447754,2.741725444793701,0,0
3585,3.289799213409424,3.008495807647705,0,0
3586,3.4473140239715576,3.244100570678711,1,1
3587,3.4579825401306152,3.166822671890259,1,1
3588,2.8163650035858154,2.699064254760742,0,0
3589,2.882418155670166,2.702145576477051,0,0
3590,3.1586549282073975,2.9919772148132324,0,0
3591,3.2157843112945557,3.1723427772521973,0,0
3592,3.007277250289917,2.855504035949707,0,0
3593,3.1429338455200195,2.901820659637451,0,0
3594,3.101659059524536,2.9161596298217773,0,0
3595,2.7885797023773193,2.7126388549804688,0,0
3596,3.011657238006592,2.8068859577178955,0,0
3597,3.211660861968994,2.8155152797698975,0,0
3598,3.0122122764587402,2.831414222717285,0,0
3599,3.000436544418335,2.8244709968566895,0,0
3600,3.1883761882781982,3.020498037338257,0,0
3601,2.601914405822754,2.7345457077026367,0,0
3602,2.81398868560791,2.641570806503296,0,0
3603,3.6655073165893555,3.207655906677246,1,1
3604,2.763716220855713,2.6831066608428955,0,0
3605,3.1161062717437744,3.019300937652588,0,0
3606,3.1449341773986816,2.9738378524780273,0,0
3607,4.150816440582275,3.7584633827209473,1,1
3608,3.969921112060547,3.5577316284179688,1,1
3609,3.544405937194824,3.401329278945923,1,1
3610,3.6924972534179688,3.3130760192871094,1,1
3611,3.4513096809387207,3.320950508117676,1,1
3612,2.831571340560913,2.782233715057373,0,0
3613,3.085709810256958,2.882286548614502,0,0
3614,3.6179723739624023,3.360630512237549,1,1
3615,3.6699440479278564,3.445098400115967,1,1
3616,3.325859308242798,3.30769944190979,1,1
3617,3.286457061767578,3.328512668609619,0,0
3618,3.0372824668884277,2.841329574584961,0,0
3619,3.169724941253662,3.1145074367523193,0,0
3620,4.11678409576416,3.641303539276123,1,1
3621,3.818060874938965,3.38419246673584,1,1
3622,3.4525351524353027,3.349761962890625,1,1
3623,2.8873422145843506,2.737156867980957,0,0
3624,2.8824477195739746,2.587440013885498,0,0
3625,2.9768593311309814,2.8595805168151855,0,0
3626,3.2217917442321777,3.0135955810546875,0,0
3627,3.64440655708313,3.3045103549957275,1,1
3628,3.802626371383667,3.5561470985412598,1,1
3629,3.3659794330596924,3.000225067138672,1,1
3630,2.4100265502929688,2.2854650020599365,0,0
3631,3.5413894653320312,3.490370512008667,1,1
3632,3.238842010498047,3.0565147399902344,0,0
3633,3.1426820755004883,2.952939987182617,0,0
3634,3.1825177669525146,3.147186756134033,0,0
3635,3.070115804672241,2.9623143672943115,0,0
3636,3.500246524810791,3.363844871520996,1,1
3637,3.4136545658111572,3.2813827991485596,1,1
3638,3.7721145153045654,3.3562207221984863,1,1
3639,3.379460334777832,3.29708194732666,1,1
3640,3.6886959075927734,3.373887062072754,1,1
3641,3.466660737991333,3.26297926902771,1,1
3642,3.3151321411132812,3.2307567596435547,1,1
3643,3.6286652088165283,3.3476881980895996,1,1
3644,3.336846113204956,3.202267646789551,1,1
3645,3.63714861869812,3.2423574924468994,1,1
3646,3.4203295707702637,3.2523250579833984,1,1
3647,3.375683546066284,3.0877790451049805,1,1
3648,3.576632499694824,3.3490853309631348,1,1
3649,3.746345043182373,3.365823984146118,1,1
3650,4.0025787353515625,3.5431389808654785,1,1
3651,3.388643980026245,3.100325584411621,1,1
3652,3.3673322200775146,3.0610907077789307,1,1
3653,3.232390880584717,3.174379348754883,0,0
3654,3.7851202487945557,3.40356707572937,1,1
3655,3.3884174823760986,3.179426670074463,1,1
3656,3.462038516998291,3.3533499240875244,1,1
3657,3.395129919052124,3.2396507263183594,1,1
3658,3.44316029548645,3.4306135177612305,1,1
3659,3.2269365787506104,2.9559476375579834,0,0
3660,2.727379322052002,2.7067508697509766,0,0
3661,3.556161642074585,3.3976833820343018,1,1
3662,3.5770699977874756,3.3147151470184326,1,1
3663,3.2328693866729736,3.0618579387664795,0,0
3664,3.7801170349121094,3.2594501972198486,1,1
3665,3.7375917434692383,3.386599063873291,1,1
3666,3.254030466079712,2.994246482849121,0,0
3667,2.90700101852417,2.453821897506714,0,0
3668,3.3845374584198,2.766974925994873,1,1
3669,3.436598300933838,2.962986946105957,1,1
3670,3.7388172149658203,3.288396120071411,1,1
3671,3.5068254470825195,3.1722187995910645,1,1
3672,3.2498817443847656,3.0242538452148438,0,0
3673,3.2385525703430176,3.003592014312744,0,0
3674,3.596928119659424,3.1436333656311035,1,1
3675,3.305809736251831,3.0122194290161133,0,0
3676,3.2824316024780273,3.104032516479492,0,0
3677,3.259098529815674,3.018162250518799,0,0
3678,3.1107521057128906,2.953946590423584,0,0
3679,3.2285125255584717,2.8627233505249023,0,0
3680,3.1097161769866943,2.9571845531463623,0,0
3681,3.344426155090332,3.2545323371887207,1,1
3682,3.588621139526367,3.4198012351989746,1,1
3683,3.42944598197937,3.2878317832946777,1,1
3684,3.592956066131592,3.2251930236816406,1,1
3685,3.778312921524048,3.4736907482147217,1,1
3686,3.2417609691619873,3.011108636856079,0,0
3687,3.192396640777588,2.82882022857666,0,0
3688,3.3636257648468018,3.0459461212158203,1,1
3689,3.6165618896484375,3.1741275787353516,1,1
3690,3.3651607036590576,3.117891788482666,1,1
3691,3.39526629447937,3.2433032989501953,1,1
3692,3.4156994819641113,3.080512046813965,1,1
3693,3.4379169940948486,3.0438332557678223,1,1
3694,3.384002447128296,3.176520347595215,1,1
3695,3.539278984069824,3.1436471939086914,1,1
3696,3.1656575202941895,2.8574600219726562,0,0
3697,3.3125691413879395,3.0185904502868652,0,0
3698,2.784836530685425,2.6621766090393066,0,0
3699,2.951262950897217,2.7819414138793945,0,0
3700,3.388394832611084,3.0891528129577637,1,1
3701,3.577472448348999,3.1577978134155273,1,1
3702,3.169800043106079,2.9998269081115723,0,0
3703,3.5090181827545166,3.265449047088623,1,1
3704,3.6440558433532715,3.47670578956604,1,1
3705,3.685919761657715,3.4936790466308594,1,1
3706,3.4522316455841064,3.3054065704345703,1,1
3707,3.63334321975708,3.235422134399414,1,1
3708,3.5251717567443848,3.3271265029907227,1,1
3709,3.43196439743042,3.3418874740600586,1,1
3710,3.560728073120117,3.2780189514160156,1,1
3711,3.6101572513580322,3.277571439743042,1,1
3712,3.6673474311828613,3.3482460975646973,1,1
3713,3.395289182662964,3.034656524658203,1,1
3714,3.422823667526245,3.1479406356811523,1,1
3715,3.492687463760376,3.2502362728118896,1,1
3716,3.6342287063598633,3.2154550552368164,1,1
3717,3.3815503120422363,3.0605897903442383,0,0
3718,3.4089267253875732,3.2967615127563477,1,1
3719,2.9889090061187744,2.810523748397827,0,0
3720,3.230039119720459,2.9196863174438477,0,0
3721,3.5134437084198,3.1897571086883545,1,1
3722,2.71437931060791,2.74320125579834,0,0
3723,3.2636961936950684,3.3291642665863037,0,0
3724,3.1736013889312744,3.2091729640960693,0,0
3725,3.2093393802642822,3.0077757835388184,0,0
3726,3.164714813232422,3.0726521015167236,0,0
3727,3.295401096343994,3.067162036895752,0,0
3728,3.0241928100585938,3.009864568710327,0,0
3729,3.346911668777466,3.2498316764831543,0,0
3730,3.2091500759124756,3.076110363006592,0,0
3731,3.199571371078491,3.0370969772338867,0,0
3732,3.4151203632354736,3.2611465454101562,1,1
3733,3.44685435295105,3.182962656021118,1,1
3734,3.5495834350585938,3.335071325302124,1,1
3735,3.32775616645813,3.149394989013672,0,0
3736,2.497096300125122,2.4312775135040283,0,0
3737,3.417151927947998,3.2739830017089844,1,1
3738,3.2165441513061523,3.250497579574585,0,0
3739,3.2641122341156006,2.803480386734009,0,0
3740,3.360321521759033,2.859936237335205,0,0
3741,3.4189631938934326,2.957620143890381,1,1
3742,3.2944517135620117,3.2300801277160645,0,0
3743,3.5751755237579346,3.197204828262329,1,1
3744,3.6220414638519287,3.3730669021606445,1,1
3745,4.375680923461914,2.87241268157959,1,1
3746,4.294191360473633,3.0770983695983887,1,1
3747,3.1819751262664795,3.259897232055664,0,0
3748,3.5561604499816895,3.423797845840454,1,1
3749,3.1612062454223633,3.091703414916992,0,0
3750,3.4973015785217285,3.2565972805023193,1,1
3751,3.3846590518951416,3.103447914123535,1,1
3752,3.146192789077759,2.922621011734009,0,0
3753,3.154085874557495,2.8718905448913574,0,0
3754,3.3717739582061768,3.2007784843444824,1,1
3755,3.1238105297088623,2.89742112159729,0,0
3756,3.5603244304656982,3.4096174240112305,1,1
3757,3.4633402824401855,3.150278091430664,1,1
3758,3.648907423019409,3.07822322845459,1,1
3759,3.024998188018799,2.742600917816162,0,0
3760,3.6943156719207764,3.28251576423645,1,1
3761,3.428030014038086,3.4163169860839844,1,1
3762,3.5253803730010986,3.3211588859558105,1,1
3763,2.9299941062927246,2.8681347370147705,0,0
3764,3.418705940246582,3.074770927429199,1,1
3765,3.224271059036255,3.0669593811035156,0,0
3766,3.8739163875579834,3.1981778144836426,1,1
3767,3.5279693603515625,3.0077128410339355,1,1
3768,3.121722459793091,2.7940196990966797,0,0
3769,3.4314756393432617,2.8540334701538086,1,1
3770,2.9859726428985596,2.8580312728881836,0,0
3771,3.283451557159424,2.9311490058898926,0,0
3772,3.3960835933685303,3.15584659576416,1,1
3773,3.3775038719177246,3.2191810607910156,0,0
3774,3.711344003677368,3.4504199028015137,1,1
3775,3.382887840270996,3.3123221397399902,1,1
3776,3.575932502746582,3.273409366607666,1,1
3777,3.7559802532196045,3.60111927986145,1,1
3778,2.965228796005249,2.8625359535217285,0,0
3779,3.555471897125244,3.305372714996338,1,1
3780,3.382652997970581,3.0940232276916504,1,1
3781,3.4219043254852295,2.986241340637207,1,1
3782,3.200482130050659,2.958768129348755,0,0
3783,3.5711536407470703,3.1197636127471924,1,1
3784,3.3227529525756836,3.1295342445373535,0,0
3785,3.563730239868164,3.0708212852478027,1,1
3786,3.640324354171753,3.192197561264038,1,1
3787,3.5103249549865723,3.1332788467407227,1,1
3788,3.605123281478882,3.2476930618286133,1,1
3789,3.770014762878418,3.3311455249786377,1,1
3790,3.708402633666992,3.264199733734131,1,1
3791,3.171391248703003,2.9391541481018066,0,0
3792,3.647655487060547,3.150779962539673,1,1
3793,3.053370952606201,2.9537816047668457,0,0
3794,2.957156181335449,2.6982455253601074,0,0
3795,2.7377729415893555,2.8138890266418457,0,0
3796,3.3526790142059326,3.160963535308838,0,0
3797,3.4337716102600098,3.219550848007202,1,1
3798,3.165278434753418,3.3223013877868652,0,0
3799,3.367398262023926,3.2687926292419434,0,0
3800,3.4716529846191406,3.432849407196045,1,1
3801,3.3773772716522217,3.310600519180298,0,0
3802,3.2095208168029785,3.158663749694824,0,0
3803,3.339782953262329,3.1941206455230713,0,0
3804,3.313108205795288,3.2743442058563232,0,0
3805,3.729281187057495,3.5472850799560547,1,1
3806,3.380241632461548,3.340373992919922,0,0
3807,3.3305094242095947,3.314415693283081,0,0
3808,3.269784688949585,3.135894775390625,0,0
3809,3.074117422103882,3.1842398643493652,0,0
3810,3.1195108890533447,3.266183853149414,0,0
3811,3.4956634044647217,3.349196434020996,1,1
3812,3.0928831100463867,3.1067278385162354,0,0
3813,2.846012592315674,3.0392651557922363,0,0
3814,3.2306933403015137,3.192451238632202,0,0
3815,3.279006242752075,3.4526219367980957,0,0
3816,3.5872230529785156,3.3559818267822266,1,1
3817,3.3129074573516846,3.2464475631713867,0,0
3818,3.5432581901550293,3.3674983978271484,1,1
3819,3.123750686645508,3.151966094970703,0,0
3820,3.4274675846099854,3.274048328399658,1,1
3821,3.397047519683838,3.055481433868408,1,1
3822,3.4710140228271484,3.124464988708496,1,1
3823,3.6594252586364746,3.354628324508667,1,1
3824,2.9866437911987305,2.7362959384918213,0,0
3825,3.142113447189331,3.1425461769104004,0,0
3826,2.9039926528930664,2.8356399536132812,0,0
3827,3.4868106842041016,3.204730272293091,1,1
3828,3.156914472579956,3.0392541885375977,0,0
3829,3.313279390335083,3.2095580101013184,0,0
3830,3.149838447570801,3.065150022506714,0,0
3831,3.4654080867767334,3.2390780448913574,1,1
3832,2.715637683868408,2.5729732513427734,0,0
3833,2.9989309310913086,2.687319755554199,0,0
3834,3.6719915866851807,3.2771425247192383,1,1
3835,3.609917163848877,3.3581509590148926,1,1
3836,3.257662296295166,3.0159473419189453,0,0
3837,3.2496187686920166,3.0846469402313232,0,0
3838,2.725085496902466,2.669837474822998,0,0
3839,3.5750820636749268,3.203460216522217,1,1
3840,3.8956942558288574,3.523505210876465,1,1
3841,3.312106132507324,2.9935665130615234,0,0
3842,3.287893056869507,2.9889864921569824,0,0
3843,3.0834195613861084,2.8312079906463623,0,0
3844,3.1833932399749756,2.9498674869537354,0,0
3845,3.118081569671631,2.9618592262268066,0,0
3846,3.4365384578704834,2.831550121307373,1,1
3847,3.013272762298584,2.8381893634796143,0,0
3848,3.3432743549346924,3.021928310394287,0,0
3849,3.3780205249786377,2.9846842288970947,0,0
3850,2.973759889602661,2.682497978210449,0,0
3851,3.3273487091064453,2.887500524520874,0,0
3852,3.241236925125122,2.90010666847229,0,0
3853,3.359846353530884,3.0063538551330566,0,0
3854,3.3238449096679688,3.000779390335083,0,0
3855,3.271402597427368,3.032414436340332,0,0
3856,3.3306243419647217,2.97743558883667,0,0
3857,3.8554513454437256,3.331256866455078,1,1
3858,3.6512670516967773,3.1713099479675293,1,1
3859,3.374774217605591,3.1748456954956055,1,1
3860,3.561530351638794,3.213253974914551,1,1
3861,3.717907190322876,3.3400936126708984,1,1
3862,3.3678197860717773,3.051967144012451,0,0
3863,3.251216173171997,3.1146371364593506,0,0
3864,3.221815347671509,3.1364259719848633,0,0
3865,3.252525568008423,3.2052948474884033,0,0
3866,3.4994847774505615,3.2367444038391113,1,1
3867,3.4165525436401367,3.27368426322937,1,1
3868,3.740828275680542,3.430105686187744,1,1
3869,3.5055902004241943,3.6124298572540283,1,1
3870,3.8684043884277344,3.588939666748047,1,1
3871,3.5891401767730713,3.359708309173584,1,1
3872,3.2468032836914062,3.1246609687805176,0,0
3873,3.4734816551208496,3.1752777099609375,1,1
3874,3.4808952808380127,3.394810199737549,1,1
3875,3.773439407348633,3.5789682865142822,1,1
3876,3.8720784187316895,3.577629566192627,1,1
3877,3.543600082397461,3.293679714202881,1,1
3878,3.682307720184326,3.315418243408203,1,1
3879,3.455310821533203,3.139944076538086,1,1
3880,3.4087975025177,3.1594369411468506,1,1
3881,3.583059549331665,3.198657512664795,1,1
3882,3.7762093544006348,3.519056558609009,1,1
3883,3.6304452419281006,3.2111575603485107,1,1
3884,3.242048501968384,3.2045035362243652,0,0
3885,3.2841341495513916,3.199960470199585,0,0
3886,2.99353289604187,2.7504727840423584,0,0
3887,3.364166736602783,3.0845658779144287,0,0
3888,3.2722971439361572,2.9672579765319824,0,0
3889,3.4961931705474854,3.073920965194702,1,1
3890,3.2746286392211914,2.8231382369995117,0,0
3891,3.46667742729187,3.089137554168701,1,1
3892,3.344494342803955,3.1551313400268555,0,0
3893,3.1771724224090576,3.0663204193115234,0,0
3894,3.4274778366088867,3.040693521499634,1,1
3895,3.791045665740967,3.428542375564575,1,1
3896,3.894284963607788,3.654092788696289,1,1
3897,3.626284122467041,3.413102626800537,1,1
3898,3.12695574760437,3.057724714279175,0,0
3899,3.4928693771362305,3.2903876304626465,1,1
3900,3.474364757537842,3.196531295776367,1,1
3901,3.6180639266967773,3.3941810131073,1,1
3902,3.404881000518799,3.1154162883758545,1,1
3903,3.252107858657837,3.0525999069213867,0,0
3904,3.5004677772521973,3.157175302505493,1,1
3905,3.2156805992126465,2.9418785572052,0,0
3906,3.7507410049438477,3.2947866916656494,1,1
3907,3.5935745239257812,3.0456507205963135,1,1
3908,3.812140464782715,3.3463001251220703,1,1
3909,3.9455127716064453,3.4969043731689453,1,1
3910,3.676701784133911,3.476163387298584,1,1
3911,3.685184955596924,3.5260117053985596,1,1
3912,3.9452483654022217,3.652904987335205,1,1
3913,3.738548517227173,3.665462017059326,1,1
3914,3.6966145038604736,3.5218753814697266,1,1
3915,3.6261773109436035,3.4951071739196777,1,1
3916,3.492997169494629,3.6183273792266846,1,1
3917,3.726768970489502,3.548161029815674,1,1
3918,3.3656702041625977,3.426053524017334,0,0
3919,3.5622470378875732,3.3441691398620605,1,1
3920,2.835259437561035,2.8117926120758057,0,0
3921,3.479905605316162,3.2866854667663574,1,1
3922,3.390568971633911,3.3966150283813477,1,1
3923,3.4534759521484375,3.366792678833008,1,1
3924,3.2960422039031982,3.420900344848633,0,0
3925,3.2613821029663086,3.136991024017334,0,0
3926,3.0548620223999023,2.866105079650879,0,0
3927,3.231452465057373,3.033945083618164,0,0
3928,3.3735644817352295,3.2435288429260254,0,0
3929,3.3524975776672363,3.2569353580474854,0,0
3930,3.931173324584961,3.755472183227539,1,1
3931,3.7085843086242676,3.6419754028320312,1,1
3932,3.40696120262146,3.209770441055298,1,1
3933,3.6476807594299316,3.3565497398376465,1,1
3934,3.6148879528045654,3.19889235496521,1,1
3935,3.57124662399292,3.198418617248535,1,1
3936,3.3322091102600098,3.0883631706237793,0,0
3937,3.4746253490448,3.1812405586242676,1,1
3938,3.6179416179656982,3.308495044708252,1,1
3939,3.3288426399230957,3.0814616680145264,0,0
3940,3.085001230239868,2.9715323448181152,0,0
3941,3.5125176906585693,3.1746578216552734,1,1
3942,3.4385788440704346,3.2673652172088623,1,1
3943,2.9172585010528564,2.713688611984253,0,0
3944,3.3015763759613037,3.056129217147827,0,0
3945,3.5622823238372803,3.0784621238708496,1,1
3946,3.4987971782684326,3.1924540996551514,1,1
3947,3.8097500801086426,3.213258743286133,1,1
3948,3.577157974243164,3.10428524017334,1,1
3949,3.6231603622436523,3.227078437805176,1,1
3950,3.4395387172698975,3.076666831970215,1,1
3951,3.126387119293213,2.905092477798462,0,0
3952,3.5367226600646973,3.3354339599609375,1,1
3953,3.538416624069214,3.2307968139648438,1,1
3954,3.737400770187378,3.3195130825042725,1,1
3955,3.5125231742858887,3.0751099586486816,1,1
3956,3.5084586143493652,3.2529239654541016,1,1
3957,3.4722020626068115,3.3056039810180664,1,1
3958,3.8170909881591797,3.457587718963623,1,1
3959,3.5934417247772217,3.1992807388305664,1,1
3960,3.365466833114624,3.138202667236328,0,0
3961,3.482881546020508,3.2529029846191406,1,1
3962,3.516364097595215,3.1417899131774902,1,1
3963,3.1542465686798096,2.854376792907715,0,0
3964,3.3886821269989014,3.0537331104278564,0,0
3965,3.481250524520874,3.224656105041504,1,1
3966,2.8653814792633057,2.6876583099365234,0,0
3967,2.833392381668091,2.4469733238220215,0,0
3968,3.0719716548919678,2.9326424598693848,0,0
3969,3.3889846801757812,3.133723735809326,0,0
3970,3.3465332984924316,2.7528698444366455,0,0
3971,3.348310947418213,2.6119322776794434,0,0
3972,3.0337412357330322,2.807664155960083,0,0
3973,3.2351605892181396,2.692180633544922,0,0
3974,3.3782708644866943,2.848202705383301,0,0
3975,3.2147343158721924,2.748283863067627,0,0
3976,3.508975028991699,2.878986358642578,1,1
3977,3.155287504196167,2.6356003284454346,0,0
3978,2.945119619369507,2.4480233192443848,0,0
3979,2.997283458709717,2.502502918243408,0,0
3980,2.8431153297424316,2.658623695373535,0,0
3981,3.1261844635009766,2.672025442123413,0,0
3982,3.332643508911133,3.0126571655273438,0,0
3983,3.5354440212249756,3.0769357681274414,1,1
3984,2.764599561691284,2.6853630542755127,0,0
3985,3.6220507621765137,3.2624082565307617,1,1
3986,2.2296271324157715,2.1642308235168457,0,0
3987,3.6257941722869873,3.1265764236450195,1,1
3988,2.6682357788085938,2.5216445922851562,0,0
3989,3.523132801055908,3.1486785411834717,1,1
3990,3.2460453510284424,3.1162869930267334,0,0
3991,3.552882671356201,3.22027587890625,1,1
3992,3.073777437210083,3.0523219108581543,0,0
3993,3.1986515522003174,2.862699031829834,0,0
3994,3.3049838542938232,2.955599308013916,0,0
3995,3.218674421310425,3.01163911819458,0,0
3996,3.575230598449707,3.131239414215088,1,1
3997,3.4760258197784424,3.138721466064453,1,1
3998,3.424037456512451,3.0331130027770996,1,1
3999,3.3049631118774414,3.0699291229248047,0,0
4000,3.45399808883667,3.084268569946289,1,1
4001,3.3885507583618164,2.9219462871551514,0,0
4002,3.390806198120117,3.312122344970703,1,1
4003,4.020782947540283,3.59374737739563,1,1
4004,4.251691818237305,3.710263729095459,1,1
4005,3.6232571601867676,3.3498497009277344,1,1
4006,3.333127737045288,3.140392303466797,0,0
4007,3.4089322090148926,3.2221765518188477,1,1
4008,3.7464005947113037,3.5157370567321777,1,1
4009,3.74955415725708,3.4292869567871094,1,1
4010,2.9754159450531006,2.847557306289673,0,0
4011,3.618415355682373,3.346996784210205,1,1
4012,3.531085968017578,3.3689687252044678,1,1
4013,3.704288959503174,3.3662166595458984,1,1
4014,3.9660847187042236,3.583930015563965,1,1
4015,4.205296993255615,3.758082866668701,1,1
4016,3.4266557693481445,3.07635498046875,0,0
4017,3.069753646850586,3.0061841011047363,0,0
4018,3.163456439971924,3.022233009338379,0,0
4019,3.0614664554595947,2.795588970184326,0,0
4020,3.1551480293273926,2.9557931423187256,0,0
4021,3.1720800399780273,3.0826773643493652,0,0
4022,3.266674280166626,2.9593520164489746,0,0
4023,2.9681999683380127,2.7424793243408203,0,0
4024,2.718609094619751,2.6595330238342285,0,0
4025,3.248950242996216,3.1171679496765137,0,0
4026,3.077958822250366,2.739107608795166,0,0
4027,3.241990804672241,3.074263334274292,0,0
4028,3.3873648643493652,3.021225929260254,0,0
4029,3.5350418090820312,3.2542171478271484,1,1
4030,3.547750234603882,3.1989269256591797,1,1
4031,3.567830801010132,3.295125722885132,1,1
4032,3.34000301361084,3.1271610260009766,0,0
4033,3.2489607334136963,3.190548896789551,0,0
4034,3.4342777729034424,3.27811336517334,1,1
4035,3.2567877769470215,2.9620988368988037,0,0
4036,3.309877634048462,3.073800563812256,0,0
4037,3.3050601482391357,3.116755962371826,0,0
4038,2.683474540710449,2.5787768363952637,0,0
4039,2.645066499710083,2.6491968631744385,0,0
4040,3.045482635498047,2.734508514404297,0,0
4041,2.9058711528778076,2.5972180366516113,0,0
4042,2.778785467147827,2.587299346923828,0,0
4043,3.0616650581359863,2.6582865715026855,0,0
4044,3.486696481704712,3.0905771255493164,1,1
4045,3.4051356315612793,3.134495973587036,0,0
4046,3.4473958015441895,3.163856029510498,1,1
4047,3.237020969390869,3.0977835655212402,0,0
4048,3.347456693649292,3.0338211059570312,0,0
4049,3.2260818481445312,3.085756301879883,0,0
4050,3.1643621921539307,3.169971466064453,0,0
4051,3.3378677368164062,3.035496711730957,0,0
4052,3.4920103549957275,3.1734843254089355,1,1
4053,3.028442621231079,2.9032676219940186,0,0
4054,3.1802802085876465,2.9494078159332275,0,0
4055,3.409048080444336,3.1340126991271973,1,1
4056,3.2205212116241455,2.8480443954467773,0,0
4057,3.371786117553711,3.2450406551361084,0,0
4058,3.0166923999786377,2.845438003540039,0,0
4059,3.1246891021728516,2.900824546813965,0,0
4060,3.3954834938049316,3.008678913116455,0,0
4061,3.1159892082214355,2.8904781341552734,0,0
4062,3.027223587036133,2.8663604259490967,0,0
4063,3.115396738052368,2.7415988445281982,0,0
4064,3.2916154861450195,3.0633349418640137,0,0
4065,3.5329127311706543,3.3871984481811523,1,1
4066,3.417726516723633,3.298168182373047,1,1
4067,3.1721384525299072,3.1004319190979004,0,0
4068,3.1288604736328125,2.964569091796875,0,0
4069,3.391958713531494,3.187915325164795,0,0
4070,3.1097376346588135,3.1234378814697266,0,0
4071,3.391310453414917,3.1860151290893555,0,0
4072,3.260067939758301,3.206913471221924,0,0
4073,3.50382399559021,3.155437469482422,1,1
4074,3.8360774517059326,3.3555688858032227,1,1
4075,3.3944454193115234,3.232840061187744,1,1
4076,3.348921298980713,3.181047201156616,0,0
4077,3.4713211059570312,3.2858986854553223,1,1
4078,3.1917638778686523,3.0992958545684814,0,0
4079,2.964639902114868,2.9521186351776123,0,0
4080,3.3529627323150635,3.18224835395813,0,0
4081,3.0597448348999023,3.039006233215332,0,0
4082,3.1543328762054443,3.007908821105957,0,0
4083,3.486163377761841,3.2286181449890137,1,1
4084,3.360978841781616,3.14735746383667,0,0
4085,3.443546772003174,3.2449910640716553,1,1
4086,3.660623073577881,3.375972270965576,1,1
4087,3.188567638397217,3.322906017303467,0,0
4088,2.953498125076294,2.7980356216430664,0,0
4089,3.002152919769287,2.8402891159057617,0,0
4090,2.8348021507263184,2.9564318656921387,0,0
4091,3.3865652084350586,3.408895254135132,0,0
4092,3.2908565998077393,3.231858015060425,0,0
4093,3.4251339435577393,3.345122814178467,1,1
4094,3.6167352199554443,3.428030490875244,1,1
4095,3.6162586212158203,3.4809484481811523,1,1
4096,3.6378536224365234,3.596482276916504,1,1
4097,3.7106103897094727,3.529750347137451,1,1
4098,3.3717479705810547,3.2766995429992676,0,0
4099,2.9150655269622803,2.837001323699951,0,0
4100,2.9925050735473633,3.046977996826172,0,0
4101,3.2121317386627197,3.2276806831359863,0,0
4102,3.1263041496276855,3.1217219829559326,0,0
4103,3.519746780395508,3.2163524627685547,1,1
4104,3.5543084144592285,3.3602218627929688,1,1
4105,3.4593820571899414,3.364182233810425,1,1
4106,3.103342294692993,3.021836757659912,0,0
4107,3.1681535243988037,2.895148277282715,0,0
4108,3.7747302055358887,3.3318212032318115,1,1
4109,4.02699613571167,3.499912738800049,1,1
4110,3.6331262588500977,3.3283944129943848,1,1
4111,3.3216397762298584,3.0281717777252197,0,0
4112,2.7989020347595215,2.6332030296325684,0,0
4113,3.7727725505828857,3.2280702590942383,1,1
4114,3.56998348236084,3.2409424781799316,1,1
4115,3.060746908187866,2.871903419494629,0,0
4116,3.387298107147217,3.055034875869751,1,1
4117,2.6555681228637695,2.632214307785034,0,0
4118,3.2504403591156006,2.9085745811462402,0,0
4119,3.192457437515259,3.0893726348876953,0,0
4120,3.43664288520813,3.3137478828430176,1,1
4121,3.3428382873535156,3.3000736236572266,0,0
4122,3.741816997528076,3.5616073608398438,1,1
4123,3.641634225845337,3.2525205612182617,1,1
4124,3.7280960083007812,3.3631792068481445,1,1
4125,2.933708906173706,2.7558364868164062,0,0
4126,3.3225343227386475,2.981041431427002,0,0
4127,3.2563889026641846,3.167881965637207,0,0
4128,3.3852195739746094,2.9888319969177246,1,1
4129,3.7737135887145996,3.481093406677246,1,1
4130,3.276582717895508,3.1971778869628906,0,0
4131,2.9758453369140625,2.608266830444336,0,0
4132,3.07702898979187,2.7375643253326416,0,0
4133,3.3169610500335693,3.1314263343811035,0,0
4134,3.155907154083252,2.795197010040283,0,0
4135,3.003577947616577,2.9284539222717285,0,0
4136,3.4607396125793457,3.0516419410705566,1,1
4137,3.0858025550842285,2.761380195617676,0,0
4138,3.156975507736206,2.786379098892212,0,0
4139,3.312203884124756,2.854806661605835,0,0
4140,3.1313118934631348,2.7949604988098145,0,0
4141,3.7768502235412598,3.3404340744018555,1,1
4142,3.14566969871521,2.983358860015869,0,0
4143,3.5716161727905273,3.2890782356262207,1,1
4144,3.439474105834961,3.0384702682495117,1,1
4145,3.148989677429199,2.9435606002807617,0,0
4146,3.270728826522827,2.971747398376465,0,0
4147,3.385878324508667,3.132450580596924,1,1
4148,3.483280897140503,3.0102741718292236,1,1
4149,3.234872817993164,2.8695144653320312,0,0
4150,3.4343767166137695,3.036482810974121,1,1
4151,3.3378076553344727,3.0216026306152344,1,1
4152,3.4095265865325928,3.162447452545166,1,1
4153,3.4434685707092285,3.2091312408447266,1,1
4154,3.2821550369262695,3.1888084411621094,0,0
4155,3.107356309890747,2.9013912677764893,0,0
4156,2.937579870223999,2.678018093109131,0,0
4157,2.623223066329956,2.4388678073883057,0,0
4158,3.0565757751464844,2.8689534664154053,0,0
4159,3.184522867202759,2.8686459064483643,0,0
4160,3.180140733718872,2.8260347843170166,0,0
4161,2.931349992752075,2.874751567840576,0,0
4162,3.3857834339141846,3.1513617038726807,1,1
4163,2.6624438762664795,2.6209702491760254,0,0
4164,3.414078950881958,3.0779101848602295,1,1
4165,3.6280384063720703,3.320553779602051,1,1
4166,3.6389920711517334,3.421149969100952,1,1
4167,3.277261734008789,3.049159288406372,0,0
4168,3.0666232109069824,3.040224552154541,0,0
4169,3.176591157913208,3.0365545749664307,0,0
4170,3.1013190746307373,3.024165630340576,0,0
4171,3.169712543487549,3.0580737590789795,0,0
4172,3.1028623580932617,2.8845348358154297,0,0
4173,3.4317057132720947,3.1539018154144287,1,1
4174,3.332624673843384,3.0954418182373047,1,1
4175,3.1105854511260986,2.9611763954162598,0,0
4176,3.2080447673797607,3.2391982078552246,0,0
4177,3.4447877407073975,3.1028590202331543,1,1
4178,3.8574678897857666,3.368480920791626,1,1
4179,3.4735770225524902,3.3410592079162598,1,1
4180,3.4443399906158447,3.3392701148986816,1,1
4181,3.661957263946533,3.4415690898895264,1,1
4182,3.71028733253479,3.263603687286377,1,1
4183,3.269599676132202,3.2030739784240723,0,0
4184,3.955469846725464,3.562021255493164,1,1
4185,3.6000595092773438,3.429333209991455,1,1
4186,3.9284801483154297,3.726104736328125,1,1
4187,3.2974791526794434,3.2492127418518066,0,0
4188,3.2813897132873535,3.090599536895752,0,0
4189,3.425814151763916,3.1139540672302246,1,1
4190,3.5321242809295654,3.1980299949645996,1,1
4191,3.392300844192505,3.1919198036193848,1,1
4192,3.3342859745025635,3.19199538230896,1,1
4193,3.287473201751709,3.1412410736083984,0,0
4194,3.3893046379089355,3.3737614154815674,1,1
4195,3.1877024173736572,3.149282455444336,0,0
4196,2.9941012859344482,3.091806411743164,0,0
4197,3.4823319911956787,3.4868407249450684,1,1
4198,3.5997540950775146,3.6231720447540283,1,1
4199,3.8884222507476807,3.632960796356201,1,1
4200,3.968234062194824,3.5052027702331543,1,1
4201,3.4266562461853027,3.2490506172180176,1,1
4202,3.27484393119812,3.297621250152588,0,0
4203,3.337467670440674,3.265864372253418,1,1
4204,3.2014365196228027,3.410360813140869,0,0
4205,3.7378153800964355,3.5681729316711426,1,1
4206,3.237412929534912,3.088534355163574,0,0
4207,3.470402240753174,3.186232328414917,1,1
4208,3.3581409454345703,2.9502601623535156,1,1
4209,2.965482473373413,2.7201085090637207,0,0
4210,3.5063743591308594,3.052189826965332,1,1
4211,3.017435073852539,2.7075915336608887,0,0
4212,2.975323438644409,2.9377870559692383,0,0
4213,2.827575445175171,2.729948043823242,0,0
4214,3.767493724822998,3.3632349967956543,1,1
4215,4.169007778167725,3.62882661819458,1,1
4216,3.9288711547851562,3.5416107177734375,1,1
4217,3.4107484817504883,3.2577834129333496,1,1
4218,3.0840444564819336,3.074557065963745,0,0
4219,3.3990869522094727,3.1851749420166016,1,1
4220,3.417168140411377,3.188528060913086,1,1
4221,3.3353233337402344,3.3883447647094727,1,1
4222,3.415041923522949,3.256643772125244,1,1
4223,3.65743350982666,3.49735689163208,1,1
4224,3.7107326984405518,3.433871269226074,1,1
4225,3.231553554534912,2.937556743621826,0,0
4226,3.20015811920166,2.8880486488342285,0,0
4227,3.2845377922058105,3.0546936988830566,0,0
4228,3.3322486877441406,3.0973095893859863,0,0
4229,3.3866796493530273,3.1014885902404785,1,1
4230,3.7209088802337646,3.3729329109191895,1,1
4231,3.633985996246338,3.2784066200256348,1,1
4232,3.3608367443084717,2.971190929412842,1,1
4233,3.3370349407196045,3.0974268913269043,1,1
4234,3.293703317642212,3.178555727005005,0,0
4235,3.377448558807373,3.2241382598876953,1,1
4236,3.5075161457061768,3.091353416442871,1,1
4237,3.541473865509033,3.2341408729553223,1,1
4238,3.097524881362915,2.9294686317443848,0,0
4239,3.130115032196045,2.742082118988037,0,0
4240,3.3841142654418945,3.192613124847412,1,1
4241,3.4427952766418457,3.1848487854003906,1,1
4242,3.908022165298462,3.5041751861572266,1,1
4243,3.498983144760132,2.996999740600586,1,1
4244,3.408414125442505,3.223698854446411,1,1
4245,3.5111653804779053,3.2997801303863525,1,1
4246,3.510817527770996,2.9529900550842285,1,1
4247,3.553041934967041,2.923705577850342,1,1
4248,3.3099558353424072,2.8637008666992188,0,0
4249,3.3515007495880127,2.9400620460510254,1,1
4250,3.2637038230895996,3.015562057495117,0,0
4251,3.4740638732910156,3.133425235748291,1,1
4252,3.3419835567474365,3.0266644954681396,0,0
4253,3.2941620349884033,2.8584890365600586,0,0
4254,3.5566911697387695,3.1111385822296143,1,1
4255,3.169747829437256,2.8027102947235107,0,0
4256,3.426302194595337,3.148294687271118,1,1
4257,3.2418136596679688,2.849152088165283,0,0
4258,2.7968804836273193,2.726438522338867,0,0
4259,3.284827947616577,2.869935989379883,0,0
4260,3.3863377571105957,3.1511316299438477,1,1
4261,3.7251250743865967,3.451650381088257,1,1
4262,3.434328556060791,3.117032527923584,1,1
4263,3.523601770401001,3.0333871841430664,1,1
4264,3.473503828048706,3.145414352416992,1,1
4265,3.550016164779663,3.383781909942627,1,1
4266,3.394296646118164,3.2892251014709473,1,1
4267,3.164628744125366,2.9186604022979736,0,0
4268,3.2902534008026123,3.130255937576294,0,0
4269,3.3416941165924072,3.1297829151153564,0,0
4270,3.3245949745178223,3.2587077617645264,0,0
4271,3.41778826713562,3.1428089141845703,1,1
4272,3.326505422592163,3.014810562133789,0,0
4273,2.949726104736328,2.8604483604431152,0,0
4274,3.631725311279297,3.3160955905914307,1,1
4275,3.281059741973877,3.1525158882141113,0,0
4276,2.7323880195617676,2.7923929691314697,0,0
4277,3.0005509853363037,2.8050379753112793,0,0
4278,3.8827085494995117,3.4526405334472656,1,1
4279,3.2367987632751465,3.0614185333251953,0,0
4280,3.4895846843719482,3.1351218223571777,1,1
4281,2.2474586963653564,2.3361191749572754,0,0
4282,3.456038236618042,3.2149853706359863,1,1
4283,3.740107774734497,3.445377826690674,1,1
4284,3.9450972080230713,3.3815720081329346,1,1
4285,3.644656181335449,3.236558437347412,1,1
4286,3.389599084854126,3.1609535217285156,1,1
4287,3.302936315536499,3.0925917625427246,0,0
4288,3.5592195987701416,3.2023329734802246,1,1
4289,3.403528928756714,3.112853527069092,1,1
4290,3.1884617805480957,3.0895237922668457,0,0
4291,3.3545620441436768,3.2720773220062256,0,0
4292,3.3149352073669434,3.2226438522338867,0,0
4293,2.9850142002105713,3.0798392295837402,0,0
4294,3.6164495944976807,3.2643930912017822,1,1
4295,3.350576639175415,3.100163698196411,0,0
4296,3.6837103366851807,3.5447165966033936,1,1
4297,3.5902671813964844,3.3048858642578125,1,1
4298,3.1209607124328613,3.0943784713745117,0,0
4299,1.8756146430969238,1.9948921203613281,0,0
4300,3.323274850845337,3.241746664047241,0,0
4301,3.546140193939209,3.4840402603149414,1,1
4302,3.604689598083496,3.5071520805358887,1,1
4303,3.6088383197784424,3.5061662197113037,1,1
4304,3.6848857402801514,3.7035624980926514,1,1
4305,3.2794206142425537,3.4258835315704346,0,0
4306,3.127279281616211,2.9654457569122314,0,0
4307,3.0693297386169434,2.9653539657592773,0,0
4308,3.428832530975342,3.136343002319336,1,1
4309,3.3435146808624268,2.948913097381592,0,0
4310,3.2923715114593506,3.1090126037597656,0,0
4311,3.47501277923584,3.1599037647247314,1,1
4312,3.4939093589782715,3.2019777297973633,1,1
4313,3.7300992012023926,3.123391628265381,1,1
4314,3.454608201980591,3.087069272994995,1,1
4315,3.433845043182373,3.0800578594207764,1,1
4316,3.518989324569702,3.2760024070739746,1,1
4317,3.1656601428985596,2.9773900508880615,0,0
4318,3.2729201316833496,2.9862236976623535,0,0
4319,3.3608317375183105,3.057076930999756,1,1
4320,3.4509646892547607,3.195650100708008,1,1
4321,3.57955002784729,3.118124485015869,1,1
4322,3.18745756149292,2.793112277984619,0,0
4323,3.480790138244629,3.205540180206299,1,1
4324,3.305346727371216,2.8630545139312744,0,0
4325,3.2008719444274902,2.801952838897705,0,0
4326,1.8488832712173462,1.7174254655838013,0,0
4327,2.4051003456115723,2.3089277744293213,0,0
4328,3.087857246398926,3.014298915863037,0,0
4329,3.442697286605835,3.2004847526550293,1,1
4330,3.212709903717041,3.134720802307129,0,0
4331,3.0220773220062256,2.7645516395568848,0,0
4332,3.254202365875244,3.072479248046875,0,0
4333,3.387038230895996,3.011584758758545,1,1
4334,3.153740644454956,2.916292190551758,0,0
4335,3.0693509578704834,2.922513246536255,0,0
4336,3.274026393890381,2.985534191131592,0,0
4337,3.108726978302002,2.767655849456787,0,0
4338,2.9184012413024902,2.806020736694336,0,0
4339,3.6956193447113037,3.2028329372406006,1,1
4340,2.7162234783172607,2.47770357131958,0,0
4341,3.3256564140319824,3.1410717964172363,0,0
4342,3.1693954467773438,3.066635847091675,0,0
4343,3.308210611343384,3.071989059448242,0,0
4344,3.323761463165283,3.149543046951294,0,0
4345,3.2684528827667236,3.2009987831115723,0,0
4346,3.2367498874664307,2.999162197113037,0,0
4347,3.413815975189209,3.206899642944336,1,1
4348,3.595665216445923,3.2418222427368164,1,1
4349,3.4561572074890137,3.1831235885620117,1,1
4350,3.24787974357605,3.0461902618408203,0,0
4351,3.1436221599578857,2.8724679946899414,0,0
4352,2.685222625732422,2.5666306018829346,0,0
4353,3.263758659362793,3.0828888416290283,0,0
4354,3.242743730545044,3.070376396179199,0,0
4355,3.398219585418701,3.2253756523132324,1,1
4356,3.651648998260498,3.3273816108703613,1,1
4357,3.1726253032684326,3.0836148262023926,0,0
4358,2.8159868717193604,2.8818511962890625,0,0
4359,2.8610496520996094,2.9317541122436523,0,0
4360,2.790351390838623,2.620180606842041,0,0
4361,2.758946657180786,2.823744058609009,0,0
4362,2.913970947265625,2.8905978202819824,0,0
4363,2.9431891441345215,2.780148506164551,0,0
4364,2.877539873123169,2.889741897583008,0,0
4365,2.8770809173583984,2.9562182426452637,0,0
4366,2.9710729122161865,2.9194912910461426,0,0
4367,2.7836573123931885,2.78818416595459,0,0
4368,3.1450047492980957,3.1065003871917725,0,0
4369,2.911864995956421,2.9358108043670654,0,0
4370,3.2270212173461914,2.988107204437256,0,0
4371,3.769885778427124,3.303093671798706,1,1
4372,3.5465011596679688,3.3072433471679688,1,1
4373,3.4874424934387207,3.174346685409546,1,1
4374,3.5438525676727295,3.289095401763916,1,1
4375,3.3267838954925537,3.186469554901123,0,0
4376,3.5730433464050293,3.347219467163086,1,1
4377,3.3128254413604736,3.2276508808135986,0,0
4378,3.420574426651001,3.2904577255249023,1,1
4379,3.3978374004364014,3.061805248260498,1,1
4380,3.3362739086151123,3.1902599334716797,0,0
4381,2.896045207977295,2.723857879638672,0,0
4382,3.2275006771087646,2.8794267177581787,0,0
4383,3.7193496227264404,3.122828960418701,1,1
4384,3.2048416137695312,2.7914390563964844,0,0
4385,3.456362724304199,3.010836601257324,1,1
4386,3.3964121341705322,3.114786148071289,1,1
4387,3.391737222671509,3.1465389728546143,1,1
4388,3.540785312652588,3.1656064987182617,1,1
4389,3.4202115535736084,2.977036476135254,1,1
4390,3.557272434234619,3.215362310409546,1,1
4391,3.478949785232544,3.2348289489746094,1,1
4392,3.1912150382995605,2.973217487335205,0,0
4393,2.6297450065612793,2.522695779800415,0,0
4394,3.044710397720337,2.817225456237793,0,0
4395,3.3090622425079346,3.055109977722168,0,0
4396,3.1851630210876465,2.967545509338379,0,0
4397,3.377743721008301,2.897700786590576,1,1
4398,3.3729753494262695,3.2341065406799316,1,1
4399,3.327345609664917,3.118196964263916,0,0
4400,3.7326500415802,3.5946836471557617,1,1
4401,3.4814982414245605,3.054441452026367,1,1
4402,3.971325635910034,3.1385340690612793,1,1
4403,4.534916877746582,3.036604404449463,1,1
4404,3.8754820823669434,2.8357605934143066,1,1
4405,4.314663887023926,3.090630531311035,1,1
4406,5.259443759918213,2.845500946044922,1,1
4407,4.0899786949157715,2.7883682250976562,1,1
4408,4.417901992797852,2.815380573272705,1,1
4409,4.795797348022461,2.873554229736328,1,1
4410,4.058857440948486,2.9428184032440186,1,1
4411,3.6626315116882324,2.7620139122009277,1,1
4412,2.9249978065490723,2.6100871562957764,0,0
4413,3.7085394859313965,3.215552806854248,1,1
4414,3.5803425312042236,3.1989428997039795,1,1
4415,3.5006144046783447,3.2811503410339355,1,1
4416,3.4895904064178467,3.1140527725219727,1,1
4417,3.364518880844116,3.3262228965759277,1,1
4418,3.2652878761291504,3.1781980991363525,0,0
4419,3.164304733276367,2.8253560066223145,0,0
4420,3.0146970748901367,2.7497804164886475,0,0
4421,3.2076215744018555,2.8238348960876465,0,0
4422,3.6443538665771484,3.257131338119507,1,1
4423,3.2322402000427246,2.6840946674346924,0,0
4424,3.3911094665527344,2.9979679584503174,1,1
4425,3.624082088470459,3.1996824741363525,1,1
4426,3.2153027057647705,2.7379984855651855,0,0
4427,3.5162172317504883,3.0210444927215576,1,1
4428,3.3295936584472656,3.1580798625946045,0,0
4429,3.5817177295684814,3.3366031646728516,1,1
4430,3.5169007778167725,3.1829276084899902,1,1
4431,3.0377681255340576,2.864837169647217,0,0
4432,2.9098246097564697,2.8844590187072754,0,0
4433,2.8233704566955566,2.7753729820251465,0,0
4434,3.385206937789917,3.2514243125915527,1,1
4435,3.0094797611236572,2.8927783966064453,0,0
4436,2.9083943367004395,2.6445932388305664,0,0
4437,3.260658025741577,2.7191357612609863,0,0
4438,2.6991963386535645,2.2526233196258545,0,0
4439,3.4639289379119873,2.945185422897339,1,1
4440,3.285919189453125,2.8295388221740723,0,0
4441,3.598268985748291,3.17792010307312,1,1
4442,3.4072964191436768,2.783870220184326,1,1
4443,3.1165354251861572,2.6756935119628906,0,0
4444,3.2653908729553223,2.8042516708374023,0,0
4445,3.303676128387451,2.9567177295684814,0,0
4446,3.736248254776001,3.3493494987487793,1,1
4447,3.3082423210144043,3.0640058517456055,0,0
4448,3.4486746788024902,3.2462544441223145,1,1
4449,3.615684747695923,3.3027102947235107,1,1
4450,3.5085251331329346,3.1419525146484375,1,1
4451,4.006659030914307,3.2958264350891113,1,1
4452,4.0598907470703125,3.5748329162597656,1,1
4453,3.4218928813934326,3.290088176727295,1,1
4454,3.089371681213379,3.0116519927978516,0,0
4455,3.749880313873291,3.4381070137023926,1,1
4456,3.577259063720703,3.4379968643188477,1,1
4457,3.4082398414611816,3.3067989349365234,1,1
4458,3.577199697494507,3.4475021362304688,1,1
4459,3.616973876953125,3.4062728881835938,1,1
4460,3.464597463607788,3.3357880115509033,1,1
4461,3.284729242324829,3.2417826652526855,0,0
4462,3.8489792346954346,3.3424031734466553,1,1
4463,3.467881441116333,3.273772716522217,1,1
4464,3.6035115718841553,3.393582820892334,1,1
4465,3.458524465560913,3.2880234718322754,1,1
4466,3.7714827060699463,3.3060989379882812,1,1
4467,3.5677011013031006,3.524397850036621,1,1
4468,3.6904139518737793,3.55098819732666,1,1
4469,3.373974561691284,3.2633237838745117,1,1
4470,3.4602112770080566,3.1683387756347656,1,1
4471,3.1258738040924072,2.9262802600860596,0,0
4472,3.0476529598236084,2.8978238105773926,0,0
4473,3.0763800144195557,3.0258214473724365,0,0
4474,2.917224645614624,2.6747076511383057,0,0
4475,2.8737709522247314,3.0085737705230713,0,0
4476,3.51754093170166,3.357715129852295,1,1
4477,3.248182535171509,3.2560465335845947,0,0
4478,3.093052864074707,3.07588529586792,0,0
4479,3.5100221633911133,3.131019115447998,1,1
4480,3.4317455291748047,3.280998706817627,1,1
4481,3.7463741302490234,3.4106311798095703,1,1
4482,3.7788748741149902,3.470214366912842,1,1
4483,3.800774097442627,3.30147647857666,1,1
4484,3.6247646808624268,3.2862353324890137,1,1
4485,3.638744592666626,3.351677417755127,1,1
4486,3.9057440757751465,3.5597100257873535,1,1
4487,3.6569602489471436,3.39796781539917,1,1
4488,3.64621639251709,3.3782668113708496,1,1
4489,4.04445219039917,3.632539987564087,1,1
4490,3.75319766998291,3.5159173011779785,1,1
4491,3.959914207458496,3.51930832862854,1,1
4492,3.6242289543151855,3.188918113708496,1,1
4493,3.6650984287261963,3.4941439628601074,1,1
4494,3.5720198154449463,3.414440631866455,1,1
4495,3.730147361755371,3.219341516494751,1,1
4496,3.3617212772369385,2.929547071456909,0,0
4497,3.441807746887207,3.3736021518707275,1,1
4498,3.7265779972076416,3.4532651901245117,1,1
4499,3.841108798980713,3.5181846618652344,1,1
4500,3.327176570892334,3.1758065223693848,0,0
4501,3.2269630432128906,3.0804245471954346,0,0
4502,3.352558135986328,3.211456775665283,0,0
4503,3.4867441654205322,3.3840279579162598,1,1
4504,3.3104851245880127,3.161048173904419,0,0
4505,3.8227458000183105,3.486940860748291,1,1
4506,3.2873849868774414,3.0506510734558105,0,0
4507,3.46919846534729,3.293710947036743,1,1
4508,2.873549222946167,2.7450175285339355,0,0
4509,2.652562379837036,2.695990800857544,0,0
4510,3.0858821868896484,2.8405299186706543,0,0
4511,3.3080251216888428,3.0420520305633545,0,0
4512,3.049706220626831,3.028644323348999,0,0
4513,3.151587724685669,2.9027082920074463,0,0
4514,3.1227900981903076,3.0137507915496826,0,0
4515,3.5270791053771973,3.124427556991577,1,1
4516,3.3557095527648926,3.085092067718506,0,0
4517,2.9159159660339355,2.9164819717407227,0,0
4518,3.187443494796753,3.039078712463379,0,0
4519,3.241292953491211,3.0543742179870605,0,0
4520,3.4084877967834473,3.4133927822113037,1,1
4521,3.3233001232147217,3.1163761615753174,0,0
4522,3.119581460952759,3.1552891731262207,0,0
4523,3.1213483810424805,3.2083234786987305,0,0
4524,3.3408286571502686,3.261265516281128,0,0
4525,3.7112135887145996,3.5375874042510986,1,1
4526,3.4429030418395996,3.377725601196289,1,1
4527,3.467237949371338,3.33506441116333,1,1
4528,3.3699114322662354,3.3595380783081055,0,0
4529,3.579709529876709,3.399092197418213,1,1
4530,3.256328821182251,3.0928092002868652,0,0
4531,3.2397499084472656,3.1465015411376953,0,0
4532,3.5211262702941895,3.2192862033843994,1,1
4533,3.2874412536621094,3.13613224029541,0,0
4534,3.191282033920288,3.0376088619232178,0,0
4535,3.483759880065918,3.261955738067627,1,1
4536,3.46999454498291,3.3294577598571777,1,1
4537,2.9314286708831787,3.0027685165405273,0,0
4538,3.50480318069458,3.3618879318237305,1,1
4539,3.1394457817077637,3.068887710571289,0,0
4540,3.6235244274139404,3.4355266094207764,1,1
4541,3.8322508335113525,3.658353567123413,1,1
4542,4.1568450927734375,3.7753710746765137,1,1
4543,3.991241931915283,3.673275947570801,1,1
4544,3.3386433124542236,3.0765695571899414,0,0
4545,3.590029239654541,3.1687488555908203,1,1
4546,3.3303098678588867,3.0677905082702637,0,0
4547,3.6043853759765625,3.182745933532715,1,1
4548,3.3281826972961426,2.9864392280578613,0,0
4549,3.5065579414367676,3.1262996196746826,1,1
4550,3.7216670513153076,3.491331100463867,1,1
4551,3.5718796253204346,3.378943920135498,1,1
4552,3.4268994331359863,3.15693736076355,1,1
4553,3.270918130874634,3.0479319095611572,0,0
4554,3.6020853519439697,3.1253905296325684,1,1
4555,3.514003276824951,3.159304141998291,1,1
4556,3.609705686569214,3.299405336380005,1,1
4557,3.7807602882385254,3.3389315605163574,1,1
4558,3.3017148971557617,2.937018394470215,0,0
4559,3.683030366897583,3.1284728050231934,1,1
4560,3.3492307662963867,3.209937810897827,0,0
4561,3.608962059020996,3.200847625732422,1,1
4562,3.333096981048584,3.2693889141082764,0,0
4563,3.5045554637908936,3.286762237548828,1,1
4564,3.7414636611938477,3.6237754821777344,1,1
4565,3.5115411281585693,3.276034355163574,1,1
4566,3.3928589820861816,3.382459878921509,0,0
4567,3.1288247108459473,3.148606300354004,0,0
4568,3.2084734439849854,3.3373076915740967,0,0
4569,3.6750428676605225,2.937089681625366,1,1
4570,3.231808662414551,3.005686044692993,0,0
4571,3.4124956130981445,2.990978717803955,0,0
4572,3.4904685020446777,3.0042660236358643,1,1
4573,3.66540265083313,3.249527931213379,1,1
4574,3.233948230743408,2.9680354595184326,0,0
4575,3.4479241371154785,3.2201895713806152,1,1
4576,3.5449652671813965,3.195096969604492,1,1
4577,3.6800131797790527,3.333779811859131,1,1
4578,3.4212403297424316,3.0646939277648926,0,0
4579,3.324211597442627,3.0649237632751465,0,0
4580,3.6934151649475098,3.239362955093384,1,1
4581,3.5895445346832275,3.1911768913269043,1,1
4582,3.9781107902526855,3.4401087760925293,1,1
4583,3.693619728088379,3.317491054534912,1,1
4584,3.3819031715393066,3.1224067211151123,0,0
4585,3.84470534324646,3.4260683059692383,1,1
4586,3.7085728645324707,3.349332809448242,1,1
4587,3.9193944931030273,3.546520709991455,1,1
4588,3.9699885845184326,3.6320302486419678,1,1
4589,3.87919282913208,3.7063703536987305,1,1
4590,3.898568630218506,3.727154493331909,1,1
4591,3.696383237838745,3.531881809234619,1,1
4592,4.233849048614502,3.9004671573638916,1,1
4593,4.182376861572266,3.6944949626922607,1,1
4594,3.807232141494751,3.6599762439727783,1,1
4595,3.8567616939544678,3.458737373352051,1,1
4596,3.7907769680023193,3.4688963890075684,1,1
4597,3.9890313148498535,3.384012460708618,1,1
4598,3.4734418392181396,3.342109203338623,0,0
4599,3.787635326385498,3.572282552719116,1,1
4600,3.740786075592041,3.6585066318511963,1,1
4601,3.44107985496521,3.4328994750976562,0,0
4602,3.6451382637023926,3.3658111095428467,1,1
4603,3.8199188709259033,3.3612170219421387,1,1
4604,3.9834818840026855,3.5738415718078613,1,1
4605,3.7765750885009766,3.5083510875701904,1,1
4606,3.6111299991607666,3.402859926223755,1,1
4607,3.7702672481536865,3.5920135974884033,1,1
4608,3.500157356262207,3.3839569091796875,1,1
4609,3.328334093093872,3.15030574798584,0,0
4610,3.258819103240967,3.2238495349884033,0,0
4611,3.340144157409668,3.065988063812256,0,0
4612,3.5976576805114746,3.462388753890991,1,1
4613,3.385692834854126,3.3416271209716797,0,0
4614,3.5927212238311768,3.401453733444214,1,1
4615,3.571957588195801,3.4138216972351074,1,1
4616,3.354886054992676,3.440734624862671,0,0
4617,3.5528740882873535,3.506967067718506,1,1
4618,3.3973817825317383,3.1293516159057617,0,0
4619,3.7788949012756348,3.519230365753174,1,1
4620,3.275252342224121,3.086505889892578,0,0
4621,3.056405544281006,2.9457945823669434,0,0
4622,3.3378801345825195,3.340137243270874,0,0
4623,3.3466007709503174,3.2760701179504395,0,0
4624,3.4902231693267822,3.3336398601531982,1,1
4625,3.288618326187134,3.220884323120117,0,0
4626,3.314235210418701,3.1580729484558105,0,0
4627,3.1075735092163086,2.8507437705993652,0,0
4628,3.3376200199127197,2.966684341430664,0,0
4629,3.0449655055999756,2.916931629180908,0,0
4630,3.3163788318634033,3.088008403778076,0,0
4631,3.3129703998565674,3.052894115447998,0,0
4632,2.8752331733703613,2.7040274143218994,0,0
4633,3.0660886764526367,2.786064624786377,0,0
4634,3.0531115531921387,2.7606008052825928,0,0
4635,3.084749698638916,2.7692463397979736,0,0
4636,3.298358201980591,2.940465211868286,0,0
4637,2.9665536880493164,2.7455196380615234,0,0
4638,2.9261367321014404,2.7685437202453613,0,0
4639,3.0162513256073,2.7258682250976562,0,0
4640,2.7662484645843506,2.709237813949585,0,0
4641,3.4266512393951416,3.05936336517334,0,0
4642,3.3131470680236816,3.0700626373291016,0,0
4643,3.067517042160034,2.873744010925293,0,0
4644,2.9872989654541016,2.7223432064056396,0,0
4645,3.5709712505340576,3.2579545974731445,1,1
4646,3.319098949432373,3.1753804683685303,0,0
4647,3.786863327026367,3.162599563598633,1,1
4648,3.5861148834228516,3.462186098098755,1,1
4649,3.6713128089904785,3.4019880294799805,1,1
4650,3.720703363418579,3.4917118549346924,1,1
4651,3.510430335998535,3.3460276126861572,1,1
4652,3.366335391998291,3.071587085723877,0,0
4653,3.257215976715088,3.0474324226379395,0,0
4654,3.2499568462371826,2.986257314682007,0,0
4655,3.2560665607452393,3.0275721549987793,0,0
4656,3.6773836612701416,3.1538262367248535,1,1
4657,3.9198615550994873,3.3892085552215576,1,1
4658,3.2302892208099365,2.9665775299072266,0,0
4659,3.271101713180542,3.0799317359924316,0,0
4660,3.136648654937744,2.980614185333252,0,0
4661,3.487001895904541,3.305915355682373,1,1
4662,3.5014190673828125,3.1949586868286133,1,1
4663,3.406343698501587,3.2689270973205566,0,0
4664,3.287742853164673,3.1974711418151855,0,0
4665,3.367950439453125,3.349637985229492,0,0
4666,3.7062814235687256,3.4083938598632812,1,1
4667,4.014773368835449,3.5435070991516113,1,1
4668,3.7434120178222656,3.4116013050079346,1,1
4669,3.861034631729126,3.6158111095428467,1,1
4670,3.205174446105957,3.158106565475464,0,0
4671,3.936293601989746,3.6118602752685547,1,1
4672,4.044222831726074,3.6555747985839844,1,1
4673,3.675210952758789,3.377202033996582,1,1
4674,3.5052618980407715,3.4242119789123535,1,1
4675,3.9253861904144287,3.707104444503784,1,1
4676,3.573470115661621,3.3019907474517822,1,1
4677,3.529594898223877,3.0544486045837402,1,1
4678,3.7213690280914307,3.0757148265838623,1,1
4679,3.1953883171081543,2.9970977306365967,0,0
4680,3.5240097045898438,3.3912699222564697,1,1
4681,3.2430403232574463,3.263577461242676,0,0
4682,3.0581586360931396,2.814969062805176,0,0
4683,2.944476366043091,2.825784683227539,0,0
4684,2.9421660900115967,2.71317195892334,0,0
4685,3.146953821182251,3.143899917602539,0,0
4686,3.3336517810821533,3.0122299194335938,0,0
4687,2.8545377254486084,2.644864797592163,0,0
4688,3.8096766471862793,3.436476230621338,1,1
4689,3.573145866394043,3.513150215148926,1,1
4690,3.6273372173309326,3.3636245727539062,1,1
4691,3.521268844604492,3.272083282470703,1,1
4692,3.782052993774414,3.5331292152404785,1,1
4693,3.0839202404022217,2.992171287536621,0,0
4694,3.3045458793640137,3.193535804748535,0,0
4695,4.043941497802734,3.6144256591796875,1,1
4696,3.443558692932129,3.1963467597961426,1,1
4697,2.973294734954834,3.020676851272583,0,0
4698,3.263709306716919,3.065802812576294,0,0
4699,3.106640338897705,3.0812926292419434,0,0
4700,3.43662428855896,3.224536418914795,1,1
4701,3.2000768184661865,3.2565324306488037,0,0
4702,3.6800920963287354,3.3889098167419434,1,1
4703,3.502166748046875,3.4602389335632324,1,1
4704,3.0502676963806152,3.1203927993774414,0,0
4705,3.008042097091675,3.119324207305908,0,0
4706,3.3153979778289795,3.2662601470947266,0,0
4707,3.195990562438965,3.2922096252441406,0,0
4708,3.4663245677948,3.4361748695373535,1,1
4709,3.0468387603759766,3.1203036308288574,0,0
4710,2.950472354888916,2.945952892303467,0,0
4711,3.4339325428009033,3.3133511543273926,0,0
4712,3.3220064640045166,3.2409818172454834,0,0
4713,2.553328514099121,2.679239273071289,0,0
4714,3.1126134395599365,2.982865810394287,0,0
4715,3.348417282104492,3.2373180389404297,0,0
4716,2.586486339569092,2.580440044403076,0,0
4717,3.2994368076324463,2.8448171615600586,0,0
4718,3.1246986389160156,3.0308775901794434,0,0
4719,3.562310218811035,3.103140354156494,1,1
4720,3.3391382694244385,3.2410974502563477,0,0
4721,3.2878267765045166,3.0981931686401367,0,0
4722,3.3507425785064697,3.060685396194458,0,0
4723,3.222101926803589,2.9346725940704346,0,0
4724,3.7217557430267334,3.4625043869018555,1,1
4725,3.7053873538970947,3.4021661281585693,1,1
4726,3.2878506183624268,3.0311439037323,0,0
4727,3.0770089626312256,2.973904848098755,0,0
4728,3.688734531402588,3.152773380279541,1,1
4729,3.484875440597534,3.2081358432769775,1,1
4730,3.8151066303253174,3.4131369590759277,1,1
4731,3.3955230712890625,3.138510227203369,0,0
4732,3.8672099113464355,3.6340701580047607,1,1
4733,3.500229835510254,3.2415740489959717,1,1
4734,3.2392547130584717,3.1031272411346436,0,0
4735,3.3214666843414307,3.1210575103759766,0,0
4736,3.5254571437835693,3.145169258117676,1,1
4737,3.2766692638397217,3.1189870834350586,0,0
4738,3.5831692218780518,3.273245334625244,1,1
4739,3.289055824279785,2.9850082397460938,0,0
4740,3.2241427898406982,3.2556519508361816,0,0
4741,3.487781524658203,3.241048812866211,1,1
4742,3.5135133266448975,3.20432710647583,1,1
4743,3.4593255519866943,3.263690948486328,1,1
4744,2.991915464401245,2.983884811401367,0,0
4745,2.886476516723633,2.7982234954833984,0,0
4746,2.666647434234619,2.655402660369873,0,0
4747,2.7874817848205566,2.7126688957214355,0,0
4748,3.051262378692627,3.028761863708496,0,0
4749,3.27502179145813,2.9589128494262695,0,0
4750,3.4062247276306152,3.227612257003784,0,0
4751,3.3415367603302,3.165203332901001,0,0
4752,2.2973315715789795,2.3737616539001465,0,0
4753,3.103782892227173,2.933511734008789,0,0
4754,2.9974374771118164,2.846451759338379,0,0
4755,2.963552474975586,2.786677360534668,0,0
4756,2.643610954284668,2.620894432067871,0,0
4757,3.051117181777954,2.876981019973755,0,0
4758,2.660708427429199,2.6906542778015137,0,0
4759,3.022686004638672,2.8551297187805176,0,0
4760,2.756918430328369,2.829594373703003,0,0
4761,3.0394201278686523,2.918156623840332,0,0
4762,3.0070812702178955,2.7112104892730713,0,0
4763,3.003699541091919,2.9543027877807617,0,0
4764,2.534999132156372,2.443739652633667,0,0
4765,2.968144655227661,2.717589855194092,0,0
4766,2.4961321353912354,2.275402307510376,0,0
4767,3.1757652759552,3.019798755645752,0,0
4768,2.9970738887786865,3.0011472702026367,0,0
4769,3.3079586029052734,3.1440274715423584,0,0
4770,3.5223891735076904,3.3642189502716064,1,1
4771,3.239307165145874,2.976532220840454,0,0
4772,3.79122257232666,3.1606664657592773,1,1
4773,3.477654218673706,3.2297165393829346,1,1
4774,3.3070499897003174,3.137011766433716,0,0
4775,3.335581064224243,3.1136209964752197,0,0
4776,3.2053885459899902,3.090867042541504,0,0
4777,3.106574773788452,3.107785224914551,0,0
4778,3.0036301612854004,2.8982067108154297,0,0
4779,3.353349447250366,3.1527299880981445,1,1
4780,3.3737547397613525,3.2460427284240723,1,1
4781,3.1587133407592773,3.3351995944976807,0,0
4782,3.8209421634674072,3.4183239936828613,1,1
4783,2.987779140472412,3.0534160137176514,0,0
4784,3.082803726196289,3.1517369747161865,0,0
4785,3.339113235473633,3.1100001335144043,1,1
4786,3.468745231628418,3.51365327835083,1,1
4787,3.1971030235290527,3.2470922470092773,0,0
4788,3.384958267211914,3.510127544403076,1,1
4789,3.582044839859009,3.6674437522888184,1,1
4790,3.495971441268921,3.4631669521331787,1,1
4791,2.77893328666687,2.942228078842163,0,0
4792,3.9160971641540527,3.6401495933532715,1,1
4793,3.3310327529907227,3.0819191932678223,0,0
4794,3.250972270965576,3.122133731842041,0,0
4795,3.3999509811401367,3.3197669982910156,1,1
4796,3.6378374099731445,3.446671485900879,1,1
4797,3.4043831825256348,3.237365245819092,1,1
4798,3.751129627227783,3.3756046295166016,1,1
4799,3.434218406677246,2.998206615447998,1,1
4800,3.0329341888427734,2.928363084793091,0,0
4801,3.2038965225219727,2.937954902648926,0,0
4802,3.3526134490966797,3.132173538208008,1,1
4803,3.3288421630859375,3.0925276279449463,1,1
4804,3.073528528213501,3.005054473876953,0,0
4805,3.2669103145599365,3.158881187438965,0,0
4806,3.1895766258239746,3.1142828464508057,0,0
4807,3.3393394947052,3.098590850830078,1,1
4808,3.187622547149658,3.012474775314331,0,0
4809,3.3075215816497803,3.119887351989746,0,0
4810,3.176265239715576,3.026355743408203,0,0
4811,3.1115901470184326,2.952488899230957,0,0
4812,3.261282205581665,3.135298013687134,0,0
4813,3.4231276512145996,3.2410638332366943,1,1
4814,3.1588189601898193,3.0303516387939453,0,0
4815,3.100452184677124,2.8433094024658203,0,0
4816,3.212048292160034,3.129366397857666,0,0
4817,3.700993776321411,3.292120933532715,1,1
4818,2.4406111240386963,2.5414843559265137,0,0
4819,2.8185203075408936,2.8119680881500244,0,0
4820,3.2521369457244873,3.163808822631836,0,0
4821,3.0372307300567627,2.9637293815612793,0,0
4822,2.807191848754883,2.5830917358398438,0,0
4823,3.224677801132202,2.962400436401367,0,0
4824,3.412513017654419,3.0071659088134766,1,1
4825,2.2658779621124268,2.1322174072265625,0,0
4826,3.1482110023498535,2.7120361328125,0,0
4827,3.6074841022491455,3.1787192821502686,1,1
4828,3.279914379119873,2.8679490089416504,0,0
4829,3.227527141571045,2.890259265899658,0,0
4830,3.1489927768707275,2.7951254844665527,0,0
4831,3.433150053024292,3.060290813446045,1,1
4832,3.5416314601898193,3.004700183868408,1,1
4833,3.516376256942749,2.9402620792388916,1,1
4834,3.199445962905884,3.008884906768799,0,0
4835,3.234262228012085,3.0162148475646973,0,0
4836,3.541256904602051,3.1053576469421387,1,1
4837,2.898529052734375,2.807344913482666,0,0
4838,3.001936435699463,2.9068429470062256,0,0
4839,3.198824882507324,3.157801866531372,0,0
4840,3.167454719543457,2.9500908851623535,0,0
4841,2.830498695373535,2.5270283222198486,0,0
4842,3.3990771770477295,2.960519552230835,1,1
4843,3.4369406700134277,2.945385456085205,1,1
4844,2.992170572280884,2.7314436435699463,0,0
4845,3.2226338386535645,3.09794020652771,0,0
4846,3.1366512775421143,2.873117446899414,0,0
4847,3.089172840118408,2.9771268367767334,0,0
4848,3.7446799278259277,3.283642530441284,1,1
4849,3.646378755569458,3.3432466983795166,1,1
4850,3.797290325164795,3.6186320781707764,1,1
4851,2.7026939392089844,2.723806381225586,0,0
4852,2.6638524532318115,2.7703144550323486,0,0
4853,3.291806936264038,3.244112730026245,1,1
4854,2.836867094039917,2.92659330368042,0,0
4855,3.0435750484466553,2.8291900157928467,0,0
4856,3.250216245651245,2.922931432723999,0,0
4857,3.4890496730804443,3.324434280395508,1,1
4858,3.6526713371276855,3.343146800994873,1,1
4859,3.18579363822937,2.977214813232422,0,0
4860,3.3379099369049072,3.0061514377593994,1,1
4861,3.267717123031616,2.863656520843506,0,0
4862,3.1449801921844482,2.919217109680176,0,0
4863,2.973949909210205,2.861586570739746,0,0
4864,3.0453829765319824,2.919691801071167,0,0
4865,3.3675711154937744,3.2855782508850098,1,1
4866,3.4759387969970703,3.153747320175171,1,1
4867,3.3912196159362793,3.258356809616089,1,1
4868,3.2908272743225098,2.9269049167633057,1,1
4869,3.244027853012085,3.0290873050689697,0,0
4870,3.410489797592163,3.031141519546509,1,1
4871,3.132758140563965,2.9415111541748047,0,0
4872,3.2809174060821533,3.007739782333374,1,1
4873,3.431443214416504,3.1346354484558105,1,1
4874,3.3333466053009033,3.1247782707214355,1,1
4875,2.757450580596924,2.6708335876464844,0,0
4876,3.3137166500091553,2.9732747077941895,1,1
4877,2.9950971603393555,3.0137157440185547,0,0
4878,3.2231526374816895,2.972222328186035,0,0
4879,2.992370843887329,2.87115740776062,0,0
4880,3.416776657104492,3.034257173538208,1,1
4881,3.2486000061035156,2.9505395889282227,0,0
4882,3.3520193099975586,3.0723936557769775,1,1
4883,3.161113739013672,3.1213669776916504,0,0
4884,3.1089329719543457,3.0683131217956543,0,0
4885,3.3225369453430176,3.189027786254883,1,1
4886,3.3668034076690674,3.010928153991699,1,1
4887,3.1951417922973633,2.8553147315979004,0,0
4888,3.4034554958343506,3.078395366668701,1,1
4889,3.58615779876709,3.4468517303466797,1,1
4890,3.101038932800293,2.9159815311431885,0,0
4891,2.952287197113037,2.7007617950439453,0,0
4892,3.632079601287842,3.1784090995788574,1,1
4893,3.6756510734558105,3.1209468841552734,1,1
4894,4.055501937866211,3.6023097038269043,1,1
4895,3.577575206756592,3.274446725845337,1,1
4896,3.4914069175720215,3.325918197631836,1,1
4897,3.5613341331481934,3.297605037689209,1,1
4898,3.4600284099578857,3.221424102783203,1,1
4899,3.3942372798919678,3.1516404151916504,1,1
4900,2.5193591117858887,2.4269747734069824,0,0
4901,2.728057861328125,2.7237062454223633,0,0
4902,2.6809499263763428,2.5878849029541016,0,0
4903,2.484179735183716,2.4598026275634766,0,0
4904,2.5865085124969482,2.6638519763946533,0,0
4905,2.6134748458862305,2.6727406978607178,0,0
4906,2.6326160430908203,2.6623687744140625,0,0
4907,2.557023525238037,2.558427095413208,0,0
4908,2.4677631855010986,2.457794666290283,0,0
4909,2.874070167541504,2.8493194580078125,0,0
4910,3.0680654048919678,2.8210082054138184,0,0
4911,3.135018825531006,3.029017686843872,0,0
4912,3.5692567825317383,3.4492063522338867,1,1
4913,3.1695375442504883,3.054105758666992,0,0
4914,3.5081679821014404,3.1978583335876465,1,1
4915,3.548224925994873,3.246016263961792,1,1
4916,3.6049180030822754,3.5245213508605957,1,1
4917,3.1710832118988037,3.2506792545318604,0,0
4918,3.3112716674804688,3.301135540008545,1,1
4919,3.305818557739258,3.268416404724121,1,1
4920,3.3466053009033203,3.1981289386749268,1,1
4921,3.5125296115875244,3.3929495811462402,1,1
4922,3.3848459720611572,3.4443578720092773,1,1
4923,2.9561586380004883,3.014842987060547,0,0
4924,3.1594789028167725,3.121555805206299,0,0
4925,3.4261810779571533,3.1825571060180664,1,1
4926,3.083449602127075,3.044748306274414,0,0
4927,3.3442485332489014,3.289773941040039,1,1
4928,2.9117207527160645,2.9613871574401855,0,0
4929,3.753690242767334,3.5910732746124268,1,1
4930,3.2851009368896484,3.1182374954223633,1,1
4931,3.3387410640716553,3.1290416717529297,1,1
4932,3.3602616786956787,3.1009068489074707,1,1
4933,3.079801321029663,2.8642473220825195,0,0
4934,2.9045281410217285,2.9535133838653564,0,0
4935,3.173659086227417,3.031097888946533,0,0
4936,2.736966848373413,2.609137773513794,0,0
4937,3.3804986476898193,3.13077974319458,1,1
4938,3.348247766494751,3.0102427005767822,1,1
4939,3.0479209423065186,2.8760275840759277,0,0
4940,3.1696767807006836,2.9700098037719727,0,0
4941,3.2611002922058105,3.1956586837768555,1,1
4942,3.2970409393310547,3.1083271503448486,1,1
4943,3.262943744659424,2.990264415740967,1,1
4944,2.9851677417755127,2.873741865158081,0,0
4945,3.32124924659729,3.1406424045562744,1,1
4946,3.056501626968384,2.9789299964904785,0,0
4947,3.470586061477661,3.2869489192962646,1,1
4948,3.459928035736084,3.2426137924194336,1,1
4949,3.17101788520813,3.0127274990081787,0,0
4950,3.526134490966797,3.1364493370056152,1,1
4951,3.6539306640625,3.2478151321411133,1,1
4952,3.260671854019165,2.936154842376709,1,1
4953,3.5071945190429688,3.119919538497925,1,1
4954,3.4768142700195312,3.110739231109619,1,1
4955,3.392469644546509,3.2801413536071777,1,1
4956,3.7311198711395264,3.4331936836242676,1,1
4957,3.597017765045166,3.3422465324401855,1,1
4958,3.5944695472717285,3.3088860511779785,1,1
4959,3.3979430198669434,3.0672125816345215,1,1
4960,3.4376919269561768,3.2150344848632812,1,1
4961,3.5015780925750732,3.237527370452881,1,1
4962,3.025441884994507,2.955127000808716,0,0
4963,3.1194117069244385,3.0493154525756836,0,0
4964,3.4819579124450684,3.240873336791992,1,1
4965,3.189493417739868,2.8220484256744385,0,0
4966,3.1273305416107178,2.8460381031036377,0,0
4967,3.410262107849121,2.824313163757324,1,1
4968,3.3656649589538574,3.069920539855957,1,1
4969,3.839606523513794,3.401918411254883,1,1
4970,3.652130126953125,3.4165830612182617,1,1
4971,3.4740471839904785,3.2976787090301514,1,1
4972,3.475010871887207,3.3395261764526367,1,1
4973,3.7132341861724854,3.452615261077881,1,1
4974,2.8933777809143066,2.9830079078674316,0,0
4975,2.7478880882263184,2.716066837310791,0,0
4976,3.2173032760620117,2.8539533615112305,0,0
4977,3.111849308013916,2.900836944580078,0,0
4978,3.1154918670654297,3.104696750640869,0,0
4979,3.2004222869873047,2.9508166313171387,0,0
4980,3.561591625213623,3.160454750061035,1,1
4981,3.68843674659729,3.3614158630371094,1,1
4982,3.216580390930176,3.1128621101379395,0,0
4983,3.3109993934631348,3.121837854385376,1,1
4984,3.3469583988189697,3.0845532417297363,1,1
4985,3.1443533897399902,2.846388339996338,0,0
4986,3.325862169265747,3.121310234069824,1,1
4987,2.450287103652954,2.6023881435394287,0,0
4988,3.2804512977600098,3.066133975982666,1,1
4989,3.1830027103424072,2.9746127128601074,0,0
4990,3.0592293739318848,2.9557414054870605,0,0
4991,3.153653144836426,3.063284158706665,0,0
4992,3.3844988346099854,3.0595991611480713,1,1
4993,3.3160178661346436,3.1561026573181152,1,1
4994,3.1520891189575195,3.0294833183288574,0,0
4995,3.1726717948913574,3.1139726638793945,0,0
4996,3.323693037033081,3.0665345191955566,1,1
4997,3.270498037338257,3.0443248748779297,1,1
4998,3.320631742477417,2.9273569583892822,1,1
4999,3.2647557258605957,3.0121960639953613,1,1
5000,2.7598342895507812,2.599254608154297,0,0
5001,3.1486763954162598,2.869823932647705,0,0
5002,3.2588868141174316,2.9098868370056152,0,0
5003,3.29145884513855,2.8267927169799805,1,1
5004,3.363924026489258,3.2237675189971924,1,1
5005,2.840817928314209,2.7629806995391846,0,0
5006,3.431299924850464,2.8746135234832764,1,1
5007,3.1731197834014893,2.8673596382141113,0,0
5008,3.6678946018218994,3.204084873199463,1,1
5009,3.3722798824310303,2.9848265647888184,1,1
5010,2.9288341999053955,2.6723968982696533,0,0
5011,3.1030237674713135,2.8230433464050293,0,0
5012,3.196302890777588,2.8102896213531494,0,0
5013,2.957629680633545,2.7326819896698,0,0
5014,3.1133034229278564,2.9414963722229004,0,0
5015,2.976289749145508,2.9575612545013428,0,0
5016,3.429825782775879,3.2869632244110107,1,1
5017,2.9279797077178955,2.8970179557800293,0,0
5018,3.101296901702881,2.9909205436706543,0,0
5019,3.3303422927856445,3.1862356662750244,1,1
5020,3.502716541290283,3.259289264678955,1,1
5021,3.5705833435058594,3.287034034729004,1,1
5022,3.333956718444824,3.2026472091674805,1,1
5023,3.2652902603149414,3.030273914337158,0,0
5024,3.5935165882110596,3.4676566123962402,1,1
5025,3.3607752323150635,3.070746898651123,1,1
5026,3.269589900970459,3.0782570838928223,0,0
5027,3.7349514961242676,3.370121955871582,1,1
5028,3.3079400062561035,2.981853485107422,1,1
5029,3.278836250305176,2.991485595703125,1,1
5030,3.3584423065185547,3.0317161083221436,1,1
5031,3.37339448928833,3.1213865280151367,1,1
5032,3.6129000186920166,3.193518877029419,1,1
5033,3.066993236541748,2.7493672370910645,0,0
5034,2.8986756801605225,2.745011806488037,0,0
5035,3.1678130626678467,2.8781235218048096,0,0
5036,3.8639557361602783,3.511063814163208,1,1
5037,3.0147109031677246,2.8388969898223877,0,0
5038,3.1162798404693604,3.211073875427246,0,0
5039,2.5113227367401123,2.6172618865966797,0,0
5040,2.6724703311920166,2.629730463027954,0,0
5041,2.7615466117858887,2.798642635345459,0,0
5042,3.9130184650421143,3.4454219341278076,1,1
5043,3.540386199951172,3.28787899017334,1,1
5044,3.1472954750061035,2.954643726348877,0,0
5045,3.424010992050171,3.3996636867523193,1,1
5046,3.4512779712677,3.2128186225891113,1,1
5047,3.461716651916504,3.2858681678771973,1,1
5048,3.1007158756256104,3.277848958969116,0,0
5049,3.305811643600464,3.260488986968994,1,1
5050,3.374889373779297,3.2959580421447754,1,1
5051,3.3343679904937744,3.3165364265441895,1,1
5052,3.215773105621338,3.1494758129119873,0,0
5053,3.6503357887268066,3.3875229358673096,1,1
5054,3.542696952819824,3.429996967315674,1,1
5055,3.764557123184204,3.470259189605713,1,1
5056,3.513340473175049,3.251148223876953,1,1
5057,3.5902109146118164,3.3080272674560547,1,1
5058,3.612046957015991,3.4239501953125,1,1
5059,3.7113914489746094,3.5512595176696777,1,1
5060,3.9359638690948486,3.4402217864990234,1,1
5061,3.5164172649383545,3.336411476135254,1,1
5062,3.5813872814178467,3.3406760692596436,1,1
5063,3.5925395488739014,3.3990626335144043,1,1
5064,3.5509254932403564,3.2634825706481934,1,1
5065,3.474004030227661,3.2805514335632324,1,1
5066,3.76582932472229,3.515043258666992,1,1
5067,3.3932342529296875,3.3003902435302734,1,1
5068,3.847027063369751,3.5353026390075684,1,1
5069,3.361732244491577,3.2257518768310547,1,1
5070,3.333627223968506,3.0993051528930664,1,1
5071,3.429511785507202,3.2206337451934814,1,1
5072,3.2348504066467285,3.083336353302002,0,0
5073,3.394078254699707,3.137030601501465,1,1
5074,3.0711159706115723,3.0830836296081543,0,0
5075,3.6665496826171875,3.4929282665252686,1,1
5076,3.2470600605010986,3.1430482864379883,0,0
5077,3.6330904960632324,3.378512382507324,1,1
5078,3.4675543308258057,3.3815274238586426,1,1
5079,3.4745724201202393,3.2682201862335205,1,1
5080,3.1482467651367188,3.102860450744629,0,0
5081,3.5338895320892334,3.4318575859069824,1,1
5082,3.487513303756714,3.361349105834961,1,1
5083,3.6005682945251465,3.295886993408203,1,1
5084,3.59627366065979,3.4460020065307617,1,1
5085,2.7525229454040527,2.621840238571167,0,0
5086,3.1159534454345703,3.0354723930358887,0,0
5087,3.1793506145477295,3.3009743690490723,0,0
5088,3.521644353866577,3.297534465789795,1,1
5089,2.780162811279297,2.6951146125793457,0,0
5090,3.2814395427703857,2.929349184036255,0,0
5091,3.004392147064209,2.879019260406494,0,0
5092,2.6013946533203125,2.629528045654297,0,0
5093,3.260576009750366,2.9599051475524902,0,0
5094,3.6507742404937744,3.30706787109375,1,1
5095,3.356796979904175,3.0803515911102295,1,1
5096,3.2789525985717773,3.0013318061828613,0,0
5097,3.4181411266326904,3.2749671936035156,1,1
5098,3.4763598442077637,3.2812342643737793,1,1
5099,3.451993703842163,3.133378028869629,1,1
5100,3.34694766998291,3.140697479248047,1,1
5101,3.118267297744751,2.9730334281921387,0,0
5102,2.9083235263824463,2.7993197441101074,0,0
5103,3.476699113845825,3.093616008758545,1,1
5104,3.3144757747650146,3.1149587631225586,0,0
5105,2.7899303436279297,2.7048544883728027,0,0
5106,3.349815607070923,3.170412063598633,1,1
5107,3.3576786518096924,3.141458749771118,1,1
5108,3.451054334640503,3.0451693534851074,1,1
5109,3.366851329803467,3.148268222808838,1,1
5110,2.7002065181732178,2.6518032550811768,0,0
5111,2.8548922538757324,2.8093535900115967,0,0
5112,3.007462501525879,2.7878639698028564,0,0
5113,2.9042723178863525,2.6935319900512695,0,0
5114,3.5171639919281006,3.005218505859375,1,1
5115,3.5444722175598145,3.1836800575256348,1,1
5116,3.315249443054199,2.8503477573394775,0,0
5117,3.2362401485443115,2.9367692470550537,0,0
5118,3.7805330753326416,3.3552303314208984,1,1
5119,3.428650140762329,3.1941471099853516,1,1
5120,3.5664334297180176,3.354729175567627,1,1
5121,3.7541608810424805,3.656426429748535,1,1
5122,3.628286123275757,3.4528110027313232,1,1
5123,3.5591344833374023,3.3476083278656006,1,1
5124,3.3140828609466553,3.1524901390075684,0,0
5125,3.7923617362976074,3.527775287628174,1,1
5126,3.8830065727233887,3.2443466186523438,1,1
5127,3.3799004554748535,3.246424674987793,1,1
5128,3.465287923812866,3.1854195594787598,1,1
5129,3.695762872695923,3.4030098915100098,1,1
5130,3.7179994583129883,3.349392890930176,1,1
5131,3.7864623069763184,3.438786029815674,1,1
5132,3.623281717300415,3.131082057952881,1,1
5133,3.6934497356414795,3.30668044090271,1,1
5134,3.021266222000122,2.846550464630127,0,0
5135,2.710312604904175,2.4860310554504395,0,0
5136,3.025160789489746,2.9099740982055664,0,0
5137,2.847404956817627,2.7138631343841553,0,0
5138,2.9614102840423584,2.8065319061279297,0,0
5139,2.457571506500244,2.5720808506011963,0,0
5140,3.171180009841919,3.0746865272521973,0,0
5141,2.3457937240600586,2.1944961547851562,0,0
5142,3.268860101699829,3.112642288208008,0,0
5143,2.9048306941986084,2.7666068077087402,0,0
5144,3.103832244873047,2.789994239807129,0,0
5145,3.180612325668335,2.8817152976989746,0,0
5146,3.31445050239563,2.9179158210754395,0,0
5147,2.81727933883667,2.6220853328704834,0,0
5148,3.1472713947296143,2.9590253829956055,0,0
5149,3.1492955684661865,2.8268942832946777,0,0
5150,3.040903329849243,2.8058278560638428,0,0
5151,3.1753647327423096,2.797130584716797,0,0
5152,3.0989460945129395,2.918900966644287,0,0
5153,3.315807819366455,3.049734592437744,0,0
5154,3.1466562747955322,3.0351390838623047,0,0
5155,3.8422415256500244,3.2930359840393066,1,1
5156,2.952704429626465,3.020925998687744,0,0
5157,4.069588661193848,3.52392578125,1,1
5158,3.3445138931274414,3.1551756858825684,1,1
5159,2.8236641883850098,2.812356472015381,0,0
5160,2.735318422317505,2.916656732559204,0,0
5161,3.205286979675293,2.90386962890625,0,0
5162,3.159083604812622,3.129861831665039,0,0
5163,3.3035452365875244,3.1907033920288086,0,0
5164,2.9824748039245605,2.800567150115967,0,0
5165,2.4503698348999023,2.4219131469726562,0,0
5166,2.5553791522979736,2.5518031120300293,0,0
5167,3.253068208694458,3.1815176010131836,0,0
5168,3.6180543899536133,3.246546745300293,1,1
5169,3.6915996074676514,3.3261282444000244,1,1
5170,3.462918519973755,3.3054075241088867,1,1
5171,3.3309848308563232,3.2562899589538574,1,1
5172,3.8418867588043213,3.2412290573120117,1,1
5173,3.6222035884857178,3.287261962890625,1,1
5174,3.989959478378296,3.649266481399536,1,1
5175,4.120229721069336,3.565274238586426,1,1
5176,3.5632193088531494,3.4256138801574707,1,1
5177,3.851003646850586,3.5203628540039062,1,1
5178,4.076704502105713,3.5502820014953613,1,1
5179,3.8028249740600586,3.3658809661865234,1,1
5180,3.6497645378112793,3.314136028289795,1,1
5181,3.6166481971740723,3.40378475189209,1,1
5182,3.9376440048217773,3.4541726112365723,1,1
5183,3.361473798751831,3.301079511642456,1,1
5184,3.814671516418457,3.6510772705078125,1,1
5185,3.416050910949707,3.183962345123291,1,1
5186,3.678518533706665,3.1900017261505127,1,1
5187,3.3686628341674805,2.866180181503296,1,1
5188,2.4989938735961914,2.3513383865356445,0,0
5189,2.8516690731048584,2.5562241077423096,0,0
5190,3.0440292358398438,2.7063727378845215,0,0
5191,3.492701292037964,2.9211392402648926,1,1
5192,3.5195891857147217,3.007411479949951,1,1
5193,3.66984224319458,3.1830921173095703,1,1
5194,3.328308343887329,3.1502878665924072,0,0
5195,2.9511256217956543,2.8147363662719727,0,0
5196,2.9662630558013916,2.5498600006103516,0,0
5197,2.868959903717041,2.7958977222442627,0,0
5198,3.1656219959259033,2.933192729949951,0,0
5199,3.491586923599243,3.1317405700683594,1,1
5200,2.973572254180908,2.7880859375,0,0
5201,3.345080852508545,2.9818897247314453,0,0
5202,2.730438232421875,2.5799741744995117,0,0
5203,3.517819404602051,2.9229815006256104,1,1
5204,3.0940380096435547,2.9932668209075928,0,0
5205,3.583636522293091,3.3444013595581055,1,1
5206,3.249880075454712,3.2737462520599365,0,0
5207,3.266444444656372,3.286325454711914,0,0
5208,3.8051962852478027,3.586186408996582,1,1
5209,3.181936264038086,3.172719955444336,0,0
5210,3.6884961128234863,3.4206221103668213,1,1
5211,3.4986395835876465,3.379600763320923,1,1
5212,3.575159788131714,3.529325008392334,1,1
5213,3.6571779251098633,3.6790764331817627,1,1
5214,3.581444501876831,3.411916732788086,1,1
5215,3.243201732635498,3.178943634033203,0,0
5216,3.40303897857666,3.2388834953308105,1,1
5217,3.2752158641815186,2.99446177482605,0,0
5218,3.228447675704956,3.25455641746521,0,0
5219,3.310481548309326,3.3320059776306152,0,0
5220,3.8033559322357178,3.558276891708374,1,1
5221,3.9235711097717285,3.7127227783203125,1,1
5222,3.5787031650543213,3.391974449157715,1,1
5223,3.1168179512023926,3.0514798164367676,0,0
5224,4.360959529876709,2.8152613639831543,1,1
5225,4.494090557098389,3.491393566131592,1,1
5226,3.0624279975891113,3.1798548698425293,0,0
5227,3.3342173099517822,3.266167163848877,0,0
5228,3.0236170291900635,2.8810317516326904,0,0
5229,3.256352663040161,3.212635040283203,0,0
5230,3.4380204677581787,3.125182628631592,1,1
5231,3.6732633113861084,3.3851523399353027,1,1
5232,3.484233856201172,3.3947043418884277,1,1
5233,3.6799192428588867,3.44266939163208,1,1
5234,3.206118583679199,3.0794310569763184,0,0
5235,3.66696834564209,3.41237735748291,1,1
5236,3.580615997314453,3.283961772918701,1,1
5237,3.762279510498047,3.3331267833709717,1,1
5238,3.376459836959839,3.219290256500244,1,1
5239,3.779474973678589,3.4065475463867188,1,1
5240,3.589357852935791,3.153181552886963,1,1
5241,3.572622537612915,3.0668444633483887,1,1
5242,3.186326026916504,3.046992301940918,0,0
5243,3.2750587463378906,3.074734687805176,0,0
5244,3.599536895751953,3.230804920196533,1,1
5245,3.9345357418060303,3.4412262439727783,1,1
5246,3.773735761642456,3.5801665782928467,1,1
5247,3.404965400695801,3.2640717029571533,1,1
5248,3.8493475914001465,3.5865249633789062,1,1
5249,3.8178532123565674,3.367083787918091,1,1
5250,3.778552770614624,3.4486966133117676,1,1
5251,3.479281425476074,3.39617657661438,1,1
5252,3.2095131874084473,3.1456241607666016,0,0
5253,3.260160446166992,3.223888874053955,0,0
5254,3.213812828063965,3.3860104084014893,0,0
5255,3.511154890060425,3.333326816558838,1,1
5256,3.456251382827759,3.3960399627685547,1,1
5257,3.5579676628112793,3.3895087242126465,1,1
5258,3.2318665981292725,3.1469876766204834,0,0
5259,3.2187185287475586,3.102397918701172,0,0
5260,4.017375469207764,3.585127830505371,1,1
5261,3.466449737548828,3.2250571250915527,1,1
5262,3.192216157913208,3.2484941482543945,0,0
5263,3.2887654304504395,3.3135604858398438,0,0
5264,3.5720322132110596,3.4209065437316895,1,1
5265,3.3814964294433594,3.507045030593872,1,1
5266,3.067281723022461,3.1614766120910645,0,0
5267,3.3159213066101074,3.33297061920166,0,0
5268,3.525371789932251,3.5032880306243896,1,1
5269,3.7056899070739746,3.496448516845703,1,1
5270,3.538543701171875,3.4222359657287598,1,1
5271,3.5060179233551025,3.355295419692993,1,1
5272,3.463491916656494,3.3791346549987793,1,1
5273,3.631237506866455,3.357914686203003,1,1
5274,3.429621934890747,3.3326141834259033,1,1
5275,3.4098360538482666,3.3779854774475098,1,1
5276,3.4919211864471436,3.1252341270446777,1,1
5277,3.000425100326538,2.6991257667541504,0,0
5278,2.7935948371887207,2.735386610031128,0,0
5279,3.1419734954833984,3.001499652862549,0,0
5280,3.710994005203247,3.3011202812194824,1,1
5281,3.147296905517578,2.8446388244628906,0,0
5282,2.8671927452087402,2.594888210296631,0,0
5283,3.320773124694824,2.970345973968506,0,0
5284,2.9565601348876953,2.9906444549560547,0,0
5285,3.0257558822631836,2.953306198120117,0,0
5286,2.7878830432891846,2.4833109378814697,0,0
5287,2.6548027992248535,2.310042381286621,0,0
5288,3.1864562034606934,3.0613009929656982,0,0
5289,2.967139720916748,2.771672487258911,0,0
5290,3.0650999546051025,2.9672188758850098,0,0
5291,3.285433769226074,3.0575809478759766,0,0
5292,3.411423444747925,3.3270716667175293,1,1
5293,3.0995452404022217,2.9628961086273193,0,0
5294,3.1677215099334717,3.143768310546875,0,0
5295,3.0063092708587646,3.018549919128418,0,0
5296,3.0165956020355225,2.901907444000244,0,0
5297,3.0829532146453857,2.9485950469970703,0,0
5298,3.543604612350464,3.4158148765563965,1,1
5299,3.1372134685516357,3.1026408672332764,0,0
5300,3.164116382598877,2.8162620067596436,0,0
5301,3.210958242416382,3.0357770919799805,0,0
5302,3.3501572608947754,2.871234893798828,1,1
5303,2.7991442680358887,2.5926902294158936,0,0
5304,2.9204792976379395,2.6700539588928223,0,0
5305,3.088174819946289,2.8213963508605957,0,0
5306,3.507544755935669,3.063934087753296,1,1
5307,2.970654249191284,2.8080062866210938,0,0
5308,3.0756757259368896,2.944246292114258,0,0
5309,3.088408946990967,2.743295192718506,0,0
5310,3.140371322631836,2.9477052688598633,0,0
5311,3.4669580459594727,3.0648651123046875,1,1
5312,3.1641523838043213,3.0157387256622314,0,0
5313,3.467393636703491,3.134639263153076,1,1
5314,3.555487632751465,3.1963672637939453,1,1
5315,3.256089210510254,3.120617628097534,0,0
5316,3.2496700286865234,2.934572219848633,0,0
5317,3.6206915378570557,3.3466901779174805,1,1
5318,3.610954999923706,3.335137128829956,1,1
5319,3.3944666385650635,3.187077522277832,1,1
5320,3.098195791244507,2.906736373901367,0,0
5321,3.4618582725524902,3.135071039199829,1,1
5322,3.0517988204956055,3.0758490562438965,0,0
5323,3.056580066680908,2.8821475505828857,0,0
5324,3.406676769256592,3.0082201957702637,1,1
5325,3.3413946628570557,3.104252338409424,1,1
5326,3.0292773246765137,2.768364191055298,0,0
5327,3.5862488746643066,3.1503660678863525,1,1
5328,3.3892626762390137,3.2554938793182373,1,1
5329,3.4071085453033447,3.1912999153137207,1,1
5330,3.428950309753418,3.2070860862731934,1,1
5331,3.1812634468078613,2.9971704483032227,0,0
5332,3.4375109672546387,3.2494072914123535,1,1
5333,3.6301798820495605,3.299098491668701,1,1
5334,3.437541961669922,3.166288137435913,1,1
5335,3.617002248764038,3.239438772201538,1,1
5336,3.5513360500335693,3.217665672302246,1,1
5337,3.318260431289673,2.9478211402893066,0,0
5338,3.5830130577087402,3.0369577407836914,1,1
5339,3.302379846572876,3.001469612121582,0,0
5340,3.1416831016540527,3.1656394004821777,0,0
5341,2.8061559200286865,2.8792340755462646,0,0
5342,3.2528674602508545,3.0310425758361816,0,0
5343,3.131908655166626,2.965947151184082,0,0
5344,3.3933794498443604,3.096120834350586,1,1
5345,2.940417528152466,2.8285117149353027,0,0
5346,3.087940216064453,3.1635613441467285,0,0
5347,3.0728886127471924,2.9763851165771484,0,0
5348,2.928858995437622,2.8166494369506836,0,0
5349,2.888878107070923,2.98854660987854,0,0
5350,3.3953042030334473,2.9990835189819336,1,1
5351,3.4803216457366943,3.1894302368164062,1,1
5352,3.533336877822876,3.342010498046875,1,1
5353,3.145820379257202,3.0838561058044434,0,0
5354,3.3704230785369873,3.2295095920562744,1,1
5355,3.195056438446045,3.170581340789795,0,0
5356,3.4066293239593506,3.2134511470794678,1,1
5357,3.3449740409851074,3.30580735206604,0,0
5358,3.41504168510437,3.338111162185669,1,1
5359,3.5231528282165527,3.396411895751953,1,1
5360,3.662464141845703,3.341602325439453,1,1
5361,3.402387857437134,3.223273277282715,1,1
5362,3.584419012069702,3.4337267875671387,1,1
5363,3.2721776962280273,3.2415003776550293,0,0
5364,3.3454434871673584,3.269045829772949,0,0
5365,3.4909353256225586,3.372058391571045,1,1
5366,3.4681506156921387,3.3091721534729004,1,1
5367,3.202502727508545,3.0457139015197754,0,0
5368,3.0610218048095703,3.0135786533355713,0,0
5369,3.612584352493286,3.3364996910095215,1,1
5370,3.1853320598602295,3.0679452419281006,0,0
5371,3.291378974914551,3.052340507507324,0,0
5372,3.466996669769287,3.1758975982666016,1,1
5373,3.185134172439575,3.148831605911255,0,0
5374,3.638762950897217,3.4706943035125732,1,1
5375,3.372774124145508,3.3211045265197754,0,0
5376,3.944598913192749,3.595113515853882,1,1
5377,3.524303436279297,3.340742588043213,1,1
5378,3.6980490684509277,3.2335424423217773,1,1
5379,3.653303384780884,3.4458794593811035,1,1
5380,3.918661594390869,3.587409496307373,1,1
5381,3.9617080688476562,3.641664981842041,1,1
5382,4.1824116706848145,3.775175094604492,1,1
5383,4.0271453857421875,3.6861205101013184,1,1
5384,4.0435919761657715,3.475625991821289,1,1
5385,3.9301133155822754,3.4587979316711426,1,1
5386,3.4313395023345947,3.345402479171753,1,1
5387,3.6136674880981445,3.341385841369629,1,1
5388,3.869323492050171,3.4884963035583496,1,1
5389,3.0134968757629395,3.1311700344085693,0,0
5390,3.055391788482666,3.160132884979248,0,0
5391,2.8896262645721436,3.0333805084228516,0,0
5392,3.0848135948181152,3.187380790710449,0,0
5393,3.2298455238342285,3.2886996269226074,0,0
5394,3.376612424850464,3.1798737049102783,1,1
5395,3.308432102203369,3.329639434814453,0,0
5396,3.228717803955078,3.2508015632629395,0,0
5397,3.216599702835083,3.0814208984375,0,0
5398,3.3505971431732178,3.403008460998535,0,0
5399,3.2978978157043457,3.2894725799560547,0,0
5400,3.380282163619995,3.407553195953369,1,1
5401,3.3473875522613525,3.399676561355591,0,0
5402,3.7486209869384766,3.671430826187134,1,1
5403,3.487919330596924,3.34165096282959,1,1
5404,3.6052234172821045,3.342435359954834,1,1
5405,3.101900577545166,3.029015302658081,0,0
5406,3.529001235961914,3.278071403503418,1,1
5407,3.494593620300293,3.3431057929992676,1,1
5408,3.287726879119873,3.172097682952881,0,0
5409,3.4944136142730713,3.187568187713623,1,1
5410,3.624831199645996,3.487858533859253,1,1
5411,3.832415819168091,3.4684410095214844,1,1
5412,3.2404332160949707,3.011150360107422,0,0
5413,3.4732372760772705,3.3069281578063965,1,1
5414,3.0413615703582764,3.0360214710235596,0,0
5415,3.3921732902526855,3.2121825218200684,1,1
5416,3.4127726554870605,3.1342344284057617,1,1
5417,3.311908006668091,3.1103248596191406,0,0
5418,3.2097818851470947,3.0840952396392822,0,0
5419,3.2980337142944336,3.097188949584961,0,0
5420,3.6157031059265137,3.2349982261657715,1,1
5421,3.5145680904388428,3.223113536834717,1,1
5422,3.3149173259735107,3.2336130142211914,0,0
5423,2.9769058227539062,2.9338934421539307,0,0
5424,3.462326765060425,3.1624021530151367,1,1
5425,3.243992328643799,3.1070001125335693,0,0
5426,3.5279462337493896,3.24251389503479,1,1
5427,3.617793321609497,3.4127843379974365,1,1
5428,3.7078585624694824,3.377094268798828,1,1
5429,3.3052635192871094,3.206247091293335,0,0
5430,3.2547426223754883,3.194308042526245,0,0
5431,3.292457103729248,3.2401297092437744,0,0
5432,3.016491651535034,3.095278024673462,0,0
5433,3.338240146636963,3.2444069385528564,0,0
5434,3.0846669673919678,3.1645500659942627,0,0
5435,3.458120584487915,3.408877372741699,1,1
5436,3.3092193603515625,3.207014560699463,0,0
5437,3.312208652496338,3.313872814178467,0,0
5438,3.2326807975769043,3.2925102710723877,0,0
5439,3.3861773014068604,3.331122398376465,1,1
5440,3.2779409885406494,3.317312717437744,0,0
5441,3.6677863597869873,3.4255294799804688,1,1
5442,2.963186740875244,2.7745304107666016,0,0
5443,3.4509966373443604,3.1063661575317383,1,1
5444,3.3227219581604004,3.234038829803467,0,0
5445,3.0652060508728027,2.825324058532715,0,0
5446,3.271432876586914,3.2569360733032227,0,0
5447,3.160477876663208,3.1062204837799072,0,0
5448,2.907423257827759,2.9152824878692627,0,0
5449,3.270085334777832,3.0918798446655273,0,0
5450,3.088026285171509,3.0760674476623535,0,0
5451,3.3931446075439453,3.172769069671631,1,1
5452,3.414130210876465,3.0863823890686035,1,1
5453,3.7364206314086914,3.423661231994629,1,1
5454,3.7256481647491455,3.5170822143554688,1,1
5455,3.9455764293670654,3.445643424987793,1,1
5456,3.8671505451202393,3.3332583904266357,1,1
5457,3.4500114917755127,3.157582998275757,1,1
5458,2.8257641792297363,2.9034717082977295,0,0
5459,3.315645933151245,3.047208786010742,0,0
5460,3.4057424068450928,2.959807872772217,1,1
5461,3.5937962532043457,3.267070770263672,1,1
5462,3.6171767711639404,3.4557089805603027,1,1
5463,3.0519514083862305,3.003805160522461,0,0
5464,2.923940658569336,2.8639707565307617,0,0
5465,2.683130979537964,2.563007354736328,0,0
5466,3.5993354320526123,3.0008697509765625,1,1
5467,3.0243334770202637,2.935213565826416,0,0
5468,3.2457566261291504,3.046492576599121,0,0
5469,3.5948381423950195,3.365816116333008,1,1
5470,3.372157096862793,3.0445988178253174,1,1
5471,2.8514490127563477,2.6657555103302,0,0
5472,3.0391287803649902,2.9464564323425293,0,0
5473,2.9851512908935547,2.9151902198791504,0,0
5474,3.3053300380706787,3.1950950622558594,0,0
5475,3.02707576751709,3.118865489959717,0,0
5476,3.375220775604248,3.2078022956848145,1,1
5477,2.905839204788208,2.8975327014923096,0,0
5478,3.0859909057617188,2.9914379119873047,0,0
5479,2.9475412368774414,2.982766628265381,0,0
5480,3.114428997039795,3.0004687309265137,0,0
5481,3.272212266921997,3.0142581462860107,0,0
5482,3.1507227420806885,3.233381509780884,0,0
5483,3.4281318187713623,3.2098841667175293,1,1
5484,3.470015287399292,3.5201122760772705,1,1
5485,3.383448839187622,3.286433219909668,1,1
5486,3.2954068183898926,3.1949524879455566,0,0
5487,3.3088653087615967,3.301347017288208,0,0
5488,3.413128614425659,3.1761786937713623,1,1
5489,3.1039392948150635,3.035926342010498,0,0
5490,2.897101640701294,2.940821886062622,0,0
5491,3.0522351264953613,2.8017826080322266,0,0
5492,3.1845932006835938,3.031419277191162,0,0
5493,3.1567888259887695,3.161165952682495,0,0
5494,3.0870466232299805,3.237586736679077,0,0
5495,3.1898481845855713,3.23075008392334,0,0
5496,3.2465224266052246,3.3289990425109863,0,0
5497,3.1583516597747803,3.3106436729431152,0,0
5498,3.5240609645843506,3.380056142807007,1,1
5499,3.177020311355591,3.1116104125976562,0,0
5500,2.866795301437378,2.8340206146240234,0,0
5501,3.0982847213745117,3.0668883323669434,0,0
5502,3.416562557220459,3.2728450298309326,1,1
5503,3.4186313152313232,3.30653715133667,1,1
5504,3.273487091064453,3.2255778312683105,0,0
5505,3.2257585525512695,3.0770835876464844,0,0
5506,3.7768805027008057,3.423619031906128,1,1
5507,3.2108283042907715,3.1395974159240723,0,0
5508,2.6316604614257812,2.587153434753418,0,0
5509,2.6579432487487793,2.8093509674072266,0,0
5510,2.744210958480835,2.762256145477295,0,0
5511,2.851759672164917,2.6025397777557373,0,0
5512,3.0085651874542236,3.0186872482299805,0,0
5513,1.6758766174316406,1.8204288482666016,0,0
5514,2.461560010910034,2.5309317111968994,0,0
5515,2.806635618209839,2.832561492919922,0,0
5516,3.298086404800415,3.098313570022583,0,0
5517,2.966209888458252,2.988004207611084,0,0
5518,3.335801839828491,3.127493381500244,1,1
5519,3.6210830211639404,3.347590923309326,1,1
5520,2.9998395442962646,2.871426820755005,0,0
5521,3.071117639541626,3.0977416038513184,0,0
5522,3.1805965900421143,3.029165506362915,0,0
5523,2.909794330596924,2.7362959384918213,0,0
5524,3.006819009780884,2.8296194076538086,0,0
5525,3.063669204711914,3.022822141647339,0,0
5526,2.9905331134796143,2.905210018157959,0,0
5527,2.90990948677063,3.0071377754211426,0,0
5528,2.875715732574463,2.7638492584228516,0,0
5529,3.1294400691986084,2.8566346168518066,0,0
5530,3.2058587074279785,2.823197841644287,0,0
5531,3.0239109992980957,2.9176571369171143,0,0
5532,3.3798627853393555,3.0531907081604004,1,1
5533,3.516634941101074,3.173265218734741,1,1
5534,3.0582330226898193,2.873255729675293,0,0
5535,3.455836296081543,3.188201904296875,1,1
5536,3.562056541442871,3.2820897102355957,1,1
5537,2.9752049446105957,2.9118075370788574,0,0
5538,2.9888176918029785,2.923577308654785,0,0
5539,3.4459593296051025,3.1842122077941895,1,1
5540,3.2757949829101562,3.195167064666748,0,0
5541,2.884155035018921,2.943419933319092,0,0
5542,3.257805109024048,3.091794013977051,0,0
5543,3.550633668899536,3.2894558906555176,1,1
5544,3.4693758487701416,3.3565945625305176,1,1
5545,3.540459394454956,3.217158555984497,1,1
5546,3.6721911430358887,3.293992519378662,1,1
5547,3.8158273696899414,3.4182753562927246,1,1
5548,3.61618709564209,3.0956804752349854,1,1
5549,3.3441033363342285,3.1316263675689697,1,1
5550,3.641608953475952,3.2694520950317383,1,1
5551,3.5311543941497803,3.1671252250671387,1,1
5552,3.221933126449585,3.0423970222473145,0,0
5553,3.371084451675415,3.287169933319092,1,1
5554,3.502763032913208,3.3287625312805176,1,1
5555,3.6189889907836914,3.3571879863739014,1,1
5556,3.6862943172454834,3.334834575653076,1,1
5557,3.533820629119873,3.372791290283203,1,1
5558,3.4501616954803467,3.0427606105804443,1,1
5559,3.78871488571167,3.356703519821167,1,1
5560,3.795149087905884,3.3463306427001953,1,1
5561,3.055701494216919,2.881337881088257,0,0
5562,3.0857114791870117,2.9164481163024902,0,0
5563,3.1372931003570557,2.9332566261291504,0,0
5564,3.37992787361145,3.1565983295440674,1,1
5565,3.283531665802002,3.0457911491394043,0,0
5566,2.888490915298462,2.4357781410217285,0,0
5567,2.966963529586792,2.7816386222839355,0,0
5568,3.6095571517944336,3.3264358043670654,1,1
5569,3.316676139831543,3.088939666748047,1,1
5570,3.442631959915161,3.1141934394836426,1,1
5571,3.4397454261779785,3.117025852203369,1,1
5572,3.4849281311035156,3.166828155517578,1,1
5573,3.4507617950439453,3.277477264404297,1,1
5574,3.3776345252990723,3.17600679397583,1,1
5575,3.2721033096313477,3.214972496032715,0,0
5576,3.382312297821045,3.230985641479492,1,1
5577,3.526395082473755,3.3780477046966553,1,1
5578,3.6733033657073975,3.317742347717285,1,1
5579,3.757870674133301,3.6441609859466553,1,1
5580,3.569491147994995,3.497830867767334,1,1
5581,3.400698661804199,3.0364937782287598,1,1
5582,3.4739327430725098,3.3889946937561035,1,1
5583,3.323467969894409,3.105401039123535,1,1
5584,3.464174747467041,3.4822888374328613,1,1
5585,3.2866036891937256,3.261491298675537,0,0
5586,3.417989730834961,3.2728075981140137,1,1
5587,2.842057228088379,2.7138595581054688,0,0
5588,3.5750679969787598,3.5167641639709473,1,1
5589,3.7914586067199707,3.454822301864624,1,1
5590,3.0912528038024902,3.0583620071411133,0,0
5591,3.4833080768585205,3.276435613632202,1,1
5592,2.5864758491516113,2.5223472118377686,0,0
5593,3.6407101154327393,3.428114891052246,1,1
5594,3.853060007095337,3.457703113555908,1,1
5595,3.0616581439971924,3.0319080352783203,0,0
5596,3.260114908218384,2.898991107940674,0,0
5597,3.247969388961792,3.1681666374206543,0,0
5598,3.139854669570923,3.0195107460021973,0,0
5599,3.075576066970825,3.00313138961792,0,0
5600,3.358639717102051,3.165804386138916,1,1
5601,3.395622491836548,3.072956085205078,1,1
5602,3.35392689704895,3.0552635192871094,1,1
5603,3.5748610496520996,3.1363091468811035,1,1
5604,3.5703656673431396,3.3380050659179688,1,1
5605,3.9713809490203857,3.385435104370117,1,1
5606,4.237844944000244,3.6324427127838135,1,1
5607,3.7837493419647217,3.4798192977905273,1,1
5608,3.5707356929779053,3.2555603981018066,1,1
5609,2.9063055515289307,2.841789722442627,0,0
5610,3.059612989425659,2.8885552883148193,0,0
5611,3.0622353553771973,3.1219558715820312,0,0
5612,3.276090621948242,3.287318229675293,0,0
5613,2.822634696960449,2.883542537689209,0,0
5614,3.2827088832855225,3.276862144470215,0,0
5615,3.261296033859253,3.178410053253174,0,0
5616,2.8453404903411865,2.686568260192871,0,0
5617,2.901759624481201,2.817183494567871,0,0
5618,2.5316920280456543,2.4623947143554688,0,0
5619,2.6673812866210938,2.631540060043335,0,0
5620,3.0207459926605225,2.9308226108551025,0,0
5621,2.7187302112579346,2.700082540512085,0,0
5622,2.5169451236724854,2.6151907444000244,0,0
5623,3.31872296333313,3.215597152709961,1,1
5624,2.9356026649475098,2.790964126586914,0,0
5625,2.8326282501220703,2.7766921520233154,0,0
5626,3.0747766494750977,2.882801055908203,0,0
5627,3.0619633197784424,3.0200014114379883,0,0
5628,3.234792709350586,3.121037006378174,0,0
5629,3.0514581203460693,2.877427577972412,0,0
5630,3.264493465423584,3.146976947784424,0,0
5631,3.219062328338623,3.0103771686553955,0,0
5632,3.1433756351470947,2.98085355758667,0,0
5633,2.880814790725708,2.863678455352783,0,0
5634,2.915562152862549,2.8045902252197266,0,0
5635,2.982553482055664,2.9203591346740723,0,0
5636,3.342421054840088,3.351116180419922,1,1
5637,3.023264169692993,3.168264389038086,0,0
5638,3.531061887741089,3.4533371925354004,1,1
5639,3.540281057357788,3.312880277633667,1,1
5640,3.0594327449798584,2.9569907188415527,0,0
5641,2.899911642074585,2.7737717628479004,0,0
5642,3.1200222969055176,3.008049964904785,0,0
5643,3.2893199920654297,3.150115966796875,1,1
5644,3.4737460613250732,3.375934600830078,1,1
5645,3.4138145446777344,3.25874924659729,1,1
5646,3.2579662799835205,3.2893810272216797,0,0
5647,3.2884180545806885,3.1832172870635986,1,1
5648,3.1787431240081787,3.02484130859375,0,0
5649,2.6004557609558105,2.538635015487671,0,0
5650,2.995509386062622,2.9159469604492188,0,0
5651,2.75492525100708,2.707420825958252,0,0
5652,3.041232109069824,2.93237042427063,0,0
5653,3.189324378967285,3.207535982131958,0,0
5654,3.081494092941284,3.084238290786743,0,0
5655,2.9400088787078857,2.994758129119873,0,0
5656,2.910057544708252,2.953944683074951,0,0
5657,2.642850399017334,2.7605245113372803,0,0
5658,2.7615127563476562,2.7947745323181152,0,0
5659,2.797887086868286,2.7654669284820557,0,0
5660,2.803058385848999,2.926110029220581,0,0
5661,3.0823686122894287,3.210806131362915,0,0
5662,2.881931781768799,3.160644054412842,0,0
5663,3.318776845932007,3.3616504669189453,1,1
5664,3.176676034927368,3.100588321685791,0,0
5665,3.253446578979492,3.144493579864502,1,1
5666,3.1587963104248047,3.0652074813842773,0,0
5667,3.164905548095703,2.901012897491455,0,0
5668,3.6808300018310547,3.2517027854919434,1,1
5669,3.664914846420288,3.3578078746795654,1,1
5670,3.1824827194213867,3.043142557144165,0,0
5671,3.373567819595337,3.1277201175689697,1,1
5672,3.551121473312378,3.031503200531006,1,1
5673,2.6312246322631836,2.4033660888671875,0,0
5674,2.9037015438079834,2.654756784439087,0,0
5675,2.876169443130493,2.759911060333252,0,0
5676,3.1556901931762695,2.875831365585327,0,0
5677,3.08562970161438,2.8113417625427246,0,0
5678,3.09323787689209,2.8386096954345703,0,0
5679,2.8209009170532227,2.653872013092041,0,0
5680,3.067497491836548,2.8968753814697266,0,0
5681,3.148878812789917,3.189892292022705,0,0
5682,3.2095212936401367,2.989436149597168,1,1
5683,3.2921383380889893,3.124478816986084,1,1
5684,3.277737617492676,3.1131625175476074,1,1
5685,2.8775529861450195,2.946439027786255,0,0
5686,2.9354896545410156,2.7100796699523926,0,0
5687,2.5061075687408447,2.4151670932769775,0,0
5688,3.207980155944824,3.0391030311584473,1,1
5689,3.3776540756225586,3.127574920654297,1,1
5690,2.8945486545562744,2.8883023262023926,0,0
5691,2.8400092124938965,2.7853927612304688,0,0
5692,2.8076610565185547,2.6936848163604736,0,0
5693,3.091740846633911,2.6661453247070312,0,0
5694,3.139249801635742,2.761190891265869,0,0
5695,3.0173399448394775,2.90397310256958,0,0
5696,2.9768307209014893,2.906529426574707,0,0
5697,3.2257792949676514,3.1330604553222656,1,1
5698,3.4791195392608643,3.1105189323425293,1,1
5699,3.6914687156677246,3.1344099044799805,1,1
5700,3.677025318145752,3.2479019165039062,1,1
5701,3.392009735107422,3.161547899246216,1,1
5702,3.1711103916168213,3.039463758468628,0,0
5703,3.2841086387634277,3.0809597969055176,1,1
5704,2.9973573684692383,2.6469597816467285,0,0
5705,3.3253133296966553,3.02382230758667,1,1
5706,3.642028570175171,3.0296852588653564,1,1
5707,2.7182204723358154,2.4883360862731934,0,0
5708,2.9691426753997803,2.9023571014404297,0,0
5709,3.645432233810425,3.3077661991119385,1,1
5710,3.991121530532837,3.36789608001709,1,1
5711,3.575646162033081,3.128929615020752,1,1
5712,3.4695801734924316,3.2262983322143555,1,1
5713,3.3200907707214355,3.084367036819458,1,1
5714,2.8642873764038086,2.7527613639831543,0,0
5715,3.4957737922668457,3.2357664108276367,1,1
5716,3.3367011547088623,3.1497364044189453,1,1
5717,3.698377847671509,3.535313606262207,1,1
5718,3.4445323944091797,3.3067736625671387,1,1
5719,2.9273438453674316,3.0750598907470703,0,0
5720,3.4033472537994385,3.3295066356658936,1,1
5721,3.1037116050720215,3.129040241241455,0,0
5722,2.9406681060791016,2.870713710784912,0,0
5723,3.3865113258361816,3.2296500205993652,1,1
5724,2.9698739051818848,2.7913079261779785,0,0
5725,3.0419418811798096,2.648947238922119,0,0
5726,3.131751537322998,2.6974966526031494,0,0
5727,3.321230411529541,2.835763454437256,1,1
5728,3.239614725112915,2.8528246879577637,0,0
5729,3.277733325958252,3.008725643157959,1,1
5730,3.108619213104248,2.758460521697998,0,0
5731,3.340890884399414,3.2098445892333984,1,1
5732,2.8735857009887695,2.6857829093933105,0,0
5733,3.4119298458099365,2.968823194503784,1,1
5734,3.2471909523010254,2.9111247062683105,0,0
5735,3.216466188430786,2.8496389389038086,0,0
5736,3.158670663833618,2.774803876876831,0,0
5737,3.5830442905426025,3.313504695892334,1,1
5738,3.2337074279785156,3.193450689315796,0,0
5739,2.931691884994507,2.970627784729004,0,0
5740,3.3219754695892334,3.5753591060638428,1,1
5741,3.221823215484619,3.1232221126556396,0,0
5742,2.210131883621216,1.760972499847412,0,0
5743,2.9815263748168945,2.9848620891571045,0,0
5744,3.0835535526275635,3.0320191383361816,0,0
5745,2.9490528106689453,3.028923988342285,0,0
5746,3.725834369659424,3.6203513145446777,1,1
5747,3.5352389812469482,3.477271556854248,1,1
5748,2.719158887863159,2.7591066360473633,0,0
5749,3.2973520755767822,3.087756872177124,1,1
5750,3.2267374992370605,3.0794363021850586,0,0
5751,3.2835724353790283,3.2531540393829346,1,1
5752,3.033460855484009,3.2116894721984863,0,0
5753,3.301888942718506,3.2400918006896973,1,1
5754,3.3256285190582275,3.150270700454712,1,1
5755,3.549232244491577,3.2351183891296387,1,1
5756,3.261481523513794,3.1419007778167725,1,1
5757,3.3716325759887695,3.183133602142334,1,1
5758,3.295269012451172,3.158867359161377,1,1
5759,3.7441742420196533,3.4856603145599365,1,1
5760,3.809356212615967,3.5631208419799805,1,1
5761,3.723471164703369,3.3113832473754883,1,1
5762,4.136116027832031,3.53237247467041,1,1
5763,3.552316188812256,3.1826133728027344,1,1
5764,3.0704519748687744,2.8348731994628906,0,0
5765,3.70263934135437,3.155022621154785,1,1
5766,3.5063679218292236,3.285794734954834,1,1
5767,3.2896039485931396,3.2548422813415527,1,1
5768,3.153123617172241,2.9922542572021484,0,0
5769,3.1871776580810547,2.940178632736206,0,0
5770,3.1377992630004883,2.9963250160217285,0,0
5771,2.8314456939697266,2.8455424308776855,0,0
5772,3.196851968765259,3.031309127807617,0,0
5773,3.1402535438537598,2.9614624977111816,0,0
5774,3.1240596771240234,2.89530873298645,0,0
5775,3.2124431133270264,3.122788429260254,0,0
5776,3.086474657058716,3.004519462585449,0,0
5777,3.051790714263916,2.913163661956787,0,0
5778,3.205043077468872,3.081103801727295,0,0
5779,3.4743258953094482,2.9793074131011963,1,1
5780,3.0624921321868896,2.9915685653686523,0,0
5781,3.2071874141693115,3.1452293395996094,1,1
5782,3.1878280639648438,2.8425745964050293,0,0
5783,3.1934640407562256,3.0442957878112793,1,1
5784,2.8823540210723877,2.7122995853424072,0,0
5785,3.453892469406128,3.0836939811706543,1,1
5786,3.312906503677368,3.0524377822875977,1,1
5787,3.360564708709717,3.0036089420318604,1,1
5788,3.6482012271881104,3.350886106491089,1,1
5789,3.10862398147583,2.907642364501953,0,0
5790,2.795198440551758,2.592752456665039,0,0
5791,3.1061408519744873,3.0440473556518555,0,0
5792,3.306225061416626,3.153259754180908,1,1
5793,3.1383092403411865,2.959831476211548,0,0
5794,3.250648021697998,3.163851499557495,1,1
5795,3.3435580730438232,3.24430513381958,1,1
5796,3.688863515853882,3.3986597061157227,1,1
5797,3.255645275115967,3.0518851280212402,1,1
5798,3.1566898822784424,3.1496481895446777,0,0
5799,3.5862371921539307,3.3203611373901367,1,1
5800,3.009979248046875,2.9720616340637207,0,0
5801,3.322544813156128,3.2051217555999756,1,1
5802,3.421783447265625,3.2903504371643066,1,1
5803,3.147416830062866,3.0239510536193848,0,0
5804,3.616271495819092,3.160512924194336,1,1
5805,3.6045639514923096,3.0958638191223145,1,1
5806,3.4131178855895996,3.061345100402832,1,1
5807,3.5561277866363525,3.2845704555511475,1,1
5808,3.3883323669433594,3.36057186126709,1,1
5809,3.765385150909424,3.3320274353027344,1,1
5810,3.2951173782348633,3.136230945587158,1,1
5811,3.1233696937561035,3.0309901237487793,0,0
5812,3.1061625480651855,2.998849391937256,0,0
5813,3.335493803024292,3.1468043327331543,1,1
5814,3.164212942123413,2.9572858810424805,0,0
5815,3.9130046367645264,3.057465076446533,1,1
5816,3.9071648120880127,2.8387436866760254,1,1
5817,3.2242953777313232,3.1750853061676025,1,1
5818,3.610520362854004,3.2350449562072754,1,1
5819,4.042937278747559,3.1240272521972656,1,1
5820,3.971822500228882,2.857966899871826,1,1
5821,3.8531150817871094,2.9128527641296387,1,1
5822,4.435380935668945,2.995939254760742,1,1
5823,3.0740466117858887,2.675440788269043,0,0
5824,4.751811981201172,3.0687921047210693,1,1
5825,4.060791492462158,2.851736068725586,1,1
5826,3.4852499961853027,2.930612325668335,1,1
5827,3.6613123416900635,2.5475211143493652,1,1
5828,3.8280696868896484,2.9216933250427246,1,1
5829,3.325895309448242,2.7348060607910156,1,1
5830,4.219797611236572,3.388388156890869,1,1
5831,3.3390841484069824,2.8993356227874756,1,1
5832,3.5011298656463623,3.2349557876586914,1,1
5833,3.3230345249176025,3.0874295234680176,1,1
5834,3.8152146339416504,2.9008474349975586,1,1
5835,3.8768060207366943,2.756939172744751,1,1
5836,3.561589241027832,2.8056564331054688,1,1
5837,3.9213905334472656,3.155327558517456,1,1
5838,3.624410390853882,2.6458919048309326,1,1
5839,3.5711448192596436,2.9128258228302,1,1
5840,4.495161056518555,2.730907917022705,1,1
5841,3.5957448482513428,2.797842025756836,1,1
5842,3.8406214714050293,2.8510804176330566,1,1
5843,4.064698219299316,3.1698338985443115,1,1
5844,3.7701234817504883,3.354215621948242,1,1
5845,2.997161865234375,2.979506015777588,0,0
5846,3.2682008743286133,3.1683907508850098,1,1
5847,3.3710339069366455,3.245227336883545,1,1
5848,3.862717390060425,3.3946542739868164,1,1
5849,3.178767681121826,2.886531352996826,0,0
5850,3.0268642902374268,2.917515277862549,0,0
5851,3.0552783012390137,3.0615592002868652,0,0
5852,3.246361255645752,3.144011974334717,0,0
5853,3.1956918239593506,3.312152862548828,0,0
5854,3.2905642986297607,3.241535186767578,1,1
5855,3.7249205112457275,3.5697669982910156,1,1
5856,3.5302302837371826,3.478203296661377,1,1
5857,3.3233470916748047,3.2924482822418213,1,1
5858,3.984647274017334,3.521106481552124,1,1
5859,3.250734806060791,3.2537083625793457,0,0
5860,3.2957592010498047,3.0791025161743164,1,1
5861,3.576003074645996,3.3605170249938965,1,1
5862,3.117579460144043,3.0222909450531006,0,0
5863,3.302363157272339,3.1320109367370605,1,1
5864,3.3357136249542236,3.2023019790649414,1,1
5865,3.235846757888794,2.991607189178467,0,0
5866,2.917616844177246,2.869657278060913,0,0
5867,3.498298406600952,3.30977463722229,1,1
5868,3.1740005016326904,2.9281649589538574,0,0
5869,3.306286573410034,3.1781845092773438,1,1
5870,3.376601219177246,3.0663206577301025,1,1
5871,3.311284303665161,3.007505416870117,1,1
5872,3.1618294715881348,3.0865085124969482,0,0
5873,3.437547445297241,3.138608455657959,1,1
5874,3.219541311264038,3.201251745223999,0,0
5875,3.0597803592681885,2.9073541164398193,0,0
5876,3.4056403636932373,3.2107582092285156,1,1
5877,3.4259133338928223,3.108583927154541,1,1
5878,3.19679856300354,3.10648250579834,0,0
5879,3.671173334121704,3.284337043762207,1,1
5880,3.5857346057891846,3.3318099975585938,1,1
5881,3.1847283840179443,3.1452698707580566,0,0
5882,3.2950711250305176,3.175360918045044,0,0
5883,3.2632765769958496,3.2616560459136963,0,0
5884,3.791546583175659,3.295231580734253,1,1
5885,3.3296844959259033,3.1257288455963135,1,1
5886,3.3079066276550293,3.3501858711242676,1,1
5887,3.3885488510131836,3.2142179012298584,1,1
5888,3.241544008255005,3.332993984222412,0,0
5889,3.5387818813323975,3.489743232727051,1,1
5890,3.52653431892395,3.4639737606048584,1,1
5891,3.6952104568481445,3.279852867126465,1,1
5892,3.4077720642089844,3.209022283554077,1,1
5893,3.4969582557678223,3.253779888153076,1,1
5894,3.1719930171966553,2.9730401039123535,0,0
5895,3.2168898582458496,3.1070823669433594,0,0
5896,3.1123147010803223,2.8978238105773926,0,0
5897,3.0721826553344727,2.8795766830444336,0,0
5898,3.1629810333251953,2.6656620502471924,0,0
5899,3.5301477909088135,3.027865409851074,1,1
5900,3.229813814163208,2.8104190826416016,0,0
5901,3.1929473876953125,2.974581718444824,0,0
5902,3.485152006149292,3.0906927585601807,1,1
5903,3.4261715412139893,3.131242513656616,1,1
5904,3.2195322513580322,2.91760516166687,0,0
5905,3.1742467880249023,2.88692569732666,0,0
5906,3.303299903869629,2.809630870819092,0,0
5907,2.940812587738037,2.7435317039489746,0,0
5908,3.112022876739502,2.719480514526367,0,0
5909,3.1228818893432617,2.851848602294922,0,0
5910,3.2196617126464844,2.807950019836426,0,0
5911,3.1893787384033203,2.809011220932007,0,0
5912,3.7080271244049072,2.94120717048645,1,1
5913,3.5610415935516357,3.218262195587158,1,1
5914,3.794187068939209,3.1419358253479004,1,1
5915,3.0237743854522705,2.684439182281494,0,0
5916,3.063535213470459,2.715853691101074,0,0
5917,3.6294052600860596,3.033212423324585,1,1
5918,3.621335029602051,2.998906135559082,1,1
5919,3.2155797481536865,2.985398292541504,0,0
5920,3.536343812942505,2.9551422595977783,1,1
5921,3.341197967529297,2.8230247497558594,1,1
5922,3.2767701148986816,2.92757511138916,0,0
5923,3.1139633655548096,2.6570417881011963,0,0
5924,3.1768577098846436,2.829828977584839,0,0
5925,3.5068609714508057,3.0038437843322754,1,1
5926,2.4386684894561768,2.072416305541992,0,0
5927,3.206129312515259,3.018461227416992,0,0
5928,3.691653251647949,3.3210065364837646,1,1
5929,3.466729164123535,3.3956148624420166,1,1
5930,3.439934015274048,3.4721217155456543,1,1
5931,2.8242244720458984,2.876555919647217,0,0
5932,2.9560117721557617,2.809363603591919,0,0
5933,3.591895341873169,3.2002506256103516,1,1
5934,3.0519826412200928,2.6841788291931152,0,0
5935,3.4314634799957275,3.1107306480407715,1,1
5936,3.066485643386841,3.0276153087615967,0,0
5937,3.131422519683838,2.9571943283081055,0,0
5938,3.0848286151885986,2.8813061714172363,0,0
5939,3.3480889797210693,3.118396759033203,1,1
5940,3.319498300552368,3.1557047367095947,1,1
5941,2.905816078186035,3.0411124229431152,0,0
5942,3.0541207790374756,3.072641134262085,0,0
5943,3.3849215507507324,3.298985481262207,1,1
5944,3.192275047302246,3.025104522705078,0,0
5945,2.9839248657226562,2.900191307067871,0,0
5946,3.635542154312134,3.446816921234131,1,1
5947,3.1392552852630615,3.229058027267456,0,0
5948,3.6202003955841064,3.4614715576171875,1,1
5949,3.0457639694213867,3.133164882659912,0,0
5950,2.9650793075561523,2.813058853149414,0,0
5951,3.120204448699951,3.0159358978271484,0,0
5952,3.214540481567383,3.0444631576538086,0,0
5953,3.3478589057922363,3.3455395698547363,1,1
5954,3.218384265899658,3.337522506713867,0,0
5955,3.18241810798645,3.2382829189300537,0,0
5956,2.796947479248047,2.8331222534179688,0,0
5957,3.4161620140075684,3.167498826980591,1,1
5958,3.4935312271118164,3.4477407932281494,1,1
5959,3.631620168685913,3.503169059753418,1,1
5960,3.0862226486206055,2.962879180908203,0,0
5961,3.05881929397583,2.970736503601074,0,0
5962,3.496518850326538,3.141103982925415,1,1
5963,3.427910327911377,3.146294593811035,1,1
5964,3.5689852237701416,3.2845916748046875,1,1
5965,3.0002503395080566,3.1441593170166016,0,0
5966,2.8654370307922363,2.7213964462280273,0,0
5967,3.204897165298462,2.929347515106201,0,0
5968,2.9384605884552,2.8302395343780518,0,0
5969,3.3737175464630127,3.0328006744384766,1,1
5970,3.1458423137664795,2.9516963958740234,0,0
5971,3.5687239170074463,3.1312155723571777,1,1
5972,3.2735373973846436,3.151339054107666,0,0
5973,3.1733055114746094,2.971035957336426,0,0
5974,2.9455385208129883,2.72566556930542,0,0
5975,2.7461037635803223,2.644808769226074,0,0
5976,3.1740236282348633,2.9262173175811768,0,0
5977,3.2048797607421875,2.9890012741088867,0,0
5978,3.260111093521118,3.2714662551879883,0,0
5979,3.415872812271118,3.195716619491577,1,1
5980,3.241154432296753,3.08882999420166,0,0
5981,3.2950000762939453,3.0864028930664062,0,0
5982,3.4825830459594727,3.2087202072143555,1,1
5983,3.486546516418457,3.353405475616455,1,1
5984,3.6589701175689697,3.148465633392334,1,1
5985,3.30830717086792,3.006197929382324,0,0
5986,3.2845826148986816,3.0633158683776855,0,0
5987,3.565828561782837,3.2820706367492676,1,1
5988,2.4730350971221924,2.607243537902832,0,0
5989,2.9032084941864014,2.8870625495910645,0,0
5990,3.148834705352783,2.9906134605407715,0,0
5991,3.8682782649993896,3.5272421836853027,1,1
5992,3.3583343029022217,3.1231210231781006,1,1
5993,4.0510406494140625,3.5004305839538574,1,1
5994,3.4107518196105957,3.247582197189331,1,1
5995,3.6693406105041504,3.3490066528320312,1,1
5996,3.7126622200012207,3.301928758621216,1,1
5997,3.5144121646881104,3.132880687713623,1,1
5998,3.323496103286743,3.2004895210266113,1,1
5999,2.9819371700286865,2.960391044616699,0,0
6000,3.216262102127075,3.0358364582061768,0,0
6001,3.386221408843994,3.247894763946533,1,1
6002,3.3422882556915283,3.237295627593994,1,1
6003,3.1044111251831055,2.9760582447052,0,0
6004,3.197270631790161,2.959613561630249,0,0
6005,3.731088399887085,3.489065408706665,1,1
6006,3.413360118865967,3.3051109313964844,1,1
6007,3.620412826538086,3.3452932834625244,1,1
6008,3.48810076713562,3.281966209411621,1,1
6009,3.6422855854034424,3.448607921600342,1,1
6010,3.7622270584106445,3.3572258949279785,1,1
6011,3.6121134757995605,3.302386999130249,1,1
6012,3.7072224617004395,3.3544139862060547,1,1
6013,3.554828405380249,3.1359148025512695,1,1
6014,3.6970643997192383,3.398977756500244,1,1
6015,3.5915164947509766,3.2740886211395264,1,1
6016,3.9415602684020996,3.3319878578186035,1,1
6017,3.640535831451416,3.218092679977417,1,1
6018,3.904567003250122,3.4739694595336914,1,1
6019,3.1661839485168457,3.060753345489502,0,0
6020,3.518726348876953,3.310835599899292,1,1
6021,3.4637465476989746,3.2913002967834473,1,1
6022,3.229092597961426,3.170185089111328,0,0
6023,3.717283248901367,3.4051513671875,1,1
6024,3.701575756072998,3.357905626296997,1,1
6025,3.3773908615112305,3.440878391265869,1,1
6026,3.0877232551574707,3.0924124717712402,0,0
6027,3.745917320251465,3.4445853233337402,1,1
6028,3.121666669845581,3.0903592109680176,0,0
6029,3.3764960765838623,3.16276216506958,1,1
6030,3.2957663536071777,2.924801826477051,0,0
6031,3.5229945182800293,3.335057258605957,1,1
6032,3.3186373710632324,3.169236660003662,0,0
6033,3.3454620838165283,3.242612838745117,1,1
6034,3.3989663124084473,3.247434377670288,1,1
6035,3.7057104110717773,3.377171516418457,1,1
6036,3.3702831268310547,3.349493980407715,1,1
6037,3.594053268432617,3.2878870964050293,1,1
6038,3.676069736480713,3.3350913524627686,1,1
6039,3.599858522415161,3.330716133117676,1,1
6040,3.234544515609741,3.0286967754364014,0,0
6041,2.7973859310150146,2.5724470615386963,0,0
6042,2.7952089309692383,2.4517483711242676,0,0
6043,3.4500465393066406,3.24050235748291,1,1
6044,3.4875364303588867,3.5517807006835938,1,1
6045,3.5465967655181885,3.4654667377471924,1,1
6046,3.5112528800964355,3.4115920066833496,1,1
6047,3.5552024841308594,3.3379509449005127,1,1
6048,3.185426712036133,3.245335102081299,0,0
6049,3.6938300132751465,3.43314266204834,1,1
6050,4.11118745803833,3.715895891189575,1,1
6051,3.6481192111968994,3.6128945350646973,1,1
6052,3.378138780593872,3.2261719703674316,1,1
6053,3.847907066345215,3.469318389892578,1,1
6054,3.485610008239746,3.321559429168701,1,1
6055,3.2952961921691895,3.2602086067199707,0,0
6056,3.3853554725646973,3.222414970397949,1,1
6057,3.431244134902954,3.1319808959960938,1,1
6058,3.606135368347168,3.1495566368103027,1,1
6059,3.782844305038452,3.4159939289093018,1,1
6060,3.502095937728882,2.9782590866088867,1,1
6061,3.2277023792266846,3.074267864227295,0,0
6062,3.1152985095977783,2.977940082550049,0,0
6063,3.359255075454712,2.954638719558716,1,1
6064,3.3798346519470215,3.0311005115509033,1,1
6065,2.830972194671631,2.598726749420166,0,0
6066,2.9125688076019287,2.792060613632202,0,0
6067,2.9899206161499023,2.588744878768921,0,0
6068,3.1018006801605225,2.7869114875793457,0,0
6069,3.316513776779175,2.78914213180542,0,0
6070,3.2000930309295654,2.770016670227051,0,0
6071,2.6975481510162354,2.3696670532226562,0,0
6072,3.2160449028015137,2.686258316040039,0,0
6073,3.3282201290130615,2.778148889541626,0,0
6074,3.0665102005004883,2.806209087371826,0,0
6075,2.624473810195923,2.5654702186584473,0,0
6076,3.1633377075195312,2.823370933532715,0,0
6077,3.2057690620422363,2.69087553024292,0,0
6078,3.10992693901062,2.695295810699463,0,0
6079,3.0428714752197266,2.6360762119293213,0,0
6080,3.2629714012145996,2.667633295059204,0,0
6081,3.3262226581573486,2.6099345684051514,1,1
6082,3.3695104122161865,2.7997305393218994,1,1
6083,2.8732047080993652,2.5384039878845215,0,0
6084,3.237368583679199,2.9329354763031006,0,0
6085,3.255016565322876,2.8717715740203857,0,0
6086,2.9841229915618896,2.5315961837768555,0,0
6087,3.2242558002471924,2.78503680229187,0,0
6088,3.7289485931396484,2.885620355606079,1,1
6089,3.3383562564849854,3.0254557132720947,1,1
6090,3.219634771347046,3.024129867553711,0,0
6091,2.898812770843506,2.7860684394836426,0,0
6092,3.336845636367798,3.009133815765381,1,1
6093,3.2388765811920166,3.1062779426574707,0,0
6094,3.4267420768737793,3.239927291870117,1,1
6095,3.3638863563537598,3.331383228302002,1,1
6096,3.04597544670105,2.9487218856811523,0,0
6097,3.0455703735351562,2.9149181842803955,0,0
6098,3.055283546447754,2.993689775466919,0,0
6099,3.2195825576782227,3.081300735473633,0,0
6100,3.2257418632507324,3.0886611938476562,0,0
6101,3.160737991333008,3.112140655517578,0,0
6102,2.816441297531128,2.7812633514404297,0,0
6103,3.338322162628174,3.1166977882385254,1,1
6104,3.225712537765503,3.156916379928589,0,0
6105,3.6583738327026367,3.3326683044433594,1,1
6106,3.6454226970672607,3.4012393951416016,1,1
6107,3.384160041809082,3.1184024810791016,1,1
6108,3.141921043395996,3.063699245452881,0,0
6109,2.8377065658569336,2.7092676162719727,0,0
6110,3.483790159225464,3.1968600749969482,1,1
6111,3.3175230026245117,3.1564598083496094,0,0
6112,3.375699043273926,3.0494866371154785,1,1
6113,3.5938751697540283,3.2460834980010986,1,1
6114,3.3639650344848633,3.175388813018799,1,1
6115,2.639364004135132,2.293896198272705,0,0
6116,2.1438002586364746,2.261441707611084,0,0
6117,3.005364179611206,2.8183555603027344,0,0
6118,3.654266834259033,3.2092440128326416,1,1
6119,3.532013416290283,3.049004077911377,1,1
6120,3.8239850997924805,3.1652374267578125,1,1
6121,3.4180192947387695,3.014772891998291,1,1
6122,3.112694025039673,2.78639554977417,0,0
6123,3.5273401737213135,3.1237635612487793,1,1
6124,2.949312925338745,2.7795424461364746,0,0
6125,3.2448413372039795,3.0779061317443848,0,0
6126,3.2923038005828857,3.1772193908691406,0,0
6127,3.1151084899902344,2.886322021484375,0,0
6128,3.1238303184509277,3.0223746299743652,0,0
6129,3.2630510330200195,3.129770278930664,0,0
6130,3.210908889770508,3.050124168395996,0,0
6131,3.26615309715271,3.1131927967071533,0,0
6132,3.242436647415161,3.126229763031006,0,0
6133,3.515178680419922,3.198922634124756,1,1
6134,3.3974413871765137,3.1055707931518555,1,1
6135,3.090583086013794,3.061577796936035,0,0
6136,3.5948939323425293,3.3889589309692383,1,1
6137,3.8327083587646484,3.528780698776245,1,1
6138,3.1369435787200928,3.0062103271484375,0,0
6139,3.2823901176452637,3.050518035888672,0,0
6140,3.1813528537750244,3.010128974914551,0,0
6141,3.128511667251587,2.981313467025757,0,0
6142,3.019925355911255,2.833326578140259,0,0
6143,3.01328182220459,3.048180103302002,0,0
6144,2.943857192993164,3.0137739181518555,0,0
6145,2.787428855895996,2.6486010551452637,0,0
6146,3.804135322570801,3.5847253799438477,1,1
6147,3.54282546043396,3.1448848247528076,1,1
6148,3.622335910797119,3.212613105773926,1,1
6149,2.652536630630493,2.6830391883850098,0,0
6150,2.7250356674194336,2.646045207977295,0,0
6151,3.005624532699585,2.709585666656494,0,0
6152,3.009800434112549,2.876420021057129,0,0
6153,2.8870482444763184,2.8456668853759766,0,0
6154,2.7692971229553223,2.6964757442474365,0,0
6155,3.271958589553833,2.991497039794922,0,0
6156,2.6240499019622803,2.8217830657958984,0,0
6157,2.9147818088531494,2.7659125328063965,0,0
6158,2.6244537830352783,2.5520179271698,0,0
6159,2.9670281410217285,2.8651132583618164,0,0
6160,2.8875021934509277,2.8046913146972656,0,0
6161,3.342100143432617,3.034874439239502,1,1
6162,3.3108787536621094,3.2120587825775146,1,1
6163,2.630368232727051,2.5816564559936523,0,0
6164,3.200779914855957,3.137225866317749,0,0
6165,3.2594170570373535,3.113353967666626,0,0
6166,2.958946943283081,2.8102521896362305,0,0
6167,3.456342935562134,3.270026922225952,1,1
6168,3.2540740966796875,3.1190242767333984,0,0
6169,3.034698247909546,3.003750801086426,0,0
6170,2.8150298595428467,2.7219786643981934,0,0
6171,1.3931044340133667,1.4985039234161377,0,0
6172,3.354778528213501,3.22707462310791,1,1
6173,3.2629168033599854,2.8476386070251465,0,0
6174,3.3151700496673584,3.1103978157043457,1,1
6175,3.3765311241149902,3.0103323459625244,1,1
6176,3.146580934524536,2.868603229522705,0,0
6177,3.508514404296875,3.3470239639282227,1,1
6178,3.3389408588409424,3.1998727321624756,1,1
6179,3.2472126483917236,3.083251953125,0,0
6180,2.9112842082977295,2.559021472930908,0,0
6181,2.8633224964141846,2.7279458045959473,0,0
6182,3.2724449634552,3.061825752258301,0,0
6183,3.323622226715088,3.222878932952881,1,1
6184,3.5347909927368164,3.307563543319702,1,1
6185,3.331843137741089,3.184034824371338,1,1
6186,3.345582962036133,2.869250535964966,1,1
6187,3.5978827476501465,2.9783568382263184,1,1
6188,3.5949575901031494,3.264686107635498,1,1
6189,3.5170059204101562,3.19238543510437,1,1
6190,3.329993724822998,3.018003225326538,1,1
6191,3.1356794834136963,2.8486766815185547,0,0
6192,3.0913949012756348,2.8410942554473877,0,0
6193,3.130495309829712,2.8115153312683105,0,0
6194,3.1392877101898193,2.8506922721862793,0,0
6195,2.8401598930358887,2.657165050506592,0,0
6196,3.2249867916107178,2.8132669925689697,0,0
6197,3.0852103233337402,2.7489748001098633,0,0
6198,3.012939453125,2.7692244052886963,0,0
6199,3.1238675117492676,3.01639723777771,0,0
6200,3.0737462043762207,2.976210594177246,0,0
6201,2.8851161003112793,2.5714921951293945,0,0
6202,3.241039276123047,3.058651924133301,0,0
6203,3.6046512126922607,3.3097686767578125,1,1
6204,3.5484561920166016,3.3769264221191406,1,1
6205,3.535827398300171,3.4444644451141357,1,1
6206,3.3222742080688477,3.2362985610961914,1,1
6207,3.2819740772247314,3.2206454277038574,1,1
6208,3.61279296875,3.1650443077087402,1,1
6209,3.55033278465271,3.2738900184631348,1,1
6210,4.018181800842285,3.535900115966797,1,1
6211,3.7565717697143555,3.348696708679199,1,1
6212,3.422241687774658,3.2091269493103027,1,1
6213,3.56270694732666,3.339491844177246,1,1
6214,3.6990435123443604,3.3341927528381348,1,1
6215,3.7732455730438232,3.4431800842285156,1,1
6216,3.749173641204834,3.2222816944122314,1,1
6217,3.3364667892456055,3.3215699195861816,1,1
6218,3.4402871131896973,3.333322048187256,1,1
6219,3.436582565307617,3.326134204864502,1,1
6220,3.2429912090301514,3.1706061363220215,0,0
6221,3.1724750995635986,3.0628502368927,0,0
6222,3.5340113639831543,3.4082460403442383,1,1
6223,3.5716426372528076,3.4123425483703613,1,1
6224,3.278876543045044,2.9344844818115234,1,1
6225,3.529803991317749,3.13503098487854,1,1
6226,2.9994888305664062,2.852292060852051,0,0
6227,3.1280760765075684,2.875486373901367,0,0
6228,3.4788036346435547,3.2850046157836914,1,1
6229,3.1981027126312256,3.1259512901306152,0,0
6230,3.442091464996338,3.07479190826416,1,1
6231,3.1086905002593994,2.8605775833129883,0,0
6232,3.0403056144714355,2.662285804748535,0,0
6233,3.5269687175750732,3.104135513305664,1,1
6234,2.9496726989746094,2.52683687210083,0,0
6235,3.209451675415039,2.8301496505737305,0,0
6236,3.352083444595337,3.259874105453491,1,1
6237,2.9830667972564697,3.027655601501465,0,0
6238,3.003901720046997,2.8267745971679688,0,0
6239,3.3738300800323486,3.2950682640075684,1,1
6240,3.4312620162963867,3.2441821098327637,1,1
6241,3.2607908248901367,2.9906561374664307,0,0
6242,3.222928762435913,3.128347158432007,0,0
6243,3.1889193058013916,3.1037678718566895,0,0
6244,3.316129684448242,3.3085341453552246,1,1
6245,3.1611292362213135,3.0339202880859375,0,0
6246,3.2481064796447754,3.0607752799987793,0,0
6247,2.8035507202148438,2.59028959274292,0,0
6248,2.4435269832611084,2.590860605239868,0,0
6249,2.4403622150421143,2.453131675720215,0,0
6250,2.6643526554107666,2.6080968379974365,0,0
6251,2.4129385948181152,2.5816731452941895,0,0
6252,2.5554494857788086,2.565586566925049,0,0
6253,2.6206507682800293,2.6186749935150146,0,0
6254,2.538072109222412,2.5826618671417236,0,0
6255,2.77474045753479,2.8034472465515137,0,0
6256,2.7973759174346924,2.6956427097320557,0,0
6257,3.2043235301971436,3.1396360397338867,0,0
6258,3.117677927017212,2.818871259689331,0,0
6259,3.3051867485046387,3.1277027130126953,1,1
6260,3.2293012142181396,3.2621755599975586,1,1
6261,2.971151113510132,2.7582545280456543,0,0
6262,3.139376640319824,2.9216389656066895,0,0
6263,3.2880470752716064,3.069232940673828,1,1
6264,3.330902338027954,3.023240089416504,1,1
6265,3.3459033966064453,3.126307487487793,1,1
6266,3.4126453399658203,3.1369400024414062,1,1
6267,3.33668851852417,3.103370428085327,1,1
6268,3.4241249561309814,3.123281478881836,1,1
6269,3.437208414077759,3.2422611713409424,1,1
6270,3.5029025077819824,3.0322070121765137,1,1
6271,2.9409372806549072,2.8259146213531494,0,0
6272,3.3066458702087402,2.983473062515259,1,1
6273,3.509418249130249,3.06242036819458,1,1
6274,3.427198648452759,2.9925878047943115,1,1
6275,3.141289234161377,3.060366630554199,0,0
6276,3.4885618686676025,3.1676578521728516,1,1
6277,3.2011630535125732,2.9770936965942383,0,0
6278,3.395770311355591,3.1285386085510254,1,1
6279,3.2575275897979736,3.0190603733062744,1,1
6280,3.2264885902404785,2.998739719390869,0,0
6281,3.0625662803649902,3.0477635860443115,0,0
6282,3.242018461227417,3.1999902725219727,0,0
6283,3.6888458728790283,3.323585271835327,1,1
6284,3.27763032913208,3.0799081325531006,1,1
6285,3.002358913421631,3.032318115234375,0,0
6286,3.8460140228271484,3.533893585205078,1,1
6287,2.988600015640259,2.898005485534668,0,0
6288,2.8659567832946777,2.7397162914276123,0,0
6289,3.317516803741455,2.9277503490448,1,1
6290,3.284994125366211,3.0509891510009766,1,1
6291,2.810377359390259,2.8592910766601562,0,0
6292,2.8367807865142822,2.7772297859191895,0,0
6293,3.051852226257324,2.9568393230438232,0,0
6294,2.997450590133667,2.8501663208007812,0,0
6295,3.252267360687256,3.0314037799835205,1,1
6296,3.423151731491089,3.137899398803711,1,1
6297,3.172499418258667,2.972768783569336,0,0
6298,3.287294387817383,3.2899045944213867,1,1
6299,3.357797861099243,3.1773061752319336,1,1
6300,2.992866277694702,2.8172407150268555,0,0
6301,2.838616132736206,2.7851266860961914,0,0
6302,3.1679673194885254,2.939342975616455,0,0
6303,2.4117496013641357,2.296988010406494,0,0
6304,3.492727518081665,3.2310338020324707,1,1
6305,3.073235034942627,2.9904353618621826,0,0
6306,3.0030312538146973,2.867828845977783,0,0
6307,3.424220323562622,3.1182732582092285,1,1
6308,2.816650867462158,2.774482011795044,0,0
6309,3.125663995742798,3.233384132385254,0,0
6310,2.9736456871032715,3.2065296173095703,0,0
6311,3.3231747150421143,3.2560486793518066,1,1
6312,3.1325936317443848,3.2062137126922607,0,0
6313,3.175346851348877,3.1195626258850098,0,0
6314,2.84964656829834,2.7078628540039062,0,0
6315,2.9743101596832275,2.931407928466797,0,0
6316,3.7443459033966064,3.466222047805786,1,1
6317,2.6981256008148193,2.6966919898986816,0,0
6318,2.838114023208618,2.824036121368408,0,0
6319,3.1811583042144775,3.0931997299194336,0,0
6320,3.5386734008789062,3.376258373260498,1,1
6321,3.693702459335327,3.471888542175293,1,1
6322,3.599378824234009,3.3333168029785156,1,1
6323,3.5935616493225098,3.45497465133667,1,1
6324,3.0264482498168945,3.0273637771606445,0,0
6325,3.137816905975342,3.1084399223327637,0,0
6326,3.115534782409668,2.9835638999938965,0,0
6327,3.116180181503296,2.912644386291504,0,0
6328,3.2656705379486084,3.156461715698242,1,1
6329,3.6023716926574707,3.286259651184082,1,1
6330,3.3775885105133057,3.195878028869629,1,1
6331,3.248276710510254,3.044724464416504,1,1
6332,3.249479055404663,2.9225053787231445,1,1
6333,3.170586347579956,2.779433250427246,0,0
6334,3.343533992767334,3.1466622352600098,1,1
6335,3.2980997562408447,2.984964370727539,1,1
6336,3.0692920684814453,2.9578428268432617,0,0
6337,3.4722392559051514,3.1482601165771484,1,1
6338,1.9013272523880005,1.8421435356140137,0,0
6339,3.151353120803833,3.0080783367156982,0,0
6340,3.2897932529449463,2.9922897815704346,1,1
6341,3.192622661590576,2.9175918102264404,0,0
6342,2.642563581466675,2.3900585174560547,0,0
6343,2.9148402214050293,2.644108772277832,0,0
6344,3.2575809955596924,2.9045300483703613,1,1
6345,3.7506704330444336,3.143559694290161,1,1
6346,3.525076150894165,3.154642343521118,1,1
6347,2.9938502311706543,2.7442498207092285,0,0
6348,2.8177924156188965,2.6907575130462646,0,0
6349,3.214869260787964,2.962293863296509,0,0
6350,3.0629982948303223,2.8929715156555176,0,0
6351,3.1435859203338623,2.7485649585723877,0,0
6352,3.477457284927368,3.0677242279052734,1,1
6353,3.6232690811157227,3.1597137451171875,1,1
6354,3.3054733276367188,2.931241035461426,1,1
6355,3.075554609298706,2.9901814460754395,0,0
6356,3.6045985221862793,3.1661510467529297,1,1
6357,3.3725228309631348,2.946822166442871,1,1
6358,3.2253239154815674,3.0411741733551025,0,0
6359,3.758145570755005,3.215768814086914,1,1
6360,3.530748128890991,3.1884140968322754,1,1
6361,3.5695204734802246,3.087845802307129,1,1
6362,3.541280508041382,3.1012001037597656,1,1
6363,3.761103391647339,3.4050278663635254,1,1
6364,3.5655555725097656,3.3217525482177734,1,1
6365,3.313962459564209,3.076439380645752,1,1
6366,3.5551767349243164,3.464022636413574,1,1
6367,3.6733994483947754,3.4189844131469727,1,1
6368,3.5838890075683594,3.3367199897766113,1,1
6369,3.2254695892333984,3.2303168773651123,0,0
6370,3.309471607208252,2.941711902618408,1,1
6371,3.3134591579437256,3.181729316711426,1,1
6372,3.23360013961792,3.2383384704589844,0,0
6373,3.2470693588256836,3.144045829772949,0,0
6374,3.156235933303833,3.232241153717041,0,0
6375,3.29066801071167,3.116518974304199,1,1
6376,3.0075385570526123,2.8725357055664062,0,0
6377,3.2181804180145264,3.152294635772705,0,0
6378,3.0824530124664307,3.072359800338745,0,0
6379,3.303173065185547,3.2084293365478516,1,1
6380,3.2674083709716797,3.142303943634033,1,1
6381,3.1943552494049072,3.0017921924591064,0,0
6382,2.9158248901367188,2.8137524127960205,0,0
6383,2.9535927772521973,3.0400872230529785,0,0
6384,3.080073356628418,3.0568089485168457,0,0
6385,2.6956591606140137,2.8341684341430664,0,0
6386,3.1094610691070557,2.987518310546875,0,0
6387,2.957123279571533,3.0133447647094727,0,0
6388,2.7008540630340576,2.7411370277404785,0,0
6389,2.990778923034668,2.8680965900421143,0,0
6390,2.965503215789795,3.0138163566589355,0,0
6391,3.098051071166992,3.0163822174072266,0,0
6392,3.507164478302002,3.222301959991455,1,1
6393,2.9382619857788086,2.9181079864501953,0,0
6394,2.995471715927124,2.7828211784362793,0,0
6395,2.7449958324432373,2.613764762878418,0,0
6396,3.1331441402435303,3.076643228530884,0,0
6397,3.3292951583862305,3.180908203125,1,1
6398,3.2210371494293213,3.196223020553589,0,0
6399,3.5213570594787598,3.480658531188965,1,1
6400,3.41308856010437,3.4178566932678223,1,1
6401,2.8958497047424316,2.913006067276001,0,0
6402,3.4522204399108887,3.174473524093628,1,1
6403,2.7621965408325195,2.8512446880340576,0,0
6404,3.1375021934509277,3.077198028564453,0,0
6405,2.8589303493499756,2.734018325805664,0,0
6406,2.9828040599823,2.8430428504943848,0,0
6407,2.948275566101074,3.065443992614746,0,0
6408,3.0713775157928467,3.0387394428253174,0,0
6409,3.0622220039367676,3.092278003692627,0,0
6410,3.3770408630371094,3.1793713569641113,1,1
6411,3.674548864364624,3.420083522796631,1,1
6412,2.9639010429382324,2.9268813133239746,0,0
6413,2.8555874824523926,2.8524131774902344,0,0
6414,2.947974681854248,2.8582923412323,0,0
6415,2.6504859924316406,2.4091992378234863,0,0
6416,3.0046329498291016,2.724137783050537,0,0
6417,2.8438608646392822,2.595780372619629,0,0
6418,2.5530154705047607,2.5086593627929688,0,0
6419,2.9846978187561035,2.8107967376708984,0,0
6420,2.9954113960266113,2.896116256713867,0,0
6421,3.1100873947143555,2.9627883434295654,0,0
6422,3.278592348098755,3.104874849319458,1,1
6423,3.0849337577819824,3.078972816467285,0,0
6424,3.2678167819976807,3.0052120685577393,1,1
6425,4.2235894203186035,3.170966148376465,1,1
6426,2.7268741130828857,2.550496816635132,0,0
6427,3.304354190826416,3.090534210205078,1,1
6428,3.4351816177368164,2.980419397354126,1,1
6429,3.2166388034820557,2.933856964111328,1,1
6430,3.0162298679351807,2.7663211822509766,0,0
6431,3.4118690490722656,3.2541189193725586,1,1
6432,3.221998453140259,2.857388973236084,1,1
6433,2.7993757724761963,2.7425642013549805,0,0
6434,3.052042007446289,3.0867791175842285,0,0
6435,3.276865005493164,3.2031280994415283,1,1
6436,3.297285795211792,3.1638877391815186,1,1
6437,3.5371882915496826,3.3406615257263184,1,1
6438,3.2818477153778076,3.072633981704712,1,1
6439,3.4830400943756104,3.1789379119873047,1,1
6440,3.236172676086426,3.2499024868011475,1,1
6441,3.6039044857025146,3.2466607093811035,1,1
6442,3.2742362022399902,2.9072465896606445,1,1
6443,3.416217565536499,2.980893611907959,1,1
6444,3.697726011276245,3.1306099891662598,1,1
6445,3.4238665103912354,3.0005645751953125,1,1
6446,3.8640143871307373,3.411517858505249,1,1
6447,3.599996566772461,3.2699191570281982,1,1
6448,3.415031671524048,3.2014834880828857,1,1
6449,3.2113473415374756,2.9389734268188477,0,0
6450,3.5072669982910156,3.190056562423706,1,1
6451,4.01852560043335,3.1897706985473633,1,1
6452,3.6086313724517822,3.0819075107574463,1,1
6453,3.938878059387207,3.3711276054382324,1,1
6454,3.687778949737549,3.2643322944641113,1,1
6455,3.8368022441864014,3.4804208278656006,1,1
6456,3.649333953857422,3.4635918140411377,1,1
6457,3.772897481918335,3.580427885055542,1,1
6458,3.2159767150878906,3.3104684352874756,0,0
6459,3.4109113216400146,3.284850835800171,1,1
6460,3.7231271266937256,3.5072500705718994,1,1
6461,3.4383769035339355,3.3402397632598877,1,1
6462,3.7418267726898193,3.607900619506836,1,1
6463,3.9797017574310303,3.8389577865600586,1,1
6464,3.944361925125122,3.6244144439697266,1,1
6465,3.7922494411468506,3.4011900424957275,1,1
6466,3.82358980178833,3.53401255607605,1,1
6467,3.1106326580047607,2.9426469802856445,0,0
6468,3.069544553756714,3.0425350666046143,0,0
6469,3.63199782371521,3.3705756664276123,1,1
6470,3.211921453475952,3.145264148712158,0,0
6471,3.0042614936828613,3.0594043731689453,0,0
6472,3.096255302429199,3.1335673332214355,0,0
6473,2.7263646125793457,2.644090414047241,0,0
6474,3.1452090740203857,3.118919610977173,0,0
6475,3.118067979812622,2.991753101348877,0,0
6476,3.5064358711242676,3.3451502323150635,1,1
6477,3.338864326477051,3.188361883163452,1,1
6478,3.7671687602996826,3.6299238204956055,1,1
6479,3.630850076675415,3.5986640453338623,1,1
6480,3.238002300262451,3.184556484222412,1,1
6481,3.0183963775634766,2.892108678817749,0,0
6482,3.102649450302124,2.9462170600891113,0,0
6483,2.631021738052368,2.684903621673584,0,0
6484,3.333418130874634,3.284029960632324,1,1
6485,3.1767232418060303,2.9860668182373047,0,0
6486,3.3866970539093018,3.37699031829834,1,1
6487,3.3787150382995605,3.2218432426452637,1,1
6488,3.6479246616363525,3.2851743698120117,1,1
6489,3.6271305084228516,3.349447250366211,1,1
6490,3.4671149253845215,3.268075466156006,1,1
6491,3.455991268157959,3.1960549354553223,1,1
6492,2.797729969024658,2.6914477348327637,0,0
6493,2.974623203277588,2.6425349712371826,0,0
6494,2.6607091426849365,2.6146998405456543,0,0
6495,2.235893487930298,2.380491256713867,0,0
6496,3.19636869430542,3.052966356277466,0,0
6497,3.006873846054077,2.774062156677246,0,0
6498,2.9485814571380615,3.1141586303710938,0,0
6499,2.9560632705688477,2.9651939868927,0,0
6500,3.477638006210327,3.1993470191955566,1,1
6501,3.4824583530426025,3.16879940032959,1,1
6502,3.4226794242858887,3.1416311264038086,1,1
6503,3.19577956199646,2.92482590675354,0,0
6504,3.7036659717559814,3.302610397338867,1,1
6505,3.636253595352173,3.391489267349243,1,1
6506,3.1624491214752197,2.8310394287109375,0,0
6507,3.100064992904663,2.8109171390533447,0,0
6508,3.4016430377960205,3.12545108795166,1,1
6509,3.4310925006866455,3.0607571601867676,1,1
6510,3.5748047828674316,3.1521482467651367,1,1
6511,3.503804922103882,3.1703357696533203,1,1
6512,3.379446506500244,2.9725914001464844,1,1
6513,3.3512213230133057,2.9555015563964844,1,1
6514,3.0800201892852783,2.9379703998565674,0,0
6515,3.698578119277954,3.3400182723999023,1,1
6516,3.2080507278442383,3.0653815269470215,0,0
6517,2.703572988510132,2.48543381690979,0,0
6518,3.3726885318756104,3.1733357906341553,1,1
6519,2.9864795207977295,2.604797840118408,0,0
6520,2.762143135070801,2.656079053878784,0,0
6521,2.811744213104248,2.817545175552368,0,0
6522,3.217914342880249,3.106534004211426,0,0
6523,3.140993595123291,3.0981972217559814,0,0
6524,3.6935527324676514,3.5379133224487305,1,1
6525,3.7137162685394287,3.536867618560791,1,1
6526,3.5606746673583984,3.344994068145752,1,1
6527,4.014371395111084,3.7342352867126465,1,1
6528,3.7430243492126465,3.425346612930298,1,1
6529,3.6554088592529297,3.451425552368164,1,1
6530,3.652366876602173,3.3705010414123535,1,1
6531,3.3180296421051025,3.1054158210754395,1,1
6532,3.5063045024871826,3.216137409210205,1,1
6533,3.538147449493408,3.420045852661133,1,1
6534,3.8145132064819336,3.380054235458374,1,1
6535,3.001328706741333,2.9499659538269043,0,0
6536,3.4468021392822266,3.319572925567627,1,1
6537,3.2563676834106445,3.197458267211914,0,0
6538,3.3878917694091797,3.301401138305664,1,1
6539,3.3245813846588135,3.2561120986938477,1,1
6540,3.048743486404419,2.9556970596313477,0,0
6541,3.4255964756011963,3.220242500305176,1,1
6542,3.6848859786987305,3.3664278984069824,1,1
6543,3.8227157592773438,3.462709903717041,1,1
6544,3.7622063159942627,3.4485085010528564,1,1
6545,3.853602170944214,3.554670810699463,1,1
6546,3.7105154991149902,3.543041467666626,1,1
6547,3.547813653945923,3.38873291015625,1,1
6548,3.1413698196411133,2.983954906463623,0,0
6549,3.3334248065948486,2.946049213409424,1,1
6550,2.9591357707977295,2.8771138191223145,0,0
6551,3.039032220840454,2.8566832542419434,0,0
6552,3.3440613746643066,3.03756046295166,1,1
6553,3.4244942665100098,3.1166937351226807,1,1
6554,3.190300226211548,2.9737296104431152,0,0
6555,3.0370397567749023,3.0106663703918457,0,0
6556,3.4833128452301025,3.231023073196411,1,1
6557,3.4818735122680664,3.2981698513031006,1,1
6558,3.2841362953186035,3.1866331100463867,0,0
6559,3.4365768432617188,3.2636866569519043,1,1
6560,3.306025505065918,3.0402331352233887,1,1
6561,3.1856143474578857,2.878004550933838,0,0
6562,3.2330658435821533,3.0076117515563965,0,0
6563,3.0968031883239746,3.1558353900909424,0,0
6564,3.2891154289245605,3.102297306060791,1,1
6565,3.528268575668335,3.3108303546905518,1,1
6566,2.9510750770568848,2.9102160930633545,0,0
6567,3.5840909481048584,3.066315174102783,1,1
6568,3.1957814693450928,3.005072832107544,0,0
6569,3.008089065551758,2.858039379119873,0,0
6570,3.1483452320098877,2.8660426139831543,0,0
6571,3.2492055892944336,2.978055477142334,0,0
6572,3.094062328338623,2.907762050628662,0,0
6573,3.3700082302093506,3.172496795654297,1,1
6574,3.1240553855895996,2.9915895462036133,0,0
6575,3.318800926208496,3.0140180587768555,1,1
6576,3.432670831680298,3.207113265991211,1,1
6577,2.747100353240967,2.587902069091797,0,0
6578,3.3713595867156982,3.1912810802459717,1,1
6579,2.5900678634643555,2.4665441513061523,0,0
6580,3.020559072494507,2.8099966049194336,0,0
6581,2.699575901031494,2.533724308013916,0,0
6582,3.645930528640747,3.348238706588745,1,1
6583,3.517338752746582,3.3362174034118652,1,1
6584,3.6521975994110107,3.33549165725708,1,1
6585,3.0017244815826416,2.867511034011841,0,0
6586,3.3858537673950195,3.086486339569092,1,1
6587,3.50388765335083,3.2574291229248047,1,1
6588,3.4393649101257324,3.150218963623047,1,1
6589,2.977149486541748,2.90952730178833,0,0
6590,3.435361385345459,3.1555566787719727,1,1
6591,3.6958062648773193,3.314952850341797,1,1
6592,3.865208864212036,3.496445655822754,1,1
6593,3.518338203430176,3.374270439147949,1,1
6594,3.4766528606414795,3.185856342315674,1,1
6595,3.5641300678253174,3.145681619644165,1,1
6596,3.4717214107513428,3.198133707046509,1,1
6597,3.6130306720733643,3.3289732933044434,1,1
6598,3.1999921798706055,3.1983442306518555,0,0
6599,3.5731046199798584,3.130842447280884,1,1
6600,3.595168352127075,3.439422607421875,1,1
6601,3.3272738456726074,3.2428722381591797,0,0
6602,3.308594226837158,3.12196946144104,0,0
6603,3.3224828243255615,3.046661138534546,0,0
6604,3.4599995613098145,3.064544916152954,1,1
6605,3.486191511154175,3.2450592517852783,1,1
6606,3.251162052154541,3.1645913124084473,0,0
6607,3.503655195236206,3.2670717239379883,1,1
6608,3.4014878273010254,3.368776321411133,1,1
6609,3.6746785640716553,3.3498568534851074,1,1
6610,3.3153998851776123,3.117691993713379,0,0
6611,3.0956945419311523,3.0069503784179688,0,0
6612,3.148252487182617,3.077080249786377,0,0
6613,3.5659682750701904,3.2706148624420166,1,1
6614,3.4321117401123047,3.207242012023926,1,1
6615,3.454420804977417,3.2007012367248535,1,1
6616,3.8688292503356934,3.4457859992980957,1,1
6617,3.2589356899261475,3.096040964126587,0,0
6618,3.0662574768066406,3.009140968322754,0,0
6619,2.721254348754883,2.6616954803466797,0,0
6620,2.967911720275879,2.8775196075439453,0,0
6621,3.225466251373291,3.2321884632110596,0,0
6622,3.1268579959869385,3.0405149459838867,0,0
6623,3.3228087425231934,3.1880807876586914,0,0
6624,2.7029640674591064,2.6453256607055664,0,0
6625,3.173675298690796,3.094146490097046,0,0
6626,2.994086503982544,2.93393611907959,0,0
6627,2.8969533443450928,2.945712089538574,0,0
6628,3.0103721618652344,3.046382427215576,0,0
6629,3.117945432662964,2.9128146171569824,0,0
6630,3.0020241737365723,2.935854434967041,0,0
6631,2.9505181312561035,2.9009008407592773,0,0
6632,3.0101964473724365,2.894489049911499,0,0
6633,2.935027837753296,2.8243467807769775,0,0
6634,3.136275053024292,3.050344467163086,0,0
6635,2.4658730030059814,2.1669721603393555,0,0
6636,3.2834038734436035,2.9845833778381348,0,0
6637,2.993182897567749,2.613891124725342,0,0
6638,2.946815013885498,2.5707921981811523,0,0
6639,2.9405574798583984,2.4747352600097656,0,0
6640,2.6193673610687256,2.3845438957214355,0,0
6641,2.6331257820129395,2.3717362880706787,0,0
6642,2.830505847930908,2.4498841762542725,0,0
6643,3.2187135219573975,3.190870761871338,0,0
6644,3.8123044967651367,3.298938512802124,1,1
6645,3.514753580093384,3.2867367267608643,1,1
6646,3.8120276927948,3.3710479736328125,1,1
6647,3.7177186012268066,3.381573438644409,1,1
6648,3.543062448501587,3.4779515266418457,1,1
6649,3.292848587036133,3.000936985015869,0,0
6650,3.4937469959259033,3.3046860694885254,1,1
6651,3.797327995300293,3.5275111198425293,1,1
6652,3.7465240955352783,3.545294761657715,1,1
6653,3.77677321434021,3.398588180541992,1,1
6654,3.6043694019317627,3.1641697883605957,1,1
6655,3.493757724761963,3.1264991760253906,1,1
6656,3.4476370811462402,3.239710807800293,1,1
6657,3.2323155403137207,3.11411190032959,0,0
6658,3.756225824356079,3.575857639312744,1,1
6659,3.6664702892303467,3.486274480819702,1,1
6660,3.353642702102661,3.3442699909210205,1,1
6661,3.334263324737549,3.4211935997009277,1,1
6662,3.301166296005249,3.355222225189209,0,0
6663,3.302622079849243,3.2199349403381348,0,0
6664,3.2725648880004883,3.2713637351989746,0,0
6665,3.5050222873687744,3.393707275390625,1,1
6666,3.1438333988189697,3.088784694671631,0,0
6667,3.2946035861968994,3.079979658126831,0,0
6668,3.08725905418396,2.920722007751465,0,0
6669,3.414302349090576,3.31977915763855,1,1
6670,3.078065872192383,3.105196714401245,0,0
6671,3.2811391353607178,3.2745954990386963,0,0
6672,2.9801700115203857,2.9336729049682617,0,0
6673,3.143512487411499,3.1295840740203857,0,0
6674,3.1740853786468506,3.108354330062866,0,0
6675,2.9877519607543945,2.917161226272583,0,0
6676,3.26707124710083,3.220003128051758,0,0
6677,3.876542329788208,3.4945671558380127,1,1
6678,3.017777681350708,2.7817063331604004,0,0
6679,2.9950578212738037,2.8413920402526855,0,0
6680,2.9841647148132324,2.9467484951019287,0,0
6681,2.8083395957946777,2.832657814025879,0,0
6682,3.041825532913208,2.978975296020508,0,0
6683,3.5664784908294678,3.1968820095062256,1,1
6684,3.3456785678863525,3.081089496612549,1,1
6685,3.4873623847961426,3.197054147720337,1,1
6686,2.6910176277160645,2.5933637619018555,0,0
6687,3.482201099395752,3.2639808654785156,1,1
6688,3.2164759635925293,3.1435060501098633,0,0
6689,3.0072178840637207,2.9088973999023438,0,0
6690,2.777886152267456,2.9096739292144775,0,0
6691,3.1033501625061035,2.987778425216675,0,0
6692,3.208646535873413,3.150010347366333,0,0
6693,3.2291064262390137,3.314028263092041,0,0
6694,3.2261199951171875,3.203975200653076,0,0
6695,3.6439850330352783,3.375701427459717,1,1
6696,3.617896795272827,3.333871364593506,1,1
6697,3.2856314182281494,3.151517868041992,0,0
6698,3.329308271408081,3.213467597961426,1,1
6699,3.3163869380950928,3.0526061058044434,0,0
6700,3.65720534324646,3.307870388031006,1,1
6701,3.2268660068511963,2.79337739944458,0,0
6702,3.6913373470306396,3.340951681137085,1,1
6703,3.1791865825653076,2.844695806503296,0,0
6704,3.1861743927001953,3.1798095703125,0,0
6705,3.919783353805542,3.6522984504699707,1,1
6706,3.3757834434509277,3.161393165588379,1,1
6707,3.4708364009857178,3.266936779022217,1,1
6708,3.144299268722534,2.9527599811553955,0,0
6709,2.762507200241089,2.564159870147705,0,0
6710,3.336967945098877,3.2436585426330566,1,1
6711,3.6807892322540283,3.3371763229370117,1,1
6712,3.1393051147460938,3.0361127853393555,0,0
6713,3.0678699016571045,2.880723476409912,0,0
6714,3.14180064201355,3.027109146118164,0,0
6715,3.372915029525757,3.247174024581909,1,1
6716,3.289106607437134,3.1489477157592773,0,0
6717,3.1337814331054688,2.9401822090148926,0,0
6718,3.14627742767334,3.139462471008301,0,0
6719,3.4264414310455322,3.24069881439209,1,1
6720,3.6026880741119385,3.2257447242736816,1,1
6721,3.011835813522339,2.999652147293091,0,0
6722,3.578111171722412,3.3847742080688477,1,1
6723,3.176793098449707,3.200716018676758,0,0
6724,3.3416688442230225,3.1050467491149902,1,1
6725,3.667797803878784,3.4973597526550293,1,1
6726,3.7858846187591553,3.599783420562744,1,1
6727,3.2234387397766113,3.0119051933288574,0,0
6728,3.609733819961548,3.3974642753601074,1,1
6729,3.304577350616455,3.1311120986938477,0,0
6730,3.4649922847747803,3.325709342956543,1,1
6731,3.847461223602295,3.538881778717041,1,1
6732,3.5018742084503174,3.316025495529175,1,1
6733,3.5405242443084717,3.387436866760254,1,1
6734,3.751458168029785,3.647770881652832,1,1
6735,3.2984256744384766,3.0626306533813477,0,0
6736,3.5546538829803467,3.4698660373687744,1,1
6737,3.6263225078582764,3.388298988342285,1,1
6738,3.402590751647949,3.194394826889038,1,1
6739,4.086133003234863,3.2373552322387695,1,1
6740,3.212879180908203,2.9683165550231934,0,0
6741,3.7289814949035645,3.230576992034912,1,1
6742,3.4388129711151123,3.270369529724121,1,1
6743,4.204673767089844,3.580371141433716,1,1
6744,3.7581613063812256,3.4401183128356934,1,1
6745,3.366448402404785,3.188979387283325,1,1
6746,3.9036457538604736,3.43131160736084,1,1
6747,3.6307780742645264,3.4197702407836914,1,1
6748,3.281968593597412,3.046924114227295,0,0
6749,3.1619510650634766,2.9281973838806152,0,0
6750,3.481621265411377,3.172694206237793,1,1
6751,3.3252646923065186,3.1324594020843506,1,1
6752,2.471806287765503,2.458402156829834,0,0
6753,3.6384944915771484,3.400768280029297,1,1
6754,3.3420674800872803,3.2642743587493896,1,1
6755,3.380854368209839,3.169512987136841,1,1
6756,3.2527670860290527,3.020935535430908,0,0
6757,3.3851630687713623,3.1816768646240234,1,1
6758,3.3209633827209473,3.2058544158935547,1,1
6759,3.0527431964874268,3.1838536262512207,0,0
6760,3.1381301879882812,3.145475387573242,0,0
6761,3.4554755687713623,3.3257107734680176,1,1
6762,3.4446184635162354,3.3975000381469727,1,1
6763,3.2740705013275146,3.1849417686462402,0,0
6764,3.4726436138153076,3.509448766708374,1,1
6765,3.7735257148742676,3.457759380340576,1,1
6766,3.879960060119629,3.6370508670806885,1,1
6767,3.6744635105133057,3.510141372680664,1,1
6768,3.5658469200134277,3.400749683380127,1,1
6769,3.720399856567383,3.5694971084594727,1,1
6770,3.461717128753662,3.15854549407959,1,1
6771,3.440420389175415,3.25343656539917,1,1
6772,3.749882221221924,3.372681140899658,1,1
6773,3.7605526447296143,3.373441457748413,1,1
6774,3.724804639816284,3.411897897720337,1,1
6775,3.3335120677948,3.099616765975952,0,0
6776,3.433572769165039,3.2917442321777344,1,1
6777,3.7553343772888184,3.241057872772217,1,1
6778,3.558631420135498,3.3234312534332275,1,1
6779,3.0538575649261475,2.8977272510528564,0,0
6780,3.35042405128479,3.1758880615234375,1,1
6781,3.0618584156036377,2.832214593887329,0,0
6782,3.5398266315460205,3.1853482723236084,1,1
6783,3.8311684131622314,3.4606871604919434,1,1
6784,3.369894027709961,3.088533878326416,1,1
6785,3.2629830837249756,3.040794849395752,0,0
6786,2.6884493827819824,2.5520741939544678,0,0
6787,2.7485222816467285,2.7216310501098633,0,0
6788,2.900096893310547,2.9242303371429443,0,0
6789,3.6205387115478516,3.3325963020324707,1,1
6790,3.3791887760162354,3.000497817993164,1,1
6791,2.718498945236206,2.679443120956421,0,0
6792,2.608886957168579,2.641542673110962,0,0
6793,2.962688684463501,2.691011667251587,0,0
6794,3.085153579711914,3.0413575172424316,0,0
6795,3.2402944564819336,3.022148609161377,0,0
6796,3.0107600688934326,2.933832883834839,0,0
6797,3.1578071117401123,3.0665411949157715,0,0
6798,3.2952980995178223,3.028179168701172,0,0
6799,3.1648266315460205,2.901055335998535,0,0
6800,3.293138265609741,3.0128931999206543,0,0
6801,3.220916986465454,2.9877967834472656,0,0
6802,3.2026662826538086,3.195028781890869,0,0
6803,3.3983914852142334,3.0061275959014893,1,1
6804,3.46122670173645,3.0556092262268066,1,1
6805,3.588879108428955,3.2948460578918457,1,1
6806,3.186084508895874,2.9869132041931152,0,0
6807,2.9014058113098145,2.807506561279297,0,0
6808,3.0982248783111572,3.04315185546875,0,0
6809,3.320401191711426,3.131282091140747,1,1
6810,3.1381125450134277,2.9834656715393066,0,0
6811,2.8192267417907715,2.7189817428588867,0,0
6812,2.9068379402160645,2.672823905944824,0,0
6813,3.608330249786377,3.314648151397705,1,1
6814,3.637300491333008,3.3993358612060547,1,1
6815,3.763503313064575,3.465454578399658,1,1
6816,3.4490909576416016,3.2488839626312256,1,1
6817,3.3850598335266113,3.228403091430664,1,1
6818,3.8864104747772217,3.6221320629119873,1,1
6819,3.621917486190796,3.445291042327881,1,1
6820,3.5142252445220947,3.3321220874786377,1,1
6821,2.7893319129943848,2.9336888790130615,0,0
6822,2.5052926540374756,2.7731690406799316,0,0
6823,3.1804418563842773,3.1214256286621094,0,0
6824,3.4944326877593994,3.2210023403167725,1,1
6825,3.858307361602783,3.38273024559021,1,1
6826,3.2984533309936523,3.1553192138671875,0,0
6827,3.041951894760132,3.0012097358703613,0,0
6828,2.803706407546997,2.800130844116211,0,0
6829,3.597912311553955,3.352043867111206,1,1
6830,3.454409122467041,3.4384119510650635,1,1
6831,3.431037187576294,3.243346691131592,1,1
6832,3.0510478019714355,2.9885616302490234,0,0
6833,3.3551785945892334,3.1297309398651123,1,1
6834,2.6368248462677,2.6054422855377197,0,0
6835,3.0100576877593994,3.0231757164001465,0,0
6836,3.1601521968841553,3.092040538787842,0,0
6837,3.072012186050415,2.9572839736938477,0,0
6838,3.058818817138672,3.063659191131592,0,0
6839,3.370483875274658,3.2934560775756836,1,1
6840,3.239051103591919,3.5044398307800293,0,0
6841,3.319542646408081,3.363280773162842,0,0
6842,3.351276397705078,3.1010546684265137,1,1
6843,3.436095952987671,3.20377254486084,1,1
6844,3.4623467922210693,3.2157535552978516,1,1
6845,3.126981258392334,2.9497082233428955,0,0
6846,3.6033437252044678,3.302412509918213,1,1
6847,3.2273142337799072,2.958700180053711,0,0
6848,3.3469436168670654,2.9582061767578125,1,1
6849,3.603365182876587,3.335078716278076,1,1
6850,3.346112012863159,3.161694049835205,1,1
6851,4.040257453918457,3.3912742137908936,1,1
6852,3.2384207248687744,3.1172428131103516,0,0
6853,3.344231367111206,3.0894551277160645,1,1
6854,3.399717092514038,3.093127489089966,1,1
6855,3.548982858657837,3.312730073928833,1,1
6856,3.191005229949951,2.964592933654785,0,0
6857,3.1964573860168457,3.08944034576416,0,0
6858,3.015547752380371,3.0084471702575684,0,0
6859,3.6115498542785645,3.413060188293457,1,1
6860,3.1633498668670654,3.1376917362213135,0,0
6861,3.1563639640808105,3.1081764698028564,0,0
6862,3.540818214416504,3.3918557167053223,1,1
6863,3.3558249473571777,3.2670340538024902,1,1
6864,3.190826654434204,3.2596070766448975,0,0
6865,3.7285051345825195,3.3841304779052734,1,1
6866,3.3050436973571777,3.087566614151001,0,0
6867,3.1213433742523193,3.286437511444092,0,0
6868,2.8477365970611572,2.8452205657958984,0,0
6869,3.297161102294922,3.284576892852783,0,0
6870,3.0439586639404297,2.950798988342285,0,0
6871,2.885593891143799,3.0109946727752686,0,0
6872,3.279866933822632,3.2000255584716797,0,0
6873,3.1823019981384277,3.1921463012695312,0,0
6874,3.2531485557556152,3.1441712379455566,0,0
6875,3.463275671005249,3.2659194469451904,1,1
6876,3.154568672180176,2.9988067150115967,0,0
6877,3.01250958442688,2.854588031768799,0,0
6878,3.4805967807769775,3.301168441772461,1,1
6879,3.6008970737457275,3.326328992843628,1,1
6880,3.292863130569458,3.031649112701416,0,0
6881,2.684572219848633,2.836984157562256,0,0
6882,3.2597408294677734,3.219888210296631,0,0
6883,3.493743658065796,3.446378707885742,1,1
6884,3.300297737121582,3.3351025581359863,0,0
6885,3.9403932094573975,3.783940076828003,1,1
6886,3.0696020126342773,3.154271125793457,0,0
6887,3.452758312225342,3.185528039932251,1,1
6888,3.097515344619751,3.065896987915039,0,0
6889,3.5067005157470703,3.3556344509124756,1,1
6890,3.339211940765381,3.475736618041992,1,1
6891,3.5120179653167725,3.3890697956085205,1,1
6892,3.070260524749756,3.0710201263427734,0,0
6893,3.1885454654693604,3.021531581878662,0,0
6894,3.4558727741241455,3.1871578693389893,1,1
6895,3.0957865715026855,2.9120140075683594,0,0
6896,2.590411424636841,2.68373441696167,0,0
6897,2.8935470581054688,2.7855420112609863,0,0
6898,3.3514175415039062,3.103719711303711,1,1
6899,2.720308780670166,2.5263211727142334,0,0
6900,2.9412267208099365,2.868906021118164,0,0
6901,3.051776170730591,3.059016704559326,0,0
6902,2.924921989440918,2.956470489501953,0,0
6903,2.867762804031372,2.7539520263671875,0,0
6904,3.4518990516662598,3.206958293914795,1,1
6905,3.4361791610717773,3.322535514831543,1,1
6906,3.519937038421631,3.2836878299713135,1,1
6907,3.405367374420166,3.2380638122558594,1,1
6908,3.184035301208496,3.0733723640441895,0,0
6909,3.3870484828948975,3.205984115600586,1,1
6910,3.2309231758117676,3.0634069442749023,0,0
6911,2.8967196941375732,2.7502684593200684,0,0
6912,2.9040675163269043,2.800914764404297,0,0
6913,2.9397754669189453,2.744541645050049,0,0
6914,2.945077419281006,2.755077600479126,0,0
6915,2.4349522590637207,2.3586959838867188,0,0
6916,2.5695531368255615,2.457576274871826,0,0
6917,2.913640022277832,2.792013645172119,0,0
6918,3.080132246017456,2.9675979614257812,0,0
6919,3.132894515991211,2.8655436038970947,0,0
6920,3.1205954551696777,2.9616143703460693,0,0
6921,3.2222139835357666,2.8941502571105957,0,0
6922,3.5140016078948975,3.289130210876465,1,1
6923,3.242356538772583,3.040940046310425,0,0
6924,3.428462028503418,3.0557427406311035,1,1
6925,3.7831878662109375,3.3917853832244873,1,1
6926,3.6017637252807617,3.1137213706970215,1,1
6927,3.28385591506958,3.201021671295166,0,0
6928,3.1324269771575928,2.9617807865142822,0,0
6929,3.4293432235717773,3.28165864944458,1,1
6930,3.3136723041534424,3.057065725326538,0,0
6931,3.3276543617248535,3.058666706085205,1,1
6932,3.2387871742248535,3.0711703300476074,0,0
6933,3.673975944519043,3.4367527961730957,1,1
6934,3.628002166748047,3.0909996032714844,1,1
6935,2.854066848754883,2.723148822784424,0,0
6936,2.7741847038269043,2.6174492835998535,0,0
6937,3.0209450721740723,2.749831199645996,0,0
6938,2.9889769554138184,2.835066795349121,0,0
6939,3.069861650466919,2.849280834197998,0,0
6940,2.9579429626464844,2.839437484741211,0,0
6941,3.478227376937866,3.2411000728607178,1,1
6942,3.6493289470672607,3.2332053184509277,1,1
6943,3.387023448944092,3.08449125289917,1,1
6944,3.7065799236297607,3.3875317573547363,1,1
6945,3.48740291595459,3.311727523803711,1,1
6946,3.2203550338745117,3.076199531555176,0,0
6947,3.627656936645508,3.3183341026306152,1,1
6948,3.3194546699523926,3.137200355529785,1,1
6949,3.053992986679077,3.3208320140838623,0,0
6950,3.405613422393799,3.273747444152832,1,1
6951,3.275967597961426,3.2597947120666504,0,0
6952,3.2485945224761963,3.1599321365356445,0,0
6953,3.242765188217163,3.2491908073425293,0,0
6954,3.312391996383667,3.11616849899292,1,1
6955,3.4897890090942383,3.351431369781494,1,1
6956,3.3212082386016846,3.330517053604126,1,1
6957,3.6439743041992188,3.508903741836548,1,1
6958,2.579683303833008,2.477412700653076,0,0
6959,2.6302216053009033,2.6644763946533203,0,0
6960,2.9001801013946533,3.0775413513183594,0,0
6961,2.855562448501587,2.8844778537750244,0,0
6962,3.061326742172241,2.859463691711426,0,0
6963,2.8739399909973145,2.7903809547424316,0,0
6964,3.6139135360717773,3.21486234664917,1,1
6965,3.212796688079834,3.0759801864624023,0,0
6966,3.300381898880005,3.06459903717041,1,1
6967,3.325481414794922,3.187861442565918,1,1
6968,3.355875015258789,3.2713661193847656,1,1
6969,3.8147475719451904,3.464756488800049,1,1
6970,2.632218599319458,2.4724435806274414,0,0
6971,3.1405301094055176,3.077155113220215,0,0
6972,3.2969582080841064,3.0570781230926514,1,1
6973,3.4413444995880127,3.1090290546417236,1,1
6974,3.762202739715576,3.403285026550293,1,1
6975,3.598440408706665,3.3814191818237305,1,1
6976,3.61784029006958,3.3619132041931152,1,1
6977,3.2655887603759766,3.1642160415649414,0,0
6978,3.287766695022583,3.145962715148926,1,1
6979,3.4850497245788574,3.3963606357574463,1,1
6980,3.2848739624023438,3.2786026000976562,1,1
6981,3.2003746032714844,3.1398041248321533,0,0
6982,3.543368101119995,3.3874478340148926,1,1
6983,3.6798219680786133,3.3412065505981445,1,1
6984,3.515174388885498,3.415287971496582,1,1
6985,3.599351644515991,3.3933959007263184,1,1
6986,3.6051430702209473,3.454428195953369,1,1
6987,3.2261040210723877,3.0433120727539062,0,0
6988,2.840921401977539,2.8849825859069824,0,0
6989,3.02262806892395,2.734304904937744,0,0
6990,3.5753655433654785,2.9872498512268066,1,1
6991,3.2750654220581055,2.978156566619873,0,0
6992,2.9755396842956543,2.767366886138916,0,0
6993,3.5077784061431885,3.333437204360962,1,1
6994,3.3384151458740234,3.1687238216400146,1,1
6995,3.5451197624206543,3.357543468475342,1,1
6996,3.454805850982666,3.2632830142974854,1,1
6997,3.5313072204589844,3.274963855743408,1,1
6998,3.6501848697662354,3.4496910572052,1,1
6999,2.9931113719940186,2.663815975189209,0,0
7000,3.4639899730682373,3.0914406776428223,1,1
7001,3.513031482696533,3.1749210357666016,1,1
7002,3.201164722442627,2.919388771057129,0,0
7003,2.893934488296509,2.6665725708007812,0,0
7004,3.3853225708007812,3.1632654666900635,1,1
7005,3.4630112648010254,3.213061809539795,1,1
7006,3.379227876663208,3.173800468444824,1,1
7007,3.501802682876587,3.2740418910980225,1,1
7008,3.5277702808380127,3.1695971488952637,1,1
7009,3.209169626235962,2.9784135818481445,0,0
7010,3.3799142837524414,3.058225154876709,1,1
7011,2.9695239067077637,2.906337261199951,0,0
7012,3.152587652206421,3.0346052646636963,0,0
7013,3.2845044136047363,3.1104605197906494,0,0
7014,3.4314513206481934,3.0834503173828125,1,1
7015,3.0389742851257324,2.8159542083740234,0,0
7016,3.1704657077789307,2.896453380584717,0,0
7017,3.0846338272094727,2.914340019226074,0,0
7018,3.1960973739624023,3.0079193115234375,0,0
7019,3.1296935081481934,2.8594021797180176,0,0
7020,3.2537386417388916,2.945858955383301,0,0
7021,3.095128059387207,2.88417387008667,0,0
7022,3.391833543777466,3.057089328765869,1,1
7023,3.2504570484161377,3.1430890560150146,0,0
7024,3.3499112129211426,2.928988456726074,1,1
7025,3.1237075328826904,2.8536643981933594,0,0
7026,3.2736663818359375,3.118805408477783,0,0
7027,3.7496445178985596,3.343906879425049,1,1
7028,3.7291769981384277,3.332771062850952,1,1
7029,3.4272170066833496,3.2276599407196045,1,1
7030,3.237849235534668,3.093728542327881,0,0
7031,3.4044036865234375,3.058493137359619,1,1
7032,3.211845636367798,3.007657051086426,0,0
7033,3.3734028339385986,3.0695900917053223,1,1
7034,3.4194843769073486,3.2599434852600098,1,1
7035,3.386733055114746,3.2987873554229736,1,1
7036,3.4845919609069824,3.274557113647461,1,1
7037,3.3428995609283447,3.13032865524292,1,1
7038,3.294008731842041,3.2453346252441406,0,0
7039,3.5107357501983643,3.2381808757781982,1,1
7040,3.229562282562256,3.1796045303344727,0,0
7041,3.267568826675415,3.102832794189453,0,0
7042,3.418760061264038,3.3603875637054443,1,1
7043,3.6940383911132812,3.514221668243408,1,1
7044,3.2276580333709717,3.0712671279907227,0,0
7045,2.8755013942718506,2.8676161766052246,0,0
7046,2.8576560020446777,2.847562551498413,0,0
7047,3.893437623977661,3.5026373863220215,1,1
7048,3.6298041343688965,2.8105103969573975,1,1
7049,3.1741943359375,3.035491466522217,0,0
7050,3.6756319999694824,3.4390738010406494,1,1
7051,3.318268060684204,3.20499849319458,1,1
7052,3.406920909881592,3.324631690979004,1,1
7053,3.5872790813446045,3.336625099182129,1,1
7054,3.3256020545959473,3.0764880180358887,1,1
7055,2.889082908630371,2.839519500732422,0,0
7056,2.9417576789855957,2.8136892318725586,0,0
7057,3.151315689086914,3.028428554534912,0,0
7058,3.371588945388794,3.216207504272461,1,1
7059,2.968663215637207,2.8358187675476074,0,0
7060,3.0502753257751465,3.1683573722839355,0,0
7061,3.2106752395629883,3.2015795707702637,0,0
7062,2.93918776512146,3.110124111175537,0,0
7063,3.0166373252868652,3.0864505767822266,0,0
7064,3.0442919731140137,3.1424975395202637,0,0
7065,2.637575149536133,2.565641403198242,0,0
7066,3.647984266281128,3.356733798980713,1,1
7067,3.052029609680176,3.0299057960510254,0,0
7068,3.3043289184570312,3.3517870903015137,1,1
7069,3.371141195297241,3.1605544090270996,1,1
7070,3.142831563949585,3.0625524520874023,0,0
7071,3.173910617828369,2.9966344833374023,0,0
7072,3.3715896606445312,3.2124805450439453,1,1
7073,2.9583373069763184,2.8390121459960938,0,0
7074,2.7670562267303467,2.669412136077881,0,0
7075,3.2099599838256836,3.008610248565674,0,0
7076,3.4764482975006104,3.3561651706695557,1,1
7077,2.892505645751953,2.886836051940918,0,0
7078,2.577296257019043,2.6104869842529297,0,0
7079,3.0053086280822754,2.815002918243408,0,0
7080,2.8615474700927734,2.920989751815796,0,0
7081,3.0882232189178467,3.0176913738250732,0,0
7082,3.171644926071167,3.0765504837036133,0,0
7083,2.9269261360168457,3.0311689376831055,0,0
7084,2.815062999725342,2.8084983825683594,0,0
7085,3.087599992752075,3.14432954788208,0,0
7086,3.1662869453430176,3.0354702472686768,0,0
7087,3.0861380100250244,3.1445109844207764,0,0
7088,3.005168914794922,2.972417116165161,0,0
7089,3.2270009517669678,2.952564239501953,0,0
7090,3.19416880607605,2.974071502685547,0,0
7091,3.1233434677124023,3.0024919509887695,0,0
7092,3.2009479999542236,2.936309337615967,0,0
7093,3.1154212951660156,3.0811305046081543,0,0
7094,3.227142572402954,3.003915786743164,0,0
7095,3.0509889125823975,2.869976758956909,0,0
7096,3.0863513946533203,2.9331042766571045,0,0
7097,3.399127244949341,3.0519001483917236,1,1
7098,3.134340763092041,2.97760009765625,0,0
7099,3.2859129905700684,3.138218641281128,1,1
7100,3.093156337738037,2.9366092681884766,0,0
7101,3.3228588104248047,3.1450939178466797,1,1
7102,3.665034055709839,3.4147017002105713,1,1
7103,4.148655891418457,3.7616076469421387,1,1
7104,3.794830799102783,3.337934970855713,1,1
7105,3.880300760269165,3.3356995582580566,1,1
7106,3.5434365272521973,3.443222999572754,1,1
7107,3.289611339569092,2.93770432472229,1,1
7108,3.1330511569976807,2.9888181686401367,0,0
7109,3.5806450843811035,3.318542242050171,1,1
7110,3.7138290405273438,3.307298421859741,1,1
7111,3.2336266040802,3.127333641052246,0,0
7112,3.3690764904022217,3.1202778816223145,1,1
7113,3.2833986282348633,3.174769401550293,1,1
7114,3.0963661670684814,2.9927167892456055,0,0
7115,3.0320756435394287,2.8383686542510986,0,0
7116,3.034658193588257,2.807061195373535,0,0
7117,3.574410915374756,3.279505729675293,1,1
7118,3.3804447650909424,2.9788413047790527,1,1
7119,3.0462026596069336,2.9954700469970703,0,0
7120,2.981003999710083,2.827860116958618,0,0
7121,3.2810585498809814,3.1417160034179688,1,1
7122,3.205134630203247,2.8482158184051514,0,0
7123,3.354055166244507,2.971909761428833,1,1
7124,3.3090975284576416,3.0265307426452637,1,1
7125,3.1791768074035645,2.8301334381103516,0,0
7126,3.242645263671875,2.946570873260498,0,0
7127,3.303044319152832,3.1087098121643066,1,1
7128,3.527282953262329,3.2967071533203125,1,1
7129,3.3655810356140137,3.2531392574310303,1,1
7130,3.6317620277404785,3.203054904937744,1,1
7131,3.5357799530029297,3.2040822505950928,1,1
7132,3.752201795578003,3.338254928588867,1,1
7133,3.470733165740967,3.095656394958496,1,1
7134,3.5489115715026855,3.2566146850585938,1,1
7135,3.6907334327697754,3.324495315551758,1,1
7136,3.841799259185791,3.3904545307159424,1,1
7137,3.755168914794922,3.2485387325286865,1,1
7138,2.913954734802246,2.8385705947875977,0,0
7139,3.4063661098480225,3.257622718811035,1,1
7140,3.394745111465454,3.1811795234680176,1,1
7141,3.5557851791381836,3.1774954795837402,1,1
7142,3.44387149810791,3.2038931846618652,1,1
7143,3.260139226913452,3.1603915691375732,0,0
7144,3.2461037635803223,3.1108031272888184,0,0
7145,2.8741140365600586,2.668680191040039,0,0
7146,2.9511477947235107,2.820633888244629,0,0
7147,3.254840135574341,2.7927589416503906,0,0
7148,3.070140838623047,2.962550163269043,0,0
7149,3.707374334335327,3.2866759300231934,1,1
7150,3.607576370239258,3.287869453430176,1,1
7151,3.21992564201355,2.9760918617248535,0,0
7152,3.6315760612487793,3.202920436859131,1,1
7153,3.4845376014709473,3.1627650260925293,1,1
7154,3.141030788421631,3.0627851486206055,0,0
7155,3.4853010177612305,3.2140085697174072,1,1
7156,3.4684276580810547,3.2165064811706543,1,1
7157,3.4448752403259277,3.2039437294006348,1,1
7158,3.2280752658843994,3.069969654083252,0,0
7159,3.2410061359405518,2.9251961708068848,0,0
7160,2.9892876148223877,2.8763070106506348,0,0
7161,2.985461950302124,2.8338046073913574,0,0
7162,3.4704670906066895,3.269611120223999,1,1
7163,3.4419422149658203,3.2075228691101074,1,1
7164,3.4639499187469482,3.281383514404297,1,1
7165,3.2520298957824707,3.080720901489258,0,0
7166,3.6485342979431152,3.318458080291748,1,1
7167,3.437304735183716,2.960512399673462,1,1
7168,3.378683090209961,3.089564561843872,1,1
7169,3.359504222869873,2.9582207202911377,1,1
7170,3.4441709518432617,3.0843496322631836,1,1
7171,3.2303318977355957,3.2510056495666504,0,0
7172,3.347477436065674,3.3294308185577393,1,1
7173,2.8964812755584717,2.9599013328552246,0,0
7174,3.2443134784698486,3.3444199562072754,0,0
7175,3.502237319946289,3.403648853302002,1,1
7176,3.727116107940674,3.635592222213745,1,1
7177,3.535673141479492,3.2779159545898438,1,1
7178,3.317108392715454,3.157271385192871,1,1
7179,2.9085280895233154,2.841601848602295,0,0
7180,2.8553123474121094,2.952599048614502,0,0
7181,2.8714234828948975,2.915233612060547,0,0
7182,3.5945777893066406,3.1562371253967285,1,1
7183,2.8929247856140137,2.880683183670044,0,0
7184,3.5449330806732178,3.4342331886291504,1,1
7185,2.709332227706909,2.7582035064697266,0,0
7186,3.404151439666748,3.3338732719421387,1,1
7187,3.7041382789611816,3.422597885131836,1,1
7188,3.654484510421753,3.558002233505249,1,1
7189,3.7656877040863037,3.6602680683135986,1,1
7190,3.4172096252441406,3.4297821521759033,1,1
7191,3.4527952671051025,3.4176273345947266,1,1
7192,3.8004307746887207,3.6964688301086426,1,1
7193,3.7578506469726562,3.432374954223633,1,1
7194,3.432971954345703,3.0786232948303223,1,1
7195,3.5312180519104004,3.3492417335510254,1,1
7196,3.4900407791137695,3.388370990753174,1,1
7197,3.9691715240478516,3.522799491882324,1,1
7198,3.7016825675964355,3.33778715133667,1,1
7199,3.101914167404175,2.938272714614868,0,0
7200,3.2697110176086426,3.133922576904297,0,0
7201,2.6272082328796387,2.710097551345825,0,0
7202,3.3071255683898926,3.207401752471924,1,1
7203,3.4792606830596924,3.2622294425964355,1,1
7204,3.220376968383789,3.049133539199829,0,0
7205,2.930464744567871,2.9250526428222656,0,0
7206,3.60941743850708,3.3615148067474365,1,1
7207,3.709719657897949,3.414947509765625,1,1
7208,3.323021173477173,3.2160146236419678,1,1
7209,3.798556089401245,3.3772425651550293,1,1
7210,3.8788037300109863,3.511194944381714,1,1
7211,3.873114824295044,3.688995361328125,1,1
7212,3.702570676803589,3.565861225128174,1,1
7213,3.8677682876586914,3.5807857513427734,1,1
7214,3.4761438369750977,3.4568862915039062,1,1
7215,4.108062744140625,3.758364200592041,1,1
7216,3.487445831298828,3.355743408203125,1,1
7217,3.645386219024658,3.409940242767334,1,1
7218,4.1170268058776855,3.7139413356781006,1,1
7219,3.5844287872314453,3.4371819496154785,1,1
7220,3.346061944961548,3.183901786804199,1,1
7221,3.2018697261810303,3.1788582801818848,0,0
7222,3.8222358226776123,3.5202414989471436,1,1
7223,3.6613967418670654,3.4490489959716797,1,1
7224,3.323331117630005,3.337852954864502,0,0
7225,2.9848580360412598,3.008782386779785,0,0
7226,3.04170560836792,2.9794962406158447,0,0
7227,3.285698175430298,3.185220241546631,0,0
7228,3.4275338649749756,3.190645933151245,1,1
7229,3.4397027492523193,3.080247402191162,1,1
7230,3.6565489768981934,3.4221763610839844,1,1
7231,3.524338960647583,3.3738067150115967,1,1
7232,3.483232259750366,3.362598419189453,1,1
7233,3.7362866401672363,3.4520015716552734,1,1
7234,3.7011356353759766,3.59236741065979,1,1
7235,3.103729248046875,3.007063865661621,0,0
7236,3.6145339012145996,3.311168670654297,1,1
7237,3.445930004119873,3.4005632400512695,1,1
7238,3.5077438354492188,3.396181583404541,1,1
7239,3.342379093170166,3.206803798675537,1,1
7240,3.181393623352051,3.02569580078125,0,0
7241,3.2263848781585693,3.1724164485931396,0,0
7242,3.7447569370269775,3.4768447875976562,1,1
7243,3.820913314819336,3.5277626514434814,1,1
7244,3.537524938583374,3.4609341621398926,1,1
7245,3.7096190452575684,3.3304476737976074,1,1
7246,3.6494107246398926,3.4861462116241455,1,1
7247,3.5879414081573486,3.375199317932129,1,1
7248,3.434424877166748,3.3826751708984375,1,1
7249,3.2344367504119873,3.1315979957580566,0,0
7250,3.4449708461761475,3.2108383178710938,1,1
7251,3.221003532409668,3.0659358501434326,0,0
7252,2.9758100509643555,2.883291721343994,0,0
7253,3.560760498046875,3.3979296684265137,1,1
7254,3.2425334453582764,3.271693706512451,0,0
7255,3.805306911468506,3.544415235519409,1,1
7256,3.6960270404815674,3.480565071105957,1,1
7257,3.6459076404571533,3.259782314300537,1,1
7258,3.7661361694335938,3.548583984375,1,1
7259,3.176067590713501,2.9479482173919678,0,0
7260,3.3639848232269287,3.282191276550293,1,1
7261,3.5362627506256104,3.2148630619049072,1,1
7262,3.14021372795105,2.941493511199951,0,0
7263,3.545881509780884,3.303436756134033,1,1
7264,3.4309675693511963,3.401486873626709,1,1
7265,2.969663381576538,3.052898406982422,0,0
7266,3.2933526039123535,3.3064022064208984,0,0
7267,3.3341708183288574,3.2210745811462402,0,0
7268,3.44480299949646,3.426279306411743,1,1
7269,3.2027511596679688,3.2409780025482178,0,0
7270,3.461594820022583,3.309938907623291,1,1
7271,3.249884605407715,2.9812512397766113,0,0
7272,3.2133901119232178,3.2687840461730957,0,0
7273,3.165637731552124,3.199514627456665,0,0
7274,3.5482983589172363,3.296066999435425,1,1
7275,3.430562734603882,3.381260871887207,1,1
7276,3.3783316612243652,3.1049532890319824,0,0
7277,3.1588454246520996,2.995220184326172,0,0
7278,3.4553399085998535,3.288564682006836,1,1
7279,3.1366100311279297,3.054259777069092,0,0
7280,3.025656223297119,2.897799491882324,0,0
7281,3.137887477874756,2.9837467670440674,0,0
7282,3.313577890396118,2.91221284866333,0,0
7283,3.318105459213257,3.2157013416290283,0,0
7284,3.5987000465393066,3.102794647216797,1,1
7285,3.037348508834839,2.805035352706909,0,0
7286,3.4111180305480957,3.177825689315796,1,1
7287,3.713440418243408,3.2820956707000732,1,1
7288,2.9823615550994873,2.7311840057373047,0,0
7289,3.135868787765503,2.9542016983032227,0,0
7290,3.0704424381256104,2.9686667919158936,0,0
7291,3.250901937484741,3.0431299209594727,0,0
7292,3.6114726066589355,3.1879730224609375,1,1
7293,3.4546310901641846,3.0729002952575684,1,1
7294,3.470383405685425,3.3106703758239746,1,1
7295,3.4415946006774902,3.148625373840332,1,1
7296,3.479799509048462,3.1144659519195557,1,1
7297,3.7580642700195312,3.53273344039917,1,1
7298,3.501377582550049,3.29886531829834,1,1
7299,3.546159505844116,3.1185460090637207,1,1
7300,3.530566930770874,3.3381001949310303,1,1
7301,3.0870792865753174,2.954141139984131,0,0
7302,3.3737707138061523,3.1350607872009277,0,0
7303,3.216888666152954,2.982757568359375,0,0
7304,3.2043983936309814,2.9714574813842773,0,0
7305,2.9280853271484375,2.890148162841797,0,0
7306,3.4390969276428223,3.3210930824279785,1,1
7307,3.184001922607422,3.0226564407348633,0,0
7308,3.2645227909088135,3.028529167175293,0,0
7309,3.2695987224578857,3.1356890201568604,0,0
7310,3.4597549438476562,3.320957899093628,1,1
7311,3.2085931301116943,3.098337173461914,0,0
7312,3.038083553314209,2.7316739559173584,0,0
7313,3.0947678089141846,3.0190765857696533,0,0
7314,3.487795114517212,3.2623586654663086,1,1
7315,3.6043806076049805,3.2533061504364014,1,1
7316,3.336648464202881,3.1811676025390625,0,0
7317,3.1023223400115967,3.015601396560669,0,0
7318,3.499654531478882,3.111445426940918,1,1
7319,3.3821301460266113,2.989483118057251,0,0
7320,3.5778250694274902,3.228536605834961,1,1
7321,3.245022773742676,2.9576327800750732,0,0
7322,3.525526762008667,3.2601943016052246,1,1
7323,3.5865213871002197,3.334733486175537,1,1
7324,3.4620325565338135,3.2989675998687744,1,1
7325,3.634352684020996,3.323951244354248,1,1
7326,2.9435088634490967,2.9067440032958984,0,0
7327,3.3166680335998535,3.194563388824463,0,0
7328,3.0066263675689697,2.8864874839782715,0,0
7329,3.057800769805908,3.015019178390503,0,0
7330,3.26956844329834,3.127589225769043,0,0
7331,3.2558140754699707,3.1275570392608643,0,0
7332,3.234323024749756,3.0990397930145264,0,0
7333,2.922504186630249,2.963061809539795,0,0
7334,3.4097366333007812,3.201335906982422,0,0
7335,2.7069272994995117,2.5683341026306152,0,0
7336,2.96393084526062,2.7932350635528564,0,0
7337,2.9358837604522705,2.850496292114258,0,0
7338,3.19289493560791,3.0832481384277344,0,0
7339,3.1768457889556885,2.9495744705200195,0,0
7340,3.1955108642578125,2.9404869079589844,0,0
7341,3.093360424041748,2.9203202724456787,0,0
7342,3.3053805828094482,2.9190173149108887,0,0
7343,3.755749225616455,3.4594473838806152,1,1
7344,3.3433620929718018,3.170379161834717,0,0
7345,3.7645885944366455,3.4763612747192383,1,1
7346,3.349213123321533,3.127868413925171,0,0
7347,3.6446657180786133,3.2194485664367676,1,1
7348,3.554595708847046,3.120939254760742,1,1
7349,3.7498927116394043,3.385531425476074,1,1
7350,3.7151312828063965,3.3409440517425537,1,1
7351,3.3928637504577637,3.2592508792877197,0,0
7352,2.7863240242004395,2.8542537689208984,0,0
7353,3.2503528594970703,3.158294200897217,0,0
7354,2.8634462356567383,2.7993216514587402,0,0
7355,3.1953418254852295,3.174595832824707,0,0
7356,2.998345136642456,3.0879316329956055,0,0
7357,3.040539503097534,2.9718666076660156,0,0
7358,3.741175413131714,3.540498733520508,1,1
7359,3.5689024925231934,3.3295745849609375,1,1
7360,3.660090923309326,3.518841505050659,1,1
7361,3.723365306854248,3.3766438961029053,1,1
7362,3.4632604122161865,3.34031081199646,1,1
7363,3.764472723007202,3.4968678951263428,1,1
7364,3.4480137825012207,3.4123637676239014,1,1
7365,3.175765037536621,2.943049430847168,0,0
7366,2.9405174255371094,2.951934576034546,0,0
7367,3.006190061569214,2.8622608184814453,0,0
7368,3.063039779663086,2.9509005546569824,0,0
7369,3.2867259979248047,2.9659745693206787,0,0
7370,2.5780885219573975,2.213942050933838,0,0
7371,2.6484386920928955,2.498708486557007,0,0
7372,2.9482173919677734,2.972450017929077,0,0
7373,3.423082113265991,3.3784854412078857,1,1
7374,3.355715036392212,3.365154266357422,0,0
7375,3.191251754760742,3.2303173542022705,0,0
7376,3.0970146656036377,3.2828240394592285,0,0
7377,3.235882043838501,3.2229526042938232,0,0
7378,3.1628825664520264,3.2034168243408203,0,0
7379,3.3369672298431396,3.2603063583374023,0,0
7380,3.4037387371063232,3.059605598449707,1,1
7381,3.467925548553467,3.224824905395508,1,1
7382,3.0894930362701416,3.114243507385254,0,0
7383,3.4211933612823486,3.191016674041748,1,1
7384,3.74187970161438,3.5572216510772705,1,1
7385,3.1711690425872803,3.170261859893799,0,0
7386,3.669905185699463,3.5286383628845215,1,1
7387,3.300922393798828,3.2989299297332764,0,0
7388,2.9585068225860596,2.9956002235412598,0,0
7389,3.06410551071167,2.995436668395996,0,0
7390,3.240445137023926,3.175859212875366,0,0
7391,2.9391932487487793,2.9941024780273438,0,0
7392,3.4256744384765625,3.24375319480896,1,1
7393,3.455260992050171,3.1997756958007812,1,1
7394,3.2112364768981934,3.0920894145965576,0,0
7395,3.1660947799682617,3.0370683670043945,0,0
7396,3.37435245513916,3.1210832595825195,1,1
7397,3.554070472717285,3.283841609954834,1,1
7398,3.7900893688201904,3.335686206817627,1,1
7399,3.59749436378479,3.2560267448425293,1,1
7400,3.3445823192596436,3.007143020629883,0,0
7401,3.394502639770508,3.07362699508667,1,1
7402,3.215303659439087,3.09822940826416,0,0
7403,3.313028335571289,3.145085096359253,0,0
7404,3.575990676879883,3.271510601043701,1,1
7405,3.1089179515838623,3.175171375274658,0,0
7406,3.254453420639038,3.155139446258545,0,0
7407,3.128840923309326,3.064249277114868,0,0
7408,3.491339921951294,3.2266433238983154,1,1
7409,3.517404794692993,3.248386859893799,1,1
7410,3.5400164127349854,3.3449645042419434,1,1
7411,3.3550097942352295,3.172811985015869,0,0
7412,3.389396905899048,3.0703368186950684,1,1
7413,3.4205329418182373,3.1361026763916016,1,1
7414,3.125441312789917,2.9032607078552246,0,0
7415,3.1562275886535645,2.9714858531951904,0,0
7416,3.2463362216949463,3.1375176906585693,0,0
7417,3.2218668460845947,3.023261070251465,0,0
7418,3.0502798557281494,2.97933292388916,0,0
7419,3.524669647216797,3.4583323001861572,1,1
7420,3.588240385055542,3.6401636600494385,1,1
7421,2.749258041381836,2.6891140937805176,0,0
7422,2.8519060611724854,2.8072304725646973,0,0
7423,3.1051249504089355,2.9890825748443604,0,0
7424,3.213674306869507,3.024670124053955,0,0
7425,3.1895885467529297,2.9024834632873535,0,0
7426,3.369936227798462,3.1039810180664062,1,1
7427,3.7033631801605225,3.248056411743164,1,1
7428,3.5265390872955322,3.295405149459839,1,1
7429,3.1542911529541016,2.967034339904785,0,0
7430,3.0810813903808594,2.8994812965393066,0,0
7431,3.1925301551818848,2.9587180614471436,0,0
7432,2.7918248176574707,2.6665005683898926,0,0
7433,2.9373764991760254,2.697417974472046,0,0
7434,3.031032085418701,2.8085713386535645,0,0
7435,2.9132936000823975,2.6590182781219482,0,0
7436,3.12389874458313,2.872286796569824,0,0
7437,2.2510807514190674,2.387558937072754,0,0
7438,3.0674779415130615,2.7963786125183105,0,0
7439,3.2620112895965576,2.960437774658203,0,0
7440,3.3639795780181885,3.1006550788879395,1,1
7441,3.1233670711517334,3.107919216156006,0,0
7442,3.0115954875946045,2.8304920196533203,0,0
7443,2.9688727855682373,2.7591381072998047,0,0
7444,3.4190945625305176,3.1993539333343506,1,1
7445,3.412829637527466,3.2345738410949707,1,1
7446,3.2223987579345703,3.021083354949951,0,0
7447,3.26942777633667,3.1372528076171875,0,0
7448,2.980907678604126,2.7634546756744385,0,0
7449,3.2774901390075684,2.9041476249694824,1,1
7450,3.152845859527588,2.8134260177612305,0,0
7451,3.264171838760376,2.9427707195281982,0,0
7452,3.408179521560669,3.148852586746216,1,1
7453,3.3766520023345947,2.956183910369873,1,1
7454,3.604405164718628,2.890198230743408,1,1
7455,3.4816558361053467,3.008108615875244,1,1
7456,3.5811264514923096,3.1125950813293457,1,1
7457,3.2578952312469482,2.976588726043701,0,0
7458,2.9840996265411377,2.943458080291748,0,0
7459,2.9546353816986084,2.6607282161712646,0,0
7460,3.409468412399292,3.1261205673217773,1,1
7461,2.534118413925171,2.2918410301208496,0,0
7462,3.4634957313537598,3.1760613918304443,1,1
7463,3.4448752403259277,3.052828311920166,1,1
7464,3.3930020332336426,3.178734302520752,1,1
7465,3.6703391075134277,3.191946506500244,1,1
7466,3.3530774116516113,2.944483995437622,1,1
7467,2.9647610187530518,2.8743462562561035,0,0
7468,3.362549304962158,3.2928590774536133,1,1
7469,3.472639560699463,3.171443223953247,1,1
7470,3.927064895629883,3.686272144317627,1,1
7471,3.4125113487243652,3.28963565826416,1,1
7472,3.595244884490967,3.141603469848633,1,1
7473,3.154149055480957,3.0148353576660156,0,0
7474,2.648050308227539,2.593219757080078,0,0
7475,3.2767937183380127,3.1747000217437744,1,1
7476,3.3674139976501465,3.273941993713379,1,1
7477,3.142313241958618,3.0782601833343506,0,0
7478,3.5120131969451904,3.262322425842285,1,1
7479,3.280566453933716,3.110464572906494,1,1
7480,3.2209115028381348,3.0505943298339844,0,0
7481,3.218684196472168,3.1421895027160645,0,0
7482,3.3348326683044434,2.9946155548095703,1,1
7483,3.2438693046569824,2.9227423667907715,0,0
7484,3.257128953933716,2.968891143798828,0,0
7485,3.1195755004882812,2.775625705718994,0,0
7486,3.202810764312744,2.9501700401306152,0,0
7487,3.041107416152954,2.8528666496276855,0,0
7488,3.074517250061035,2.979752779006958,0,0
7489,3.4780080318450928,3.396545886993408,1,1
7490,3.2831459045410156,3.3332886695861816,1,1
7491,3.5630922317504883,3.536740303039551,1,1
7492,3.840876579284668,3.4586451053619385,1,1
7493,3.4278290271759033,3.2340550422668457,1,1
7494,3.6157593727111816,3.4846036434173584,1,1
7495,3.5012524127960205,3.458625555038452,1,1
7496,3.4107491970062256,3.1602261066436768,1,1
7497,3.355036735534668,3.306889772415161,1,1
7498,3.423283338546753,3.3356289863586426,1,1
7499,3.6023640632629395,3.378528356552124,1,1
7500,3.5158090591430664,3.1825528144836426,1,1
7501,3.561098337173462,3.3380770683288574,1,1
7502,3.3766252994537354,3.180596113204956,1,1
7503,3.4204111099243164,3.2769908905029297,1,1
7504,3.237367868423462,3.2142512798309326,0,0
7505,2.7888150215148926,2.803225040435791,0,0
7506,2.963593006134033,2.8599815368652344,0,0
7507,2.82818865776062,2.6372644901275635,0,0
7508,2.9761998653411865,2.8468339443206787,0,0
7509,3.143908977508545,2.863877534866333,0,0
7510,3.172119379043579,2.9985218048095703,0,0
7511,3.2792181968688965,3.0466017723083496,1,1
7512,3.501508951187134,3.2836973667144775,1,1
7513,3.41442608833313,3.1873421669006348,1,1
7514,3.881847381591797,3.4372992515563965,1,1
7515,3.9428892135620117,3.4725828170776367,1,1
7516,3.6787946224212646,3.474503993988037,1,1
7517,3.076904058456421,2.8519091606140137,0,0
7518,3.2748148441314697,3.014906644821167,0,0
7519,3.1154518127441406,2.905611515045166,0,0
7520,3.395860433578491,3.0374364852905273,1,1
7521,3.766937494277954,3.2472729682922363,1,1
7522,3.3768181800842285,3.170884609222412,1,1
7523,3.2994956970214844,3.114236831665039,1,1
7524,3.5030863285064697,3.3783416748046875,1,1
7525,3.345194101333618,3.214688301086426,1,1
7526,3.3344204425811768,3.178379535675049,1,1
7527,3.6168346405029297,3.4504520893096924,1,1
7528,3.3897974491119385,3.0280814170837402,1,1
7529,3.271627187728882,3.0827198028564453,0,0
7530,3.5066888332366943,3.1880927085876465,1,1
7531,3.228264570236206,2.977138042449951,0,0
7532,3.595672130584717,3.2284557819366455,1,1
7533,3.770714044570923,3.4052388668060303,1,1
7534,3.642026424407959,3.4209189414978027,1,1
7535,3.8156166076660156,3.4548230171203613,1,1
7536,3.339536666870117,3.2704861164093018,1,1
7537,3.5558602809906006,3.1279444694519043,1,1
7538,3.052539348602295,2.9585609436035156,0,0
7539,3.697845935821533,3.447561264038086,1,1
7540,3.7352421283721924,3.459083080291748,1,1
7541,2.875012159347534,2.8830976486206055,0,0
7542,3.4543793201446533,3.3252477645874023,1,1
7543,3.1224067211151123,3.198474884033203,0,0
7544,3.1630077362060547,3.182501792907715,0,0
7545,3.3087656497955322,3.2911570072174072,0,0
7546,3.3033690452575684,3.267195224761963,0,0
7547,3.2535722255706787,3.083123207092285,0,0
7548,3.611872911453247,3.3744208812713623,1,1
7549,3.211979627609253,3.1236205101013184,0,0
7550,2.8659443855285645,2.893580436706543,0,0
7551,3.3174827098846436,3.167792797088623,1,1
7552,3.5109567642211914,3.2902321815490723,1,1
7553,3.2493855953216553,3.2588415145874023,0,0
7554,3.47084903717041,3.319256544113159,1,1
7555,3.6810126304626465,3.4623990058898926,1,1
7556,3.388906240463257,3.237495183944702,1,1
7557,3.600940227508545,3.306762218475342,1,1
7558,3.3256216049194336,3.233577251434326,0,0
7559,3.455026149749756,3.1779143810272217,1,1
7560,3.4070067405700684,3.2577786445617676,1,1
7561,3.4431588649749756,3.2853455543518066,1,1
7562,3.2346582412719727,3.063426971435547,0,0
7563,3.4396913051605225,2.9879701137542725,1,1
7564,3.2913401126861572,2.9560537338256836,0,0
7565,3.4862306118011475,2.941408395767212,1,1
7566,3.3079745769500732,3.166438102722168,0,0
7567,3.4605040550231934,3.0175490379333496,1,1
7568,3.421417474746704,3.129080057144165,1,1
7569,3.2427854537963867,2.760500431060791,0,0
7570,3.1250076293945312,2.675537347793579,0,0
7571,3.2625155448913574,2.9305267333984375,0,0
7572,3.234062910079956,2.8768367767333984,0,0
7573,3.372298240661621,2.741690158843994,1,1
7574,3.5788660049438477,3.145014762878418,1,1
7575,3.2650983333587646,2.942352294921875,0,0
7576,3.4340832233428955,3.0270657539367676,1,1
7577,3.3322935104370117,3.0489959716796875,0,0
7578,3.433894634246826,3.2069363594055176,1,1
7579,2.9454829692840576,2.801940441131592,0,0
7580,2.775043487548828,2.7219624519348145,0,0
7581,3.196906328201294,2.7751266956329346,0,0
7582,3.0276706218719482,2.7979390621185303,0,0
7583,3.337006092071533,3.1399688720703125,1,1
7584,3.0079171657562256,2.8186216354370117,0,0
7585,2.7669498920440674,2.6287450790405273,0,0
7586,2.9791479110717773,2.6706130504608154,0,0
7587,3.0980794429779053,2.860102891921997,0,0
7588,3.0903215408325195,2.864790201187134,0,0
7589,3.0566792488098145,2.955707550048828,0,0
7590,3.4745659828186035,3.1186416149139404,1,1
7591,3.3185267448425293,3.165299654006958,0,0
7592,3.406512975692749,3.153789520263672,1,1
7593,3.5078773498535156,3.3802685737609863,1,1
7594,3.265669107437134,3.1941752433776855,0,0
7595,3.438596487045288,3.220909833908081,1,1
7596,3.592214584350586,3.3258509635925293,1,1
7597,3.239966869354248,3.274477005004883,0,0
7598,3.67183256149292,3.5955536365509033,1,1
7599,3.4306602478027344,3.3836076259613037,1,1
7600,3.4820501804351807,3.265265464782715,1,1
7601,3.528073787689209,3.3528003692626953,1,1
7602,3.444309949874878,3.303759813308716,1,1
7603,3.520632266998291,3.363072156906128,1,1
7604,3.396318197250366,3.3540093898773193,1,1
7605,3.267685651779175,3.2347664833068848,0,0
7606,3.2106404304504395,3.0926625728607178,0,0
7607,3.3674776554107666,3.4463047981262207,1,1
7608,3.4541175365448,3.3038158416748047,1,1
7609,3.1364049911499023,2.9719438552856445,0,0
7610,3.4145054817199707,3.3531317710876465,1,1
7611,3.5962867736816406,3.377347469329834,1,1
7612,3.721811056137085,3.3379251956939697,1,1
7613,3.5524134635925293,3.3108932971954346,1,1
7614,3.517101287841797,3.294158458709717,1,1
7615,3.338271379470825,3.244516372680664,1,1
7616,2.921081304550171,2.7743215560913086,0,0
7617,2.6148173809051514,2.7121481895446777,0,0
7618,3.1614744663238525,3.017198085784912,0,0
7619,3.452970266342163,3.251699924468994,1,1
7620,3.2025539875030518,3.0705251693725586,0,0
7621,3.2636208534240723,3.135972499847412,0,0
7622,3.066150665283203,2.8969945907592773,0,0
7623,3.3042616844177246,3.055450916290283,0,0
7624,3.496990919113159,3.3321709632873535,1,1
7625,3.292112350463867,3.096632957458496,0,0
7626,3.3307368755340576,3.3265738487243652,0,0
7627,3.2426304817199707,3.0278372764587402,0,0
7628,3.0917890071868896,3.056694984436035,0,0
7629,3.069824695587158,3.119791030883789,0,0
7630,3.2003610134124756,3.039064884185791,0,0
7631,3.308367967605591,3.045889139175415,0,0
7632,3.3034543991088867,3.2226099967956543,0,0
7633,3.6446914672851562,3.3713202476501465,1,1
7634,3.4426119327545166,3.184504985809326,1,1
7635,3.0873701572418213,3.0525383949279785,0,0
7636,2.886441230773926,2.886890411376953,0,0
7637,3.26870059967041,3.182701349258423,0,0
7638,3.566199779510498,3.270721912384033,1,1
7639,2.7354001998901367,2.809009075164795,0,0
7640,2.9903249740600586,2.8819808959960938,0,0
7641,3.43247389793396,3.115635395050049,1,1
7642,3.657614231109619,3.553605794906616,1,1
7643,3.6540613174438477,3.4183807373046875,1,1
7644,3.4744770526885986,3.281402587890625,1,1
7645,3.5564584732055664,3.348353147506714,1,1
7646,3.8355300426483154,3.5744733810424805,1,1
7647,2.8416457176208496,2.8557863235473633,0,0
7648,2.7345941066741943,2.624171733856201,0,0
7649,3.004913568496704,2.7752060890197754,0,0
7650,2.9408702850341797,2.897104263305664,0,0
7651,2.730106830596924,2.635127067565918,0,0
7652,3.0956661701202393,2.6459269523620605,0,0
7653,3.4972145557403564,3.1116554737091064,1,1
7654,3.4544837474823,2.956246852874756,1,1
7655,3.4056220054626465,3.026064395904541,1,1
7656,2.8007800579071045,2.6037821769714355,0,0
7657,3.133275270462036,2.851350784301758,0,0
7658,3.289783477783203,2.8172149658203125,0,0
7659,3.588937997817993,3.128031015396118,1,1
7660,3.4048502445220947,3.0011959075927734,1,1
7661,3.2516677379608154,2.9728639125823975,0,0
7662,3.5091052055358887,2.931658983230591,1,1
7663,3.385854721069336,2.80914568901062,1,1
7664,3.537175416946411,3.151799201965332,1,1
7665,3.4995405673980713,3.102823257446289,1,1
7666,3.226522207260132,3.2161293029785156,0,0
7667,3.329594850540161,3.0574028491973877,0,0
7668,3.507394552230835,3.121406078338623,1,1
7669,3.6268041133880615,3.273822784423828,1,1
7670,3.365234375,3.185865640640259,1,1
7671,3.618173122406006,3.188734531402588,1,1
7672,3.6251392364501953,3.1082630157470703,1,1
7673,3.157417058944702,3.1089329719543457,0,0
7674,3.5339550971984863,3.2390267848968506,1,1
7675,3.1789543628692627,3.0568363666534424,0,0
7676,3.269481658935547,3.0691752433776855,0,0
7677,3.4360830783843994,3.31561541557312,1,1
7678,2.9469611644744873,3.069011688232422,0,0
7679,3.285203218460083,3.1034460067749023,0,0
7680,3.535705089569092,3.312955379486084,1,1
7681,3.479896068572998,3.3453760147094727,1,1
7682,3.415069818496704,3.292480707168579,1,1
7683,3.175715923309326,3.163107395172119,0,0
7684,3.511092185974121,3.452523708343506,1,1
7685,3.4076614379882812,3.201563596725464,1,1
7686,3.1609644889831543,3.2636682987213135,0,0
7687,3.310737133026123,3.3509976863861084,0,0
7688,3.1109817028045654,3.1284735202789307,0,0
7689,3.6515398025512695,3.5659236907958984,1,1
7690,3.4687798023223877,3.3422579765319824,1,1
7691,3.8094863891601562,3.5833992958068848,1,1
7692,3.6366043090820312,3.5989205837249756,1,1
7693,3.661137580871582,3.3243982791900635,1,1
7694,3.707343101501465,3.433950424194336,1,1
7695,2.7650322914123535,2.986539840698242,0,0
7696,3.121277093887329,3.1075549125671387,0,0
7697,3.3883423805236816,3.2423930168151855,1,1
7698,3.1871278285980225,3.0720512866973877,0,0
7699,3.32413911819458,3.2002551555633545,0,0
7700,3.1077847480773926,3.0546555519104004,0,0
7701,3.1014397144317627,3.050743579864502,0,0
7702,2.816255569458008,3.0500946044921875,0,0
7703,2.9633736610412598,3.045708179473877,0,0
7704,3.6425187587738037,3.571000576019287,1,1
7705,3.2082951068878174,3.434171676635742,0,0
7706,3.5073626041412354,3.373356819152832,1,1
7707,3.0025508403778076,3.020892381668091,0,0
7708,3.477631092071533,3.265178918838501,1,1
7709,3.374025344848633,3.1783556938171387,1,1
7710,3.5993239879608154,3.4921388626098633,1,1
7711,3.5560851097106934,3.3340845108032227,1,1
7712,3.3262734413146973,3.116166591644287,0,0
7713,3.366732597351074,3.208686590194702,1,1
7714,3.1981348991394043,3.1523070335388184,0,0
7715,3.3267250061035156,3.3620052337646484,0,0
7716,3.3686206340789795,3.2339746952056885,1,1
7717,2.7972071170806885,2.905916690826416,0,0
7718,3.079246759414673,3.3484344482421875,0,0
7719,3.716402769088745,3.515929698944092,1,1
7720,3.153527021408081,3.1452088356018066,0,0
7721,3.589385986328125,3.3246407508850098,1,1
7722,3.2512545585632324,3.294259548187256,0,0
7723,3.071357488632202,3.0298197269439697,0,0
7724,3.5799107551574707,3.282979965209961,1,1
7725,3.4640047550201416,3.128549814224243,1,1
7726,3.3608341217041016,3.189626693725586,1,1
7727,3.369793176651001,3.097592353820801,1,1
7728,3.519984245300293,3.111679792404175,1,1
7729,3.3416013717651367,3.0777387619018555,1,1
7730,3.251295328140259,2.907060146331787,0,0
7731,2.864698648452759,2.4344048500061035,0,0
7732,3.249849557876587,2.8877296447753906,0,0
7733,3.50247859954834,3.232255458831787,1,1
7734,3.442694902420044,3.216970205307007,1,1
7735,3.826688289642334,3.327523708343506,1,1
7736,3.515272855758667,3.251445770263672,1,1
7737,3.1909427642822266,2.7810652256011963,0,0
7738,3.1870527267456055,2.9753646850585938,0,0
7739,3.521975517272949,3.1897995471954346,1,1
7740,3.451404333114624,3.1964399814605713,1,1
7741,3.414990186691284,3.0086026191711426,1,1
7742,3.2177088260650635,2.866396903991699,0,0
7743,3.461040496826172,3.103658676147461,1,1
7744,2.9549355506896973,2.9001998901367188,0,0
7745,3.2012076377868652,3.0263452529907227,0,0
7746,3.295841932296753,3.2455430030822754,0,0
7747,2.911113977432251,2.979665756225586,0,0
7748,3.1566972732543945,3.0960469245910645,0,0
7749,3.250171422958374,3.1397619247436523,0,0
7750,3.1647863388061523,3.1011266708374023,0,0
7751,3.248073101043701,3.324270725250244,0,0
7752,3.244615077972412,3.0776524543762207,0,0
7753,3.2948338985443115,3.0224215984344482,0,0
7754,3.330068826675415,3.0580878257751465,0,0
7755,3.04183292388916,3.063480854034424,0,0
7756,2.759277105331421,2.7972426414489746,0,0
7757,3.1101112365722656,3.0178098678588867,0,0
7758,3.074254274368286,2.929959297180176,0,0
7759,3.3592538833618164,2.889146327972412,1,1
7760,2.461587429046631,2.470059871673584,0,0
7761,3.0011281967163086,2.808750629425049,0,0
7762,3.157304525375366,2.892773151397705,0,0
7763,3.052638053894043,2.8350987434387207,0,0
7764,3.312359094619751,2.961405038833618,0,0
7765,3.2818171977996826,3.026458501815796,0,0
7766,3.1669414043426514,3.0329957008361816,0,0
7767,3.0581936836242676,2.9537668228149414,0,0
7768,2.903841257095337,2.756131649017334,0,0
7769,3.428151845932007,3.055971384048462,1,1
7770,3.1842846870422363,3.1320769786834717,0,0
7771,3.1420817375183105,2.919426679611206,0,0
7772,3.427755117416382,3.175416946411133,1,1
7773,3.014793872833252,2.9598581790924072,0,0
7774,3.188436508178711,3.249185562133789,0,0
7775,3.0170040130615234,3.111219644546509,0,0
7776,3.0860612392425537,2.9810070991516113,0,0
7777,3.391921043395996,3.278691291809082,1,1
7778,2.9069600105285645,2.8518295288085938,0,0
7779,2.830035924911499,2.8605475425720215,0,0
7780,3.0577521324157715,3.1005265712738037,0,0
7781,3.4317500591278076,3.203113317489624,1,1
7782,3.2285704612731934,2.964769124984741,0,0
7783,2.9649362564086914,2.8278703689575195,0,0
7784,3.2281179428100586,2.9443819522857666,0,0
7785,3.3974900245666504,3.011384963989258,1,1
7786,3.470698356628418,3.1619820594787598,1,1
7787,2.764927625656128,2.8419337272644043,0,0
7788,3.210371255874634,3.1511073112487793,0,0
7789,3.1897213459014893,3.179272174835205,0,0
7790,3.2435147762298584,3.0693113803863525,0,0
7791,2.9708921909332275,2.875375747680664,0,0
7792,3.0152344703674316,2.9555046558380127,0,0
7793,3.303624153137207,3.210843324661255,1,1
7794,3.2667713165283203,3.0678963661193848,0,0
7795,3.432356834411621,3.4187283515930176,1,1
7796,3.3938815593719482,3.18310284614563,1,1
7797,3.075988292694092,3.043785572052002,0,0
7798,3.6618852615356445,3.3629298210144043,1,1
7799,3.2774226665496826,3.1906371116638184,0,0
7800,3.385751247406006,3.3397645950317383,1,1
7801,3.4830451011657715,3.3903238773345947,1,1
7802,3.3409698009490967,3.3063831329345703,1,1
7803,3.5708069801330566,3.345198631286621,1,1
7804,3.365961790084839,3.3000357151031494,1,1
7805,3.1614201068878174,2.5778238773345947,0,0
7806,3.3288519382476807,3.224666118621826,1,1
7807,3.0504865646362305,2.945286273956299,0,0
7808,3.124377727508545,3.0175740718841553,0,0
7809,2.99470591545105,3.0057058334350586,0,0
7810,2.761472225189209,2.764922857284546,0,0
7811,3.102114200592041,3.0558457374572754,0,0
7812,3.186777353286743,2.9337284564971924,0,0
7813,3.625924825668335,3.240365743637085,1,1
7814,3.6206157207489014,3.3247618675231934,1,1
7815,3.9239072799682617,3.3472347259521484,1,1
7816,3.9137158393859863,3.522095203399658,1,1
7817,3.160639762878418,3.0483720302581787,0,0
7818,3.427483320236206,3.169013261795044,1,1
7819,3.8199331760406494,3.482661724090576,1,1
7820,3.772703170776367,3.411770820617676,1,1
7821,3.6444156169891357,3.51029109954834,1,1
7822,3.390584707260132,3.1862049102783203,1,1
7823,3.586029529571533,3.422100067138672,1,1
7824,3.7133162021636963,3.4796576499938965,1,1
7825,3.2329063415527344,3.2117605209350586,0,0
7826,3.4859817028045654,3.264340877532959,1,1
7827,3.5155985355377197,3.1854512691497803,1,1
7828,3.4104206562042236,3.20346736907959,1,1
7829,3.2418384552001953,3.048994779586792,0,0
7830,3.1682844161987305,3.000246047973633,0,0
7831,2.9588816165924072,2.894460678100586,0,0
7832,3.304861307144165,3.1105282306671143,1,1
7833,3.268162727355957,3.1226797103881836,0,0
7834,3.2757174968719482,3.109088897705078,0,0
7835,3.086577892303467,2.959360361099243,0,0
7836,3.4767990112304688,3.124985694885254,1,1
7837,3.237555503845215,3.190518856048584,0,0
7838,3.2020416259765625,2.996577262878418,0,0
7839,3.0846707820892334,2.9165854454040527,0,0
7840,3.415865659713745,3.054486036300659,1,1
7841,3.1212551593780518,2.987675189971924,0,0
7842,3.476879835128784,3.2768914699554443,1,1
7843,3.302062511444092,3.2062602043151855,1,1
7844,3.154813051223755,2.9084696769714355,0,0
7845,3.4573071002960205,2.8333120346069336,1,1
7846,3.2829325199127197,3.0506954193115234,0,0
7847,3.4902613162994385,3.2201943397521973,1,1
7848,3.3317806720733643,3.2102532386779785,1,1
7849,3.278947114944458,3.0057644844055176,0,0
7850,3.6054484844207764,3.1922574043273926,1,1
7851,3.5425000190734863,3.293905019760132,1,1
7852,3.3777642250061035,3.2721598148345947,1,1
7853,3.485126256942749,3.192075490951538,1,1
7854,3.987746238708496,3.4152159690856934,1,1
7855,3.2723748683929443,3.179476737976074,0,0
7856,3.6213676929473877,3.2942049503326416,1,1
7857,3.474569082260132,3.3151209354400635,1,1
7858,3.3769421577453613,3.1221461296081543,1,1
7859,3.544909715652466,3.2834205627441406,1,1
7860,3.542783737182617,3.2270970344543457,1,1
7861,2.944000482559204,2.963960886001587,0,0
7862,3.2326066493988037,3.1432042121887207,0,0
7863,3.2544562816619873,3.0702438354492188,0,0
7864,3.693249464035034,3.265913963317871,1,1
7865,3.440369129180908,3.1649065017700195,1,1
7866,3.242002248764038,3.0944886207580566,0,0
7867,3.5645625591278076,3.498978614807129,1,1
7868,3.3499014377593994,3.2258036136627197,1,1
7869,3.2200088500976562,3.0540027618408203,0,0
7870,3.5716800689697266,3.379302978515625,1,1
7871,2.9606363773345947,2.901212692260742,0,0
7872,3.5917372703552246,3.371593952178955,1,1
7873,3.7301628589630127,3.376039505004883,1,1
7874,3.3906476497650146,3.201603412628174,1,1
7875,3.1491942405700684,3.0521678924560547,0,0
7876,3.080432653427124,3.083289384841919,0,0
7877,3.431750535964966,3.3588709831237793,1,1
7878,3.7069168090820312,3.4399657249450684,1,1
7879,2.9426357746124268,2.965930938720703,0,0
7880,3.191899299621582,3.110623836517334,0,0
7881,3.606740713119507,3.369007110595703,1,1
7882,3.5710766315460205,3.344662666320801,1,1
7883,3.5665295124053955,3.2163872718811035,1,1
7884,3.7373366355895996,3.2476859092712402,1,1
7885,3.1796000003814697,2.8364028930664062,0,0
7886,2.9293220043182373,2.705573081970215,0,0
7887,3.1998252868652344,2.7755966186523438,0,0
7888,3.044703960418701,2.7475390434265137,0,0
7889,3.0274124145507812,2.7213096618652344,0,0
7890,3.0707154273986816,2.6036925315856934,0,0
7891,3.0734405517578125,2.741872549057007,0,0
7892,3.1990976333618164,2.6296427249908447,0,0
7893,3.188293218612671,2.6749379634857178,0,0
7894,2.9512903690338135,2.7050979137420654,0,0
7895,3.0306670665740967,2.6633667945861816,0,0
7896,3.132512092590332,2.7822694778442383,0,0
7897,3.1556153297424316,2.977932929992676,0,0
7898,3.697636604309082,3.1252171993255615,1,1
7899,3.385009765625,3.273045063018799,1,1
7900,2.9651293754577637,2.817631244659424,0,0
7901,3.682811975479126,3.4436874389648438,1,1
7902,3.472336530685425,3.2170445919036865,1,1
7903,3.833101749420166,3.542645215988159,1,1
7904,3.8181979656219482,3.535227060317993,1,1
7905,3.739556074142456,3.426929473876953,1,1
7906,3.6838159561157227,3.5106563568115234,1,1
7907,3.4706456661224365,3.339311122894287,1,1
7908,3.54940128326416,3.431649684906006,1,1
7909,3.5037825107574463,3.2857844829559326,1,1
7910,3.2674269676208496,3.1046814918518066,0,0
7911,3.169851779937744,3.0764224529266357,0,0
7912,3.4601802825927734,3.335116386413574,1,1
7913,3.439497709274292,3.246119976043701,1,1
7914,3.7373318672180176,3.4961419105529785,1,1
7915,3.6985130310058594,3.4354844093322754,1,1
7916,3.5429458618164062,3.313281536102295,1,1
7917,3.9181313514709473,3.3567190170288086,1,1
7918,3.7653868198394775,3.4250268936157227,1,1
7919,3.5610873699188232,3.221975326538086,1,1
7920,3.3516595363616943,3.189107656478882,1,1
7921,3.5507705211639404,3.363483428955078,1,1
7922,3.8858113288879395,3.5428037643432617,1,1
7923,4.047299861907959,3.57889461517334,1,1
7924,3.2567436695098877,2.945949077606201,0,0
7925,3.128453493118286,3.0180554389953613,0,0
7926,3.1994824409484863,3.0527477264404297,0,0
7927,3.2959160804748535,3.3637475967407227,1,1
7928,3.3473339080810547,3.2707266807556152,1,1
7929,3.177651882171631,3.0175442695617676,0,0
7930,3.7770211696624756,3.486283779144287,1,1
7931,3.644399881362915,3.3126282691955566,1,1
7932,3.095384359359741,2.96244478225708,0,0
7933,3.3510446548461914,3.252096176147461,1,1
7934,2.477369546890259,2.541273832321167,0,0
7935,2.8667778968811035,2.8620529174804688,0,0
7936,3.077147960662842,3.024691343307495,0,0
7937,3.0895907878875732,2.958203077316284,0,0
7938,2.8261306285858154,2.880974531173706,0,0
7939,3.30431866645813,3.0429248809814453,1,1
7940,3.5828065872192383,3.2412266731262207,1,1
7941,3.488436460494995,3.158057689666748,1,1
7942,3.6784842014312744,3.449495315551758,1,1
7943,3.4311165809631348,3.1645216941833496,1,1
7944,3.4929888248443604,3.0716395378112793,1,1
7945,3.165151357650757,3.01316499710083,0,0
7946,3.7216296195983887,3.2302629947662354,1,1
7947,3.6006155014038086,3.1452362537384033,1,1
7948,3.0233914852142334,3.1166489124298096,0,0
7949,3.614149808883667,3.1990160942077637,1,1
7950,3.433624029159546,3.23237681388855,1,1
7951,3.2809805870056152,3.3408379554748535,0,0
7952,3.3515522480010986,3.2100539207458496,1,1
7953,3.466686725616455,3.3702797889709473,1,1
7954,3.3049187660217285,3.1457228660583496,0,0
7955,3.4431464672088623,3.227651596069336,1,1
7956,3.2004220485687256,3.2543835639953613,0,0
7957,3.2376644611358643,3.1348438262939453,0,0
7958,3.294555187225342,3.1823010444641113,0,0
7959,3.263852596282959,3.134168863296509,0,0
7960,3.0390779972076416,2.955199956893921,0,0
7961,3.3121540546417236,3.229884624481201,1,1
7962,3.468687057495117,3.057779312133789,1,1
7963,3.13387131690979,3.156093120574951,0,0
7964,3.136809825897217,3.007272720336914,0,0
7965,3.3709664344787598,3.158437728881836,1,1
7966,3.3246850967407227,3.3121910095214844,1,1
7967,3.306384325027466,3.199164867401123,0,0
7968,3.547268867492676,3.3866820335388184,1,1
7969,3.3364055156707764,3.051056385040283,1,1
7970,3.112422466278076,2.9723143577575684,0,0
7971,3.1126620769500732,3.1399221420288086,0,0
7972,3.5126335620880127,3.3185245990753174,1,1
7973,3.3934128284454346,3.3482840061187744,1,1
7974,3.4032766819000244,3.3565571308135986,1,1
7975,3.5975115299224854,3.459052085876465,1,1
7976,3.308755874633789,3.297280788421631,0,0
7977,3.3806872367858887,3.3888297080993652,1,1
7978,3.46452260017395,3.321950912475586,1,1
7979,3.3985166549682617,3.2723422050476074,1,1
7980,3.1128079891204834,3.0845067501068115,0,0
7981,3.510745048522949,3.272947072982788,1,1
7982,3.1942310333251953,3.092787742614746,0,0
7983,2.978738784790039,2.9498629570007324,0,0
7984,3.3896238803863525,3.2705464363098145,1,1
7985,3.0558664798736572,2.9929304122924805,0,0
7986,2.9651060104370117,3.1621909141540527,0,0
7987,3.623478889465332,3.3914263248443604,1,1
7988,3.2248077392578125,3.0726773738861084,0,0
7989,2.9597465991973877,2.862171173095703,0,0
7990,3.1819076538085938,3.0515871047973633,0,0
7991,3.338151454925537,3.1335501670837402,0,0
7992,3.2153427600860596,2.8700106143951416,0,0
7993,3.490064859390259,3.215132474899292,1,1
7994,3.241910457611084,3.03344464302063,0,0
7995,3.3522467613220215,3.1564130783081055,1,1
7996,3.354616403579712,2.9683823585510254,1,1
7997,3.3107879161834717,2.9549484252929688,0,0
7998,3.718461513519287,3.4053874015808105,1,1
7999,3.432258129119873,3.1045656204223633,1,1
8000,3.452625274658203,3.28507924079895,1,1
8001,3.4028823375701904,3.2765350341796875,1,1
8002,3.2679877281188965,3.1392345428466797,0,0
8003,3.4893529415130615,3.1945230960845947,1,1
8004,3.346982479095459,3.1875662803649902,0,0
8005,3.2714900970458984,3.2408876419067383,0,0
8006,3.463801860809326,3.1535465717315674,1,1
8007,3.3749492168426514,3.06691837310791,1,1
8008,3.4299304485321045,3.065708637237549,1,1
8009,3.5385019779205322,3.283458709716797,1,1
8010,3.4284191131591797,3.1030080318450928,1,1
8011,3.2135777473449707,3.010638475418091,0,0
8012,3.311702251434326,3.132075309753418,0,0
8013,3.3730039596557617,3.3459389209747314,1,1
8014,3.2512598037719727,3.1963915824890137,0,0
8015,3.2535393238067627,3.1279749870300293,0,0
8016,3.335683822631836,3.2321276664733887,0,0
8017,3.703587293624878,3.4795451164245605,1,1
8018,3.365257978439331,3.154918909072876,1,1
8019,3.2014927864074707,3.0764076709747314,0,0
8020,3.815000057220459,3.489881992340088,1,1
8021,3.2995474338531494,3.1176233291625977,0,0
8022,3.709336996078491,3.4070987701416016,1,1
8023,2.7253737449645996,2.963325023651123,0,0
8024,3.055633783340454,3.0868024826049805,0,0
8025,3.2470879554748535,3.1937143802642822,0,0
8026,3.468810558319092,3.157001495361328,1,1
8027,3.5271127223968506,3.5022132396698,1,1
8028,3.3715240955352783,3.356189250946045,1,1
8029,3.4809439182281494,3.380052089691162,1,1
8030,3.0283308029174805,3.0479254722595215,0,0
8031,3.158653736114502,3.14872407913208,0,0
8032,3.639234781265259,3.294107437133789,1,1
8033,3.2904462814331055,3.229656934738159,0,0
8034,3.384044885635376,3.281259536743164,1,1
8035,3.2608134746551514,3.2805747985839844,0,0
8036,3.6216278076171875,3.4308743476867676,1,1
8037,3.731837034225464,3.6271581649780273,1,1
8038,3.490386962890625,3.4654722213745117,1,1
8039,3.0901331901550293,3.093343496322632,0,0
8040,2.877892017364502,2.873253345489502,0,0
8041,3.0902318954467773,3.011441230773926,0,0
8042,2.793851137161255,2.753012180328369,0,0
8043,3.1124777793884277,3.110246181488037,0,0
8044,2.969346761703491,3.0239291191101074,0,0
8045,2.8167495727539062,2.9487051963806152,0,0
8046,3.0922396183013916,3.144073486328125,0,0
8047,2.694171905517578,2.738908290863037,0,0
8048,3.064929246902466,3.091489791870117,0,0
8049,3.1933634281158447,3.1022610664367676,0,0
8050,3.25716495513916,3.196772575378418,0,0
8051,3.288914442062378,3.1961474418640137,0,0
8052,2.9978582859039307,2.8206191062927246,0,0
8053,3.3305604457855225,3.3534188270568848,0,0
8054,3.056384563446045,3.118152618408203,0,0
8055,3.4043996334075928,3.1946868896484375,1,1
8056,3.3949904441833496,3.258209228515625,1,1
8057,3.3211750984191895,3.1921305656433105,0,0
8058,3.3766403198242188,3.4153096675872803,1,1
8059,3.390150308609009,3.2959189414978027,1,1
8060,3.4036576747894287,3.3089325428009033,1,1
8061,3.046713352203369,2.9243128299713135,0,0
8062,3.3493285179138184,3.3215603828430176,1,1
8063,3.508692741394043,3.238236665725708,1,1
8064,3.556769609451294,3.180135726928711,1,1
8065,3.376859188079834,3.148399829864502,1,1
8066,3.682199001312256,3.4684643745422363,1,1
8067,4.018664360046387,3.79360032081604,1,1
8068,3.989194393157959,3.554823160171509,1,1
8069,4.115933895111084,3.5950264930725098,1,1
8070,3.969358205795288,3.565913677215576,1,1
8071,3.731483221054077,3.4386913776397705,1,1
8072,3.442636251449585,3.1404833793640137,1,1
8073,2.8220508098602295,2.7356622219085693,0,0
8074,3.1795098781585693,2.8306126594543457,0,0
8075,3.145659923553467,2.91658091545105,0,0
8076,3.1668636798858643,2.82037353515625,0,0
8077,2.8971762657165527,2.743614673614502,0,0
8078,3.1024296283721924,2.808624744415283,0,0
8079,3.044326066970825,2.901380777359009,0,0
8080,2.7129123210906982,2.61531925201416,0,0
8081,2.6880669593811035,2.5527594089508057,0,0
8082,2.9423866271972656,2.6930747032165527,0,0
8083,2.934767007827759,2.784832000732422,0,0
8084,2.301572799682617,2.2747979164123535,0,0
8085,3.0479795932769775,2.8247532844543457,0,0
8086,3.5896594524383545,3.2832441329956055,1,1
8087,3.4137918949127197,3.1940596103668213,1,1
8088,3.6395986080169678,3.232728958129883,1,1
8089,3.351076602935791,3.1548399925231934,1,1
8090,3.1988108158111572,3.0181846618652344,0,0
8091,3.4138119220733643,3.1190848350524902,1,1
8092,3.2775213718414307,2.9120798110961914,0,0
8093,3.421142339706421,3.343271017074585,1,1
8094,3.5723068714141846,3.386498212814331,1,1
8095,3.335109233856201,3.077779531478882,0,0
8096,3.3562841415405273,3.104038715362549,1,1
8097,2.730886220932007,2.6766252517700195,0,0
8098,3.2544333934783936,2.940613031387329,0,0
8099,3.198274850845337,2.9976892471313477,0,0
8100,3.7187256813049316,3.2276759147644043,1,1
8101,3.809607982635498,3.3973166942596436,1,1
8102,3.6408708095550537,3.0896458625793457,1,1
8103,3.5726420879364014,3.2301137447357178,1,1
8104,3.7738585472106934,3.3597359657287598,1,1
8105,3.4717190265655518,3.076590061187744,1,1
8106,3.1756362915039062,2.992994785308838,0,0
8107,3.131044626235962,3.098027229309082,0,0
8108,3.5298373699188232,3.313112735748291,1,1
8109,2.896348237991333,2.9544174671173096,0,0
8110,3.2125918865203857,3.208625316619873,0,0
8111,3.5925612449645996,3.4947190284729004,1,1
8112,3.522087335586548,3.3977556228637695,1,1
8113,3.5041685104370117,3.391047954559326,1,1
8114,3.1689693927764893,3.091503620147705,0,0
8115,2.3115177154541016,2.335829734802246,0,0
8116,2.91872239112854,2.737941265106201,0,0
8117,3.547111988067627,3.504450798034668,1,1
8118,3.118049383163452,3.015324354171753,0,0
8119,3.072953224182129,2.9126884937286377,0,0
8120,3.3744513988494873,3.009465217590332,1,1
8121,3.2044992446899414,3.0876524448394775,0,0
8122,3.4403772354125977,3.1927947998046875,1,1
8123,3.6518301963806152,3.41310453414917,1,1
8124,3.359982967376709,3.195136070251465,1,1
8125,3.565378427505493,3.3356833457946777,1,1
8126,3.503338575363159,3.3689682483673096,1,1
8127,3.5654778480529785,3.2373099327087402,1,1
8128,3.3592026233673096,3.214174747467041,1,1
8129,3.5659737586975098,3.42615008354187,1,1
8130,3.7229883670806885,3.5421576499938965,1,1
8131,3.340430736541748,3.168731689453125,0,0
8132,3.5926079750061035,3.3050146102905273,1,1
8133,3.217163324356079,3.1950831413269043,0,0
8134,3.4625661373138428,3.4201319217681885,1,1
8135,3.445559024810791,3.196416139602661,1,1
8136,3.389880418777466,3.283642053604126,1,1
8137,3.5586483478546143,3.5217182636260986,1,1
8138,3.168898105621338,3.1378438472747803,0,0
8139,3.092517375946045,2.941495895385742,0,0
8140,3.413867950439453,3.1995632648468018,1,1
8141,3.283655881881714,3.0560593605041504,0,0
8142,3.289578676223755,3.1511566638946533,0,0
8143,3.2471954822540283,3.120807647705078,0,0
8144,3.404860019683838,3.1887433528900146,1,1
8145,3.347393274307251,3.13375186920166,1,1
8146,3.4584240913391113,3.251373767852783,1,1
8147,3.240391969680786,3.1156585216522217,0,0
8148,3.853116512298584,3.4666643142700195,1,1
8149,3.5492336750030518,3.498246192932129,1,1
8150,3.382098913192749,3.3202719688415527,1,1
8151,3.464237928390503,3.2300171852111816,1,1
8152,3.189615488052368,3.1672091484069824,0,0
8153,3.8155767917633057,3.496028423309326,1,1
8154,3.289428949356079,3.307631492614746,0,0
8155,3.577683925628662,3.3502907752990723,1,1
8156,3.3140981197357178,3.253753662109375,0,0
8157,3.5467212200164795,3.3033549785614014,1,1
8158,3.2493820190429688,3.1469006538391113,0,0
8159,3.154127836227417,3.0483365058898926,0,0
8160,2.9449596405029297,2.9251842498779297,0,0
8161,2.9926717281341553,2.861720561981201,0,0
8162,2.957712411880493,2.878622531890869,0,0
8163,2.8758304119110107,2.8996505737304688,0,0
8164,3.0991129875183105,3.088986873626709,0,0
8165,3.1186599731445312,3.039886474609375,0,0
8166,3.1697938442230225,3.2155025005340576,0,0
8167,2.9685323238372803,2.922304630279541,0,0
8168,3.1161274909973145,3.007772207260132,0,0
8169,3.0432684421539307,3.0494675636291504,0,0
8170,3.0189812183380127,2.974543571472168,0,0
8171,3.0397279262542725,3.228644847869873,0,0
8172,3.093158006668091,3.1391663551330566,0,0
8173,3.270049810409546,3.1814095973968506,0,0
8174,3.0383217334747314,3.2123379707336426,0,0
8175,3.1734132766723633,3.144233226776123,0,0
8176,3.0047500133514404,2.8418993949890137,0,0
8177,2.348381996154785,2.2065420150756836,0,0
8178,2.4142298698425293,2.424823522567749,0,0
8179,2.864893674850464,2.6141433715820312,0,0
8180,3.2178924083709717,3.1646320819854736,0,0
8181,3.854846477508545,3.56046199798584,1,1
8182,3.6526777744293213,3.238882541656494,1,1
8183,3.6834497451782227,3.335221767425537,1,1
8184,3.7378811836242676,3.5392279624938965,1,1
8185,3.582751750946045,3.2558610439300537,1,1
8186,3.093942642211914,2.927837371826172,0,0
8187,3.27999210357666,2.920377254486084,0,0
8188,3.311286449432373,2.953498601913452,0,0
8189,3.050316572189331,2.823050022125244,0,0
8190,3.2870032787323,2.9318509101867676,0,0
8191,3.0665953159332275,2.8047237396240234,0,0
8192,3.0283310413360596,2.917221784591675,0,0
8193,3.37467360496521,3.006243944168091,1,1
8194,3.3486874103546143,2.9985480308532715,1,1
8195,3.2157444953918457,2.990020275115967,0,0
8196,3.189504623413086,3.0448036193847656,0,0
8197,3.250762462615967,3.142063617706299,0,0
8198,3.8094797134399414,3.323558807373047,1,1
8199,3.6986005306243896,3.155773162841797,1,1
8200,3.391904830932617,3.2269070148468018,1,1
8201,3.65659499168396,3.257192611694336,1,1
8202,3.38392972946167,3.2194342613220215,1,1
8203,3.4565560817718506,3.283407211303711,1,1
8204,3.2455601692199707,3.1222286224365234,0,0
8205,3.338954210281372,3.2119665145874023,1,1
8206,3.1614012718200684,3.0348262786865234,0,0
8207,3.3948121070861816,3.343895196914673,1,1
8208,3.456439971923828,3.173482894897461,1,1
8209,3.565040111541748,3.4281904697418213,1,1
8210,3.723318099975586,3.5443992614746094,1,1
8211,3.2163329124450684,3.0955002307891846,0,0
8212,2.6614816188812256,2.761204242706299,0,0
8213,3.2768611907958984,3.2720468044281006,0,0
8214,3.4102940559387207,3.3083810806274414,1,1
8215,3.170436143875122,3.015073776245117,0,0
8216,3.172746419906616,3.1723713874816895,0,0
8217,2.914708137512207,2.9243593215942383,0,0
8218,3.2219035625457764,3.1360745429992676,0,0
8219,3.234325885772705,3.0413336753845215,0,0
8220,3.3166275024414062,3.1610798835754395,1,1
8221,3.3539249897003174,3.199385166168213,1,1
8222,3.1571810245513916,3.036379098892212,0,0
8223,3.5120410919189453,3.1953296661376953,1,1
8224,3.126896858215332,2.953706741333008,0,0
8225,3.30765438079834,3.238093852996826,1,1
8226,3.024218797683716,2.9736368656158447,0,0
8227,3.125800609588623,3.105557680130005,0,0
8228,3.383993625640869,3.3552470207214355,1,1
8229,3.6008141040802,3.1322741508483887,1,1
8230,3.981675624847412,3.5739784240722656,1,1
8231,4.365353107452393,3.7042434215545654,1,1
8232,3.1717891693115234,2.9281387329101562,0,0
8233,3.58573579788208,3.323421001434326,1,1
8234,3.0869078636169434,2.8083648681640625,0,0
8235,3.3686816692352295,3.190830707550049,1,1
8236,3.0138118267059326,2.9871132373809814,0,0
8237,2.8075172901153564,2.838430881500244,0,0
8238,2.8153083324432373,2.7162909507751465,0,0
8239,3.1615710258483887,2.766653060913086,0,0
8240,2.6882872581481934,2.6311700344085693,0,0
8241,3.2404487133026123,3.0354535579681396,0,0
8242,3.4403088092803955,3.293138027191162,1,1
8243,2.9038381576538086,2.698967933654785,0,0
8244,3.462409734725952,3.2229597568511963,1,1
8245,3.3538873195648193,3.0743770599365234,1,1
8246,2.755861759185791,2.551814556121826,0,0
8247,2.750863552093506,2.6608853340148926,0,0
8248,3.1127426624298096,2.8867716789245605,0,0
8249,3.6527223587036133,3.206650733947754,1,1
8250,3.3264565467834473,3.0223474502563477,1,1
8251,3.4838292598724365,3.0936996936798096,1,1
8252,3.4087576866149902,3.0242714881896973,1,1
8253,3.113284111022949,2.77825927734375,0,0
8254,3.4207067489624023,3.0169572830200195,1,1
8255,3.01706600189209,2.793579578399658,0,0
8256,3.2468013763427734,2.8919942378997803,0,0
8257,3.553675651550293,3.174607276916504,1,1
8258,3.208209276199341,2.8855957984924316,0,0
8259,3.3310890197753906,3.091163158416748,1,1
8260,3.042379140853882,2.9748713970184326,0,0
8261,3.315777540206909,3.144551992416382,1,1
8262,3.462094306945801,3.1991827487945557,1,1
8263,3.273897409439087,3.14724063873291,0,0
8264,3.4438962936401367,3.3199973106384277,1,1
8265,3.6906912326812744,3.439948081970215,1,1
8266,3.464770555496216,3.2483506202697754,1,1
8267,3.6676125526428223,3.401989698410034,1,1
8268,3.600001096725464,3.462871551513672,1,1
8269,3.4326744079589844,3.1738104820251465,1,1
8270,3.594604253768921,3.2129383087158203,1,1
8271,3.250859498977661,2.9602344036102295,0,0
8272,3.341648578643799,2.982051372528076,1,1
8273,3.266883134841919,3.073669910430908,0,0
8274,3.4558322429656982,3.089327812194824,1,1
8275,2.8449037075042725,2.654374122619629,0,0
8276,2.8924367427825928,2.9214792251586914,0,0
8277,3.535691261291504,3.2105793952941895,1,1
8278,3.3528926372528076,2.9862561225891113,1,1
8279,3.3086764812469482,3.282745838165283,0,0
8280,3.3567256927490234,3.1704037189483643,1,1
8281,3.120002269744873,2.842921018600464,0,0
8282,3.2128663063049316,3.025477409362793,0,0
8283,3.259322166442871,3.084306478500366,0,0
8284,3.31382417678833,3.0925345420837402,1,1
8285,2.8372087478637695,2.9176201820373535,0,0
8286,3.1459062099456787,3.0777196884155273,0,0
8287,3.547889471054077,3.1098318099975586,1,1
8288,3.51845121383667,3.318786144256592,1,1
8289,2.8177895545959473,2.7114498615264893,0,0
8290,3.2207069396972656,3.0393519401550293,0,0
8291,3.341005563735962,3.145369529724121,1,1
8292,3.1771624088287354,3.185182809829712,0,0
8293,3.419052839279175,3.2696709632873535,1,1
8294,3.2237026691436768,3.245087146759033,0,0
8295,3.281367301940918,3.211838483810425,0,0
8296,3.487124443054199,3.4825439453125,1,1
8297,3.8498218059539795,3.617659568786621,1,1
8298,3.4744958877563477,3.4009947776794434,1,1
8299,3.5113916397094727,3.4002208709716797,1,1
8300,3.446059226989746,3.3079094886779785,1,1
8301,3.484926700592041,3.3654637336730957,1,1
8302,3.197138786315918,3.342601776123047,0,0
8303,3.378995656967163,3.4179186820983887,1,1
8304,3.326563596725464,3.092097282409668,1,1
8305,3.070612668991089,2.9517722129821777,0,0
8306,3.4674072265625,3.369933605194092,1,1
8307,3.2692313194274902,3.295473337173462,0,0
8308,3.446802854537964,3.187821388244629,1,1
8309,3.550734758377075,3.416260242462158,1,1
8310,3.7437844276428223,3.4262585639953613,1,1
8311,3.962855577468872,3.5904314517974854,1,1
8312,3.5222890377044678,3.2280561923980713,1,1
8313,3.733891487121582,3.2719569206237793,1,1
8314,3.954838991165161,3.4074535369873047,1,1
8315,3.2500274181365967,3.0163917541503906,0,0
8316,3.137648344039917,2.9059672355651855,0,0
8317,3.1114742755889893,2.9504570960998535,0,0
8318,3.3730835914611816,3.091627597808838,1,1
8319,3.3246142864227295,2.8229923248291016,1,1
8320,3.022684097290039,2.824172019958496,0,0
8321,3.2338762283325195,3.0025038719177246,0,0
8322,3.204399824142456,2.9765357971191406,0,0
8323,2.709031820297241,2.7795071601867676,0,0
8324,3.369835376739502,3.1880130767822266,1,1
8325,3.3800203800201416,3.215813159942627,1,1
8326,3.4432497024536133,3.2611896991729736,1,1
8327,3.4397902488708496,3.3694820404052734,1,1
8328,3.4209916591644287,3.2653937339782715,1,1
8329,3.2244999408721924,3.1085784435272217,0,0
8330,3.382800817489624,3.224778652191162,1,1
8331,3.61311674118042,3.2940244674682617,1,1
8332,3.3953511714935303,3.3635690212249756,1,1
8333,3.5992887020111084,3.3253517150878906,1,1
8334,3.522724151611328,3.3711256980895996,1,1
8335,3.3195972442626953,3.124903440475464,1,1
8336,3.7226650714874268,3.5142977237701416,1,1
8337,3.454523801803589,3.2694449424743652,1,1
8338,3.714433431625366,3.516623020172119,1,1
8339,3.6435184478759766,3.3970251083374023,1,1
8340,3.754694938659668,3.563873052597046,1,1
8341,3.5774967670440674,3.5265913009643555,1,1
8342,3.6120007038116455,3.2877395153045654,1,1
8343,3.07493257522583,3.0465476512908936,0,0
8344,3.5131986141204834,3.302562713623047,1,1
8345,3.081784248352051,2.830777883529663,0,0
8346,3.6464743614196777,3.212047576904297,1,1
8347,3.5787224769592285,3.17596435546875,1,1
8348,3.5361359119415283,3.2978882789611816,1,1
8349,3.564612627029419,3.3477981090545654,1,1
8350,3.703218460083008,3.3397469520568848,1,1
8351,3.488590955734253,3.2629141807556152,1,1
8352,3.367598056793213,3.0257997512817383,1,1
8353,3.182744026184082,3.077763557434082,0,0
8354,3.1985971927642822,2.838235855102539,0,0
8355,3.2471814155578613,3.112055540084839,0,0
8356,3.6384360790252686,3.1114912033081055,1,1
8357,3.48307466506958,3.154700517654419,1,1
8358,3.401618242263794,3.2276611328125,1,1
8359,3.238420248031616,3.2014238834381104,0,0
8360,3.5550789833068848,3.3286638259887695,1,1
8361,3.010529041290283,3.0688281059265137,0,0
8362,3.473522663116455,3.3500635623931885,1,1
8363,3.3006932735443115,3.0346786975860596,0,0
8364,3.5922353267669678,3.338062286376953,1,1
8365,2.9888978004455566,2.9179611206054688,0,0
8366,3.3714957237243652,3.140768527984619,1,1
8367,2.8981001377105713,2.7144622802734375,0,0
8368,3.1326444149017334,3.037482738494873,0,0
8369,3.111921548843384,3.1392297744750977,0,0
8370,3.14094614982605,2.799436092376709,0,0
8371,3.271117925643921,3.1478464603424072,0,0
8372,3.1456217765808105,3.061972141265869,0,0
8373,3.235813856124878,2.8621745109558105,0,0
8374,3.093837022781372,2.961536169052124,0,0
8375,3.192014455795288,3.076956033706665,0,0
8376,3.0951945781707764,2.791928768157959,0,0
8377,2.944262742996216,2.7786009311676025,0,0
8378,3.374464273452759,3.167786121368408,1,1
8379,3.2440531253814697,2.9472737312316895,0,0
8380,3.393263816833496,3.0566766262054443,1,1
8381,2.841543436050415,2.744626998901367,0,0
8382,2.9955153465270996,2.795510768890381,0,0
8383,3.629175901412964,3.1833155155181885,1,1
8384,2.9086904525756836,2.753848075866699,0,0
8385,3.130661725997925,2.9773173332214355,0,0
8386,3.0233118534088135,2.798574924468994,0,0
8387,3.2027029991149902,3.0240981578826904,0,0
8388,3.5239620208740234,3.273822784423828,1,1
8389,3.488247871398926,3.1436522006988525,1,1
8390,3.173727035522461,3.040192127227783,0,0
8391,3.630805253982544,3.1775922775268555,1,1
8392,4.071325778961182,3.395813465118408,1,1
8393,3.7018980979919434,3.45961332321167,1,1
8394,3.072892427444458,3.1785058975219727,0,0
8395,3.3516480922698975,3.2688207626342773,1,1
8396,3.715669631958008,3.3453333377838135,1,1
8397,3.220201253890991,3.252176284790039,0,0
8398,3.6119399070739746,3.5865209102630615,1,1
8399,2.870758295059204,2.9322690963745117,0,0
8400,3.617861270904541,3.5318150520324707,1,1
8401,3.714696168899536,3.6066017150878906,1,1
8402,3.7113258838653564,3.5830836296081543,1,1
8403,3.0063374042510986,2.8904595375061035,0,0
8404,3.501922130584717,3.283027172088623,1,1
8405,3.6723644733428955,3.3151321411132812,1,1
8406,3.4854681491851807,3.1751549243927,1,1
8407,3.1940865516662598,3.126271963119507,0,0
8408,3.361300230026245,3.328831672668457,1,1
8409,3.4587302207946777,3.183544397354126,1,1
8410,3.13535737991333,2.9717206954956055,0,0
8411,3.008469820022583,2.89902663230896,0,0
8412,3.4923503398895264,3.379089832305908,1,1
8413,3.084355115890503,3.003415584564209,0,0
8414,3.4581105709075928,3.2258682250976562,1,1
8415,3.251943826675415,3.144700527191162,0,0
8416,3.552490234375,3.3295376300811768,1,1
8417,3.244062662124634,3.138823986053467,0,0
8418,3.209817886352539,2.964865207672119,0,0
8419,3.457479476928711,3.175447940826416,1,1
8420,3.398042917251587,3.226102828979492,1,1
8421,3.436764717102051,3.3554162979125977,1,1
8422,3.3758280277252197,3.074885606765747,1,1
8423,3.400003671646118,3.106879711151123,1,1
8424,3.51283860206604,3.2903013229370117,1,1
8425,3.3527703285217285,3.1905510425567627,0,0
8426,3.0703108310699463,3.024557590484619,0,0
8427,3.4213666915893555,3.1584677696228027,1,1
8428,3.2108333110809326,2.9613304138183594,0,0
8429,3.415809392929077,3.2837679386138916,1,1
8430,3.71296763420105,3.361433982849121,1,1
8431,3.463634729385376,3.2046496868133545,1,1
8432,3.5159757137298584,3.124727249145508,1,1
8433,3.148966073989868,3.0234456062316895,0,0
8434,3.254923105239868,3.0617494583129883,0,0
8435,3.2131683826446533,3.086648941040039,0,0
8436,2.992440938949585,3.0170950889587402,0,0
8437,2.768645763397217,2.753298282623291,0,0
8438,3.3084146976470947,3.1143250465393066,0,0
8439,3.0345895290374756,3.0631637573242188,0,0
8440,3.1651785373687744,3.1307930946350098,0,0
8441,3.6972429752349854,3.3931751251220703,1,1
8442,3.119206666946411,2.9997963905334473,0,0
8443,2.7323741912841797,2.620682954788208,0,0
8444,3.560070037841797,3.1656599044799805,1,1
8445,2.8256938457489014,2.782831907272339,0,0
8446,3.352757692337036,3.1344690322875977,0,0
8447,3.299522876739502,3.060615062713623,0,0
8448,3.200324773788452,2.9837753772735596,0,0
8449,3.072509765625,2.991438865661621,0,0
8450,3.4728665351867676,3.220428466796875,1,1
8451,3.1936655044555664,2.9145774841308594,0,0
8452,3.511962890625,3.2195844650268555,1,1
8453,3.5280518531799316,3.2382054328918457,1,1
8454,2.690701484680176,2.9005188941955566,0,0
8455,3.3850812911987305,3.0642471313476562,1,1
8456,3.021954298019409,2.794219970703125,0,0
8457,3.254249334335327,2.957580804824829,0,0
8458,3.542940139770508,3.2994823455810547,1,1
8459,3.3700993061065674,3.265141010284424,1,1
8460,3.11087965965271,3.1584818363189697,0,0
8461,2.9651401042938232,2.895153284072876,0,0
8462,2.6249170303344727,2.5509543418884277,0,0
8463,2.336967706680298,2.595386505126953,0,0
8464,3.232248067855835,3.190427303314209,0,0
8465,3.333719491958618,3.0615458488464355,0,0
8466,3.0899100303649902,2.8618526458740234,0,0
8467,2.8651561737060547,2.737952947616577,0,0
8468,2.959333658218384,2.799492835998535,0,0
8469,3.1605896949768066,3.0479063987731934,0,0
8470,3.352504014968872,3.2276554107666016,1,1
8471,3.390723705291748,3.2525253295898438,1,1
8472,3.310983657836914,2.9932808876037598,0,0
8473,3.2258946895599365,3.027559280395508,0,0
8474,3.1423962116241455,2.920734405517578,0,0
8475,3.541529893875122,3.1190481185913086,1,1
8476,3.368079423904419,3.0366578102111816,1,1
8477,3.119100332260132,2.9156627655029297,0,0
8478,3.297182559967041,3.1166810989379883,0,0
8479,3.1704773902893066,3.045891284942627,0,0
8480,2.8369431495666504,2.8269076347351074,0,0
8481,3.1691277027130127,2.932703971862793,0,0
8482,2.5246517658233643,2.655758857727051,0,0
8483,3.0715274810791016,2.9479260444641113,0,0
8484,3.545393705368042,3.1018173694610596,1,1
8485,3.7500410079956055,3.397669792175293,1,1
8486,3.5101535320281982,3.251626491546631,1,1
8487,3.6757454872131348,3.3843369483947754,1,1
8488,2.9587619304656982,2.9362235069274902,0,0
8489,2.7152018547058105,2.674417495727539,0,0
8490,2.9782721996307373,3.0077619552612305,0,0
8491,3.2905449867248535,3.120431661605835,0,0
8492,2.907785177230835,2.881014347076416,0,0
8493,3.448253870010376,3.13692045211792,1,1
8494,3.3892874717712402,3.1157076358795166,1,1
8495,3.309011220932007,3.230299949645996,0,0
8496,3.3266615867614746,3.3089370727539062,0,0
8497,3.3930466175079346,3.3143558502197266,1,1
8498,2.968873977661133,2.99143648147583,0,0
8499,3.506441354751587,3.1891863346099854,1,1
8500,3.110473155975342,3.2074203491210938,0,0
8501,3.6030471324920654,3.4456512928009033,1,1
8502,3.7075674533843994,3.5796396732330322,1,1
8503,3.4855268001556396,3.245513916015625,1,1
8504,3.4951484203338623,3.286881923675537,1,1
8505,3.1852991580963135,3.0400381088256836,0,0
8506,3.8163230419158936,3.4125120639801025,1,1
8507,3.4188685417175293,3.29742693901062,1,1
8508,3.26002836227417,3.250486135482788,0,0
8509,3.4469153881073,3.247896194458008,1,1
8510,3.4465348720550537,3.2146358489990234,1,1
8511,3.0286026000976562,2.916719436645508,0,0
8512,3.0840203762054443,2.9847187995910645,0,0
8513,3.630122423171997,3.348057985305786,1,1
8514,3.5740878582000732,3.3438661098480225,1,1
8515,3.0812554359436035,3.018587827682495,0,0
8516,3.321425199508667,3.2915778160095215,0,0
8517,3.4550623893737793,3.219377040863037,1,1
8518,3.3002331256866455,3.2009572982788086,0,0
8519,3.351918935775757,3.149643898010254,1,1
8520,3.594212293624878,3.388751745223999,1,1
8521,3.4262351989746094,3.048490047454834,1,1
8522,3.466036558151245,3.1418445110321045,1,1
8523,3.270066022872925,3.149564743041992,0,0
8524,3.1490671634674072,2.8896188735961914,0,0
8525,3.2754557132720947,3.163890838623047,0,0
8526,3.229365348815918,3.0989320278167725,0,0
8527,3.021578311920166,3.0348353385925293,0,0
8528,3.099602699279785,2.9908695220947266,0,0
8529,3.378279685974121,3.1587657928466797,1,1
8530,3.2585904598236084,2.9373605251312256,0,0
8531,3.2848570346832275,3.109936237335205,0,0
8532,3.3045785427093506,3.090402126312256,0,0
8533,3.4053635597229004,3.245327949523926,1,1
8534,3.272918224334717,3.106642484664917,0,0
8535,3.1199686527252197,3.2431492805480957,0,0
8536,3.6829018592834473,3.4053449630737305,1,1
8537,3.7056188583374023,3.4806387424468994,1,1
8538,3.3026602268218994,3.129807472229004,0,0
8539,3.738724708557129,3.4906013011932373,1,1
8540,3.242753744125366,3.1657071113586426,0,0
8541,2.5801279544830322,2.4715416431427,0,0
8542,2.695672035217285,2.7903189659118652,0,0
8543,2.9909589290618896,3.021235942840576,0,0
8544,3.7829530239105225,3.4610443115234375,1,1
8545,2.9552950859069824,3.0150063037872314,0,0
8546,3.1508984565734863,3.139012336730957,0,0
8547,3.3740451335906982,3.337226390838623,1,1
8548,3.4414799213409424,3.275522232055664,1,1
8549,3.4362995624542236,3.260918617248535,1,1
8550,3.3202030658721924,3.113811492919922,1,1
8551,3.383300542831421,3.228466272354126,1,1
8552,3.3178768157958984,3.0863640308380127,1,1
8553,3.236464500427246,3.174792528152466,0,0
8554,3.4998819828033447,3.483577251434326,1,1
8555,3.3200323581695557,3.256486654281616,1,1
8556,3.1623740196228027,3.241879940032959,0,0
8557,3.0728018283843994,2.9720308780670166,0,0
8558,3.6507821083068848,3.4160537719726562,1,1
8559,3.8080132007598877,3.475609540939331,1,1
8560,3.4955546855926514,3.26340389251709,1,1
8561,2.9315969944000244,2.996593475341797,0,0
8562,3.140240430831909,3.150416135787964,0,0
8563,3.1331777572631836,3.022282123565674,0,0
8564,3.3252506256103516,3.267881393432617,1,1
8565,3.080587387084961,3.0812525749206543,0,0
8566,2.837839365005493,2.621673107147217,0,0
8567,3.0700554847717285,2.97293758392334,0,0
8568,3.015211343765259,3.0315113067626953,0,0
8569,3.368772268295288,3.1248345375061035,1,1
8570,3.3625168800354004,3.2762556076049805,1,1
8571,2.91562819480896,2.9593591690063477,0,0
8572,3.0984373092651367,2.9684743881225586,0,0
8573,3.0070486068725586,3.1904191970825195,0,0
8574,3.0169928073883057,3.191892623901367,0,0
8575,3.319645881652832,3.1602306365966797,1,1
8576,3.6750948429107666,3.4605536460876465,1,1
8577,3.4036355018615723,3.4114208221435547,1,1
8578,3.0575954914093018,3.0766401290893555,0,0
8579,3.383835792541504,3.3406662940979004,1,1
8580,3.2884163856506348,3.2023990154266357,0,0
8581,3.226377248764038,3.3336868286132812,0,0
8582,3.3250856399536133,3.1791157722473145,1,1
8583,3.7031166553497314,3.471686363220215,1,1
8584,3.487147808074951,3.302490234375,1,1
8585,3.447328567504883,3.361112117767334,1,1
8586,3.483269691467285,3.2724242210388184,1,1
8587,3.261256694793701,3.2196764945983887,0,0
8588,2.967564105987549,2.936100959777832,0,0
8589,3.2352633476257324,2.945878505706787,0,0
8590,3.0271942615509033,2.8374226093292236,0,0
8591,3.359938859939575,3.1428298950195312,1,1
8592,3.381777763366699,3.0925235748291016,1,1
8593,3.1490554809570312,2.7951793670654297,0,0
8594,3.219325304031372,3.0029830932617188,0,0
8595,3.699615478515625,3.4301419258117676,1,1
8596,3.3788602352142334,3.1567258834838867,1,1
8597,3.1985108852386475,3.0644125938415527,0,0
8598,3.4357519149780273,3.002267360687256,1,1
8599,3.1830663681030273,2.961219549179077,0,0
8600,3.5779924392700195,3.30641508102417,1,1
8601,3.661527633666992,3.4115686416625977,1,1
8602,3.7935166358947754,3.4242045879364014,1,1
8603,3.437451124191284,3.1231813430786133,1,1
8604,3.57678484916687,3.2677788734436035,1,1
8605,3.5355565547943115,3.197453737258911,1,1
8606,3.1463491916656494,2.9447169303894043,0,0
8607,3.486532211303711,3.105433940887451,1,1
8608,3.5516083240509033,3.279909610748291,1,1
8609,3.8424723148345947,3.4404261112213135,1,1
8610,3.3563404083251953,3.068051338195801,1,1
8611,3.3540797233581543,3.1855368614196777,1,1
8612,3.333031415939331,3.1441149711608887,1,1
8613,3.446084499359131,3.215733766555786,1,1
8614,3.779776096343994,3.599208116531372,1,1
8615,3.3169381618499756,3.1222782135009766,1,1
8616,3.40783429145813,3.0924720764160156,1,1
8617,3.1766302585601807,3.0039749145507812,0,0
8618,3.4801559448242188,3.229489326477051,1,1
8619,3.589477300643921,3.337958335876465,1,1
8620,3.532261610031128,3.3472611904144287,1,1
8621,3.217236280441284,3.1185081005096436,0,0
8622,3.6083555221557617,3.4170446395874023,1,1
8623,3.2104203701019287,3.061697006225586,0,0
8624,3.2937488555908203,3.0838048458099365,0,0
8625,3.3142876625061035,3.008310079574585,1,1
8626,3.380303144454956,3.1215741634368896,1,1
8627,3.4160289764404297,3.377737045288086,1,1
8628,3.5071043968200684,3.2217369079589844,1,1
8629,3.35041880607605,3.2687106132507324,1,1
8630,3.4214749336242676,3.3778674602508545,1,1
8631,3.539012908935547,3.3944272994995117,1,1
8632,3.629061460494995,3.3074142932891846,1,1
8633,3.545788526535034,3.3712055683135986,1,1
8634,3.4833219051361084,3.3647818565368652,1,1
8635,3.5047085285186768,3.3123154640197754,1,1
8636,3.2441794872283936,3.2278809547424316,0,0
8637,2.729621648788452,2.940056562423706,0,0
8638,2.4822838306427,2.5727906227111816,0,0
8639,3.154832363128662,3.130080223083496,0,0
8640,3.193204879760742,3.1698460578918457,0,0
8641,3.1175453662872314,3.0189688205718994,0,0
8642,3.094133138656616,2.9929287433624268,0,0
8643,3.357116460800171,3.350679397583008,1,1
8644,3.5224502086639404,3.464217185974121,1,1
8645,3.0553832054138184,3.274700164794922,0,0
8646,2.971879243850708,2.933779239654541,0,0
8647,3.407602310180664,3.235257625579834,1,1
8648,3.5129919052124023,3.2669239044189453,1,1
8649,3.120309352874756,3.072319984436035,0,0
8650,3.397392511367798,3.181140422821045,1,1
8651,3.309478521347046,3.148395538330078,0,0
8652,2.913039445877075,3.0122828483581543,0,0
8653,3.184378147125244,3.158792018890381,0,0
8654,2.820722818374634,2.8069543838500977,0,0
8655,2.6171658039093018,2.693899631500244,0,0
8656,1.7042900323867798,1.8739750385284424,0,0
8657,3.0519394874572754,3.0153698921203613,0,0
8658,2.9801762104034424,2.6840529441833496,0,0
8659,2.6410934925079346,2.7013602256774902,0,0
8660,3.3111066818237305,3.2698943614959717,0,0
8661,3.11377215385437,3.1728954315185547,0,0
8662,2.8744194507598877,2.885507583618164,0,0
8663,3.278052568435669,3.129730701446533,0,0
8664,2.7570812702178955,2.810372829437256,0,0
8665,3.0052731037139893,3.0050768852233887,0,0
8666,3.391772508621216,3.2637486457824707,1,1
8667,3.302492618560791,3.1423983573913574,0,0
8668,3.576385021209717,3.272284984588623,1,1
8669,3.3579561710357666,3.352932929992676,1,1
8670,2.863731861114502,2.7803449630737305,0,0
8671,2.971482038497925,2.8032655715942383,0,0
8672,3.086577892303467,3.006230592727661,0,0
8673,2.6290228366851807,2.6363160610198975,0,0
8674,3.254409074783325,3.013054847717285,0,0
8675,2.778315782546997,2.7679977416992188,0,0
8676,3.506915807723999,3.380617380142212,1,1
8677,3.397545337677002,3.3284928798675537,1,1
8678,3.1849069595336914,3.2261552810668945,0,0
8679,3.3502917289733887,3.2180514335632324,1,1
8680,3.6110999584198,3.375596523284912,1,1
8681,3.3567166328430176,3.0455856323242188,1,1
8682,3.6678216457366943,3.119309902191162,1,1
8683,3.7920773029327393,3.380734920501709,1,1
8684,3.2250187397003174,2.997302532196045,0,0
8685,3.0895419120788574,2.983764171600342,0,0
8686,3.27632212638855,3.0220954418182373,0,0
8687,3.40224552154541,3.2973079681396484,1,1
8688,3.253490924835205,3.1047706604003906,0,0
8689,3.1426455974578857,3.15383243560791,0,0
8690,2.9258129596710205,2.780374050140381,0,0
8691,2.9996352195739746,2.8888802528381348,0,0
8692,3.2034213542938232,2.997485399246216,0,0
8693,3.097111940383911,2.9953224658966064,0,0
8694,3.17657208442688,3.0104525089263916,0,0
8695,3.5513598918914795,3.2439303398132324,1,1
8696,3.672212600708008,3.31490421295166,1,1
8697,3.4737603664398193,3.337677001953125,1,1
8698,3.623152017593384,3.122924566268921,1,1
8699,3.512665271759033,3.2697110176086426,1,1
8700,2.887646198272705,2.8203978538513184,0,0
8701,3.029881477355957,2.8977417945861816,0,0
8702,3.8074002265930176,3.3557980060577393,1,1
8703,2.835890054702759,2.6179065704345703,0,0
8704,3.618459939956665,3.2182064056396484,1,1
8705,3.448000192642212,3.134951591491699,1,1
8706,3.2164595127105713,2.9646224975585938,0,0
8707,3.5569100379943848,3.0450940132141113,1,1
8708,3.6589694023132324,3.240248680114746,1,1
8709,3.2737576961517334,2.9512295722961426,0,0
8710,3.9684455394744873,3.4522881507873535,1,1
8711,3.9107766151428223,3.513993740081787,1,1
8712,3.5213496685028076,3.4378836154937744,1,1
8713,3.4196290969848633,3.3442726135253906,1,1
8714,4.095791816711426,3.481363534927368,1,1
8715,3.5492465496063232,3.1967334747314453,1,1
8716,3.7772514820098877,3.2413923740386963,1,1
8717,4.121647357940674,3.4954781532287598,1,1
8718,3.5297510623931885,3.258594274520874,1,1
8719,3.603865623474121,3.393862009048462,1,1
8720,3.6672170162200928,3.448258876800537,1,1
8721,3.95556378364563,3.415146589279175,1,1
8722,3.6422176361083984,3.369466543197632,1,1
8723,3.8630785942077637,3.6413121223449707,1,1
8724,3.5372958183288574,3.712916612625122,1,1
8725,3.521090030670166,3.388721466064453,1,1
8726,3.4239261150360107,3.091606616973877,1,1
8727,3.2987871170043945,3.0119731426239014,0,0
8728,2.678279399871826,2.882453441619873,0,0
8729,2.618959665298462,2.8141884803771973,0,0
8730,3.248849391937256,3.0716094970703125,0,0
8731,3.5671563148498535,3.373961925506592,1,1
8732,3.6438241004943848,3.4927399158477783,1,1
8733,3.4435973167419434,3.1802170276641846,1,1
8734,3.318593978881836,3.2944910526275635,0,0
8735,3.290717363357544,3.344728469848633,0,0
8736,3.4270589351654053,3.604452133178711,1,1
8737,3.0166776180267334,3.1257314682006836,0,0
8738,3.346130847930908,3.0931851863861084,1,1
8739,3.1451079845428467,3.2582507133483887,0,0
8740,3.249910831451416,3.306445837020874,0,0
8741,3.697395086288452,3.4050192832946777,1,1
8742,3.664429187774658,3.5654821395874023,1,1
8743,3.535418748855591,3.2431435585021973,1,1
8744,3.6722872257232666,3.2159252166748047,1,1
8745,3.7781591415405273,3.489518880844116,1,1
8746,3.9172770977020264,3.480684995651245,1,1
8747,3.699416399002075,3.26871919631958,1,1
8748,3.1602587699890137,3.0579991340637207,0,0
8749,3.4776771068573,3.3018765449523926,1,1
8750,3.4975881576538086,3.3515498638153076,1,1
8751,3.1665868759155273,3.140657663345337,0,0
8752,3.299084186553955,2.9512710571289062,0,0
8753,3.0367791652679443,2.807241916656494,0,0
8754,3.2871315479278564,3.1060068607330322,0,0
8755,3.0255534648895264,2.8853962421417236,0,0
8756,2.6556594371795654,2.7163166999816895,0,0
8757,3.018537998199463,2.8060967922210693,0,0
8758,3.337071180343628,3.1436028480529785,0,0
8759,3.377432107925415,3.0725393295288086,1,1
8760,2.9605414867401123,2.8919930458068848,0,0
8761,3.0776424407958984,2.990363597869873,0,0
8762,3.1685850620269775,3.0533788204193115,0,0
8763,3.2813596725463867,3.1000139713287354,0,0
8764,3.211468458175659,2.9584999084472656,0,0
8765,2.9127182960510254,2.807021141052246,0,0
8766,2.9200005531311035,2.900428295135498,0,0
8767,2.9251413345336914,2.897573947906494,0,0
8768,2.7655014991760254,2.7592544555664062,0,0
8769,2.989508628845215,2.8792362213134766,0,0
8770,2.6438140869140625,2.8174569606781006,0,0
8771,3.1341946125030518,3.097045660018921,0,0
8772,3.1082849502563477,3.060586452484131,0,0
8773,2.9673616886138916,2.9480700492858887,0,0
8774,2.9882962703704834,3.0166049003601074,0,0
8775,2.658351421356201,2.8685646057128906,0,0
8776,2.5790815353393555,2.5518012046813965,0,0
8777,2.710822582244873,2.8198938369750977,0,0
8778,2.8354241847991943,2.8644511699676514,0,0
8779,2.6652133464813232,2.71573543548584,0,0
8780,2.510589122772217,2.67819881439209,0,0
8781,2.7967982292175293,2.778106689453125,0,0
8782,2.579113006591797,2.5529513359069824,0,0
8783,2.7738735675811768,2.879791259765625,0,0
8784,2.7954137325286865,2.8665642738342285,0,0
8785,2.773407459259033,2.8254337310791016,0,0
8786,2.6503400802612305,2.7899465560913086,0,0
8787,2.7660927772521973,2.9978177547454834,0,0
8788,2.8021717071533203,2.899704933166504,0,0
8789,3.302894115447998,3.3055880069732666,1,1
8790,3.8339951038360596,3.5724868774414062,1,1
8791,3.460599660873413,3.3263964653015137,1,1
8792,3.73637056350708,3.48264741897583,1,1
8793,3.621211051940918,3.549240827560425,1,1
8794,3.6796212196350098,3.5885133743286133,1,1
8795,3.173596143722534,3.050349235534668,0,0
8796,3.383867025375366,3.2916154861450195,1,1
8797,3.5551202297210693,3.397444248199463,1,1
8798,3.749605655670166,3.509352684020996,1,1
8799,3.468360662460327,3.38181471824646,1,1
8800,3.1710808277130127,3.109952926635742,0,0
8801,3.633955717086792,3.206603527069092,1,1
8802,3.6330137252807617,3.3025429248809814,1,1
8803,3.2512576580047607,3.1186022758483887,0,0
8804,3.4743120670318604,3.2358100414276123,1,1
8805,3.1056714057922363,3.0105466842651367,0,0
8806,3.3167307376861572,3.2548716068267822,1,1
8807,3.1467063426971436,3.063143253326416,0,0
8808,3.249891519546509,3.125382423400879,0,0
8809,3.447429895401001,3.281923770904541,1,1
8810,3.2592244148254395,3.201195478439331,0,0
8811,3.258610248565674,2.986386299133301,0,0
8812,3.122979164123535,2.8351998329162598,0,0
8813,3.3812501430511475,3.1030478477478027,1,1
8814,3.4383676052093506,3.1569912433624268,1,1
8815,3.4750232696533203,3.060210704803467,1,1
8816,3.21855092048645,2.9818308353424072,0,0
8817,3.099639654159546,2.9087328910827637,0,0
8818,3.259053945541382,3.0579776763916016,0,0
8819,2.776653289794922,2.523688316345215,0,0
8820,2.3802683353424072,2.6429805755615234,0,0
8821,2.729933261871338,2.804938793182373,0,0
8822,2.619224786758423,2.9346137046813965,0,0
8823,2.531189441680908,2.5827255249023438,0,0
8824,2.9770047664642334,2.950265884399414,0,0
8825,3.343647003173828,2.963845729827881,1,1
8826,3.1706020832061768,2.9882917404174805,0,0
8827,3.3554646968841553,2.9039306640625,1,1
8828,3.150447130203247,2.9202144145965576,0,0
8829,2.9718546867370605,2.6644864082336426,0,0
8830,2.802705764770508,2.6128265857696533,0,0
8831,2.5449788570404053,2.1877357959747314,0,0
8832,3.027869462966919,2.924501895904541,0,0
8833,3.0979630947113037,2.93141770362854,0,0
8834,2.9247779846191406,2.764437198638916,0,0
8835,3.328946828842163,3.0455076694488525,1,1
8836,3.529357671737671,3.2099666595458984,1,1
8837,3.7071123123168945,3.2468090057373047,1,1
8838,3.210805654525757,3.088320016860962,0,0
8839,3.3175528049468994,2.954270362854004,1,1
8840,2.4948666095733643,2.556405544281006,0,0
8841,3.055844306945801,3.042250156402588,0,0
8842,2.9295761585235596,2.9228692054748535,0,0
8843,2.9237377643585205,2.8144378662109375,0,0
8844,3.5223493576049805,3.0602004528045654,1,1
8845,3.461412191390991,3.1595606803894043,1,1
8846,3.7309045791625977,3.3850018978118896,1,1
8847,3.5289695262908936,3.2599737644195557,1,1
8848,3.3143513202667236,3.0598442554473877,1,1
8849,3.633405923843384,3.386916160583496,1,1
8850,3.475006103515625,3.1924335956573486,1,1
8851,3.7727913856506348,3.423396587371826,1,1
8852,3.1384706497192383,3.0609335899353027,0,0
8853,3.1541671752929688,3.074655294418335,0,0
8854,3.2202060222625732,3.0175585746765137,0,0
8855,3.102405309677124,3.180006504058838,0,0
8856,3.2356464862823486,3.1109118461608887,0,0
8857,3.438113212585449,3.3679633140563965,1,1
8858,3.578575611114502,3.328782320022583,1,1
8859,3.4180071353912354,3.1739392280578613,1,1
8860,3.3273115158081055,3.067253351211548,1,1
8861,3.471848249435425,3.161418914794922,1,1
8862,3.7161331176757812,3.387474775314331,1,1
8863,3.435901641845703,3.243814468383789,1,1
8864,3.147392511367798,2.9849600791931152,0,0
8865,2.7470507621765137,2.4003119468688965,0,0
8866,2.614004135131836,2.519320487976074,0,0
8867,2.701185941696167,2.5487287044525146,0,0
8868,2.5214765071868896,2.231626033782959,0,0
8869,2.7660536766052246,2.5577075481414795,0,0
8870,2.8247458934783936,2.4507250785827637,0,0
8871,2.997450828552246,2.721437931060791,0,0
8872,2.840089797973633,2.589034080505371,0,0
8873,2.736131191253662,2.488210678100586,0,0
8874,2.5772736072540283,2.5010743141174316,0,0
8875,2.812856674194336,2.5061333179473877,0,0
8876,3.269892930984497,2.8422904014587402,1,1
8877,2.9923481941223145,2.7369561195373535,0,0
8878,3.1081862449645996,2.805793046951294,0,0
8879,2.9747583866119385,2.6132426261901855,0,0
8880,2.684626579284668,2.5434439182281494,0,0
8881,2.707212448120117,2.331836462020874,0,0
8882,2.75543475151062,2.394254684448242,0,0
8883,2.9313814640045166,2.6235790252685547,0,0
8884,3.1069958209991455,2.754521369934082,0,0
8885,2.9819729328155518,2.898312568664551,0,0
8886,3.055593490600586,2.6671977043151855,0,0
8887,3.150434732437134,2.7187771797180176,0,0
8888,2.777865171432495,2.7840819358825684,0,0
8889,3.594189405441284,3.3111934661865234,1,1
8890,3.2667856216430664,3.2710747718811035,1,1
8891,3.426522970199585,3.2663211822509766,1,1
8892,3.419328451156616,3.255568504333496,1,1
8893,3.4074296951293945,3.1741669178009033,1,1
8894,2.2089102268218994,2.2557032108306885,0,0
8895,3.3948843479156494,3.220656394958496,1,1
8896,2.962146520614624,2.8853373527526855,0,0
8897,3.3318238258361816,3.2723283767700195,1,1
8898,3.320068836212158,3.2538399696350098,1,1
8899,3.3633840084075928,3.373683452606201,1,1
8900,3.238157033920288,3.133500576019287,0,0
8901,3.5391829013824463,3.308877468109131,1,1
8902,3.020334482192993,3.035574436187744,0,0
8903,3.5403151512145996,3.2660646438598633,1,1
8904,3.2744674682617188,3.1310441493988037,1,1
8905,3.314072370529175,3.2748594284057617,1,1
8906,3.2320079803466797,3.193694829940796,0,0
8907,3.473031759262085,3.2486722469329834,1,1
8908,3.2712483406066895,2.9349288940429688,1,1
8909,3.1648690700531006,3.0472564697265625,0,0
8910,3.3426594734191895,3.0402488708496094,1,1
8911,3.173546552658081,2.87312650680542,0,0
8912,3.195974588394165,2.9772026538848877,0,0
8913,2.552366256713867,2.5929644107818604,0,0
8914,3.0755982398986816,3.1199228763580322,0,0
8915,3.152879476547241,2.9351139068603516,0,0
8916,3.2348132133483887,3.211596965789795,1,1
8917,3.0817480087280273,3.0858569145202637,0,0
8918,3.2481958866119385,3.0276269912719727,1,1
8919,3.4470784664154053,3.3396522998809814,1,1
8920,3.4347097873687744,3.3526699542999268,1,1
8921,3.428679943084717,3.3752119541168213,1,1
8922,3.2951323986053467,3.341201066970825,1,1
8923,3.856142044067383,3.4839863777160645,1,1
8924,3.5078132152557373,3.3863823413848877,1,1
8925,3.1968634128570557,3.2113170623779297,0,0
8926,3.424931764602661,3.3315038681030273,1,1
8927,3.3141748905181885,3.223613739013672,1,1
8928,3.2747480869293213,3.0183990001678467,1,1
8929,3.4897589683532715,3.2400364875793457,1,1
8930,3.2329816818237305,3.046682357788086,1,1
8931,3.1229465007781982,3.078378200531006,0,0
8932,2.9418835639953613,2.757181406021118,0,0
8933,2.922743320465088,2.464837074279785,0,0
8934,2.7032103538513184,2.506631851196289,0,0
8935,2.661449670791626,2.554422378540039,0,0
8936,3.330820083618164,2.5776734352111816,1,1
8937,3.048163414001465,2.5210437774658203,0,0
8938,3.046660900115967,2.5266528129577637,0,0
8939,3.0033786296844482,2.677586555480957,0,0
8940,3.0155959129333496,2.7080702781677246,0,0
8941,3.0159032344818115,2.6465094089508057,0,0
8942,2.840196132659912,2.470688819885254,0,0
8943,3.000108480453491,2.5292577743530273,0,0
8944,2.5557444095611572,2.3824172019958496,0,0
8945,3.1364083290100098,2.752455711364746,0,0
8946,2.770414113998413,2.4170947074890137,0,0
8947,3.206346035003662,2.8549141883850098,1,1
8948,2.9523441791534424,2.6639835834503174,0,0
8949,3.2169249057769775,2.9959683418273926,1,1
8950,2.9023003578186035,2.7389442920684814,0,0
8951,2.6821811199188232,2.524930953979492,0,0
8952,3.3899824619293213,3.1337265968322754,1,1
8953,2.544867515563965,2.52341365814209,0,0
8954,3.31679630279541,3.112820625305176,1,1
8955,3.5824239253997803,3.0092227458953857,1,1
8956,2.3438022136688232,2.4130330085754395,0,0
8957,2.7614598274230957,2.669010639190674,0,0
8958,3.135638952255249,2.9764890670776367,0,0
8959,3.2010135650634766,2.83020281791687,1,1
8960,2.9729039669036865,2.8157095909118652,0,0
8961,3.072058916091919,2.883167266845703,0,0
8962,3.097510814666748,2.9210190773010254,0,0
8963,3.1911392211914062,3.06040620803833,1,1
8964,3.113271713256836,2.9563705921173096,0,0
8965,3.1156740188598633,3.0268640518188477,0,0
8966,3.221015214920044,2.8836631774902344,1,1
8967,3.256446123123169,2.88238263130188,1,1
8968,3.27003812789917,2.9577701091766357,1,1
8969,3.665787935256958,3.2610201835632324,1,1
8970,3.465878486633301,3.220554828643799,1,1
8971,3.4604787826538086,3.1413021087646484,1,1
8972,3.070986032485962,2.756763458251953,0,0
8973,3.133293628692627,3.0597500801086426,0,0
8974,3.4032740592956543,3.0696704387664795,1,1
8975,3.503932476043701,3.168156623840332,1,1
8976,3.444014549255371,3.171435832977295,1,1
8977,3.207204580307007,3.07261061668396,1,1
8978,3.0935826301574707,2.8650875091552734,0,0
8979,3.23397159576416,3.0095667839050293,1,1
8980,3.1758816242218018,2.9930226802825928,0,0
8981,3.4086196422576904,3.1187562942504883,1,1
8982,3.6255033016204834,3.23635196685791,1,1
8983,3.6235082149505615,3.278858184814453,1,1
8984,3.0498390197753906,2.9049153327941895,0,0
8985,3.347299814224243,3.157907485961914,1,1
8986,3.026090621948242,2.8594446182250977,0,0
8987,3.3582775592803955,3.2520742416381836,1,1
8988,3.6927788257598877,3.5897302627563477,1,1
8989,3.4984195232391357,3.2864551544189453,1,1
8990,3.3793892860412598,3.09321928024292,1,1
8991,3.6547956466674805,3.431245803833008,1,1
8992,3.676180601119995,3.2869789600372314,1,1
8993,3.426605224609375,3.1325411796569824,1,1
8994,3.478332757949829,3.3690097332000732,1,1
8995,3.6889567375183105,3.2037291526794434,1,1
8996,3.4753525257110596,3.0734074115753174,1,1
8997,3.762439250946045,3.4218993186950684,1,1
8998,3.519989013671875,3.335721492767334,1,1
8999,3.0825083255767822,2.9682579040527344,0,0
9000,3.3483755588531494,3.244514226913452,1,1
9001,3.584465503692627,3.324496030807495,1,1
9002,3.5377981662750244,3.338148593902588,1,1
9003,3.464099407196045,3.276067018508911,1,1
9004,3.299433469772339,3.3754281997680664,1,1
9005,3.3386759757995605,3.263031005859375,1,1
9006,3.6832711696624756,3.301865339279175,1,1
9007,3.4822566509246826,3.2824785709381104,1,1
9008,3.4309093952178955,3.1803247928619385,1,1
9009,3.4752724170684814,3.132110118865967,1,1
9010,3.192455291748047,3.1447248458862305,0,0
9011,3.454373598098755,3.317056179046631,1,1
9012,3.673668622970581,3.4245219230651855,1,1
9013,3.73704195022583,3.4293205738067627,1,1
9014,3.2453882694244385,3.3648977279663086,1,1
9015,3.2930750846862793,3.3407187461853027,1,1
9016,3.351027727127075,3.4437193870544434,1,1
9017,2.9416000843048096,2.994340181350708,0,0
9018,2.9703593254089355,2.950968027114868,0,0
9019,2.9784440994262695,3.066810131072998,0,0
9020,2.9771885871887207,2.9408130645751953,0,0
9021,3.1449549198150635,3.032123327255249,0,0
9022,3.1532042026519775,3.127326011657715,0,0
9023,3.215125322341919,3.1544058322906494,0,0
9024,3.2198376655578613,3.2675585746765137,0,0
9025,3.379849672317505,3.266700267791748,1,1
9026,3.1593987941741943,3.127084255218506,0,0
9027,3.4181506633758545,3.482083320617676,1,1
9028,3.445551872253418,3.22713041305542,1,1
9029,3.319042444229126,3.130638360977173,1,1
9030,3.179978847503662,3.1153974533081055,0,0
9031,2.944763422012329,2.725558280944824,0,0
9032,3.100100517272949,3.0256381034851074,0,0
9033,3.1043972969055176,2.9251537322998047,0,0
9034,3.5112884044647217,3.2425365447998047,1,1
9035,2.934636354446411,2.7336902618408203,0,0
9036,2.6931426525115967,2.665217638015747,0,0
9037,2.5599374771118164,2.8124351501464844,0,0
9038,2.356570243835449,2.62691068649292,0,0
9039,2.944828748703003,2.7085297107696533,0,0
9040,2.9848411083221436,2.9637646675109863,0,0
9041,2.8500964641571045,2.8373990058898926,0,0
9042,2.98374080657959,2.8882694244384766,0,0
9043,3.193490982055664,3.0248770713806152,0,0
9044,3.45406436920166,3.2410452365875244,1,1
9045,3.2937874794006348,3.194366455078125,1,1
9046,3.058337450027466,2.916628122329712,0,0
9047,3.4672017097473145,3.158198595046997,1,1
9048,3.159043073654175,2.975965976715088,0,0
9049,3.3606817722320557,3.1730427742004395,1,1
9050,3.2422327995300293,3.056466579437256,1,1
9051,3.101599931716919,3.048914909362793,0,0
9052,3.238690137863159,3.0358147621154785,1,1
9053,3.265369415283203,3.2003936767578125,1,1
9054,3.6261961460113525,3.197108745574951,1,1
9055,3.479766368865967,3.266143798828125,1,1
9056,3.203953742980957,2.900615692138672,0,0
9057,3.410320281982422,3.1307380199432373,1,1
9058,3.504148006439209,3.072328567504883,1,1
9059,3.170147180557251,2.817850351333618,0,0
9060,3.510254144668579,3.1827282905578613,1,1
9061,3.633410692214966,3.1411924362182617,1,1
9062,3.6463465690612793,3.373198986053467,1,1
9063,3.2797398567199707,2.985415458679199,1,1
9064,3.2536540031433105,2.882819414138794,1,1
9065,2.9465532302856445,2.8153886795043945,0,0
9066,2.8610150814056396,2.6133456230163574,0,0
9067,3.2240817546844482,3.138434410095215,1,1
9068,3.428300380706787,3.230386257171631,1,1
9069,3.2528414726257324,2.8538849353790283,1,1
9070,3.018799066543579,2.626904010772705,0,0
9071,2.942016124725342,2.805243492126465,0,0
9072,3.298189401626587,3.0524418354034424,1,1
9073,3.0523359775543213,3.033914089202881,0,0
9074,3.2827277183532715,3.0397729873657227,1,1
9075,3.0581047534942627,2.5792605876922607,0,0
9076,3.2705883979797363,2.976152181625366,1,1
9077,3.4804749488830566,3.083728313446045,1,1
9078,3.4785993099212646,3.003293037414551,1,1
9079,3.855254650115967,3.4013352394104004,1,1
9080,3.7050037384033203,3.3867645263671875,1,1
9081,3.8341479301452637,3.3573503494262695,1,1
9082,4.238626956939697,3.461796283721924,1,1
9083,3.488957405090332,3.235203742980957,1,1
9084,3.605335235595703,3.1748785972595215,1,1
9085,3.464979648590088,2.9708251953125,1,1
9086,3.604590654373169,3.1861419677734375,1,1
9087,4.1144208908081055,3.5731894969940186,1,1
9088,3.3989391326904297,3.1162543296813965,1,1
9089,3.780910015106201,3.4181854724884033,1,1
9090,3.2754709720611572,3.1698718070983887,1,1
9091,3.5245556831359863,3.1845757961273193,1,1
9092,3.7305643558502197,3.493267774581909,1,1
9093,3.4492721557617188,3.147824287414551,1,1
9094,3.1758744716644287,3.018364906311035,0,0
9095,2.773315668106079,2.778559446334839,0,0
9096,2.9439384937286377,2.9581611156463623,0,0
9097,3.2142679691314697,3.2105040550231934,0,0
9098,3.2896597385406494,3.1174421310424805,1,1
9099,3.1551148891448975,2.8397727012634277,0,0
9100,3.073307752609253,2.650651216506958,0,0
9101,3.159425973892212,2.7938098907470703,0,0
9102,3.012051582336426,2.6551833152770996,0,0
9103,3.101367712020874,2.7156336307525635,0,0
9104,3.2304084300994873,2.991182804107666,0,0
9105,3.3801474571228027,2.853837013244629,1,1
9106,2.9787211418151855,2.6950409412384033,0,0
9107,3.320662260055542,2.8863635063171387,1,1
9108,3.319700241088867,2.9704465866088867,1,1
9109,3.0461480617523193,2.7888617515563965,0,0
9110,2.905949831008911,2.811471462249756,0,0
9111,3.1853179931640625,3.1893057823181152,0,0
9112,2.4508605003356934,2.459657669067383,0,0
9113,3.2006003856658936,3.2486371994018555,0,0
9114,3.262500286102295,3.20648193359375,1,1
9115,3.3391494750976562,3.31330943107605,1,1
9116,3.154266834259033,3.0916972160339355,0,0
9117,3.024850606918335,3.1808013916015625,0,0
9118,3.292442798614502,3.1115024089813232,1,1
9119,3.1049890518188477,3.044679641723633,0,0
9120,3.2609777450561523,3.1466784477233887,1,1
9121,3.2346785068511963,3.225903034210205,0,0
9122,3.366940498352051,3.2195379734039307,1,1
9123,3.0925543308258057,3.17789363861084,0,0
9124,3.535599708557129,3.325556516647339,1,1
9125,3.319944143295288,3.0977020263671875,1,1
9126,3.512604236602783,3.114574432373047,1,1
9127,3.051936149597168,2.808403730392456,0,0
9128,3.2248504161834717,3.0430333614349365,0,0
9129,2.960214138031006,2.765132427215576,0,0
9130,2.9977893829345703,2.7146120071411133,0,0
9131,3.091313600540161,3.2068731784820557,0,0
9132,2.935577392578125,2.7918171882629395,0,0
9133,3.203202486038208,3.1074376106262207,0,0
9134,3.4795520305633545,3.2123615741729736,1,1
9135,3.62074613571167,3.213697910308838,1,1
9136,3.392104387283325,3.019911289215088,1,1
9137,3.3586947917938232,3.240935802459717,1,1
9138,3.0085020065307617,2.8856148719787598,0,0
9139,3.1024551391601562,3.116192579269409,0,0
9140,2.9848031997680664,2.7911109924316406,0,0
9141,2.7757301330566406,2.7334682941436768,0,0
9142,3.5181281566619873,3.102506160736084,1,1
9143,2.8179116249084473,2.6701011657714844,0,0
9144,2.8538973331451416,2.678260087966919,0,0
9145,3.111366033554077,2.9807963371276855,0,0
9146,2.977336883544922,2.7695584297180176,0,0
9147,2.9752018451690674,2.7198233604431152,0,0
9148,2.7208430767059326,2.6005263328552246,0,0
9149,2.9945003986358643,2.785858631134033,0,0
9150,2.9096431732177734,2.9509339332580566,0,0
9151,3.2528064250946045,3.201724052429199,1,1
9152,3.635615587234497,3.2918577194213867,1,1
9153,3.5586702823638916,3.2912466526031494,1,1
9154,3.491520404815674,3.152721405029297,1,1
9155,3.571070671081543,3.251950740814209,1,1
9156,3.4166314601898193,3.3179523944854736,1,1
9157,3.5252883434295654,3.3747167587280273,1,1
9158,3.3939902782440186,3.1421749591827393,1,1
9159,3.1900136470794678,3.106031894683838,0,0
9160,3.3287765979766846,3.118631362915039,1,1
9161,2.9157466888427734,2.9184768199920654,0,0
9162,3.125476360321045,3.005784273147583,0,0
9163,3.3225958347320557,3.095473289489746,1,1
9164,3.147359848022461,3.1436715126037598,0,0
9165,3.3760812282562256,3.118048667907715,1,1
9166,3.022789478302002,3.0527758598327637,0,0
9167,2.824542760848999,2.7651305198669434,0,0
9168,3.290318250656128,3.1120755672454834,1,1
9169,2.860098361968994,2.669429302215576,0,0
9170,3.585071086883545,3.1953258514404297,1,1
9171,2.9833009243011475,3.0745673179626465,0,0
9172,3.4545953273773193,3.4282658100128174,1,1
9173,3.2531731128692627,3.297759532928467,0,0
9174,3.26735782623291,3.290144920349121,0,0
9175,3.0761125087738037,3.0842247009277344,0,0
9176,3.433755874633789,3.39589524269104,1,1
9177,3.5229032039642334,3.3734688758850098,1,1
9178,3.5307247638702393,3.2872533798217773,1,1
9179,3.1328022480010986,3.0712435245513916,0,0
9180,3.463270664215088,3.151700973510742,1,1
9181,3.170128107070923,3.0963306427001953,0,0
9182,2.9178590774536133,2.9451961517333984,0,0
9183,3.094315528869629,3.0457186698913574,0,0
9184,3.0712673664093018,2.9503695964813232,0,0
9185,3.2686822414398193,3.256662130355835,1,1
9186,3.115560531616211,3.0731468200683594,0,0
9187,3.2335338592529297,3.103455066680908,0,0
9188,3.0845203399658203,3.0411319732666016,0,0
9189,3.282254934310913,2.9890763759613037,1,1
9190,3.1965770721435547,2.743178367614746,0,0
9191,3.8298447132110596,3.174821138381958,1,1
9192,3.0149221420288086,2.869553804397583,0,0
9193,3.2794530391693115,3.1289515495300293,1,1
9194,3.4275357723236084,3.222273349761963,1,1
9195,3.5790772438049316,3.347055435180664,1,1
9196,3.3140392303466797,3.305960178375244,1,1
9197,3.4980392456054688,3.4233241081237793,1,1
9198,3.151298761367798,3.139925003051758,0,0
9199,3.2290303707122803,3.0447964668273926,0,0
9200,3.340848684310913,3.1288809776306152,1,1
9201,3.1337649822235107,2.835519313812256,0,0
9202,3.265174388885498,3.204987049102783,1,1
9203,3.4890034198760986,3.3282456398010254,1,1
9204,2.6904828548431396,2.6426844596862793,0,0
9205,3.126471519470215,2.975444793701172,0,0
9206,3.605034589767456,3.286585807800293,1,1
9207,3.413989782333374,3.077260732650757,1,1
9208,3.604726791381836,3.32649564743042,1,1
9209,3.230151653289795,3.229569911956787,0,0
9210,3.737319231033325,3.4553840160369873,1,1
9211,3.5374319553375244,3.3905868530273438,1,1
9212,3.0925159454345703,2.916635751724243,0,0
9213,3.1244332790374756,3.1598246097564697,0,0
9214,3.074474573135376,3.150916576385498,0,0
9215,3.5502429008483887,3.3560338020324707,1,1
9216,3.3633036613464355,3.306069850921631,1,1
9217,3.3173491954803467,3.0950264930725098,1,1
9218,3.235943078994751,3.152059555053711,1,1
9219,3.4583969116210938,3.2822325229644775,1,1
9220,3.597860813140869,3.331831932067871,1,1
9221,3.5561940670013428,3.2726736068725586,1,1
9222,3.166935682296753,2.9626235961914062,0,0
9223,2.832115888595581,2.5281879901885986,0,0
9224,3.1244850158691406,2.8722121715545654,0,0
9225,3.540104627609253,3.132594347000122,1,1
9226,3.418314218521118,3.102785587310791,1,1
9227,3.4511706829071045,3.108776330947876,1,1
9228,3.732325315475464,3.250765800476074,1,1
9229,3.357830286026001,3.1620168685913086,1,1
9230,3.236827850341797,3.028859853744507,0,0
9231,2.7235639095306396,2.766741991043091,0,0
9232,3.6624672412872314,3.4332375526428223,1,1
9233,3.236258029937744,3.399726152420044,0,0
9234,3.2969629764556885,2.9489614963531494,1,1
9235,3.0274839401245117,3.1017141342163086,0,0
9236,2.870833396911621,2.803097724914551,0,0
9237,3.2113029956817627,3.273353099822998,0,0
9238,3.236182928085327,3.1184046268463135,0,0
9239,2.4651145935058594,2.3826138973236084,0,0
9240,3.3759055137634277,3.1931092739105225,1,1
9241,3.346109628677368,3.031815767288208,1,1
9242,3.241508960723877,2.970635175704956,0,0
9243,3.277423858642578,2.857523202896118,1,1
9244,3.371096134185791,2.8004722595214844,1,1
9245,3.3540422916412354,2.7614943981170654,1,1
9246,2.8589694499969482,2.697293519973755,0,0
9247,3.1462278366088867,2.8358712196350098,0,0
9248,3.1421656608581543,2.632072925567627,0,0
9249,3.167046546936035,2.768252372741699,0,0
9250,2.219735622406006,2.1985714435577393,0,0
9251,3.06354022026062,2.8721609115600586,0,0
9252,3.1855766773223877,2.9020543098449707,0,0
9253,3.2844455242156982,3.158233165740967,1,1
9254,3.430079698562622,3.197634696960449,1,1
9255,3.702824831008911,3.3468496799468994,1,1
9256,3.9129250049591064,3.4785523414611816,1,1
9257,3.7682242393493652,3.4431700706481934,1,1
9258,3.407620906829834,3.340754270553589,1,1
9259,3.0632171630859375,3.0585036277770996,0,0
9260,3.332624673843384,3.145071029663086,1,1
9261,3.5259485244750977,3.2047388553619385,1,1
9262,3.144378662109375,2.8520283699035645,0,0
9263,3.0864810943603516,3.042672872543335,0,0
9264,3.003209114074707,2.798333168029785,0,0
9265,3.835676431655884,3.2960281372070312,1,1
9266,3.726609230041504,3.338239908218384,1,1
9267,3.6230082511901855,3.2665486335754395,1,1
9268,3.142268657684326,3.18817400932312,0,0
9269,3.152951955795288,2.936938524246216,0,0
9270,2.840609312057495,2.849947452545166,0,0
9271,3.2389583587646484,2.9730751514434814,0,0
9272,3.4928817749023438,3.334181785583496,1,1
9273,3.155996799468994,3.138828754425049,0,0
9274,3.2815375328063965,3.181298017501831,1,1
9275,3.463888645172119,3.20127534866333,1,1
9276,3.469271659851074,3.355487585067749,1,1
9277,2.9709858894348145,2.939375877380371,0,0
9278,4.186394691467285,3.812574863433838,1,1
9279,3.861149787902832,3.486227512359619,1,1
9280,2.8250162601470947,2.710193157196045,0,0
9281,3.037658214569092,2.940978765487671,0,0
9282,3.177199363708496,3.1798033714294434,0,0
9283,2.9243626594543457,3.0467405319213867,0,0
9284,2.7866125106811523,2.7771060466766357,0,0
9285,2.912426233291626,2.9334683418273926,0,0
9286,2.698993444442749,2.619166135787964,0,0
9287,2.8739659786224365,2.6305553913116455,0,0
9288,3.0275192260742188,2.870602607727051,0,0
9289,3.5454516410827637,3.3814773559570312,1,1
9290,3.428685426712036,3.3457717895507812,1,1
9291,3.7428786754608154,3.4018235206604004,1,1
9292,3.2202725410461426,3.210513114929199,0,0
9293,3.669358730316162,3.4258337020874023,1,1
9294,3.644998788833618,3.417452812194824,1,1
9295,3.6967270374298096,3.5514016151428223,1,1
9296,3.5847299098968506,3.4687960147857666,1,1
9297,3.3173797130584717,2.9839677810668945,1,1
9298,3.465705394744873,3.4665541648864746,1,1
9299,3.543017625808716,3.499633312225342,1,1
9300,3.0054121017456055,3.306210994720459,0,0
9301,3.11208438873291,3.3075242042541504,0,0
9302,3.547433853149414,3.3120689392089844,1,1
9303,2.833324909210205,2.651179790496826,0,0
9304,3.4958791732788086,3.418717384338379,1,1
9305,3.547813653945923,3.301217555999756,1,1
9306,3.3757314682006836,3.191506862640381,1,1
9307,3.213021755218506,3.1946630477905273,0,0
9308,3.1122186183929443,3.289909839630127,0,0
9309,3.682943344116211,3.4791617393493652,1,1
9310,3.2895026206970215,3.2762391567230225,1,1
9311,2.955026626586914,2.935397148132324,0,0
9312,3.622009515762329,3.446002721786499,1,1
9313,2.638782262802124,2.6522104740142822,0,0
9314,2.968958616256714,2.9128708839416504,0,0
9315,3.4669339656829834,3.351741313934326,1,1
9316,3.8227453231811523,3.3066728115081787,1,1
9317,3.8916401863098145,3.2406041622161865,1,1
9318,4.084604263305664,3.462283134460449,1,1
9319,3.382986068725586,3.203458070755005,1,1
9320,3.76558780670166,3.29573392868042,1,1
9321,3.5055341720581055,3.208249092102051,1,1
9322,3.4276819229125977,3.065732002258301,1,1
9323,3.639916181564331,3.3040456771850586,1,1
9324,3.2815089225769043,3.1342523097991943,1,1
9325,2.981698989868164,2.8981218338012695,0,0
9326,3.2487149238586426,3.0311760902404785,0,0
9327,3.0871193408966064,3.0198934078216553,0,0
9328,3.229369878768921,3.0367543697357178,0,0
9329,2.737154960632324,2.7674944400787354,0,0
9330,2.831496238708496,2.884190082550049,0,0
9331,3.310920476913452,3.0776517391204834,1,1
9332,3.2071614265441895,3.0201306343078613,0,0
9333,3.332982301712036,3.105259895324707,1,1
9334,3.552520513534546,3.2661094665527344,1,1
9335,3.3548922538757324,3.1761786937713623,1,1
9336,2.868048906326294,2.751917839050293,0,0
9337,3.049776315689087,2.9484901428222656,0,0
9338,2.8657419681549072,2.725815773010254,0,0
9339,3.389011859893799,3.070301055908203,1,1
9340,2.8630990982055664,2.7108898162841797,0,0
9341,3.0232717990875244,2.97871994972229,0,0
9342,3.080073118209839,2.9565601348876953,0,0
9343,3.1762423515319824,2.9923017024993896,0,0
9344,3.108757734298706,3.0592598915100098,0,0
9345,3.6215903759002686,3.227254867553711,1,1
9346,3.240689516067505,3.0183918476104736,0,0
9347,3.754127025604248,3.43192720413208,1,1
9348,3.2284653186798096,3.0738487243652344,0,0
9349,3.123143434524536,2.7986950874328613,0,0
9350,2.428330183029175,2.2997541427612305,0,0
9351,2.876654624938965,2.7309179306030273,0,0
9352,3.695981502532959,3.3211123943328857,1,1
9353,3.5619518756866455,3.381101608276367,1,1
9354,3.2180838584899902,3.04367995262146,0,0
9355,3.213512897491455,3.0507638454437256,0,0
9356,3.196620225906372,2.8963441848754883,0,0
9357,3.336171865463257,3.034733295440674,1,1
9358,2.9945309162139893,2.892719268798828,0,0
9359,3.015861749649048,2.7865278720855713,0,0
9360,3.392040252685547,3.0733485221862793,1,1
9361,3.40942645072937,3.079563617706299,1,1
9362,3.128582239151001,2.9154257774353027,0,0
9363,3.529707193374634,3.222327709197998,1,1
9364,2.6101906299591064,2.4687108993530273,0,0
9365,3.374842643737793,3.1341161727905273,1,1
9366,2.672224283218384,2.661809206008911,0,0
9367,2.353022336959839,2.3852908611297607,0,0
9368,3.1483118534088135,3.0395584106445312,0,0
9369,3.2008919715881348,3.0569093227386475,0,0
9370,2.759539842605591,2.8268537521362305,0,0
9371,3.490407705307007,3.27725887298584,1,1
9372,3.1366589069366455,3.2146787643432617,0,0
9373,3.4003310203552246,3.247445583343506,1,1
9374,3.2429006099700928,3.2156944274902344,0,0
9375,3.3600270748138428,3.177572011947632,1,1
9376,3.268172025680542,3.182614326477051,1,1
9377,3.279536485671997,3.1720852851867676,1,1
9378,2.561009168624878,2.491107940673828,0,0
9379,3.608494758605957,3.3069591522216797,1,1
9380,3.455847978591919,3.3313403129577637,1,1
9381,3.5010504722595215,3.3865461349487305,1,1
9382,3.1859798431396484,2.929915428161621,0,0
9383,2.6657400131225586,2.7323966026306152,0,0
9384,3.2532849311828613,3.2028157711029053,0,0
9385,2.4872047901153564,2.407681703567505,0,0
9386,3.1641335487365723,2.927186965942383,0,0
9387,3.122307777404785,3.026545763015747,0,0
9388,3.30413556098938,3.150686740875244,1,1
9389,2.98024320602417,2.8485915660858154,0,0
9390,3.486379861831665,3.0380656719207764,1,1
9391,3.562027931213379,3.331796646118164,1,1
9392,3.6024763584136963,3.3404221534729004,1,1
9393,3.3265295028686523,3.372396469116211,1,1
9394,3.4429402351379395,3.288012981414795,1,1
9395,3.4291374683380127,3.301504135131836,1,1
9396,3.026844024658203,2.8794169425964355,0,0
9397,3.1496710777282715,2.886408805847168,0,0
9398,3.378568649291992,3.094287872314453,1,1
9399,3.157741069793701,3.0442848205566406,0,0
9400,3.804460048675537,3.4540786743164062,1,1
9401,3.292060613632202,3.1233348846435547,1,1
9402,3.2042970657348633,3.090806245803833,0,0
9403,3.490233898162842,3.089120864868164,1,1
9404,3.5983474254608154,3.3834123611450195,1,1
9405,3.4989895820617676,3.2652297019958496,1,1
9406,3.4336025714874268,3.2137036323547363,1,1
9407,3.1267030239105225,3.0145111083984375,0,0
9408,3.0616016387939453,3.1240200996398926,0,0
9409,3.3616294860839844,3.1347341537475586,1,1
9410,3.5651330947875977,3.2151732444763184,1,1
9411,3.3632936477661133,3.237886428833008,1,1
9412,3.648284673690796,3.407693386077881,1,1
9413,3.541398525238037,3.2264251708984375,1,1
9414,3.194509744644165,3.080915689468384,0,0
9415,3.043304920196533,3.1450607776641846,0,0
9416,3.440481424331665,3.179955005645752,1,1
9417,3.143230676651001,3.050975799560547,0,0
9418,3.1923909187316895,2.933910846710205,0,0
9419,3.3061952590942383,2.98205828666687,1,1
9420,3.6949610710144043,3.429854393005371,1,1
9421,3.6107611656188965,3.256002426147461,1,1
9422,3.4848105907440186,3.336066722869873,1,1
9423,3.6486735343933105,3.433319091796875,1,1
9424,3.3922226428985596,3.240736961364746,1,1
9425,3.5301167964935303,3.363029956817627,1,1
9426,3.4105429649353027,3.3175466060638428,1,1
9427,3.3905704021453857,3.215272903442383,1,1
9428,3.4066669940948486,3.3395094871520996,1,1
9429,3.644744396209717,3.4512252807617188,1,1
9430,3.3012137413024902,3.2248263359069824,1,1
9431,3.4275262355804443,3.3534250259399414,1,1
9432,3.035749673843384,2.9750688076019287,0,0
9433,3.0477476119995117,2.9958977699279785,0,0
9434,2.8695738315582275,2.8376173973083496,0,0
9435,3.1139276027679443,3.0790514945983887,0,0
9436,3.338972330093384,3.3956499099731445,1,1
9437,3.2232067584991455,3.2686095237731934,0,0
9438,3.4688966274261475,3.1935904026031494,1,1
9439,3.2268879413604736,3.1080095767974854,0,0
9440,3.1713345050811768,2.9780664443969727,0,0
9441,3.2180159091949463,2.952061653137207,0,0
9442,2.9225878715515137,2.6821093559265137,0,0
9443,3.543349027633667,3.124460458755493,1,1
9444,3.1629321575164795,2.9053890705108643,0,0
9445,3.5085854530334473,3.0711278915405273,1,1
9446,3.3157286643981934,3.053072452545166,1,1
9447,3.12797474861145,2.8170835971832275,0,0
9448,3.167788028717041,3.1183395385742188,0,0
9449,2.9637553691864014,3.1895015239715576,0,0
9450,3.0940332412719727,3.0154190063476562,0,0
9451,3.2691447734832764,3.003567695617676,0,0
9452,3.458411931991577,3.1917762756347656,1,1
9453,3.054992437362671,2.758042335510254,0,0
9454,3.4970686435699463,3.319864273071289,1,1
9455,3.4833362102508545,3.292947769165039,1,1
9456,3.419790506362915,3.0792388916015625,1,1
9457,2.072971820831299,1.8923033475875854,0,0
9458,3.0351946353912354,2.9915575981140137,0,0
9459,3.346909999847412,3.1036593914031982,1,1
9460,2.816927671432495,2.8805484771728516,0,0
9461,3.0916008949279785,3.0621418952941895,0,0
9462,3.52988600730896,3.2171032428741455,1,1
9463,3.164414644241333,3.078624725341797,0,0
9464,3.152214527130127,3.038071393966675,0,0
9465,3.307858467102051,3.2523412704467773,1,1
9466,3.444577932357788,3.1576125621795654,1,1
9467,3.4696474075317383,3.061119556427002,1,1
9468,3.4418184757232666,3.2804112434387207,1,1
9469,3.3897550106048584,3.3001139163970947,1,1
9470,2.798225164413452,2.8080286979675293,0,0
9471,2.798888921737671,2.952643394470215,0,0
9472,3.38316011428833,3.2604246139526367,1,1
9473,3.6923017501831055,3.3880386352539062,1,1
9474,2.6883013248443604,2.623195171356201,0,0
9475,2.822056293487549,2.8133702278137207,0,0
9476,3.116410732269287,2.9991343021392822,0,0
9477,2.743206262588501,2.6765642166137695,0,0
9478,3.1370887756347656,3.0567469596862793,0,0
9479,3.069829225540161,2.9351119995117188,0,0
9480,3.539912223815918,3.0802721977233887,1,1
9481,3.500363826751709,3.1902379989624023,1,1
9482,3.356276035308838,3.252899646759033,1,1
9483,3.160038709640503,3.165959119796753,0,0
9484,3.2152671813964844,3.028947591781616,0,0
9485,3.4560325145721436,3.217263698577881,1,1
9486,3.248997688293457,3.1678600311279297,0,0
9487,3.01042103767395,3.020585060119629,0,0
9488,3.2167775630950928,3.1050806045532227,0,0
9489,3.3511736392974854,3.170034170150757,1,1
9490,3.0541927814483643,2.9709296226501465,0,0
9491,3.222569704055786,3.0420637130737305,0,0
9492,3.179363250732422,3.100111484527588,0,0
9493,2.928288459777832,3.0237386226654053,0,0
9494,3.097310781478882,3.1504807472229004,0,0
9495,2.9367733001708984,2.950394630432129,0,0
9496,3.3283045291900635,3.083040952682495,1,1
9497,3.167994976043701,3.082740306854248,0,0
9498,3.1253392696380615,3.1008896827697754,0,0
9499,3.107590436935425,3.0518698692321777,0,0
9500,2.7862305641174316,2.839334011077881,0,0
9501,3.036489248275757,2.865300178527832,0,0
9502,3.135362148284912,2.988192558288574,0,0
9503,3.054687976837158,2.8799610137939453,0,0
9504,3.731579303741455,3.4356002807617188,1,1
9505,3.3752477169036865,3.202775478363037,1,1
9506,2.9226415157318115,2.800600528717041,0,0
9507,3.1562116146087646,2.8818039894104004,0,0
9508,3.5318729877471924,3.269824504852295,1,1
9509,3.336798667907715,3.1435675621032715,1,1
9510,3.445385456085205,3.1838431358337402,1,1
9511,3.00961971282959,3.036717176437378,0,0
9512,3.5710816383361816,3.0610780715942383,1,1
9513,3.268383264541626,3.014960765838623,1,1
9514,3.206111192703247,3.124741792678833,0,0
9515,3.385183572769165,3.1440067291259766,1,1
9516,3.5210490226745605,3.4301698207855225,1,1
9517,3.755166530609131,3.576003074645996,1,1
9518,3.5828475952148438,3.19124436378479,1,1
9519,3.450627326965332,3.2823147773742676,1,1
9520,3.366405963897705,3.1497507095336914,1,1
9521,3.058295965194702,2.9148569107055664,0,0
9522,3.0225625038146973,2.881585121154785,0,0
9523,3.5612905025482178,3.0992178916931152,1,1
9524,3.774350643157959,3.0836801528930664,1,1
9525,3.197206974029541,2.962829113006592,0,0
9526,3.2217204570770264,2.9304051399230957,0,0
9527,2.5176398754119873,2.5772948265075684,0,0
9528,2.889864921569824,2.744601011276245,0,0
9529,2.981797695159912,2.7510898113250732,0,0
9530,3.3313889503479004,2.95042085647583,1,1
9531,2.9673500061035156,2.845820903778076,0,0
9532,2.9515221118927,2.9955203533172607,0,0
9533,3.5863986015319824,3.369574546813965,1,1
9534,3.5612049102783203,3.513152599334717,1,1
9535,3.028930425643921,2.8277535438537598,0,0
9536,3.2151362895965576,2.9099793434143066,0,0
9537,3.1230335235595703,3.1158175468444824,0,0
9538,3.281036615371704,3.1421360969543457,1,1
9539,3.1676394939422607,2.955751657485962,0,0
9540,3.1081323623657227,2.889589786529541,0,0
9541,3.2260959148406982,3.028557300567627,1,1
9542,3.3779821395874023,3.126204013824463,1,1
9543,3.3183860778808594,3.103710651397705,1,1
9544,3.4489364624023438,3.1654486656188965,1,1
9545,3.238537073135376,3.1805081367492676,0,0
9546,3.222247838973999,3.0803332328796387,0,0
9547,3.239981174468994,3.2262163162231445,1,1
9548,3.1581790447235107,2.9127535820007324,0,0
9549,3.263942003250122,3.2117929458618164,1,1
9550,3.291569709777832,3.179119110107422,1,1
9551,3.325850248336792,2.9487476348876953,1,1
9552,3.559473991394043,3.2776284217834473,1,1
9553,3.283177614212036,2.9706978797912598,1,1
9554,2.8280909061431885,2.566415786743164,0,0
9555,3.400444746017456,3.0420141220092773,1,1
9556,3.409289598464966,3.1893324851989746,1,1
9557,3.2852368354797363,3.1475749015808105,1,1
9558,3.069526195526123,3.1208834648132324,0,0
9559,3.222804546356201,3.142404079437256,0,0
9560,3.215075969696045,3.1330580711364746,0,0
9561,3.602487802505493,3.300478458404541,1,1
9562,3.2488412857055664,3.035641670227051,0,0
9563,3.226285696029663,3.0837645530700684,0,0
9564,3.42740797996521,3.0564746856689453,1,1
9565,3.4606668949127197,3.0799784660339355,1,1
9566,3.300379991531372,3.2963733673095703,1,1
9567,3.4528589248657227,3.1480090618133545,1,1
9568,3.1154236793518066,3.157623767852783,0,0
9569,3.2732691764831543,3.1778252124786377,1,1
9570,3.0813708305358887,2.9285483360290527,0,0
9571,2.89281964302063,2.7798044681549072,0,0
9572,3.235011100769043,2.9779365062713623,0,0
9573,3.3991026878356934,2.984222888946533,1,1
9574,3.313530683517456,2.8630526065826416,1,1
9575,3.7790043354034424,3.2885053157806396,1,1
9576,3.6041831970214844,3.252460241317749,1,1
9577,3.3245766162872314,2.9866926670074463,1,1
9578,3.468726396560669,3.2339017391204834,1,1
9579,3.319176197052002,3.2846779823303223,1,1
9580,3.4769725799560547,3.5501248836517334,1,1
9581,2.875964403152466,2.907620906829834,0,0
9582,4.241064548492432,3.6886301040649414,1,1
9583,3.679107666015625,3.4569106101989746,1,1
9584,3.7460150718688965,3.6366708278656006,1,1
9585,3.4181129932403564,3.3946146965026855,1,1
9586,3.1728627681732178,3.161256790161133,0,0
9587,3.0807409286499023,2.924171209335327,0,0
9588,3.0710201263427734,3.011381149291992,0,0
9589,2.937439441680908,2.9947943687438965,0,0
9590,3.9148378372192383,3.503974437713623,1,1
9591,3.15934419631958,2.9178905487060547,0,0
9592,2.711869716644287,2.6916797161102295,0,0
9593,3.0702362060546875,3.2166807651519775,0,0
9594,3.336693286895752,3.283404588699341,1,1
9595,3.3069865703582764,3.275503635406494,1,1
9596,2.840574026107788,3.0501046180725098,0,0
9597,3.106172561645508,3.1026391983032227,0,0
9598,3.307870864868164,3.3154053688049316,1,1
9599,3.034116268157959,3.071146011352539,0,0
9600,3.7494771480560303,3.4452567100524902,1,1
9601,3.2844245433807373,3.260812520980835,1,1
9602,3.102762222290039,3.0569934844970703,0,0
9603,3.3527328968048096,3.1777193546295166,1,1
9604,3.742229461669922,3.4711849689483643,1,1
9605,3.6748690605163574,3.358135223388672,1,1
9606,3.685373306274414,3.440880060195923,1,1
9607,3.5879552364349365,3.3494491577148438,1,1
9608,3.5665876865386963,3.3839335441589355,1,1
9609,3.3331334590911865,3.2967329025268555,1,1
9610,3.5556914806365967,3.2409815788269043,1,1
9611,3.154984951019287,2.925306797027588,0,0
9612,3.0268173217773438,2.738666534423828,0,0
9613,3.0950517654418945,2.742347240447998,0,0
9614,3.1477463245391846,2.8482751846313477,0,0
9615,3.4119198322296143,3.180835723876953,1,1
9616,3.354703426361084,3.3357608318328857,1,1
9617,3.586329221725464,3.4479029178619385,1,1
9618,3.788658380508423,3.5233030319213867,1,1
9619,3.40989351272583,3.157527446746826,1,1
9620,3.3486921787261963,3.079247236251831,1,1
9621,3.9306812286376953,3.3805959224700928,1,1
9622,3.3503544330596924,3.056812286376953,1,1
9623,3.3544137477874756,3.1881566047668457,1,1
9624,3.658113479614258,3.4885149002075195,1,1
9625,3.7387561798095703,3.5117855072021484,1,1
9626,3.447246789932251,2.9561877250671387,1,1
9627,3.2753992080688477,2.9614343643188477,0,0
9628,3.7803521156311035,3.2549312114715576,1,1
9629,3.3983781337738037,3.184889316558838,1,1
9630,4.0179123878479,3.545297145843506,1,1
9631,3.5215811729431152,3.1958348751068115,1,1
9632,3.105640411376953,2.86368465423584,0,0
9633,3.332709550857544,3.0118303298950195,1,1
9634,3.598090887069702,3.2234299182891846,1,1
9635,3.300910234451294,3.14142107963562,1,1
9636,3.440077066421509,3.2047722339630127,1,1
9637,3.1670749187469482,3.119100570678711,0,0
9638,3.403881311416626,3.1568515300750732,1,1
9639,3.791001796722412,3.3283610343933105,1,1
9640,3.4559407234191895,3.3372135162353516,1,1
9641,3.117117404937744,2.9395875930786133,0,0
9642,3.0388593673706055,2.8199868202209473,0,0
9643,3.561511754989624,3.1300759315490723,1,1
9644,3.3929526805877686,3.0398173332214355,1,1
9645,3.553679943084717,3.1697092056274414,1,1
9646,3.4954094886779785,3.14381742477417,1,1
9647,3.5949008464813232,3.197118043899536,1,1
9648,3.125861406326294,3.058433771133423,0,0
9649,3.0834600925445557,3.1464896202087402,0,0
9650,3.504570960998535,3.380408763885498,1,1
9651,3.3675005435943604,3.178884506225586,1,1
9652,3.058713912963867,3.137995481491089,0,0
9653,3.578511953353882,3.482440948486328,1,1
9654,2.58732008934021,2.8110432624816895,0,0
9655,3.461388349533081,3.3157553672790527,1,1
9656,3.3810737133026123,3.3910531997680664,1,1
9657,3.0851876735687256,3.033557176589966,0,0
9658,2.8977956771850586,3.0336732864379883,0,0
9659,3.717262029647827,3.4206888675689697,1,1
9660,3.817751884460449,3.526517868041992,1,1
9661,3.2446799278259277,2.831778049468994,0,0
9662,2.9923369884490967,3.020986795425415,0,0
9663,3.3972761631011963,3.212935209274292,1,1
9664,3.5393524169921875,3.225090980529785,1,1
9665,3.286956548690796,2.981987476348877,0,0
9666,3.6171233654022217,3.391139030456543,1,1
9667,3.405855655670166,3.0915966033935547,1,1
9668,3.106746196746826,2.957780361175537,0,0
9669,3.2614245414733887,3.1742663383483887,0,0
9670,3.628260850906372,3.4134793281555176,1,1
9671,3.7362558841705322,3.4183332920074463,1,1
9672,3.673563003540039,3.493619441986084,1,1
9673,3.6992533206939697,3.36295223236084,1,1
9674,3.759216070175171,3.555124282836914,1,1
9675,2.932323694229126,2.9350876808166504,0,0
9676,3.531310558319092,3.2489423751831055,1,1
9677,3.710526704788208,3.3706953525543213,1,1
9678,3.3747141361236572,3.2508835792541504,1,1
9679,2.5973384380340576,2.5797080993652344,0,0
9680,2.8610987663269043,2.67702579498291,0,0
9681,2.825324058532715,2.768993854522705,0,0
9682,2.9619204998016357,2.8313558101654053,0,0
9683,3.062814235687256,3.027168035507202,0,0
9684,2.790593147277832,2.8257222175598145,0,0
9685,2.829253911972046,2.830490827560425,0,0
9686,2.7188425064086914,2.807342290878296,0,0
9687,3.149508476257324,3.164754867553711,0,0
9688,3.268192768096924,3.1599104404449463,0,0
9689,3.6148040294647217,3.426628351211548,1,1
9690,3.2711918354034424,3.3577427864074707,0,0
9691,3.2624454498291016,3.229097604751587,0,0
9692,3.1122095584869385,3.0855298042297363,0,0
9693,2.98749041557312,2.9969279766082764,0,0
9694,3.454468250274658,3.3463926315307617,1,1
9695,3.1959359645843506,3.0368552207946777,0,0
9696,3.357773780822754,3.192850112915039,1,1
9697,3.3532636165618896,3.13492488861084,1,1
9698,3.115152597427368,3.1341605186462402,0,0
9699,3.0485217571258545,3.1243786811828613,0,0
9700,3.1100962162017822,3.09446120262146,0,0
9701,2.961810827255249,2.987278938293457,0,0
9702,3.044449806213379,2.9250969886779785,0,0
9703,2.698882818222046,2.889814615249634,0,0
9704,2.612858533859253,2.9119961261749268,0,0
9705,2.9808027744293213,3.0928890705108643,0,0
9706,2.662431478500366,2.581296920776367,0,0
9707,2.8992490768432617,2.8834285736083984,0,0
9708,3.0523366928100586,3.040243625640869,0,0
9709,3.0141398906707764,2.8787903785705566,0,0
9710,3.221796989440918,3.0769662857055664,0,0
9711,2.9731698036193848,2.9343068599700928,0,0
9712,3.110306978225708,3.12420654296875,0,0
9713,2.9925014972686768,2.882004737854004,0,0
9714,3.124732255935669,3.1167349815368652,0,0
9715,3.1747941970825195,3.038677930831909,0,0
9716,2.7823193073272705,2.7091121673583984,0,0
9717,3.1040749549865723,3.040846586227417,0,0
9718,3.477308511734009,3.0871965885162354,1,1
9719,3.218345880508423,3.1198360919952393,0,0
9720,3.2858145236968994,3.1205174922943115,1,1
9721,3.1496853828430176,2.779127597808838,0,0
9722,3.6559507846832275,3.344385862350464,1,1
9723,3.2723302841186523,3.0294628143310547,0,0
9724,3.396682024002075,3.0735528469085693,1,1
9725,3.4004876613616943,3.065105438232422,1,1
9726,2.909139633178711,2.9779789447784424,0,0
9727,3.081350088119507,3.054903507232666,0,0
9728,3.100722312927246,3.0477960109710693,0,0
9729,3.324514865875244,3.080625534057617,1,1
9730,3.4778053760528564,3.1935884952545166,1,1
9731,3.3678765296936035,3.278125286102295,1,1
9732,3.0393760204315186,3.172145366668701,0,0
9733,3.3047735691070557,3.1309545040130615,1,1
9734,3.259507179260254,3.1106090545654297,0,0
9735,3.1181015968322754,2.956711769104004,0,0
9736,3.130725145339966,2.954707145690918,0,0
9737,3.223375082015991,3.000260829925537,0,0
9738,3.2628986835479736,3.0805327892303467,0,0
9739,3.273623466491699,3.118213653564453,0,0
9740,3.364609956741333,3.226813316345215,1,1
9741,3.2230238914489746,3.160061836242676,0,0
9742,3.1340157985687256,3.135237216949463,0,0
9743,3.420787811279297,3.277587890625,1,1
9744,3.2186973094940186,3.1879405975341797,0,0
9745,3.1238937377929688,3.0431904792785645,0,0
9746,2.726588010787964,2.7196147441864014,0,0
9747,3.2774434089660645,3.1436376571655273,0,0
9748,2.8487367630004883,3.022327423095703,0,0
9749,2.7335660457611084,2.6540746688842773,0,0
9750,2.8161962032318115,2.732497215270996,0,0
9751,3.110145330429077,2.7574470043182373,0,0
9752,2.9915664196014404,2.894041061401367,0,0
9753,2.810105562210083,2.737550973892212,0,0
9754,3.0115559101104736,2.8427391052246094,0,0
9755,2.6531431674957275,2.516479969024658,0,0
9756,2.383420944213867,2.562342405319214,0,0
9757,2.9892802238464355,2.9585976600646973,0,0
9758,3.1628270149230957,3.118408203125,0,0
9759,2.864617109298706,2.7362704277038574,0,0
9760,2.969841957092285,3.1115808486938477,0,0
9761,2.920642852783203,2.9702625274658203,0,0
9762,2.946676015853882,2.9527621269226074,0,0
9763,3.0298988819122314,2.9317266941070557,0,0
9764,3.185598373413086,3.2517895698547363,0,0
9765,3.3083388805389404,3.239072561264038,1,1
9766,3.2332117557525635,3.2810943126678467,0,0
9767,3.5529778003692627,3.6058592796325684,1,1
9768,3.5234527587890625,3.5042946338653564,1,1
9769,3.0646965503692627,2.9037985801696777,0,0
9770,2.926548480987549,2.796856164932251,0,0
9771,3.080289602279663,2.9988412857055664,0,0
9772,2.9881515502929688,3.010209083557129,0,0
9773,2.9178590774536133,2.8977532386779785,0,0
9774,2.8340022563934326,2.798295736312866,0,0
9775,2.960692882537842,2.7597227096557617,0,0
9776,3.2575137615203857,3.2401514053344727,1,1
9777,3.2107138633728027,3.3235702514648438,0,0
9778,3.2906394004821777,3.0894052982330322,1,1
9779,3.302685260772705,2.924210548400879,1,1
9780,3.390434980392456,3.2457504272460938,1,1
9781,3.601306676864624,3.3036580085754395,1,1
9782,3.5226311683654785,3.0801289081573486,1,1
9783,3.8516361713409424,3.453526735305786,1,1
9784,3.475663900375366,3.299891471862793,1,1
9785,3.4439425468444824,3.1725242137908936,1,1
9786,2.819009304046631,2.8294055461883545,0,0
9787,2.973464012145996,2.816679000854492,0,0
9788,3.693681001663208,3.365299701690674,1,1
9789,2.957592725753784,2.825192451477051,0,0
9790,3.1926708221435547,2.9412384033203125,0,0
9791,3.173097848892212,2.8137383460998535,0,0
9792,3.261155366897583,3.0773439407348633,1,1
9793,3.4700331687927246,3.0290088653564453,1,1
9794,3.5637083053588867,3.184826374053955,1,1
9795,3.148012399673462,2.979196071624756,0,0
9796,3.102473020553589,3.0177929401397705,0,0
9797,3.5820987224578857,3.3460683822631836,1,1
9798,3.382183313369751,3.190272331237793,1,1
9799,3.0347485542297363,3.0400447845458984,0,0
9800,2.973609447479248,3.0262980461120605,0,0
9801,3.0451745986938477,3.174922227859497,0,0
9802,3.2324657440185547,3.0001049041748047,0,0
9803,3.1393396854400635,3.111304521560669,0,0
9804,2.8195555210113525,2.9065639972686768,0,0
9805,3.038567304611206,3.151407241821289,0,0
9806,2.9250452518463135,2.9098458290100098,0,0
9807,3.0288584232330322,3.1174018383026123,0,0
9808,2.7857911586761475,2.9586598873138428,0,0
9809,2.8354716300964355,2.8071439266204834,0,0
9810,2.8510026931762695,3.078334331512451,0,0
9811,3.0369791984558105,3.0923938751220703,0,0
9812,2.915165662765503,2.963747024536133,0,0
9813,3.031088352203369,3.17024564743042,0,0
9814,2.9343602657318115,2.9685518741607666,0,0
9815,3.257328987121582,3.1325080394744873,1,1
9816,3.2291436195373535,3.19857120513916,1,1
9817,3.232365608215332,3.1747941970825195,1,1
9818,3.024339437484741,2.889939546585083,0,0
9819,3.0511462688446045,3.0322113037109375,0,0
9820,3.1930112838745117,3.2141919136047363,1,1
9821,3.2809882164001465,3.234757423400879,1,1
9822,3.141521692276001,2.8963427543640137,0,0
9823,3.529499053955078,3.251241683959961,1,1
9824,3.3169686794281006,2.971881628036499,1,1
9825,3.8098232746124268,3.342053174972534,1,1
9826,3.20414400100708,3.2720224857330322,1,1
9827,3.1686551570892334,2.9949092864990234,0,0
9828,2.7341396808624268,2.491589069366455,0,0
9829,3.3195102214813232,3.034529209136963,1,1
9830,3.24560546875,3.1893582344055176,1,1
9831,3.69046950340271,3.4467644691467285,1,1
9832,3.059145450592041,2.884756565093994,0,0
9833,2.6078152656555176,2.6434457302093506,0,0
9834,3.084616184234619,2.9731452465057373,0,0
9835,2.6069624423980713,2.5980865955352783,0,0
9836,2.974033832550049,2.957390785217285,0,0
9837,2.9122931957244873,2.905677080154419,0,0
9838,3.263984441757202,3.1213343143463135,1,1
9839,3.572097063064575,3.3255515098571777,1,1
9840,3.500670909881592,3.3802194595336914,1,1
9841,3.5852301120758057,3.2899739742279053,1,1
9842,3.2062227725982666,2.8939754962921143,1,1
9843,3.220266103744507,2.860836982727051,1,1
9844,3.258237600326538,2.9041929244995117,1,1
9845,3.7032763957977295,3.3580312728881836,1,1
9846,3.7684943675994873,3.4356887340545654,1,1
9847,3.466911554336548,3.2438554763793945,1,1
9848,3.6930007934570312,3.2546026706695557,1,1
9849,3.3492486476898193,3.3101439476013184,1,1
9850,3.5123963356018066,3.402945041656494,1,1
9851,3.2438085079193115,3.2203032970428467,1,1
9852,3.3466649055480957,3.0396833419799805,1,1
9853,3.395841121673584,2.9699952602386475,1,1
9854,3.400841236114502,3.295576572418213,1,1
9855,3.061903715133667,2.9238991737365723,0,0
9856,3.1008756160736084,2.9350297451019287,0,0
9857,3.098512649536133,2.9681131839752197,0,0
9858,3.3890089988708496,3.135094165802002,1,1
9859,3.101344108581543,3.073916435241699,0,0
9860,3.563580274581909,3.276434898376465,1,1
9861,3.577193021774292,3.309025287628174,1,1
9862,3.194885015487671,3.139089345932007,1,1
9863,3.5701563358306885,3.248825788497925,1,1
9864,3.3265018463134766,3.2483468055725098,1,1
9865,3.0555005073547363,3.0607447624206543,0,0
9866,3.1774070262908936,3.2452480792999268,1,1
9867,3.252504825592041,3.2452280521392822,1,1
9868,3.202808141708374,3.1421802043914795,1,1
9869,3.2631101608276367,3.165126323699951,1,1
9870,3.077566623687744,2.9334616661071777,0,0
9871,3.126560688018799,3.091625213623047,0,0
9872,3.1197574138641357,3.066645622253418,0,0
9873,3.2186038494110107,3.1330840587615967,1,1
9874,2.9347126483917236,2.7805027961730957,0,0
9875,2.781068801879883,2.677516460418701,0,0
9876,2.2942733764648438,2.3887667655944824,0,0
9877,2.794541597366333,2.569209098815918,0,0
9878,2.5431201457977295,2.6507911682128906,0,0
9879,2.7746825218200684,2.7554922103881836,0,0
9880,2.4612045288085938,2.5567758083343506,0,0
9881,2.6104986667633057,2.653158187866211,0,0
9882,2.9862961769104004,2.8071985244750977,0,0
9883,3.494264602661133,3.1450350284576416,1,1
9884,3.322469472885132,2.9936671257019043,1,1
9885,3.315605878829956,3.131866455078125,1,1
9886,3.481137990951538,3.092033863067627,1,1
9887,3.7210700511932373,3.2142434120178223,1,1
9888,3.638751745223999,3.139946937561035,1,1
9889,3.3356292247772217,3.026121139526367,1,1
9890,3.021394729614258,2.8912081718444824,0,0
9891,3.599432945251465,3.273705005645752,1,1
9892,3.7466378211975098,3.2381432056427,1,1
9893,3.195866823196411,3.057608127593994,1,1
9894,3.3867032527923584,3.2433485984802246,1,1
9895,3.2766072750091553,3.022191047668457,1,1
9896,3.26495099067688,3.0902562141418457,1,1
9897,2.9952988624572754,2.8901195526123047,0,0
9898,3.5622308254241943,3.2550745010375977,1,1
9899,3.5465357303619385,3.1781866550445557,1,1
9900,2.9313457012176514,2.9849863052368164,0,0
9901,3.0473520755767822,3.142782211303711,0,0
9902,3.2681353092193604,3.2439675331115723,1,1
9903,2.863246440887451,2.946767807006836,0,0
9904,3.181846857070923,3.185821294784546,1,1
9905,3.206265449523926,3.201054811477661,1,1
9906,3.552487373352051,3.4803781509399414,1,1
9907,3.2543106079101562,3.206078052520752,1,1
9908,3.045754909515381,3.0303027629852295,0,0
9909,3.291414260864258,3.2931246757507324,1,1
9910,3.12667179107666,3.0690693855285645,0,0
9911,3.251136302947998,3.255643129348755,1,1
9912,3.1894137859344482,3.069622039794922,0,0
9913,3.075310707092285,3.032672166824341,0,0
9914,3.1763243675231934,2.999419689178467,0,0
9915,3.026003837585449,2.923326253890991,0,0
9916,3.1795527935028076,3.0502758026123047,0,0
9917,3.1014559268951416,2.889523983001709,0,0
9918,3.1693131923675537,2.9786550998687744,0,0
9919,3.398383617401123,3.1744210720062256,1,1
9920,3.2198989391326904,2.928738832473755,1,1
9921,3.0087883472442627,2.8036792278289795,0,0
9922,3.408456802368164,3.022026300430298,1,1
9923,3.1045730113983154,2.8087213039398193,0,0
9924,3.3653721809387207,2.97590970993042,1,1
9925,3.2190444469451904,2.936490535736084,1,1
9926,3.0469753742218018,2.855865478515625,0,0
9927,3.00287127494812,2.784193992614746,0,0
9928,3.3169643878936768,2.995222806930542,1,1
9929,3.036928176879883,2.956336498260498,0,0
9930,3.0670464038848877,2.860990524291992,0,0
9931,2.7703335285186768,2.6275768280029297,0,0
9932,3.074504852294922,2.8442678451538086,0,0
9933,3.29105281829834,3.074550151824951,1,1
9934,3.0532355308532715,2.8506007194519043,0,0
9935,3.2238528728485107,2.893714666366577,1,1
9936,3.379337787628174,2.8760361671447754,1,1
9937,3.2477385997772217,3.0085654258728027,1,1
9938,3.085824728012085,2.953372001647949,0,0
9939,3.1611549854278564,2.888875722885132,0,0
9940,3.252639055252075,3.0431365966796875,1,1
9941,2.6195621490478516,2.552109479904175,0,0
9942,3.3209760189056396,2.936241626739502,1,1
9943,3.3373186588287354,2.9373955726623535,1,1
9944,3.1487083435058594,3.0209097862243652,0,0
9945,3.0447676181793213,2.877779722213745,0,0
9946,3.18605637550354,2.8864283561706543,1,1
9947,3.354964256286621,3.225963592529297,1,1
9948,3.270077705383301,3.0829834938049316,1,1
9949,3.188667058944702,3.1285560131073,1,1
9950,3.597097873687744,3.426730155944824,1,1
9951,3.450188159942627,3.337646007537842,1,1
9952,3.45554518699646,3.3533248901367188,1,1
9953,3.377511739730835,3.2159857749938965,1,1
9954,3.4679832458496094,3.3666670322418213,1,1
9955,3.468766450881958,3.361428737640381,1,1
9956,3.396233081817627,3.189131736755371,1,1
9957,2.9675590991973877,2.6994142532348633,0,0
9958,3.5235283374786377,3.192467212677002,1,1
9959,3.10983943939209,2.7319774627685547,0,0
9960,3.020998954772949,2.6446499824523926,0,0
9961,3.1288986206054688,2.7791340351104736,0,0
9962,3.2675437927246094,3.187380790710449,1,1
9963,3.6372926235198975,3.403487205505371,1,1
9964,3.647690534591675,3.5191760063171387,1,1
9965,3.702552318572998,3.421619176864624,1,1
9966,3.9313011169433594,3.4926912784576416,1,1
9967,3.647291660308838,3.3591692447662354,1,1
9968,3.567477226257324,3.434546947479248,1,1
9969,3.8898656368255615,3.4560232162475586,1,1
9970,3.535288095474243,3.3270187377929688,1,1
9971,3.6727418899536133,3.389260768890381,1,1
9972,3.3978564739227295,3.1615121364593506,1,1
9973,3.3415074348449707,2.8476133346557617,1,1
9974,3.6332991123199463,3.293391466140747,1,1
9975,3.294799566268921,2.8744354248046875,1,1
9976,2.4190847873687744,2.571288585662842,0,0
9977,2.4823389053344727,2.2824230194091797,0,0
9978,2.435046434402466,2.485750675201416,0,0
9979,2.7090067863464355,2.641927480697632,0,0
9980,2.7967019081115723,2.7742390632629395,0,0
9981,2.8625869750976562,2.6451308727264404,0,0
9982,2.7041828632354736,2.7483162879943848,0,0
9983,2.540888786315918,2.6467103958129883,0,0
9984,2.8820302486419678,2.666626453399658,0,0
9985,3.0013904571533203,2.8407435417175293,0,0
9986,3.464181661605835,3.105226993560791,1,1
9987,3.3596079349517822,3.1455118656158447,1,1
9988,3.8690593242645264,3.3974552154541016,1,1
9989,3.3306467533111572,3.0631418228149414,1,1
9990,2.790201425552368,2.6377739906311035,0,0
9991,2.540513277053833,2.3457531929016113,0,0
9992,3.6269431114196777,3.2611184120178223,1,1
9993,2.2439422607421875,2.199937582015991,0,0
9994,2.4720797538757324,2.344752788543701,0,0
9995,3.3577094078063965,2.961707830429077,1,1
9996,3.2202680110931396,2.995763063430786,1,1
9997,3.255378484725952,3.246249198913574,1,1
9998,3.2936489582061768,3.080815553665161,1,1
9999,3.2562687397003174,3.153642177581787,1,1
10000,3.566751480102539,3.474273920059204,1,1
