t,ce,conservation,gate_open,updated
1,4.172710418701172,0.0,1,1
2,3.837944507598877,0.0,1,1
3,3.837674140930176,0.0,1,1
4,4.927830696105957,0.0,1,1
5,4.971061706542969,0.0,1,1
6,4.901921272277832,0.0,1,1
7,5.066926956176758,0.0,1,1
8,3.3857004642486572,0.0,1,1
9,4.17404842376709,0.0,1,1
10,4.182242393493652,0.0,1,1
11,4.375926971435547,0.0,1,1
12,3.7376809120178223,0.0,1,1
13,3.896254301071167,0.0,1,1
14,4.622074127197266,0.0,1,1
15,4.421976566314697,0.0,1,1
16,4.123307704925537,0.0,1,1
17,4.845058917999268,0.0,1,1
18,4.439325332641602,0.0,1,1
19,3.60957932472229,0.0,1,1
20,3.656702756881714,0.0,1,1
21,4.6366987228393555,0.0,1,1
22,4.294458389282227,0.0,1,1
23,4.0119404792785645,0.0,1,1
24,4.590290546417236,0.0,1,1
25,4.090281009674072,0.0,1,1
26,4.7320146560668945,0.0,1,1
27,5.313547611236572,0.0,1,1
28,4.149144649505615,0.0,1,1
29,4.834874153137207,0.0,1,1
30,4.732871055603027,0.0,1,1
31,4.722455978393555,0.0,1,1
32,3.98374605178833,0.0,1,1
33,3.8305752277374268,0.0,1,1
34,3.6484296321868896,0.0,1,1
35,3.818981409072876,0.0,1,1
36,4.346828937530518,0.0,1,1
37,4.662606716156006,0.0,1,1
38,4.2169694900512695,0.0,1,1
39,4.367681980133057,0.0,1,1
40,4.568722724914551,0.0,1,1
41,4.646696090698242,0.0,1,1
42,4.233002662658691,0.0,1,1
43,4.336647987365723,0.0,1,1
44,3.82251238822937,0.0,1,1
45,3.9674365520477295,0.0,1,1
46,4.168498992919922,0.0,1,1
47,3.635396957397461,0.0,1,1
48,3.4048948287963867,0.0,1,1
49,4.266489505767822,0.0,1,1
50,4.497613906860352,0.0,1,1
51,3.097477912902832,0.0,0,0
52,3.6433372497558594,0.0,1,1
53,3.9407877922058105,0.0,0,0
54,3.354983329772949,0.0,1,1
55,3.966496706008911,0.0,0,0
56,3.8391330242156982,0.0,0,0
57,3.5572969913482666,0.0,0,0
58,3.6766374111175537,0.0,0,0
59,3.0505223274230957,0.0,0,0
60,3.3650107383728027,0.0,0,0
61,4.024211883544922,0.0,0,0
62,3.549372434616089,0.0,1,1
63,3.3877909183502197,0.0,0,0
64,4.025414943695068,0.0,1,1
65,3.4908390045166016,0.0,1,1
66,3.897514581680298,0.0,0,0
67,3.9286386966705322,0.0,1,1
68,4.124612808227539,0.0,1,1
69,4.217217445373535,0.0,1,1
70,3.8126003742218018,0.0,0,0
71,2.8750016689300537,0.0,1,1
72,3.615255117416382,0.0,0,0
73,3.7665371894836426,0.0,0,0
74,4.372167110443115,0.0,0,0
75,4.634255886077881,0.0,0,0
76,3.5942368507385254,0.0,0,0
77,4.322565078735352,0.0,0,0
78,4.43405818939209,0.0,0,0
79,4.150126934051514,0.0,0,0
80,4.175480842590332,0.0,0,0
81,4.1432390213012695,0.0,0,0
82,4.134949684143066,0.0,1,1
83,4.314959526062012,0.0,0,0
84,3.6050915718078613,0.0,0,0
85,3.343571662902832,0.0,0,0
86,3.7136638164520264,0.0,0,0
87,3.7201499938964844,0.0,0,0
88,3.7031280994415283,0.0,0,0
89,2.6329891681671143,0.0,0,0
90,2.9883084297180176,0.0,1,1
91,3.3439924716949463,0.0,0,0
92,3.500200033187866,0.0,0,0
93,3.8495733737945557,0.0,1,1
94,4.225619316101074,0.0,1,1
95,3.8498499393463135,0.0,0,0
96,2.975130081176758,0.0,0,0
97,2.7122209072113037,0.0,1,1
98,3.808861017227173,0.0,0,0
99,4.2553815841674805,0.0,1,1
100,3.9174704551696777,0.0,0,0
101,3.8114898204803467,0.0,1,1
102,4.297204971313477,0.0,0,0
103,2.8636791706085205,0.0,1,1
104,3.939711093902588,0.0,1,1
105,3.6360936164855957,0.0,0,0
106,3.5810277462005615,0.0,0,0
107,3.930492639541626,0.0,0,0
108,3.8242850303649902,0.0,1,1
109,2.9727752208709717,0.0,1,1
110,4.001455783843994,0.0,0,0
111,3.175492525100708,0.0,1,1
112,3.586703062057495,0.0,1,1
113,4.524643898010254,0.0,0,0
114,3.94366455078125,0.0,0,0
115,3.9931514263153076,0.0,1,1
116,4.565642833709717,0.0,0,0
117,3.585562229156494,0.0,0,0
118,3.346778392791748,0.0,0,0
119,3.461261034011841,0.0,0,0
120,3.771820545196533,0.0,0,0
121,3.662301540374756,0.0,0,0
122,3.292957067489624,0.0,1,1
123,4.003170490264893,0.0,0,0
124,3.7294728755950928,0.0,1,1
125,3.515214443206787,0.0,1,1
126,4.024751663208008,0.0,0,0
127,3.8556416034698486,0.0,0,0
128,2.686429977416992,0.0,0,0
129,2.0580873489379883,0.0,1,1
130,2.294386386871338,0.0,1,1
131,2.8896548748016357,0.0,0,0
132,2.5283617973327637,0.0,1,1
133,3.6228902339935303,0.0,0,0
134,4.307354927062988,0.0,0,0
135,3.8551197052001953,0.0,0,0
136,4.302851676940918,0.0,1,1
137,4.248152256011963,0.0,0,0
138,4.599727153778076,0.0,1,1
139,4.149767875671387,0.0,0,0
140,4.024491786956787,0.0,0,0
141,4.7204484939575195,0.0,1,1
142,4.310931205749512,0.0,1,1
143,4.733215808868408,0.0,0,0
144,4.365677356719971,0.0,0,0
145,4.677458763122559,0.0,1,1
146,4.369301795959473,0.0,1,1
147,4.1912970542907715,0.0,0,0
148,4.128411293029785,0.0,1,1
149,4.396036624908447,0.0,0,0
150,4.26659631729126,0.0,0,0
151,4.548740863800049,0.0,0,0
152,4.363497257232666,0.0,1,1
153,4.357488632202148,0.0,0,0
154,4.057482719421387,0.0,0,0
155,4.463080406188965,0.0,0,0
156,3.9703550338745117,0.0,1,1
157,4.31381893157959,0.0,0,0
158,4.345785617828369,0.0,0,0
159,4.335822582244873,0.0,0,0
160,4.226076602935791,0.0,1,1
161,4.353372097015381,0.0,0,0
162,3.963336706161499,0.0,1,1
163,4.093051433563232,0.0,1,1
164,4.470950126647949,0.0,0,0
165,4.023654460906982,0.0,1,1
166,4.329044818878174,0.0,0,0
167,3.9298527240753174,0.0,0,0
168,4.445557117462158,0.0,0,0
169,4.399576663970947,0.0,1,1
170,4.360227108001709,0.0,0,0
171,4.233630657196045,0.0,0,0
172,4.612640380859375,0.0,1,1
173,4.493106842041016,0.0,0,0
174,3.973388671875,0.0,1,1
175,4.131927490234375,0.0,1,1
176,4.147402286529541,0.0,1,1
177,4.198287010192871,0.0,0,0
178,3.5472848415374756,0.0,0,0
179,3.855107545852661,0.0,1,1
180,4.086889743804932,0.0,1,1
181,3.9295384883880615,0.0,0,0
182,3.628345012664795,0.0,1,1
183,4.490159511566162,0.0,1,1
184,4.766498565673828,0.0,0,0
185,5.230613708496094,0.0,1,1
186,5.009881019592285,0.0,0,0
187,4.240509986877441,0.0,1,1
188,3.625779867172241,0.0,0,0
189,4.107235431671143,0.0,0,0
190,3.8216543197631836,0.0,1,1
191,4.417242527008057,0.0,0,0
192,3.9984798431396484,0.0,1,1
193,3.904492139816284,0.0,0,0
194,3.842315196990967,0.0,1,1
195,4.291266918182373,0.0,0,0
196,4.498778820037842,0.0,0,0
197,4.409605026245117,0.0,0,0
198,4.3265838623046875,0.0,0,0
199,4.312023162841797,0.0,0,0
200,4.270082473754883,0.0,0,0
201,4.908451080322266,0.0,0,0
202,4.055719375610352,0.0,0,0
203,4.675720691680908,0.0,0,0
204,4.19813871383667,0.0,1,1
205,4.088581085205078,0.0,0,0
206,4.438725471496582,0.0,0,0
207,4.364701747894287,0.0,1,1
208,4.17510461807251,0.0,0,0
209,4.145462512969971,0.0,0,0
210,4.259915351867676,0.0,0,0
211,4.4876604080200195,0.0,0,0
212,4.2471818923950195,0.0,0,0
213,4.557072639465332,0.0,0,0
214,4.521451473236084,0.0,0,0
215,4.364762306213379,0.0,0,0
216,4.6458001136779785,0.0,0,0
217,4.390968322753906,0.0,1,1
218,3.0901947021484375,0.0,0,0
219,2.9146535396575928,0.0,0,0
220,1.692289113998413,0.0,1,1
221,1.7511682510375977,0.0,0,0
222,3.0754849910736084,0.0,1,1
223,2.8768084049224854,0.0,0,0
224,3.0998144149780273,0.0,1,1
225,3.324937582015991,0.0,1,1
226,2.987316608428955,0.0,0,0
227,4.009599685668945,0.0,1,1
228,3.7158985137939453,0.0,0,0
229,4.036222457885742,0.0,0,0
230,4.107494831085205,0.0,0,0
231,3.1470530033111572,0.0,0,0
232,4.241055488586426,0.0,0,0
233,4.365373134613037,0.0,0,0
234,4.508363723754883,0.0,1,1
235,4.021476745605469,0.0,0,0
236,3.648555040359497,0.0,0,0
237,3.904878854751587,0.0,1,1
238,3.976651191711426,0.0,1,1
239,3.998779535293579,0.0,1,1
240,4.19656229019165,0.0,1,1
241,3.859295129776001,0.0,0,0
242,4.451320171356201,0.0,0,0
243,4.45955228805542,0.0,0,0
244,4.045454025268555,0.0,1,1
245,3.859365463256836,0.0,1,1
246,4.054495334625244,0.0,1,1
247,3.664407253265381,0.0,1,1
248,4.1185526847839355,0.0,0,0
249,4.254613399505615,0.0,0,0
250,3.992257833480835,0.0,1,1
251,4.1472344398498535,0.0,1,1
252,3.935818672180176,0.0,0,0
253,3.989201545715332,0.0,1,1
254,4.166912078857422,0.0,1,1
255,3.4537601470947266,0.0,1,1
256,4.141132831573486,0.0,0,0
257,5.232971668243408,0.0,0,0
258,5.065279006958008,0.0,0,0
259,4.937458038330078,0.0,0,0
260,4.441765308380127,0.0,0,0
261,4.316967487335205,0.0,0,0
262,4.632332801818848,0.0,0,0
263,4.6822991371154785,0.0,0,0
264,4.879805564880371,0.0,0,0
265,4.873579978942871,0.0,0,0
266,5.133527755737305,0.0,0,0
267,3.9096803665161133,0.0,0,0
268,4.324370861053467,0.0,0,0
269,4.287912368774414,0.0,0,0
270,3.763502359390259,0.0,1,1
271,4.136417865753174,0.0,0,0
272,4.0302629470825195,0.0,1,1
273,4.108656883239746,0.0,0,0
274,4.2152581214904785,0.0,1,1
275,3.5830304622650146,0.0,0,0
276,4.231858253479004,0.0,0,0
277,3.9257853031158447,0.0,0,0
278,4.484134197235107,0.0,1,1
279,4.032918453216553,0.0,0,0
280,4.004836082458496,0.0,1,1
281,3.4160983562469482,0.0,1,1
282,3.6059224605560303,0.0,0,0
283,3.811579465866089,0.0,0,0
284,4.343583583831787,0.0,0,0
285,3.760568141937256,0.0,1,1
286,4.481105327606201,0.0,0,0
287,3.9507713317871094,0.0,1,1
288,3.8418750762939453,0.0,0,0
289,3.7744641304016113,0.0,0,0
290,4.399290561676025,0.0,1,1
291,4.087733268737793,0.0,0,0
292,4.027767181396484,0.0,1,1
293,4.193709850311279,0.0,0,0
294,4.336693286895752,0.0,1,1
295,4.223459243774414,0.0,0,0
296,3.904841184616089,0.0,0,0
297,3.3568289279937744,0.0,1,1
298,4.070236682891846,0.0,0,0
299,4.068636894226074,0.0,1,1
300,3.911040782928467,0.0,0,0
301,3.7707247734069824,0.0,0,0
302,4.349017143249512,0.0,1,1
303,4.487004280090332,0.0,0,0
304,4.041263103485107,0.0,0,0
305,2.738098621368408,0.0,1,1
306,3.129578113555908,0.0,0,0
307,3.828732490539551,0.0,0,0
308,2.74043345451355,0.0,1,1
309,3.8493707180023193,0.0,1,1
310,4.452362537384033,0.0,1,1
311,4.464776515960693,0.0,1,1
312,4.04567289352417,0.0,1,1
313,3.94055438041687,0.0,1,1
314,4.173561096191406,0.0,1,1
315,4.219990253448486,0.0,1,1
316,3.2230451107025146,0.0,1,1
317,3.96008038520813,0.0,1,1
318,3.7433905601501465,0.0,1,1
319,3.85026478767395,0.0,0,0
320,3.5357472896575928,0.0,1,1
321,4.478917598724365,0.0,1,1
322,3.529315233230591,0.0,1,1
323,3.236560106277466,0.0,1,1
324,3.572417736053467,0.0,0,0
325,3.6445717811584473,0.0,0,0
326,3.9204282760620117,0.0,0,0
327,4.252386093139648,0.0,1,1
328,3.6574461460113525,0.0,1,1
329,3.397840738296509,0.0,0,0
330,2.2835686206817627,0.0,1,1
331,3.2319400310516357,0.0,0,0
332,3.681662082672119,0.0,0,0
333,4.230371475219727,0.0,0,0
334,3.2629482746124268,0.0,1,1
335,3.137669563293457,0.0,0,0
336,2.8555285930633545,0.0,1,1
337,4.346148490905762,0.0,0,0
338,3.837207555770874,0.0,0,0
339,4.443787574768066,0.0,1,1
340,4.242552280426025,0.0,1,1
341,4.232130527496338,0.0,1,1
342,4.361491680145264,0.0,1,1
343,3.135263442993164,0.0,0,0
344,3.8516592979431152,0.0,1,1
345,4.021344184875488,0.0,0,0
346,3.6998138427734375,0.0,0,0
347,3.4270331859588623,0.0,0,0
348,4.121718883514404,0.0,1,1
349,3.2323896884918213,0.0,0,0
350,3.2802200317382812,0.0,0,0
351,3.2441773414611816,0.0,0,0
352,3.1327667236328125,0.0,0,0
353,3.967283010482788,0.0,1,1
354,3.9770238399505615,0.0,1,1
355,3.9172439575195312,0.0,1,1
356,4.093155384063721,0.0,1,1
357,4.173393726348877,0.0,0,0
358,3.421860694885254,0.0,0,0
359,3.2049782276153564,0.0,1,1
360,4.329944133758545,0.0,0,0
361,4.350817680358887,0.0,1,1
362,4.083323955535889,0.0,1,1
363,3.860546112060547,0.0,0,0
364,4.798123359680176,0.0,1,1
365,3.9913783073425293,0.0,1,1
366,4.163659572601318,0.0,1,1
367,4.148126602172852,0.0,0,0
368,4.4958295822143555,0.0,1,1
369,3.4526216983795166,0.0,1,1
370,4.885293006896973,0.0,0,0
371,4.472750186920166,0.0,1,1
372,4.24360466003418,0.0,0,0
373,4.190522193908691,0.0,0,0
374,3.825536012649536,0.0,1,1
375,4.462989807128906,0.0,0,0
376,4.410945415496826,0.0,0,0
377,3.548743963241577,0.0,1,1
378,3.8331546783447266,0.0,0,0
379,4.584688663482666,0.0,0,0
380,4.460629940032959,0.0,1,1
381,3.9116737842559814,0.0,1,1
382,3.879711866378784,0.0,0,0
383,3.216543436050415,0.0,1,1
384,3.7536423206329346,0.0,0,0
385,3.846179723739624,0.0,1,1
386,4.177055835723877,0.0,1,1
387,3.62020206451416,0.0,0,0
388,4.100533962249756,0.0,1,1
389,4.058822154998779,0.0,1,1
390,3.8387017250061035,0.0,0,0
391,3.6420485973358154,0.0,0,0
392,3.809673309326172,0.0,1,1
393,3.7172579765319824,0.0,1,1
394,3.868330240249634,0.0,0,0
395,4.090627670288086,0.0,1,1
396,3.6744296550750732,0.0,0,0
397,4.401972770690918,0.0,0,0
398,4.0477495193481445,0.0,1,1
399,4.430388927459717,0.0,0,0
400,4.018892288208008,0.0,1,1
401,3.8324711322784424,0.0,1,1
402,4.123965263366699,0.0,0,0
403,3.8344130516052246,0.0,0,0
404,4.515323638916016,0.0,0,0
405,4.074094772338867,0.0,0,0
406,3.761953115463257,0.0,0,0
407,3.3550875186920166,0.0,0,0
408,3.798668622970581,0.0,0,0
409,3.587190866470337,0.0,0,0
410,3.551501750946045,0.0,0,0
411,3.843022584915161,0.0,1,1
412,4.148037433624268,0.0,1,1
413,3.764864683151245,0.0,0,0
414,3.9705615043640137,0.0,1,1
415,3.4749789237976074,0.0,1,1
416,3.8221940994262695,0.0,1,1
417,3.522730827331543,0.0,0,0
418,3.5294101238250732,0.0,1,1
419,3.339153528213501,0.0,0,0
420,4.4515380859375,0.0,1,1
421,3.9449570178985596,0.0,1,1
422,4.2493367195129395,0.0,0,0
423,4.3995361328125,0.0,0,0
424,4.604976654052734,0.0,0,0
425,4.420636177062988,0.0,0,0
426,4.259579658508301,0.0,1,1
427,4.400277137756348,0.0,0,0
428,4.421866416931152,0.0,1,1
429,4.251517295837402,0.0,0,0
430,4.484003067016602,0.0,0,0
431,4.528160095214844,0.0,1,1
432,4.176198959350586,0.0,1,1
433,3.9577019214630127,0.0,0,0
434,3.790041446685791,0.0,1,1
435,3.937378168106079,0.0,0,0
436,4.1689934730529785,0.0,0,0
437,4.460033416748047,0.0,1,1
438,2.812437057495117,0.0,1,1
439,2.8142988681793213,0.0,1,1
440,3.34078311920166,0.0,0,0
441,3.268005132675171,0.0,0,0
442,2.9418540000915527,0.0,1,1
443,3.6398539543151855,0.0,0,0
444,3.052046298980713,0.0,1,1
445,2.8033573627471924,0.0,0,0
446,3.5353636741638184,0.0,1,1
447,2.909370183944702,0.0,0,0
448,3.4448258876800537,0.0,1,1
449,3.461481809616089,0.0,1,1
450,3.1729094982147217,0.0,1,1
451,3.956486701965332,0.0,0,0
452,3.953449249267578,0.0,1,1
453,3.3892383575439453,0.0,0,0
454,3.2770774364471436,0.0,0,0
455,3.4915988445281982,0.0,0,0
456,3.224583148956299,0.0,1,1
457,3.387080192565918,0.0,1,1
458,3.317004919052124,0.0,1,1
459,3.987827777862549,0.0,1,1
460,3.968600034713745,0.0,0,0
461,3.3325276374816895,0.0,0,0
462,2.539252281188965,0.0,1,1
463,3.4171226024627686,0.0,1,1
464,3.244370937347412,0.0,0,0
465,3.494374990463257,0.0,0,0
466,4.387784004211426,0.0,0,0
467,3.78464412689209,0.0,1,1
468,3.987398147583008,0.0,1,1
469,4.132627964019775,0.0,0,0
470,3.8737308979034424,0.0,1,1
471,3.593046188354492,0.0,1,1
472,3.360213279724121,0.0,0,0
473,2.811082124710083,0.0,1,1
474,3.4968607425689697,0.0,1,1
475,4.037734508514404,0.0,0,0
476,4.245591640472412,0.0,0,0
477,3.627932071685791,0.0,0,0
478,3.9874534606933594,0.0,0,0
479,4.450169086456299,0.0,0,0
480,3.804379463195801,0.0,0,0
481,3.6141319274902344,0.0,0,0
482,3.9321346282958984,0.0,0,0
483,3.1035757064819336,0.0,0,0
484,4.278290748596191,0.0,1,1
485,4.187228202819824,0.0,1,1
486,4.317431926727295,0.0,1,1
487,4.065485954284668,0.0,0,0
488,3.7102506160736084,0.0,1,1
489,3.5078132152557373,0.0,0,0
490,3.963832139968872,0.0,1,1
491,3.9490702152252197,0.0,1,1
492,3.8713061809539795,0.0,1,1
493,4.294707775115967,0.0,1,1
494,4.1333112716674805,0.0,1,1
495,4.011627674102783,0.0,0,0
496,3.5934393405914307,0.0,0,0
497,4.312354564666748,0.0,1,1
498,4.731389045715332,0.0,1,1
499,3.6601920127868652,0.0,0,0
500,3.9728143215179443,0.0,1,1
501,4.019960403442383,0.0,0,0
502,3.6653800010681152,0.0,1,1
503,4.511532783508301,0.0,1,1
504,4.104691028594971,0.0,0,0
505,3.688392400741577,0.0,1,1
506,4.208995819091797,0.0,0,0
507,3.790943145751953,0.0,1,1
508,4.217334747314453,0.0,1,1
509,4.215421676635742,0.0,0,0
510,4.138195991516113,0.0,1,1
511,3.8735198974609375,0.0,1,1
512,4.4795145988464355,0.0,1,1
513,4.719919681549072,0.0,0,0
514,4.127625465393066,0.0,1,1
515,3.6075856685638428,0.0,1,1
516,3.9104108810424805,0.0,1,1
517,3.8245160579681396,0.0,0,0
518,3.567293882369995,0.0,1,1
519,4.38809061050415,0.0,0,0
520,4.873389720916748,0.0,1,1
521,3.4854161739349365,0.0,0,0
522,3.339592218399048,0.0,1,1
523,3.523531198501587,0.0,0,0
524,4.824108123779297,0.0,1,1
525,3.89924955368042,0.0,0,0
526,2.3031575679779053,0.0,1,1
527,2.4801952838897705,0.0,0,0
528,1.7268671989440918,0.0,1,1
529,1.8995963335037231,0.0,0,0
530,2.681532382965088,0.0,1,1
531,3.111473321914673,0.0,1,1
532,2.7622251510620117,0.0,0,0
533,2.1764886379241943,0.0,1,1
534,2.89463472366333,0.0,1,1
535,3.321666955947876,0.0,1,1
536,3.6186892986297607,0.0,1,1
537,3.258146047592163,0.0,1,1
538,3.3904459476470947,0.0,1,1
539,2.748236894607544,0.0,0,0
540,3.2330243587493896,0.0,0,0
541,2.711625576019287,0.0,1,1
542,3.4192326068878174,0.0,1,1
543,3.2572133541107178,0.0,0,0
544,2.5692965984344482,0.0,1,1
545,2.449519634246826,0.0,1,1
546,3.668468713760376,0.0,0,0
547,4.081405162811279,0.0,1,1
548,4.328526496887207,0.0,0,0
549,3.8582751750946045,0.0,0,0
550,3.517711877822876,0.0,1,1
551,3.7853188514709473,0.0,0,0
552,4.184628963470459,0.0,1,1
553,4.30731725692749,0.0,1,1
554,3.7054102420806885,0.0,0,0
555,4.058668613433838,0.0,1,1
556,3.9751477241516113,0.0,1,1
557,3.996494770050049,0.0,0,0
558,3.5524845123291016,0.0,1,1
559,3.2847859859466553,0.0,1,1
560,3.833367347717285,0.0,0,0
561,3.8617072105407715,0.0,0,0
562,3.728550910949707,0.0,0,0
563,4.365837097167969,0.0,0,0
564,4.378460884094238,0.0,1,1
565,3.988589286804199,0.0,0,0
566,4.473466396331787,0.0,1,1
567,4.129836082458496,0.0,0,0
568,4.346062660217285,0.0,0,0
569,3.8412158489227295,0.0,1,1
570,4.15282678604126,0.0,0,0
571,3.6283493041992188,0.0,1,1
572,3.9807913303375244,0.0,1,1
573,4.19557523727417,0.0,1,1
574,4.16303014755249,0.0,1,1
575,4.090081214904785,0.0,0,0
576,4.304107666015625,0.0,1,1
577,4.07053804397583,0.0,1,1
578,4.047116756439209,0.0,0,0
579,3.2375824451446533,0.0,0,0
580,3.72148060798645,0.0,1,1
581,3.2191965579986572,0.0,0,0
582,3.430907726287842,0.0,0,0
583,3.8728885650634766,0.0,1,1
584,3.691526174545288,0.0,1,1
585,3.5139100551605225,0.0,0,0
586,2.5857291221618652,0.0,1,1
587,2.947988748550415,0.0,0,0
588,3.1034483909606934,0.0,1,1
589,3.093437433242798,0.0,0,0
590,3.271597385406494,0.0,1,1
591,2.9055793285369873,0.0,1,1
592,3.5261776447296143,0.0,1,1
593,3.5513079166412354,0.0,0,0
594,3.574824333190918,0.0,0,0
595,3.345551013946533,0.0,0,0
596,3.4108176231384277,0.0,0,0
597,3.7300992012023926,0.0,1,1
598,3.9065544605255127,0.0,0,0
599,4.009054183959961,0.0,0,0
600,4.017385482788086,0.0,0,0
601,4.196202278137207,0.0,0,0
602,4.482513427734375,0.0,1,1
603,2.9035146236419678,0.0,0,0
604,2.820061445236206,0.0,0,0
605,3.744960069656372,0.0,0,0
606,4.276570796966553,0.0,1,1
607,3.1185696125030518,0.0,0,0
608,3.673771381378174,0.0,1,1
609,4.026193141937256,0.0,0,0
610,4.000797271728516,0.0,1,1
611,4.085220813751221,0.0,0,0
612,4.31788969039917,0.0,1,1
613,3.704777479171753,0.0,0,0
614,3.2421367168426514,0.0,1,1
615,3.388108253479004,0.0,1,1
616,3.6238017082214355,0.0,0,0
617,3.93719220161438,0.0,1,1
618,3.504248857498169,0.0,0,0
619,2.98748779296875,0.0,1,1
620,3.8033323287963867,0.0,1,1
621,2.5293667316436768,0.0,0,0
622,3.205043077468872,0.0,1,1
623,3.4114699363708496,0.0,1,1
624,4.442415714263916,0.0,1,1
625,3.6251091957092285,0.0,0,0
626,3.531810760498047,0.0,1,1
627,2.7519123554229736,0.0,1,1
628,2.9467101097106934,0.0,1,1
629,3.5206258296966553,0.0,0,0
630,2.843271017074585,0.0,1,1
631,3.1868388652801514,0.0,0,0
632,3.2857327461242676,0.0,1,1
633,2.936304807662964,0.0,0,0
634,3.3498141765594482,0.0,0,0
635,3.128243923187256,0.0,1,1
636,3.41194486618042,0.0,0,0
637,2.8921432495117188,0.0,1,1
638,3.1779656410217285,0.0,1,1
639,3.5973446369171143,0.0,0,0
640,3.5575296878814697,0.0,1,1
641,3.4149160385131836,0.0,0,0
642,4.124569416046143,0.0,1,1
643,4.020842552185059,0.0,0,0
644,4.696863651275635,0.0,0,0
645,3.849045991897583,0.0,0,0
646,4.600630283355713,0.0,1,1
647,4.431937217712402,0.0,0,0
648,4.027346134185791,0.0,1,1
649,3.9333600997924805,0.0,0,0
650,4.302661895751953,0.0,1,1
651,3.767824172973633,0.0,0,0
652,4.237337112426758,0.0,0,0
653,4.052975177764893,0.0,1,1
654,4.280702114105225,0.0,1,1
655,4.700681209564209,0.0,0,0
656,4.145191192626953,0.0,1,1
657,3.6358890533447266,0.0,0,0
658,4.108240127563477,0.0,0,0
659,3.797250986099243,0.0,1,1
660,3.549069404602051,0.0,0,0
661,4.194305419921875,0.0,1,1
662,3.38846755027771,0.0,0,0
663,3.5291175842285156,0.0,0,0
664,4.380494594573975,0.0,1,1
665,3.9346985816955566,0.0,1,1
666,4.025811195373535,0.0,0,0
667,3.628096342086792,0.0,1,1
668,3.665867805480957,0.0,0,0
669,3.4360151290893555,0.0,0,0
670,3.236947536468506,0.0,0,0
671,3.807924747467041,0.0,0,0
672,3.340803623199463,0.0,0,0
673,3.0348196029663086,0.0,0,0
674,2.871065616607666,0.0,0,0
675,3.332664728164673,0.0,0,0
676,3.4803671836853027,0.0,0,0
677,3.633061408996582,0.0,0,0
678,3.638237953186035,0.0,0,0
679,3.7616524696350098,0.0,0,0
680,4.304880142211914,0.0,0,0
681,4.53367805480957,0.0,0,0
682,3.489309072494507,0.0,0,0
683,4.924394607543945,0.0,0,0
684,3.836958408355713,0.0,0,0
685,4.326183795928955,0.0,0,0
686,4.716240406036377,0.0,0,0
687,4.509377956390381,0.0,1,1
688,4.618515968322754,0.0,0,0
689,4.7354512214660645,0.0,0,0
690,4.616861820220947,0.0,1,1
691,3.723381519317627,0.0,0,0
692,4.695242881774902,0.0,0,0
693,4.0200066566467285,0.0,0,0
694,4.890366077423096,0.0,0,0
695,4.836008071899414,0.0,0,0
696,4.9146599769592285,0.0,0,0
697,4.2232489585876465,0.0,0,0
698,4.682406902313232,0.0,0,0
699,3.781755208969116,0.0,1,1
700,3.870070219039917,0.0,1,1
701,3.6093809604644775,0.0,0,0
702,3.2694613933563232,0.0,0,0
703,3.8417727947235107,0.0,0,0
704,4.072193145751953,0.0,1,1
705,3.8601341247558594,0.0,1,1
706,4.212856292724609,0.0,1,1
707,4.177626609802246,0.0,0,0
708,3.627070426940918,0.0,1,1
709,3.6337108612060547,0.0,1,1
710,4.060418128967285,0.0,1,1
711,4.0912089347839355,0.0,0,0
712,4.9322991371154785,0.0,1,1
713,5.112759590148926,0.0,0,0
714,4.927725315093994,0.0,0,0
715,4.149853229522705,0.0,0,0
716,3.4454185962677,0.0,1,1
717,3.563220500946045,0.0,0,0
718,3.003675699234009,0.0,1,1
719,3.430176258087158,0.0,1,1
720,4.222144603729248,0.0,0,0
721,3.626404285430908,0.0,1,1
722,3.8686740398406982,0.0,0,0
723,3.3939414024353027,0.0,1,1
724,2.953709125518799,0.0,0,0
725,3.9877195358276367,0.0,0,0
726,3.2597434520721436,0.0,1,1
727,3.336660623550415,0.0,1,1
728,3.7452402114868164,0.0,0,0
729,3.535987377166748,0.0,1,1
730,3.676467180252075,0.0,0,0
731,3.628269672393799,0.0,1,1
732,3.458451509475708,0.0,1,1
733,3.386918306350708,0.0,1,1
734,2.610586404800415,0.0,0,0
735,2.2494635581970215,0.0,1,1
736,3.1022567749023438,0.0,1,1
737,3.122506618499756,0.0,0,0
738,3.5154902935028076,0.0,1,1
739,2.4573657512664795,0.0,0,0
740,2.2610630989074707,0.0,1,1
741,2.9148945808410645,0.0,0,0
742,4.210546970367432,0.0,1,1
743,4.2004714012146,0.0,0,0
744,4.211731433868408,0.0,1,1
745,4.937592506408691,0.0,1,1
746,4.51338529586792,0.0,0,0
747,3.208421468734741,0.0,0,0
748,2.765651226043701,0.0,0,0
749,3.7650632858276367,0.0,1,1
750,3.1522998809814453,0.0,0,0
751,3.5700595378875732,0.0,0,0
752,3.1967532634735107,0.0,0,0
753,3.697067975997925,0.0,0,0
754,3.687727928161621,0.0,0,0
755,3.0626087188720703,0.0,0,0
756,2.830427885055542,0.0,1,1
757,3.031874418258667,0.0,0,0
758,3.0783069133758545,0.0,0,0
759,3.065617799758911,0.0,1,1
760,3.384138584136963,0.0,0,0
761,3.16762638092041,0.0,0,0
762,3.6720187664031982,0.0,0,0
763,3.554678440093994,0.0,0,0
764,4.382872581481934,0.0,0,0
765,4.175687789916992,0.0,0,0
766,3.880279302597046,0.0,1,1
767,3.938615083694458,0.0,0,0
768,3.078124523162842,0.0,0,0
769,3.3790714740753174,0.0,0,0
770,4.0254669189453125,0.0,0,0
771,3.377901554107666,0.0,1,1
772,4.2563910484313965,0.0,0,0
773,4.131650924682617,0.0,0,0
774,4.203678131103516,0.0,1,1
775,3.749307870864868,0.0,1,1
776,4.326653480529785,0.0,0,0
777,4.812368869781494,0.0,1,1
778,4.362056255340576,0.0,1,1
779,3.8895678520202637,0.0,0,0
780,3.2818517684936523,0.0,0,0
781,3.9534451961517334,0.0,0,0
782,3.8727526664733887,0.0,0,0
783,4.530050754547119,0.0,0,0
784,4.6053385734558105,0.0,1,1
785,4.630792140960693,0.0,0,0
786,4.299591541290283,0.0,0,0
787,4.5442986488342285,0.0,0,0
788,3.980015516281128,0.0,0,0
789,3.2116475105285645,0.0,1,1
790,3.2878565788269043,0.0,1,1
791,3.8477261066436768,0.0,0,0
792,3.7948102951049805,0.0,1,1
793,4.187502861022949,0.0,1,1
794,3.8964991569519043,0.0,0,0
795,4.268030166625977,0.0,1,1
796,4.008332252502441,0.0,0,0
797,3.353757381439209,0.0,1,1
798,3.620629072189331,0.0,1,1
799,3.7192914485931396,0.0,0,0
800,3.394106149673462,0.0,1,1
801,4.235934734344482,0.0,1,1
802,4.281673431396484,0.0,1,1
803,3.6947169303894043,0.0,0,0
804,4.0098042488098145,0.0,1,1
805,3.5960495471954346,0.0,1,1
806,3.614323616027832,0.0,1,1
807,3.9696688652038574,0.0,0,0
808,3.8900368213653564,0.0,1,1
809,3.901642084121704,0.0,1,1
810,3.769191265106201,0.0,1,1
811,3.530067205429077,0.0,1,1
812,3.722832202911377,0.0,1,1
813,3.6453609466552734,0.0,0,0
814,3.849471092224121,0.0,1,1
815,3.517014741897583,0.0,1,1
816,3.43328857421875,0.0,1,1
817,2.9954283237457275,0.0,0,0
818,4.239346027374268,0.0,1,1
819,3.8557517528533936,0.0,1,1
820,4.252907752990723,0.0,1,1
821,4.437257289886475,0.0,1,1
822,3.1100516319274902,0.0,1,1
823,3.334176540374756,0.0,0,0
824,3.6627771854400635,0.0,1,1
825,3.847191572189331,0.0,0,0
826,3.8458821773529053,0.0,1,1
827,3.9107022285461426,0.0,0,0
828,3.039046287536621,0.0,0,0
829,3.6197574138641357,0.0,1,1
830,4.451699733734131,0.0,1,1
831,3.8625426292419434,0.0,0,0
832,4.074345111846924,0.0,0,0
833,3.574205160140991,0.0,1,1
834,3.409529685974121,0.0,1,1
835,3.8109519481658936,0.0,0,0
836,3.7645509243011475,0.0,1,1
837,3.958568572998047,0.0,0,0
838,3.440305709838867,0.0,1,1
839,4.152927875518799,0.0,0,0
840,3.6537604331970215,0.0,1,1
841,4.627246379852295,0.0,1,1
842,3.5167016983032227,0.0,1,1
843,3.732001543045044,0.0,0,0
844,4.139750003814697,0.0,0,0
845,3.675476312637329,0.0,0,0
846,4.120699405670166,0.0,1,1
847,3.8702902793884277,0.0,1,1
848,3.7986018657684326,0.0,1,1
849,4.088726997375488,0.0,1,1
850,4.22584867477417,0.0,1,1
851,4.224079608917236,0.0,0,0
852,3.885627031326294,0.0,1,1
853,4.213566303253174,0.0,0,0
854,3.109818935394287,0.0,1,1
855,3.9042375087738037,0.0,1,1
856,4.211522102355957,0.0,1,1
857,3.6988635063171387,0.0,1,1
858,3.5110604763031006,0.0,1,1
859,4.107129096984863,0.0,0,0
860,4.369277000427246,0.0,1,1
861,3.5272488594055176,0.0,1,1
862,3.745936870574951,0.0,0,0
863,3.2829062938690186,0.0,1,1
864,3.470018148422241,0.0,1,1
865,2.718276262283325,0.0,1,1
866,3.224459409713745,0.0,0,0
867,4.388062000274658,0.0,0,0
868,3.25516939163208,0.0,1,1
869,3.1517372131347656,0.0,1,1
870,3.6876773834228516,0.0,0,0
871,3.966440200805664,0.0,0,0
872,3.737982749938965,0.0,1,1
873,4.556802749633789,0.0,0,0
874,4.233907222747803,0.0,0,0
875,3.096334218978882,0.0,0,0
876,4.192261695861816,0.0,1,1
877,3.882598638534546,0.0,0,0
878,3.558140993118286,0.0,0,0
879,3.342491626739502,0.0,0,0
880,3.454943895339966,0.0,0,0
881,3.1926116943359375,0.0,0,0
882,3.3404910564422607,0.0,0,0
883,3.640530586242676,0.0,0,0
884,4.047634601593018,0.0,0,0
885,4.3835015296936035,0.0,1,1
886,4.220201015472412,0.0,0,0
887,4.700186252593994,0.0,0,0
888,3.6470651626586914,0.0,0,0
889,4.138747692108154,0.0,1,1
890,4.078372955322266,0.0,0,0
891,4.492919445037842,0.0,0,0
892,3.776233434677124,0.0,1,1
893,3.8655025959014893,0.0,0,0
894,4.641333103179932,0.0,0,0
895,4.914371967315674,0.0,0,0
896,3.369732141494751,0.0,1,1
897,3.6379311084747314,0.0,0,0
898,3.7043607234954834,0.0,0,0
899,3.441413640975952,0.0,0,0
900,3.8401339054107666,0.0,1,1
901,3.8530757427215576,0.0,0,0
902,3.5031113624572754,0.0,1,1
903,3.289618492126465,0.0,0,0
904,3.4747557640075684,0.0,0,0
905,3.431804656982422,0.0,1,1
906,3.232417345046997,0.0,0,0
907,3.0489487648010254,0.0,0,0
908,2.8269765377044678,0.0,0,0
909,3.53654408454895,0.0,0,0
910,3.1228647232055664,0.0,0,0
911,3.124046802520752,0.0,1,1
912,3.6219356060028076,0.0,0,0
913,3.817397356033325,0.0,0,0
914,3.466510534286499,0.0,0,0
915,3.3379006385803223,0.0,0,0
916,3.370870590209961,0.0,0,0
917,3.327630043029785,0.0,1,1
918,3.238184928894043,0.0,0,0
919,3.543785810470581,0.0,1,1
920,3.6026384830474854,0.0,1,1
921,3.643061637878418,0.0,1,1
922,3.5510964393615723,0.0,1,1
923,3.7971487045288086,0.0,1,1
924,3.3647074699401855,0.0,1,1
925,3.667754650115967,0.0,1,1
926,3.607262134552002,0.0,1,1
927,3.835871696472168,0.0,0,0
928,3.156970977783203,0.0,1,1
929,3.290527582168579,0.0,0,0
930,3.8955535888671875,0.0,1,1
931,3.5489137172698975,0.0,0,0
932,3.30167293548584,0.0,0,0
933,3.3185338973999023,0.0,0,0
934,3.2254273891448975,0.0,1,1
935,3.471864938735962,0.0,0,0
936,3.196058511734009,0.0,0,0
937,3.315169334411621,0.0,1,1
938,2.9333224296569824,0.0,0,0
939,3.829815626144409,0.0,1,1
940,3.541109561920166,0.0,0,0
941,3.578500270843506,0.0,0,0
942,3.0147323608398438,0.0,0,0
943,2.9149506092071533,0.0,0,0
944,3.2098724842071533,0.0,1,1
945,3.6562328338623047,0.0,0,0
946,3.6089184284210205,0.0,1,1
947,3.4487051963806152,0.0,0,0
948,3.223496437072754,0.0,0,0
949,3.41292405128479,0.0,1,1
950,2.414741277694702,0.0,0,0
951,2.245419502258301,0.0,0,0
952,2.517666816711426,0.0,1,1
953,3.191746950149536,0.0,1,1
954,4.422451972961426,0.0,1,1
955,4.326297283172607,0.0,1,1
956,4.232750415802002,0.0,0,0
957,3.2856059074401855,0.0,0,0
958,3.678379774093628,0.0,1,1
959,4.326991558074951,0.0,0,0
960,4.437211990356445,0.0,1,1
961,4.092225551605225,0.0,1,1
962,4.1532135009765625,0.0,0,0
963,4.502823352813721,0.0,1,1
964,4.55822229385376,0.0,1,1
965,4.088252067565918,0.0,1,1
966,4.120752334594727,0.0,0,0
967,4.239765644073486,0.0,0,0
968,4.167850971221924,0.0,1,1
969,4.245185852050781,0.0,1,1
970,4.14119815826416,0.0,0,0
971,4.445964813232422,0.0,1,1
972,4.154282093048096,0.0,1,1
973,4.159943103790283,0.0,0,0
974,4.483053684234619,0.0,1,1
975,4.1829938888549805,0.0,1,1
976,2.4002904891967773,0.0,1,1
977,3.7624671459198,0.0,0,0
978,4.230470180511475,0.0,1,1
979,3.5677788257598877,0.0,0,0
980,2.0650787353515625,0.0,0,0
981,3.4977831840515137,0.0,0,0
982,3.274726390838623,0.0,1,1
983,3.6416780948638916,0.0,0,0
984,3.871281623840332,0.0,0,0
985,3.992844581604004,0.0,0,0
986,3.9239540100097656,0.0,0,0
987,3.900538206100464,0.0,0,0
988,3.8581624031066895,0.0,0,0
989,3.947112798690796,0.0,0,0
990,4.21320915222168,0.0,0,0
991,4.288359642028809,0.0,1,1
992,4.332076549530029,0.0,0,0
993,3.819990396499634,0.0,0,0
994,4.205386638641357,0.0,0,0
995,3.3154819011688232,0.0,0,0
996,3.9905529022216797,0.0,0,0
997,4.434030055999756,0.0,0,0
998,4.465179443359375,0.0,1,1
999,3.737980365753174,0.0,0,0
1000,3.0670359134674072,0.0,1,1
1001,3.694655179977417,0.0,1,1
1002,3.858288526535034,0.0,0,0
1003,3.240952491760254,0.0,1,1
1004,4.15599250793457,0.0,0,0
1005,3.7382209300994873,0.0,1,1
1006,3.319002866744995,0.0,0,0
1007,3.372603178024292,0.0,1,1
1008,3.9797117710113525,0.0,0,0
1009,4.208122730255127,0.0,1,1
1010,4.087557315826416,0.0,0,0
1011,3.640298366546631,0.0,1,1
1012,3.734555244445801,0.0,1,1
1013,4.214359760284424,0.0,1,1
1014,3.5308187007904053,0.0,1,1
1015,4.135434150695801,0.0,0,0
1016,3.5790092945098877,0.0,1,1
1017,2.8408584594726562,0.0,1,1
1018,3.8901453018188477,0.0,1,1
1019,3.7624785900115967,0.0,0,0
1020,4.044787883758545,0.0,0,0
1021,3.9234206676483154,0.0,0,0
1022,3.1686601638793945,0.0,1,1
1023,4.732591152191162,0.0,1,1
1024,3.876544713973999,0.0,1,1
1025,4.257183074951172,0.0,0,0
1026,4.3356475830078125,0.0,0,0
1027,4.454306125640869,0.0,0,0
1028,3.675797462463379,0.0,0,0
1029,4.197876453399658,0.0,0,0
1030,4.3577070236206055,0.0,0,0
1031,4.0238447189331055,0.0,0,0
1032,3.8920390605926514,0.0,0,0
1033,4.727031230926514,0.0,1,1
1034,4.551773548126221,0.0,1,1
1035,4.769071102142334,0.0,0,0
1036,4.231170177459717,0.0,0,0
1037,4.247969627380371,0.0,0,0
1038,4.660027503967285,0.0,1,1
1039,4.401418209075928,0.0,0,0
1040,4.259685516357422,0.0,0,0
1041,4.233847618103027,0.0,0,0
1042,4.072612285614014,0.0,1,1
1043,4.192359447479248,0.0,0,0
1044,4.4257893562316895,0.0,0,0
1045,3.961939573287964,0.0,0,0
1046,4.130385398864746,0.0,0,0
1047,3.24530291557312,0.0,0,0
1048,3.8023455142974854,0.0,0,0
1049,4.0882391929626465,0.0,1,1
1050,4.483593940734863,0.0,0,0
1051,3.4215784072875977,0.0,1,1
1052,3.508220672607422,0.0,1,1
1053,3.6422441005706787,0.0,1,1
1054,3.5993072986602783,0.0,1,1
1055,4.015453815460205,0.0,0,0
1056,2.990388870239258,0.0,1,1
1057,3.595607280731201,0.0,1,1
1058,3.7215957641601562,0.0,1,1
1059,2.878030300140381,0.0,1,1
1060,2.971848487854004,0.0,0,0
1061,3.988142967224121,0.0,0,0
1062,4.163083076477051,0.0,1,1
1063,3.767524242401123,0.0,1,1
1064,4.306710720062256,0.0,1,1
1065,4.301326751708984,0.0,0,0
1066,4.629356384277344,0.0,1,1
1067,3.7315361499786377,0.0,1,1
1068,3.975379705429077,0.0,1,1
1069,3.766735315322876,0.0,1,1
1070,2.9915874004364014,0.0,1,1
1071,3.330463171005249,0.0,0,0
1072,3.3500354290008545,0.0,1,1
1073,3.3908162117004395,0.0,1,1
1074,4.068465232849121,0.0,1,1
1075,3.0891613960266113,0.0,0,0
1076,3.3863537311553955,0.0,1,1
1077,3.4701857566833496,0.0,1,1
1078,3.2955024242401123,0.0,1,1
1079,3.778716564178467,0.0,0,0
1080,3.4832406044006348,0.0,1,1
1081,2.9347705841064453,0.0,1,1
1082,4.144265174865723,0.0,0,0
1083,3.745610475540161,0.0,0,0
1084,3.2322518825531006,0.0,1,1
1085,2.0116915702819824,0.0,1,1
1086,1.7039072513580322,0.0,1,1
1087,2.8676624298095703,0.0,0,0
1088,3.947451114654541,0.0,0,0
1089,3.740266799926758,0.0,0,0
1090,3.8212943077087402,0.0,1,1
1091,4.40405797958374,0.0,0,0
1092,4.183094024658203,0.0,0,0
1093,4.0445027351379395,0.0,0,0
1094,4.320143699645996,0.0,0,0
1095,4.28899621963501,0.0,0,0
1096,3.2044878005981445,0.0,1,1
1097,3.8020806312561035,0.0,1,1
1098,4.135209083557129,0.0,0,0
1099,4.054877281188965,0.0,0,0
1100,3.986480236053467,0.0,1,1
1101,3.8395421504974365,0.0,0,0
1102,3.252119302749634,0.0,0,0
1103,3.6214284896850586,0.0,0,0
1104,3.2036595344543457,0.0,1,1
1105,3.6571033000946045,0.0,0,0
1106,3.7781238555908203,0.0,1,1
1107,3.073279857635498,0.0,0,0
1108,3.70768141746521,0.0,0,0
1109,4.254148006439209,0.0,0,0
1110,3.8725850582122803,0.0,0,0
1111,4.273067474365234,0.0,1,1
1112,4.005545139312744,0.0,0,0
1113,3.9200961589813232,0.0,1,1
1114,4.153863906860352,0.0,1,1
1115,3.671959400177002,0.0,1,1
1116,3.4297521114349365,0.0,1,1
1117,3.779653549194336,0.0,1,1
1118,3.4964427947998047,0.0,1,1
1119,3.92885684967041,0.0,0,0
1120,3.862055778503418,0.0,0,0
1121,3.6633636951446533,0.0,0,0
1122,3.240205764770508,0.0,0,0
1123,3.221378803253174,0.0,1,1
1124,3.776395320892334,0.0,0,0
1125,4.200597286224365,0.0,1,1
1126,3.925861120223999,0.0,1,1
1127,4.365964889526367,0.0,0,0
1128,3.9890103340148926,0.0,0,0
1129,3.9733405113220215,0.0,0,0
1130,4.357996940612793,0.0,1,1
1131,4.38572359085083,0.0,0,0
1132,4.0020012855529785,0.0,1,1
1133,3.9277548789978027,0.0,1,1
1134,3.785179853439331,0.0,0,0
1135,3.758397102355957,0.0,0,0
1136,3.7149903774261475,0.0,0,0
1137,3.407965660095215,0.0,1,1
1138,4.209773063659668,0.0,0,0
1139,4.291870594024658,0.0,1,1
1140,3.738461971282959,0.0,1,1
1141,2.225738048553467,0.0,0,0
1142,1.3160237073898315,0.0,1,1
1143,2.3875088691711426,0.0,1,1
1144,3.598160743713379,0.0,1,1
1145,3.9113247394561768,0.0,0,0
1146,4.1128249168396,0.0,1,1
1147,3.86493182182312,0.0,1,1
1148,4.31090784072876,0.0,1,1
1149,4.046196937561035,0.0,0,0
1150,4.625711441040039,0.0,0,0
1151,4.560130596160889,0.0,1,1
1152,4.312281131744385,0.0,1,1
1153,4.463101387023926,0.0,0,0
1154,4.498338222503662,0.0,1,1
1155,4.173652172088623,0.0,0,0
1156,3.968468189239502,0.0,1,1
1157,4.348768711090088,0.0,1,1
1158,4.380490303039551,0.0,1,1
1159,3.839804172515869,0.0,1,1
1160,4.771903038024902,0.0,1,1
1161,4.818939208984375,0.0,1,1
1162,3.9459331035614014,0.0,0,0
1163,3.8520991802215576,0.0,1,1
1164,3.9519858360290527,0.0,1,1
1165,4.280101776123047,0.0,1,1
1166,3.9769554138183594,0.0,0,0
1167,4.273183822631836,0.0,0,0
1168,4.052052974700928,0.0,1,1
1169,4.25135612487793,0.0,0,0
1170,4.173933982849121,0.0,1,1
1171,4.494697570800781,0.0,0,0
1172,4.025681972503662,0.0,1,1
1173,4.107377529144287,0.0,1,1
1174,3.4914751052856445,0.0,0,0
1175,3.8951895236968994,0.0,0,0
1176,4.76045036315918,0.0,0,0
1177,4.3438401222229,0.0,1,1
1178,3.8459665775299072,0.0,1,1
1179,3.6951820850372314,0.0,0,0
1180,3.7990856170654297,0.0,1,1
1181,3.9768669605255127,0.0,0,0
1182,4.406637191772461,0.0,0,0
1183,4.310136318206787,0.0,0,0
1184,3.8786003589630127,0.0,0,0
1185,3.9200439453125,0.0,0,0
1186,4.093114376068115,0.0,0,0
1187,4.574587821960449,0.0,0,0
1188,4.133617877960205,0.0,0,0
1189,4.4733734130859375,0.0,0,0
1190,3.972865343093872,0.0,0,0
1191,2.739467144012451,0.0,1,1
1192,3.350200653076172,0.0,0,0
1193,3.7615129947662354,0.0,0,0
1194,4.633853435516357,0.0,0,0
1195,1.8802807331085205,0.0,0,0
1196,3.0419669151306152,0.0,0,0
1197,3.114037275314331,0.0,0,0
1198,3.7341883182525635,0.0,1,1
1199,4.229460716247559,0.0,1,1
1200,4.509096145629883,0.0,0,0
1201,4.105876922607422,0.0,1,1
1202,4.26353120803833,0.0,1,1
1203,3.950040102005005,0.0,1,1
1204,3.863785743713379,0.0,0,0
1205,4.833305835723877,0.0,1,1
1206,4.249053001403809,0.0,1,1
1207,4.368870258331299,0.0,0,0
1208,4.140218257904053,0.0,1,1
1209,4.439860820770264,0.0,0,0
1210,4.866702079772949,0.0,1,1
1211,4.691277980804443,0.0,0,0
1212,4.2232747077941895,0.0,0,0
1213,4.122549533843994,0.0,0,0
1214,4.38067102432251,0.0,0,0
1215,4.970664024353027,0.0,0,0
1216,4.888177394866943,0.0,1,1
1217,4.580766201019287,0.0,0,0
1218,4.816246509552002,0.0,0,0
1219,4.473546504974365,0.0,1,1
1220,4.44076681137085,0.0,0,0
1221,4.282991886138916,0.0,1,1
1222,4.10502290725708,0.0,1,1
1223,4.2055158615112305,0.0,0,0
1224,4.420318126678467,0.0,0,0
1225,4.292829990386963,0.0,0,0
1226,3.943479299545288,0.0,0,0
1227,4.633087158203125,0.0,0,0
1228,4.316628932952881,0.0,0,0
1229,4.059785842895508,0.0,0,0
1230,4.533435344696045,0.0,1,1
1231,4.551257133483887,0.0,0,0
1232,4.166999816894531,0.0,1,1
1233,3.912283182144165,0.0,0,0
1234,4.697534561157227,0.0,0,0
1235,4.186493873596191,0.0,0,0
1236,4.702722072601318,0.0,0,0
1237,4.634305953979492,0.0,0,0
1238,4.691536903381348,0.0,0,0
1239,4.445115566253662,0.0,0,0
1240,4.4989142417907715,0.0,0,0
1241,3.984402894973755,0.0,0,0
1242,4.629229545593262,0.0,1,1
1243,4.028324127197266,0.0,0,0
1244,4.073751926422119,0.0,1,1
1245,3.6425342559814453,0.0,0,0
1246,4.7700300216674805,0.0,0,0
1247,4.636668682098389,0.0,1,1
1248,3.722179412841797,0.0,1,1
1249,4.670848369598389,0.0,0,0
1250,4.7779083251953125,0.0,1,1
1251,3.478137969970703,0.0,1,1
1252,3.3027961254119873,0.0,1,1
1253,2.706409215927124,0.0,0,0
1254,3.2929322719573975,0.0,0,0
1255,3.645444393157959,0.0,1,1
1256,3.8608851432800293,0.0,1,1
1257,2.9264638423919678,0.0,0,0
1258,3.3566184043884277,0.0,1,1
1259,3.7600812911987305,0.0,1,1
1260,4.253286838531494,0.0,0,0
1261,3.690920114517212,0.0,0,0
1262,4.329583644866943,0.0,1,1
1263,3.7155561447143555,0.0,0,0
1264,4.00201416015625,0.0,1,1
1265,4.624600887298584,0.0,0,0
1266,3.2276768684387207,0.0,0,0
1267,3.7210533618927,0.0,0,0
1268,3.435898780822754,0.0,1,1
1269,3.880941152572632,0.0,1,1
1270,4.226592063903809,0.0,1,1
1271,3.9632325172424316,0.0,0,0
1272,3.9008677005767822,0.0,1,1
1273,3.989678144454956,0.0,1,1
1274,3.2166600227355957,0.0,1,1
1275,4.255069255828857,0.0,1,1
1276,4.334921360015869,0.0,1,1
1277,3.6587891578674316,0.0,0,0
1278,3.297503709793091,0.0,1,1
1279,3.2748122215270996,0.0,0,0
1280,3.221196413040161,0.0,0,0
1281,3.0212464332580566,0.0,0,0
1282,2.766420364379883,0.0,0,0
1283,2.7856907844543457,0.0,0,0
1284,3.69122052192688,0.0,1,1
1285,3.1319355964660645,0.0,1,1
1286,3.2298686504364014,0.0,1,1
1287,3.2996602058410645,0.0,1,1
1288,3.3035802841186523,0.0,1,1
1289,3.8178768157958984,0.0,0,0
1290,3.743074893951416,0.0,1,1
1291,3.5263452529907227,0.0,0,0
1292,3.3196957111358643,0.0,1,1
1293,2.9761416912078857,0.0,1,1
1294,3.596526861190796,0.0,1,1
1295,3.8668506145477295,0.0,1,1
1296,3.713379383087158,0.0,0,0
1297,3.3352224826812744,0.0,0,0
1298,3.8427155017852783,0.0,1,1
1299,3.8241071701049805,0.0,1,1
1300,4.16945219039917,0.0,0,0
1301,3.8440730571746826,0.0,1,1
1302,3.799002170562744,0.0,1,1
1303,3.6592230796813965,0.0,0,0
1304,3.611189603805542,0.0,0,0
1305,3.7311341762542725,0.0,0,0
1306,3.298593282699585,0.0,0,0
1307,4.0515336990356445,0.0,1,1
1308,3.9310302734375,0.0,1,1
1309,4.027469158172607,0.0,1,1
1310,4.061481952667236,0.0,1,1
1311,3.7894585132598877,0.0,1,1
1312,4.574028015136719,0.0,1,1
1313,4.091038703918457,0.0,0,0
1314,3.649641752243042,0.0,1,1
1315,4.378892421722412,0.0,1,1
1316,4.950213432312012,0.0,1,1
1317,4.006119251251221,0.0,1,1
1318,4.493061065673828,0.0,1,1
1319,4.065593719482422,0.0,0,0
1320,3.7676937580108643,0.0,0,0
1321,2.9239845275878906,0.0,1,1
1322,4.604582786560059,0.0,1,1
1323,4.679307460784912,0.0,1,1
1324,3.2451186180114746,0.0,1,1
1325,3.2308459281921387,0.0,0,0
1326,4.549337387084961,0.0,1,1
1327,5.149776935577393,0.0,1,1
1328,4.419261455535889,0.0,1,1
1329,4.141017913818359,0.0,0,0
1330,4.563994884490967,0.0,0,0
1331,4.546541690826416,0.0,1,1
1332,4.611298561096191,0.0,0,0
1333,4.607304573059082,0.0,1,1
1334,4.359694957733154,0.0,0,0
1335,4.241305828094482,0.0,0,0
1336,4.725103855133057,0.0,1,1
1337,4.866362571716309,0.0,1,1
1338,4.501636505126953,0.0,1,1
1339,4.27685022354126,0.0,0,0
1340,3.74322772026062,0.0,1,1
1341,4.514423847198486,0.0,1,1
1342,4.335271835327148,0.0,0,0
1343,3.7972867488861084,0.0,1,1
1344,4.381711959838867,0.0,1,1
1345,4.450554847717285,0.0,0,0
1346,4.671811580657959,0.0,1,1
1347,4.563197135925293,0.0,0,0
1348,5.128764629364014,0.0,1,1
1349,4.447914123535156,0.0,1,1
1350,4.562939643859863,0.0,0,0
1351,3.525510787963867,0.0,1,1
1352,4.580411434173584,0.0,1,1
1353,5.415244102478027,0.0,0,0
1354,5.1845383644104,0.0,1,1
1355,4.636256217956543,0.0,0,0
1356,4.107222557067871,0.0,1,1
1357,4.276284217834473,0.0,1,1
1358,4.82853889465332,0.0,1,1
1359,4.182090759277344,0.0,1,1
1360,4.390240669250488,0.0,1,1
1361,3.888838529586792,0.0,1,1
1362,3.9419031143188477,0.0,0,0
1363,3.648521900177002,0.0,0,0
1364,3.2009646892547607,0.0,0,0
1365,3.284200668334961,0.0,1,1
1366,3.884683609008789,0.0,1,1
1367,3.117363691329956,0.0,0,0
1368,3.3492209911346436,0.0,1,1
1369,3.639930248260498,0.0,0,0
1370,4.104280948638916,0.0,1,1
1371,3.8515918254852295,0.0,1,1
1372,3.541080951690674,0.0,1,1
1373,3.3797788619995117,0.0,1,1
1374,3.5638229846954346,0.0,1,1
1375,3.405550718307495,0.0,0,0
1376,3.884990692138672,0.0,0,0
1377,4.1544365882873535,0.0,0,0
1378,3.821416139602661,0.0,0,0
1379,4.267148494720459,0.0,0,0
1380,3.9490065574645996,0.0,0,0
1381,4.515268802642822,0.0,0,0
1382,4.050086975097656,0.0,1,1
1383,4.397027492523193,0.0,0,0
1384,3.646360158920288,0.0,1,1
1385,2.857172966003418,0.0,0,0
1386,3.6161553859710693,0.0,1,1
1387,3.7339248657226562,0.0,0,0
1388,2.6070001125335693,0.0,0,0
1389,3.101910352706909,0.0,0,0
1390,3.452000379562378,0.0,1,1
1391,3.4866840839385986,0.0,1,1
1392,2.660853624343872,0.0,0,0
1393,2.6680283546447754,0.0,0,0
1394,2.819505214691162,0.0,0,0
1395,2.6850006580352783,0.0,1,1
1396,2.666874885559082,0.0,1,1
1397,2.688504457473755,0.0,0,0
1398,3.4944162368774414,0.0,1,1
1399,3.906637191772461,0.0,0,0
1400,2.9652843475341797,0.0,1,1
1401,3.314561367034912,0.0,1,1
1402,2.8224849700927734,0.0,1,1
1403,3.3064613342285156,0.0,1,1
1404,3.6758930683135986,0.0,0,0
1405,3.711467742919922,0.0,1,1
1406,3.805694103240967,0.0,0,0
1407,4.042877674102783,0.0,0,0
1408,3.498100996017456,0.0,0,0
1409,3.3029282093048096,0.0,0,0
1410,3.805325508117676,0.0,1,1
1411,3.7794666290283203,0.0,0,0
1412,3.772791862487793,0.0,0,0
1413,3.686171770095825,0.0,0,0
1414,3.809462785720825,0.0,0,0
1415,3.9543333053588867,0.0,0,0
1416,3.6256062984466553,0.0,0,0
1417,4.19681978225708,0.0,1,1
1418,4.237924098968506,0.0,0,0
1419,4.213820934295654,0.0,1,1
1420,4.579048156738281,0.0,1,1
1421,4.461676597595215,0.0,0,0
1422,1.7133564949035645,0.0,0,0
1423,1.6788382530212402,0.0,0,0
1424,2.0625267028808594,0.0,0,0
1425,3.846062421798706,0.0,1,1
1426,3.542579412460327,0.0,0,0
1427,3.3486194610595703,0.0,1,1
1428,3.2658941745758057,0.0,1,1
1429,3.4888486862182617,0.0,1,1
1430,3.4295151233673096,0.0,0,0
1431,3.2290866374969482,0.0,0,0
1432,4.253145694732666,0.0,0,0
1433,2.9328765869140625,0.0,0,0
1434,2.0869228839874268,0.0,0,0
1435,3.3770437240600586,0.0,1,1
1436,4.2891106605529785,0.0,0,0
1437,4.207925796508789,0.0,0,0
1438,4.337917804718018,0.0,1,1
1439,4.640825271606445,0.0,1,1
1440,4.1980462074279785,0.0,1,1
1441,4.380973815917969,0.0,1,1
1442,4.086221694946289,0.0,1,1
1443,4.576482772827148,0.0,0,0
1444,4.326544284820557,0.0,1,1
1445,4.221307754516602,0.0,0,0
1446,4.192329406738281,0.0,0,0
1447,4.086418628692627,0.0,0,0
1448,4.407882213592529,0.0,0,0
1449,4.12894868850708,0.0,0,0
1450,4.3385467529296875,0.0,0,0
1451,3.9494760036468506,0.0,1,1
1452,4.447531700134277,0.0,1,1
1453,4.395875930786133,0.0,0,0
1454,4.182674884796143,0.0,0,0
1455,4.708555698394775,0.0,0,0
1456,5.418108940124512,0.0,1,1
1457,4.794881820678711,0.0,0,0
1458,4.453972339630127,0.0,0,0
1459,4.459048748016357,0.0,1,1
1460,4.351776599884033,0.0,0,0
1461,4.57038688659668,0.0,1,1
1462,4.822193145751953,0.0,0,0
1463,4.788045883178711,0.0,0,0
1464,4.680218696594238,0.0,0,0
1465,5.013444900512695,0.0,1,1
1466,5.189670562744141,0.0,0,0
1467,4.416679382324219,0.0,0,0
1468,3.2416980266571045,0.0,1,1
1469,4.012700080871582,0.0,1,1
1470,3.909018039703369,0.0,1,1
1471,4.554848670959473,0.0,1,1
1472,4.051244735717773,0.0,0,0
1473,4.174004554748535,0.0,1,1
1474,4.121659278869629,0.0,1,1
1475,3.589914560317993,0.0,0,0
1476,4.033449172973633,0.0,1,1
1477,4.243875503540039,0.0,1,1
1478,3.8858771324157715,0.0,1,1
1479,3.7682125568389893,0.0,0,0
1480,4.041886329650879,0.0,1,1
1481,4.040020942687988,0.0,1,1
1482,3.854947328567505,0.0,0,0
1483,3.346113681793213,0.0,0,0
1484,4.043990135192871,0.0,0,0
1485,4.181613922119141,0.0,0,0
1486,3.6139798164367676,0.0,0,0
1487,3.748690128326416,0.0,0,0
1488,4.149593830108643,0.0,0,0
1489,4.116866111755371,0.0,1,1
1490,4.27598762512207,0.0,0,0
1491,4.139637470245361,0.0,0,0
1492,3.9325785636901855,0.0,1,1
1493,4.461426734924316,0.0,0,0
1494,3.084777593612671,0.0,1,1
1495,4.094009876251221,0.0,1,1
1496,4.050284385681152,0.0,1,1
1497,4.071554183959961,0.0,1,1
1498,3.804499387741089,0.0,1,1
1499,4.181162357330322,0.0,0,0
1500,4.145320892333984,0.0,1,1
1501,4.158021926879883,0.0,1,1
1502,3.71589732170105,0.0,1,1
1503,3.0900824069976807,0.0,1,1
1504,4.117567539215088,0.0,0,0
1505,4.10160493850708,0.0,0,0
1506,4.585875988006592,0.0,0,0
1507,3.8828089237213135,0.0,0,0
1508,4.397884368896484,0.0,1,1
1509,4.695469379425049,0.0,0,0
1510,4.394310474395752,0.0,0,0
1511,4.507884979248047,0.0,1,1
1512,3.572176456451416,0.0,0,0
1513,4.778849124908447,0.0,1,1
1514,4.212220668792725,0.0,1,1
1515,3.595050573348999,0.0,1,1
1516,4.15911340713501,0.0,0,0
1517,4.60495662689209,0.0,1,1
1518,4.79897403717041,0.0,1,1
1519,4.082879543304443,0.0,1,1
1520,3.9928622245788574,0.0,1,1
1521,3.658853769302368,0.0,1,1
1522,4.137474060058594,0.0,1,1
1523,4.389613628387451,0.0,1,1
1524,3.090489387512207,0.0,1,1
1525,4.16259241104126,0.0,1,1
1526,4.195867538452148,0.0,1,1
1527,3.3230249881744385,0.0,1,1
1528,4.111189365386963,0.0,1,1
1529,3.9500255584716797,0.0,0,0
1530,4.532597541809082,0.0,0,0
1531,4.068451881408691,0.0,1,1
1532,4.233358383178711,0.0,1,1
1533,4.215468883514404,0.0,0,0
1534,3.6159098148345947,0.0,0,0
1535,3.9599781036376953,0.0,1,1
1536,4.107837677001953,0.0,1,1
1537,3.252664566040039,0.0,0,0
1538,3.98297381401062,0.0,1,1
1539,4.076943874359131,0.0,0,0
1540,3.758246898651123,0.0,1,1
1541,4.041404724121094,0.0,1,1
1542,3.2642898559570312,0.0,1,1
1543,4.315369129180908,0.0,1,1
1544,2.9993491172790527,0.0,0,0
1545,3.246796131134033,0.0,0,0
1546,3.489900588989258,0.0,1,1
1547,3.3852617740631104,0.0,1,1
1548,2.8944153785705566,0.0,0,0
1549,3.7517600059509277,0.0,1,1
1550,3.595989942550659,0.0,0,0
1551,3.865766763687134,0.0,1,1
1552,4.118871688842773,0.0,1,1
1553,4.594550132751465,0.0,1,1
1554,4.227709770202637,0.0,1,1
1555,3.7937488555908203,0.0,0,0
1556,3.997401714324951,0.0,1,1
1557,3.711338758468628,0.0,1,1
1558,3.7759599685668945,0.0,0,0
1559,3.3963804244995117,0.0,1,1
1560,3.4298675060272217,0.0,1,1
1561,2.7925033569335938,0.0,0,0
1562,3.3170931339263916,0.0,0,0
1563,2.869499683380127,0.0,0,0
1564,2.914036989212036,0.0,1,1
1565,3.422633647918701,0.0,0,0
1566,3.896991729736328,0.0,1,1
1567,4.2593183517456055,0.0,1,1
1568,3.7108566761016846,0.0,0,0
1569,3.843838691711426,0.0,0,0
1570,3.8595924377441406,0.0,0,0
1571,3.745858907699585,0.0,0,0
1572,3.8116555213928223,0.0,1,1
1573,4.5751118659973145,0.0,1,1
1574,4.092837810516357,0.0,0,0
1575,3.751513957977295,0.0,1,1
1576,3.5062708854675293,0.0,1,1
1577,3.40533709526062,0.0,0,0
1578,4.061959743499756,0.0,1,1
1579,4.001485347747803,0.0,1,1
1580,3.641348123550415,0.0,0,0
1581,3.5456817150115967,0.0,1,1
1582,4.371841907501221,0.0,1,1
1583,4.123044013977051,0.0,1,1
1584,3.6643142700195312,0.0,0,0
1585,3.5725045204162598,0.0,1,1
1586,3.907604455947876,0.0,1,1
1587,3.685685873031616,0.0,1,1
1588,4.439094543457031,0.0,1,1
1589,3.712132453918457,0.0,1,1
1590,3.9687020778656006,0.0,0,0
1591,4.353551387786865,0.0,1,1
1592,4.062468528747559,0.0,1,1
1593,4.002050399780273,0.0,1,1
1594,4.724925518035889,0.0,1,1
1595,4.102661609649658,0.0,0,0
1596,4.217231273651123,0.0,1,1
1597,4.053739547729492,0.0,1,1
1598,3.955810308456421,0.0,1,1
1599,3.6454265117645264,0.0,1,1
1600,3.898416519165039,0.0,1,1
1601,4.215804576873779,0.0,1,1
1602,3.943549394607544,0.0,0,0
1603,4.150234699249268,0.0,1,1
1604,4.2446208000183105,0.0,1,1
1605,4.326013565063477,0.0,1,1
1606,4.086121082305908,0.0,0,0
1607,4.070791721343994,0.0,1,1
1608,3.78340220451355,0.0,0,0
1609,4.0631585121154785,0.0,1,1
1610,4.071885108947754,0.0,1,1
1611,4.4224371910095215,0.0,1,1
1612,3.5648598670959473,0.0,1,1
1613,3.3871352672576904,0.0,1,1
1614,2.9708311557769775,0.0,1,1
1615,3.7805633544921875,0.0,0,0
1616,3.8168888092041016,0.0,0,0
1617,3.9635438919067383,0.0,1,1
1618,3.8734681606292725,0.0,1,1
1619,3.6540799140930176,0.0,1,1
1620,3.8989877700805664,0.0,1,1
1621,3.577397346496582,0.0,1,1
1622,3.7670674324035645,0.0,1,1
1623,3.5637476444244385,0.0,1,1
1624,3.7815325260162354,0.0,1,1
1625,3.9429750442504883,0.0,0,0
1626,4.499606609344482,0.0,1,1
1627,3.6140549182891846,0.0,1,1
1628,3.4854419231414795,0.0,0,0
1629,4.275530815124512,0.0,1,1
1630,3.6472043991088867,0.0,0,0
1631,3.9960103034973145,0.0,1,1
1632,3.333803653717041,0.0,0,0
1633,3.5937705039978027,0.0,0,0
1634,4.218812942504883,0.0,1,1
1635,4.281957626342773,0.0,0,0
1636,4.239023208618164,0.0,0,0
1637,3.583665132522583,0.0,1,1
1638,4.146188259124756,0.0,0,0
1639,4.9717698097229,0.0,1,1
1640,4.102596282958984,0.0,0,0
1641,4.383689880371094,0.0,0,0
1642,4.177026271820068,0.0,0,0
1643,3.9969730377197266,0.0,1,1
1644,4.248072624206543,0.0,1,1
1645,3.707227945327759,0.0,0,0
1646,4.345758438110352,0.0,1,1
1647,4.066641330718994,0.0,1,1
1648,4.317592144012451,0.0,0,0
1649,3.954556465148926,0.0,0,0
1650,3.9917192459106445,0.0,1,1
1651,4.2793426513671875,0.0,0,0
1652,4.237765789031982,0.0,0,0
1653,4.1121931076049805,0.0,0,0
1654,4.797731876373291,0.0,1,1
1655,4.819053649902344,0.0,0,0
1656,4.814573764801025,0.0,0,0
1657,4.131022930145264,0.0,0,0
1658,4.69982385635376,0.0,0,0
1659,4.65001106262207,0.0,1,1
1660,4.694839000701904,0.0,0,0
1661,4.4826531410217285,0.0,0,0
1662,5.008035659790039,0.0,0,0
1663,3.9194412231445312,0.0,0,0
1664,4.489105701446533,0.0,0,0
1665,4.736948490142822,0.0,1,1
1666,5.269100189208984,0.0,1,1
1667,4.117102146148682,0.0,0,0
1668,4.476497173309326,0.0,0,0
1669,4.122370719909668,0.0,0,0
1670,3.8568243980407715,0.0,1,1
1671,4.56002950668335,0.0,0,0
1672,3.2570512294769287,0.0,0,0
1673,3.2499499320983887,0.0,1,1
1674,2.993466377258301,0.0,0,0
1675,3.5805721282958984,0.0,1,1
1676,3.8343286514282227,0.0,1,1
1677,3.973576307296753,0.0,1,1
1678,3.985028028488159,0.0,0,0
1679,3.4540538787841797,0.0,1,1
1680,3.612541437149048,0.0,1,1
1681,3.790926456451416,0.0,0,0
1682,4.096260070800781,0.0,0,0
1683,3.7408180236816406,0.0,0,0
1684,3.2922050952911377,0.0,0,0
1685,1.1959999799728394,0.0,1,1
1686,1.7473000288009644,0.0,1,1
1687,2.9481847286224365,0.0,0,0
1688,3.2726633548736572,0.0,1,1
1689,3.0875132083892822,0.0,1,1
1690,2.8361501693725586,0.0,1,1
1691,3.98673677444458,0.0,0,0
1692,3.772298812866211,0.0,0,0
1693,4.532211780548096,0.0,0,0
1694,3.7397003173828125,0.0,0,0
1695,3.894134759902954,0.0,0,0
1696,3.9279839992523193,0.0,1,1
1697,4.533495903015137,0.0,1,1
1698,3.7906155586242676,0.0,1,1
1699,3.7942185401916504,0.0,0,0
1700,3.178696870803833,0.0,0,0
1701,3.8586511611938477,0.0,0,0
1702,4.255526065826416,0.0,1,1
1703,3.6158275604248047,0.0,0,0
1704,4.0204572677612305,0.0,1,1
1705,2.50813364982605,0.0,0,0
1706,2.9317541122436523,0.0,1,1
1707,3.359065294265747,0.0,0,0
1708,3.9937334060668945,0.0,0,0
1709,4.151445388793945,0.0,1,1
1710,5.21674108505249,0.0,0,0
1711,3.9006972312927246,0.0,1,1
1712,4.453868389129639,0.0,0,0
1713,4.272543907165527,0.0,0,0
1714,4.155171871185303,0.0,1,1
1715,3.9063680171966553,0.0,1,1
1716,4.474270343780518,0.0,1,1
1717,4.316771030426025,0.0,1,1
1718,4.109580039978027,0.0,0,0
1719,4.094123840332031,0.0,1,1
1720,3.7428133487701416,0.0,0,0
1721,4.6621994972229,0.0,0,0
1722,4.032927989959717,0.0,1,1
1723,3.8908469676971436,0.0,0,0
1724,3.672398328781128,0.0,1,1
1725,3.948641300201416,0.0,0,0
1726,4.395140647888184,0.0,1,1
1727,4.040333271026611,0.0,0,0
1728,4.807099342346191,0.0,0,0
1729,2.8199853897094727,0.0,0,0
1730,4.384337902069092,0.0,0,0
1731,4.247332572937012,0.0,1,1
1732,4.188422679901123,0.0,0,0
1733,4.843698501586914,0.0,1,1
1734,3.4708352088928223,0.0,0,0
1735,3.865133762359619,0.0,0,0
1736,4.043987274169922,0.0,0,0
1737,4.950265884399414,0.0,1,1
1738,4.680486679077148,0.0,0,0
1739,4.181307315826416,0.0,0,0
1740,4.18284273147583,0.0,0,0
1741,2.539027690887451,0.0,0,0
1742,2.806504011154175,0.0,1,1
1743,2.9485244750976562,0.0,0,0
1744,2.914497137069702,0.0,1,1
1745,3.5245697498321533,0.0,0,0
1746,3.762941360473633,0.0,1,1
1747,3.694122552871704,0.0,0,0
1748,2.7221693992614746,0.0,0,0
1749,3.6634767055511475,0.0,0,0
1750,3.086021661758423,0.0,0,0
1751,2.528712272644043,0.0,0,0
1752,4.260069847106934,0.0,0,0
1753,4.165979862213135,0.0,0,0
1754,5.203287124633789,0.0,0,0
1755,4.32459831237793,0.0,0,0
1756,3.3360869884490967,0.0,1,1
1757,3.7007687091827393,0.0,0,0
1758,3.958441734313965,0.0,1,1
1759,4.010541915893555,0.0,0,0
1760,3.839670419692993,0.0,0,0
1761,3.6797847747802734,0.0,1,1
1762,3.830047845840454,0.0,0,0
1763,4.226372241973877,0.0,1,1
1764,3.616974115371704,0.0,0,0
1765,4.039548397064209,0.0,0,0
1766,3.6514217853546143,0.0,1,1
1767,4.2695746421813965,0.0,1,1
1768,3.632172107696533,0.0,0,0
1769,4.467160224914551,0.0,1,1
1770,4.486853122711182,0.0,0,0
1771,4.611653804779053,0.0,1,1
1772,4.35068941116333,0.0,0,0
1773,4.323544502258301,0.0,1,1
1774,4.136138439178467,0.0,1,1
1775,4.189767360687256,0.0,0,0
1776,4.387197017669678,0.0,0,0
1777,3.894019842147827,0.0,1,1
1778,4.467893600463867,0.0,1,1
1779,4.593575954437256,0.0,1,1
1780,4.319584369659424,0.0,1,1
1781,4.106307506561279,0.0,1,1
1782,4.338471412658691,0.0,0,0
1783,4.325188159942627,0.0,1,1
1784,4.276808738708496,0.0,1,1
1785,4.0597004890441895,0.0,0,0
1786,3.999927043914795,0.0,1,1
1787,4.125934600830078,0.0,0,0
1788,4.06002140045166,0.0,0,0
1789,4.127803802490234,0.0,0,0
1790,4.090551376342773,0.0,1,1
1791,4.350522518157959,0.0,1,1
1792,4.03060245513916,0.0,0,0
1793,2.805516481399536,0.0,0,0
1794,2.855804920196533,0.0,0,0
1795,3.045252561569214,0.0,0,0
1796,3.3605520725250244,0.0,0,0
1797,3.6367692947387695,0.0,0,0
1798,4.302158832550049,0.0,0,0
1799,4.152155876159668,0.0,1,1
1800,3.7490267753601074,0.0,0,0
1801,3.6368534564971924,0.0,0,0
1802,3.91243314743042,0.0,0,0
1803,4.5638628005981445,0.0,0,0
1804,4.258185863494873,0.0,0,0
1805,5.045261859893799,0.0,0,0
1806,4.1960954666137695,0.0,1,1
1807,4.528587341308594,0.0,0,0
1808,4.837523937225342,0.0,1,1
1809,4.311329364776611,0.0,0,0
1810,4.083158016204834,0.0,0,0
1811,4.490965843200684,0.0,0,0
1812,4.682034969329834,0.0,0,0
1813,4.55819034576416,0.0,1,1
1814,4.034109592437744,0.0,1,1
1815,4.82450532913208,0.0,0,0
1816,4.5159173011779785,0.0,0,0
1817,4.090948104858398,0.0,0,0
1818,4.42081880569458,0.0,1,1
1819,4.494411945343018,0.0,0,0
1820,3.945758104324341,0.0,0,0
1821,3.01483154296875,0.0,1,1
1822,3.3838112354278564,0.0,1,1
1823,3.710543632507324,0.0,0,0
1824,4.245650291442871,0.0,1,1
1825,4.2035722732543945,0.0,0,0
1826,4.045954704284668,0.0,1,1
1827,4.495485305786133,0.0,0,0
1828,4.138916969299316,0.0,1,1
1829,4.247052192687988,0.0,1,1
1830,4.218489170074463,0.0,1,1
1831,4.039276599884033,0.0,0,0
1832,4.11156702041626,0.0,1,1
1833,3.630613327026367,0.0,1,1
1834,3.5900816917419434,0.0,0,0
1835,3.9862539768218994,0.0,1,1
1836,3.988060235977173,0.0,0,0
1837,3.9784889221191406,0.0,1,1
1838,3.4345309734344482,0.0,1,1
1839,3.9607300758361816,0.0,1,1
1840,3.649587392807007,0.0,1,1
1841,3.3327419757843018,0.0,0,0
1842,3.7895700931549072,0.0,0,0
1843,3.1891467571258545,0.0,0,0
1844,4.095641136169434,0.0,1,1
1845,3.822425603866577,0.0,1,1
1846,4.215534687042236,0.0,0,0
1847,3.390986442565918,0.0,0,0
1848,3.803342342376709,0.0,0,0
1849,4.286875247955322,0.0,0,0
1850,3.7858242988586426,0.0,0,0
1851,4.468330383300781,0.0,1,1
1852,4.593629360198975,0.0,1,1
1853,3.3372597694396973,0.0,0,0
1854,3.923259735107422,0.0,1,1
1855,4.076783657073975,0.0,1,1
1856,4.519155502319336,0.0,1,1
1857,4.370782852172852,0.0,0,0
1858,4.294885635375977,0.0,0,0
1859,3.757861375808716,0.0,1,1
1860,4.10284948348999,0.0,0,0
1861,4.759462833404541,0.0,0,0
1862,4.701939582824707,0.0,0,0
1863,4.129244327545166,0.0,0,0
1864,4.942556381225586,0.0,0,0
1865,3.1667604446411133,0.0,0,0
1866,3.311032772064209,0.0,1,1
1867,3.3213489055633545,0.0,0,0
1868,3.2787396907806396,0.0,0,0
1869,3.9200680255889893,0.0,1,1
1870,3.7959721088409424,0.0,1,1
1871,3.8236403465270996,0.0,0,0
1872,4.008277893066406,0.0,0,0
1873,3.9350879192352295,0.0,1,1
1874,3.69046950340271,0.0,1,1
1875,3.6026463508605957,0.0,1,1
1876,4.095926761627197,0.0,0,0
1877,4.313876628875732,0.0,1,1
1878,3.7338316440582275,0.0,0,0
1879,3.8020594120025635,0.0,0,0
1880,3.6289451122283936,0.0,1,1
1881,3.3051815032958984,0.0,1,1
1882,3.797935962677002,0.0,0,0
1883,3.8845179080963135,0.0,1,1
1884,3.203824758529663,0.0,1,1
1885,4.079338073730469,0.0,1,1
1886,4.05906343460083,0.0,0,0
1887,3.9918429851531982,0.0,1,1
1888,4.5841240882873535,0.0,0,0
1889,4.04148530960083,0.0,0,0
1890,3.7122538089752197,0.0,1,1
1891,3.6671671867370605,0.0,0,0
1892,3.5617599487304688,0.0,1,1
1893,3.8884825706481934,0.0,1,1
1894,3.8090767860412598,0.0,0,0
1895,4.143580436706543,0.0,1,1
1896,4.061100959777832,0.0,0,0
1897,3.995433807373047,0.0,1,1
1898,4.116718292236328,0.0,1,1
1899,4.086012363433838,0.0,1,1
1900,3.8804428577423096,0.0,1,1
1901,3.3616793155670166,0.0,0,0
1902,3.703852415084839,0.0,1,1
1903,3.837522506713867,0.0,0,0
1904,3.2415168285369873,0.0,1,1
1905,4.17000675201416,0.0,1,1
1906,4.307531356811523,0.0,0,0
1907,3.906723737716675,0.0,1,1
1908,3.7895796298980713,0.0,0,0
1909,4.120966911315918,0.0,1,1
1910,4.054221153259277,0.0,0,0
1911,4.169459819793701,0.0,1,1
1912,4.389784812927246,0.0,1,1
1913,4.2687296867370605,0.0,0,0
1914,3.754361152648926,0.0,0,0
1915,3.8999695777893066,0.0,1,1
1916,3.6769795417785645,0.0,0,0
1917,4.207503795623779,0.0,0,0
1918,4.069780349731445,0.0,1,1
1919,3.682556390762329,0.0,0,0
1920,3.7422568798065186,0.0,0,0
1921,4.076505184173584,0.0,0,0
1922,3.7801361083984375,0.0,0,0
1923,3.8840854167938232,0.0,0,0
1924,4.31076192855835,0.0,0,0
1925,4.236485958099365,0.0,1,1
1926,4.738399505615234,0.0,0,0
1927,4.8683695793151855,0.0,1,1
1928,4.769383907318115,0.0,1,1
1929,4.633484840393066,0.0,1,1
1930,4.038180828094482,0.0,0,0
1931,4.161347389221191,0.0,1,1
1932,4.523898601531982,0.0,1,1
1933,4.8136982917785645,0.0,1,1
1934,4.43921422958374,0.0,1,1
1935,4.548325538635254,0.0,0,0
1936,4.538229942321777,0.0,0,0
1937,4.3481245040893555,0.0,0,0
1938,4.155071258544922,0.0,1,1
1939,3.9134743213653564,0.0,1,1
1940,4.684422016143799,0.0,0,0
1941,4.714583396911621,0.0,0,0
1942,4.071873188018799,0.0,0,0
1943,4.41165828704834,0.0,1,1
1944,4.013629913330078,0.0,1,1
1945,4.307466983795166,0.0,1,1
1946,4.134176731109619,0.0,0,0
1947,4.142603874206543,0.0,0,0
1948,4.551900386810303,0.0,1,1
1949,4.252718925476074,0.0,0,0
1950,4.245479583740234,0.0,1,1
1951,4.30183744430542,0.0,1,1
1952,4.253238677978516,0.0,0,0
1953,3.4821341037750244,0.0,0,0
1954,3.8327765464782715,0.0,0,0
1955,4.257587909698486,0.0,0,0
1956,3.1804311275482178,0.0,1,1
1957,3.489192247390747,0.0,0,0
1958,2.606386423110962,0.0,0,0
1959,2.888448476791382,0.0,1,1
1960,2.93457293510437,0.0,0,0
1961,3.1606662273406982,0.0,0,0
1962,2.9330191612243652,0.0,0,0
1963,3.6537461280822754,0.0,0,0
1964,3.9520814418792725,0.0,0,0
1965,3.5434844493865967,0.0,1,1
1966,3.5930306911468506,0.0,1,1
1967,3.6763336658477783,0.0,1,1
1968,4.166742324829102,0.0,0,0
1969,3.692455291748047,0.0,0,0
1970,3.8979923725128174,0.0,0,0
1971,3.7397379875183105,0.0,1,1
1972,3.8869130611419678,0.0,0,0
1973,3.7785143852233887,0.0,0,0
1974,3.697934150695801,0.0,1,1
1975,3.9577279090881348,0.0,1,1
1976,4.006564617156982,0.0,0,0
1977,3.602764129638672,0.0,1,1
1978,3.875197410583496,0.0,0,0
1979,3.9537785053253174,0.0,0,0
1980,4.007047653198242,0.0,1,1
1981,3.254462718963623,0.0,0,0
1982,3.665464401245117,0.0,0,0
1983,4.398463726043701,0.0,0,0
1984,4.34364128112793,0.0,1,1
1985,3.93837308883667,0.0,1,1
1986,4.2975077629089355,0.0,1,1
1987,3.9108121395111084,0.0,0,0
1988,4.425326347351074,0.0,1,1
1989,3.433755874633789,0.0,1,1
1990,4.518081188201904,0.0,0,0
1991,4.244319915771484,0.0,1,1
1992,4.34633731842041,0.0,1,1
1993,4.736145973205566,0.0,1,1
1994,4.431574821472168,0.0,1,1
1995,3.9749231338500977,0.0,0,0
1996,4.201844692230225,0.0,1,1
1997,4.450562000274658,0.0,1,1
1998,4.057986736297607,0.0,1,1
1999,4.455803871154785,0.0,1,1
2000,4.215717315673828,0.0,0,0
2001,3.749915361404419,0.0,1,1
2002,3.477001905441284,0.0,1,1
2003,4.338245868682861,0.0,1,1
2004,3.787580728530884,0.0,0,0
2005,4.434334754943848,0.0,1,1
2006,3.840932607650757,0.0,1,1
2007,3.837977409362793,0.0,1,1
2008,3.9932515621185303,0.0,0,0
2009,4.683774471282959,0.0,1,1
2010,4.340744495391846,0.0,0,0
2011,3.9929699897766113,0.0,0,0
2012,4.288180828094482,0.0,1,1
2013,4.119068145751953,0.0,0,0
2014,4.244776725769043,0.0,0,0
2015,4.2470574378967285,0.0,1,1
2016,4.236210346221924,0.0,0,0
2017,4.585780143737793,0.0,1,1
2018,3.3789327144622803,0.0,0,0
2019,4.380311965942383,0.0,1,1
2020,4.217185020446777,0.0,0,0
2021,4.988622665405273,0.0,0,0
2022,3.0801095962524414,0.0,0,0
2023,4.361837863922119,0.0,0,0
2024,3.558138608932495,0.0,0,0
2025,3.7013888359069824,0.0,1,1
2026,3.4698567390441895,0.0,1,1
2027,3.7280664443969727,0.0,0,0
2028,3.4896442890167236,0.0,0,0
2029,3.820380449295044,0.0,0,0
2030,4.049813270568848,0.0,0,0
2031,3.893188238143921,0.0,0,0
2032,3.5972237586975098,0.0,1,1
2033,4.208329200744629,0.0,1,1
2034,3.561473846435547,0.0,1,1
2035,4.049564361572266,0.0,1,1
2036,2.851478099822998,0.0,0,0
2037,2.824627637863159,0.0,1,1
2038,3.501452684402466,0.0,0,0
2039,3.533703565597534,0.0,1,1
2040,3.949591636657715,0.0,1,1
2041,4.582537651062012,0.0,1,1
2042,4.2141594886779785,0.0,1,1
2043,3.693902015686035,0.0,1,1
2044,4.738685131072998,0.0,1,1
2045,3.3884119987487793,0.0,1,1
2046,4.064350128173828,0.0,1,1
2047,3.685532808303833,0.0,0,0
2048,3.77465558052063,0.0,1,1
2049,3.8693013191223145,0.0,1,1
2050,3.7569384574890137,0.0,0,0
2051,2.922727346420288,0.0,1,1
2052,2.778531074523926,0.0,0,0
2053,3.6405696868896484,0.0,0,0
2054,3.988051176071167,0.0,1,1
2055,4.324912071228027,0.0,1,1
2056,3.655794620513916,0.0,1,1
2057,4.369010925292969,0.0,1,1
2058,3.8686039447784424,0.0,0,0
2059,4.507961750030518,0.0,1,1
2060,3.900536298751831,0.0,1,1
2061,3.709768533706665,0.0,0,0
2062,3.719869375228882,0.0,0,0
2063,4.100162029266357,0.0,0,0
2064,3.918299913406372,0.0,0,0
2065,3.750526189804077,0.0,1,1
2066,3.811877727508545,0.0,1,1
2067,4.417268753051758,0.0,1,1
2068,4.539769649505615,0.0,0,0
2069,4.276586532592773,0.0,1,1
2070,4.009541988372803,0.0,0,0
2071,2.9214906692504883,0.0,0,0
2072,3.5966835021972656,0.0,1,1
2073,3.5967721939086914,0.0,0,0
2074,3.5601468086242676,0.0,1,1
2075,3.536543607711792,0.0,0,0
2076,3.408893585205078,0.0,1,1
2077,3.27121901512146,0.0,0,0
2078,2.9068315029144287,0.0,0,0
2079,3.859513521194458,0.0,1,1
2080,3.563918113708496,0.0,1,1
2081,3.638793706893921,0.0,0,0
2082,4.151341438293457,0.0,0,0
2083,4.207090854644775,0.0,0,0
2084,4.377322196960449,0.0,0,0
2085,4.28970193862915,0.0,1,1
2086,4.254919528961182,0.0,0,0
2087,4.566211700439453,0.0,1,1
2088,4.379426956176758,0.0,0,0
2089,3.3386387825012207,0.0,1,1
2090,3.1832690238952637,0.0,1,1
2091,3.468411445617676,0.0,1,1
2092,3.8117494583129883,0.0,0,0
2093,3.6178667545318604,0.0,0,0
2094,3.5401108264923096,0.0,0,0
2095,3.7318952083587646,0.0,1,1
2096,3.115210771560669,0.0,1,1
2097,3.096054792404175,0.0,1,1
2098,4.078158378601074,0.0,1,1
2099,4.038416862487793,0.0,1,1
2100,3.789545774459839,0.0,0,0
2101,4.404504299163818,0.0,1,1
2102,3.96578311920166,0.0,1,1
2103,4.211153984069824,0.0,0,0
2104,3.7225136756896973,0.0,1,1
2105,3.4228076934814453,0.0,1,1
2106,4.594135761260986,0.0,1,1
2107,3.8826887607574463,0.0,0,0
2108,4.255268096923828,0.0,1,1
2109,3.7216713428497314,0.0,1,1
2110,3.8548521995544434,0.0,0,0
2111,3.787405014038086,0.0,1,1
2112,4.4319329261779785,0.0,1,1
2113,3.6014182567596436,0.0,1,1
2114,3.5970568656921387,0.0,1,1
2115,3.7339212894439697,0.0,1,1
2116,3.9400570392608643,0.0,0,0
2117,3.6897737979888916,0.0,1,1
2118,3.7407102584838867,0.0,1,1
2119,4.207983493804932,0.0,1,1
2120,3.8247551918029785,0.0,0,0
2121,3.754913806915283,0.0,1,1
2122,3.590714454650879,0.0,1,1
2123,3.3732008934020996,0.0,0,0
2124,3.895515203475952,0.0,0,0
2125,3.752943277359009,0.0,0,0
2126,3.7658820152282715,0.0,1,1
2127,3.624593734741211,0.0,1,1
2128,3.946375846862793,0.0,1,1
2129,3.4653382301330566,0.0,0,0
2130,2.381638765335083,0.0,1,1
2131,2.8760924339294434,0.0,0,0
2132,3.8502957820892334,0.0,1,1
2133,3.2529733180999756,0.0,0,0
2134,2.8637781143188477,0.0,1,1
2135,3.401970386505127,0.0,1,1
2136,3.6012887954711914,0.0,0,0
2137,2.6467485427856445,0.0,1,1
2138,3.5340089797973633,0.0,0,0
2139,3.1801066398620605,0.0,1,1
2140,3.693296194076538,0.0,1,1
2141,2.8443987369537354,0.0,1,1
2142,2.6232059001922607,0.0,0,0
2143,3.20491623878479,0.0,1,1
2144,2.294438600540161,0.0,0,0
2145,2.1542656421661377,0.0,1,1
2146,2.154376983642578,0.0,0,0
2147,3.9547371864318848,0.0,1,1
2148,3.2890384197235107,0.0,1,1
2149,3.238767623901367,0.0,0,0
2150,3.444267988204956,0.0,1,1
2151,3.7603561878204346,0.0,1,1
2152,2.8857343196868896,0.0,1,1
2153,3.1855404376983643,0.0,0,0
2154,4.180459976196289,0.0,1,1
2155,4.277842044830322,0.0,1,1
2156,3.7930550575256348,0.0,1,1
2157,3.6403112411499023,0.0,0,0
2158,3.58613657951355,0.0,0,0
2159,3.3494725227355957,0.0,0,0
2160,3.5782034397125244,0.0,1,1
2161,3.9688212871551514,0.0,0,0
2162,3.500436305999756,0.0,0,0
2163,3.764345645904541,0.0,1,1
2164,4.271205425262451,0.0,0,0
2165,3.5177648067474365,0.0,0,0
2166,3.556894063949585,0.0,1,1
2167,3.6714611053466797,0.0,0,0
2168,3.4253532886505127,0.0,0,0
2169,3.7293143272399902,0.0,0,0
2170,3.2152063846588135,0.0,1,1
2171,3.6495323181152344,0.0,0,0
2172,4.0436506271362305,0.0,0,0
2173,3.0148067474365234,0.0,0,0
2174,3.3707027435302734,0.0,1,1
2175,3.403451442718506,0.0,1,1
2176,3.8801493644714355,0.0,0,0
2177,3.5546135902404785,0.0,1,1
2178,3.602220058441162,0.0,1,1
2179,4.008194923400879,0.0,0,0
2180,3.7556374073028564,0.0,1,1
2181,3.774610996246338,0.0,1,1
2182,3.8906712532043457,0.0,0,0
2183,3.505441188812256,0.0,0,0
2184,3.771972417831421,0.0,0,0
2185,3.219879627227783,0.0,0,0
2186,4.51919412612915,0.0,1,1
2187,3.8900535106658936,0.0,0,0
2188,3.733226776123047,0.0,0,0
2189,3.6055748462677,0.0,0,0
2190,4.166685581207275,0.0,0,0
2191,4.217080116271973,0.0,0,0
2192,3.847107172012329,0.0,0,0
2193,3.605898857116699,0.0,0,0
2194,4.251447677612305,0.0,0,0
2195,3.691932439804077,0.0,0,0
2196,2.9572975635528564,0.0,0,0
2197,4.224455833435059,0.0,1,1
2198,4.210541725158691,0.0,1,1
2199,3.906724214553833,0.0,0,0
2200,3.58249831199646,0.0,0,0
2201,4.271484375,0.0,1,1
2202,2.820087194442749,0.0,0,0
2203,3.7778639793395996,0.0,0,0
2204,3.991119146347046,0.0,1,1
2205,3.369007110595703,0.0,0,0
2206,2.853192090988159,0.0,0,0
2207,3.082476854324341,0.0,1,1
2208,3.5478286743164062,0.0,1,1
2209,3.1463048458099365,0.0,0,0
2210,3.2043066024780273,0.0,0,0
2211,3.421260356903076,0.0,0,0
2212,3.428302049636841,0.0,0,0
2213,3.2934730052948,0.0,1,1
2214,3.718256950378418,0.0,0,0
2215,4.030413627624512,0.0,0,0
2216,3.656346559524536,0.0,0,0
2217,3.467744827270508,0.0,0,0
2218,3.4197590351104736,0.0,1,1
2219,3.822042465209961,0.0,0,0
2220,3.525702714920044,0.0,1,1
2221,3.2393248081207275,0.0,0,0
2222,3.297696352005005,0.0,0,0
2223,3.6567113399505615,0.0,1,1
2224,3.658066987991333,0.0,0,0
2225,3.475517988204956,0.0,0,0
2226,3.6917381286621094,0.0,1,1
2227,4.258440971374512,0.0,0,0
2228,4.275844097137451,0.0,0,0
2229,4.051833152770996,0.0,0,0
2230,4.594202995300293,0.0,0,0
2231,4.4383320808410645,0.0,0,0
2232,4.2461442947387695,0.0,0,0
2233,4.761987209320068,0.0,0,0
2234,4.341071605682373,0.0,0,0
2235,4.6722636222839355,0.0,0,0
2236,3.653475761413574,0.0,0,0
2237,2.5141682624816895,0.0,1,1
2238,2.6839733123779297,0.0,0,0
2239,2.2711753845214844,0.0,0,0
2240,2.5906383991241455,0.0,1,1
2241,2.6864523887634277,0.0,1,1
2242,2.8134143352508545,0.0,0,0
2243,2.368931531906128,0.0,1,1
2244,2.6626439094543457,0.0,0,0
2245,2.737473487854004,0.0,1,1
2246,2.4174952507019043,0.0,0,0
2247,2.6072323322296143,0.0,0,0
2248,2.4281704425811768,0.0,1,1
2249,3.014742851257324,0.0,1,1
2250,2.5590708255767822,0.0,0,0
2251,2.9035165309906006,0.0,0,0
2252,2.3439159393310547,0.0,0,0
2253,2.452617883682251,0.0,1,1
2254,2.5009891986846924,0.0,1,1
2255,3.289318561553955,0.0,0,0
2256,4.086503028869629,0.0,0,0
2257,4.091259002685547,0.0,1,1
2258,3.0523581504821777,0.0,1,1
2259,3.8636598587036133,0.0,0,0
2260,3.956810235977173,0.0,1,1
2261,3.8727540969848633,0.0,1,1
2262,4.656855583190918,0.0,0,0
2263,5.456416606903076,0.0,0,0
2264,5.451275825500488,0.0,0,0
2265,5.738170623779297,0.0,0,0
2266,5.423061370849609,0.0,0,0
2267,4.091407299041748,0.0,1,1
2268,3.7410624027252197,0.0,1,1
2269,3.7836356163024902,0.0,1,1
2270,3.810703754425049,0.0,1,1
2271,4.4876861572265625,0.0,1,1
2272,4.299395561218262,0.0,1,1
2273,3.996206521987915,0.0,0,0
2274,4.336196422576904,0.0,1,1
2275,4.680181980133057,0.0,1,1
2276,3.6144022941589355,0.0,1,1
2277,3.8519253730773926,0.0,0,0
2278,4.181966781616211,0.0,1,1
2279,4.471211910247803,0.0,1,1
2280,3.64656138420105,0.0,1,1
2281,3.8231618404388428,0.0,0,0
2282,3.8649542331695557,0.0,1,1
2283,3.8427834510803223,0.0,1,1
2284,4.260069370269775,0.0,1,1
2285,4.006995677947998,0.0,1,1
2286,4.9945149421691895,0.0,0,0
2287,3.5913121700286865,0.0,0,0
2288,4.590878486633301,0.0,1,1
2289,4.085438251495361,0.0,1,1
2290,4.185119152069092,0.0,0,0
2291,3.6230270862579346,0.0,0,0
2292,4.067437648773193,0.0,0,0
2293,3.725804328918457,0.0,0,0
2294,2.29453444480896,0.0,1,1
2295,1.977372407913208,0.0,1,1
2296,2.116856336593628,0.0,1,1
2297,2.4303736686706543,0.0,0,0
2298,2.730433940887451,0.0,1,1
2299,2.8802309036254883,0.0,1,1
2300,2.7029359340667725,0.0,0,0
2301,3.058105707168579,0.0,1,1
2302,2.949477195739746,0.0,1,1
2303,2.992147445678711,0.0,1,1
2304,3.6299896240234375,0.0,1,1
2305,2.982334852218628,0.0,1,1
2306,3.615701675415039,0.0,1,1
2307,3.1152215003967285,0.0,0,0
2308,3.2212486267089844,0.0,1,1
2309,2.7728967666625977,0.0,0,0
2310,3.5588715076446533,0.0,1,1
2311,4.124104022979736,0.0,1,1
2312,2.8932647705078125,0.0,1,1
2313,2.3744454383850098,0.0,1,1
2314,3.5225133895874023,0.0,1,1
2315,3.4887328147888184,0.0,0,0
2316,3.2293901443481445,0.0,0,0
2317,3.582923173904419,0.0,0,0
2318,3.2171578407287598,0.0,1,1
2319,3.492438554763794,0.0,0,0
2320,3.6097211837768555,0.0,1,1
2321,3.5590293407440186,0.0,0,0
2322,3.8349404335021973,0.0,1,1
2323,3.3805432319641113,0.0,0,0
2324,3.4987261295318604,0.0,1,1
2325,3.602703332901001,0.0,1,1
2326,3.554992198944092,0.0,0,0
2327,3.2639904022216797,0.0,1,1
2328,2.906393527984619,0.0,1,1
2329,4.01490592956543,0.0,0,0
2330,3.944521903991699,0.0,1,1
2331,3.9807369709014893,0.0,0,0
2332,3.8838486671447754,0.0,0,0
2333,3.7839674949645996,0.0,0,0
2334,3.82326078414917,0.0,1,1
2335,3.633004665374756,0.0,0,0
2336,3.99155855178833,0.0,1,1
2337,4.321536064147949,0.0,0,0
2338,4.042943000793457,0.0,0,0
2339,4.917728424072266,0.0,1,1
2340,4.018726825714111,0.0,0,0
2341,4.871134281158447,0.0,1,1
2342,4.125365257263184,0.0,0,0
2343,2.5940468311309814,0.0,1,1
2344,3.4467830657958984,0.0,1,1
2345,3.782421827316284,0.0,0,0
2346,4.476230621337891,0.0,1,1
2347,4.350283622741699,0.0,1,1
2348,4.298669338226318,0.0,1,1
2349,4.565413475036621,0.0,0,0
2350,4.198545455932617,0.0,0,0
2351,4.296546459197998,0.0,0,0
2352,3.6904377937316895,0.0,1,1
2353,4.318739414215088,0.0,0,0
2354,4.079316139221191,0.0,1,1
2355,3.9335222244262695,0.0,0,0
2356,4.325490951538086,0.0,1,1
2357,4.546137809753418,0.0,1,1
2358,3.587920904159546,0.0,0,0
2359,3.8845603466033936,0.0,1,1
2360,3.5639259815216064,0.0,0,0
2361,4.021854877471924,0.0,1,1
2362,3.6970808506011963,0.0,0,0
2363,3.4065563678741455,0.0,0,0
2364,3.678112745285034,0.0,1,1
2365,4.1960320472717285,0.0,0,0
2366,3.0631260871887207,0.0,0,0
2367,3.202134370803833,0.0,0,0
2368,3.8598644733428955,0.0,1,1
2369,3.022613048553467,0.0,0,0
2370,3.6502959728240967,0.0,1,1
2371,3.916456699371338,0.0,1,1
2372,3.8293468952178955,0.0,1,1
2373,3.985896587371826,0.0,1,1
2374,3.7016100883483887,0.0,1,1
2375,3.5770647525787354,0.0,1,1
2376,3.709920883178711,0.0,0,0
2377,4.1772685050964355,0.0,1,1
2378,4.065089702606201,0.0,1,1
2379,3.8008646965026855,0.0,1,1
2380,3.490748643875122,0.0,1,1
2381,3.8644556999206543,0.0,0,0
2382,3.8695311546325684,0.0,1,1
2383,3.4814932346343994,0.0,1,1
2384,3.6693363189697266,0.0,1,1
2385,3.8957886695861816,0.0,0,0
2386,3.924173355102539,0.0,1,1
2387,3.0366263389587402,0.0,1,1
2388,3.5431196689605713,0.0,0,0
2389,3.3908040523529053,0.0,1,1
2390,3.6285457611083984,0.0,1,1
2391,3.5576326847076416,0.0,1,1
2392,3.9258780479431152,0.0,0,0
2393,3.5295333862304688,0.0,1,1
2394,3.9977946281433105,0.0,1,1
2395,3.5981340408325195,0.0,1,1
2396,4.040857315063477,0.0,0,0
2397,3.7194693088531494,0.0,0,0
2398,3.875905990600586,0.0,1,1
2399,3.608633279800415,0.0,1,1
2400,3.837984561920166,0.0,0,0
2401,3.574934720993042,0.0,1,1
2402,3.8708434104919434,0.0,0,0
2403,3.7480459213256836,0.0,1,1
2404,3.679353713989258,0.0,1,1
2405,4.115206241607666,0.0,1,1
2406,3.7037737369537354,0.0,0,0
2407,3.8074846267700195,0.0,1,1
2408,3.5821375846862793,0.0,0,0
2409,3.385087251663208,0.0,0,0
2410,3.6628851890563965,0.0,1,1
2411,3.991877794265747,0.0,0,0
2412,4.094376564025879,0.0,0,0
2413,3.579230308532715,0.0,1,1
2414,3.8737804889678955,0.0,0,0
2415,3.819533348083496,0.0,0,0
2416,4.432928562164307,0.0,1,1
2417,4.430743217468262,0.0,1,1
2418,4.064385890960693,0.0,0,0
2419,3.917153835296631,0.0,0,0
2420,4.356631755828857,0.0,1,1
2421,4.331150531768799,0.0,0,0
2422,4.195621967315674,0.0,0,0
2423,4.4555487632751465,0.0,1,1
2424,4.384528160095215,0.0,0,0
2425,4.497429847717285,0.0,0,0
2426,3.791991949081421,0.0,0,0
2427,4.320970058441162,0.0,0,0
2428,4.582881927490234,0.0,1,1
2429,4.330517292022705,0.0,0,0
2430,4.436166286468506,0.0,0,0
2431,4.731909275054932,0.0,1,1
2432,4.547360897064209,0.0,0,0
2433,4.211287021636963,0.0,0,0
2434,5.502964973449707,0.0,0,0
2435,3.809999942779541,0.0,1,1
2436,3.429309606552124,0.0,0,0
2437,3.8757858276367188,0.0,1,1
2438,4.012131214141846,0.0,1,1
2439,2.490779161453247,0.0,0,0
2440,4.05790376663208,0.0,1,1
2441,3.4514904022216797,0.0,1,1
2442,4.022284507751465,0.0,0,0
2443,3.8287644386291504,0.0,1,1
2444,4.023643970489502,0.0,0,0
2445,3.9931211471557617,0.0,1,1
2446,3.6871445178985596,0.0,0,0
2447,3.438671112060547,0.0,0,0
2448,3.71952486038208,0.0,1,1
2449,3.170194625854492,0.0,1,1
2450,3.6904306411743164,0.0,1,1
2451,3.593020439147949,0.0,1,1
2452,3.582584857940674,0.0,1,1
2453,2.996098518371582,0.0,1,1
2454,4.191202640533447,0.0,0,0
2455,3.757707357406616,0.0,0,0
2456,4.075845718383789,0.0,1,1
2457,3.332442045211792,0.0,0,0
2458,3.724381923675537,0.0,1,1
2459,3.7319438457489014,0.0,0,0
2460,3.7751219272613525,0.0,0,0
2461,4.006112575531006,0.0,0,0
2462,3.976609945297241,0.0,1,1
2463,3.9411251544952393,0.0,1,1
2464,2.9175615310668945,0.0,0,0
2465,3.193368673324585,0.0,0,0
2466,2.6054739952087402,0.0,0,0
2467,3.521601915359497,0.0,0,0
2468,3.6725175380706787,0.0,1,1
2469,3.9358623027801514,0.0,0,0
2470,4.5669355392456055,0.0,0,0
2471,3.913661003112793,0.0,0,0
2472,3.6310172080993652,0.0,1,1
2473,4.233328819274902,0.0,0,0
2474,4.454247951507568,0.0,1,1
2475,4.42894172668457,0.0,1,1
2476,3.6722161769866943,0.0,0,0
2477,4.309412479400635,0.0,0,0
2478,4.234013080596924,0.0,1,1
2479,3.8575289249420166,0.0,0,0
2480,4.147216796875,0.0,0,0
2481,2.4178359508514404,0.0,0,0
2482,4.023769378662109,0.0,1,1
2483,3.465505838394165,0.0,0,0
2484,3.965693235397339,0.0,1,1
2485,2.6060726642608643,0.0,1,1
2486,3.3081061840057373,0.0,0,0
2487,2.9284608364105225,0.0,0,0
2488,3.233792304992676,0.0,0,0
2489,3.4071028232574463,0.0,0,0
2490,3.350935220718384,0.0,0,0
2491,3.7726287841796875,0.0,1,1
2492,3.6913914680480957,0.0,0,0
2493,3.0767030715942383,0.0,1,1
2494,3.2870895862579346,0.0,0,0
2495,4.447852611541748,0.0,1,1
2496,3.6980793476104736,0.0,0,0
2497,3.940448522567749,0.0,1,1
2498,3.959575653076172,0.0,1,1
2499,4.385542869567871,0.0,1,1
2500,4.099404335021973,0.0,1,1
2501,2.805530309677124,0.0,0,0
2502,2.9944376945495605,0.0,0,0
2503,3.5010457038879395,0.0,1,1
2504,3.1685452461242676,0.0,0,0
2505,3.4220216274261475,0.0,0,0
2506,3.7855148315429688,0.0,1,1
2507,3.695634603500366,0.0,0,0
2508,4.127293586730957,0.0,1,1
2509,4.013003349304199,0.0,0,0
2510,3.902703285217285,0.0,0,0
2511,2.440671443939209,0.0,1,1
2512,3.7663469314575195,0.0,0,0
2513,4.184236526489258,0.0,1,1
2514,4.26193380355835,0.0,0,0
2515,4.208068370819092,0.0,0,0
2516,3.6964077949523926,0.0,0,0
2517,4.024697303771973,0.0,0,0
2518,4.042703628540039,0.0,1,1
2519,3.8809540271759033,0.0,0,0
2520,4.050918102264404,0.0,1,1
2521,3.9093706607818604,0.0,0,0
2522,4.632425785064697,0.0,0,0
2523,4.445001125335693,0.0,1,1
2524,4.054802894592285,0.0,1,1
2525,4.126143932342529,0.0,1,1
2526,4.5064921379089355,0.0,1,1
2527,4.459956169128418,0.0,0,0
2528,4.411570072174072,0.0,1,1
2529,4.215235233306885,0.0,1,1
2530,4.7380452156066895,0.0,0,0
2531,4.150022029876709,0.0,0,0
2532,4.589416027069092,0.0,0,0
2533,4.430152893066406,0.0,0,0
2534,4.34640645980835,0.0,1,1
2535,4.593334674835205,0.0,0,0
2536,3.9207324981689453,0.0,0,0
2537,3.9369003772735596,0.0,1,1
2538,4.127370357513428,0.0,0,0
2539,4.425298690795898,0.0,1,1
2540,4.591248035430908,0.0,1,1
2541,4.779154300689697,0.0,1,1
2542,3.3705673217773438,0.0,0,0
2543,2.6849374771118164,0.0,1,1
2544,2.524334192276001,0.0,1,1
2545,2.9667954444885254,0.0,0,0
2546,2.930710554122925,0.0,1,1
2547,2.729283094406128,0.0,0,0
2548,3.8053088188171387,0.0,1,1
2549,3.135859727859497,0.0,0,0
2550,3.3355612754821777,0.0,0,0
2551,2.6589248180389404,0.0,1,1
2552,3.110377788543701,0.0,0,0
2553,3.611393928527832,0.0,0,0
2554,3.6301522254943848,0.0,0,0
2555,3.3921561241149902,0.0,0,0
2556,3.8029043674468994,0.0,1,1
2557,3.2024433612823486,0.0,0,0
2558,4.076414108276367,0.0,0,0
2559,3.9231481552124023,0.0,0,0
2560,4.1687541007995605,0.0,1,1
2561,4.049005031585693,0.0,0,0
2562,3.579669952392578,0.0,0,0
2563,4.0564775466918945,0.0,0,0
2564,4.024198055267334,0.0,1,1
2565,3.8253746032714844,0.0,1,1
2566,3.965651512145996,0.0,1,1
2567,4.134581089019775,0.0,0,0
2568,4.235755920410156,0.0,0,0
2569,3.9860129356384277,0.0,1,1
2570,3.4142162799835205,0.0,0,0
2571,3.689655303955078,0.0,1,1
2572,2.9972009658813477,0.0,1,1
2573,3.618143081665039,0.0,0,0
2574,3.4323339462280273,0.0,1,1
2575,3.258376359939575,0.0,1,1
2576,3.356492042541504,0.0,0,0
2577,3.941960573196411,0.0,1,1
2578,3.167125701904297,0.0,0,0
2579,3.5921669006347656,0.0,1,1
2580,3.4123198986053467,0.0,1,1
2581,3.3657777309417725,0.0,0,0
2582,3.970792531967163,0.0,1,1
2583,3.492340326309204,0.0,0,0
2584,3.525521993637085,0.0,1,1
2585,3.7971596717834473,0.0,1,1
2586,4.237491607666016,0.0,1,1
2587,4.14451265335083,0.0,1,1
2588,3.585139036178589,0.0,1,1
2589,4.106103897094727,0.0,0,0
2590,3.6656596660614014,0.0,1,1
2591,3.6839780807495117,0.0,1,1
2592,3.840521812438965,0.0,1,1
2593,3.7085113525390625,0.0,1,1
2594,3.8734633922576904,0.0,1,1
2595,3.9310572147369385,0.0,1,1
2596,3.676206588745117,0.0,0,0
2597,3.7052268981933594,0.0,0,0
2598,3.931185483932495,0.0,1,1
2599,3.4052670001983643,0.0,0,0
2600,4.50580358505249,0.0,1,1
2601,3.6840250492095947,0.0,0,0
2602,3.954824686050415,0.0,1,1
2603,4.29337739944458,0.0,0,0
2604,4.212682247161865,0.0,0,0
2605,4.283805847167969,0.0,0,0
2606,4.104962348937988,0.0,0,0
2607,3.7025022506713867,0.0,0,0
2608,4.13339376449585,0.0,1,1
2609,4.102679252624512,0.0,0,0
2610,4.535335540771484,0.0,1,1
2611,4.79422664642334,0.0,1,1
2612,4.423818588256836,0.0,1,1
2613,4.144827365875244,0.0,0,0
2614,4.343095779418945,0.0,1,1
2615,4.27838659286499,0.0,1,1
2616,3.921905279159546,0.0,0,0
2617,4.6956071853637695,0.0,0,0
2618,4.367004871368408,0.0,1,1
2619,4.041679859161377,0.0,0,0
2620,3.949195146560669,0.0,0,0
2621,2.927967071533203,0.0,0,0
2622,3.922344207763672,0.0,1,1
2623,3.1232621669769287,0.0,0,0
2624,3.8907318115234375,0.0,0,0
2625,3.5399608612060547,0.0,0,0
2626,3.350229263305664,0.0,0,0
2627,3.568706750869751,0.0,0,0
2628,3.2144734859466553,0.0,0,0
2629,3.819244623184204,0.0,1,1
2630,3.870321273803711,0.0,1,1
2631,3.462369918823242,0.0,0,0
2632,3.9194560050964355,0.0,1,1
2633,2.8958590030670166,0.0,1,1
2634,2.8953564167022705,0.0,1,1
2635,2.4002082347869873,0.0,1,1
2636,3.5062527656555176,0.0,0,0
2637,3.342404842376709,0.0,1,1
2638,3.486309051513672,0.0,0,0
2639,3.632110834121704,0.0,1,1
2640,3.8115785121917725,0.0,1,1
2641,3.9024717807769775,0.0,1,1
2642,3.5048134326934814,0.0,1,1
2643,3.9799938201904297,0.0,1,1
2644,3.5908079147338867,0.0,0,0
2645,3.5284979343414307,0.0,1,1
2646,4.3312859535217285,0.0,1,1
2647,4.185612201690674,0.0,1,1
2648,2.960204601287842,0.0,0,0
2649,1.3474462032318115,0.0,1,1
2650,2.041134834289551,0.0,0,0
2651,2.491041660308838,0.0,1,1
2652,2.935213327407837,0.0,0,0
2653,3.6165804862976074,0.0,1,1
2654,3.3380165100097656,0.0,0,0
2655,3.8876779079437256,0.0,0,0
2656,2.7651500701904297,0.0,0,0
2657,3.487149238586426,0.0,0,0
2658,3.7501437664031982,0.0,1,1
2659,3.6335337162017822,0.0,1,1
2660,3.3909242153167725,0.0,0,0
2661,3.3327202796936035,0.0,1,1
2662,3.949326276779175,0.0,0,0
2663,3.097681760787964,0.0,1,1
2664,3.6113405227661133,0.0,0,0
2665,3.267483949661255,0.0,1,1
2666,3.5411391258239746,0.0,0,0
2667,3.984266996383667,0.0,1,1
2668,3.8866052627563477,0.0,1,1
2669,3.9464762210845947,0.0,0,0
2670,3.7410027980804443,0.0,1,1
2671,4.148717403411865,0.0,1,1
2672,4.066146373748779,0.0,1,1
2673,3.4332754611968994,0.0,0,0
2674,3.6489086151123047,0.0,1,1
2675,4.296369552612305,0.0,0,0
2676,4.099514961242676,0.0,1,1
2677,4.226754665374756,0.0,0,0
2678,3.4678828716278076,0.0,1,1
2679,4.34785795211792,0.0,1,1
2680,4.446707725524902,0.0,0,0
2681,3.2679567337036133,0.0,1,1
2682,3.1308705806732178,0.0,0,0
2683,4.116125106811523,0.0,1,1
2684,3.8046200275421143,0.0,0,0
2685,4.083362579345703,0.0,1,1
2686,3.113478660583496,0.0,0,0
2687,3.4494686126708984,0.0,0,0
2688,4.642732620239258,0.0,1,1
2689,3.984964609146118,0.0,0,0
2690,2.4463484287261963,0.0,1,1
2691,3.4129793643951416,0.0,0,0
2692,2.901477098464966,0.0,1,1
2693,3.2573273181915283,0.0,0,0
2694,3.6091737747192383,0.0,0,0
2695,3.5885891914367676,0.0,1,1
2696,3.1848998069763184,0.0,0,0
2697,3.1679234504699707,0.0,0,0
2698,3.2804431915283203,0.0,0,0
2699,3.6791765689849854,0.0,0,0
2700,2.161149740219116,0.0,0,0
2701,2.897744655609131,0.0,1,1
2702,2.900770664215088,0.0,0,0
2703,3.5966274738311768,0.0,1,1
2704,2.786738157272339,0.0,1,1
2705,2.71063232421875,0.0,0,0
2706,2.6141254901885986,0.0,1,1
2707,2.598144054412842,0.0,0,0
2708,3.02581524848938,0.0,0,0
2709,2.9339959621429443,0.0,0,0
2710,3.3123233318328857,0.0,1,1
2711,3.4623799324035645,0.0,0,0
2712,3.3259646892547607,0.0,0,0
2713,3.5788733959198,0.0,1,1
2714,4.116252899169922,0.0,1,1
2715,3.2089152336120605,0.0,0,0
2716,4.665321350097656,0.0,1,1
2717,4.3458662033081055,0.0,1,1
2718,4.406832695007324,0.0,1,1
2719,3.9927825927734375,0.0,1,1
2720,4.198588848114014,0.0,1,1
2721,3.894512891769409,0.0,1,1
2722,4.264536380767822,0.0,0,0
2723,4.075927257537842,0.0,1,1
2724,4.208147048950195,0.0,1,1
2725,4.397645473480225,0.0,0,0
2726,4.039481163024902,0.0,1,1
2727,4.1843180656433105,0.0,0,0
2728,3.878364324569702,0.0,0,0
2729,4.7670135498046875,0.0,1,1
2730,3.4595799446105957,0.0,0,0
2731,3.3631863594055176,0.0,0,0
2732,4.0389323234558105,0.0,1,1
2733,3.801419734954834,0.0,0,0
2734,2.4406161308288574,0.0,0,0
2735,3.076857089996338,0.0,1,1
2736,2.8808207511901855,0.0,0,0
2737,3.1802561283111572,0.0,0,0
2738,3.2546424865722656,0.0,0,0
2739,3.294700860977173,0.0,1,1
2740,3.682516098022461,0.0,1,1
2741,3.8918778896331787,0.0,0,0
2742,3.972287654876709,0.0,1,1
2743,3.7525014877319336,0.0,1,1
2744,3.1918606758117676,0.0,0,0
2745,3.358342170715332,0.0,1,1
2746,2.8061017990112305,0.0,0,0
2747,3.322896957397461,0.0,0,0
2748,3.9248814582824707,0.0,0,0
2749,3.8454349040985107,0.0,0,0
2750,3.6568543910980225,0.0,1,1
2751,4.335117340087891,0.0,0,0
2752,4.221649169921875,0.0,0,0
2753,4.194064140319824,0.0,1,1
2754,4.132672309875488,0.0,0,0
2755,3.8485593795776367,0.0,1,1
2756,3.9026639461517334,0.0,0,0
2757,4.4760661125183105,0.0,1,1
2758,4.454420566558838,0.0,0,0
2759,4.629940032958984,0.0,1,1
2760,4.485456943511963,0.0,0,0
2761,3.8756048679351807,0.0,1,1
2762,4.50851583480835,0.0,0,0
2763,4.078219413757324,0.0,0,0
2764,4.332135200500488,0.0,1,1
2765,4.203670024871826,0.0,0,0
2766,4.298403739929199,0.0,0,0
2767,3.8064587116241455,0.0,0,0
2768,3.9709038734436035,0.0,1,1
2769,3.4339303970336914,0.0,0,0
2770,3.5417728424072266,0.0,1,1
2771,3.3825082778930664,0.0,0,0
2772,4.35560941696167,0.0,0,0
2773,3.386589765548706,0.0,0,0
2774,3.345503330230713,0.0,1,1
2775,2.9504759311676025,0.0,0,0
2776,3.8439197540283203,0.0,1,1
2777,3.2216968536376953,0.0,0,0
2778,3.5828824043273926,0.0,0,0
2779,3.3872451782226562,0.0,1,1
2780,3.2921738624572754,0.0,0,0
2781,3.4818153381347656,0.0,0,0
2782,3.6220316886901855,0.0,1,1
2783,3.6171772480010986,0.0,0,0
2784,3.103811025619507,0.0,0,0
2785,3.022642135620117,0.0,0,0
2786,3.0307555198669434,0.0,1,1
2787,2.8836371898651123,0.0,1,1
2788,2.941577434539795,0.0,0,0
2789,3.1905276775360107,0.0,1,1
2790,3.0063669681549072,0.0,0,0
2791,2.970754623413086,0.0,1,1
2792,2.695136547088623,0.0,0,0
2793,3.1049716472625732,0.0,1,1
2794,2.787168025970459,0.0,1,1
2795,3.384331226348877,0.0,1,1
2796,3.3143699169158936,0.0,1,1
2797,3.0192971229553223,0.0,0,0
2798,3.745375633239746,0.0,0,0
2799,3.5199086666107178,0.0,0,0
2800,3.271886110305786,0.0,0,0
2801,4.249884605407715,0.0,1,1
2802,4.306152820587158,0.0,1,1
2803,3.4933536052703857,0.0,0,0
2804,3.56666898727417,0.0,0,0
2805,3.8100521564483643,0.0,1,1
2806,3.539132595062256,0.0,0,0
2807,3.7807486057281494,0.0,1,1
2808,3.7914609909057617,0.0,1,1
2809,3.8589212894439697,0.0,1,1
2810,3.708311080932617,0.0,1,1
2811,3.9351696968078613,0.0,0,0
2812,3.881157398223877,0.0,1,1
2813,4.313539028167725,0.0,1,1
2814,3.853008985519409,0.0,0,0
2815,3.8012588024139404,0.0,0,0
2816,3.4718141555786133,0.0,1,1
2817,4.033682823181152,0.0,1,1
2818,4.436679363250732,0.0,1,1
2819,3.015760898590088,0.0,0,0
2820,3.061225414276123,0.0,1,1
2821,3.4453704357147217,0.0,0,0
2822,2.881558895111084,0.0,1,1
2823,3.784670829772949,0.0,0,0
2824,3.6819212436676025,0.0,0,0
2825,4.493982315063477,0.0,1,1
2826,3.442542791366577,0.0,0,0
2827,3.960617780685425,0.0,1,1
2828,3.430757761001587,0.0,1,1
2829,3.728823184967041,0.0,1,1
2830,3.569474458694458,0.0,1,1
2831,4.7001872062683105,0.0,1,1
2832,3.741095781326294,0.0,1,1
2833,4.099454879760742,0.0,1,1
2834,4.274640083312988,0.0,0,0
2835,4.5691633224487305,0.0,1,1
2836,4.323003768920898,0.0,0,0
2837,4.091676235198975,0.0,1,1
2838,4.050576210021973,0.0,1,1
2839,4.526397705078125,0.0,1,1
2840,3.9701218605041504,0.0,0,0
2841,4.117940425872803,0.0,1,1
2842,4.483179569244385,0.0,0,0
2843,4.443964958190918,0.0,1,1
2844,4.122084140777588,0.0,1,1
2845,4.596596717834473,0.0,1,1
2846,4.0893754959106445,0.0,0,0
2847,4.824649333953857,0.0,1,1
2848,4.010531425476074,0.0,1,1
2849,3.9669649600982666,0.0,0,0
2850,4.443449974060059,0.0,1,1
2851,3.970607280731201,0.0,1,1
2852,3.3540663719177246,0.0,1,1
2853,3.5221071243286133,0.0,0,0
2854,3.6681220531463623,0.0,1,1
2855,3.6570427417755127,0.0,0,0
2856,3.978970527648926,0.0,1,1
2857,3.951493978500366,0.0,1,1
2858,3.6876749992370605,0.0,0,0
2859,3.5078680515289307,0.0,0,0
2860,3.0553503036499023,0.0,0,0
2861,3.1534061431884766,0.0,0,0
2862,3.453688859939575,0.0,0,0
2863,3.776606798171997,0.0,0,0
2864,3.8070292472839355,0.0,1,1
2865,3.8810033798217773,0.0,1,1
2866,3.4536361694335938,0.0,0,0
2867,3.7055320739746094,0.0,0,0
2868,3.140331506729126,0.0,1,1
2869,3.298961877822876,0.0,1,1
2870,3.8549139499664307,0.0,1,1
2871,3.3803324699401855,0.0,0,0
2872,2.8895912170410156,0.0,0,0
2873,3.2002310752868652,0.0,1,1
2874,3.6241164207458496,0.0,1,1
2875,3.905606746673584,0.0,0,0
2876,3.161743640899658,0.0,0,0
2877,3.9875242710113525,0.0,1,1
2878,3.4731597900390625,0.0,0,0
2879,3.538689613342285,0.0,1,1
2880,3.1319925785064697,0.0,0,0
2881,3.7502150535583496,0.0,1,1
2882,3.1015610694885254,0.0,0,0
2883,3.0398125648498535,0.0,1,1
2884,4.065089225769043,0.0,0,0
2885,3.5011980533599854,0.0,0,0
2886,3.8820457458496094,0.0,1,1
2887,3.7994515895843506,0.0,1,1
2888,3.552478075027466,0.0,1,1
2889,3.801328420639038,0.0,0,0
2890,3.668203115463257,0.0,1,1
2891,3.754899263381958,0.0,0,0
2892,3.65022611618042,0.0,1,1
2893,3.6860859394073486,0.0,0,0
2894,4.140060901641846,0.0,1,1
2895,3.440772533416748,0.0,0,0
2896,3.676523208618164,0.0,0,0
2897,3.7526795864105225,0.0,1,1
2898,3.7618296146392822,0.0,0,0
2899,3.228440046310425,0.0,0,0
2900,3.9621925354003906,0.0,1,1
2901,3.852287769317627,0.0,0,0
2902,3.8305394649505615,0.0,0,0
2903,3.607002019882202,0.0,1,1
2904,4.058097839355469,0.0,0,0
2905,3.789764642715454,0.0,0,0
2906,3.778918981552124,0.0,0,0
2907,4.249160289764404,0.0,0,0
2908,3.6631593704223633,0.0,0,0
2909,4.439702033996582,0.0,0,0
2910,3.5529332160949707,0.0,1,1
2911,4.095597743988037,0.0,0,0
2912,3.7455437183380127,0.0,1,1
2913,3.953808069229126,0.0,0,0
2914,3.855921506881714,0.0,1,1
2915,4.369868278503418,0.0,1,1
2916,4.336868762969971,0.0,1,1
2917,4.015096187591553,0.0,1,1
2918,3.5169129371643066,0.0,0,0
2919,4.0669965744018555,0.0,1,1
2920,3.7177698612213135,0.0,1,1
2921,3.909926414489746,0.0,0,0
2922,4.067430019378662,0.0,0,0
2923,3.6240286827087402,0.0,0,0
2924,3.453805923461914,0.0,0,0
2925,3.707247257232666,0.0,1,1
2926,4.1407365798950195,0.0,0,0
2927,4.415780067443848,0.0,1,1
2928,4.185336589813232,0.0,0,0
2929,4.270649433135986,0.0,1,1
2930,3.872530221939087,0.0,0,0
2931,3.7048633098602295,0.0,0,0
2932,4.2981133460998535,0.0,1,1
2933,3.954134941101074,0.0,0,0
2934,3.768193483352661,0.0,0,0
2935,3.860607624053955,0.0,1,1
2936,4.055126190185547,0.0,1,1
2937,4.39036750793457,0.0,0,0
2938,4.148006916046143,0.0,0,0
2939,3.864773750305176,0.0,0,0
2940,4.198394298553467,0.0,1,1
2941,3.853666305541992,0.0,1,1
2942,3.990729808807373,0.0,1,1
2943,4.0191850662231445,0.0,0,0
2944,3.703077793121338,0.0,1,1
2945,3.5709168910980225,0.0,1,1
2946,3.2232613563537598,0.0,0,0
2947,4.15690803527832,0.0,0,0
2948,4.173179626464844,0.0,0,0
2949,4.07955265045166,0.0,1,1
2950,3.9181971549987793,0.0,1,1
2951,3.7645840644836426,0.0,0,0
2952,4.2387237548828125,0.0,1,1
2953,3.709409475326538,0.0,1,1
2954,3.3005967140197754,0.0,1,1
2955,4.225801944732666,0.0,0,0
2956,3.889631748199463,0.0,0,0
2957,3.6555633544921875,0.0,1,1
2958,3.80171799659729,0.0,0,0
2959,3.787578821182251,0.0,0,0
2960,4.120022773742676,0.0,1,1
2961,4.250479221343994,0.0,0,0
2962,3.767418146133423,0.0,0,0
2963,3.173285961151123,0.0,0,0
2964,3.7065038681030273,0.0,0,0
2965,3.5172173976898193,0.0,0,0
2966,3.3052749633789062,0.0,1,1
2967,3.5349836349487305,0.0,0,0
2968,1.8871783018112183,0.0,1,1
2969,1.912627100944519,0.0,0,0
2970,2.865548610687256,0.0,1,1
2971,3.5728509426116943,0.0,1,1
2972,3.1542680263519287,0.0,1,1
2973,3.576596260070801,0.0,1,1
2974,3.66274356842041,0.0,0,0
2975,3.250494956970215,0.0,1,1
2976,3.305218458175659,0.0,1,1
2977,3.1420586109161377,0.0,0,0
2978,3.071042537689209,0.0,0,0
2979,3.704699993133545,0.0,1,1
2980,3.7116353511810303,0.0,1,1
2981,4.284590244293213,0.0,1,1
2982,3.8417270183563232,0.0,1,1
2983,3.9845571517944336,0.0,0,0
2984,3.1105434894561768,0.0,1,1
2985,3.369037389755249,0.0,0,0
2986,3.4259238243103027,0.0,1,1
2987,4.125326633453369,0.0,0,0
2988,3.848161458969116,0.0,1,1
2989,3.260444402694702,0.0,1,1
2990,3.736518144607544,0.0,0,0
2991,3.6652705669403076,0.0,0,0
2992,4.378350257873535,0.0,1,1
2993,4.5198798179626465,0.0,1,1
2994,3.8709118366241455,0.0,0,0
2995,2.9181301593780518,0.0,0,0
2996,3.462665319442749,0.0,1,1
2997,3.579585075378418,0.0,1,1
2998,3.330287218093872,0.0,1,1
2999,3.8266775608062744,0.0,0,0
3000,3.841920852661133,0.0,1,1
3001,3.7571072578430176,0.0,0,0
3002,3.799473524093628,0.0,1,1
3003,3.571631669998169,0.0,0,0
3004,4.030838966369629,0.0,0,0
3005,3.138723611831665,0.0,0,0
3006,3.203829288482666,0.0,0,0
3007,3.1254124641418457,0.0,0,0
3008,3.119502544403076,0.0,0,0
3009,3.868591547012329,0.0,0,0
3010,3.7683513164520264,0.0,1,1
3011,3.812342882156372,0.0,0,0
3012,3.8224945068359375,0.0,0,0
3013,4.050600528717041,0.0,0,0
3014,3.8295159339904785,0.0,0,0
3015,3.509096145629883,0.0,0,0
3016,3.3287856578826904,0.0,0,0
3017,3.573343276977539,0.0,0,0
3018,4.198192119598389,0.0,0,0
3019,4.643160343170166,0.0,0,0
3020,4.2033562660217285,0.0,0,0
3021,4.203636169433594,0.0,0,0
3022,4.292395114898682,0.0,0,0
3023,4.024158000946045,0.0,0,0
3024,3.898024320602417,0.0,0,0
3025,4.7794342041015625,0.0,1,1
3026,4.752696514129639,0.0,1,1
3027,3.7412362098693848,0.0,0,0
3028,3.308384418487549,0.0,0,0
3029,2.8734567165374756,0.0,0,0
3030,3.7014734745025635,0.0,0,0
3031,4.018013000488281,0.0,1,1
3032,4.2553815841674805,0.0,0,0
3033,3.7576558589935303,0.0,0,0
3034,3.975198984146118,0.0,1,1
3035,4.039015293121338,0.0,0,0
3036,3.8036048412323,0.0,0,0
3037,4.12580680847168,0.0,1,1
3038,4.318265438079834,0.0,1,1
3039,3.6185855865478516,0.0,1,1
3040,3.626988649368286,0.0,1,1
3041,3.88527512550354,0.0,1,1
3042,3.750884771347046,0.0,1,1
3043,3.8097760677337646,0.0,1,1
3044,3.841956615447998,0.0,0,0
3045,3.5826430320739746,0.0,1,1
3046,3.6795125007629395,0.0,1,1
3047,3.4782865047454834,0.0,0,0
3048,3.6790618896484375,0.0,1,1
3049,3.9420673847198486,0.0,1,1
3050,3.8574366569519043,0.0,0,0
3051,3.8937971591949463,0.0,1,1
3052,3.3983049392700195,0.0,1,1
3053,3.250789165496826,0.0,1,1
3054,3.410208225250244,0.0,0,0
3055,4.135334014892578,0.0,0,0
3056,3.9375948905944824,0.0,1,1
3057,3.6720669269561768,0.0,1,1
3058,3.6823923587799072,0.0,1,1
3059,3.4375317096710205,0.0,1,1
3060,3.845489025115967,0.0,0,0
3061,4.103942394256592,0.0,1,1
3062,3.796447515487671,0.0,1,1
3063,4.3150200843811035,0.0,0,0
3064,3.6302506923675537,0.0,1,1
3065,4.048931121826172,0.0,1,1
3066,4.201844692230225,0.0,1,1
3067,3.676711320877075,0.0,1,1
3068,3.335371732711792,0.0,1,1
3069,3.1366024017333984,0.0,0,0
3070,3.4117507934570312,0.0,1,1
3071,3.6196231842041016,0.0,1,1
3072,3.3200254440307617,0.0,0,0
3073,3.332552194595337,0.0,1,1
3074,3.4745779037475586,0.0,1,1
3075,3.4193930625915527,0.0,1,1
3076,3.4879212379455566,0.0,0,0
3077,3.8289496898651123,0.0,1,1
3078,3.4256203174591064,0.0,0,0
3079,3.4820408821105957,0.0,0,0
3080,4.017179489135742,0.0,1,1
3081,3.6305367946624756,0.0,0,0
3082,4.029706954956055,0.0,1,1
3083,4.1160969734191895,0.0,1,1
3084,4.175960540771484,0.0,1,1
3085,4.462600231170654,0.0,1,1
3086,4.143063545227051,0.0,0,0
3087,3.96030330657959,0.0,1,1
3088,3.554344654083252,0.0,1,1
3089,4.436834812164307,0.0,0,0
3090,3.8055825233459473,0.0,1,1
3091,3.9831135272979736,0.0,1,1
3092,3.3873188495635986,0.0,0,0
3093,3.704765796661377,0.0,1,1
3094,3.8211939334869385,0.0,1,1
3095,3.5803797245025635,0.0,0,0
3096,3.1219773292541504,0.0,1,1
3097,3.6133692264556885,0.0,0,0
3098,3.8913302421569824,0.0,0,0
3099,3.9640095233917236,0.0,0,0
3100,4.413429260253906,0.0,1,1
3101,4.494352340698242,0.0,0,0
3102,3.973573923110962,0.0,1,1
3103,3.497786045074463,0.0,1,1
3104,3.945976495742798,0.0,1,1
3105,3.768120765686035,0.0,0,0
3106,3.340609550476074,0.0,0,0
3107,3.91841197013855,0.0,0,0
3108,3.2502946853637695,0.0,1,1
3109,3.3904685974121094,0.0,1,1
3110,3.9109947681427,0.0,0,0
3111,3.982732057571411,0.0,0,0
3112,4.735774517059326,0.0,1,1
3113,4.064700126647949,0.0,0,0
3114,2.9263832569122314,0.0,0,0
3115,3.668600082397461,0.0,0,0
3116,4.277954578399658,0.0,0,0
3117,4.385496139526367,0.0,0,0
3118,4.7410502433776855,0.0,1,1
3119,5.076537132263184,0.0,0,0
3120,4.755152225494385,0.0,0,0
3121,4.295644283294678,0.0,1,1
3122,3.461076259613037,0.0,1,1
3123,3.2692863941192627,0.0,0,0
3124,4.1814069747924805,0.0,1,1
3125,3.4365234375,0.0,0,0
3126,3.6026053428649902,0.0,0,0
3127,3.706097364425659,0.0,1,1
3128,3.320378541946411,0.0,0,0
3129,3.086956024169922,0.0,1,1
3130,3.3196654319763184,0.0,0,0
3131,3.148531913757324,0.0,0,0
3132,3.3791260719299316,0.0,1,1
3133,3.5136003494262695,0.0,0,0
3134,3.7561817169189453,0.0,0,0
3135,3.753265619277954,0.0,0,0
3136,3.6144964694976807,0.0,0,0
3137,4.167590141296387,0.0,1,1
3138,3.601717233657837,0.0,0,0
3139,4.248800277709961,0.0,0,0
3140,3.451075315475464,0.0,0,0
3141,4.04523229598999,0.0,0,0
3142,3.962343215942383,0.0,0,0
3143,4.397646903991699,0.0,1,1
3144,3.7226850986480713,0.0,0,0
3145,4.200040340423584,0.0,1,1
3146,4.222659587860107,0.0,1,1
3147,3.546787738800049,0.0,1,1
3148,3.7760000228881836,0.0,0,0
3149,2.848529100418091,0.0,1,1
3150,3.6455938816070557,0.0,1,1
3151,3.3565869331359863,0.0,0,0
3152,3.5134804248809814,0.0,0,0
3153,3.2458224296569824,0.0,1,1
3154,3.598440170288086,0.0,0,0
3155,3.65859055519104,0.0,1,1
3156,3.229602575302124,0.0,0,0
3157,3.2566356658935547,0.0,1,1
3158,3.3920445442199707,0.0,0,0
3159,3.8715906143188477,0.0,1,1
3160,3.5143251419067383,0.0,1,1
3161,3.6298959255218506,0.0,0,0
3162,3.5263640880584717,0.0,1,1
3163,3.735588312149048,0.0,0,0
3164,3.11368727684021,0.0,1,1
3165,3.7774548530578613,0.0,0,0
3166,3.6632823944091797,0.0,0,0
3167,3.3947300910949707,0.0,1,1
3168,3.9371047019958496,0.0,1,1
3169,3.79935884475708,0.0,1,1
3170,3.9335618019104004,0.0,0,0
3171,3.7295069694519043,0.0,0,0
3172,3.2393414974212646,0.0,0,0
3173,4.130404472351074,0.0,1,1
3174,3.6743998527526855,0.0,0,0
3175,4.338521480560303,0.0,1,1
3176,4.279503345489502,0.0,1,1
3177,3.583700656890869,0.0,0,0
3178,4.050147533416748,0.0,1,1
3179,3.5696475505828857,0.0,0,0
3180,4.05848503112793,0.0,1,1
3181,3.1963205337524414,0.0,1,1
3182,3.9494869709014893,0.0,0,0
3183,3.624643325805664,0.0,1,1
3184,3.875209331512451,0.0,1,1
3185,4.194187164306641,0.0,0,0
3186,3.3025319576263428,0.0,0,0
3187,2.678915023803711,0.0,1,1
3188,3.510965585708618,0.0,1,1
3189,2.810532331466675,0.0,0,0
3190,3.2838449478149414,0.0,1,1
3191,3.7158467769622803,0.0,0,0
3192,4.1493611335754395,0.0,1,1
3193,3.924677848815918,0.0,0,0
3194,3.5100531578063965,0.0,1,1
3195,4.009336471557617,0.0,1,1
3196,4.3704376220703125,0.0,0,0
3197,4.099701404571533,0.0,1,1
3198,3.5540804862976074,0.0,0,0
3199,3.95581316947937,0.0,1,1
3200,3.92052960395813,0.0,0,0
3201,3.7432444095611572,0.0,0,0
3202,3.9092531204223633,0.0,1,1
3203,3.936511278152466,0.0,1,1
3204,3.935913324356079,0.0,0,0
3205,4.022278785705566,0.0,1,1
3206,4.310120582580566,0.0,1,1
3207,4.358033180236816,0.0,1,1
3208,4.409524917602539,0.0,1,1
3209,4.457988739013672,0.0,1,1
3210,3.5837137699127197,0.0,0,0
3211,3.825181245803833,0.0,0,0
3212,3.46160626411438,0.0,0,0
3213,3.9610798358917236,0.0,1,1
3214,3.9513278007507324,0.0,0,0
3215,3.966186046600342,0.0,1,1
3216,3.3715322017669678,0.0,0,0
3217,3.615626811981201,0.0,1,1
3218,3.8104045391082764,0.0,0,0
3219,3.7244043350219727,0.0,0,0
3220,4.043307304382324,0.0,0,0
3221,3.9665985107421875,0.0,0,0
3222,4.204279899597168,0.0,1,1
3223,4.1825690269470215,0.0,1,1
3224,3.7935750484466553,0.0,1,1
3225,3.929934501647949,0.0,0,0
3226,4.630581855773926,0.0,1,1
3227,4.097377777099609,0.0,0,0
3228,3.822114944458008,0.0,1,1
3229,3.831346035003662,0.0,1,1
3230,4.307553291320801,0.0,0,0
3231,4.45932674407959,0.0,0,0
3232,3.487281084060669,0.0,1,1
3233,3.4084131717681885,0.0,0,0
3234,3.2755894660949707,0.0,0,0
3235,4.074629783630371,0.0,1,1
3236,3.523618698120117,0.0,0,0
3237,4.366942405700684,0.0,0,0
3238,3.97714900970459,0.0,1,1
3239,3.829320192337036,0.0,0,0
3240,3.4006779193878174,0.0,1,1
3241,3.001765251159668,0.0,0,0
3242,3.1745035648345947,0.0,0,0
3243,3.592120885848999,0.0,1,1
3244,2.509671926498413,0.0,1,1
3245,3.943889856338501,0.0,0,0
3246,3.199054479598999,0.0,1,1
3247,3.821906089782715,0.0,0,0
3248,3.789083242416382,0.0,0,0
3249,3.1235527992248535,0.0,0,0
3250,3.4606029987335205,0.0,1,1
3251,3.9328787326812744,0.0,0,0
3252,4.176287651062012,0.0,0,0
3253,4.093343257904053,0.0,1,1
3254,3.706019401550293,0.0,1,1
3255,3.6632871627807617,0.0,0,0
3256,3.931624412536621,0.0,0,0
3257,3.535938262939453,0.0,0,0
3258,3.7992706298828125,0.0,1,1
3259,3.8048784732818604,0.0,0,0
3260,3.212287187576294,0.0,1,1
3261,3.34415864944458,0.0,1,1
3262,3.321924924850464,0.0,0,0
3263,3.662266254425049,0.0,1,1
3264,3.8966739177703857,0.0,0,0
3265,3.3022193908691406,0.0,1,1
3266,3.371168851852417,0.0,0,0
3267,3.5537641048431396,0.0,0,0
3268,3.3315021991729736,0.0,1,1
3269,4.180226802825928,0.0,1,1
3270,4.028631210327148,0.0,1,1
3271,3.262331247329712,0.0,0,0
3272,3.550992250442505,0.0,1,1
3273,3.341102361679077,0.0,1,1
3274,3.489630937576294,0.0,0,0
3275,3.0771749019622803,0.0,0,0
3276,3.570645570755005,0.0,1,1
3277,4.159221172332764,0.0,0,0
3278,4.095179557800293,0.0,0,0
3279,4.621192932128906,0.0,0,0
3280,4.0515289306640625,0.0,0,0
3281,3.6336402893066406,0.0,1,1
3282,2.8230366706848145,0.0,0,0
3283,3.7009971141815186,0.0,0,0
3284,3.9316234588623047,0.0,1,1
3285,3.4932873249053955,0.0,1,1
3286,3.7833828926086426,0.0,1,1
3287,3.1403279304504395,0.0,1,1
3288,4.169654369354248,0.0,1,1
3289,4.1558122634887695,0.0,0,0
3290,3.0771689414978027,0.0,1,1
3291,3.3295130729675293,0.0,1,1
3292,1.6596062183380127,0.0,0,0
3293,2.3908681869506836,0.0,1,1
3294,3.5713531970977783,0.0,0,0
3295,4.560822486877441,0.0,0,0
3296,4.44404411315918,0.0,1,1
3297,4.070895671844482,0.0,1,1
3298,3.8739471435546875,0.0,0,0
3299,4.2827043533325195,0.0,1,1
3300,3.917738914489746,0.0,1,1
3301,3.815823554992676,0.0,0,0
3302,3.4829957485198975,0.0,1,1
3303,3.532588005065918,0.0,0,0
3304,3.2797672748565674,0.0,1,1
3305,4.329583644866943,0.0,1,1
3306,4.298097610473633,0.0,0,0
3307,3.6492767333984375,0.0,1,1
3308,3.5844802856445312,0.0,0,0
3309,3.4323270320892334,0.0,1,1
3310,3.8136470317840576,0.0,0,0
3311,3.305260419845581,0.0,0,0
3312,3.8821887969970703,0.0,1,1
3313,3.52866268157959,0.0,0,0
3314,3.9091203212738037,0.0,1,1
3315,3.978052854537964,0.0,0,0
3316,3.9472832679748535,0.0,1,1
3317,4.214843273162842,0.0,0,0
3318,3.391725540161133,0.0,0,0
3319,3.7154722213745117,0.0,0,0
3320,3.257000207901001,0.0,1,1
3321,3.634606122970581,0.0,0,0
3322,4.429673194885254,0.0,1,1
3323,2.71649169921875,0.0,0,0
3324,3.465015411376953,0.0,0,0
3325,2.880401134490967,0.0,0,0
3326,3.408334493637085,0.0,1,1
3327,2.7023251056671143,0.0,0,0
3328,3.0111310482025146,0.0,1,1
3329,2.8873813152313232,0.0,1,1
3330,3.930330753326416,0.0,1,1
3331,3.518073558807373,0.0,0,0
3332,4.00058126449585,0.0,1,1
3333,4.129467964172363,0.0,0,0
3334,4.406777858734131,0.0,0,0
3335,3.598186492919922,0.0,0,0
3336,3.6215219497680664,0.0,1,1
3337,3.992194414138794,0.0,0,0
3338,3.7197563648223877,0.0,0,0
3339,4.237154960632324,0.0,1,1
3340,3.710883855819702,0.0,0,0
3341,3.736377716064453,0.0,1,1
3342,4.275970935821533,0.0,1,1
3343,3.9137048721313477,0.0,1,1
3344,3.8093955516815186,0.0,1,1
3345,4.193603515625,0.0,0,0
3346,4.119511604309082,0.0,0,0
3347,4.02219295501709,0.0,0,0
3348,4.165804386138916,0.0,0,0
3349,4.533465385437012,0.0,1,1
3350,4.335557460784912,0.0,1,1
3351,4.087689399719238,0.0,0,0
3352,3.7295451164245605,0.0,0,0
3353,4.432848930358887,0.0,0,0
3354,3.886735439300537,0.0,1,1
3355,3.838050365447998,0.0,1,1
3356,4.26616907119751,0.0,1,1
3357,3.839489459991455,0.0,1,1
3358,3.71981143951416,0.0,0,0
3359,3.3992834091186523,0.0,1,1
3360,4.534379959106445,0.0,1,1
3361,3.9186971187591553,0.0,1,1
3362,4.081146717071533,0.0,1,1
3363,3.7821335792541504,0.0,1,1
3364,4.003262042999268,0.0,1,1
3365,4.342193603515625,0.0,1,1
3366,3.87129545211792,0.0,1,1
3367,4.191611289978027,0.0,1,1
3368,3.64224910736084,0.0,0,0
3369,3.7088873386383057,0.0,0,0
3370,3.834332227706909,0.0,1,1
3371,3.2577357292175293,0.0,0,0
3372,1.2233779430389404,0.0,1,1
3373,1.9923495054244995,0.0,0,0
3374,3.082937479019165,0.0,1,1
3375,3.3074121475219727,0.0,0,0
3376,3.8598525524139404,0.0,0,0
3377,4.319742679595947,0.0,1,1
3378,3.056415319442749,0.0,1,1
3379,3.8621068000793457,0.0,0,0
3380,3.7130653858184814,0.0,1,1
3381,4.021542549133301,0.0,0,0
3382,3.4880025386810303,0.0,1,1
3383,3.4317541122436523,0.0,0,0
3384,3.701282262802124,0.0,1,1
3385,3.956721782684326,0.0,0,0
3386,3.3476920127868652,0.0,1,1
3387,3.3843424320220947,0.0,1,1
3388,3.805253267288208,0.0,1,1
3389,3.8612074851989746,0.0,0,0
3390,3.5084502696990967,0.0,0,0
3391,3.5630147457122803,0.0,1,1
3392,4.135457515716553,0.0,1,1
3393,4.285758972167969,0.0,0,0
3394,3.368135929107666,0.0,1,1
3395,3.853088617324829,0.0,1,1
3396,3.8713228702545166,0.0,1,1
3397,4.367551803588867,0.0,0,0
3398,4.15919828414917,0.0,1,1
3399,4.2045159339904785,0.0,0,0
3400,3.2586326599121094,0.0,1,1
3401,3.892564058303833,0.0,0,0
3402,3.913601875305176,0.0,1,1
3403,3.5824575424194336,0.0,0,0
3404,4.079250812530518,0.0,1,1
3405,3.9605700969696045,0.0,1,1
3406,3.628014087677002,0.0,1,1
3407,3.458994150161743,0.0,0,0
3408,3.977125406265259,0.0,0,0
3409,3.6523797512054443,0.0,1,1
3410,3.5534462928771973,0.0,0,0
3411,3.594688892364502,0.0,0,0
3412,2.9650919437408447,0.0,0,0
3413,3.0622832775115967,0.0,1,1
3414,3.2871203422546387,0.0,1,1
3415,2.69346284866333,0.0,0,0
3416,2.927974224090576,0.0,0,0
3417,3.312763214111328,0.0,1,1
3418,3.50083327293396,0.0,1,1
3419,3.5749380588531494,0.0,0,0
3420,3.8054358959198,0.0,1,1
3421,3.3555712699890137,0.0,1,1
3422,4.182733535766602,0.0,0,0
3423,3.9706695079803467,0.0,0,0
3424,3.646535873413086,0.0,1,1
3425,3.2485532760620117,0.0,0,0
3426,3.285675287246704,0.0,0,0
3427,3.6022613048553467,0.0,0,0
3428,3.9587535858154297,0.0,0,0
3429,3.824873924255371,0.0,0,0
3430,4.323883056640625,0.0,1,1
3431,3.3138937950134277,0.0,1,1
3432,3.819134473800659,0.0,1,1
3433,4.030279636383057,0.0,0,0
3434,3.815711259841919,0.0,1,1
3435,4.3200764656066895,0.0,0,0
3436,3.2280726432800293,0.0,1,1
3437,3.9242281913757324,0.0,0,0
3438,4.40573263168335,0.0,1,1
3439,4.232651233673096,0.0,1,1
3440,3.518207311630249,0.0,0,0
3441,3.6387014389038086,0.0,1,1
3442,3.0857343673706055,0.0,0,0
3443,3.0858118534088135,0.0,1,1
3444,3.937598943710327,0.0,1,1
3445,3.829035520553589,0.0,0,0
3446,3.64243745803833,0.0,0,0
3447,4.315070152282715,0.0,1,1
3448,3.3334603309631348,0.0,0,0
3449,3.7614214420318604,0.0,1,1
3450,3.1813652515411377,0.0,0,0
3451,4.254148006439209,0.0,0,0
3452,4.1121039390563965,0.0,0,0
3453,4.075376987457275,0.0,1,1
3454,3.671245813369751,0.0,0,0
3455,3.5614240169525146,0.0,0,0
3456,3.076740264892578,0.0,1,1
3457,3.281076669692993,0.0,0,0
3458,3.720780849456787,0.0,1,1
3459,3.751333236694336,0.0,1,1
3460,3.756901502609253,0.0,0,0
3461,3.3511300086975098,0.0,0,0
3462,3.660215139389038,0.0,0,0
3463,3.8163580894470215,0.0,0,0
3464,4.052232265472412,0.0,0,0
3465,3.8309316635131836,0.0,0,0
3466,3.434278726577759,0.0,1,1
3467,2.9913747310638428,0.0,0,0
3468,4.206761360168457,0.0,0,0
3469,4.080559730529785,0.0,0,0
3470,3.1644980907440186,0.0,0,0
3471,2.899521589279175,0.0,1,1
3472,3.0216310024261475,0.0,1,1
3473,3.0063669681549072,0.0,0,0
3474,2.988252878189087,0.0,0,0
3475,4.160160064697266,0.0,1,1
3476,4.258949279785156,0.0,1,1
3477,3.3969054222106934,0.0,0,0
3478,4.168786525726318,0.0,1,1
3479,4.127371788024902,0.0,0,0
3480,4.218419551849365,0.0,1,1
3481,3.5607054233551025,0.0,0,0
3482,4.021182060241699,0.0,1,1
3483,3.7893946170806885,0.0,0,0
3484,4.5457353591918945,0.0,1,1
3485,4.460227012634277,0.0,0,0
3486,3.6082136631011963,0.0,1,1
3487,4.320120334625244,0.0,1,1
3488,4.3133158683776855,0.0,1,1
3489,4.078186511993408,0.0,0,0
3490,4.11071252822876,0.0,1,1
3491,3.7181551456451416,0.0,0,0
3492,4.760015964508057,0.0,0,0
3493,3.715153455734253,0.0,1,1
3494,4.08303165435791,0.0,0,0
3495,4.286312580108643,0.0,0,0
3496,3.910658836364746,0.0,0,0
3497,3.9401674270629883,0.0,1,1
3498,3.5974478721618652,0.0,0,0
3499,3.572293281555176,0.0,1,1
3500,4.306821823120117,0.0,0,0
3501,3.650930166244507,0.0,0,0
3502,3.2821438312530518,0.0,0,0
3503,2.7720775604248047,0.0,0,0
3504,3.4398021697998047,0.0,1,1
3505,3.513267755508423,0.0,0,0
3506,3.408247470855713,0.0,1,1
3507,3.6635630130767822,0.0,1,1
3508,3.7788021564483643,0.0,0,0
3509,2.6772758960723877,0.0,1,1
3510,2.758296251296997,0.0,1,1
3511,3.439814567565918,0.0,1,1
3512,3.1350574493408203,0.0,1,1
3513,3.7892870903015137,0.0,1,1
3514,3.5564630031585693,0.0,0,0
3515,3.383328914642334,0.0,1,1
3516,2.5867233276367188,0.0,1,1
3517,2.4210667610168457,0.0,1,1
3518,3.0853841304779053,0.0,0,0
3519,3.4774057865142822,0.0,1,1
3520,3.158334970474243,0.0,1,1
3521,3.1179637908935547,0.0,1,1
3522,3.8452718257904053,0.0,1,1
3523,3.9075310230255127,0.0,1,1
3524,3.7100682258605957,0.0,0,0
3525,3.7127411365509033,0.0,1,1
3526,3.6886050701141357,0.0,1,1
3527,3.427220344543457,0.0,1,1
3528,3.367893695831299,0.0,0,0
3529,4.6637139320373535,0.0,1,1
3530,3.49971604347229,0.0,1,1
3531,4.544400215148926,0.0,0,0
3532,4.115455150604248,0.0,0,0
3533,4.1577653884887695,0.0,0,0
3534,4.351799011230469,0.0,0,0
3535,4.445011615753174,0.0,1,1
3536,3.9120209217071533,0.0,1,1
3537,4.378673553466797,0.0,1,1
3538,2.8958489894866943,0.0,1,1
3539,3.672398328781128,0.0,1,1
3540,3.7710201740264893,0.0,0,0
3541,3.9896275997161865,0.0,0,0
3542,3.7230050563812256,0.0,1,1
3543,3.0485317707061768,0.0,0,0
3544,2.7619950771331787,0.0,1,1
3545,3.7005834579467773,0.0,0,0
3546,3.542917013168335,0.0,0,0
3547,3.514652729034424,0.0,0,0
3548,3.730199098587036,0.0,1,1
3549,4.057106018066406,0.0,1,1
3550,3.291614055633545,0.0,0,0
3551,3.8577191829681396,0.0,0,0
3552,3.80961012840271,0.0,1,1
3553,4.2335429191589355,0.0,1,1
3554,3.5623583793640137,0.0,0,0
3555,3.925504684448242,0.0,1,1
3556,3.8272135257720947,0.0,0,0
3557,3.987638473510742,0.0,1,1
3558,3.97981333732605,0.0,0,0
3559,3.6835951805114746,0.0,0,0
3560,3.901315927505493,0.0,0,0
3561,4.066102981567383,0.0,1,1
3562,3.845846176147461,0.0,0,0
3563,4.265478134155273,0.0,0,0
3564,4.028580188751221,0.0,0,0
3565,4.055696487426758,0.0,0,0
3566,4.282022953033447,0.0,1,1
3567,3.9550511837005615,0.0,1,1
3568,4.2323126792907715,0.0,0,0
3569,3.972893238067627,0.0,0,0
3570,4.148797988891602,0.0,1,1
3571,3.838676929473877,0.0,0,0
3572,4.3843302726745605,0.0,1,1
3573,3.8961551189422607,0.0,0,0
3574,4.287435531616211,0.0,0,0
3575,3.5373048782348633,0.0,0,0
3576,3.15457820892334,0.0,1,1
3577,3.3421366214752197,0.0,0,0
3578,3.0734763145446777,0.0,1,1
3579,3.3879165649414062,0.0,1,1
3580,3.2844698429107666,0.0,1,1
3581,2.8664655685424805,0.0,1,1
3582,3.3704733848571777,0.0,0,0
3583,3.684870958328247,0.0,1,1
3584,2.995823621749878,0.0,1,1
3585,2.8429183959960938,0.0,0,0
3586,3.3901054859161377,0.0,0,0
3587,3.436690092086792,0.0,0,0
3588,3.6122312545776367,0.0,1,1
3589,4.279347896575928,0.0,0,0
3590,4.286285400390625,0.0,0,0
3591,4.179854869842529,0.0,1,1
3592,4.505080223083496,0.0,0,0
3593,4.678861618041992,0.0,0,0
3594,4.109988689422607,0.0,0,0
3595,3.998723030090332,0.0,0,0
3596,4.288245677947998,0.0,0,0
3597,4.265425682067871,0.0,1,1
3598,4.431568622589111,0.0,0,0
3599,3.748232841491699,0.0,0,0
3600,3.5963540077209473,0.0,0,0
3601,3.0144169330596924,0.0,0,0
3602,3.179157018661499,0.0,0,0
3603,2.6319267749786377,0.0,0,0
3604,3.0552873611450195,0.0,0,0
3605,2.5222361087799072,0.0,0,0
3606,3.485849380493164,0.0,1,1
3607,3.0687050819396973,0.0,0,0
3608,3.7981786727905273,0.0,1,1
3609,3.7236430644989014,0.0,0,0
3610,3.625734567642212,0.0,1,1
3611,4.3353447914123535,0.0,1,1
3612,3.9785704612731934,0.0,1,1
3613,3.899883508682251,0.0,1,1
3614,3.795644760131836,0.0,0,0
3615,3.9624645709991455,0.0,1,1
3616,4.074188232421875,0.0,1,1
3617,4.373165607452393,0.0,0,0
3618,5.220190525054932,0.0,1,1
3619,4.5093183517456055,0.0,0,0
3620,4.074208736419678,0.0,1,1
3621,4.029715538024902,0.0,1,1
3622,3.7461507320404053,0.0,1,1
3623,3.5088446140289307,0.0,1,1
3624,3.8721771240234375,0.0,1,1
3625,3.9080753326416016,0.0,0,0
3626,4.025403022766113,0.0,1,1
3627,4.198256492614746,0.0,0,0
3628,4.034400939941406,0.0,1,1
3629,3.667778968811035,0.0,1,1
3630,3.6908035278320312,0.0,0,0
3631,3.86861252784729,0.0,1,1
3632,4.357044696807861,0.0,0,0
3633,3.3527464866638184,0.0,0,0
3634,3.027184009552002,0.0,1,1
3635,2.9962446689605713,0.0,1,1
3636,3.895969867706299,0.0,0,0
3637,3.761563301086426,0.0,1,1
3638,3.5590474605560303,0.0,0,0
3639,3.9752511978149414,0.0,1,1
3640,4.5070648193359375,0.0,1,1
3641,4.672113418579102,0.0,1,1
3642,4.313684463500977,0.0,0,0
3643,4.338345527648926,0.0,1,1
3644,4.1942548751831055,0.0,0,0
3645,3.439502477645874,0.0,1,1
3646,4.084179401397705,0.0,1,1
3647,3.436525344848633,0.0,1,1
3648,3.7678890228271484,0.0,0,0
3649,3.8149054050445557,0.0,1,1
3650,3.9005465507507324,0.0,1,1
3651,4.083302021026611,0.0,1,1
3652,3.76285982131958,0.0,1,1
3653,4.027127742767334,0.0,1,1
3654,3.8337104320526123,0.0,1,1
3655,4.33309268951416,0.0,0,0
3656,4.212741374969482,0.0,1,1
3657,4.072617530822754,0.0,0,0
3658,4.6902289390563965,0.0,1,1
3659,4.691876411437988,0.0,1,1
3660,4.314064025878906,0.0,0,0
3661,4.465330600738525,0.0,1,1
3662,4.577914714813232,0.0,1,1
3663,3.749532699584961,0.0,0,0
3664,4.535681247711182,0.0,1,1
3665,3.9608418941497803,0.0,0,0
3666,3.8282458782196045,0.0,1,1
3667,3.866914987564087,0.0,0,0
3668,4.647991180419922,0.0,0,0
3669,4.747966289520264,0.0,0,0
3670,4.2748284339904785,0.0,0,0
3671,4.5941243171691895,0.0,1,1
3672,4.624734878540039,0.0,1,1
3673,4.113591194152832,0.0,1,1
3674,3.6868255138397217,0.0,0,0
3675,4.53118371963501,0.0,1,1
3676,4.283753395080566,0.0,0,0
3677,2.7076921463012695,0.0,0,0
3678,2.9871325492858887,0.0,0,0
3679,3.343268871307373,0.0,0,0
3680,2.869335651397705,0.0,1,1
3681,4.037441253662109,0.0,0,0
3682,3.7428712844848633,0.0,0,0
3683,3.834181070327759,0.0,0,0
3684,2.965318441390991,0.0,0,0
3685,3.279276132583618,0.0,0,0
3686,3.8443703651428223,0.0,1,1
3687,3.5108869075775146,0.0,0,0
3688,3.599259853363037,0.0,1,1
3689,3.3824105262756348,0.0,1,1
3690,4.048698902130127,0.0,0,0
3691,4.247913360595703,0.0,1,1
3692,4.152997016906738,0.0,0,0
3693,3.761592149734497,0.0,0,0
3694,4.253674507141113,0.0,1,1
3695,3.8621928691864014,0.0,1,1
3696,3.4217474460601807,0.0,0,0
3697,4.0531535148620605,0.0,1,1
3698,4.174920082092285,0.0,1,1
3699,3.7749292850494385,0.0,0,0
3700,4.305681228637695,0.0,0,0
3701,4.352368354797363,0.0,1,1
3702,4.2825751304626465,0.0,1,1
3703,3.9598135948181152,0.0,0,0
3704,3.632793664932251,0.0,0,0
3705,3.96938157081604,0.0,0,0
3706,4.073875427246094,0.0,0,0
3707,4.016020774841309,0.0,0,0
3708,4.449703216552734,0.0,1,1
3709,4.079702854156494,0.0,1,1
3710,3.988409996032715,0.0,0,0
3711,3.628415107727051,0.0,1,1
3712,3.843750238418579,0.0,0,0
3713,3.8825855255126953,0.0,0,0
3714,3.9476218223571777,0.0,0,0
3715,4.503018856048584,0.0,0,0
3716,3.7113091945648193,0.0,0,0
3717,4.079222202301025,0.0,0,0
3718,4.120088577270508,0.0,0,0
3719,4.1503705978393555,0.0,1,1
3720,3.917536497116089,0.0,0,0
3721,3.9627530574798584,0.0,0,0
3722,4.520785331726074,0.0,1,1
3723,3.4627227783203125,0.0,0,0
3724,3.9525864124298096,0.0,1,1
3725,3.674008369445801,0.0,0,0
3726,2.952439785003662,0.0,0,0
3727,3.404158592224121,0.0,1,1
3728,2.554424285888672,0.0,1,1
3729,3.384943962097168,0.0,1,1
3730,3.3926947116851807,0.0,1,1
3731,3.3496458530426025,0.0,1,1
3732,3.1359798908233643,0.0,0,0
3733,3.0103299617767334,0.0,1,1
3734,3.3547987937927246,0.0,0,0
3735,3.995267391204834,0.0,0,0
3736,4.295771598815918,0.0,0,0
3737,4.1927571296691895,0.0,1,1
3738,3.6975173950195312,0.0,0,0
3739,4.163960933685303,0.0,1,1
3740,4.510301113128662,0.0,0,0
3741,4.00437593460083,0.0,1,1
3742,4.4907355308532715,0.0,1,1
3743,4.135857582092285,0.0,1,1
3744,4.323215961456299,0.0,0,0
3745,2.835716485977173,0.0,1,1
3746,3.5414180755615234,0.0,0,0
3747,3.87325382232666,0.0,0,0
3748,2.990170478820801,0.0,1,1
3749,3.4354069232940674,0.0,0,0
3750,4.147247791290283,0.0,1,1
3751,3.334228277206421,0.0,0,0
3752,3.3182265758514404,0.0,1,1
3753,3.730933666229248,0.0,1,1
3754,3.6688270568847656,0.0,0,0
3755,2.8605194091796875,0.0,0,0
3756,3.1694626808166504,0.0,0,0
3757,2.958845615386963,0.0,0,0
3758,4.0806379318237305,0.0,1,1
3759,2.5395946502685547,0.0,0,0
3760,3.4297173023223877,0.0,0,0
3761,3.3273534774780273,0.0,1,1
3762,3.8335213661193848,0.0,1,1
3763,3.1201725006103516,0.0,0,0
3764,3.305715322494507,0.0,0,0
3765,2.73280930519104,0.0,0,0
3766,3.221958875656128,0.0,1,1
3767,3.4755027294158936,0.0,0,0
3768,3.8703479766845703,0.0,0,0
3769,4.317569255828857,0.0,0,0
3770,4.194176197052002,0.0,0,0
3771,4.146921634674072,0.0,1,1
3772,4.197723865509033,0.0,0,0
3773,3.9247474670410156,0.0,0,0
3774,4.73671293258667,0.0,0,0
3775,4.443922996520996,0.0,1,1
3776,3.415801525115967,0.0,1,1
3777,4.141177177429199,0.0,1,1
3778,3.932800769805908,0.0,1,1
3779,3.5715255737304688,0.0,0,0
3780,3.654667854309082,0.0,1,1
3781,3.1905436515808105,0.0,0,0
3782,3.672825813293457,0.0,0,0
3783,3.968367576599121,0.0,1,1
3784,4.191007137298584,0.0,1,1
3785,3.584489583969116,0.0,0,0
3786,4.319828510284424,0.0,1,1
3787,3.916853189468384,0.0,0,0
3788,3.9124233722686768,0.0,0,0
3789,3.8586654663085938,0.0,1,1
3790,4.156905174255371,0.0,0,0
3791,3.765185832977295,0.0,0,0
3792,2.513737678527832,0.0,0,0
3793,3.5707294940948486,0.0,0,0
3794,3.173905611038208,0.0,0,0
3795,3.387033462524414,0.0,0,0
3796,4.210464000701904,0.0,1,1
3797,4.1141839027404785,0.0,0,0
3798,3.306427478790283,0.0,0,0
3799,3.674931049346924,0.0,0,0
3800,3.7741520404815674,0.0,0,0
3801,3.1744184494018555,0.0,0,0
3802,3.2737152576446533,0.0,0,0
3803,3.9033899307250977,0.0,0,0
3804,3.846060037612915,0.0,0,0
3805,3.6187853813171387,0.0,0,0
3806,4.55460786819458,0.0,0,0
3807,4.646778583526611,0.0,1,1
3808,4.020758628845215,0.0,0,0
3809,4.041101455688477,0.0,0,0
3810,4.020664215087891,0.0,1,1
3811,2.5393483638763428,0.0,0,0
3812,1.8450063467025757,0.0,1,1
3813,2.038294792175293,0.0,1,1
3814,2.931657552719116,0.0,0,0
3815,3.0009477138519287,0.0,1,1
3816,3.410989284515381,0.0,1,1
3817,3.0096261501312256,0.0,1,1
3818,3.1115658283233643,0.0,0,0
3819,3.901944637298584,0.0,1,1
3820,3.7693450450897217,0.0,0,0
3821,3.3854150772094727,0.0,0,0
3822,4.150408744812012,0.0,1,1
3823,4.403445243835449,0.0,1,1
3824,4.202315807342529,0.0,1,1
3825,4.578310966491699,0.0,1,1
3826,4.519883632659912,0.0,1,1
3827,4.167325019836426,0.0,0,0
3828,3.8656046390533447,0.0,1,1
3829,3.3639347553253174,0.0,1,1
3830,3.384314775466919,0.0,1,1
3831,3.9473586082458496,0.0,0,0
3832,3.422733783721924,0.0,1,1
3833,3.982571601867676,0.0,1,1
3834,3.345613479614258,0.0,1,1
3835,3.6025660037994385,0.0,1,1
3836,3.9954419136047363,0.0,1,1
3837,3.941706418991089,0.0,1,1
3838,3.4133925437927246,0.0,0,0
3839,3.5540034770965576,0.0,1,1
3840,3.516247510910034,0.0,1,1
3841,3.3489489555358887,0.0,1,1
3842,3.9763388633728027,0.0,1,1
3843,2.681084394454956,0.0,1,1
3844,3.162533760070801,0.0,0,0
3845,3.4405734539031982,0.0,1,1
3846,3.4622507095336914,0.0,1,1
3847,3.2755446434020996,0.0,1,1
3848,3.287316083908081,0.0,1,1
3849,3.463245391845703,0.0,0,0
3850,3.880643367767334,0.0,1,1
3851,3.8008570671081543,0.0,0,0
3852,3.2430100440979004,0.0,1,1
3853,2.8070871829986572,0.0,1,1
3854,3.6009137630462646,0.0,0,0
3855,3.3607804775238037,0.0,1,1
3856,3.675114631652832,0.0,1,1
3857,3.955862045288086,0.0,0,0
3858,3.487936496734619,0.0,1,1
3859,3.5007517337799072,0.0,1,1
3860,3.5439116954803467,0.0,1,1
3861,4.1132073402404785,0.0,1,1
3862,3.939267873764038,0.0,1,1
3863,4.0169453620910645,0.0,1,1
3864,3.4170706272125244,0.0,1,1
3865,3.6226894855499268,0.0,0,0
3866,3.538966417312622,0.0,0,0
3867,3.307265520095825,0.0,1,1
3868,2.7738282680511475,0.0,0,0
3869,3.401604413986206,0.0,1,1
3870,3.7477474212646484,0.0,1,1
3871,4.272356033325195,0.0,0,0
3872,3.440105438232422,0.0,1,1
3873,3.3489537239074707,0.0,1,1
3874,3.0059492588043213,0.0,1,1
3875,3.8438611030578613,0.0,0,0
3876,3.736372947692871,0.0,1,1
3877,3.3753068447113037,0.0,0,0
3878,3.906743049621582,0.0,1,1
3879,3.5946035385131836,0.0,1,1
3880,3.968329429626465,0.0,1,1
3881,3.357527732849121,0.0,1,1
3882,4.2709197998046875,0.0,0,0
3883,4.311805725097656,0.0,1,1
3884,3.8147811889648438,0.0,1,1
3885,4.02651834487915,0.0,0,0
3886,4.075785160064697,0.0,1,1
3887,4.472417831420898,0.0,1,1
3888,3.864255905151367,0.0,1,1
3889,4.0765790939331055,0.0,0,0
3890,4.047084331512451,0.0,1,1
3891,3.7418742179870605,0.0,0,0
3892,3.56018328666687,0.0,1,1
3893,4.231208324432373,0.0,0,0
3894,4.492675304412842,0.0,1,1
3895,4.487220764160156,0.0,1,1
3896,3.4161033630371094,0.0,1,1
3897,3.9861485958099365,0.0,0,0
3898,4.361372470855713,0.0,1,1
3899,4.098216533660889,0.0,1,1
3900,3.8623580932617188,0.0,1,1
3901,3.2838587760925293,0.0,0,0
3902,3.760624885559082,0.0,1,1
3903,4.004561424255371,0.0,0,0
3904,4.148831844329834,0.0,1,1
3905,4.1681132316589355,0.0,1,1
3906,3.9950754642486572,0.0,0,0
3907,4.256326198577881,0.0,1,1
3908,4.204581260681152,0.0,1,1
3909,3.0052711963653564,0.0,1,1
3910,4.007519245147705,0.0,1,1
3911,3.849060535430908,0.0,0,0
3912,3.5944836139678955,0.0,1,1
3913,3.1511502265930176,0.0,0,0
3914,3.4812166690826416,0.0,0,0
3915,4.448182106018066,0.0,0,0
3916,4.065435886383057,0.0,0,0
3917,4.1896867752075195,0.0,1,1
3918,5.1397705078125,0.0,1,1
3919,4.194125175476074,0.0,0,0
3920,3.9492149353027344,0.0,0,0
3921,2.9185380935668945,0.0,0,0
3922,3.2298762798309326,0.0,0,0
3923,3.5950708389282227,0.0,0,0
3924,3.189337968826294,0.0,0,0
3925,3.0163352489471436,0.0,0,0
3926,3.0820438861846924,0.0,0,0
3927,2.4173190593719482,0.0,1,1
3928,3.060183048248291,0.0,0,0
3929,3.5936176776885986,0.0,1,1
3930,3.64766526222229,0.0,1,1
3931,3.890902280807495,0.0,1,1
3932,3.0936436653137207,0.0,0,0
3933,2.867448329925537,0.0,1,1
3934,3.2411725521087646,0.0,0,0
3935,3.135507106781006,0.0,1,1
3936,3.2461133003234863,0.0,0,0
3937,2.838472843170166,0.0,1,1
3938,3.025146961212158,0.0,0,0
3939,3.060474395751953,0.0,0,0
3940,3.998649835586548,0.0,0,0
3941,3.5696001052856445,0.0,0,0
3942,3.8087046146392822,0.0,0,0
3943,3.546813488006592,0.0,0,0
3944,3.3541181087493896,0.0,1,1
3945,4.222818851470947,0.0,0,0
3946,3.942307233810425,0.0,1,1
3947,3.891496419906616,0.0,1,1
3948,3.673909902572632,0.0,0,0
3949,3.623152017593384,0.0,1,1
3950,2.7103323936462402,0.0,0,0
3951,3.4496352672576904,0.0,0,0
3952,3.8351528644561768,0.0,1,1
3953,3.272533893585205,0.0,0,0
3954,3.6244747638702393,0.0,1,1
3955,3.5339722633361816,0.0,1,1
3956,3.333406925201416,0.0,0,0
3957,3.645097017288208,0.0,0,0
3958,3.6678895950317383,0.0,0,0
3959,3.8482422828674316,0.0,1,1
3960,3.3560760021209717,0.0,0,0
3961,3.6213901042938232,0.0,1,1
3962,4.075320720672607,0.0,1,1
3963,4.029380798339844,0.0,1,1
3964,4.222428798675537,0.0,1,1
3965,4.297003269195557,0.0,1,1
3966,3.5331227779388428,0.0,0,0
3967,3.255235433578491,0.0,0,0
3968,3.6354150772094727,0.0,0,0
3969,3.796510934829712,0.0,1,1
3970,3.6137542724609375,0.0,1,1
3971,3.7472922801971436,0.0,1,1
3972,3.893493890762329,0.0,1,1
3973,4.140142440795898,0.0,0,0
3974,4.3535003662109375,0.0,1,1
3975,3.707547187805176,0.0,0,0
3976,4.050220012664795,0.0,1,1
3977,3.7900383472442627,0.0,1,1
3978,3.7406234741210938,0.0,0,0
3979,4.059576034545898,0.0,1,1
3980,4.040572643280029,0.0,0,0
3981,4.20754861831665,0.0,0,0
3982,3.8720078468322754,0.0,0,0
3983,4.455206394195557,0.0,1,1
3984,3.9571871757507324,0.0,1,1
3985,4.578988075256348,0.0,0,0
3986,4.1504034996032715,0.0,1,1
3987,3.7850708961486816,0.0,1,1
3988,4.3289899826049805,0.0,1,1
3989,4.1282267570495605,0.0,0,0
3990,3.3066511154174805,0.0,1,1
3991,3.8764212131500244,0.0,0,0
3992,4.534791946411133,0.0,1,1
3993,3.5251615047454834,0.0,0,0
3994,3.452510118484497,0.0,1,1
3995,3.4864883422851562,0.0,0,0
3996,4.306422233581543,0.0,1,1
3997,4.035159587860107,0.0,0,0
3998,3.683441400527954,0.0,0,0
3999,4.387538909912109,0.0,1,1
4000,3.8806211948394775,0.0,0,0
4001,3.636113166809082,0.0,1,1
4002,4.147446632385254,0.0,1,1
4003,4.313578128814697,0.0,0,0
4004,4.273568153381348,0.0,0,0
4005,4.969061851501465,0.0,1,1
4006,4.955852508544922,0.0,1,1
4007,3.6119441986083984,0.0,0,0
4008,4.26313591003418,0.0,1,1
4009,4.256432056427002,0.0,0,0
4010,4.0084757804870605,0.0,1,1
4011,4.178691387176514,0.0,1,1
4012,3.8524105548858643,0.0,1,1
4013,3.5684866905212402,0.0,1,1
4014,4.028578758239746,0.0,0,0
4015,4.172708511352539,0.0,1,1
4016,4.008094310760498,0.0,1,1
4017,3.653566837310791,0.0,0,0
4018,3.457071304321289,0.0,1,1
4019,3.648376226425171,0.0,0,0
4020,4.092073917388916,0.0,1,1
4021,4.1915740966796875,0.0,1,1
4022,4.345914840698242,0.0,1,1
4023,3.5648531913757324,0.0,1,1
4024,3.721125602722168,0.0,0,0
4025,3.7056496143341064,0.0,1,1
4026,4.114621162414551,0.0,0,0
4027,4.024303436279297,0.0,1,1
4028,4.24048376083374,0.0,1,1
4029,3.862478494644165,0.0,1,1
4030,3.9354357719421387,0.0,1,1
4031,4.309051513671875,0.0,0,0
4032,3.8594136238098145,0.0,1,1
4033,4.184328079223633,0.0,1,1
4034,3.9529542922973633,0.0,0,0
4035,4.022522449493408,0.0,0,0
4036,3.6784963607788086,0.0,1,1
4037,3.9376282691955566,0.0,0,0
4038,4.0636773109436035,0.0,1,1
4039,3.426056146621704,0.0,1,1
4040,3.7139763832092285,0.0,1,1
4041,3.664407730102539,0.0,1,1
4042,3.5992162227630615,0.0,0,0
4043,3.4540083408355713,0.0,1,1
4044,3.8234214782714844,0.0,0,0
4045,3.917271137237549,0.0,1,1
4046,4.103013038635254,0.0,1,1
4047,3.243828773498535,0.0,1,1
4048,3.3993613719940186,0.0,1,1
4049,3.945883274078369,0.0,0,0
4050,3.545703649520874,0.0,1,1
4051,3.6717917919158936,0.0,0,0
4052,4.121969223022461,0.0,0,0
4053,3.4684624671936035,0.0,1,1
4054,3.89739990234375,0.0,0,0
4055,3.4640583992004395,0.0,1,1
4056,3.566210985183716,0.0,0,0
4057,3.9441263675689697,0.0,1,1
4058,4.014517784118652,0.0,1,1
4059,2.903299331665039,0.0,0,0
4060,3.894745111465454,0.0,0,0
4061,3.7705318927764893,0.0,1,1
4062,3.8230226039886475,0.0,0,0
4063,4.007588863372803,0.0,1,1
4064,3.287276268005371,0.0,1,1
4065,4.074271202087402,0.0,1,1
4066,3.683255672454834,0.0,0,0
4067,4.266563415527344,0.0,1,1
4068,4.502233028411865,0.0,1,1
4069,3.5991289615631104,0.0,1,1
4070,4.508902549743652,0.0,0,0
4071,3.875002384185791,0.0,0,0
4072,3.947098731994629,0.0,0,0
4073,3.6420154571533203,0.0,0,0
4074,3.9474143981933594,0.0,0,0
4075,3.6438798904418945,0.0,1,1
4076,4.3497314453125,0.0,1,1
4077,3.8103315830230713,0.0,1,1
4078,3.6452910900115967,0.0,0,0
4079,4.200089931488037,0.0,1,1
4080,3.5122170448303223,0.0,1,1
4081,4.221733093261719,0.0,1,1
4082,3.771204948425293,0.0,0,0
4083,3.9561004638671875,0.0,0,0
4084,3.808023691177368,0.0,0,0
4085,4.176609992980957,0.0,1,1
4086,3.9264180660247803,0.0,0,0
4087,4.116047382354736,0.0,1,1
4088,4.063330173492432,0.0,1,1
4089,3.7884113788604736,0.0,1,1
4090,4.072795867919922,0.0,0,0
4091,4.489777088165283,0.0,0,0
4092,4.456203460693359,0.0,0,0
4093,3.7696614265441895,0.0,1,1
4094,3.8806209564208984,0.0,0,0
4095,4.357605457305908,0.0,0,0
4096,4.306880474090576,0.0,1,1
4097,4.081611156463623,0.0,0,0
4098,4.275326728820801,0.0,0,0
4099,4.392192363739014,0.0,1,1
4100,4.271186828613281,0.0,0,0
4101,4.169582843780518,0.0,0,0
4102,3.4178338050842285,0.0,0,0
4103,4.21877908706665,0.0,1,1
4104,3.5605597496032715,0.0,0,0
4105,3.6248667240142822,0.0,1,1
4106,3.637561082839966,0.0,0,0
4107,4.0974626541137695,0.0,0,0
4108,4.088176727294922,0.0,0,0
4109,3.5151314735412598,0.0,1,1
4110,3.814910411834717,0.0,1,1
4111,3.89322829246521,0.0,0,0
4112,4.051126003265381,0.0,0,0
4113,3.876389741897583,0.0,1,1
4114,4.660137176513672,0.0,1,1
4115,3.9135634899139404,0.0,0,0
4116,4.144981384277344,0.0,1,1
4117,3.628039836883545,0.0,1,1
4118,3.7426891326904297,0.0,0,0
4119,3.6233222484588623,0.0,0,0
4120,3.790675640106201,0.0,0,0
4121,3.8909265995025635,0.0,1,1
4122,3.3518877029418945,0.0,0,0
4123,3.512375593185425,0.0,0,0
4124,3.6800053119659424,0.0,0,0
4125,4.0178303718566895,0.0,1,1
4126,4.3636651039123535,0.0,1,1
4127,4.05706262588501,0.0,0,0
4128,4.1239013671875,0.0,1,1
4129,3.6487438678741455,0.0,0,0
4130,3.6261932849884033,0.0,1,1
4131,3.3446598052978516,0.0,0,0
4132,2.7884774208068848,0.0,0,0
4133,3.267825126647949,0.0,0,0
4134,3.579953670501709,0.0,0,0
4135,3.5778205394744873,0.0,1,1
4136,3.3604419231414795,0.0,1,1
4137,3.705078601837158,0.0,1,1
4138,3.218550205230713,0.0,0,0
4139,3.843637466430664,0.0,1,1
4140,3.9359652996063232,0.0,1,1
4141,2.656435489654541,0.0,0,0
4142,2.8932251930236816,0.0,1,1
4143,2.685208559036255,0.0,0,0
4144,3.9709837436676025,0.0,1,1
4145,3.6830828189849854,0.0,1,1
4146,3.441608428955078,0.0,0,0
4147,2.138911724090576,0.0,1,1
4148,1.8621259927749634,0.0,1,1
4149,2.6370961666107178,0.0,0,0
4150,3.6814568042755127,0.0,1,1
4151,3.413271427154541,0.0,1,1
4152,3.6961145401000977,0.0,0,0
4153,3.5216403007507324,0.0,0,0
4154,2.694823980331421,0.0,1,1
4155,3.494835615158081,0.0,0,0
4156,3.7159953117370605,0.0,0,0
4157,3.0633833408355713,0.0,1,1
4158,4.4643754959106445,0.0,1,1
4159,4.271020889282227,0.0,0,0
4160,4.298099517822266,0.0,1,1
4161,4.012998104095459,0.0,0,0
4162,3.632073402404785,0.0,0,0
4163,4.0555291175842285,0.0,1,1
4164,4.283653736114502,0.0,0,0
4165,3.634099245071411,0.0,0,0
4166,3.755479335784912,0.0,1,1
4167,3.510314702987671,0.0,0,0
4168,4.075681686401367,0.0,1,1
4169,4.197761535644531,0.0,0,0
4170,4.00615930557251,0.0,0,0
4171,3.442967414855957,0.0,1,1
4172,3.9731149673461914,0.0,1,1
4173,4.471938610076904,0.0,1,1
4174,4.214863300323486,0.0,1,1
4175,4.237210273742676,0.0,1,1
4176,4.394339561462402,0.0,0,0
4177,3.8150343894958496,0.0,1,1
4178,3.745746612548828,0.0,0,0
4179,4.083688259124756,0.0,1,1
4180,4.040718078613281,0.0,0,0
4181,4.2236647605896,0.0,0,0
4182,4.059289455413818,0.0,1,1
4183,3.7265074253082275,0.0,0,0
4184,3.39292049407959,0.0,0,0
4185,3.692499876022339,0.0,0,0
4186,3.5480430126190186,0.0,0,0
4187,3.3751370906829834,0.0,1,1
4188,3.4063963890075684,0.0,1,1
4189,4.289470672607422,0.0,1,1
4190,3.893892288208008,0.0,1,1
4191,3.7142598628997803,0.0,0,0
4192,3.927959680557251,0.0,1,1
4193,4.2481794357299805,0.0,1,1
4194,4.2550225257873535,0.0,0,0
4195,3.860785484313965,0.0,0,0
4196,3.7689058780670166,0.0,1,1
4197,3.5243473052978516,0.0,0,0
4198,3.5195789337158203,0.0,0,0
4199,4.098591327667236,0.0,0,0
4200,3.5061194896698,0.0,1,1
4201,4.491102695465088,0.0,0,0
4202,4.046963691711426,0.0,0,0
4203,4.0538330078125,0.0,1,1
4204,4.2579240798950195,0.0,1,1
4205,3.5956239700317383,0.0,0,0
4206,4.044727802276611,0.0,1,1
4207,4.0262227058410645,0.0,1,1
4208,4.120282173156738,0.0,0,0
4209,3.8105673789978027,0.0,1,1
4210,4.213685989379883,0.0,1,1
4211,4.267294883728027,0.0,0,0
4212,4.110527038574219,0.0,0,0
4213,3.6799402236938477,0.0,1,1
4214,3.891070604324341,0.0,0,0
4215,3.7846946716308594,0.0,1,1
4216,4.092879295349121,0.0,0,0
4217,4.7226104736328125,0.0,1,1
4218,4.16109561920166,0.0,0,0
4219,3.713541269302368,0.0,1,1
4220,4.0711350440979,0.0,0,0
4221,4.428011894226074,0.0,1,1
4222,4.391429901123047,0.0,0,0
4223,2.9924850463867188,0.0,0,0
4224,3.1962132453918457,0.0,1,1
4225,3.229222536087036,0.0,0,0
4226,3.200730323791504,0.0,1,1
4227,3.3146591186523438,0.0,1,1
4228,2.4611997604370117,0.0,1,1
4229,2.614335298538208,0.0,0,0
4230,3.5107171535491943,0.0,0,0
4231,2.7833025455474854,0.0,0,0
4232,3.48915433883667,0.0,1,1
4233,2.9105048179626465,0.0,0,0
4234,3.6769814491271973,0.0,1,1
4235,3.229365110397339,0.0,0,0
4236,3.793813467025757,0.0,1,1
4237,3.866558790206909,0.0,0,0
4238,4.268478870391846,0.0,1,1
4239,3.5320730209350586,0.0,0,0
4240,4.434692859649658,0.0,1,1
4241,3.7375237941741943,0.0,0,0
4242,4.37408971786499,0.0,1,1
4243,4.548509120941162,0.0,0,0
4244,4.121787071228027,0.0,0,0
4245,4.412261009216309,0.0,0,0
4246,4.480620861053467,0.0,1,1
4247,4.396783828735352,0.0,0,0
4248,4.2801079750061035,0.0,0,0
4249,4.233659267425537,0.0,1,1
4250,4.576344013214111,0.0,0,0
4251,3.787550449371338,0.0,0,0
4252,4.113234519958496,0.0,0,0
4253,3.9436302185058594,0.0,1,1
4254,4.581920146942139,0.0,0,0
4255,3.965318202972412,0.0,0,0
4256,4.09586763381958,0.0,1,1
4257,4.24025821685791,0.0,0,0
4258,4.141326427459717,0.0,0,0
4259,4.510023593902588,0.0,1,1
4260,3.280791759490967,0.0,0,0
4261,3.8574557304382324,0.0,1,1
4262,3.7051336765289307,0.0,1,1
4263,3.452118396759033,0.0,0,0
4264,2.5537667274475098,0.0,0,0
4265,2.956969738006592,0.0,0,0
4266,3.5484495162963867,0.0,1,1
4267,3.204549551010132,0.0,1,1
4268,3.843924045562744,0.0,0,0
4269,4.151848316192627,0.0,0,0
4270,4.126670837402344,0.0,1,1
4271,4.17418098449707,0.0,0,0
4272,3.9379584789276123,0.0,0,0
4273,3.7728464603424072,0.0,0,0
4274,3.569038152694702,0.0,0,0
4275,3.869824171066284,0.0,0,0
4276,3.3529748916625977,0.0,0,0
4277,3.5546164512634277,0.0,0,0
4278,3.536348819732666,0.0,0,0
4279,3.4246528148651123,0.0,1,1
4280,4.0193562507629395,0.0,1,1
4281,3.311628818511963,0.0,0,0
4282,3.754120349884033,0.0,0,0
4283,3.5674943923950195,0.0,0,0
4284,3.731694221496582,0.0,1,1
4285,3.283815622329712,0.0,0,0
4286,3.3374969959259033,0.0,1,1
4287,3.433419704437256,0.0,0,0
4288,3.4026083946228027,0.0,1,1
4289,3.1384499073028564,0.0,1,1
4290,3.8040404319763184,0.0,0,0
4291,4.134470462799072,0.0,0,0
4292,3.382441282272339,0.0,1,1
4293,3.551351547241211,0.0,1,1
4294,3.3408634662628174,0.0,0,0
4295,3.476719379425049,0.0,0,0
4296,3.7415761947631836,0.0,0,0
4297,3.7350218296051025,0.0,1,1
4298,3.3886663913726807,0.0,0,0
4299,3.4702372550964355,0.0,1,1
4300,3.2644479274749756,0.0,0,0
4301,3.2129123210906982,0.0,1,1
4302,3.1851131916046143,0.0,0,0
4303,2.970508337020874,0.0,0,0
4304,3.492734432220459,0.0,0,0
4305,3.566844940185547,0.0,0,0
4306,3.6974399089813232,0.0,0,0
4307,3.4501852989196777,0.0,0,0
4308,3.08038330078125,0.0,0,0
4309,3.203204393386841,0.0,0,0
4310,3.3594183921813965,0.0,0,0
4311,3.6774044036865234,0.0,0,0
4312,4.225437641143799,0.0,1,1
4313,4.00388240814209,0.0,1,1
4314,4.64784574508667,0.0,0,0
4315,4.715612888336182,0.0,0,0
4316,4.144023418426514,0.0,0,0
4317,3.9739198684692383,0.0,0,0
4318,3.563405752182007,0.0,0,0
4319,3.6686747074127197,0.0,0,0
4320,3.9768993854522705,0.0,0,0
4321,3.87294602394104,0.0,1,1
4322,3.579101800918579,0.0,1,1
4323,3.8881313800811768,0.0,1,1
4324,4.317573547363281,0.0,1,1
4325,4.411898136138916,0.0,1,1
4326,4.186792373657227,0.0,1,1
4327,3.5705697536468506,0.0,1,1
4328,3.688781499862671,0.0,1,1
4329,3.951904058456421,0.0,0,0
4330,4.069700717926025,0.0,1,1
4331,4.1803059577941895,0.0,1,1
4332,3.410220146179199,0.0,1,1
4333,3.148301601409912,0.0,1,1
4334,3.384404420852661,0.0,1,1
4335,3.0616745948791504,0.0,1,1
4336,2.3627963066101074,0.0,0,0
4337,2.77563738822937,0.0,0,0
4338,2.4883127212524414,0.0,0,0
4339,2.8315250873565674,0.0,0,0
4340,2.004945993423462,0.0,1,1
4341,2.941708564758301,0.0,0,0
4342,2.4215970039367676,0.0,0,0
4343,2.499711751937866,0.0,0,0
4344,2.5471465587615967,0.0,0,0
4345,2.143556833267212,0.0,1,1
4346,2.3448617458343506,0.0,1,1
4347,2.341689348220825,0.0,1,1
4348,2.359105348587036,0.0,0,0
4349,2.249983787536621,0.0,0,0
4350,3.2403504848480225,0.0,1,1
4351,2.4960718154907227,0.0,0,0
4352,2.354149341583252,0.0,0,0
4353,2.6283276081085205,0.0,1,1
4354,4.08458948135376,0.0,0,0
4355,3.9421324729919434,0.0,1,1
4356,4.031490325927734,0.0,1,1
4357,4.313411712646484,0.0,0,0
4358,3.904792547225952,0.0,1,1
4359,3.98452091217041,0.0,0,0
4360,4.205904006958008,0.0,1,1
4361,4.132967472076416,0.0,0,0
4362,4.3522047996521,0.0,0,0
4363,4.530686378479004,0.0,0,0
4364,4.399782180786133,0.0,1,1
4365,3.610555648803711,0.0,1,1
4366,4.124077796936035,0.0,0,0
4367,4.232088088989258,0.0,1,1
4368,3.056464910507202,0.0,1,1
4369,3.0506205558776855,0.0,0,0
4370,4.171478271484375,0.0,0,0
4371,3.874169111251831,0.0,1,1
4372,3.6071832180023193,0.0,1,1
4373,3.8715193271636963,0.0,1,1
4374,3.5093345642089844,0.0,0,0
4375,3.2952404022216797,0.0,0,0
4376,3.2458412647247314,0.0,1,1
4377,3.662320137023926,0.0,0,0
4378,4.035558223724365,0.0,1,1
4379,3.8547890186309814,0.0,1,1
4380,3.727276563644409,0.0,0,0
4381,3.363973617553711,0.0,0,0
4382,3.081610679626465,0.0,1,1
4383,3.37174916267395,0.0,0,0
4384,3.2854785919189453,0.0,0,0
4385,3.646531105041504,0.0,1,1
4386,3.316969394683838,0.0,1,1
4387,3.4323108196258545,0.0,1,1
4388,3.5176124572753906,0.0,1,1
4389,3.2115426063537598,0.0,0,0
4390,3.9058961868286133,0.0,1,1
4391,3.3683297634124756,0.0,1,1
4392,3.488873243331909,0.0,1,1
4393,3.2404298782348633,0.0,0,0
4394,3.559603691101074,0.0,0,0
4395,2.7170605659484863,0.0,0,0
4396,3.160358428955078,0.0,1,1
4397,3.010697603225708,0.0,0,0
4398,2.8661091327667236,0.0,1,1
4399,3.1147286891937256,0.0,0,0
4400,3.1479227542877197,0.0,0,0
4401,3.9104857444763184,0.0,0,0
4402,3.177525281906128,0.0,1,1
4403,3.8673574924468994,0.0,0,0
4404,3.6932013034820557,0.0,1,1
4405,4.217825889587402,0.0,0,0
4406,3.596402406692505,0.0,0,0
4407,4.068785190582275,0.0,1,1
4408,4.720881938934326,0.0,1,1
4409,3.6525187492370605,0.0,1,1
4410,3.836930513381958,0.0,1,1
4411,3.4556658267974854,0.0,0,0
4412,3.718496561050415,0.0,1,1
4413,4.145692825317383,0.0,1,1
4414,3.5025479793548584,0.0,1,1
4415,3.8558125495910645,0.0,1,1
4416,3.6251747608184814,0.0,1,1
4417,3.5690014362335205,0.0,0,0
4418,4.0560994148254395,0.0,1,1
4419,4.072085380554199,0.0,1,1
4420,3.2675893306732178,0.0,0,0
4421,2.9958624839782715,0.0,1,1
4422,3.765564441680908,0.0,1,1
4423,3.446035623550415,0.0,0,0
4424,3.8081912994384766,0.0,1,1
4425,3.5651137828826904,0.0,1,1
4426,3.3323121070861816,0.0,0,0
4427,3.1893625259399414,0.0,0,0
4428,4.016162872314453,0.0,1,1
4429,3.6710753440856934,0.0,1,1
4430,3.7968175411224365,0.0,1,1
4431,3.7568981647491455,0.0,1,1
4432,3.3436102867126465,0.0,0,0
4433,3.6195051670074463,0.0,1,1
4434,3.65293550491333,0.0,0,0
4435,3.4949100017547607,0.0,1,1
4436,3.9068665504455566,0.0,1,1
4437,3.2047739028930664,0.0,1,1
4438,3.1397705078125,0.0,1,1
4439,3.7035763263702393,0.0,1,1
4440,3.59804630279541,0.0,1,1
4441,3.383282423019409,0.0,0,0
4442,3.3675649166107178,0.0,0,0
4443,2.7711853981018066,0.0,1,1
4444,2.834385395050049,0.0,1,1
4445,3.5717403888702393,0.0,1,1
4446,3.0269696712493896,0.0,1,1
4447,3.17063045501709,0.0,1,1
4448,3.632964849472046,0.0,0,0
4449,3.9333126544952393,0.0,0,0
4450,3.4055073261260986,0.0,0,0
4451,3.2887818813323975,0.0,0,0
4452,3.637085199356079,0.0,1,1
4453,3.685805082321167,0.0,1,1
4454,3.1965601444244385,0.0,1,1
4455,3.509291648864746,0.0,1,1
4456,3.4192872047424316,0.0,1,1
4457,3.7922933101654053,0.0,0,0
4458,3.568969249725342,0.0,1,1
4459,4.032675266265869,0.0,0,0
4460,4.048923969268799,0.0,1,1
4461,3.771569013595581,0.0,0,0
4462,3.4989752769470215,0.0,0,0
4463,3.0483767986297607,0.0,1,1
4464,3.062732458114624,0.0,0,0
4465,3.3267710208892822,0.0,1,1
4466,3.318126916885376,0.0,1,1
4467,3.238349437713623,0.0,1,1
4468,3.597092390060425,0.0,0,0
4469,3.6539955139160156,0.0,0,0
4470,4.405188083648682,0.0,1,1
4471,3.575831413269043,0.0,0,0
4472,3.9398207664489746,0.0,0,0
4473,3.752126455307007,0.0,0,0
4474,3.8317112922668457,0.0,0,0
4475,3.7504963874816895,0.0,1,1
4476,3.536736249923706,0.0,0,0
4477,4.306338787078857,0.0,0,0
4478,3.932694435119629,0.0,1,1
4479,4.523049354553223,0.0,1,1
4480,3.493150234222412,0.0,0,0
4481,4.222126483917236,0.0,0,0
4482,4.946108341217041,0.0,1,1
4483,4.9316630363464355,0.0,1,1
4484,5.3780975341796875,0.0,1,1
4485,4.837884902954102,0.0,1,1
4486,4.713069915771484,0.0,0,0
4487,5.263023376464844,0.0,0,0
4488,4.150722503662109,0.0,1,1
4489,4.8794846534729,0.0,1,1
4490,5.197862148284912,0.0,1,1
4491,3.1558892726898193,0.0,0,0
4492,3.655449628829956,0.0,1,1
4493,3.188211679458618,0.0,0,0
4494,3.815596342086792,0.0,0,0
4495,3.5169992446899414,0.0,0,0
4496,4.164745807647705,0.0,1,1
4497,3.996023654937744,0.0,0,0
4498,4.3482160568237305,0.0,0,0
4499,4.255194187164307,0.0,0,0
4500,3.7144501209259033,0.0,0,0
4501,3.2497448921203613,0.0,0,0
4502,3.728849172592163,0.0,0,0
4503,3.7382090091705322,0.0,0,0
4504,4.043848514556885,0.0,1,1
4505,3.33482027053833,0.0,0,0
4506,2.400547742843628,0.0,0,0
4507,2.639850378036499,0.0,0,0
4508,2.2935380935668945,0.0,1,1
4509,2.458139657974243,0.0,0,0
4510,2.9364640712738037,0.0,1,1
4511,3.5413589477539062,0.0,1,1
4512,4.048607349395752,0.0,0,0
4513,3.88869047164917,0.0,0,0
4514,3.9675676822662354,0.0,0,0
4515,3.5187368392944336,0.0,0,0
4516,3.241431951522827,0.0,0,0
4517,2.8669443130493164,0.0,1,1
4518,3.261397361755371,0.0,0,0
4519,3.821338415145874,0.0,0,0
4520,3.313835859298706,0.0,1,1
4521,4.284314155578613,0.0,0,0
4522,3.478893518447876,0.0,1,1
4523,3.874929189682007,0.0,0,0
4524,4.2564802169799805,0.0,0,0
4525,4.0474371910095215,0.0,0,0
4526,4.318124771118164,0.0,0,0
4527,4.348075866699219,0.0,0,0
4528,3.6670775413513184,0.0,1,1
4529,4.59297513961792,0.0,1,1
4530,3.924755811691284,0.0,1,1
4531,4.226315975189209,0.0,0,0
4532,3.835196018218994,0.0,0,0
4533,3.7566795349121094,0.0,1,1
4534,4.339343070983887,0.0,0,0
4535,4.742936134338379,0.0,1,1
4536,4.487432956695557,0.0,1,1
4537,4.33612585067749,0.0,0,0
4538,3.499657154083252,0.0,0,0
4539,3.9058823585510254,0.0,0,0
4540,4.386017322540283,0.0,1,1
4541,4.133698463439941,0.0,0,0
4542,3.993499517440796,0.0,1,1
4543,3.603766679763794,0.0,0,0
4544,4.252790927886963,0.0,0,0
4545,4.038183689117432,0.0,0,0
4546,4.5902485847473145,0.0,1,1
4547,3.947387456893921,0.0,1,1
4548,3.9719176292419434,0.0,0,0
4549,3.794964075088501,0.0,0,0
4550,3.731727123260498,0.0,0,0
4551,4.1350226402282715,0.0,1,1
4552,4.220523357391357,0.0,0,0
4553,4.065425395965576,0.0,1,1
4554,4.599134922027588,0.0,1,1
4555,4.317282676696777,0.0,1,1
4556,4.3343915939331055,0.0,1,1
4557,4.115753650665283,0.0,1,1
4558,4.197874546051025,0.0,0,0
4559,4.110594272613525,0.0,1,1
4560,3.6115479469299316,0.0,0,0
4561,4.454774856567383,0.0,1,1
4562,4.665617942810059,0.0,1,1
4563,4.1293768882751465,0.0,1,1
4564,4.0417633056640625,0.0,1,1
4565,4.19976282119751,0.0,0,0
4566,3.6815097332000732,0.0,1,1
4567,4.33173942565918,0.0,1,1
4568,4.4203267097473145,0.0,0,0
4569,3.8750011920928955,0.0,1,1
4570,3.5617964267730713,0.0,0,0
4571,2.9237897396087646,0.0,1,1
4572,3.504004716873169,0.0,1,1
4573,3.606955051422119,0.0,1,1
4574,3.387341260910034,0.0,1,1
4575,3.258984327316284,0.0,1,1
4576,3.7584855556488037,0.0,0,0
4577,3.198620557785034,0.0,1,1
4578,3.5505237579345703,0.0,1,1
4579,3.7241625785827637,0.0,1,1
4580,3.7318477630615234,0.0,0,0
4581,3.7358083724975586,0.0,0,0
4582,3.634903907775879,0.0,0,0
4583,3.347468614578247,0.0,1,1
4584,4.156581401824951,0.0,0,0
4585,4.480544567108154,0.0,1,1
4586,4.035506248474121,0.0,0,0
4587,4.079939842224121,0.0,1,1
4588,4.018614292144775,0.0,1,1
4589,3.7858519554138184,0.0,0,0
4590,2.7606630325317383,0.0,0,0
4591,3.596083641052246,0.0,0,0
4592,3.696605920791626,0.0,1,1
4593,3.8645691871643066,0.0,0,0
4594,3.8103368282318115,0.0,1,1
4595,3.958366870880127,0.0,1,1
4596,3.7443339824676514,0.0,1,1
4597,2.98164963722229,0.0,1,1
4598,3.8670804500579834,0.0,0,0
4599,3.5552732944488525,0.0,0,0
4600,4.203276634216309,0.0,0,0
4601,3.870774984359741,0.0,0,0
4602,3.404106378555298,0.0,0,0
4603,3.72452449798584,0.0,1,1
4604,4.434206008911133,0.0,0,0
4605,4.266284942626953,0.0,1,1
4606,3.810527801513672,0.0,1,1
4607,4.213397979736328,0.0,1,1
4608,4.11889123916626,0.0,0,0
4609,3.87766170501709,0.0,1,1
4610,3.7320556640625,0.0,1,1
4611,4.178121089935303,0.0,0,0
4612,4.200511455535889,0.0,1,1
4613,4.237122058868408,0.0,1,1
4614,4.08472204208374,0.0,1,1
4615,3.9033234119415283,0.0,1,1
4616,3.4719204902648926,0.0,1,1
4617,4.039896011352539,0.0,1,1
4618,3.487306833267212,0.0,0,0
4619,3.5785892009735107,0.0,1,1
4620,3.962799549102783,0.0,0,0
4621,3.677635669708252,0.0,1,1
4622,3.9854021072387695,0.0,0,0
4623,3.3208954334259033,0.0,0,0
4624,3.99544095993042,0.0,0,0
4625,2.813901901245117,0.0,0,0
4626,2.4022574424743652,0.0,0,0
4627,1.3159065246582031,0.0,1,1
4628,2.3084161281585693,0.0,0,0
4629,3.072787046432495,0.0,0,0
4630,3.543410301208496,0.0,1,1
4631,3.190415859222412,0.0,0,0
4632,3.6785247325897217,0.0,0,0
4633,3.31783390045166,0.0,0,0
4634,3.4946248531341553,0.0,1,1
4635,4.152187347412109,0.0,1,1
4636,3.9456169605255127,0.0,0,0
4637,3.6014256477355957,0.0,0,0
4638,3.998739004135132,0.0,1,1
4639,3.946824312210083,0.0,1,1
4640,3.640995502471924,0.0,0,0
4641,4.782740116119385,0.0,0,0
4642,4.345740795135498,0.0,1,1
4643,4.733311176300049,0.0,1,1
4644,4.5831379890441895,0.0,1,1
4645,4.259625434875488,0.0,1,1
4646,4.107301712036133,0.0,0,0
4647,4.282617092132568,0.0,1,1
4648,4.803521156311035,0.0,1,1
4649,4.617317199707031,0.0,1,1
4650,4.0128912925720215,0.0,0,0
4651,3.5789921283721924,0.0,0,0
4652,3.821267604827881,0.0,0,0
4653,3.889695882797241,0.0,1,1
4654,4.01443338394165,0.0,1,1
4655,3.750556230545044,0.0,0,0
4656,3.871469497680664,0.0,1,1
4657,3.6870028972625732,0.0,1,1
4658,3.5313103199005127,0.0,0,0
4659,3.6807103157043457,0.0,0,0
4660,3.6962647438049316,0.0,0,0
4661,3.993178367614746,0.0,1,1
4662,3.6059083938598633,0.0,0,0
4663,3.874342203140259,0.0,0,0
4664,4.112930774688721,0.0,1,1
4665,3.4020187854766846,0.0,0,0
4666,4.345123291015625,0.0,0,0
4667,4.215569496154785,0.0,1,1
4668,4.275655269622803,0.0,1,1
4669,3.8360276222229004,0.0,1,1
4670,4.463517189025879,0.0,1,1
4671,4.240472316741943,0.0,1,1
4672,4.186783313751221,0.0,0,0
4673,4.624128341674805,0.0,0,0
4674,3.8153133392333984,0.0,0,0
4675,2.407576322555542,0.0,1,1
4676,2.73142671585083,0.0,0,0
4677,2.6967923641204834,0.0,1,1
4678,2.9938576221466064,0.0,1,1
4679,2.8949573040008545,0.0,0,0
4680,3.1815574169158936,0.0,1,1
4681,3.4176125526428223,0.0,1,1
4682,3.2646267414093018,0.0,1,1
4683,2.8537042140960693,0.0,1,1
4684,3.412458658218384,0.0,0,0
4685,2.715010166168213,0.0,1,1
4686,2.9344427585601807,0.0,0,0
4687,1.8916895389556885,0.0,1,1
4688,2.6022515296936035,0.0,1,1
4689,3.516458511352539,0.0,0,0
4690,3.432161331176758,0.0,0,0
4691,3.80259108543396,0.0,1,1
4692,3.060868501663208,0.0,0,0
4693,2.816643476486206,0.0,1,1
4694,3.2163901329040527,0.0,1,1
4695,3.023952007293701,0.0,1,1
4696,3.488980770111084,0.0,1,1
4697,3.0415992736816406,0.0,0,0
4698,3.02225923538208,0.0,1,1
4699,2.3654816150665283,0.0,1,1
4700,2.2840120792388916,0.0,1,1
4701,2.624394178390503,0.0,1,1
4702,2.7957394123077393,0.0,0,0
4703,3.5624303817749023,0.0,1,1
4704,3.219477653503418,0.0,0,0
4705,2.9839870929718018,0.0,0,0
4706,3.509235143661499,0.0,1,1
4707,3.8069570064544678,0.0,0,0
4708,3.6461095809936523,0.0,0,0
4709,4.2456793785095215,0.0,1,1
4710,4.1133575439453125,0.0,0,0
4711,3.906297206878662,0.0,1,1
4712,3.973784923553467,0.0,0,0
4713,3.7423768043518066,0.0,1,1
4714,4.359561443328857,0.0,1,1
4715,3.723951578140259,0.0,0,0
4716,3.7544126510620117,0.0,1,1
4717,3.7549142837524414,0.0,0,0
4718,2.454437494277954,0.0,0,0
4719,3.000657320022583,0.0,0,0
4720,3.6875338554382324,0.0,0,0
4721,3.346524953842163,0.0,0,0
4722,4.044816017150879,0.0,0,0
4723,4.243816375732422,0.0,0,0
4724,2.819883346557617,0.0,1,1
4725,2.886981725692749,0.0,1,1
4726,3.790285348892212,0.0,0,0
4727,4.050391674041748,0.0,1,1
4728,3.4329845905303955,0.0,0,0
4729,3.449051856994629,0.0,1,1
4730,3.74880313873291,0.0,0,0
4731,4.0389862060546875,0.0,0,0
4732,3.8956944942474365,0.0,1,1
4733,3.524409294128418,0.0,0,0
4734,3.342343330383301,0.0,1,1
4735,4.508570671081543,0.0,0,0
4736,4.251831531524658,0.0,1,1
4737,3.793447732925415,0.0,0,0
4738,4.313775062561035,0.0,0,0
4739,4.223445892333984,0.0,0,0
4740,4.439210891723633,0.0,1,1
4741,4.052435874938965,0.0,0,0
4742,4.130914211273193,0.0,0,0
4743,2.9891512393951416,0.0,0,0
4744,3.1150832176208496,0.0,1,1
4745,2.965899705886841,0.0,0,0
4746,2.7852044105529785,0.0,0,0
4747,2.720255136489868,0.0,0,0
4748,2.6752238273620605,0.0,1,1
4749,3.444963216781616,0.0,0,0
4750,2.8433971405029297,0.0,0,0
4751,3.4095146656036377,0.0,0,0
4752,3.11549711227417,0.0,0,0
4753,1.8416935205459595,0.0,1,1
4754,3.0825836658477783,0.0,0,0
4755,3.488429307937622,0.0,0,0
4756,3.225520610809326,0.0,0,0
4757,3.496154546737671,0.0,0,0
4758,3.7188282012939453,0.0,0,0
4759,3.378933906555176,0.0,1,1
4760,3.530348300933838,0.0,1,1
4761,3.747443199157715,0.0,0,0
4762,3.6458520889282227,0.0,1,1
4763,3.5255508422851562,0.0,1,1
4764,3.7570178508758545,0.0,1,1
4765,4.030007839202881,0.0,0,0
4766,4.325986385345459,0.0,0,0
4767,3.251520872116089,0.0,0,0
4768,3.871748685836792,0.0,1,1
4769,3.234853744506836,0.0,0,0
4770,2.708867073059082,0.0,0,0
4771,3.6569936275482178,0.0,0,0
4772,4.072495937347412,0.0,1,1
4773,3.795590877532959,0.0,0,0
4774,3.358692169189453,0.0,0,0
4775,3.966905117034912,0.0,1,1
4776,3.191368579864502,0.0,1,1
4777,3.3986034393310547,0.0,1,1
4778,3.660353183746338,0.0,0,0
4779,3.7463629245758057,0.0,0,0
4780,4.198676109313965,0.0,0,0
4781,3.9985527992248535,0.0,1,1
4782,3.2305352687835693,0.0,1,1
4783,4.038671493530273,0.0,0,0
4784,4.0100932121276855,0.0,0,0
4785,3.3171494007110596,0.0,0,0
4786,3.3322927951812744,0.0,0,0
4787,3.9151036739349365,0.0,0,0
4788,3.712144136428833,0.0,0,0
4789,3.317495107650757,0.0,0,0
4790,3.6868386268615723,0.0,0,0
4791,3.8842339515686035,0.0,0,0
4792,4.398410320281982,0.0,1,1
4793,3.315504550933838,0.0,0,0
4794,4.222574234008789,0.0,1,1
4795,3.5835301876068115,0.0,0,0
4796,4.0575151443481445,0.0,1,1
4797,4.172595500946045,0.0,1,1
4798,4.327315807342529,0.0,0,0
4799,4.0703511238098145,0.0,1,1
4800,3.6105778217315674,0.0,0,0
4801,4.112856388092041,0.0,0,0
4802,3.549260377883911,0.0,0,0
4803,3.122464656829834,0.0,1,1
4804,3.3851938247680664,0.0,0,0
4805,3.687821626663208,0.0,1,1
4806,3.3860385417938232,0.0,0,0
4807,2.7967729568481445,0.0,1,1
4808,2.4834938049316406,0.0,1,1
4809,3.5014967918395996,0.0,0,0
4810,3.674541711807251,0.0,1,1
4811,3.1306049823760986,0.0,0,0
4812,3.5440688133239746,0.0,1,1
4813,3.349304437637329,0.0,0,0
4814,2.457810640335083,0.0,1,1
4815,3.4016573429107666,0.0,0,0
4816,3.7107346057891846,0.0,1,1
4817,4.094472408294678,0.0,0,0
4818,3.5043039321899414,0.0,0,0
4819,3.481531858444214,0.0,0,0
4820,3.794750213623047,0.0,1,1
4821,4.180591583251953,0.0,1,1
4822,4.030588626861572,0.0,1,1
4823,4.07149600982666,0.0,0,0
4824,3.59084415435791,0.0,1,1
4825,3.610694169998169,0.0,1,1
4826,3.862630605697632,0.0,1,1
4827,3.0824103355407715,0.0,0,0
4828,2.9527134895324707,0.0,0,0
4829,2.7076287269592285,0.0,1,1
4830,3.3102920055389404,0.0,0,0
4831,2.6122519969940186,0.0,1,1
4832,2.492607593536377,0.0,0,0
4833,3.0931339263916016,0.0,0,0
4834,2.6038591861724854,0.0,1,1
4835,2.635209321975708,0.0,0,0
4836,2.961176633834839,0.0,0,0
4837,2.8189449310302734,0.0,1,1
4838,2.62471079826355,0.0,0,0
4839,2.933817148208618,0.0,0,0
4840,3.9384098052978516,0.0,0,0
4841,3.4290554523468018,0.0,0,0
4842,3.6270413398742676,0.0,0,0
4843,3.2467074394226074,0.0,1,1
4844,3.495224714279175,0.0,1,1
4845,3.3128397464752197,0.0,1,1
4846,3.675532579421997,0.0,1,1
4847,3.992196798324585,0.0,0,0
4848,3.7914605140686035,0.0,0,0
4849,3.879725217819214,0.0,0,0
4850,3.7748472690582275,0.0,1,1
4851,4.273348331451416,0.0,1,1
4852,3.744593620300293,0.0,1,1
4853,4.293805122375488,0.0,0,0
4854,3.4935553073883057,0.0,1,1
4855,4.094851493835449,0.0,1,1
4856,3.1633424758911133,0.0,1,1
4857,4.236359596252441,0.0,1,1
4858,4.18880033493042,0.0,1,1
4859,4.100039005279541,0.0,1,1
4860,3.8698885440826416,0.0,1,1
4861,3.2568764686584473,0.0,0,0
4862,3.548473834991455,0.0,0,0
4863,3.776031970977783,0.0,0,0
4864,3.700052261352539,0.0,0,0
4865,3.6437675952911377,0.0,0,0
4866,4.077612400054932,0.0,0,0
4867,4.134118556976318,0.0,0,0
4868,3.9320151805877686,0.0,1,1
4869,3.6532111167907715,0.0,0,0
4870,4.813498497009277,0.0,1,1
4871,4.101003646850586,0.0,0,0
4872,4.569209575653076,0.0,0,0
4873,4.418657302856445,0.0,0,0
4874,5.325994968414307,0.0,1,1
4875,4.1865105628967285,0.0,0,0
4876,3.9283740520477295,0.0,0,0
4877,4.154103755950928,0.0,0,0
4878,4.412876129150391,0.0,1,1
4879,4.3761186599731445,0.0,0,0
4880,4.330303192138672,0.0,1,1
4881,3.6615638732910156,0.0,1,1
4882,3.4348108768463135,0.0,1,1
4883,3.9971020221710205,0.0,0,0
4884,4.013274669647217,0.0,1,1
4885,3.829861640930176,0.0,1,1
4886,3.9784557819366455,0.0,0,0
4887,4.07053279876709,0.0,1,1
4888,3.5024867057800293,0.0,1,1
4889,3.7165732383728027,0.0,0,0
4890,4.070579528808594,0.0,1,1
4891,4.251558303833008,0.0,0,0
4892,3.6686599254608154,0.0,1,1
4893,4.245254039764404,0.0,1,1
4894,4.170812606811523,0.0,0,0
4895,3.9144721031188965,0.0,1,1
4896,4.033737659454346,0.0,1,1
4897,4.004312515258789,0.0,1,1
4898,3.9226598739624023,0.0,1,1
4899,4.623861789703369,0.0,0,0
4900,3.732402801513672,0.0,1,1
4901,4.621539115905762,0.0,1,1
4902,3.8057100772857666,0.0,1,1
4903,4.121582508087158,0.0,1,1
4904,4.330252170562744,0.0,0,0
4905,3.680750608444214,0.0,1,1
4906,3.456820487976074,0.0,0,0
4907,3.9262735843658447,0.0,1,1
4908,3.8880653381347656,0.0,0,0
4909,3.8540406227111816,0.0,1,1
4910,3.967552423477173,0.0,0,0
4911,3.8017964363098145,0.0,0,0
4912,3.4114232063293457,0.0,1,1
4913,4.0304975509643555,0.0,0,0
4914,4.1566643714904785,0.0,0,0
4915,3.50551176071167,0.0,1,1
4916,4.229753494262695,0.0,0,0
4917,3.6413567066192627,0.0,1,1
4918,4.024353981018066,0.0,0,0
4919,3.713695526123047,0.0,1,1
4920,3.3994643688201904,0.0,1,1
4921,4.284252166748047,0.0,1,1
4922,4.753526210784912,0.0,1,1
4923,4.276797771453857,0.0,0,0
4924,4.144052505493164,0.0,1,1
4925,4.107545375823975,0.0,1,1
4926,4.819060802459717,0.0,1,1
4927,3.516834020614624,0.0,0,0
4928,3.4938676357269287,0.0,1,1
4929,3.975182056427002,0.0,0,0
4930,3.542454481124878,0.0,1,1
4931,3.5910637378692627,0.0,1,1
4932,3.7738029956817627,0.0,1,1
4933,3.9603805541992188,0.0,1,1
4934,3.8258213996887207,0.0,1,1
4935,3.6354050636291504,0.0,1,1
4936,3.9722158908843994,0.0,0,0
4937,4.086116790771484,0.0,1,1
4938,4.271238327026367,0.0,1,1
4939,3.5654473304748535,0.0,1,1
4940,4.599791049957275,0.0,1,1
4941,4.266966342926025,0.0,1,1
4942,4.135804176330566,0.0,1,1
4943,4.688479423522949,0.0,0,0
4944,4.652791500091553,0.0,1,1
4945,4.491186141967773,0.0,0,0
4946,4.868601322174072,0.0,1,1
4947,4.672214984893799,0.0,1,1
4948,4.272181510925293,0.0,0,0
4949,4.55924654006958,0.0,1,1
4950,4.6648454666137695,0.0,0,0
4951,4.551369667053223,0.0,0,0
4952,3.272223949432373,0.0,1,1
4953,4.010650157928467,0.0,1,1
4954,4.267130374908447,0.0,0,0
4955,3.7417726516723633,0.0,1,1
4956,3.748973846435547,0.0,1,1
4957,3.382394552230835,0.0,1,1
4958,3.7643117904663086,0.0,0,0
4959,3.491640090942383,0.0,1,1
4960,4.176369667053223,0.0,1,1
4961,3.6179561614990234,0.0,1,1
4962,3.3816888332366943,0.0,0,0
4963,3.6811163425445557,0.0,0,0
4964,3.8013734817504883,0.0,1,1
4965,3.6367175579071045,0.0,0,0
4966,3.7813570499420166,0.0,0,0
4967,3.8229897022247314,0.0,1,1
4968,3.136173725128174,0.0,1,1
4969,3.7015063762664795,0.0,1,1
4970,3.56551194190979,0.0,0,0
4971,3.379438877105713,0.0,1,1
4972,3.316119909286499,0.0,1,1
4973,3.468487024307251,0.0,1,1
4974,3.4640817642211914,0.0,0,0
4975,3.3027255535125732,0.0,0,0
4976,3.761758804321289,0.0,1,1
4977,3.7632956504821777,0.0,0,0
4978,3.871251344680786,0.0,1,1
4979,3.8864409923553467,0.0,0,0
4980,3.3368947505950928,0.0,0,0
4981,3.153580904006958,0.0,0,0
4982,3.796983003616333,0.0,1,1
4983,3.7167177200317383,0.0,0,0
4984,3.7669498920440674,0.0,1,1
4985,3.316441059112549,0.0,0,0
4986,3.675370216369629,0.0,1,1
4987,3.094334125518799,0.0,1,1
4988,3.366893768310547,0.0,0,0
4989,3.36579966545105,0.0,0,0
4990,3.3928279876708984,0.0,0,0
4991,4.038208961486816,0.0,0,0
4992,3.6420750617980957,0.0,0,0
4993,3.3518717288970947,0.0,0,0
4994,3.5560216903686523,0.0,1,1
4995,3.9490110874176025,0.0,1,1
4996,4.226461887359619,0.0,0,0
4997,3.7798027992248535,0.0,1,1
4998,4.4253830909729,0.0,1,1
4999,4.041141510009766,0.0,0,0
5000,4.083760738372803,0.0,1,1
5001,3.869635581970215,0.0,0,0
5002,4.08124303817749,0.0,0,0
5003,3.6192686557769775,0.0,0,0
5004,3.827827215194702,0.0,1,1
5005,2.976128578186035,0.0,1,1
5006,3.905808448791504,0.0,0,0
5007,3.450767993927002,0.0,1,1
5008,3.5601046085357666,0.0,1,1
5009,4.069140911102295,0.0,0,0
5010,3.923208713531494,0.0,1,1
5011,4.011998176574707,0.0,0,0
5012,4.077733993530273,0.0,1,1
5013,4.043806552886963,0.0,0,0
5014,3.8691723346710205,0.0,1,1
5015,3.7508277893066406,0.0,0,0
5016,3.7227063179016113,0.0,1,1
5017,4.0063934326171875,0.0,0,0
5018,4.4216156005859375,0.0,1,1
5019,3.501779794692993,0.0,0,0
5020,3.174891710281372,0.0,0,0
5021,4.046022415161133,0.0,0,0
5022,3.888012409210205,0.0,1,1
5023,4.5731587409973145,0.0,0,0
5024,2.8192715644836426,0.0,1,1
5025,2.8134889602661133,0.0,0,0
5026,3.6565468311309814,0.0,1,1
5027,3.190833806991577,0.0,0,0
5028,3.0677735805511475,0.0,1,1
5029,3.2020492553710938,0.0,1,1
5030,3.323718786239624,0.0,1,1
5031,2.605013370513916,0.0,1,1
5032,2.8593263626098633,0.0,1,1
5033,3.2961013317108154,0.0,1,1
5034,3.6111443042755127,0.0,0,0
5035,4.533392906188965,0.0,1,1
5036,2.851480484008789,0.0,0,0
5037,3.4283182621002197,0.0,1,1
5038,3.9084954261779785,0.0,0,0
5039,4.136950492858887,0.0,0,0
5040,4.144142150878906,0.0,1,1
5041,4.242062091827393,0.0,1,1
5042,4.0937066078186035,0.0,0,0
5043,4.131152153015137,0.0,0,0
5044,4.044533729553223,0.0,0,0
5045,2.6747634410858154,0.0,0,0
5046,2.5618560314178467,0.0,0,0
5047,3.452302932739258,0.0,1,1
5048,3.0871479511260986,0.0,1,1
5049,3.5682082176208496,0.0,1,1
5050,3.8874075412750244,0.0,0,0
5051,3.3038675785064697,0.0,1,1
5052,3.8207104206085205,0.0,0,0
5053,3.311018705368042,0.0,1,1
5054,3.7264809608459473,0.0,0,0
5055,3.8248093128204346,0.0,1,1
5056,3.8984408378601074,0.0,1,1
5057,3.844644784927368,0.0,0,0
5058,3.8092215061187744,0.0,1,1
5059,3.8437013626098633,0.0,0,0
5060,4.2882280349731445,0.0,1,1
5061,4.074276924133301,0.0,1,1
5062,3.9984958171844482,0.0,0,0
5063,4.032827377319336,0.0,1,1
5064,3.7488462924957275,0.0,0,0
5065,3.4478981494903564,0.0,1,1
5066,4.5055623054504395,0.0,1,1
5067,4.382483959197998,0.0,1,1
5068,4.067234992980957,0.0,0,0
5069,4.114728927612305,0.0,1,1
5070,3.7097244262695312,0.0,0,0
5071,3.5331852436065674,0.0,1,1
5072,3.9125442504882812,0.0,0,0
5073,4.194432735443115,0.0,0,0
5074,4.253143310546875,0.0,1,1
5075,4.369828224182129,0.0,1,1
5076,4.189591407775879,0.0,0,0
5077,3.3676323890686035,0.0,1,1
5078,4.22111701965332,0.0,1,1
5079,3.9379773139953613,0.0,1,1
5080,3.8504886627197266,0.0,0,0
5081,3.181812286376953,0.0,1,1
5082,4.161961555480957,0.0,1,1
5083,3.7195944786071777,0.0,0,0
5084,3.637500286102295,0.0,0,0
5085,3.5695157051086426,0.0,0,0
5086,4.252299785614014,0.0,1,1
5087,4.146368980407715,0.0,1,1
5088,3.6404426097869873,0.0,0,0
5089,2.785701274871826,0.0,0,0
5090,2.7067453861236572,0.0,1,1
5091,2.8042547702789307,0.0,1,1
5092,3.6583242416381836,0.0,0,0
5093,3.259653329849243,0.0,1,1
5094,3.759232759475708,0.0,0,0
5095,4.129006862640381,0.0,1,1
5096,3.5100455284118652,0.0,0,0
5097,4.077602386474609,0.0,1,1
5098,4.056809902191162,0.0,0,0
5099,4.5820159912109375,0.0,1,1
5100,4.148502826690674,0.0,1,1
5101,4.336268901824951,0.0,1,1
5102,4.360527038574219,0.0,1,1
5103,3.992180109024048,0.0,0,0
5104,4.847210884094238,0.0,1,1
5105,4.326456546783447,0.0,0,0
5106,4.16768217086792,0.0,1,1
5107,4.517852306365967,0.0,0,0
5108,4.880297660827637,0.0,1,1
5109,4.3044962882995605,0.0,0,0
5110,4.090758323669434,0.0,1,1
5111,3.6092841625213623,0.0,0,0
5112,3.9065804481506348,0.0,1,1
5113,3.8650259971618652,0.0,1,1
5114,4.3667755126953125,0.0,1,1
5115,3.410141706466675,0.0,0,0
5116,3.936657428741455,0.0,1,1
5117,3.919182538986206,0.0,0,0
5118,4.379915237426758,0.0,1,1
5119,3.8678970336914062,0.0,0,0
5120,3.526115655899048,0.0,1,1
5121,3.9935834407806396,0.0,0,0
5122,3.5934622287750244,0.0,0,0
5123,3.9332611560821533,0.0,1,1
5124,3.9698948860168457,0.0,1,1
5125,4.440371036529541,0.0,0,0
5126,3.894667148590088,0.0,1,1
5127,4.093149662017822,0.0,1,1
5128,4.46616792678833,0.0,1,1
5129,4.277533531188965,0.0,1,1
5130,3.6674821376800537,0.0,1,1
5131,3.8762052059173584,0.0,0,0
5132,3.5974197387695312,0.0,1,1
5133,3.332118272781372,0.0,0,0
5134,3.9857442378997803,0.0,1,1
5135,4.1845293045043945,0.0,1,1
5136,3.889035224914551,0.0,0,0
5137,4.007443428039551,0.0,0,0
5138,4.027855396270752,0.0,0,0
5139,4.4644293785095215,0.0,0,0
5140,4.029996871948242,0.0,1,1
5141,4.118338108062744,0.0,0,0
5142,3.9520020484924316,0.0,0,0
5143,3.705502986907959,0.0,1,1
5144,3.824557304382324,0.0,0,0
5145,3.8194780349731445,0.0,0,0
5146,4.175431728363037,0.0,1,1
5147,3.8415286540985107,0.0,0,0
5148,4.476413726806641,0.0,1,1
5149,4.260320663452148,0.0,1,1
5150,4.218142032623291,0.0,0,0
5151,4.065594673156738,0.0,1,1
5152,3.6254165172576904,0.0,1,1
5153,3.6428349018096924,0.0,0,0
5154,4.153759956359863,0.0,0,0
5155,4.125945568084717,0.0,0,0
5156,4.0222487449646,0.0,1,1
5157,4.120863437652588,0.0,1,1
5158,4.106264591217041,0.0,0,0
5159,4.580006122589111,0.0,1,1
5160,3.691802501678467,0.0,0,0
5161,4.675236701965332,0.0,1,1
5162,3.779069662094116,0.0,1,1
5163,3.6023406982421875,0.0,0,0
5164,3.317559242248535,0.0,0,0
5165,3.936680555343628,0.0,1,1
5166,3.8001115322113037,0.0,0,0
5167,4.08223295211792,0.0,0,0
5168,3.4706552028656006,0.0,0,0
5169,3.635849952697754,0.0,0,0
5170,4.336533546447754,0.0,0,0
5171,4.307046413421631,0.0,0,0
5172,4.628842830657959,0.0,0,0
5173,4.197650909423828,0.0,0,0
5174,4.215409755706787,0.0,1,1
5175,4.218901634216309,0.0,0,0
5176,4.189783573150635,0.0,1,1
5177,4.584169864654541,0.0,1,1
5178,4.379540920257568,0.0,0,0
5179,4.6858062744140625,0.0,1,1
5180,4.480697154998779,0.0,1,1
5181,4.624739170074463,0.0,0,0
5182,4.375740051269531,0.0,1,1
5183,4.899496555328369,0.0,1,1
5184,3.832772970199585,0.0,1,1
5185,4.3289265632629395,0.0,1,1
5186,4.369286060333252,0.0,0,0
5187,4.366852283477783,0.0,0,0
5188,3.4013590812683105,0.0,0,0
5189,3.269158363342285,0.0,1,1
5190,3.6345717906951904,0.0,0,0
5191,3.4607439041137695,0.0,1,1
5192,3.3829739093780518,0.0,0,0
5193,4.133331298828125,0.0,1,1
5194,3.9643237590789795,0.0,1,1
5195,4.035176753997803,0.0,1,1
5196,3.3990206718444824,0.0,0,0
5197,3.7997019290924072,0.0,0,0
5198,3.6933529376983643,0.0,0,0
5199,4.5400004386901855,0.0,1,1
5200,4.872005939483643,0.0,0,0
5201,3.8781416416168213,0.0,0,0
5202,3.3241024017333984,0.0,0,0
5203,3.489928722381592,0.0,1,1
5204,3.5046005249023438,0.0,0,0
5205,3.4938111305236816,0.0,1,1
5206,3.7101821899414062,0.0,0,0
5207,4.151764869689941,0.0,0,0
5208,3.035644769668579,0.0,0,0
5209,2.8310604095458984,0.0,0,0
5210,2.743072748184204,0.0,0,0
5211,2.3880839347839355,0.0,0,0
5212,2.9804470539093018,0.0,0,0
5213,3.3902108669281006,0.0,1,1
5214,3.420116424560547,0.0,0,0
5215,4.0772528648376465,0.0,0,0
5216,3.4681427478790283,0.0,0,0
5217,3.932359218597412,0.0,1,1
5218,3.7814879417419434,0.0,0,0
5219,3.7984325885772705,0.0,0,0
5220,3.865933418273926,0.0,1,1
5221,3.6192030906677246,0.0,0,0
5222,4.170651435852051,0.0,1,1
5223,3.691934823989868,0.0,0,0
5224,3.7902050018310547,0.0,1,1
5225,3.898014545440674,0.0,0,0
5226,3.8926613330841064,0.0,0,0
5227,3.902219772338867,0.0,0,0
5228,4.037410736083984,0.0,1,1
5229,3.149742364883423,0.0,0,0
5230,4.1314616203308105,0.0,1,1
5231,3.3456649780273438,0.0,1,1
5232,3.4912500381469727,0.0,0,0
5233,4.660313129425049,0.0,1,1
5234,4.868885040283203,0.0,1,1
5235,3.9606199264526367,0.0,1,1
5236,4.1079254150390625,0.0,0,0
5237,4.420709609985352,0.0,0,0
5238,3.960008382797241,0.0,1,1
5239,4.380251407623291,0.0,1,1
5240,3.556049346923828,0.0,0,0
5241,4.110159873962402,0.0,1,1
5242,3.892606735229492,0.0,1,1
5243,4.643653869628906,0.0,1,1
5244,3.7291901111602783,0.0,0,0
5245,3.647203207015991,0.0,0,0
5246,3.9220011234283447,0.0,0,0
5247,4.643975734710693,0.0,1,1
5248,3.9373199939727783,0.0,0,0
5249,3.343543767929077,0.0,0,0
5250,3.7726118564605713,0.0,1,1
5251,3.8750977516174316,0.0,1,1
5252,3.9850308895111084,0.0,1,1
5253,3.8784101009368896,0.0,1,1
5254,3.651618003845215,0.0,1,1
5255,3.1582043170928955,0.0,1,1
5256,3.522618532180786,0.0,1,1
5257,3.63993763923645,0.0,1,1
5258,3.407766819000244,0.0,0,0
5259,3.4745471477508545,0.0,1,1
5260,4.143319129943848,0.0,1,1
5261,3.5198605060577393,0.0,0,0
5262,3.3417751789093018,0.0,0,0
5263,3.6434831619262695,0.0,1,1
5264,3.2377870082855225,0.0,0,0
5265,3.493279457092285,0.0,0,0
5266,3.5986874103546143,0.0,0,0
5267,2.72027850151062,0.0,0,0
5268,3.484867572784424,0.0,1,1
5269,3.4230613708496094,0.0,0,0
5270,2.843092679977417,0.0,0,0
5271,3.0649423599243164,0.0,0,0
5272,2.902200698852539,0.0,0,0
5273,3.4805164337158203,0.0,0,0
5274,3.8121955394744873,0.0,0,0
5275,3.690307378768921,0.0,1,1
5276,3.9290881156921387,0.0,0,0
5277,3.796177864074707,0.0,1,1
5278,3.0144107341766357,0.0,0,0
5279,3.4570727348327637,0.0,0,0
5280,3.105112314224243,0.0,1,1
5281,3.151219129562378,0.0,0,0
5282,3.428366184234619,0.0,1,1
5283,3.261803388595581,0.0,0,0
5284,3.817262649536133,0.0,1,1
5285,3.5188589096069336,0.0,1,1
5286,3.266007661819458,0.0,1,1
5287,3.2844295501708984,0.0,1,1
5288,3.404627561569214,0.0,0,0
5289,2.8458003997802734,0.0,1,1
5290,3.364311695098877,0.0,0,0
5291,3.478410005569458,0.0,0,0
5292,3.7072036266326904,0.0,1,1
5293,3.515648603439331,0.0,1,1
5294,3.7060067653656006,0.0,1,1
5295,3.767768144607544,0.0,0,0
5296,3.6038527488708496,0.0,1,1
5297,3.2934722900390625,0.0,0,0
5298,3.3121795654296875,0.0,1,1
5299,3.68430233001709,0.0,0,0
5300,4.057745456695557,0.0,1,1
5301,3.5858612060546875,0.0,0,0
5302,4.151695251464844,0.0,1,1
5303,3.6892170906066895,0.0,1,1
5304,3.774857997894287,0.0,1,1
5305,3.5710830688476562,0.0,1,1
5306,3.8904519081115723,0.0,0,0
5307,3.7206168174743652,0.0,1,1
5308,3.421410083770752,0.0,1,1
5309,3.2662177085876465,0.0,1,1
5310,3.544828414916992,0.0,0,0
5311,3.881118059158325,0.0,1,1
5312,3.3208577632904053,0.0,0,0
5313,3.629847288131714,0.0,1,1
5314,3.7128312587738037,0.0,0,0
5315,3.904000997543335,0.0,0,0
5316,4.534257888793945,0.0,0,0
5317,4.051776885986328,0.0,0,0
5318,3.2124321460723877,0.0,1,1
5319,3.6991429328918457,0.0,0,0
5320,4.026627540588379,0.0,0,0
5321,3.7754886150360107,0.0,0,0
5322,4.3247833251953125,0.0,1,1
5323,4.04869270324707,0.0,0,0
5324,4.341991901397705,0.0,0,0
5325,4.0115275382995605,0.0,1,1
5326,3.800990581512451,0.0,0,0
5327,4.339188575744629,0.0,0,0
5328,4.240041732788086,0.0,1,1
5329,3.9274098873138428,0.0,1,1
5330,3.6756479740142822,0.0,0,0
5331,4.0169596672058105,0.0,0,0
5332,3.8504586219787598,0.0,1,1
5333,4.310171604156494,0.0,0,0
5334,3.7029151916503906,0.0,1,1
5335,4.094216346740723,0.0,1,1
5336,3.627681255340576,0.0,1,1
5337,4.385475158691406,0.0,0,0
5338,4.4044952392578125,0.0,0,0
5339,3.3321266174316406,0.0,0,0
5340,4.027167797088623,0.0,0,0
5341,3.458179235458374,0.0,1,1
5342,3.716020345687866,0.0,0,0
5343,3.6935033798217773,0.0,1,1
5344,3.632025957107544,0.0,0,0
5345,3.981644630432129,0.0,1,1
5346,3.0975866317749023,0.0,1,1
5347,2.9129645824432373,0.0,0,0
5348,3.7292683124542236,0.0,0,0
5349,3.257040500640869,0.0,0,0
5350,4.3053154945373535,0.0,1,1
5351,3.7254252433776855,0.0,0,0
5352,3.610809087753296,0.0,0,0
5353,4.472723484039307,0.0,1,1
5354,2.3725075721740723,0.0,0,0
5355,4.023631572723389,0.0,1,1
5356,4.828145503997803,0.0,1,1
5357,4.59225606918335,0.0,1,1
5358,5.0211944580078125,0.0,1,1
5359,4.259601593017578,0.0,0,0
5360,2.7976531982421875,0.0,1,1
5361,3.446044921875,0.0,1,1
5362,3.2898967266082764,0.0,0,0
5363,4.261311054229736,0.0,1,1
5364,3.7413036823272705,0.0,1,1
5365,3.7118871212005615,0.0,0,0
5366,4.508798599243164,0.0,1,1
5367,4.017934799194336,0.0,1,1
5368,4.00430965423584,0.0,0,0
5369,3.936771869659424,0.0,1,1
5370,4.168552875518799,0.0,1,1
5371,3.7744803428649902,0.0,1,1
5372,3.9490127563476562,0.0,1,1
5373,4.121324062347412,0.0,0,0
5374,4.1768269538879395,0.0,1,1
5375,4.012887477874756,0.0,1,1
5376,3.5927982330322266,0.0,1,1
5377,4.175503730773926,0.0,0,0
5378,3.8112504482269287,0.0,1,1
5379,4.24318790435791,0.0,1,1
5380,3.988809108734131,0.0,1,1
5381,4.12461519241333,0.0,1,1
5382,3.884721279144287,0.0,1,1
5383,3.7733519077301025,0.0,0,0
5384,4.5199785232543945,0.0,1,1
5385,4.264344692230225,0.0,1,1
5386,4.621452808380127,0.0,1,1
5387,3.8196423053741455,0.0,1,1
5388,3.5369558334350586,0.0,1,1
5389,3.6351678371429443,0.0,0,0
5390,3.7402584552764893,0.0,1,1
5391,4.241095542907715,0.0,1,1
5392,4.279392719268799,0.0,0,0
5393,4.300413608551025,0.0,0,0
5394,3.554180383682251,0.0,0,0
5395,4.011857986450195,0.0,1,1
5396,3.9123916625976562,0.0,0,0
5397,4.199772834777832,0.0,0,0
5398,4.265844821929932,0.0,1,1
5399,3.67638897895813,0.0,0,0
5400,4.012215614318848,0.0,1,1
5401,4.245237827301025,0.0,1,1
5402,3.5801138877868652,0.0,0,0
5403,4.606955528259277,0.0,1,1
5404,4.234438896179199,0.0,1,1
5405,4.107237815856934,0.0,1,1
5406,3.6273417472839355,0.0,0,0
5407,3.7621102333068848,0.0,1,1
5408,4.043811798095703,0.0,0,0
5409,3.9263057708740234,0.0,0,0
5410,3.650923013687134,0.0,1,1
5411,4.282766819000244,0.0,0,0
5412,3.4705259799957275,0.0,0,0
5413,3.3740861415863037,0.0,1,1
5414,4.357772350311279,0.0,0,0
5415,4.158050537109375,0.0,1,1
5416,4.268086910247803,0.0,1,1
5417,4.030073642730713,0.0,1,1
5418,3.8471460342407227,0.0,0,0
5419,3.460297107696533,0.0,1,1
5420,3.860682249069214,0.0,0,0
5421,3.494422674179077,0.0,0,0
5422,3.8677690029144287,0.0,1,1
5423,4.057205677032471,0.0,1,1
5424,3.3247830867767334,0.0,0,0
5425,3.712024211883545,0.0,1,1
5426,3.1807658672332764,0.0,0,0
5427,3.926900863647461,0.0,0,0
5428,3.5502936840057373,0.0,0,0
5429,3.204214334487915,0.0,1,1
5430,3.2748279571533203,0.0,1,1
5431,3.2478885650634766,0.0,0,0
5432,3.792069435119629,0.0,0,0
5433,2.2720229625701904,0.0,1,1
5434,3.6794486045837402,0.0,1,1
5435,3.3142502307891846,0.0,1,1
5436,2.8690571784973145,0.0,0,0
5437,2.777679204940796,0.0,1,1
5438,2.740506410598755,0.0,0,0
5439,2.2903153896331787,0.0,1,1
5440,1.6575965881347656,0.0,1,1
5441,2.409536600112915,0.0,0,0
5442,2.7001044750213623,0.0,1,1
5443,1.9882131814956665,0.0,1,1
5444,2.3317248821258545,0.0,1,1
5445,1.9183835983276367,0.0,0,0
5446,1.8584846258163452,0.0,1,1
5447,2.570140838623047,0.0,0,0
5448,2.512367010116577,0.0,0,0
5449,2.780911922454834,0.0,1,1
5450,3.1321675777435303,0.0,1,1
5451,2.572512626647949,0.0,0,0
5452,2.794603109359741,0.0,1,1
5453,2.96174955368042,0.0,0,0
5454,2.6132709980010986,0.0,1,1
5455,2.5425503253936768,0.0,0,0
5456,2.5397613048553467,0.0,1,1
5457,2.845771312713623,0.0,0,0
5458,3.1842358112335205,0.0,0,0
5459,2.522946357727051,0.0,1,1
5460,2.2860584259033203,0.0,1,1
5461,3.058018445968628,0.0,0,0
5462,2.5930545330047607,0.0,1,1
5463,3.112820863723755,0.0,0,0
5464,3.205888271331787,0.0,0,0
5465,2.6752679347991943,0.0,1,1
5466,2.7746407985687256,0.0,0,0
5467,3.00150465965271,0.0,0,0
5468,2.785249710083008,0.0,0,0
5469,2.8428261280059814,0.0,0,0
5470,2.7967653274536133,0.0,1,1
5471,2.8919806480407715,0.0,0,0
5472,2.593881607055664,0.0,0,0
5473,2.8378825187683105,0.0,0,0
5474,2.5214667320251465,0.0,1,1
5475,3.8359978199005127,0.0,0,0
5476,2.6203439235687256,0.0,0,0
5477,2.79305362701416,0.0,0,0
5478,3.0996546745300293,0.0,1,1
5479,3.0803112983703613,0.0,0,0
5480,3.118143320083618,0.0,0,0
5481,4.155981063842773,0.0,1,1
5482,4.270382404327393,0.0,1,1
5483,3.7414052486419678,0.0,0,0
5484,4.491678714752197,0.0,1,1
5485,3.8071649074554443,0.0,0,0
5486,3.4300317764282227,0.0,1,1
5487,3.633723497390747,0.0,0,0
5488,3.9863877296447754,0.0,1,1
5489,4.177312850952148,0.0,0,0
5490,3.95853853225708,0.0,0,0
5491,3.803555727005005,0.0,0,0
5492,3.9962894916534424,0.0,0,0
5493,4.577270984649658,0.0,0,0
5494,4.6563005447387695,0.0,0,0
5495,4.010937690734863,0.0,0,0
5496,3.963345766067505,0.0,0,0
5497,4.258982181549072,0.0,0,0
5498,4.396231651306152,0.0,0,0
5499,4.628297805786133,0.0,1,1
5500,3.976654529571533,0.0,0,0
5501,4.153932094573975,0.0,0,0
5502,4.8465471267700195,0.0,0,0
5503,4.25924825668335,0.0,0,0
5504,4.138744354248047,0.0,0,0
5505,4.341607570648193,0.0,0,0
5506,3.5182032585144043,0.0,1,1
5507,3.5795533657073975,0.0,0,0
5508,4.760715484619141,0.0,0,0
5509,3.0245931148529053,0.0,0,0
5510,2.5970067977905273,0.0,1,1
5511,3.0941271781921387,0.0,0,0
5512,3.2063374519348145,0.0,1,1
5513,2.8878321647644043,0.0,0,0
5514,3.661041021347046,0.0,0,0
5515,2.9278502464294434,0.0,0,0
5516,3.095672845840454,0.0,0,0
5517,3.2385499477386475,0.0,1,1
5518,2.950315237045288,0.0,0,0
5519,2.826094388961792,0.0,1,1
5520,3.4032983779907227,0.0,1,1
5521,3.800974130630493,0.0,1,1
5522,3.736865997314453,0.0,0,0
5523,3.631619930267334,0.0,0,0
5524,3.9174423217773438,0.0,0,0
5525,3.788923501968384,0.0,1,1
5526,4.431082248687744,0.0,1,1
5527,4.116845607757568,0.0,0,0
5528,4.011833190917969,0.0,0,0
5529,3.4364848136901855,0.0,0,0
5530,4.491613864898682,0.0,0,0
5531,3.9156744480133057,0.0,0,0
5532,4.813858985900879,0.0,1,1
5533,4.501654624938965,0.0,1,1
5534,4.288201808929443,0.0,1,1
5535,3.4592103958129883,0.0,0,0
5536,3.0334064960479736,0.0,0,0
5537,2.840014934539795,0.0,1,1
5538,3.429011821746826,0.0,0,0
5539,4.282101631164551,0.0,1,1
5540,4.126752853393555,0.0,0,0
5541,3.1378281116485596,0.0,1,1
5542,3.233718156814575,0.0,1,1
5543,3.7873685359954834,0.0,0,0
5544,3.7884838581085205,0.0,1,1
5545,3.3429524898529053,0.0,0,0
5546,3.555447816848755,0.0,0,0
5547,3.6892638206481934,0.0,1,1
5548,3.441551446914673,0.0,1,1
5549,3.8744442462921143,0.0,0,0
5550,3.351242780685425,0.0,1,1
5551,4.014992713928223,0.0,0,0
5552,4.013491630554199,0.0,0,0
5553,3.2066142559051514,0.0,1,1
5554,3.1027719974517822,0.0,1,1
5555,3.5989880561828613,0.0,0,0
5556,3.765420436859131,0.0,1,1
5557,3.5119614601135254,0.0,0,0
5558,3.3146331310272217,0.0,1,1
5559,3.2809877395629883,0.0,1,1
5560,3.634349822998047,0.0,1,1
5561,3.961014986038208,0.0,1,1
5562,3.707899332046509,0.0,0,0
5563,3.7462191581726074,0.0,1,1
5564,4.6148223876953125,0.0,1,1
5565,3.3564116954803467,0.0,0,0
5566,3.3937411308288574,0.0,0,0
5567,3.4493696689605713,0.0,1,1
5568,3.47025465965271,0.0,0,0
5569,3.222181797027588,0.0,1,1
5570,3.079294204711914,0.0,0,0
5571,3.6827850341796875,0.0,0,0
5572,3.586416244506836,0.0,1,1
5573,3.107008695602417,0.0,1,1
5574,3.4776694774627686,0.0,0,0
5575,3.4565744400024414,0.0,0,0
5576,3.3939433097839355,0.0,1,1
5577,3.161810874938965,0.0,0,0
5578,3.7526628971099854,0.0,0,0
5579,3.5382251739501953,0.0,1,1
5580,3.7067649364471436,0.0,1,1
5581,3.2546169757843018,0.0,0,0
5582,3.52731990814209,0.0,0,0
5583,3.700406789779663,0.0,1,1
5584,3.775169849395752,0.0,1,1
5585,3.8490312099456787,0.0,0,0
5586,3.841609477996826,0.0,1,1
5587,3.885559558868408,0.0,0,0
5588,1.3059358596801758,0.0,0,0
5589,2.999220609664917,0.0,1,1
5590,3.7225892543792725,0.0,0,0
5591,3.6659131050109863,0.0,1,1
5592,2.9858479499816895,0.0,0,0
5593,3.7003867626190186,0.0,0,0
5594,3.840202569961548,0.0,0,0
5595,4.154928207397461,0.0,1,1
5596,3.933497428894043,0.0,1,1
5597,3.9600412845611572,0.0,1,1
5598,3.933152437210083,0.0,1,1
5599,4.0507636070251465,0.0,1,1
5600,4.636984348297119,0.0,1,1
5601,4.093539714813232,0.0,0,0
5602,4.238451957702637,0.0,1,1
5603,4.341308116912842,0.0,1,1
5604,3.9461426734924316,0.0,0,0
5605,4.537675380706787,0.0,1,1
5606,4.771302223205566,0.0,1,1
5607,4.358452796936035,0.0,1,1
5608,4.33563756942749,0.0,1,1
5609,4.751404285430908,0.0,1,1
5610,4.152310371398926,0.0,0,0
5611,4.739081382751465,0.0,1,1
5612,4.785539150238037,0.0,1,1
5613,4.126573085784912,0.0,1,1
5614,4.255703926086426,0.0,1,1
5615,5.138095855712891,0.0,1,1
5616,4.140410900115967,0.0,0,0
5617,3.943840742111206,0.0,1,1
5618,3.8727853298187256,0.0,1,1
5619,4.009692668914795,0.0,0,0
5620,3.946882963180542,0.0,1,1
5621,4.19011926651001,0.0,1,1
5622,4.605904579162598,0.0,1,1
5623,4.398824214935303,0.0,0,0
5624,3.863431692123413,0.0,1,1
5625,3.495575189590454,0.0,1,1
5626,4.359124183654785,0.0,0,0
5627,2.025912046432495,0.0,0,0
5628,2.6744906902313232,0.0,0,0
5629,2.525071382522583,0.0,0,0
5630,3.4467411041259766,0.0,0,0
5631,3.737105369567871,0.0,0,0
5632,3.8789875507354736,0.0,0,0
5633,4.393872261047363,0.0,1,1
5634,4.104340076446533,0.0,1,1
5635,4.139974594116211,0.0,0,0
5636,4.891736030578613,0.0,0,0
5637,3.552598714828491,0.0,0,0
5638,3.8877737522125244,0.0,1,1
5639,3.7045576572418213,0.0,0,0
5640,4.925513744354248,0.0,0,0
5641,3.881350040435791,0.0,0,0
5642,3.7539443969726562,0.0,0,0
5643,4.040706157684326,0.0,1,1
5644,3.454706907272339,0.0,0,0
5645,3.037360906600952,0.0,0,0
5646,3.5725646018981934,0.0,1,1
5647,4.441305637359619,0.0,1,1
5648,4.278862953186035,0.0,1,1
5649,2.480351209640503,0.0,0,0
5650,3.872267246246338,0.0,0,0
5651,4.0207061767578125,0.0,1,1
5652,3.3780510425567627,0.0,0,0
5653,4.113420009613037,0.0,0,0
5654,3.5854249000549316,0.0,1,1
5655,3.6928465366363525,0.0,0,0
5656,4.1723713874816895,0.0,0,0
5657,4.111576557159424,0.0,0,0
5658,2.7688255310058594,0.0,0,0
5659,4.048566818237305,0.0,1,1
5660,3.777940511703491,0.0,1,1
5661,3.533055067062378,0.0,1,1
5662,4.69758939743042,0.0,1,1
5663,4.10804557800293,0.0,1,1
5664,3.792036294937134,0.0,0,0
5665,3.670870304107666,0.0,1,1
5666,4.0244011878967285,0.0,0,0
5667,4.5051116943359375,0.0,1,1
5668,3.078706979751587,0.0,0,0
5669,3.4714927673339844,0.0,1,1
5670,3.94562029838562,0.0,1,1
5671,3.6518754959106445,0.0,0,0
5672,4.2669758796691895,0.0,1,1
5673,4.033673286437988,0.0,1,1
5674,4.069054126739502,0.0,0,0
5675,4.110049724578857,0.0,1,1
5676,3.890254497528076,0.0,0,0
5677,4.055624961853027,0.0,1,1
5678,4.10287618637085,0.0,0,0
5679,4.203672409057617,0.0,1,1
5680,3.7651216983795166,0.0,1,1
5681,3.2844252586364746,0.0,0,0
5682,4.040727138519287,0.0,1,1
5683,4.038672924041748,0.0,1,1
5684,3.9859368801116943,0.0,0,0
5685,3.595581293106079,0.0,0,0
5686,3.8585736751556396,0.0,1,1
5687,3.573342800140381,0.0,1,1
5688,4.452837944030762,0.0,1,1
5689,3.976064920425415,0.0,0,0
5690,4.167563438415527,0.0,0,0
5691,4.337560653686523,0.0,1,1
5692,4.260810852050781,0.0,0,0
5693,4.6165947914123535,0.0,1,1
5694,4.491597652435303,0.0,1,1
5695,4.6893463134765625,0.0,0,0
5696,2.9066665172576904,0.0,0,0
5697,2.851145029067993,0.0,0,0
5698,3.531423807144165,0.0,0,0
5699,4.317512512207031,0.0,0,0
5700,4.057415962219238,0.0,1,1
5701,3.631347179412842,0.0,1,1
5702,3.6858949661254883,0.0,1,1
5703,3.855642080307007,0.0,1,1
5704,3.428882122039795,0.0,1,1
5705,4.10791015625,0.0,1,1
5706,3.5560269355773926,0.0,0,0
5707,3.004420518875122,0.0,1,1
5708,3.4993984699249268,0.0,0,0
5709,4.400706768035889,0.0,1,1
5710,3.8008480072021484,0.0,0,0
5711,3.5302982330322266,0.0,0,0
5712,3.8063368797302246,0.0,0,0
5713,4.280950546264648,0.0,1,1
5714,3.397174596786499,0.0,0,0
5715,3.1862893104553223,0.0,1,1
5716,3.5563669204711914,0.0,0,0
5717,3.445812702178955,0.0,1,1
5718,3.405632257461548,0.0,1,1
5719,3.8582706451416016,0.0,0,0
5720,3.8443634510040283,0.0,1,1
5721,4.054115295410156,0.0,1,1
5722,4.287179470062256,0.0,1,1
5723,4.023239612579346,0.0,0,0
5724,4.164822101593018,0.0,0,0
5725,3.5150210857391357,0.0,0,0
5726,3.4277961254119873,0.0,0,0
5727,3.6067450046539307,0.0,0,0
5728,3.915262222290039,0.0,0,0
5729,3.5491857528686523,0.0,0,0
5730,4.1288042068481445,0.0,1,1
5731,3.9586703777313232,0.0,0,0
5732,3.459460973739624,0.0,1,1
5733,3.75543475151062,0.0,1,1
5734,3.703535795211792,0.0,1,1
5735,3.8098089694976807,0.0,0,0
5736,4.148104190826416,0.0,0,0
5737,3.504120349884033,0.0,0,0
5738,4.326514720916748,0.0,0,0
5739,3.440969228744507,0.0,0,0
5740,4.664614200592041,0.0,0,0
5741,4.058584213256836,0.0,1,1
5742,3.8673970699310303,0.0,0,0
5743,4.0240864753723145,0.0,0,0
5744,3.609017848968506,0.0,1,1
5745,3.982388973236084,0.0,0,0
5746,4.5802531242370605,0.0,0,0
5747,4.789215087890625,0.0,1,1
5748,4.361043453216553,0.0,1,1
5749,4.0529069900512695,0.0,0,0
5750,3.716315507888794,0.0,0,0
5751,4.122944355010986,0.0,0,0
5752,2.976392984390259,0.0,0,0
5753,3.1081385612487793,0.0,0,0
5754,3.0288074016571045,0.0,0,0
5755,2.9660451412200928,0.0,1,1
5756,3.008585214614868,0.0,0,0
5757,3.0995895862579346,0.0,0,0
5758,3.0503549575805664,0.0,1,1
5759,3.015714406967163,0.0,1,1
5760,3.0157642364501953,0.0,0,0
5761,2.2732725143432617,0.0,1,1
5762,2.6495561599731445,0.0,1,1
5763,3.264174699783325,0.0,0,0
5764,3.0205771923065186,0.0,1,1
5765,3.3172318935394287,0.0,1,1
5766,2.4770593643188477,0.0,0,0
5767,2.804034948348999,0.0,0,0
5768,2.8722047805786133,0.0,1,1
5769,2.5848724842071533,0.0,0,0
5770,3.002753257751465,0.0,1,1
5771,2.293403148651123,0.0,0,0
5772,3.5031111240386963,0.0,1,1
5773,3.0222344398498535,0.0,1,1
5774,2.8134970664978027,0.0,0,0
5775,3.1906561851501465,0.0,0,0
5776,3.340186357498169,0.0,1,1
5777,2.420476198196411,0.0,0,0
5778,2.797466278076172,0.0,1,1
5779,3.2298524379730225,0.0,0,0
5780,2.9302127361297607,0.0,0,0
5781,3.0629208087921143,0.0,1,1
5782,3.3134872913360596,0.0,0,0
5783,3.983793020248413,0.0,0,0
5784,3.470341682434082,0.0,0,0
5785,2.816920280456543,0.0,0,0
5786,2.8788371086120605,0.0,0,0
5787,3.9400315284729004,0.0,1,1
5788,2.856987714767456,0.0,1,1
5789,2.88580584526062,0.0,0,0
5790,3.7267210483551025,0.0,1,1
5791,3.6699790954589844,0.0,0,0
5792,3.910534381866455,0.0,1,1
5793,3.883829355239868,0.0,0,0
5794,4.102176666259766,0.0,1,1
5795,4.410641670227051,0.0,1,1
5796,4.304830551147461,0.0,0,0
5797,4.395802974700928,0.0,1,1
5798,4.287283420562744,0.0,1,1
5799,4.8772430419921875,0.0,1,1
5800,4.7751359939575195,0.0,1,1
5801,4.597713947296143,0.0,1,1
5802,4.4962477684021,0.0,1,1
5803,3.954141855239868,0.0,1,1
5804,3.659853935241699,0.0,0,0
5805,4.17147970199585,0.0,1,1
5806,4.368466377258301,0.0,1,1
5807,4.358345985412598,0.0,0,0
5808,4.366118907928467,0.0,1,1
5809,4.5762834548950195,0.0,1,1
5810,4.152994632720947,0.0,0,0
5811,4.247328758239746,0.0,0,0
5812,4.59900426864624,0.0,1,1
5813,4.634026050567627,0.0,1,1
5814,3.72050404548645,0.0,0,0
5815,3.2595486640930176,0.0,0,0
5816,4.5870041847229,0.0,1,1
5817,3.6315155029296875,0.0,0,0
5818,4.144338130950928,0.0,0,0
5819,4.155328750610352,0.0,0,0
5820,4.321106910705566,0.0,1,1
5821,4.323143005371094,0.0,1,1
5822,4.096238136291504,0.0,1,1
5823,3.661843776702881,0.0,1,1
5824,4.107842922210693,0.0,0,0
5825,3.5821874141693115,0.0,1,1
5826,3.935640335083008,0.0,0,0
5827,4.2709550857543945,0.0,1,1
5828,3.9862868785858154,0.0,0,0
5829,3.8950343132019043,0.0,1,1
5830,4.311587333679199,0.0,1,1
5831,2.683361291885376,0.0,0,0
5832,3.4835121631622314,0.0,0,0
5833,4.190182209014893,0.0,1,1
5834,3.3030569553375244,0.0,0,0
5835,3.444577217102051,0.0,0,0
5836,2.847050666809082,0.0,1,1
5837,3.5180234909057617,0.0,0,0
5838,3.773265838623047,0.0,0,0
5839,1.5178048610687256,0.0,1,1
5840,2.5832595825195312,0.0,0,0
5841,4.23775053024292,0.0,0,0
5842,4.268608093261719,0.0,1,1
5843,4.002005100250244,0.0,1,1
5844,3.16212797164917,0.0,0,0
5845,4.316684246063232,0.0,0,0
5846,4.119129180908203,0.0,0,0
5847,3.932729482650757,0.0,0,0
5848,4.2956223487854,0.0,0,0
5849,3.6725106239318848,0.0,1,1
5850,4.681887149810791,0.0,1,1
5851,4.511085033416748,0.0,0,0
5852,4.109606742858887,0.0,1,1
5853,3.8043296337127686,0.0,0,0
5854,4.029231071472168,0.0,0,0
5855,3.6204771995544434,0.0,1,1
5856,3.9368855953216553,0.0,0,0
5857,4.239168167114258,0.0,0,0
5858,3.923518657684326,0.0,1,1
5859,4.069605350494385,0.0,0,0
5860,4.1959228515625,0.0,1,1
5861,3.7716875076293945,0.0,1,1
5862,4.323874473571777,0.0,1,1
5863,4.005062103271484,0.0,1,1
5864,4.334030628204346,0.0,1,1
5865,4.771617889404297,0.0,1,1
5866,4.139376163482666,0.0,0,0
5867,3.5828542709350586,0.0,0,0
5868,3.8792667388916016,0.0,0,0
5869,4.276298522949219,0.0,1,1
5870,3.931342840194702,0.0,1,1
5871,4.4863433837890625,0.0,1,1
5872,4.034213542938232,0.0,1,1
5873,4.304891586303711,0.0,0,0
5874,3.770996570587158,0.0,1,1
5875,3.8841493129730225,0.0,0,0
5876,3.8967015743255615,0.0,1,1
5877,3.964061975479126,0.0,1,1
5878,4.377279758453369,0.0,0,0
5879,4.484189987182617,0.0,0,0
5880,3.9769835472106934,0.0,0,0
5881,4.446436882019043,0.0,0,0
5882,4.038647174835205,0.0,1,1
5883,3.6775710582733154,0.0,0,0
5884,4.284160614013672,0.0,0,0
5885,3.9748215675354004,0.0,0,0
5886,4.069077014923096,0.0,1,1
5887,3.645087957382202,0.0,1,1
5888,3.6377532482147217,0.0,1,1
5889,3.8531687259674072,0.0,1,1
5890,4.147149085998535,0.0,1,1
5891,4.074899673461914,0.0,0,0
5892,4.286625385284424,0.0,1,1
5893,3.667018413543701,0.0,1,1
5894,4.3784308433532715,0.0,1,1
5895,4.756955146789551,0.0,1,1
5896,4.820199489593506,0.0,0,0
5897,4.286710262298584,0.0,0,0
5898,4.478267669677734,0.0,0,0
5899,3.4656484127044678,0.0,1,1
5900,4.132321357727051,0.0,0,0
5901,4.199977874755859,0.0,1,1
5902,4.097644329071045,0.0,0,0
5903,4.226275444030762,0.0,0,0
5904,4.094969272613525,0.0,0,0
5905,3.793809652328491,0.0,0,0
5906,3.8558475971221924,0.0,0,0
5907,4.410354137420654,0.0,1,1
5908,3.5558536052703857,0.0,0,0
5909,4.2249884605407715,0.0,0,0
5910,4.360719203948975,0.0,0,0
5911,3.772897958755493,0.0,0,0
5912,3.32393479347229,0.0,1,1
5913,3.8683435916900635,0.0,1,1
5914,4.022090435028076,0.0,0,0
5915,3.905571460723877,0.0,0,0
5916,3.6951448917388916,0.0,0,0
5917,3.754986047744751,0.0,0,0
5918,4.405727386474609,0.0,0,0
5919,2.4695892333984375,0.0,0,0
5920,3.6905741691589355,0.0,1,1
5921,3.9824936389923096,0.0,0,0
5922,3.6683268547058105,0.0,0,0
5923,3.5682849884033203,0.0,0,0
5924,3.097672700881958,0.0,1,1
5925,3.2142441272735596,0.0,1,1
5926,3.9742283821105957,0.0,1,1
5927,3.544553756713867,0.0,0,0
5928,3.7816951274871826,0.0,0,0
5929,3.9923925399780273,0.0,1,1
5930,3.985234260559082,0.0,0,0
5931,4.414198875427246,0.0,1,1
5932,4.509392738342285,0.0,0,0
5933,4.332467079162598,0.0,0,0
5934,4.579156875610352,0.0,1,1
5935,3.9563534259796143,0.0,0,0
5936,3.7685225009918213,0.0,1,1
5937,3.9330785274505615,0.0,0,0
5938,4.257603645324707,0.0,0,0
5939,3.1150386333465576,0.0,0,0
5940,4.135705947875977,0.0,1,1
5941,3.499258518218994,0.0,0,0
5942,3.9796416759490967,0.0,1,1
5943,3.9404191970825195,0.0,1,1
5944,3.680638551712036,0.0,0,0
5945,4.158720016479492,0.0,1,1
5946,3.0994367599487305,0.0,0,0
5947,2.2487258911132812,0.0,0,0
5948,3.3939805030822754,0.0,1,1
5949,2.474083662033081,0.0,0,0
5950,3.3289356231689453,0.0,0,0
5951,2.731478452682495,0.0,0,0
5952,2.6430954933166504,0.0,0,0
5953,2.9703426361083984,0.0,1,1
5954,3.426287889480591,0.0,1,1
5955,3.1348726749420166,0.0,0,0
5956,3.6964850425720215,0.0,0,0
5957,4.258467674255371,0.0,1,1
5958,3.849287271499634,0.0,1,1
5959,3.5767250061035156,0.0,0,0
5960,3.3419554233551025,0.0,1,1
5961,3.4673643112182617,0.0,0,0
5962,3.6457393169403076,0.0,1,1
5963,4.010269641876221,0.0,0,0
5964,3.630673885345459,0.0,1,1
5965,3.7836291790008545,0.0,1,1
5966,4.21330451965332,0.0,0,0
5967,4.02702522277832,0.0,1,1
5968,3.7256393432617188,0.0,1,1
5969,3.9013845920562744,0.0,0,0
5970,3.826300859451294,0.0,1,1
5971,3.8735949993133545,0.0,0,0
5972,4.303638935089111,0.0,1,1
5973,3.776848793029785,0.0,0,0
5974,4.1695075035095215,0.0,1,1
5975,3.4397528171539307,0.0,0,0
5976,4.421030044555664,0.0,1,1
5977,4.117010593414307,0.0,0,0
5978,3.9131388664245605,0.0,0,0
5979,3.849663257598877,0.0,0,0
5980,4.2598114013671875,0.0,1,1
5981,3.670182943344116,0.0,0,0
5982,3.7275383472442627,0.0,1,1
5983,3.9701242446899414,0.0,0,0
5984,2.9001517295837402,0.0,1,1
5985,3.0892372131347656,0.0,0,0
5986,2.8114776611328125,0.0,0,0
5987,2.997814655303955,0.0,0,0
5988,3.624274969100952,0.0,0,0
5989,3.541658878326416,0.0,0,0
5990,4.044491767883301,0.0,0,0
5991,4.122586250305176,0.0,1,1
5992,4.057743072509766,0.0,0,0
5993,3.539275884628296,0.0,0,0
5994,4.302368640899658,0.0,0,0
5995,4.5058674812316895,0.0,1,1
5996,4.024844646453857,0.0,1,1
5997,4.267695903778076,0.0,1,1
5998,3.889134407043457,0.0,0,0
5999,4.22355318069458,0.0,0,0
6000,3.5948307514190674,0.0,0,0
6001,2.886352777481079,0.0,0,0
6002,3.9115920066833496,0.0,1,1
6003,3.255502223968506,0.0,0,0
6004,3.81821870803833,0.0,0,0
6005,3.6081454753875732,0.0,1,1
6006,3.655637502670288,0.0,0,0
6007,4.074101448059082,0.0,0,0
6008,4.433106899261475,0.0,1,1
6009,3.6308352947235107,0.0,0,0
6010,4.152475357055664,0.0,0,0
6011,4.226815223693848,0.0,0,0
6012,3.9352755546569824,0.0,0,0
6013,3.5934958457946777,0.0,1,1
6014,3.860529899597168,0.0,0,0
6015,3.996805191040039,0.0,0,0
6016,4.32161283493042,0.0,0,0
6017,4.199819087982178,0.0,1,1
6018,3.6120517253875732,0.0,1,1
6019,3.994767189025879,0.0,0,0
6020,4.2218852043151855,0.0,0,0
6021,4.529078483581543,0.0,1,1
6022,5.25171422958374,0.0,1,1
6023,4.077940464019775,0.0,1,1
6024,3.5437209606170654,0.0,0,0
6025,3.874239444732666,0.0,1,1
6026,3.292518377304077,0.0,0,0
6027,4.1246795654296875,0.0,1,1
6028,3.9187521934509277,0.0,0,0
6029,3.445115804672241,0.0,1,1
6030,3.939066171646118,0.0,1,1
6031,2.5200412273406982,0.0,1,1
6032,2.5426902770996094,0.0,1,1
6033,2.711035966873169,0.0,0,0
6034,2.829242706298828,0.0,1,1
6035,2.839540719985962,0.0,1,1
6036,2.8070952892303467,0.0,1,1
6037,3.138362169265747,0.0,1,1
6038,3.1977429389953613,0.0,0,0
6039,4.1891679763793945,0.0,1,1
6040,3.848900318145752,0.0,0,0
6041,3.5142080783843994,0.0,0,0
6042,3.7719526290893555,0.0,1,1
6043,3.68440580368042,0.0,0,0
6044,2.753314971923828,0.0,1,1
6045,3.2148072719573975,0.0,1,1
6046,3.6508383750915527,0.0,0,0
6047,3.1045477390289307,0.0,1,1
6048,3.173245429992676,0.0,1,1
6049,3.6937663555145264,0.0,1,1
6050,3.554431915283203,0.0,0,0
6051,3.1543638706207275,0.0,1,1
6052,2.865316390991211,0.0,0,0
6053,2.955683946609497,0.0,0,0
6054,3.2399041652679443,0.0,1,1
6055,3.1075963973999023,0.0,0,0
6056,3.3804028034210205,0.0,0,0
6057,3.7604520320892334,0.0,1,1
6058,3.1859731674194336,0.0,0,0
6059,3.261263847351074,0.0,1,1
6060,3.4080073833465576,0.0,0,0
6061,3.6387476921081543,0.0,0,0
6062,3.6642520427703857,0.0,1,1
6063,3.644599676132202,0.0,0,0
6064,3.1675987243652344,0.0,0,0
6065,2.531010389328003,0.0,0,0
6066,3.3993990421295166,0.0,1,1
6067,3.44030499458313,0.0,0,0
6068,3.5947935581207275,0.0,0,0
6069,3.804457187652588,0.0,1,1
6070,4.120368957519531,0.0,0,0
6071,4.479214191436768,0.0,0,0
6072,4.737652778625488,0.0,1,1
6073,4.602473258972168,0.0,1,1
6074,4.066495418548584,0.0,0,0
6075,4.2820868492126465,0.0,1,1
6076,4.692298412322998,0.0,1,1
6077,4.279975414276123,0.0,0,0
6078,3.9382004737854004,0.0,1,1
6079,4.569067001342773,0.0,0,0
6080,2.9354450702667236,0.0,0,0
6081,3.1475465297698975,0.0,0,0
6082,3.4271905422210693,0.0,0,0
6083,3.054800033569336,0.0,1,1
6084,2.9540741443634033,0.0,1,1
6085,3.389399528503418,0.0,0,0
6086,3.823070526123047,0.0,0,0
6087,3.759887218475342,0.0,0,0
6088,3.7423956394195557,0.0,1,1
6089,3.626044750213623,0.0,1,1
6090,3.707003593444824,0.0,1,1
6091,3.76239275932312,0.0,1,1
6092,3.823935031890869,0.0,0,0
6093,4.125514984130859,0.0,1,1
6094,3.8249807357788086,0.0,1,1
6095,3.544271945953369,0.0,0,0
6096,3.3223490715026855,0.0,0,0
6097,2.863891839981079,0.0,0,0
6098,2.7760274410247803,0.0,1,1
6099,2.012012481689453,0.0,0,0
6100,3.616755962371826,0.0,1,1
6101,3.4566967487335205,0.0,0,0
6102,3.4539642333984375,0.0,0,0
6103,3.5266571044921875,0.0,1,1
6104,3.953441619873047,0.0,0,0
6105,4.127049446105957,0.0,1,1
6106,4.047326564788818,0.0,1,1
6107,4.176017761230469,0.0,1,1
6108,4.245489120483398,0.0,1,1
6109,3.7796125411987305,0.0,0,0
6110,3.933960199356079,0.0,0,0
6111,4.625878810882568,0.0,0,0
6112,5.159814357757568,0.0,0,0
6113,4.072279930114746,0.0,0,0
6114,4.1201863288879395,0.0,0,0
6115,4.350321292877197,0.0,0,0
6116,3.7863690853118896,0.0,0,0
6117,3.8066227436065674,0.0,0,0
6118,4.14323091506958,0.0,0,0
6119,4.013738632202148,0.0,1,1
6120,4.329131603240967,0.0,1,1
6121,3.711747407913208,0.0,1,1
6122,3.442119598388672,0.0,1,1
6123,3.8671658039093018,0.0,0,0
6124,4.139240741729736,0.0,1,1
6125,3.5710630416870117,0.0,0,0
6126,3.0699856281280518,0.0,1,1
6127,2.902791976928711,0.0,0,0
6128,3.3851194381713867,0.0,0,0
6129,3.5761942863464355,0.0,0,0
6130,3.354358196258545,0.0,1,1
6131,3.6033172607421875,0.0,0,0
6132,3.4393937587738037,0.0,0,0
6133,4.181190490722656,0.0,0,0
6134,3.216238498687744,0.0,1,1
6135,3.0684001445770264,0.0,1,1
6136,3.4328112602233887,0.0,0,0
6137,4.0967583656311035,0.0,0,0
6138,3.8752503395080566,0.0,1,1
6139,3.1599063873291016,0.0,0,0
6140,3.3670876026153564,0.0,1,1
6141,3.5145444869995117,0.0,0,0
6142,3.646925926208496,0.0,1,1
6143,3.4026546478271484,0.0,1,1
6144,3.449798107147217,0.0,1,1
6145,3.2161502838134766,0.0,1,1
6146,3.1355478763580322,0.0,1,1
6147,3.3974528312683105,0.0,0,0
6148,3.1416215896606445,0.0,1,1
6149,3.4032318592071533,0.0,0,0
6150,3.2724344730377197,0.0,1,1
6151,4.142000198364258,0.0,1,1
6152,3.823249101638794,0.0,1,1
6153,4.743337154388428,0.0,0,0
6154,5.004568576812744,0.0,0,0
6155,3.216463804244995,0.0,0,0
6156,2.7848994731903076,0.0,0,0
6157,2.7632334232330322,0.0,1,1
6158,2.8480944633483887,0.0,1,1
6159,2.444122076034546,0.0,0,0
6160,2.9457571506500244,0.0,1,1
6161,2.926856279373169,0.0,0,0
6162,3.0141334533691406,0.0,1,1
6163,3.016819477081299,0.0,1,1
6164,2.8007640838623047,0.0,0,0
6165,2.699646234512329,0.0,1,1
6166,2.8997182846069336,0.0,1,1
6167,3.300571918487549,0.0,0,0
6168,3.3427624702453613,0.0,1,1
6169,2.86034893989563,0.0,0,0
6170,2.76224684715271,0.0,0,0
6171,2.703138589859009,0.0,0,0
6172,4.0275092124938965,0.0,0,0
6173,3.71622371673584,0.0,1,1
6174,4.101648330688477,0.0,1,1
6175,4.123551368713379,0.0,1,1
6176,3.340176820755005,0.0,1,1
6177,3.8095457553863525,0.0,1,1
6178,3.6938657760620117,0.0,1,1
6179,4.2432990074157715,0.0,1,1
6180,3.764104127883911,0.0,1,1
6181,4.694578170776367,0.0,1,1
6182,3.8606009483337402,0.0,0,0
6183,4.248159885406494,0.0,1,1
6184,4.438534736633301,0.0,1,1
6185,4.192774295806885,0.0,1,1
6186,3.661867380142212,0.0,1,1
6187,3.8358781337738037,0.0,1,1
6188,4.29653787612915,0.0,1,1
6189,4.259378433227539,0.0,0,0
6190,4.0054450035095215,0.0,1,1
6191,4.208245277404785,0.0,1,1
6192,3.9255032539367676,0.0,0,0
6193,4.124423503875732,0.0,1,1
6194,4.318048477172852,0.0,1,1
6195,4.164200782775879,0.0,1,1
6196,3.883726119995117,0.0,0,0
6197,3.937826633453369,0.0,1,1
6198,4.386600017547607,0.0,1,1
6199,4.026734828948975,0.0,1,1
6200,4.1234354972839355,0.0,0,0
6201,4.252591133117676,0.0,1,1
6202,4.301436424255371,0.0,1,1
6203,4.340701580047607,0.0,0,0
6204,4.3744306564331055,0.0,1,1
6205,3.7092249393463135,0.0,0,0
6206,4.319098949432373,0.0,0,0
6207,4.2076520919799805,0.0,1,1
6208,3.410352945327759,0.0,0,0
6209,3.691284418106079,0.0,1,1
6210,3.834181785583496,0.0,1,1
6211,3.811375856399536,0.0,1,1
6212,3.423142910003662,0.0,1,1
6213,3.469001293182373,0.0,1,1
6214,3.714153528213501,0.0,1,1
6215,2.9355897903442383,0.0,1,1
6216,3.605806589126587,0.0,1,1
6217,4.254533290863037,0.0,1,1
6218,3.888066530227661,0.0,1,1
6219,3.8147339820861816,0.0,1,1
6220,3.673748731613159,0.0,1,1
6221,3.1179656982421875,0.0,0,0
6222,3.627673625946045,0.0,1,1
6223,3.5021307468414307,0.0,1,1
6224,3.5336575508117676,0.0,0,0
6225,4.300795078277588,0.0,0,0
6226,4.1735687255859375,0.0,0,0
6227,3.6991539001464844,0.0,0,0
6228,2.0796945095062256,0.0,1,1
6229,1.4182896614074707,0.0,1,1
6230,2.6068153381347656,0.0,0,0
6231,3.4366559982299805,0.0,1,1
6232,2.641531467437744,0.0,0,0
6233,3.3738913536071777,0.0,1,1
6234,3.290421962738037,0.0,1,1
6235,2.9061193466186523,0.0,1,1
6236,3.45868182182312,0.0,0,0
6237,4.181485176086426,0.0,1,1
6238,4.866211414337158,0.0,0,0
6239,4.514984607696533,0.0,0,0
6240,4.461259365081787,0.0,1,1
6241,4.819177150726318,0.0,1,1
6242,4.487046718597412,0.0,0,0
6243,3.423337459564209,0.0,0,0
6244,4.079095840454102,0.0,0,0
6245,4.4297709465026855,0.0,0,0
6246,4.74276876449585,0.0,0,0
6247,4.633070468902588,0.0,0,0
6248,4.619731426239014,0.0,0,0
6249,4.790433883666992,0.0,0,0
6250,4.405847072601318,0.0,0,0
6251,4.401216983795166,0.0,0,0
6252,4.309230327606201,0.0,0,0
6253,4.544683933258057,0.0,1,1
6254,4.93772554397583,0.0,1,1
6255,4.450657844543457,0.0,0,0
6256,4.557374477386475,0.0,1,1
6257,4.057714462280273,0.0,1,1
6258,4.314454078674316,0.0,1,1
6259,4.658411979675293,0.0,0,0
6260,4.45792293548584,0.0,0,0
6261,4.423480987548828,0.0,0,0
6262,4.413984775543213,0.0,0,0
6263,4.524197101593018,0.0,1,1
6264,4.652660369873047,0.0,0,0
6265,4.3907151222229,0.0,0,0
6266,4.165295124053955,0.0,0,0
6267,4.801453590393066,0.0,0,0
6268,4.614768028259277,0.0,0,0
6269,4.260008335113525,0.0,0,0
6270,4.919047832489014,0.0,0,0
6271,4.598954677581787,0.0,1,1
6272,4.632552146911621,0.0,0,0
6273,4.726635456085205,0.0,0,0
6274,4.777228355407715,0.0,1,1
6275,2.2830793857574463,0.0,1,1
6276,2.62235164642334,0.0,1,1
6277,3.687286138534546,0.0,0,0
6278,3.3674402236938477,0.0,0,0
6279,4.081939697265625,0.0,1,1
6280,4.830045700073242,0.0,1,1
6281,3.807710886001587,0.0,1,1
6282,4.470855712890625,0.0,0,0
6283,4.9988322257995605,0.0,1,1
6284,4.613292694091797,0.0,1,1
6285,5.112255096435547,0.0,1,1
6286,5.114838123321533,0.0,0,0
6287,4.794354438781738,0.0,0,0
6288,5.017284393310547,0.0,0,0
6289,3.689331531524658,0.0,0,0
6290,3.789316177368164,0.0,0,0
6291,2.285468578338623,0.0,0,0
6292,3.3594136238098145,0.0,0,0
6293,3.9942514896392822,0.0,0,0
6294,3.7784080505371094,0.0,1,1
6295,3.646522283554077,0.0,1,1
6296,4.128524303436279,0.0,1,1
6297,3.6343464851379395,0.0,1,1
6298,3.7325026988983154,0.0,1,1
6299,4.3244404792785645,0.0,0,0
6300,3.5247440338134766,0.0,0,0
6301,2.935866594314575,0.0,0,0
6302,3.7389612197875977,0.0,0,0
6303,2.959332227706909,0.0,1,1
6304,3.866680383682251,0.0,0,0
6305,3.4109182357788086,0.0,1,1
6306,3.8849050998687744,0.0,1,1
6307,3.5146424770355225,0.0,1,1
6308,3.2451608180999756,0.0,1,1
6309,3.4230058193206787,0.0,1,1
6310,3.5979549884796143,0.0,1,1
6311,4.141885757446289,0.0,0,0
6312,3.936245918273926,0.0,1,1
6313,4.013457298278809,0.0,0,0
6314,4.045533180236816,0.0,1,1
6315,4.217177867889404,0.0,0,0
6316,4.3667826652526855,0.0,1,1
6317,3.9141314029693604,0.0,0,0
6318,4.655594825744629,0.0,1,1
6319,4.446426868438721,0.0,1,1
6320,4.242286682128906,0.0,1,1
6321,4.228594779968262,0.0,1,1
6322,4.386900901794434,0.0,0,0
6323,4.296046733856201,0.0,1,1
6324,4.956813335418701,0.0,1,1
6325,3.9778707027435303,0.0,0,0
6326,4.670713901519775,0.0,1,1
6327,3.8684239387512207,0.0,0,0
6328,4.328793048858643,0.0,0,0
6329,4.905002593994141,0.0,1,1
6330,4.4452009201049805,0.0,0,0
6331,4.335489273071289,0.0,1,1
6332,3.6903152465820312,0.0,0,0
6333,3.587620735168457,0.0,0,0
6334,4.221962928771973,0.0,1,1
6335,4.112245559692383,0.0,1,1
6336,4.16807746887207,0.0,1,1
6337,2.441176414489746,0.0,0,0
6338,2.568206310272217,0.0,1,1
6339,3.228100538253784,0.0,1,1
6340,3.8169922828674316,0.0,0,0
6341,3.9639692306518555,0.0,1,1
6342,4.532366752624512,0.0,1,1
6343,4.494607448577881,0.0,1,1
6344,3.1235148906707764,0.0,0,0
6345,3.3304502964019775,0.0,1,1
6346,2.6493031978607178,0.0,0,0
6347,2.9526140689849854,0.0,1,1
6348,3.642456531524658,0.0,0,0
6349,3.3110265731811523,0.0,1,1
6350,3.520477056503296,0.0,1,1
6351,2.8870341777801514,0.0,1,1
6352,3.075038194656372,0.0,0,0
6353,3.1532299518585205,0.0,1,1
6354,3.384911298751831,0.0,1,1
6355,2.999743700027466,0.0,1,1
6356,3.4502055644989014,0.0,1,1
6357,3.3157169818878174,0.0,1,1
6358,3.1403818130493164,0.0,1,1
6359,3.0789191722869873,0.0,1,1
6360,3.651120185852051,0.0,1,1
6361,3.024940252304077,0.0,1,1
6362,3.1542911529541016,0.0,1,1
6363,3.270911455154419,0.0,1,1
6364,3.4105942249298096,0.0,1,1
6365,3.271916389465332,0.0,0,0
6366,3.3718767166137695,0.0,1,1
6367,3.195204734802246,0.0,0,0
6368,3.0392298698425293,0.0,1,1
6369,3.234450578689575,0.0,1,1
6370,3.0309715270996094,0.0,1,1
6371,2.8868813514709473,0.0,1,1
6372,3.609778881072998,0.0,1,1
6373,3.324428081512451,0.0,1,1
6374,3.130577802658081,0.0,1,1
6375,3.7747862339019775,0.0,1,1
6376,2.9181180000305176,0.0,0,0
6377,3.3826961517333984,0.0,1,1
6378,3.2593631744384766,0.0,1,1
6379,3.3108203411102295,0.0,1,1
6380,3.5907857418060303,0.0,1,1
6381,3.5934252738952637,0.0,1,1
6382,3.332676410675049,0.0,0,0
6383,3.0717406272888184,0.0,1,1
6384,2.9935953617095947,0.0,0,0
6385,3.4529619216918945,0.0,1,1
6386,3.1808722019195557,0.0,0,0
6387,3.3695762157440186,0.0,1,1
6388,3.405679702758789,0.0,1,1
6389,3.2750513553619385,0.0,0,0
6390,3.717986822128296,0.0,1,1
6391,3.267258882522583,0.0,1,1
6392,3.597419261932373,0.0,1,1
6393,3.439002752304077,0.0,0,0
6394,3.395204782485962,0.0,1,1
6395,3.846804141998291,0.0,1,1
6396,3.1747422218322754,0.0,1,1
6397,3.4227654933929443,0.0,0,0
6398,3.9158687591552734,0.0,1,1
6399,3.4792888164520264,0.0,1,1
6400,3.592972993850708,0.0,0,0
6401,3.335273504257202,0.0,0,0
6402,3.514228343963623,0.0,0,0
6403,4.375751972198486,0.0,1,1
6404,4.445129871368408,0.0,1,1
6405,4.474486827850342,0.0,1,1
6406,4.077273368835449,0.0,0,0
6407,3.7856576442718506,0.0,1,1
6408,3.8434977531433105,0.0,0,0
6409,4.134263038635254,0.0,1,1
6410,4.375906467437744,0.0,1,1
6411,3.719989538192749,0.0,0,0
6412,3.7069647312164307,0.0,0,0
6413,3.50042724609375,0.0,1,1
6414,3.6932239532470703,0.0,0,0
6415,3.023195266723633,0.0,0,0
6416,3.9365479946136475,0.0,1,1
6417,3.990269184112549,0.0,1,1
6418,3.5191144943237305,0.0,1,1
6419,3.2842676639556885,0.0,0,0
6420,2.709611177444458,0.0,1,1
6421,3.515259027481079,0.0,0,0
6422,3.095280647277832,0.0,1,1
6423,2.7655763626098633,0.0,0,0
6424,3.7807726860046387,0.0,1,1
6425,4.055202484130859,0.0,1,1
6426,3.5635106563568115,0.0,1,1
6427,4.2199320793151855,0.0,1,1
6428,4.197451114654541,0.0,0,0
6429,3.5590507984161377,0.0,0,0
6430,4.096065521240234,0.0,1,1
6431,3.6243882179260254,0.0,0,0
6432,3.634974718093872,0.0,1,1
6433,3.6710853576660156,0.0,0,0
6434,3.4757518768310547,0.0,1,1
6435,4.187404632568359,0.0,0,0
6436,4.025635242462158,0.0,1,1
6437,3.457648754119873,0.0,0,0
6438,3.7316739559173584,0.0,1,1
6439,4.400555610656738,0.0,0,0
6440,4.787093639373779,0.0,0,0
6441,4.593421459197998,0.0,0,0
6442,3.918727397918701,0.0,1,1
6443,3.700963020324707,0.0,1,1
6444,4.182003498077393,0.0,0,0
6445,3.783832311630249,0.0,0,0
6446,3.7315852642059326,0.0,0,0
6447,4.561498165130615,0.0,0,0
6448,4.00215482711792,0.0,1,1
6449,3.6695456504821777,0.0,1,1
6450,3.946632146835327,0.0,0,0
6451,3.844316005706787,0.0,0,0
6452,4.743772983551025,0.0,0,0
6453,4.084939002990723,0.0,0,0
6454,4.616737365722656,0.0,1,1
6455,4.630465984344482,0.0,0,0
6456,4.957953929901123,0.0,0,0
6457,4.7057414054870605,0.0,1,1
6458,4.368927478790283,0.0,0,0
6459,4.6221442222595215,0.0,1,1
6460,4.676717758178711,0.0,1,1
6461,4.8961381912231445,0.0,0,0
6462,4.993622303009033,0.0,0,0
6463,4.396476745605469,0.0,1,1
6464,4.566521167755127,0.0,1,1
6465,3.346313714981079,0.0,0,0
6466,3.7926037311553955,0.0,0,0
6467,3.8877792358398438,0.0,0,0
6468,3.4376838207244873,0.0,1,1
6469,3.872044086456299,0.0,0,0
6470,3.01823091506958,0.0,1,1
6471,3.5671498775482178,0.0,1,1
6472,3.570011615753174,0.0,1,1
6473,3.4764113426208496,0.0,1,1
6474,3.5608808994293213,0.0,1,1
6475,3.7515265941619873,0.0,0,0
6476,3.2486956119537354,0.0,1,1
6477,3.5027010440826416,0.0,1,1
6478,4.049368381500244,0.0,1,1
6479,3.575472593307495,0.0,0,0
6480,3.4544146060943604,0.0,1,1
6481,3.710081100463867,0.0,0,0
6482,4.266595840454102,0.0,1,1
6483,3.442574977874756,0.0,0,0
6484,4.036435604095459,0.0,0,0
6485,3.72243332862854,0.0,1,1
6486,3.8326451778411865,0.0,0,0
6487,3.422595500946045,0.0,0,0
6488,3.204462766647339,0.0,1,1
6489,3.7331907749176025,0.0,0,0
6490,2.9944632053375244,0.0,1,1
6491,2.871765375137329,0.0,0,0
6492,2.859036684036255,0.0,0,0
6493,3.436549663543701,0.0,1,1
6494,3.093471050262451,0.0,1,1
6495,3.484546184539795,0.0,1,1
6496,3.9194860458374023,0.0,0,0
6497,3.046271800994873,0.0,0,0
6498,3.2574996948242188,0.0,1,1
6499,3.735954523086548,0.0,0,0
6500,3.283571720123291,0.0,1,1
6501,3.3122260570526123,0.0,0,0
6502,4.203765869140625,0.0,1,1
6503,2.861375570297241,0.0,0,0
6504,3.57159161567688,0.0,0,0
6505,3.0138227939605713,0.0,0,0
6506,2.452763557434082,0.0,0,0
6507,3.074254035949707,0.0,0,0
6508,3.6525461673736572,0.0,1,1
6509,3.315886974334717,0.0,0,0
6510,3.269517421722412,0.0,1,1
6511,3.239499568939209,0.0,1,1
6512,3.5901458263397217,0.0,0,0
6513,3.7248952388763428,0.0,1,1
6514,3.0998945236206055,0.0,1,1
6515,3.3381481170654297,0.0,0,0
6516,3.597968816757202,0.0,0,0
6517,3.437896251678467,0.0,1,1
6518,4.368537902832031,0.0,0,0
6519,2.9884817600250244,0.0,0,0
6520,3.26851749420166,0.0,0,0
6521,3.247896432876587,0.0,0,0
6522,3.3432531356811523,0.0,1,1
6523,3.6887009143829346,0.0,0,0
6524,3.4932422637939453,0.0,0,0
6525,3.520134687423706,0.0,0,0
6526,3.2115206718444824,0.0,1,1
6527,3.593987226486206,0.0,0,0
6528,3.8218789100646973,0.0,1,1
6529,3.5301053524017334,0.0,0,0
6530,3.9036507606506348,0.0,0,0
6531,3.7449638843536377,0.0,0,0
6532,3.6247644424438477,0.0,1,1
6533,4.088494300842285,0.0,0,0
6534,3.9169888496398926,0.0,1,1
6535,4.3525390625,0.0,0,0
6536,4.249489784240723,0.0,1,1
6537,3.9554195404052734,0.0,0,0
6538,3.9766905307769775,0.0,0,0
6539,4.021215438842773,0.0,1,1
6540,3.371074676513672,0.0,0,0
6541,3.6522023677825928,0.0,1,1
6542,3.6504499912261963,0.0,0,0
6543,4.247409820556641,0.0,1,1
6544,4.142730712890625,0.0,1,1
6545,3.5149216651916504,0.0,0,0
6546,3.911687135696411,0.0,1,1
6547,4.452314376831055,0.0,1,1
6548,3.9425299167633057,0.0,0,0
6549,3.9274744987487793,0.0,1,1
6550,4.648172855377197,0.0,1,1
6551,4.220909118652344,0.0,1,1
6552,3.396134853363037,0.0,0,0
6553,3.850165605545044,0.0,0,0
6554,3.8717520236968994,0.0,1,1
6555,4.468555450439453,0.0,0,0
6556,4.044708728790283,0.0,1,1
6557,3.8165934085845947,0.0,0,0
6558,4.400903224945068,0.0,1,1
6559,4.636200904846191,0.0,1,1
6560,3.6391713619232178,0.0,1,1
6561,3.688410758972168,0.0,1,1
6562,3.6517202854156494,0.0,1,1
6563,3.5101358890533447,0.0,0,0
6564,3.474804639816284,0.0,1,1
6565,3.129920721054077,0.0,0,0
6566,3.237816572189331,0.0,1,1
6567,3.906801462173462,0.0,1,1
6568,3.853987216949463,0.0,0,0
6569,3.653775930404663,0.0,1,1
6570,4.700982093811035,0.0,1,1
6571,3.66083025932312,0.0,1,1
6572,3.9776625633239746,0.0,1,1
6573,4.084919452667236,0.0,1,1
6574,3.6042320728302,0.0,1,1
6575,3.7301783561706543,0.0,0,0
6576,3.946636438369751,0.0,1,1
6577,4.171367168426514,0.0,0,0
6578,3.7201578617095947,0.0,1,1
6579,3.7197818756103516,0.0,1,1
6580,4.029170989990234,0.0,0,0
6581,4.0920233726501465,0.0,1,1
6582,4.004962921142578,0.0,1,1
6583,3.7598700523376465,0.0,1,1
6584,4.069114685058594,0.0,1,1
6585,4.2282795906066895,0.0,0,0
6586,4.543321132659912,0.0,1,1
6587,3.9482784271240234,0.0,0,0
6588,4.058597564697266,0.0,1,1
6589,3.8653905391693115,0.0,0,0
6590,4.09454870223999,0.0,1,1
6591,2.895420789718628,0.0,0,0
6592,3.614647626876831,0.0,0,0
6593,3.6154444217681885,0.0,1,1
6594,3.8100831508636475,0.0,0,0
6595,4.020054340362549,0.0,1,1
6596,3.9931955337524414,0.0,0,0
6597,3.7896199226379395,0.0,1,1
6598,4.249364376068115,0.0,1,1
6599,3.4720022678375244,0.0,0,0
6600,3.6852293014526367,0.0,1,1
6601,3.6926162242889404,0.0,1,1
6602,4.0619730949401855,0.0,1,1
6603,3.646585464477539,0.0,0,0
6604,3.3770601749420166,0.0,0,0
6605,4.23173713684082,0.0,1,1
6606,3.899611234664917,0.0,0,0
6607,4.041914939880371,0.0,0,0
6608,4.0826849937438965,0.0,1,1
6609,3.232085943222046,0.0,0,0
6610,3.3565616607666016,0.0,1,1
6611,2.4005565643310547,0.0,0,0
6612,2.774217367172241,0.0,0,0
6613,2.532665729522705,0.0,1,1
6614,2.5706188678741455,0.0,0,0
6615,2.411094903945923,0.0,0,0
6616,2.3164637088775635,0.0,0,0
6617,2.7692928314208984,0.0,1,1
6618,2.083326578140259,0.0,0,0
6619,2.2705929279327393,0.0,0,0
6620,2.3502981662750244,0.0,0,0
6621,2.6437149047851562,0.0,0,0
6622,2.4129350185394287,0.0,1,1
6623,2.467017889022827,0.0,0,0
6624,2.700566530227661,0.0,0,0
6625,2.526221990585327,0.0,0,0
6626,2.487370252609253,0.0,0,0
6627,2.4433062076568604,0.0,0,0
6628,2.273437023162842,0.0,0,0
6629,2.3313350677490234,0.0,0,0
6630,2.3541464805603027,0.0,0,0
6631,2.117103099822998,0.0,0,0
6632,2.538691282272339,0.0,0,0
6633,2.4611597061157227,0.0,0,0
6634,3.037958860397339,0.0,0,0
6635,2.820040225982666,0.0,0,0
6636,2.3353142738342285,0.0,0,0
6637,2.701801061630249,0.0,1,1
6638,2.762082099914551,0.0,0,0
6639,3.3485541343688965,0.0,0,0
6640,3.960210084915161,0.0,1,1
6641,3.4836833477020264,0.0,0,0
6642,4.285534858703613,0.0,1,1
6643,4.523843288421631,0.0,1,1
6644,4.2406439781188965,0.0,1,1
6645,3.5173630714416504,0.0,1,1
6646,3.112112045288086,0.0,1,1
6647,3.663513660430908,0.0,1,1
6648,3.738044261932373,0.0,1,1
6649,3.5470173358917236,0.0,0,0
6650,4.011180877685547,0.0,0,0
6651,4.154918670654297,0.0,0,0
6652,4.1313886642456055,0.0,0,0
6653,4.239161968231201,0.0,1,1
6654,4.240443706512451,0.0,0,0
6655,3.8997106552124023,0.0,0,0
6656,3.8378870487213135,0.0,1,1
6657,4.137540340423584,0.0,1,1
6658,4.033140659332275,0.0,0,0
6659,3.56501841545105,0.0,1,1
6660,3.808043956756592,0.0,0,0
6661,3.7007315158843994,0.0,0,0
6662,4.022957801818848,0.0,0,0
6663,4.102315902709961,0.0,0,0
6664,4.114689350128174,0.0,1,1
6665,3.7525854110717773,0.0,0,0
6666,4.058946132659912,0.0,0,0
6667,4.067050933837891,0.0,0,0
6668,4.106512069702148,0.0,0,0
6669,4.207822322845459,0.0,1,1
6670,3.9262945652008057,0.0,0,0
6671,4.189759254455566,0.0,0,0
6672,4.195985317230225,0.0,1,1
6673,4.274375915527344,0.0,0,0
6674,4.434087753295898,0.0,1,1
6675,3.930781364440918,0.0,0,0
6676,4.101073265075684,0.0,1,1
6677,4.389488697052002,0.0,0,0
6678,4.201901912689209,0.0,0,0
6679,4.370077610015869,0.0,0,0
6680,4.479986190795898,0.0,1,1
6681,4.502365589141846,0.0,1,1
6682,4.5497660636901855,0.0,0,0
6683,3.651279926300049,0.0,0,0
6684,3.2900710105895996,0.0,0,0
6685,3.4014739990234375,0.0,0,0
6686,3.218935489654541,0.0,0,0
6687,3.989499807357788,0.0,0,0
6688,4.35029411315918,0.0,0,0
6689,4.283291816711426,0.0,1,1
6690,4.321112632751465,0.0,0,0
6691,4.32902193069458,0.0,1,1
6692,4.447399616241455,0.0,0,0
6693,3.8964507579803467,0.0,0,0
6694,3.820035457611084,0.0,1,1
6695,3.7740957736968994,0.0,0,0
6696,3.724168539047241,0.0,1,1
6697,3.7212846279144287,0.0,1,1
6698,4.504245281219482,0.0,1,1
6699,4.881339073181152,0.0,1,1
6700,4.52930212020874,0.0,1,1
6701,4.612462520599365,0.0,1,1
6702,4.246008396148682,0.0,1,1
6703,4.022933483123779,0.0,0,0
6704,3.6728036403656006,0.0,1,1
6705,4.30231237411499,0.0,1,1
6706,4.139385223388672,0.0,1,1
6707,3.8359618186950684,0.0,0,0
6708,4.619730472564697,0.0,1,1
6709,4.932090759277344,0.0,1,1
6710,3.898540735244751,0.0,1,1
6711,3.7084736824035645,0.0,1,1
6712,3.9490015506744385,0.0,1,1
6713,4.178891181945801,0.0,0,0
6714,3.8609139919281006,0.0,0,0
6715,4.444921016693115,0.0,1,1
6716,4.329638957977295,0.0,1,1
6717,4.027472019195557,0.0,1,1
6718,3.7330942153930664,0.0,0,0
6719,4.250149726867676,0.0,1,1
6720,4.423502445220947,0.0,0,0
6721,3.4668450355529785,0.0,1,1
6722,3.6974329948425293,0.0,1,1
6723,3.9880096912384033,0.0,0,0
6724,3.9623024463653564,0.0,1,1
6725,4.008520603179932,0.0,1,1
6726,3.6671926975250244,0.0,0,0
6727,3.156458616256714,0.0,0,0
6728,4.232887268066406,0.0,1,1
6729,3.8868110179901123,0.0,1,1
6730,3.814467668533325,0.0,0,0
6731,3.8840672969818115,0.0,1,1
6732,3.8281667232513428,0.0,0,0
6733,3.2568674087524414,0.0,1,1
6734,3.5481762886047363,0.0,0,0
6735,3.4757657051086426,0.0,0,0
6736,3.76658296585083,0.0,1,1
6737,3.969254732131958,0.0,0,0
6738,3.786400318145752,0.0,0,0
6739,3.4585068225860596,0.0,1,1
6740,3.954385757446289,0.0,0,0
6741,3.6895484924316406,0.0,0,0
6742,4.249233245849609,0.0,0,0
6743,3.9726524353027344,0.0,1,1
6744,3.8558764457702637,0.0,0,0
6745,4.266915798187256,0.0,0,0
6746,4.03596305847168,0.0,0,0
6747,3.927659511566162,0.0,1,1
6748,4.067572593688965,0.0,0,0
6749,3.7569644451141357,0.0,1,1
6750,3.8843207359313965,0.0,1,1
6751,3.7885215282440186,0.0,1,1
6752,4.370462894439697,0.0,1,1
6753,3.787550926208496,0.0,0,0
6754,3.594684600830078,0.0,0,0
6755,3.560182809829712,0.0,0,0
6756,3.791304588317871,0.0,1,1
6757,4.45492696762085,0.0,1,1
6758,4.052806854248047,0.0,1,1
6759,2.871084213256836,0.0,0,0
6760,2.4280712604522705,0.0,0,0
6761,2.6055307388305664,0.0,1,1
6762,2.5602784156799316,0.0,1,1
6763,3.4204018115997314,0.0,1,1
6764,2.954129695892334,0.0,0,0
6765,3.0443224906921387,0.0,1,1
6766,3.1212754249572754,0.0,1,1
6767,4.365251541137695,0.0,1,1
6768,3.930961847305298,0.0,0,0
6769,2.994645118713379,0.0,0,0
6770,4.575214385986328,0.0,1,1
6771,4.708951950073242,0.0,1,1
6772,3.952836513519287,0.0,1,1
6773,3.1207826137542725,0.0,0,0
6774,3.1363985538482666,0.0,1,1
6775,3.585906744003296,0.0,1,1
6776,3.130767583847046,0.0,0,0
6777,3.115257740020752,0.0,0,0
6778,3.4857447147369385,0.0,0,0
6779,3.572561502456665,0.0,1,1
6780,3.102931022644043,0.0,1,1
6781,3.4411375522613525,0.0,0,0
6782,3.2779109477996826,0.0,1,1
6783,3.646538019180298,0.0,1,1
6784,3.6021392345428467,0.0,1,1
6785,4.05417537689209,0.0,1,1
6786,3.528463840484619,0.0,1,1
6787,3.6122426986694336,0.0,0,0
6788,3.3087704181671143,0.0,0,0
6789,3.8584671020507812,0.0,1,1
6790,3.956737756729126,0.0,1,1
6791,3.5933921337127686,0.0,0,0
6792,3.9491684436798096,0.0,1,1
6793,4.075186252593994,0.0,1,1
6794,2.9936604499816895,0.0,0,0
6795,2.9370534420013428,0.0,1,1
6796,4.110043048858643,0.0,0,0
6797,3.685206890106201,0.0,0,0
6798,3.416435480117798,0.0,1,1
6799,3.8929760456085205,0.0,0,0
6800,4.0914154052734375,0.0,1,1
6801,2.095438241958618,0.0,1,1
6802,3.065004587173462,0.0,1,1
6803,3.134211540222168,0.0,1,1
6804,3.847360372543335,0.0,1,1
6805,3.5009474754333496,0.0,1,1
6806,3.6468162536621094,0.0,1,1
6807,4.095293045043945,0.0,1,1
6808,3.2029552459716797,0.0,0,0
6809,3.598890781402588,0.0,1,1
6810,3.2865679264068604,0.0,0,0
6811,3.4891350269317627,0.0,0,0
6812,4.023967266082764,0.0,0,0
6813,3.1596145629882812,0.0,1,1
6814,3.660076379776001,0.0,0,0
6815,3.4564504623413086,0.0,1,1
6816,3.525639533996582,0.0,1,1
6817,3.5544817447662354,0.0,1,1
6818,3.5602428913116455,0.0,1,1
6819,3.945481061935425,0.0,1,1
6820,3.4340524673461914,0.0,0,0
6821,3.4485907554626465,0.0,1,1
6822,3.749624252319336,0.0,0,0
6823,3.6869161128997803,0.0,1,1
6824,3.8905630111694336,0.0,1,1
6825,3.5387139320373535,0.0,0,0
6826,4.0606184005737305,0.0,1,1
6827,3.4297220706939697,0.0,1,1
6828,3.7304069995880127,0.0,1,1
6829,3.2376339435577393,0.0,1,1
6830,3.2479255199432373,0.0,1,1
6831,3.4011270999908447,0.0,1,1
6832,3.5614068508148193,0.0,1,1
6833,3.536853790283203,0.0,1,1
6834,3.0559868812561035,0.0,1,1
6835,3.152372360229492,0.0,0,0
6836,3.3966739177703857,0.0,0,0
6837,4.254683494567871,0.0,1,1
6838,4.262121200561523,0.0,0,0
6839,3.873011827468872,0.0,1,1
6840,3.8014626502990723,0.0,0,0
6841,3.9021031856536865,0.0,0,0
6842,4.012920379638672,0.0,1,1
6843,3.5611348152160645,0.0,1,1
6844,4.182773113250732,0.0,1,1
6845,3.566554069519043,0.0,0,0
6846,3.734534978866577,0.0,0,0
6847,3.8400964736938477,0.0,1,1
6848,3.823272228240967,0.0,1,1
6849,3.0813028812408447,0.0,0,0
6850,3.276444435119629,0.0,0,0
6851,3.4891703128814697,0.0,0,0
6852,4.2279205322265625,0.0,1,1
6853,3.812983751296997,0.0,0,0
6854,3.5814931392669678,0.0,1,1
6855,3.3626201152801514,0.0,0,0
6856,3.1604983806610107,0.0,0,0
6857,3.9629416465759277,0.0,0,0
6858,4.141769886016846,0.0,0,0
6859,3.949617385864258,0.0,1,1
6860,3.4808719158172607,0.0,1,1
6861,3.5959253311157227,0.0,0,0
6862,3.2684266567230225,0.0,1,1
6863,3.138982057571411,0.0,0,0
6864,3.8141539096832275,0.0,0,0
6865,3.249347686767578,0.0,0,0
6866,3.6727535724639893,0.0,0,0
6867,3.6281487941741943,0.0,0,0
6868,3.089887857437134,0.0,0,0
6869,2.547008514404297,0.0,1,1
6870,3.5717601776123047,0.0,1,1
6871,3.1432931423187256,0.0,0,0
6872,2.906883478164673,0.0,0,0
6873,3.7153031826019287,0.0,0,0
6874,2.9805829524993896,0.0,0,0
6875,3.6718530654907227,0.0,0,0
6876,4.02399206161499,0.0,0,0
6877,3.6978626251220703,0.0,1,1
6878,3.4775564670562744,0.0,0,0
6879,4.54221248626709,0.0,1,1
6880,3.8008992671966553,0.0,1,1
6881,3.774855375289917,0.0,0,0
6882,3.3038039207458496,0.0,0,0
6883,3.521027088165283,0.0,1,1
6884,3.7277438640594482,0.0,1,1
6885,3.8297274112701416,0.0,0,0
6886,3.3071372509002686,0.0,1,1
6887,3.5021469593048096,0.0,0,0
6888,3.8392722606658936,0.0,0,0
6889,4.06279993057251,0.0,0,0
6890,3.864037036895752,0.0,1,1
6891,4.399486064910889,0.0,1,1
6892,4.294891834259033,0.0,1,1
6893,3.4238648414611816,0.0,0,0
6894,3.6194522380828857,0.0,1,1
6895,3.769580841064453,0.0,1,1
6896,4.024031639099121,0.0,0,0
6897,3.3575966358184814,0.0,0,0
6898,4.170870780944824,0.0,0,0
6899,3.597721576690674,0.0,1,1
6900,3.866791009902954,0.0,1,1
6901,3.47794508934021,0.0,1,1
6902,3.2940802574157715,0.0,1,1
6903,3.642263174057007,0.0,0,0
6904,3.6928791999816895,0.0,0,0
6905,4.132596015930176,0.0,1,1
6906,4.1387834548950195,0.0,0,0
6907,3.9032490253448486,0.0,1,1
6908,4.020552635192871,0.0,1,1
6909,4.1305341720581055,0.0,0,0
6910,3.8902428150177,0.0,1,1
6911,3.6596059799194336,0.0,0,0
6912,3.1479647159576416,0.0,1,1
6913,3.6180384159088135,0.0,1,1
6914,3.7923054695129395,0.0,0,0
6915,3.6523444652557373,0.0,1,1
6916,4.074917793273926,0.0,0,0
6917,4.20971155166626,0.0,0,0
6918,3.6382834911346436,0.0,0,0
6919,4.172269344329834,0.0,1,1
6920,4.324217796325684,0.0,1,1
6921,4.6079583168029785,0.0,0,0
6922,3.0583293437957764,0.0,0,0
6923,3.89473032951355,0.0,1,1
6924,3.9192535877227783,0.0,1,1
6925,4.016643047332764,0.0,1,1
6926,3.4670212268829346,0.0,0,0
6927,3.794722557067871,0.0,1,1
6928,3.9003868103027344,0.0,1,1
6929,3.975412368774414,0.0,0,0
6930,4.051892280578613,0.0,1,1
6931,3.7122840881347656,0.0,1,1
6932,3.8797190189361572,0.0,0,0
6933,4.062750816345215,0.0,0,0
6934,4.034818172454834,0.0,0,0
6935,4.684328556060791,0.0,1,1
6936,4.623392105102539,0.0,0,0
6937,4.579713344573975,0.0,0,0
6938,4.6410088539123535,0.0,0,0
6939,4.631128787994385,0.0,0,0
6940,4.278929233551025,0.0,0,0
6941,4.504180908203125,0.0,0,0
6942,4.383253574371338,0.0,1,1
6943,4.408888339996338,0.0,1,1
6944,4.441989421844482,0.0,0,0
6945,4.77766227722168,0.0,1,1
6946,4.6865692138671875,0.0,0,0
6947,4.039560317993164,0.0,0,0
6948,4.042267799377441,0.0,0,0
6949,4.473470211029053,0.0,1,1
6950,5.082655429840088,0.0,0,0
6951,4.093994617462158,0.0,0,0
6952,4.017871856689453,0.0,1,1
6953,4.261200904846191,0.0,1,1
6954,4.225864410400391,0.0,0,0
6955,4.5799946784973145,0.0,0,0
6956,3.563311815261841,0.0,0,0
6957,3.0150458812713623,0.0,0,0
6958,2.9866156578063965,0.0,1,1
6959,3.5578134059906006,0.0,1,1
6960,3.765752077102661,0.0,0,0
6961,2.3052682876586914,0.0,0,0
6962,2.507614850997925,0.0,1,1
6963,2.69569730758667,0.0,1,1
6964,2.7562882900238037,0.0,0,0
6965,3.3075246810913086,0.0,0,0
6966,2.893533945083618,0.0,0,0
6967,2.6196768283843994,0.0,0,0
6968,3.6881773471832275,0.0,0,0
6969,4.03011417388916,0.0,1,1
6970,2.6559479236602783,0.0,0,0
6971,3.0941874980926514,0.0,1,1
6972,3.7798168659210205,0.0,0,0
6973,3.874466896057129,0.0,1,1
6974,3.959340810775757,0.0,1,1
6975,3.6796505451202393,0.0,0,0
6976,3.2570478916168213,0.0,0,0
6977,3.626267910003662,0.0,1,1
6978,3.4397289752960205,0.0,1,1
6979,3.831696033477783,0.0,1,1
6980,3.822657346725464,0.0,0,0
6981,4.153248310089111,0.0,0,0
6982,3.776465654373169,0.0,0,0
6983,4.176491737365723,0.0,1,1
6984,3.975691556930542,0.0,0,0
6985,4.494606971740723,0.0,0,0
6986,3.7499167919158936,0.0,1,1
6987,4.476213455200195,0.0,1,1
6988,3.8338961601257324,0.0,1,1
6989,3.73500919342041,0.0,1,1
6990,3.9724879264831543,0.0,1,1
6991,3.8298375606536865,0.0,0,0
6992,3.8097221851348877,0.0,1,1
6993,3.8249688148498535,0.0,0,0
6994,3.6955041885375977,0.0,1,1
6995,3.569857120513916,0.0,0,0
6996,4.3054304122924805,0.0,1,1
6997,3.8792808055877686,0.0,0,0
6998,4.533313274383545,0.0,1,1
6999,4.230552673339844,0.0,1,1
7000,4.404772758483887,0.0,1,1
7001,3.6429712772369385,0.0,1,1
7002,3.960049629211426,0.0,0,0
7003,4.418031692504883,0.0,0,0
7004,4.2371039390563965,0.0,1,1
7005,3.79191517829895,0.0,0,0
7006,4.089888572692871,0.0,0,0
7007,4.154635906219482,0.0,0,0
7008,4.466163158416748,0.0,0,0
7009,4.302757740020752,0.0,1,1
7010,4.681319713592529,0.0,0,0
7011,4.499148368835449,0.0,1,1
7012,3.9936413764953613,0.0,1,1
7013,4.240338325500488,0.0,0,0
7014,4.28678035736084,0.0,1,1
7015,4.255828380584717,0.0,0,0
7016,3.5242507457733154,0.0,0,0
7017,3.8543620109558105,0.0,1,1
7018,3.5787336826324463,0.0,0,0
7019,4.130043983459473,0.0,1,1
7020,3.281770944595337,0.0,1,1
7021,4.205724239349365,0.0,0,0
7022,3.636273145675659,0.0,1,1
7023,4.593928337097168,0.0,1,1
7024,3.4502692222595215,0.0,0,0
7025,4.347339630126953,0.0,1,1
7026,3.121445417404175,0.0,0,0
7027,3.963214159011841,0.0,1,1
7028,3.5973191261291504,0.0,1,1
7029,4.835204601287842,0.0,0,0
7030,4.201609134674072,0.0,1,1
7031,4.163048267364502,0.0,1,1
7032,4.101487636566162,0.0,1,1
7033,3.714982748031616,0.0,0,0
7034,3.1959047317504883,0.0,0,0
7035,2.9930732250213623,0.0,1,1
7036,3.60567569732666,0.0,1,1
7037,2.9885575771331787,0.0,0,0
7038,3.4156765937805176,0.0,0,0
7039,4.439934253692627,0.0,1,1
7040,4.296079635620117,0.0,0,0
7041,3.4820661544799805,0.0,1,1
7042,4.171248435974121,0.0,0,0
7043,3.9229936599731445,0.0,1,1
7044,3.881765127182007,0.0,0,0
7045,3.470691204071045,0.0,1,1
7046,3.4672818183898926,0.0,1,1
7047,3.609914779663086,0.0,0,0
7048,3.784022092819214,0.0,0,0
7049,4.7001051902771,0.0,0,0
7050,4.922596454620361,0.0,1,1
7051,3.8685407638549805,0.0,0,0
7052,4.008440017700195,0.0,0,0
7053,3.2728586196899414,0.0,0,0
7054,3.7725088596343994,0.0,0,0
7055,3.1352016925811768,0.0,0,0
7056,3.076094627380371,0.0,1,1
7057,2.805539131164551,0.0,0,0
7058,2.7877488136291504,0.0,0,0
7059,3.492990255355835,0.0,1,1
7060,3.79934024810791,0.0,1,1
7061,3.9082205295562744,0.0,0,0
7062,4.094406604766846,0.0,0,0
7063,3.342473268508911,0.0,0,0
7064,3.9149606227874756,0.0,0,0
7065,4.194149494171143,0.0,1,1
7066,3.6841347217559814,0.0,0,0
7067,3.0208375453948975,0.0,0,0
7068,4.094664096832275,0.0,0,0
7069,4.613443374633789,0.0,1,1
7070,4.328033447265625,0.0,1,1
7071,3.4314215183258057,0.0,1,1
7072,3.6242127418518066,0.0,1,1
7073,3.509709119796753,0.0,0,0
7074,4.140405654907227,0.0,1,1
7075,4.136656284332275,0.0,0,0
7076,4.208554267883301,0.0,0,0
7077,3.826019763946533,0.0,0,0
7078,3.959392786026001,0.0,0,0
7079,3.7744197845458984,0.0,0,0
7080,3.956432342529297,0.0,0,0
7081,4.107426643371582,0.0,0,0
7082,4.220578670501709,0.0,1,1
7083,4.109400272369385,0.0,0,0
7084,4.327168941497803,0.0,1,1
7085,4.157557010650635,0.0,0,0
7086,3.7933108806610107,0.0,0,0
7087,3.7888002395629883,0.0,0,0
7088,4.155171871185303,0.0,1,1
7089,3.4886460304260254,0.0,0,0
7090,4.0858001708984375,0.0,1,1
7091,3.5983479022979736,0.0,1,1
7092,3.7228593826293945,0.0,0,0
7093,3.893592596054077,0.0,1,1
7094,3.6683223247528076,0.0,1,1
7095,2.8866751194000244,0.0,0,0
7096,4.28315544128418,0.0,0,0
7097,3.601572036743164,0.0,1,1
7098,4.338302135467529,0.0,0,0
7099,3.9562320709228516,0.0,1,1
7100,4.045966625213623,0.0,1,1
7101,3.963534355163574,0.0,0,0
7102,3.9572060108184814,0.0,0,0
7103,4.25717306137085,0.0,0,0
7104,4.1114115715026855,0.0,1,1
7105,4.118551731109619,0.0,0,0
7106,3.9878878593444824,0.0,0,0
7107,3.4130423069000244,0.0,0,0
7108,3.217594861984253,0.0,0,0
7109,2.7139904499053955,0.0,0,0
7110,4.196640491485596,0.0,1,1
7111,4.287806510925293,0.0,0,0
7112,3.8341257572174072,0.0,0,0
7113,3.2125940322875977,0.0,1,1
7114,3.9178411960601807,0.0,1,1
7115,3.565110683441162,0.0,0,0
7116,3.4876816272735596,0.0,0,0
7117,3.5787928104400635,0.0,0,0
7118,4.2753682136535645,0.0,0,0
7119,3.702970504760742,0.0,0,0
7120,3.231943368911743,0.0,0,0
7121,3.516847610473633,0.0,1,1
7122,3.1109492778778076,0.0,0,0
7123,2.7629313468933105,0.0,1,1
7124,3.278745412826538,0.0,0,0
7125,3.5719616413116455,0.0,1,1
7126,3.635127067565918,0.0,1,1
7127,3.6399500370025635,0.0,0,0
7128,3.936859607696533,0.0,0,0
7129,3.256009578704834,0.0,1,1
7130,3.5449061393737793,0.0,0,0
7131,3.6943938732147217,0.0,0,0
7132,3.4841880798339844,0.0,1,1
7133,3.371032476425171,0.0,0,0
7134,2.992457866668701,0.0,1,1
7135,3.404148578643799,0.0,0,0
7136,3.019693374633789,0.0,1,1
7137,3.2028472423553467,0.0,1,1
7138,3.2435176372528076,0.0,0,0
7139,3.5898728370666504,0.0,1,1
7140,3.449873447418213,0.0,0,0
7141,3.5328338146209717,0.0,0,0
7142,3.59059739112854,0.0,1,1
7143,3.6298563480377197,0.0,0,0
7144,3.4382402896881104,0.0,0,0
7145,3.669341802597046,0.0,0,0
7146,3.5604279041290283,0.0,0,0
7147,2.8977456092834473,0.0,1,1
7148,2.7975339889526367,0.0,1,1
7149,3.5721027851104736,0.0,0,0
7150,3.511852264404297,0.0,0,0
7151,4.324737548828125,0.0,1,1
7152,4.044920921325684,0.0,0,0
7153,3.4272706508636475,0.0,0,0
7154,3.6218819618225098,0.0,0,0
7155,3.0187342166900635,0.0,1,1
7156,3.4556519985198975,0.0,0,0
7157,3.7863874435424805,0.0,1,1
7158,4.554715633392334,0.0,0,0
7159,5.044431686401367,0.0,0,0
7160,5.095255374908447,0.0,0,0
7161,4.295361518859863,0.0,0,0
7162,3.887187957763672,0.0,1,1
7163,4.212291717529297,0.0,1,1
7164,4.963588237762451,0.0,1,1
7165,3.5118682384490967,0.0,0,0
7166,4.187716007232666,0.0,1,1
7167,3.9183380603790283,0.0,1,1
7168,3.810000419616699,0.0,0,0
7169,3.780949115753174,0.0,1,1
7170,3.9417903423309326,0.0,0,0
7171,4.007137775421143,0.0,0,0
7172,3.839378595352173,0.0,1,1
7173,4.5884318351745605,0.0,1,1
7174,4.570632457733154,0.0,1,1
7175,4.471823215484619,0.0,1,1
7176,4.102542400360107,0.0,1,1
7177,3.7864389419555664,0.0,0,0
7178,3.952155590057373,0.0,1,1
7179,4.089723587036133,0.0,1,1
7180,4.316257953643799,0.0,0,0
7181,3.9132275581359863,0.0,0,0
7182,4.149158477783203,0.0,0,0
7183,4.204378604888916,0.0,1,1
7184,4.430874824523926,0.0,0,0
7185,4.737331390380859,0.0,1,1
7186,5.1448283195495605,0.0,1,1
7187,4.745639324188232,0.0,1,1
7188,4.3769989013671875,0.0,0,0
7189,4.582421779632568,0.0,0,0
7190,3.797173261642456,0.0,0,0
7191,3.876755952835083,0.0,0,0
7192,3.0727624893188477,0.0,0,0
7193,2.9505956172943115,0.0,1,1
7194,2.6061465740203857,0.0,1,1
7195,3.1160645484924316,0.0,0,0
7196,2.950176954269409,0.0,0,0
7197,3.6122467517852783,0.0,0,0
7198,3.488929271697998,0.0,1,1
7199,4.19392204284668,0.0,0,0
7200,3.7547144889831543,0.0,1,1
7201,3.866851329803467,0.0,1,1
7202,3.9788410663604736,0.0,0,0
7203,2.9885027408599854,0.0,1,1
7204,2.002206325531006,0.0,1,1
7205,2.3781425952911377,0.0,0,0
7206,3.547999620437622,0.0,1,1
7207,4.049963474273682,0.0,0,0
7208,3.5914406776428223,0.0,1,1
7209,3.0460541248321533,0.0,1,1
7210,3.4473469257354736,0.0,0,0
7211,3.6221137046813965,0.0,1,1
7212,3.6037302017211914,0.0,1,1
7213,3.6945202350616455,0.0,0,0
7214,3.341775894165039,0.0,0,0
7215,3.71720290184021,0.0,0,0
7216,3.907569646835327,0.0,1,1
7217,4.345108509063721,0.0,1,1
7218,3.7404842376708984,0.0,1,1
7219,4.43402624130249,0.0,1,1
7220,4.100012302398682,0.0,1,1
7221,4.150333881378174,0.0,1,1
7222,4.290156364440918,0.0,1,1
7223,3.7663371562957764,0.0,1,1
7224,4.348275184631348,0.0,1,1
7225,4.187621593475342,0.0,0,0
7226,4.255969047546387,0.0,1,1
7227,3.9403836727142334,0.0,0,0
7228,4.019295692443848,0.0,1,1
7229,3.845637559890747,0.0,1,1
7230,4.153504848480225,0.0,1,1
7231,4.347732067108154,0.0,0,0
7232,3.8971023559570312,0.0,1,1
7233,3.8438539505004883,0.0,1,1
7234,4.235400676727295,0.0,0,0
7235,4.493278503417969,0.0,1,1
7236,4.111320972442627,0.0,0,0
7237,4.29328727722168,0.0,1,1
7238,4.435850143432617,0.0,0,0
7239,3.5886306762695312,0.0,1,1
7240,4.496403217315674,0.0,0,0
7241,3.7142820358276367,0.0,0,0
7242,4.207243919372559,0.0,1,1
7243,4.264742851257324,0.0,0,0
7244,4.814718246459961,0.0,1,1
7245,4.351262092590332,0.0,0,0
7246,3.818730115890503,0.0,0,0
7247,4.292825698852539,0.0,1,1
7248,4.679337978363037,0.0,1,1
7249,4.0615105628967285,0.0,0,0
7250,3.8676140308380127,0.0,1,1
7251,3.5814545154571533,0.0,0,0
7252,4.598333358764648,0.0,1,1
7253,4.178684711456299,0.0,0,0
7254,4.043015480041504,0.0,1,1
7255,4.01451301574707,0.0,0,0
7256,4.006872177124023,0.0,1,1
7257,3.8312416076660156,0.0,1,1
7258,3.4612538814544678,0.0,1,1
7259,3.468263626098633,0.0,0,0
7260,3.8949270248413086,0.0,1,1
7261,3.0429601669311523,0.0,1,1
7262,3.4137794971466064,0.0,1,1
7263,3.6120405197143555,0.0,0,0
7264,2.3614206314086914,0.0,1,1
7265,3.506939172744751,0.0,1,1
7266,3.911098003387451,0.0,1,1
7267,3.5301709175109863,0.0,0,0
7268,3.6725587844848633,0.0,1,1
7269,4.090613842010498,0.0,1,1
7270,3.3586227893829346,0.0,0,0
7271,3.3037004470825195,0.0,1,1
7272,4.1168532371521,0.0,0,0
7273,4.082184314727783,0.0,1,1
7274,4.543907165527344,0.0,1,1
7275,3.6136868000030518,0.0,0,0
7276,3.8300421237945557,0.0,1,1
7277,3.2732889652252197,0.0,0,0
7278,2.8406546115875244,0.0,1,1
7279,3.742180109024048,0.0,0,0
7280,3.466301918029785,0.0,0,0
7281,4.093751907348633,0.0,0,0
7282,4.1574883460998535,0.0,0,0
7283,3.861119270324707,0.0,0,0
7284,4.250206470489502,0.0,0,0
7285,4.061861038208008,0.0,1,1
7286,3.8698794841766357,0.0,1,1
7287,3.862881898880005,0.0,0,0
7288,3.665855646133423,0.0,1,1
7289,3.957925319671631,0.0,1,1
7290,3.933034896850586,0.0,0,0
7291,3.559461832046509,0.0,0,0
7292,3.7619919776916504,0.0,1,1
7293,3.755117893218994,0.0,1,1
7294,3.774397850036621,0.0,0,0
7295,3.2269396781921387,0.0,0,0
7296,3.44063138961792,0.0,1,1
7297,3.7188220024108887,0.0,0,0
7298,3.742729902267456,0.0,0,0
7299,3.467446804046631,0.0,1,1
7300,3.3891360759735107,0.0,0,0
7301,3.5018272399902344,0.0,0,0
7302,3.467186689376831,0.0,1,1
7303,3.530726432800293,0.0,1,1
7304,3.513232469558716,0.0,1,1
7305,3.3553547859191895,0.0,1,1
7306,3.551304578781128,0.0,0,0
7307,3.780365228652954,0.0,1,1
7308,3.537123203277588,0.0,0,0
7309,4.132613658905029,0.0,1,1
7310,3.685570478439331,0.0,1,1
7311,4.415334701538086,0.0,1,1
7312,4.358432769775391,0.0,0,0
7313,4.476778507232666,0.0,1,1
7314,4.134521484375,0.0,1,1
7315,3.842048406600952,0.0,0,0
7316,3.6255319118499756,0.0,1,1
7317,4.005270957946777,0.0,0,0
7318,3.8215301036834717,0.0,1,1
7319,3.977849245071411,0.0,0,0
7320,3.9044346809387207,0.0,1,1
7321,4.229660511016846,0.0,1,1
7322,3.7756381034851074,0.0,1,1
7323,4.37847375869751,0.0,1,1
7324,3.9506819248199463,0.0,1,1
7325,4.253817558288574,0.0,1,1
7326,4.124216079711914,0.0,0,0
7327,3.939739227294922,0.0,1,1
7328,4.41334342956543,0.0,1,1
7329,4.237064361572266,0.0,0,0
7330,4.285964488983154,0.0,0,0
7331,4.184743404388428,0.0,1,1
7332,3.749955892562866,0.0,1,1
7333,4.114560127258301,0.0,1,1
7334,3.7893247604370117,0.0,0,0
7335,3.687364339828491,0.0,1,1
7336,3.940303087234497,0.0,0,0
7337,3.862344741821289,0.0,1,1
7338,3.280230760574341,0.0,0,0
7339,2.9024837017059326,0.0,1,1
7340,2.7968783378601074,0.0,1,1
7341,3.1143949031829834,0.0,0,0
7342,3.366274118423462,0.0,0,0
7343,3.7404022216796875,0.0,0,0
7344,4.313554286956787,0.0,1,1
7345,4.514875888824463,0.0,0,0
7346,4.5358405113220215,0.0,1,1
7347,4.306404113769531,0.0,0,0
7348,3.5929243564605713,0.0,1,1
7349,4.871039390563965,0.0,1,1
7350,4.2320942878723145,0.0,1,1
7351,4.644150733947754,0.0,1,1
7352,4.023159027099609,0.0,0,0
7353,4.910037994384766,0.0,0,0
7354,3.6480181217193604,0.0,1,1
7355,4.180132865905762,0.0,1,1
7356,4.352222919464111,0.0,1,1
7357,4.45400857925415,0.0,1,1
7358,4.03045129776001,0.0,0,0
7359,4.059243679046631,0.0,1,1
7360,4.364735126495361,0.0,0,0
7361,4.339602947235107,0.0,1,1
7362,4.272922039031982,0.0,1,1
7363,4.102198123931885,0.0,1,1
7364,4.387338638305664,0.0,1,1
7365,4.449859142303467,0.0,1,1
7366,4.308482646942139,0.0,1,1
7367,4.270725727081299,0.0,1,1
7368,4.386300086975098,0.0,1,1
7369,4.40346622467041,0.0,1,1
7370,4.170897006988525,0.0,1,1
7371,4.0951714515686035,0.0,0,0
7372,4.323507785797119,0.0,0,0
7373,4.077398777008057,0.0,0,0
7374,4.158583164215088,0.0,1,1
7375,4.160665988922119,0.0,0,0
7376,4.019201278686523,0.0,1,1
7377,3.7474827766418457,0.0,1,1
7378,4.068573951721191,0.0,1,1
7379,4.162893772125244,0.0,1,1
7380,2.8441243171691895,0.0,0,0
7381,2.631235122680664,0.0,0,0
7382,2.4178335666656494,0.0,1,1
7383,3.0490779876708984,0.0,1,1
7384,3.0223588943481445,0.0,1,1
7385,3.1538965702056885,0.0,0,0
7386,3.317856550216675,0.0,0,0
7387,2.866842269897461,0.0,0,0
7388,3.6097421646118164,0.0,1,1
7389,3.9537675380706787,0.0,1,1
7390,3.2818856239318848,0.0,0,0
7391,3.557029962539673,0.0,1,1
7392,3.4427602291107178,0.0,0,0
7393,3.177966833114624,0.0,1,1
7394,3.689882516860962,0.0,1,1
7395,3.1237051486968994,0.0,0,0
7396,3.2760696411132812,0.0,1,1
7397,3.324833631515503,0.0,1,1
7398,3.4567506313323975,0.0,0,0
7399,3.4047505855560303,0.0,1,1
7400,3.951486825942993,0.0,1,1
7401,3.713466167449951,0.0,1,1
7402,3.5002682209014893,0.0,0,0
7403,3.1861228942871094,0.0,0,0
7404,2.76674747467041,0.0,1,1
7405,3.614330291748047,0.0,0,0
7406,3.8440213203430176,0.0,1,1
7407,3.524601697921753,0.0,1,1
7408,3.2623279094696045,0.0,0,0
7409,3.798389196395874,0.0,1,1
7410,3.6249828338623047,0.0,0,0
7411,3.9362576007843018,0.0,1,1
7412,3.648188829421997,0.0,0,0
7413,3.574721097946167,0.0,0,0
7414,2.190976619720459,0.0,1,1
7415,2.0120956897735596,0.0,1,1
7416,3.465489625930786,0.0,0,0
7417,3.305994749069214,0.0,0,0
7418,3.249547004699707,0.0,0,0
7419,3.8211252689361572,0.0,0,0
7420,3.4933810234069824,0.0,0,0
7421,4.426477909088135,0.0,0,0
7422,4.533694744110107,0.0,0,0
7423,3.7860238552093506,0.0,0,0
7424,3.7025299072265625,0.0,1,1
7425,4.047713279724121,0.0,0,0
7426,3.7573935985565186,0.0,0,0
7427,4.062233924865723,0.0,1,1
7428,4.548303604125977,0.0,0,0
7429,4.396944522857666,0.0,0,0
7430,4.2144775390625,0.0,0,0
7431,4.204616546630859,0.0,1,1
7432,3.7463302612304688,0.0,0,0
7433,4.243374824523926,0.0,1,1
7434,5.121405124664307,0.0,0,0
7435,5.089006423950195,0.0,0,0
7436,2.9472804069519043,0.0,0,0
7437,3.485095500946045,0.0,0,0
7438,3.9634814262390137,0.0,1,1
7439,3.891645669937134,0.0,1,1
7440,3.380341053009033,0.0,0,0
7441,3.6808009147644043,0.0,1,1
7442,3.5182032585144043,0.0,0,0
7443,3.415924549102783,0.0,1,1
7444,3.428518772125244,0.0,1,1
7445,3.4638404846191406,0.0,0,0
7446,3.428720235824585,0.0,1,1
7447,3.0552456378936768,0.0,0,0
7448,3.9129068851470947,0.0,0,0
7449,3.475959539413452,0.0,0,0
7450,3.244661331176758,0.0,1,1
7451,4.001667499542236,0.0,1,1
7452,3.81217885017395,0.0,0,0
7453,3.7227671146392822,0.0,0,0
7454,4.344166278839111,0.0,0,0
7455,4.2440900802612305,0.0,1,1
7456,4.01357889175415,0.0,0,0
7457,3.8737621307373047,0.0,0,0
7458,4.046538829803467,0.0,0,0
7459,4.470635890960693,0.0,1,1
7460,4.298450469970703,0.0,0,0
7461,3.6399307250976562,0.0,0,0
7462,2.3847086429595947,0.0,1,1
7463,4.547125816345215,0.0,0,0
7464,3.812631130218506,0.0,0,0
7465,3.6401917934417725,0.0,0,0
7466,3.7995195388793945,0.0,1,1
7467,4.650814056396484,0.0,1,1
7468,1.8090534210205078,0.0,0,0
7469,2.707918405532837,0.0,1,1
7470,3.591245651245117,0.0,1,1
7471,3.269591808319092,0.0,0,0
7472,3.3367183208465576,0.0,0,0
7473,3.998426914215088,0.0,0,0
7474,3.7818171977996826,0.0,0,0
7475,4.2953619956970215,0.0,0,0
7476,4.197680473327637,0.0,1,1
7477,3.790437936782837,0.0,0,0
7478,3.540670156478882,0.0,0,0
7479,3.600614070892334,0.0,0,0
7480,3.761641502380371,0.0,0,0
7481,3.7654001712799072,0.0,0,0
7482,3.4874725341796875,0.0,0,0
7483,3.4759066104888916,0.0,1,1
7484,3.391535520553589,0.0,0,0
7485,3.721785545349121,0.0,0,0
7486,3.3837337493896484,0.0,0,0
7487,4.166972637176514,0.0,0,0
7488,3.803952932357788,0.0,0,0
7489,4.191160678863525,0.0,0,0
7490,3.9739949703216553,0.0,0,0
7491,4.523934364318848,0.0,0,0
7492,3.9519858360290527,0.0,1,1
7493,3.761017084121704,0.0,1,1
7494,3.7448999881744385,0.0,0,0
7495,4.098307132720947,0.0,1,1
7496,4.538663864135742,0.0,1,1
7497,4.298328399658203,0.0,0,0
7498,2.5670557022094727,0.0,0,0
7499,4.016793727874756,0.0,0,0
7500,4.63096284866333,0.0,1,1
7501,3.7850115299224854,0.0,0,0
7502,3.4285738468170166,0.0,1,1
7503,3.685631036758423,0.0,0,0
7504,2.9680874347686768,0.0,1,1
7505,3.563223123550415,0.0,0,0
7506,3.9595651626586914,0.0,0,0
7507,3.354651689529419,0.0,0,0
7508,4.235267639160156,0.0,0,0
7509,4.419566631317139,0.0,0,0
7510,3.8433258533477783,0.0,0,0
7511,3.974428176879883,0.0,0,0
7512,3.884364128112793,0.0,0,0
7513,4.691037178039551,0.0,1,1
7514,4.327298164367676,0.0,1,1
7515,4.135674953460693,0.0,0,0
7516,4.475027084350586,0.0,1,1
7517,3.558330774307251,0.0,0,0
7518,4.267338752746582,0.0,1,1
7519,4.636444091796875,0.0,1,1
7520,4.616425037384033,0.0,1,1
7521,4.054651260375977,0.0,0,0
7522,4.007598876953125,0.0,1,1
7523,4.398318767547607,0.0,0,0
7524,2.7156782150268555,0.0,1,1
7525,3.298902750015259,0.0,0,0
7526,3.526646375656128,0.0,1,1
7527,3.544942617416382,0.0,0,0
7528,3.4319212436676025,0.0,1,1
7529,3.261442184448242,0.0,1,1
7530,3.093458890914917,0.0,0,0
7531,2.3076446056365967,0.0,0,0
7532,2.535156011581421,0.0,0,0
7533,3.7560360431671143,0.0,0,0
7534,3.9716084003448486,0.0,0,0
7535,4.149791240692139,0.0,0,0
7536,3.9300031661987305,0.0,1,1
7537,3.5789058208465576,0.0,1,1
7538,3.415043830871582,0.0,1,1
7539,3.7036640644073486,0.0,1,1
7540,4.267901420593262,0.0,1,1
7541,3.4371085166931152,0.0,1,1
7542,3.996121644973755,0.0,1,1
7543,3.989252805709839,0.0,1,1
7544,3.7714216709136963,0.0,0,0
7545,4.183659553527832,0.0,1,1
7546,3.795564889907837,0.0,0,0
7547,3.8606204986572266,0.0,0,0
7548,3.4751596450805664,0.0,1,1
7549,4.1420698165893555,0.0,0,0
7550,3.935157060623169,0.0,0,0
7551,3.94110107421875,0.0,1,1
7552,4.508465766906738,0.0,0,0
7553,4.215375900268555,0.0,0,0
7554,4.09519100189209,0.0,1,1
7555,3.9299232959747314,0.0,1,1
7556,3.983985662460327,0.0,1,1
7557,4.011999607086182,0.0,0,0
7558,3.5637640953063965,0.0,1,1
7559,3.7332956790924072,0.0,1,1
7560,3.5729122161865234,0.0,1,1
7561,3.5889992713928223,0.0,1,1
7562,3.456108808517456,0.0,0,0
7563,3.876756429672241,0.0,1,1
7564,3.3516030311584473,0.0,1,1
7565,3.7910614013671875,0.0,1,1
7566,3.2353742122650146,0.0,0,0
7567,3.408348321914673,0.0,1,1
7568,3.608044147491455,0.0,0,0
7569,3.3501789569854736,0.0,0,0
7570,3.8993263244628906,0.0,1,1
7571,3.9811325073242188,0.0,1,1
7572,3.614408016204834,0.0,1,1
7573,4.133618354797363,0.0,0,0
7574,4.566579818725586,0.0,1,1
7575,3.7787444591522217,0.0,1,1
7576,3.8780863285064697,0.0,1,1
7577,3.7314109802246094,0.0,0,0
7578,4.035727500915527,0.0,1,1
7579,3.955949068069458,0.0,1,1
7580,3.3721060752868652,0.0,0,0
7581,3.7317698001861572,0.0,0,0
7582,4.2536749839782715,0.0,1,1
7583,3.6806938648223877,0.0,0,0
7584,3.9163706302642822,0.0,1,1
7585,3.9480271339416504,0.0,0,0
7586,4.178330421447754,0.0,1,1
7587,4.221259117126465,0.0,1,1
7588,4.143214225769043,0.0,0,0
7589,2.8063087463378906,0.0,1,1
7590,3.3687267303466797,0.0,0,0
7591,3.7471797466278076,0.0,0,0
7592,3.46867036819458,0.0,1,1
7593,3.2196121215820312,0.0,0,0
7594,3.526942014694214,0.0,1,1
7595,3.861424684524536,0.0,0,0
7596,3.9382975101470947,0.0,1,1
7597,3.325735569000244,0.0,1,1
7598,3.6433918476104736,0.0,1,1
7599,3.8330061435699463,0.0,1,1
7600,3.5408687591552734,0.0,1,1
7601,3.215074300765991,0.0,0,0
7602,3.1464900970458984,0.0,1,1
7603,3.2598061561584473,0.0,1,1
7604,3.116250514984131,0.0,0,0
7605,2.862520933151245,0.0,0,0
7606,2.9107115268707275,0.0,0,0
7607,3.1183409690856934,0.0,0,0
7608,3.299190044403076,0.0,1,1
7609,4.282192707061768,0.0,1,1
7610,3.9302828311920166,0.0,1,1
7611,4.202879905700684,0.0,1,1
7612,3.742008686065674,0.0,0,0
7613,4.009501934051514,0.0,1,1
7614,3.3640544414520264,0.0,1,1
7615,3.6033613681793213,0.0,1,1
7616,3.148712396621704,0.0,1,1
7617,3.2432167530059814,0.0,1,1
7618,3.725893497467041,0.0,1,1
7619,3.927112579345703,0.0,1,1
7620,4.570221424102783,0.0,1,1
7621,4.7906413078308105,0.0,1,1
7622,3.9411182403564453,0.0,0,0
7623,3.83705997467041,0.0,1,1
7624,4.360517978668213,0.0,1,1
7625,3.532864570617676,0.0,0,0
7626,3.353325128555298,0.0,0,0
7627,3.3001677989959717,0.0,1,1
7628,3.247284173965454,0.0,0,0
7629,4.116621017456055,0.0,1,1
7630,4.498082637786865,0.0,1,1
7631,3.7917001247406006,0.0,0,0
7632,4.234392166137695,0.0,1,1
7633,3.7014455795288086,0.0,1,1
7634,4.231493949890137,0.0,0,0
7635,4.473596096038818,0.0,1,1
7636,4.415527820587158,0.0,0,0
7637,4.998605251312256,0.0,1,1
7638,4.73876953125,0.0,0,0
7639,4.175402641296387,0.0,1,1
7640,4.2947564125061035,0.0,0,0
7641,3.871748924255371,0.0,0,0
7642,3.6769089698791504,0.0,0,0
7643,3.848057270050049,0.0,1,1
7644,4.514754295349121,0.0,1,1
7645,4.050872325897217,0.0,0,0
7646,4.148909091949463,0.0,1,1
7647,4.04336404800415,0.0,1,1
7648,4.788599491119385,0.0,0,0
7649,3.402797222137451,0.0,1,1
7650,3.4641716480255127,0.0,1,1
7651,3.882446527481079,0.0,1,1
7652,3.3042681217193604,0.0,0,0
7653,2.963759660720825,0.0,0,0
7654,3.956955671310425,0.0,1,1
7655,3.99967360496521,0.0,0,0
7656,4.484954357147217,0.0,1,1
7657,3.897413492202759,0.0,1,1
7658,3.6364638805389404,0.0,0,0
7659,3.8600831031799316,0.0,1,1
7660,3.5545074939727783,0.0,1,1
7661,3.7934539318084717,0.0,0,0
7662,4.389748573303223,0.0,1,1
7663,3.9274606704711914,0.0,1,1
7664,3.602052927017212,0.0,0,0
7665,3.277651786804199,0.0,0,0
7666,3.8239059448242188,0.0,1,1
7667,3.5278189182281494,0.0,1,1
7668,3.937061309814453,0.0,1,1
7669,3.363976240158081,0.0,1,1
7670,3.815134286880493,0.0,1,1
7671,3.3732290267944336,0.0,0,0
7672,4.451223850250244,0.0,0,0
7673,4.048538684844971,0.0,1,1
7674,4.250646591186523,0.0,1,1
7675,3.747581958770752,0.0,0,0
7676,3.632207155227661,0.0,1,1
7677,4.364170551300049,0.0,1,1
7678,4.408885478973389,0.0,0,0
7679,4.397815227508545,0.0,1,1
7680,4.062880516052246,0.0,1,1
7681,4.959943771362305,0.0,1,1
7682,4.828278541564941,0.0,1,1
7683,3.6490447521209717,0.0,0,0
7684,3.7154829502105713,0.0,0,0
7685,4.074295997619629,0.0,0,0
7686,3.379896640777588,0.0,1,1
7687,4.2666778564453125,0.0,1,1
7688,3.4626893997192383,0.0,0,0
7689,4.597787857055664,0.0,0,0
7690,4.416280269622803,0.0,1,1
7691,4.571234703063965,0.0,1,1
7692,3.845139741897583,0.0,0,0
7693,5.031559467315674,0.0,1,1
7694,4.585481643676758,0.0,0,0
7695,4.126380443572998,0.0,0,0
7696,3.6578245162963867,0.0,1,1
7697,4.45028829574585,0.0,0,0
7698,4.160696983337402,0.0,0,0
7699,3.3853816986083984,0.0,1,1
7700,3.742318868637085,0.0,1,1
7701,4.329737186431885,0.0,1,1
7702,3.78511118888855,0.0,1,1
7703,4.210273265838623,0.0,0,0
7704,4.927248477935791,0.0,1,1
7705,3.977177143096924,0.0,1,1
7706,4.287982940673828,0.0,1,1
7707,4.244509220123291,0.0,1,1
7708,4.244128227233887,0.0,0,0
7709,3.69911527633667,0.0,0,0
7710,3.6785967350006104,0.0,1,1
7711,3.881153106689453,0.0,0,0
7712,4.046305179595947,0.0,0,0
7713,2.9793221950531006,0.0,1,1
7714,4.040602684020996,0.0,0,0
7715,4.084932327270508,0.0,0,0
7716,3.2876052856445312,0.0,0,0
7717,3.454361915588379,0.0,0,0
7718,3.645967721939087,0.0,1,1
7719,4.431980609893799,0.0,1,1
7720,3.6504087448120117,0.0,0,0
7721,4.311067581176758,0.0,1,1
7722,3.468269109725952,0.0,1,1
7723,3.562079429626465,0.0,0,0
7724,3.9000658988952637,0.0,1,1
7725,3.891502857208252,0.0,1,1
7726,3.529954671859741,0.0,1,1
7727,3.8139970302581787,0.0,0,0
7728,3.7591209411621094,0.0,1,1
7729,4.0906081199646,0.0,1,1
7730,4.303928852081299,0.0,0,0
7731,3.7358558177948,0.0,1,1
7732,3.945056438446045,0.0,1,1
7733,4.415101051330566,0.0,0,0
7734,4.106818199157715,0.0,0,0
7735,4.508230686187744,0.0,1,1
7736,3.2563676834106445,0.0,0,0
7737,3.7131619453430176,0.0,0,0
7738,4.302280902862549,0.0,0,0
7739,3.4068331718444824,0.0,1,1
7740,4.143552780151367,0.0,1,1
7741,4.388120651245117,0.0,0,0
7742,4.754374980926514,0.0,1,1
7743,4.568826675415039,0.0,1,1
7744,4.102374076843262,0.0,0,0
7745,4.014177322387695,0.0,1,1
7746,4.099775791168213,0.0,1,1
7747,4.043259620666504,0.0,1,1
7748,3.8807671070098877,0.0,1,1
7749,3.56132173538208,0.0,1,1
7750,3.9891772270202637,0.0,0,0
7751,3.7812039852142334,0.0,0,0
7752,4.08397102355957,0.0,0,0
7753,4.7855305671691895,0.0,0,0
7754,3.883298635482788,0.0,1,1
7755,3.3140978813171387,0.0,0,0
7756,3.987309694290161,0.0,1,1
7757,3.7563769817352295,0.0,1,1
7758,4.168543338775635,0.0,1,1
7759,3.97696590423584,0.0,1,1
7760,3.8857171535491943,0.0,0,0
7761,4.150077819824219,0.0,1,1
7762,4.214227199554443,0.0,1,1
7763,3.8481669425964355,0.0,0,0
7764,4.4039435386657715,0.0,1,1
7765,4.249050617218018,0.0,1,1
7766,4.054193019866943,0.0,0,0
7767,3.9922473430633545,0.0,1,1
7768,4.395572185516357,0.0,1,1
7769,3.870882272720337,0.0,0,0
7770,3.9448297023773193,0.0,1,1
7771,4.256905555725098,0.0,1,1
7772,3.654325008392334,0.0,1,1
7773,4.085506916046143,0.0,0,0
7774,4.354367733001709,0.0,1,1
7775,3.6434741020202637,0.0,0,0
7776,3.9988205432891846,0.0,0,0
7777,4.1727190017700195,0.0,0,0
7778,4.331324577331543,0.0,1,1
7779,4.439064979553223,0.0,1,1
7780,3.2294929027557373,0.0,0,0
7781,3.3890719413757324,0.0,1,1
7782,3.522814989089966,0.0,0,0
7783,4.225439071655273,0.0,1,1
7784,4.151993274688721,0.0,0,0
7785,4.091219425201416,0.0,1,1
7786,3.7619376182556152,0.0,0,0
7787,4.284106254577637,0.0,1,1
7788,3.813124656677246,0.0,0,0
7789,3.4744713306427,0.0,0,0
7790,3.5103962421417236,0.0,0,0
7791,3.7086963653564453,0.0,0,0
7792,3.698307514190674,0.0,1,1
7793,3.9673073291778564,0.0,0,0
7794,3.3236544132232666,0.0,0,0
7795,3.688222646713257,0.0,1,1
7796,4.03542423248291,0.0,0,0
7797,4.072254657745361,0.0,0,0
7798,3.804018974304199,0.0,0,0
7799,3.8740200996398926,0.0,0,0
7800,4.670015811920166,0.0,0,0
7801,4.452066898345947,0.0,0,0
7802,4.465024948120117,0.0,0,0
7803,3.452665090560913,0.0,1,1
7804,3.6747424602508545,0.0,1,1
7805,3.988171100616455,0.0,1,1
7806,3.7951602935791016,0.0,0,0
7807,4.371408939361572,0.0,1,1
7808,4.212347507476807,0.0,1,1
7809,4.055849075317383,0.0,0,0
7810,3.634636878967285,0.0,0,0
7811,4.2754998207092285,0.0,1,1
7812,3.9483423233032227,0.0,1,1
7813,3.561115026473999,0.0,0,0
7814,3.920283555984497,0.0,0,0
7815,3.733232259750366,0.0,1,1
7816,4.182131290435791,0.0,1,1
7817,4.180618762969971,0.0,1,1
7818,3.60425066947937,0.0,0,0
7819,3.228557825088501,0.0,1,1
7820,3.5103847980499268,0.0,1,1
7821,3.7196950912475586,0.0,0,0
7822,4.090477466583252,0.0,1,1
7823,4.051046848297119,0.0,1,1
7824,4.036518573760986,0.0,1,1
7825,3.681196928024292,0.0,0,0
7826,3.262665271759033,0.0,1,1
7827,3.163616418838501,0.0,0,0
7828,3.5786983966827393,0.0,1,1
7829,3.060718297958374,0.0,0,0
7830,3.5618882179260254,0.0,1,1
7831,4.498929500579834,0.0,1,1
7832,4.07831335067749,0.0,1,1
7833,3.805231809616089,0.0,0,0
7834,4.24045467376709,0.0,0,0
7835,4.225715637207031,0.0,0,0
7836,4.062558650970459,0.0,1,1
7837,4.310659885406494,0.0,1,1
7838,4.444103717803955,0.0,0,0
7839,4.035610675811768,0.0,1,1
7840,3.9967939853668213,0.0,1,1
7841,3.0864856243133545,0.0,0,0
7842,3.2690746784210205,0.0,0,0
7843,3.9995267391204834,0.0,1,1
7844,3.866713285446167,0.0,1,1
7845,4.373622894287109,0.0,1,1
7846,3.668104648590088,0.0,1,1
7847,3.940507650375366,0.0,0,0
7848,4.682579517364502,0.0,1,1
7849,4.306400775909424,0.0,1,1
7850,4.429201126098633,0.0,1,1
7851,4.0541791915893555,0.0,0,0
7852,3.98467755317688,0.0,1,1
7853,4.492538928985596,0.0,0,0
7854,3.688054323196411,0.0,1,1
7855,4.462469577789307,0.0,1,1
7856,4.41109037399292,0.0,0,0
7857,4.181912899017334,0.0,0,0
7858,4.62849760055542,0.0,1,1
7859,4.753498077392578,0.0,1,1
7860,4.09590482711792,0.0,0,0
7861,4.1140055656433105,0.0,1,1
7862,4.250999450683594,0.0,1,1
7863,3.869321584701538,0.0,0,0
7864,4.335653305053711,0.0,1,1
7865,3.6439592838287354,0.0,1,1
7866,3.002748966217041,0.0,1,1
7867,3.7208786010742188,0.0,1,1
7868,3.9707062244415283,0.0,0,0
7869,4.775829792022705,0.0,1,1
7870,4.325764179229736,0.0,0,0
7871,2.4998257160186768,0.0,1,1
7872,2.822356939315796,0.0,0,0
7873,1.6391938924789429,0.0,1,1
7874,2.2165608406066895,0.0,0,0
7875,2.649242877960205,0.0,0,0
7876,3.1971256732940674,0.0,0,0
7877,4.09517765045166,0.0,1,1
7878,3.669128894805908,0.0,0,0
7879,3.8195974826812744,0.0,1,1
7880,4.173783302307129,0.0,0,0
7881,3.996410369873047,0.0,0,0
7882,4.217546463012695,0.0,1,1
7883,4.325008392333984,0.0,0,0
7884,4.440889358520508,0.0,0,0
7885,3.5396196842193604,0.0,0,0
7886,4.396967887878418,0.0,0,0
7887,4.271531105041504,0.0,0,0
7888,4.36411190032959,0.0,0,0
7889,4.087313652038574,0.0,0,0
7890,4.0485687255859375,0.0,0,0
7891,4.407916069030762,0.0,0,0
7892,4.419588565826416,0.0,1,1
7893,4.883573055267334,0.0,0,0
7894,4.015932083129883,0.0,0,0
7895,3.783323287963867,0.0,0,0
7896,4.1676836013793945,0.0,0,0
7897,3.9988110065460205,0.0,0,0
7898,4.243629455566406,0.0,0,0
7899,4.369568824768066,0.0,0,0
7900,4.1325297355651855,0.0,0,0
7901,3.9541265964508057,0.0,1,1
7902,4.155890464782715,0.0,1,1
7903,4.602341175079346,0.0,1,1
7904,3.918753147125244,0.0,0,0
7905,4.254855632781982,0.0,0,0
7906,4.01256799697876,0.0,0,0
7907,4.082173824310303,0.0,1,1
7908,3.655252456665039,0.0,1,1
7909,2.558495283126831,0.0,0,0
7910,2.7037882804870605,0.0,0,0
7911,3.9474871158599854,0.0,1,1
7912,4.341184139251709,0.0,0,0
7913,3.901658296585083,0.0,1,1
7914,2.099724054336548,0.0,0,0
7915,2.6571807861328125,0.0,0,0
7916,4.148519992828369,0.0,1,1
7917,3.7965664863586426,0.0,0,0
7918,2.8314225673675537,0.0,0,0
7919,3.869832992553711,0.0,0,0
7920,3.5671379566192627,0.0,0,0
7921,3.525676727294922,0.0,1,1
7922,3.86128568649292,0.0,1,1
7923,4.1682000160217285,0.0,0,0
7924,4.184554576873779,0.0,0,0
7925,3.735042095184326,0.0,0,0
7926,3.5696213245391846,0.0,1,1
7927,3.217684268951416,0.0,1,1
7928,3.696366548538208,0.0,0,0
7929,3.812849998474121,0.0,0,0
7930,4.082067966461182,0.0,0,0
7931,3.6504712104797363,0.0,0,0
7932,3.8146817684173584,0.0,0,0
7933,4.0560808181762695,0.0,0,0
7934,4.301620006561279,0.0,1,1
7935,3.938985586166382,0.0,0,0
7936,4.096803188323975,0.0,0,0
7937,4.247004508972168,0.0,0,0
7938,3.8647305965423584,0.0,1,1
7939,3.8608932495117188,0.0,0,0
7940,3.5816895961761475,0.0,0,0
7941,4.3489179611206055,0.0,0,0
7942,4.090089321136475,0.0,1,1
7943,4.071921348571777,0.0,1,1
7944,3.9859542846679688,0.0,0,0
7945,3.4640421867370605,0.0,1,1
7946,4.042651176452637,0.0,0,0
7947,4.005611896514893,0.0,1,1
7948,4.783467769622803,0.0,0,0
7949,5.2991437911987305,0.0,0,0
7950,4.731642246246338,0.0,1,1
7951,5.084420680999756,0.0,0,0
7952,3.598764657974243,0.0,0,0
7953,3.326444625854492,0.0,1,1
7954,4.331774711608887,0.0,0,0
7955,3.985999822616577,0.0,0,0
7956,4.210902214050293,0.0,0,0
7957,4.476611137390137,0.0,0,0
7958,4.5599446296691895,0.0,1,1
7959,4.098176002502441,0.0,0,0
7960,4.740471839904785,0.0,0,0
7961,3.742164134979248,0.0,0,0
7962,3.7945125102996826,0.0,0,0
7963,3.726738214492798,0.0,0,0
7964,4.360772132873535,0.0,1,1
7965,4.185307025909424,0.0,0,0
7966,4.225865364074707,0.0,0,0
7967,4.4228386878967285,0.0,0,0
7968,4.859800815582275,0.0,1,1
7969,4.594377517700195,0.0,1,1
7970,4.572139739990234,0.0,0,0
7971,4.663449287414551,0.0,1,1
7972,5.5804314613342285,0.0,1,1
7973,4.174679279327393,0.0,0,0
7974,3.376316547393799,0.0,1,1
7975,3.280726909637451,0.0,0,0
7976,3.8940958976745605,0.0,0,0
7977,3.8830387592315674,0.0,0,0
7978,3.6801388263702393,0.0,1,1
7979,3.50351881980896,0.0,0,0
7980,3.9148359298706055,0.0,1,1
7981,3.111149787902832,0.0,1,1
7982,4.182290077209473,0.0,0,0
7983,4.182196140289307,0.0,1,1
7984,3.9209163188934326,0.0,1,1
7985,3.8586788177490234,0.0,0,0
7986,3.639669418334961,0.0,1,1
7987,3.4940836429595947,0.0,0,0
7988,3.520148515701294,0.0,1,1
7989,3.467829942703247,0.0,0,0
7990,3.44561767578125,0.0,0,0
7991,4.311615943908691,0.0,1,1
7992,3.410247325897217,0.0,0,0
7993,3.6062839031219482,0.0,0,0
7994,3.3722691535949707,0.0,1,1
7995,3.6973063945770264,0.0,0,0
7996,4.403416156768799,0.0,1,1
7997,4.832111358642578,0.0,0,0
7998,3.8356900215148926,0.0,1,1
7999,4.434521198272705,0.0,1,1
8000,3.911774158477783,0.0,0,0
8001,4.608222007751465,0.0,0,0
8002,4.084024906158447,0.0,0,0
8003,4.4533371925354,0.0,1,1
8004,4.025024890899658,0.0,0,0
8005,4.25232458114624,0.0,1,1
8006,4.342728137969971,0.0,1,1
8007,4.459179401397705,0.0,0,0
8008,4.389436721801758,0.0,0,0
8009,4.207650184631348,0.0,1,1
8010,4.707051753997803,0.0,1,1
8011,4.451996326446533,0.0,0,0
8012,3.236811637878418,0.0,0,0
8013,3.701033592224121,0.0,1,1
8014,3.886364459991455,0.0,0,0
8015,4.095900535583496,0.0,1,1
8016,3.6834731101989746,0.0,1,1
8017,2.9676270484924316,0.0,1,1
8018,2.791346788406372,0.0,1,1
8019,2.7112643718719482,0.0,1,1
8020,2.9750847816467285,0.0,1,1
8021,3.4421005249023438,0.0,1,1
8022,3.579023838043213,0.0,0,0
8023,3.1926839351654053,0.0,1,1
8024,3.315688133239746,0.0,0,0
8025,3.7900259494781494,0.0,1,1
8026,2.476506233215332,0.0,1,1
8027,2.859484910964966,0.0,0,0
8028,3.5225906372070312,0.0,0,0
8029,3.9351465702056885,0.0,1,1
8030,4.331186771392822,0.0,1,1
8031,3.7288899421691895,0.0,1,1
8032,3.6416561603546143,0.0,1,1
8033,4.304538249969482,0.0,0,0
8034,4.029479503631592,0.0,0,0
8035,3.766782760620117,0.0,1,1
8036,3.8221569061279297,0.0,1,1
8037,3.5012171268463135,0.0,1,1
8038,3.897798776626587,0.0,1,1
8039,3.8438775539398193,0.0,1,1
8040,3.7593109607696533,0.0,1,1
8041,3.9263458251953125,0.0,0,0
8042,3.5202713012695312,0.0,1,1
8043,3.937182903289795,0.0,1,1
8044,3.6673264503479004,0.0,0,0
8045,4.062968730926514,0.0,1,1
8046,3.942579507827759,0.0,1,1
8047,3.6429810523986816,0.0,1,1
8048,3.2218339443206787,0.0,0,0
8049,3.3832948207855225,0.0,1,1
8050,4.2079691886901855,0.0,1,1
8051,3.7328195571899414,0.0,1,1
8052,3.727053165435791,0.0,1,1
8053,3.5654079914093018,0.0,1,1
8054,3.850389242172241,0.0,0,0
8055,3.966646671295166,0.0,0,0
8056,3.8454484939575195,0.0,0,0
8057,2.8309237957000732,0.0,1,1
8058,3.5185647010803223,0.0,1,1
8059,3.661371946334839,0.0,0,0
8060,3.3297910690307617,0.0,1,1
8061,3.5017542839050293,0.0,0,0
8062,3.606255292892456,0.0,1,1
8063,3.3594508171081543,0.0,0,0
8064,3.4118943214416504,0.0,1,1
8065,3.7285447120666504,0.0,0,0
8066,4.089110374450684,0.0,1,1
8067,3.3877830505371094,0.0,1,1
8068,3.265057325363159,0.0,0,0
8069,3.3868539333343506,0.0,0,0
8070,4.387307167053223,0.0,1,1
8071,3.784259557723999,0.0,0,0
8072,3.5251896381378174,0.0,1,1
8073,4.35491418838501,0.0,0,0
8074,2.3918275833129883,0.0,0,0
8075,3.2730674743652344,0.0,1,1
8076,3.4418325424194336,0.0,1,1
8077,3.005699872970581,0.0,0,0
8078,3.468928575515747,0.0,0,0
8079,3.9097368717193604,0.0,1,1
8080,3.390679121017456,0.0,0,0
8081,3.0937681198120117,0.0,1,1
8082,3.4826409816741943,0.0,0,0
8083,3.578336715698242,0.0,1,1
8084,3.9182701110839844,0.0,1,1
8085,3.6832282543182373,0.0,0,0
8086,3.2168781757354736,0.0,1,1
8087,3.4634859561920166,0.0,0,0
8088,3.8859047889709473,0.0,0,0
8089,3.9862759113311768,0.0,1,1
8090,4.082324504852295,0.0,1,1
8091,3.6784682273864746,0.0,0,0
8092,3.515183687210083,0.0,1,1
8093,3.6303892135620117,0.0,0,0
8094,3.8099963665008545,0.0,0,0
8095,3.806556463241577,0.0,0,0
8096,3.544142961502075,0.0,0,0
8097,3.9288270473480225,0.0,1,1
8098,3.0807507038116455,0.0,1,1
8099,3.6713080406188965,0.0,0,0
8100,3.6688320636749268,0.0,1,1
8101,3.3338756561279297,0.0,1,1
8102,3.51222825050354,0.0,0,0
8103,3.233309507369995,0.0,1,1
8104,3.4537513256073,0.0,0,0
8105,3.3029732704162598,0.0,0,0
8106,3.3192102909088135,0.0,1,1
8107,4.010413646697998,0.0,1,1
8108,3.6884829998016357,0.0,0,0
8109,3.6423943042755127,0.0,1,1
8110,4.308078289031982,0.0,1,1
8111,3.6100339889526367,0.0,0,0
8112,4.322729110717773,0.0,1,1
8113,3.6832375526428223,0.0,1,1
8114,3.5428121089935303,0.0,1,1
8115,3.741631031036377,0.0,0,0
8116,3.366952657699585,0.0,0,0
8117,3.0139174461364746,0.0,0,0
8118,3.59513258934021,0.0,0,0
8119,3.0856502056121826,0.0,1,1
8120,3.0901107788085938,0.0,1,1
8121,4.290998458862305,0.0,0,0
8122,3.8692710399627686,0.0,1,1
8123,4.265469074249268,0.0,0,0
8124,3.3657169342041016,0.0,1,1
8125,3.9044392108917236,0.0,1,1
8126,3.8590316772460938,0.0,0,0
8127,4.149255752563477,0.0,1,1
8128,4.571030139923096,0.0,0,0
8129,4.366682529449463,0.0,1,1
8130,4.567015647888184,0.0,1,1
8131,4.238992214202881,0.0,0,0
8132,4.352839469909668,0.0,1,1
8133,4.337353229522705,0.0,1,1
8134,4.43397331237793,0.0,0,0
8135,3.8622567653656006,0.0,1,1
8136,3.9195165634155273,0.0,1,1
8137,4.041622161865234,0.0,1,1
8138,3.0675904750823975,0.0,0,0
8139,3.5855138301849365,0.0,1,1
8140,3.183006525039673,0.0,1,1
8141,3.3115363121032715,0.0,0,0
8142,3.5408787727355957,0.0,0,0
8143,3.868595838546753,0.0,0,0
8144,3.295490264892578,0.0,0,0
8145,4.078589916229248,0.0,1,1
8146,3.187546730041504,0.0,0,0
8147,3.108694553375244,0.0,1,1
8148,4.0379133224487305,0.0,1,1
8149,3.7662453651428223,0.0,1,1
8150,3.3323466777801514,0.0,0,0
8151,3.734760046005249,0.0,1,1
8152,2.6323678493499756,0.0,0,0
8153,2.4752109050750732,0.0,0,0
8154,3.5123367309570312,0.0,1,1
8155,4.326278209686279,0.0,1,1
8156,3.802100896835327,0.0,1,1
8157,4.275716781616211,0.0,1,1
8158,4.526395797729492,0.0,1,1
8159,4.134047031402588,0.0,0,0
8160,3.230189085006714,0.0,1,1
8161,3.861182928085327,0.0,1,1
8162,3.2539076805114746,0.0,0,0
8163,2.727313756942749,0.0,0,0
8164,3.165743350982666,0.0,0,0
8165,4.176839828491211,0.0,1,1
8166,3.6201860904693604,0.0,1,1
8167,3.141371011734009,0.0,0,0
8168,4.310941696166992,0.0,1,1
8169,3.706238031387329,0.0,0,0
8170,3.0245165824890137,0.0,1,1
8171,3.6256823539733887,0.0,1,1
8172,3.6663737297058105,0.0,0,0
8173,2.680593967437744,0.0,0,0
8174,3.029603958129883,0.0,1,1
8175,2.9223506450653076,0.0,1,1
8176,3.5963735580444336,0.0,0,0
8177,3.829594612121582,0.0,1,1
8178,3.7927300930023193,0.0,0,0
8179,4.302580833435059,0.0,0,0
8180,3.938147783279419,0.0,1,1
8181,3.540492057800293,0.0,0,0
8182,3.978325843811035,0.0,1,1
8183,4.381660461425781,0.0,0,0
8184,4.043827533721924,0.0,1,1
8185,3.843808889389038,0.0,1,1
8186,4.385898590087891,0.0,0,0
8187,4.483307838439941,0.0,1,1
8188,4.157939434051514,0.0,0,0
8189,3.4120287895202637,0.0,1,1
8190,3.238604784011841,0.0,0,0
8191,3.4132163524627686,0.0,0,0
8192,3.5440359115600586,0.0,1,1
8193,3.628861904144287,0.0,0,0
8194,3.5860824584960938,0.0,1,1
8195,3.824319362640381,0.0,0,0
8196,3.9519176483154297,0.0,0,0
8197,4.583240032196045,0.0,1,1
8198,3.9494292736053467,0.0,1,1
8199,4.030990123748779,0.0,0,0
8200,3.7396140098571777,0.0,0,0
8201,3.7112417221069336,0.0,0,0
8202,4.081160545349121,0.0,0,0
8203,4.141251564025879,0.0,1,1
8204,4.089218616485596,0.0,0,0
8205,4.170753479003906,0.0,1,1
8206,4.220739841461182,0.0,1,1
8207,3.8670825958251953,0.0,0,0
8208,4.474313259124756,0.0,0,0
8209,4.551431655883789,0.0,0,0
8210,4.098000526428223,0.0,1,1
8211,4.511763572692871,0.0,0,0
8212,3.8953616619110107,0.0,0,0
8213,4.851245403289795,0.0,1,1
8214,3.60898756980896,0.0,0,0
8215,4.195130825042725,0.0,0,0
8216,4.385447978973389,0.0,0,0
8217,4.541298866271973,0.0,0,0
8218,3.89892840385437,0.0,1,1
8219,3.8958706855773926,0.0,0,0
8220,3.994882345199585,0.0,0,0
8221,4.768372058868408,0.0,1,1
8222,4.147516250610352,0.0,0,0
8223,4.1561126708984375,0.0,1,1
8224,4.141048431396484,0.0,1,1
8225,4.564587116241455,0.0,0,0
8226,4.5705084800720215,0.0,1,1
8227,4.356596946716309,0.0,0,0
8228,3.8433032035827637,0.0,1,1
8229,3.8868050575256348,0.0,1,1
8230,4.010489463806152,0.0,1,1
8231,3.6903328895568848,0.0,0,0
8232,4.46561861038208,0.0,0,0
8233,4.304292678833008,0.0,0,0
8234,4.054014682769775,0.0,0,0
8235,4.180447101593018,0.0,1,1
8236,4.706413745880127,0.0,0,0
8237,4.007609844207764,0.0,1,1
8238,4.560568809509277,0.0,1,1
8239,4.405066013336182,0.0,1,1
8240,3.9287209510803223,0.0,0,0
8241,3.8352432250976562,0.0,0,0
8242,3.634723663330078,0.0,1,1
8243,3.6865720748901367,0.0,0,0
8244,3.028398275375366,0.0,1,1
8245,3.5907626152038574,0.0,1,1
8246,3.564418315887451,0.0,1,1
8247,3.288099765777588,0.0,1,1
8248,2.668628215789795,0.0,0,0
8249,3.5595924854278564,0.0,0,0
8250,3.5317413806915283,0.0,0,0
8251,2.078054189682007,0.0,1,1
8252,1.993272066116333,0.0,0,0
8253,2.3380706310272217,0.0,1,1
8254,2.6386513710021973,0.0,1,1
8255,2.7847132682800293,0.0,0,0
8256,3.3351101875305176,0.0,0,0
8257,3.2923591136932373,0.0,1,1
8258,2.857184410095215,0.0,1,1
8259,2.6658079624176025,0.0,1,1
8260,2.7571539878845215,0.0,1,1
8261,3.1710243225097656,0.0,0,0
8262,3.673337459564209,0.0,1,1
8263,3.794203519821167,0.0,0,0
8264,3.548098564147949,0.0,0,0
8265,3.4089157581329346,0.0,0,0
8266,3.69124698638916,0.0,0,0
8267,3.8210999965667725,0.0,0,0
8268,4.1832122802734375,0.0,1,1
8269,4.50722599029541,0.0,0,0
8270,3.698364019393921,0.0,1,1
8271,4.120804786682129,0.0,0,0
8272,3.9219167232513428,0.0,0,0
8273,4.3625640869140625,0.0,1,1
8274,1.8600462675094604,0.0,0,0
8275,3.64113712310791,0.0,0,0
8276,3.9275217056274414,0.0,1,1
8277,3.7512459754943848,0.0,1,1
8278,3.427293300628662,0.0,0,0
8279,3.511120080947876,0.0,0,0
8280,1.7623707056045532,0.0,1,1
8281,3.67293119430542,0.0,0,0
8282,3.845435619354248,0.0,0,0
8283,3.2388343811035156,0.0,1,1
8284,3.9947402477264404,0.0,0,0
8285,3.4779701232910156,0.0,1,1
8286,3.8854856491088867,0.0,1,1
8287,3.7223260402679443,0.0,0,0
8288,3.5905864238739014,0.0,1,1
8289,3.585981845855713,0.0,0,0
8290,3.7005062103271484,0.0,1,1
8291,3.7370307445526123,0.0,0,0
8292,3.747022867202759,0.0,1,1
8293,3.848684549331665,0.0,0,0
8294,4.141565322875977,0.0,1,1
8295,4.103081703186035,0.0,1,1
8296,4.255776405334473,0.0,0,0
8297,4.314416408538818,0.0,0,0
8298,4.026421546936035,0.0,1,1
8299,4.053481101989746,0.0,0,0
8300,4.483882904052734,0.0,0,0
8301,3.9610178470611572,0.0,0,0
8302,4.186949253082275,0.0,1,1
8303,4.491191387176514,0.0,1,1
8304,4.019029140472412,0.0,1,1
8305,3.9176621437072754,0.0,1,1
8306,4.400254249572754,0.0,1,1
8307,4.035534381866455,0.0,1,1
8308,4.273367881774902,0.0,0,0
8309,3.9561238288879395,0.0,1,1
8310,4.923735618591309,0.0,1,1
8311,5.010744571685791,0.0,1,1
8312,3.951723337173462,0.0,0,0
8313,3.613682746887207,0.0,1,1
8314,3.7570364475250244,0.0,0,0
8315,3.940141201019287,0.0,0,0
8316,3.8886401653289795,0.0,0,0
8317,4.126114845275879,0.0,0,0
8318,3.9697916507720947,0.0,0,0
8319,4.029106616973877,0.0,0,0
8320,4.098163604736328,0.0,0,0
8321,3.915543794631958,0.0,0,0
8322,3.546389579772949,0.0,0,0
8323,4.2027411460876465,0.0,0,0
8324,3.8986499309539795,0.0,1,1
8325,4.382302284240723,0.0,1,1
8326,2.7019224166870117,0.0,0,0
8327,2.6434669494628906,0.0,1,1
8328,2.844817638397217,0.0,0,0
8329,3.1482982635498047,0.0,1,1
8330,3.2993698120117188,0.0,0,0
8331,3.670267343521118,0.0,0,0
8332,3.568175792694092,0.0,1,1
8333,3.9750277996063232,0.0,0,0
8334,4.028744220733643,0.0,1,1
8335,4.017513751983643,0.0,1,1
8336,4.559821128845215,0.0,0,0
8337,4.411345481872559,0.0,1,1
8338,4.713015079498291,0.0,1,1
8339,4.590109825134277,0.0,1,1
8340,4.093929767608643,0.0,0,0
8341,3.8270416259765625,0.0,1,1
8342,3.7057385444641113,0.0,0,0
8343,4.058030128479004,0.0,1,1
8344,3.6596949100494385,0.0,0,0
8345,3.9996702671051025,0.0,1,1
8346,3.4380364418029785,0.0,1,1
8347,3.575218677520752,0.0,0,0
8348,4.399441242218018,0.0,1,1
8349,4.2730278968811035,0.0,1,1
8350,3.880039691925049,0.0,0,0
8351,3.180720329284668,0.0,0,0
8352,3.8617992401123047,0.0,1,1
8353,3.0553767681121826,0.0,0,0
8354,3.2693724632263184,0.0,1,1
8355,3.366593837738037,0.0,0,0
8356,3.5795505046844482,0.0,0,0
8357,3.1608517169952393,0.0,0,0
8358,3.822112560272217,0.0,1,1
8359,3.0885064601898193,0.0,0,0
8360,2.8406147956848145,0.0,1,1
8361,2.686523199081421,0.0,1,1
8362,2.8870913982391357,0.0,1,1
8363,2.348689317703247,0.0,1,1
8364,2.56583309173584,0.0,1,1
8365,3.0314948558807373,0.0,0,0
8366,3.8145110607147217,0.0,1,1
8367,4.714666843414307,0.0,1,1
8368,5.713052272796631,0.0,1,1
8369,2.397364616394043,0.0,1,1
8370,4.162062644958496,0.0,0,0
8371,5.0050740242004395,0.0,1,1
8372,3.782184362411499,0.0,0,0
8373,3.4404799938201904,0.0,1,1
8374,3.244171619415283,0.0,0,0
8375,3.9828524589538574,0.0,1,1
8376,3.894242763519287,0.0,1,1
8377,3.561404228210449,0.0,1,1
8378,4.098773002624512,0.0,1,1
8379,4.0610671043396,0.0,1,1
8380,3.3374953269958496,0.0,0,0
8381,4.1979875564575195,0.0,1,1
8382,4.285966396331787,0.0,0,0
8383,4.251398086547852,0.0,1,1
8384,4.27931022644043,0.0,1,1
8385,4.555403709411621,0.0,1,1
8386,4.201023578643799,0.0,1,1
8387,3.8239002227783203,0.0,0,0
8388,3.1122982501983643,0.0,1,1
8389,3.9648854732513428,0.0,1,1
8390,3.6832234859466553,0.0,0,0
8391,3.5969290733337402,0.0,0,0
8392,3.9395012855529785,0.0,1,1
8393,4.163804531097412,0.0,1,1
8394,3.932319164276123,0.0,0,0
8395,4.246400833129883,0.0,1,1
8396,3.929598331451416,0.0,1,1
8397,4.156660079956055,0.0,1,1
8398,4.037214279174805,0.0,1,1
8399,4.267169952392578,0.0,1,1
8400,4.1965436935424805,0.0,1,1
8401,3.9411330223083496,0.0,0,0
8402,3.9106457233428955,0.0,0,0
8403,3.613121747970581,0.0,1,1
8404,3.660705804824829,0.0,0,0
8405,4.035206317901611,0.0,1,1
8406,4.2164201736450195,0.0,1,1
8407,4.335204601287842,0.0,1,1
8408,3.8514928817749023,0.0,1,1
8409,3.1957080364227295,0.0,1,1
8410,4.877612590789795,0.0,0,0
8411,4.365695476531982,0.0,0,0
8412,4.386449813842773,0.0,0,0
8413,3.9933576583862305,0.0,0,0
8414,2.9513676166534424,0.0,1,1
8415,3.157139778137207,0.0,0,0
8416,3.0019686222076416,0.0,1,1
8417,3.5201034545898438,0.0,0,0
8418,3.6104140281677246,0.0,1,1
8419,3.9160804748535156,0.0,0,0
8420,3.8862900733947754,0.0,1,1
8421,4.759515285491943,0.0,1,1
8422,3.6485633850097656,0.0,1,1
8423,4.231377601623535,0.0,1,1
8424,3.3624541759490967,0.0,0,0
8425,3.945708751678467,0.0,1,1
8426,3.7715954780578613,0.0,1,1
8427,4.180908679962158,0.0,0,0
8428,3.64798903465271,0.0,1,1
8429,3.8308298587799072,0.0,0,0
8430,4.1105852127075195,0.0,1,1
8431,4.074785232543945,0.0,0,0
8432,4.379852771759033,0.0,1,1
8433,3.55248761177063,0.0,0,0
8434,3.821382522583008,0.0,1,1
8435,3.135723829269409,0.0,0,0
8436,3.7745237350463867,0.0,1,1
8437,3.917170763015747,0.0,0,0
8438,3.542912483215332,0.0,0,0
8439,3.7347824573516846,0.0,0,0
8440,3.603710412979126,0.0,1,1
8441,4.325170040130615,0.0,1,1
8442,3.376309394836426,0.0,1,1
8443,3.7885735034942627,0.0,0,0
8444,3.621177911758423,0.0,1,1
8445,4.170364856719971,0.0,0,0
8446,4.141788005828857,0.0,0,0
8447,3.734326124191284,0.0,1,1
8448,3.671262741088867,0.0,0,0
8449,4.309814929962158,0.0,0,0
8450,3.910947561264038,0.0,0,0
8451,4.176620006561279,0.0,1,1
8452,3.823788642883301,0.0,1,1
8453,3.236520290374756,0.0,0,0
8454,3.4597785472869873,0.0,1,1
8455,3.619940996170044,0.0,1,1
8456,4.021207809448242,0.0,0,0
8457,3.6883134841918945,0.0,0,0
8458,4.026760578155518,0.0,1,1
8459,4.153852462768555,0.0,1,1
8460,4.222701549530029,0.0,0,0
8461,3.705547332763672,0.0,1,1
8462,4.3397111892700195,0.0,0,0
8463,3.934948205947876,0.0,1,1
8464,3.7760119438171387,0.0,0,0
8465,3.5584771633148193,0.0,0,0
8466,3.95570707321167,0.0,0,0
8467,4.109188079833984,0.0,1,1
8468,4.104316711425781,0.0,1,1
8469,4.1224236488342285,0.0,0,0
8470,3.1029253005981445,0.0,0,0
8471,3.4776973724365234,0.0,0,0
8472,3.7483129501342773,0.0,0,0
8473,3.5472896099090576,0.0,1,1
8474,3.8613808155059814,0.0,0,0
8475,3.387371778488159,0.0,1,1
8476,3.9476473331451416,0.0,1,1
8477,3.7105629444122314,0.0,0,0
8478,3.9919025897979736,0.0,0,0
8479,3.517221689224243,0.0,0,0
8480,3.5757081508636475,0.0,0,0
8481,3.5999176502227783,0.0,0,0
8482,3.705017328262329,0.0,0,0
8483,3.6956558227539062,0.0,1,1
8484,3.1894915103912354,0.0,0,0
8485,4.3706464767456055,0.0,0,0
8486,3.940054416656494,0.0,0,0
8487,3.547532558441162,0.0,0,0
8488,3.6920135021209717,0.0,0,0
8489,3.012519121170044,0.0,0,0
8490,3.0733911991119385,0.0,0,0
8491,3.6029789447784424,0.0,0,0
8492,3.9093897342681885,0.0,0,0
8493,4.67982292175293,0.0,1,1
8494,3.7888119220733643,0.0,1,1
8495,3.8678438663482666,0.0,0,0
8496,3.7033157348632812,0.0,0,0
8497,4.295517921447754,0.0,1,1
8498,3.432797908782959,0.0,1,1
8499,3.2088522911071777,0.0,1,1
8500,4.277916431427002,0.0,1,1
8501,4.389590263366699,0.0,0,0
8502,4.914004802703857,0.0,0,0
8503,4.365419387817383,0.0,1,1
8504,4.7285685539245605,0.0,1,1
8505,4.760037899017334,0.0,1,1
8506,4.510042667388916,0.0,1,1
8507,3.921113967895508,0.0,0,0
8508,4.7234883308410645,0.0,1,1
8509,3.791376829147339,0.0,0,0
8510,4.629709720611572,0.0,0,0
8511,4.367199420928955,0.0,1,1
8512,4.241894245147705,0.0,0,0
8513,4.049344062805176,0.0,0,0
8514,4.060306549072266,0.0,1,1
8515,4.3213396072387695,0.0,0,0
8516,4.2893476486206055,0.0,1,1
8517,3.6466970443725586,0.0,0,0
8518,4.122432708740234,0.0,1,1
8519,3.9305341243743896,0.0,0,0
8520,4.13593053817749,0.0,1,1
8521,4.137278079986572,0.0,0,0
8522,4.421581745147705,0.0,1,1
8523,4.089641094207764,0.0,0,0
8524,3.7723164558410645,0.0,0,0
8525,4.765815734863281,0.0,1,1
8526,4.587619781494141,0.0,0,0
8527,3.7183780670166016,0.0,0,0
8528,3.6496503353118896,0.0,1,1
8529,3.8995044231414795,0.0,0,0
8530,4.137548446655273,0.0,1,1
8531,4.176969051361084,0.0,1,1
8532,3.7036468982696533,0.0,0,0
8533,3.8471081256866455,0.0,1,1
8534,2.8839356899261475,0.0,0,0
8535,2.0317976474761963,0.0,0,0
8536,2.5455586910247803,0.0,0,0
8537,3.5533745288848877,0.0,1,1
8538,4.550276279449463,0.0,1,1
8539,4.037965297698975,0.0,1,1
8540,3.9349489212036133,0.0,0,0
8541,3.922679901123047,0.0,0,0
8542,3.8494229316711426,0.0,0,0
8543,4.003859043121338,0.0,1,1
8544,3.7806873321533203,0.0,0,0
8545,4.4429030418396,0.0,0,0
8546,3.484189987182617,0.0,0,0
8547,3.706641912460327,0.0,1,1
8548,3.8113253116607666,0.0,0,0
8549,3.6980702877044678,0.0,1,1
8550,3.4105517864227295,0.0,0,0
8551,3.7979326248168945,0.0,0,0
8552,3.9252102375030518,0.0,1,1
8553,3.9307608604431152,0.0,0,0
8554,3.701514720916748,0.0,1,1
8555,4.178574085235596,0.0,1,1
8556,3.9452970027923584,0.0,0,0
8557,3.8923707008361816,0.0,0,0
8558,4.161170482635498,0.0,1,1
8559,4.141091346740723,0.0,1,1
8560,4.246799468994141,0.0,0,0
8561,4.011957168579102,0.0,1,1
8562,4.0600481033325195,0.0,0,0
8563,3.904940366744995,0.0,0,0
8564,3.6389501094818115,0.0,1,1
8565,3.6846766471862793,0.0,1,1
8566,3.9650237560272217,0.0,1,1
8567,4.10463809967041,0.0,1,1
8568,3.8154613971710205,0.0,0,0
8569,4.305945873260498,0.0,1,1
8570,3.8213608264923096,0.0,0,0
8571,3.433602809906006,0.0,1,1
8572,3.400785446166992,0.0,1,1
8573,3.811220169067383,0.0,1,1
8574,3.9399125576019287,0.0,1,1
8575,3.874361515045166,0.0,0,0
8576,4.218934535980225,0.0,1,1
8577,4.242556095123291,0.0,0,0
8578,4.106105804443359,0.0,0,0
8579,4.263449192047119,0.0,1,1
8580,4.194103240966797,0.0,1,1
8581,3.8443117141723633,0.0,0,0
8582,4.120352745056152,0.0,1,1
8583,3.984170436859131,0.0,1,1
8584,4.403962135314941,0.0,0,0
8585,4.188369274139404,0.0,0,0
8586,4.224684238433838,0.0,0,0
8587,4.201673984527588,0.0,0,0
8588,3.4870193004608154,0.0,0,0
8589,2.87141489982605,0.0,0,0
8590,2.9452078342437744,0.0,0,0
8591,2.841998338699341,0.0,0,0
8592,3.2635302543640137,0.0,0,0
8593,3.583740711212158,0.0,0,0
8594,2.5786430835723877,0.0,1,1
8595,3.2135918140411377,0.0,0,0
8596,4.383615970611572,0.0,0,0
8597,3.5677900314331055,0.0,0,0
8598,3.2223806381225586,0.0,1,1
8599,3.6538472175598145,0.0,1,1
8600,3.8572590351104736,0.0,1,1
8601,3.8554537296295166,0.0,1,1
8602,4.282723903656006,0.0,1,1
8603,3.911654233932495,0.0,0,0
8604,4.100000381469727,0.0,0,0
8605,3.705165147781372,0.0,0,0
8606,3.8534748554229736,0.0,0,0
8607,3.787266492843628,0.0,0,0
8608,3.9694061279296875,0.0,1,1
8609,3.7293756008148193,0.0,1,1
8610,3.156205892562866,0.0,0,0
8611,4.275563716888428,0.0,1,1
8612,3.559565544128418,0.0,0,0
8613,3.636122226715088,0.0,0,0
8614,4.804766654968262,0.0,1,1
8615,3.32544207572937,0.0,0,0
8616,3.975604772567749,0.0,0,0
8617,2.901270627975464,0.0,0,0
8618,3.898872137069702,0.0,1,1
8619,3.7431983947753906,0.0,1,1
8620,4.214862823486328,0.0,0,0
8621,4.232604503631592,0.0,0,0
8622,4.155142307281494,0.0,0,0
8623,4.4804911613464355,0.0,1,1
8624,4.293182849884033,0.0,0,0
8625,3.6993906497955322,0.0,0,0
8626,3.8581182956695557,0.0,1,1
8627,4.373465538024902,0.0,1,1
8628,4.627865314483643,0.0,0,0
8629,4.01619815826416,0.0,1,1
8630,4.106204032897949,0.0,0,0
8631,4.2557806968688965,0.0,0,0
8632,4.484857559204102,0.0,0,0
8633,4.64363956451416,0.0,0,0
8634,4.614060878753662,0.0,0,0
8635,4.36253547668457,0.0,1,1
8636,3.543039560317993,0.0,0,0
8637,4.142673969268799,0.0,1,1
8638,3.871652841567993,0.0,0,0
8639,4.365997791290283,0.0,0,0
8640,3.2301135063171387,0.0,1,1
8641,3.652186155319214,0.0,0,0
8642,3.4861032962799072,0.0,0,0
8643,3.970939874649048,0.0,1,1
8644,3.8348662853240967,0.0,1,1
8645,3.9298672676086426,0.0,1,1
8646,3.6267013549804688,0.0,0,0
8647,3.702984571456909,0.0,1,1
8648,4.008891582489014,0.0,1,1
8649,4.196372985839844,0.0,0,0
8650,3.665762186050415,0.0,1,1
8651,3.0956552028656006,0.0,0,0
8652,2.916332483291626,0.0,0,0
8653,2.9559719562530518,0.0,1,1
8654,2.974189519882202,0.0,1,1
8655,2.6232550144195557,0.0,0,0
8656,1.9273672103881836,0.0,1,1
8657,2.5853729248046875,0.0,0,0
8658,1.997635006904602,0.0,0,0
8659,2.8759918212890625,0.0,0,0
8660,2.530329704284668,0.0,1,1
8661,2.7649214267730713,0.0,0,0
8662,2.3907408714294434,0.0,1,1
8663,2.7660491466522217,0.0,1,1
8664,2.467082977294922,0.0,0,0
8665,2.3172638416290283,0.0,0,0
8666,2.6676042079925537,0.0,1,1
8667,2.554407835006714,0.0,1,1
8668,2.3529834747314453,0.0,0,0
8669,2.252727746963501,0.0,0,0
8670,2.897092580795288,0.0,1,1
8671,2.701323986053467,0.0,1,1
8672,2.7818551063537598,0.0,0,0
8673,3.4182984828948975,0.0,0,0
8674,2.8131515979766846,0.0,1,1
8675,2.957639217376709,0.0,0,0
8676,3.3516323566436768,0.0,1,1
8677,3.339949607849121,0.0,1,1
8678,4.082934856414795,0.0,1,1
8679,4.117640495300293,0.0,1,1
8680,3.855370044708252,0.0,0,0
8681,3.6453959941864014,0.0,1,1
8682,4.124748706817627,0.0,0,0
8683,3.5393147468566895,0.0,1,1
8684,4.167055130004883,0.0,1,1
8685,3.687967538833618,0.0,1,1
8686,3.363797664642334,0.0,0,0
8687,3.5388004779815674,0.0,1,1
8688,4.074367046356201,0.0,1,1
8689,4.035905361175537,0.0,1,1
8690,3.43198823928833,0.0,1,1
8691,3.5895445346832275,0.0,1,1
8692,3.740734100341797,0.0,1,1
8693,3.991957902908325,0.0,0,0
8694,3.8515727519989014,0.0,1,1
8695,3.406233787536621,0.0,0,0
8696,3.523561477661133,0.0,1,1
8697,3.727252960205078,0.0,0,0
8698,3.582357406616211,0.0,1,1
8699,2.714071750640869,0.0,0,0
8700,4.007811546325684,0.0,0,0
8701,4.479054927825928,0.0,1,1
8702,3.683964252471924,0.0,1,1
8703,3.5356366634368896,0.0,0,0
8704,4.267475128173828,0.0,1,1
8705,4.11209774017334,0.0,1,1
8706,3.903459310531616,0.0,1,1
8707,4.189149379730225,0.0,1,1
8708,4.313586711883545,0.0,1,1
8709,4.092989921569824,0.0,1,1
8710,4.064287185668945,0.0,0,0
8711,4.54843282699585,0.0,0,0
8712,3.8570492267608643,0.0,0,0
8713,4.206236839294434,0.0,1,1
8714,3.9213831424713135,0.0,0,0
8715,4.170640468597412,0.0,0,0
8716,4.238766670227051,0.0,1,1
8717,4.5590715408325195,0.0,0,0
8718,4.15944766998291,0.0,0,0
8719,3.7469332218170166,0.0,0,0
8720,4.123638153076172,0.0,1,1
8721,2.4211442470550537,0.0,0,0
8722,2.1074535846710205,0.0,0,0
8723,2.386842966079712,0.0,1,1
8724,3.369384765625,0.0,1,1
8725,3.4575297832489014,0.0,1,1
8726,3.3527462482452393,0.0,0,0
8727,3.79609751701355,0.0,1,1
8728,3.5683164596557617,0.0,1,1
8729,3.9391326904296875,0.0,1,1
8730,3.622220516204834,0.0,0,0
8731,3.767552614212036,0.0,1,1
8732,3.7950832843780518,0.0,0,0
8733,4.273241996765137,0.0,1,1
8734,4.421576976776123,0.0,0,0
8735,4.53198766708374,0.0,1,1
8736,4.350020408630371,0.0,1,1
8737,2.9563913345336914,0.0,0,0
8738,3.637685775756836,0.0,0,0
8739,4.411153793334961,0.0,1,1
8740,3.719048500061035,0.0,0,0
8741,3.539720296859741,0.0,0,0
8742,3.0646555423736572,0.0,0,0
8743,3.777153730392456,0.0,0,0
8744,3.2503278255462646,0.0,0,0
8745,3.543905019760132,0.0,0,0
8746,4.090078353881836,0.0,0,0
8747,2.8423304557800293,0.0,1,1
8748,3.6234021186828613,0.0,0,0
8749,4.117466449737549,0.0,0,0
8750,2.7748489379882812,0.0,1,1
8751,3.748218536376953,0.0,0,0
8752,3.6709744930267334,0.0,0,0
8753,3.179302453994751,0.0,0,0
8754,3.8919363021850586,0.0,0,0
8755,4.5472893714904785,0.0,0,0
8756,4.238977909088135,0.0,1,1
8757,3.7001614570617676,0.0,0,0
8758,3.0881965160369873,0.0,0,0
8759,4.56546688079834,0.0,0,0
8760,3.1574342250823975,0.0,0,0
8761,3.3939578533172607,0.0,0,0
8762,4.1321210861206055,0.0,1,1
8763,4.260717868804932,0.0,1,1
8764,3.9281601905822754,0.0,1,1
8765,4.103153228759766,0.0,0,0
8766,4.305988311767578,0.0,1,1
8767,3.956371784210205,0.0,0,0
8768,4.361688137054443,0.0,1,1
8769,3.755174160003662,0.0,0,0
8770,4.007101058959961,0.0,1,1
8771,3.831195592880249,0.0,0,0
8772,4.139005184173584,0.0,1,1
8773,3.5497589111328125,0.0,0,0
8774,3.4468190670013428,0.0,0,0
8775,3.711846113204956,0.0,0,0
8776,3.8496758937835693,0.0,1,1
8777,3.100817918777466,0.0,1,1
8778,3.3556630611419678,0.0,0,0
8779,3.664242744445801,0.0,1,1
8780,4.158843994140625,0.0,0,0
8781,3.8155322074890137,0.0,1,1
8782,3.8834846019744873,0.0,1,1
8783,4.19201135635376,0.0,0,0
8784,2.5440611839294434,0.0,1,1
8785,3.0671818256378174,0.0,0,0
8786,4.219455242156982,0.0,1,1
8787,4.124001979827881,0.0,1,1
8788,4.1207499504089355,0.0,0,0
8789,4.095242500305176,0.0,0,0
8790,3.339998960494995,0.0,0,0
8791,2.783003091812134,0.0,0,0
8792,4.03433084487915,0.0,1,1
8793,2.786154270172119,0.0,1,1
8794,3.686582565307617,0.0,1,1
8795,3.5566608905792236,0.0,1,1
8796,3.3973886966705322,0.0,1,1
8797,2.916457414627075,0.0,1,1
8798,3.207329750061035,0.0,1,1
8799,3.2980520725250244,0.0,0,0
8800,3.237151861190796,0.0,1,1
8801,2.9695310592651367,0.0,0,0
8802,3.267625570297241,0.0,1,1
8803,3.48533034324646,0.0,0,0
8804,4.294023036956787,0.0,1,1
8805,4.170276641845703,0.0,0,0
8806,3.5447652339935303,0.0,1,1
8807,3.638998508453369,0.0,1,1
8808,3.9547367095947266,0.0,0,0
8809,3.8312463760375977,0.0,1,1
8810,3.862673759460449,0.0,0,0
8811,3.3302276134490967,0.0,1,1
8812,4.056755065917969,0.0,0,0
8813,3.238405704498291,0.0,1,1
8814,3.56801176071167,0.0,0,0
8815,3.628535270690918,0.0,1,1
8816,3.9358322620391846,0.0,0,0
8817,3.5928072929382324,0.0,0,0
8818,3.48447322845459,0.0,1,1
8819,3.8213088512420654,0.0,1,1
8820,4.874638557434082,0.0,0,0
8821,4.253720283508301,0.0,0,0
8822,3.05906343460083,0.0,0,0
8823,3.747549057006836,0.0,0,0
8824,3.5154733657836914,0.0,0,0
8825,3.602938652038574,0.0,1,1
8826,3.6724021434783936,0.0,0,0
8827,3.609611988067627,0.0,0,0
8828,4.135576248168945,0.0,0,0
8829,5.163228988647461,0.0,0,0
8830,4.266772747039795,0.0,0,0
8831,3.782524347305298,0.0,0,0
8832,4.348333835601807,0.0,0,0
8833,4.081472873687744,0.0,1,1
8834,4.097345352172852,0.0,1,1
8835,4.087587356567383,0.0,1,1
8836,3.893280267715454,0.0,1,1
8837,4.199976921081543,0.0,0,0
8838,4.109655380249023,0.0,1,1
8839,4.564398765563965,0.0,1,1
8840,4.607058048248291,0.0,0,0
8841,4.461470603942871,0.0,1,1
8842,4.684919834136963,0.0,1,1
8843,4.277896404266357,0.0,1,1
8844,3.6929962635040283,0.0,1,1
8845,3.2145817279815674,0.0,0,0
8846,3.271150827407837,0.0,1,1
8847,4.497656345367432,0.0,1,1
8848,4.384908676147461,0.0,0,0
8849,4.368110656738281,0.0,1,1
8850,3.5803093910217285,0.0,1,1
8851,3.9975743293762207,0.0,1,1
8852,4.099228382110596,0.0,0,0
8853,4.424170970916748,0.0,1,1
8854,4.469712257385254,0.0,1,1
8855,3.9391744136810303,0.0,0,0
8856,4.33980131149292,0.0,1,1
8857,4.064304351806641,0.0,1,1
8858,3.9586029052734375,0.0,1,1
8859,3.891294002532959,0.0,1,1
8860,4.244248390197754,0.0,0,0
8861,4.825174331665039,0.0,1,1
8862,4.118026256561279,0.0,1,1
8863,3.5966615676879883,0.0,1,1
8864,4.451301097869873,0.0,1,1
8865,3.6386187076568604,0.0,0,0
8866,4.4465742111206055,0.0,1,1
8867,4.425047397613525,0.0,0,0
8868,3.922013521194458,0.0,0,0
8869,4.771319389343262,0.0,1,1
8870,4.521521091461182,0.0,0,0
8871,4.611480236053467,0.0,0,0
8872,4.505363464355469,0.0,0,0
8873,4.542266845703125,0.0,0,0
8874,4.32503080368042,0.0,1,1
8875,4.334479331970215,0.0,1,1
8876,3.844665288925171,0.0,1,1
8877,3.9417150020599365,0.0,0,0
8878,4.0699462890625,0.0,1,1
8879,2.9923319816589355,0.0,0,0
8880,3.5606017112731934,0.0,0,0
8881,3.1595075130462646,0.0,1,1
8882,3.7154784202575684,0.0,0,0
8883,3.5062685012817383,0.0,1,1
8884,3.755082607269287,0.0,0,0
8885,3.409506320953369,0.0,1,1
8886,2.6230809688568115,0.0,0,0
8887,2.4380440711975098,0.0,1,1
8888,3.9969310760498047,0.0,0,0
8889,4.497952938079834,0.0,1,1
8890,4.066934108734131,0.0,1,1
8891,3.69826340675354,0.0,0,0
8892,3.87760853767395,0.0,1,1
8893,3.861171007156372,0.0,1,1
8894,2.4702565670013428,0.0,0,0
8895,3.6287992000579834,0.0,1,1
8896,3.9481773376464844,0.0,0,0
8897,3.6342740058898926,0.0,1,1
8898,4.022597789764404,0.0,0,0
8899,4.567929744720459,0.0,0,0
8900,4.330358028411865,0.0,0,0
8901,4.475366115570068,0.0,1,1
8902,3.7724931240081787,0.0,1,1
8903,3.949655771255493,0.0,0,0
8904,4.088082790374756,0.0,1,1
8905,4.134057998657227,0.0,1,1
8906,4.301680088043213,0.0,1,1
8907,3.965409755706787,0.0,0,0
8908,4.0530571937561035,0.0,1,1
8909,4.680843353271484,0.0,1,1
8910,4.261507034301758,0.0,1,1
8911,3.7730369567871094,0.0,0,0
8912,3.7362563610076904,0.0,0,0
8913,4.227304458618164,0.0,1,1
8914,4.200456142425537,0.0,1,1
8915,4.774704933166504,0.0,1,1
8916,4.220741271972656,0.0,1,1
8917,4.061773300170898,0.0,0,0
8918,4.767361640930176,0.0,1,1
8919,3.898136615753174,0.0,1,1
8920,3.8809022903442383,0.0,1,1
8921,4.079770565032959,0.0,1,1
8922,4.241074085235596,0.0,1,1
8923,4.190310001373291,0.0,0,0
8924,4.397762775421143,0.0,1,1
8925,3.780412197113037,0.0,0,0
8926,4.141721725463867,0.0,1,1
8927,4.063360691070557,0.0,0,0
8928,3.6492884159088135,0.0,1,1
8929,3.9362611770629883,0.0,0,0
8930,4.23124361038208,0.0,1,1
8931,4.182187557220459,0.0,1,1
8932,4.268826961517334,0.0,1,1
8933,4.53571891784668,0.0,1,1
8934,4.3637189865112305,0.0,1,1
8935,4.421388626098633,0.0,1,1
8936,4.0675177574157715,0.0,0,0
8937,3.346231698989868,0.0,0,0
8938,3.4743385314941406,0.0,0,0
8939,4.085960388183594,0.0,0,0
8940,3.7071006298065186,0.0,1,1
8941,3.9148812294006348,0.0,0,0
8942,4.2840189933776855,0.0,0,0
8943,4.236889839172363,0.0,0,0
8944,3.7325284481048584,0.0,0,0
8945,4.205801010131836,0.0,1,1
8946,4.347223281860352,0.0,1,1
8947,3.847482681274414,0.0,1,1
8948,3.8081114292144775,0.0,0,0
8949,3.481255292892456,0.0,1,1
8950,3.922252655029297,0.0,0,0
8951,3.3747293949127197,0.0,1,1
8952,2.830080509185791,0.0,0,0
8953,2.6360936164855957,0.0,0,0
8954,2.2508797645568848,0.0,1,1
8955,3.2165441513061523,0.0,0,0
8956,2.835594892501831,0.0,1,1
8957,4.04319953918457,0.0,0,0
8958,3.7730746269226074,0.0,0,0
8959,3.783623456954956,0.0,0,0
8960,3.4103586673736572,0.0,0,0
8961,3.155299186706543,0.0,1,1
8962,3.510448932647705,0.0,0,0
8963,3.735762596130371,0.0,1,1
8964,3.3976969718933105,0.0,0,0
8965,3.5836753845214844,0.0,1,1
8966,3.9426305294036865,0.0,0,0
8967,4.166944980621338,0.0,1,1
8968,4.0112481117248535,0.0,1,1
8969,4.1496758460998535,0.0,0,0
8970,3.754359722137451,0.0,1,1
8971,3.2772068977355957,0.0,0,0
8972,3.531278371810913,0.0,0,0
8973,3.575626850128174,0.0,1,1
8974,3.8512983322143555,0.0,1,1
8975,3.670874834060669,0.0,1,1
8976,3.9060511589050293,0.0,1,1
8977,4.02622127532959,0.0,1,1
8978,3.63787579536438,0.0,0,0
8979,3.2761502265930176,0.0,1,1
8980,3.725172758102417,0.0,0,0
8981,3.608973979949951,0.0,0,0
8982,3.9391887187957764,0.0,0,0
8983,3.359198808670044,0.0,0,0
8984,4.158010005950928,0.0,0,0
8985,4.086001396179199,0.0,0,0
8986,4.207906723022461,0.0,1,1
8987,4.312312602996826,0.0,0,0
8988,4.255866050720215,0.0,0,0
8989,3.810122013092041,0.0,1,1
8990,3.9742791652679443,0.0,0,0
8991,4.327229976654053,0.0,1,1
8992,4.370692729949951,0.0,0,0
8993,3.95279598236084,0.0,0,0
8994,4.491750240325928,0.0,1,1
8995,3.714329719543457,0.0,0,0
8996,4.348330020904541,0.0,1,1
8997,4.565211772918701,0.0,1,1
8998,4.027847766876221,0.0,0,0
8999,3.6903793811798096,0.0,0,0
9000,3.5600686073303223,0.0,1,1
9001,4.1442718505859375,0.0,1,1
9002,3.793297052383423,0.0,0,0
9003,3.863945960998535,0.0,1,1
9004,3.736741542816162,0.0,0,0
9005,3.9051716327667236,0.0,0,0
9006,3.6819770336151123,0.0,0,0
9007,4.151363849639893,0.0,1,1
9008,4.146061420440674,0.0,0,0
9009,4.026212215423584,0.0,1,1
9010,3.6533706188201904,0.0,0,0
9011,3.5388097763061523,0.0,1,1
9012,3.635477066040039,0.0,1,1
9013,3.958983898162842,0.0,0,0
9014,3.75183367729187,0.0,1,1
9015,3.33168888092041,0.0,0,0
9016,3.7954533100128174,0.0,0,0
9017,4.756547451019287,0.0,1,1
9018,4.022364139556885,0.0,0,0
9019,4.417619228363037,0.0,0,0
9020,4.536432266235352,0.0,0,0
9021,4.5740885734558105,0.0,1,1
9022,4.679099082946777,0.0,1,1
9023,4.014280319213867,0.0,0,0
9024,3.84089994430542,0.0,1,1
9025,3.4942071437835693,0.0,0,0
9026,4.166584491729736,0.0,1,1
9027,3.9456779956817627,0.0,0,0
9028,3.712888479232788,0.0,1,1
9029,3.817225694656372,0.0,0,0
9030,4.585049629211426,0.0,1,1
9031,3.7487852573394775,0.0,1,1
9032,3.3950979709625244,0.0,0,0
9033,4.073391914367676,0.0,0,0
9034,3.9829981327056885,0.0,0,0
9035,4.144516468048096,0.0,1,1
9036,4.474267482757568,0.0,1,1
9037,4.200167179107666,0.0,0,0
9038,3.8530478477478027,0.0,1,1
9039,4.063292980194092,0.0,1,1
9040,4.087649822235107,0.0,1,1
9041,3.720165491104126,0.0,0,0
9042,3.8030741214752197,0.0,0,0
9043,4.284225940704346,0.0,1,1
9044,4.190423965454102,0.0,0,0
9045,4.006792068481445,0.0,0,0
9046,4.43885612487793,0.0,0,0
9047,4.183046340942383,0.0,0,0
9048,4.464980602264404,0.0,1,1
9049,4.142059803009033,0.0,1,1
9050,4.5078253746032715,0.0,1,1
9051,4.203688621520996,0.0,0,0
9052,3.936774969100952,0.0,1,1
9053,3.9056642055511475,0.0,0,0
9054,4.935429573059082,0.0,0,0
9055,3.425238847732544,0.0,0,0
9056,3.5757739543914795,0.0,0,0
9057,4.589127063751221,0.0,1,1
9058,4.4269890785217285,0.0,1,1
9059,4.312550067901611,0.0,0,0
9060,3.836780548095703,0.0,1,1
9061,3.641702175140381,0.0,1,1
9062,3.6768712997436523,0.0,0,0
9063,4.273148059844971,0.0,1,1
9064,4.441263675689697,0.0,1,1
9065,3.5798680782318115,0.0,0,0
9066,4.47884464263916,0.0,1,1
9067,3.595787286758423,0.0,1,1
9068,3.542668342590332,0.0,1,1
9069,3.99328351020813,0.0,1,1
9070,3.362900733947754,0.0,0,0
9071,3.606290340423584,0.0,1,1
9072,3.452572822570801,0.0,0,0
9073,4.059537887573242,0.0,0,0
9074,4.52092981338501,0.0,1,1
9075,4.00728702545166,0.0,0,0
9076,3.9135148525238037,0.0,0,0
9077,3.876589059829712,0.0,1,1
9078,4.2604265213012695,0.0,0,0
9079,3.7709670066833496,0.0,0,0
9080,3.9910759925842285,0.0,0,0
9081,4.002519130706787,0.0,0,0
9082,4.071966171264648,0.0,0,0
9083,3.873537302017212,0.0,0,0
9084,3.517347574234009,0.0,1,1
9085,3.4888012409210205,0.0,1,1
9086,4.642543792724609,0.0,1,1
9087,4.077500820159912,0.0,0,0
9088,4.289182662963867,0.0,0,0
9089,4.580626487731934,0.0,1,1
9090,4.552793025970459,0.0,0,0
9091,4.558899879455566,0.0,0,0
9092,3.67923641204834,0.0,0,0
9093,3.5729994773864746,0.0,0,0
9094,4.180848121643066,0.0,1,1
9095,4.223331928253174,0.0,1,1
9096,3.605874538421631,0.0,0,0
9097,3.838798761367798,0.0,1,1
9098,4.362236976623535,0.0,0,0
9099,4.448829650878906,0.0,1,1
9100,4.0857253074646,0.0,1,1
9101,3.9216227531433105,0.0,1,1
9102,4.170310020446777,0.0,0,0
9103,4.09561824798584,0.0,0,0
9104,3.8866655826568604,0.0,1,1
9105,4.536531448364258,0.0,1,1
9106,4.364123344421387,0.0,0,0
9107,4.733473300933838,0.0,1,1
9108,4.377437591552734,0.0,1,1
9109,4.814531326293945,0.0,1,1
9110,4.343316078186035,0.0,0,0
9111,4.441125869750977,0.0,0,0
9112,5.224373817443848,0.0,1,1
9113,4.736937046051025,0.0,0,0
9114,4.3144378662109375,0.0,1,1
9115,4.316690921783447,0.0,0,0
9116,4.6890645027160645,0.0,1,1
9117,4.815328598022461,0.0,0,0
9118,4.066470146179199,0.0,0,0
9119,5.228533744812012,0.0,1,1
9120,4.763508319854736,0.0,1,1
9121,4.9373297691345215,0.0,0,0
9122,5.410709381103516,0.0,1,1
9123,4.331621170043945,0.0,0,0
9124,4.328625202178955,0.0,0,0
9125,4.0952324867248535,0.0,1,1
9126,4.634144306182861,0.0,1,1
9127,4.366493225097656,0.0,0,0
9128,4.840492248535156,0.0,1,1
9129,4.263558387756348,0.0,0,0
9130,4.934379577636719,0.0,0,0
9131,3.7958648204803467,0.0,1,1
9132,4.062186241149902,0.0,0,0
9133,4.18717098236084,0.0,0,0
9134,4.031573295593262,0.0,0,0
9135,3.9053702354431152,0.0,1,1
9136,4.614803314208984,0.0,0,0
9137,3.840134859085083,0.0,1,1
9138,4.265325546264648,0.0,1,1
9139,3.7907745838165283,0.0,1,1
9140,3.906602621078491,0.0,1,1
9141,4.100904941558838,0.0,1,1
9142,4.6340861320495605,0.0,1,1
9143,4.845636367797852,0.0,1,1
9144,4.293661117553711,0.0,1,1
9145,4.2367401123046875,0.0,0,0
9146,4.405350685119629,0.0,0,0
9147,4.484701633453369,0.0,0,0
9148,3.8954429626464844,0.0,1,1
9149,4.560389041900635,0.0,0,0
9150,4.133821487426758,0.0,0,0
9151,4.067485809326172,0.0,0,0
9152,3.8308677673339844,0.0,0,0
9153,4.0634026527404785,0.0,1,1
9154,3.679530382156372,0.0,0,0
9155,3.544343948364258,0.0,0,0
9156,4.1334943771362305,0.0,0,0
9157,3.1536781787872314,0.0,0,0
9158,4.168039798736572,0.0,1,1
9159,4.314242839813232,0.0,0,0
9160,4.317181587219238,0.0,0,0
9161,4.050686359405518,0.0,0,0
9162,4.189165115356445,0.0,0,0
9163,4.538270950317383,0.0,0,0
9164,3.9935996532440186,0.0,0,0
9165,4.1521687507629395,0.0,1,1
9166,4.264867305755615,0.0,0,0
9167,4.2498297691345215,0.0,1,1
9168,3.9032628536224365,0.0,0,0
9169,3.9993324279785156,0.0,1,1
9170,3.7569196224212646,0.0,0,0
9171,3.640068769454956,0.0,0,0
9172,3.9176344871520996,0.0,1,1
9173,4.095617771148682,0.0,1,1
9174,4.118218898773193,0.0,0,0
9175,3.9979517459869385,0.0,0,0
9176,3.6127564907073975,0.0,1,1
9177,3.871875524520874,0.0,1,1
9178,3.8581533432006836,0.0,0,0
9179,3.784987688064575,0.0,1,1
9180,3.7045135498046875,0.0,1,1
9181,4.059088706970215,0.0,1,1
9182,3.651679754257202,0.0,1,1
9183,3.9437997341156006,0.0,1,1
9184,4.02730655670166,0.0,1,1
9185,3.962541103363037,0.0,0,0
9186,3.9794342517852783,0.0,1,1
9187,3.899157762527466,0.0,0,0
9188,4.214729309082031,0.0,1,1
9189,3.7341015338897705,0.0,0,0
9190,4.576320648193359,0.0,1,1
9191,4.392618656158447,0.0,0,0
9192,3.3899106979370117,0.0,1,1
9193,3.7353625297546387,0.0,1,1
9194,3.733966588973999,0.0,0,0
9195,4.186079502105713,0.0,0,0
9196,3.5746402740478516,0.0,0,0
9197,3.76486873626709,0.0,1,1
9198,3.5695295333862305,0.0,0,0
9199,3.596390962600708,0.0,1,1
9200,3.5703091621398926,0.0,1,1
9201,3.5810091495513916,0.0,0,0
9202,3.7820019721984863,0.0,0,0
9203,3.8959312438964844,0.0,0,0
9204,3.1774942874908447,0.0,0,0
9205,3.7961373329162598,0.0,0,0
9206,3.759129762649536,0.0,1,1
9207,3.908313512802124,0.0,0,0
9208,4.023448467254639,0.0,0,0
9209,3.6679494380950928,0.0,1,1
9210,3.4728665351867676,0.0,0,0
9211,3.447502613067627,0.0,0,0
9212,3.4873321056365967,0.0,0,0
9213,3.753127098083496,0.0,0,0
9214,3.3230245113372803,0.0,1,1
9215,2.562960147857666,0.0,1,1
9216,3.627359390258789,0.0,0,0
9217,4.163167953491211,0.0,1,1
9218,3.95662522315979,0.0,0,0
9219,3.667717933654785,0.0,0,0
9220,3.495145320892334,0.0,1,1
9221,3.8320133686065674,0.0,1,1
9222,3.747626543045044,0.0,1,1
9223,3.5149648189544678,0.0,0,0
9224,3.7002859115600586,0.0,0,0
9225,3.7995426654815674,0.0,0,0
9226,3.827061414718628,0.0,0,0
9227,4.143524169921875,0.0,1,1
9228,4.369476795196533,0.0,1,1
9229,4.301793098449707,0.0,1,1
9230,4.348642826080322,0.0,1,1
9231,4.119497299194336,0.0,0,0
9232,4.199589252471924,0.0,1,1
9233,3.9428210258483887,0.0,0,0
9234,4.6442742347717285,0.0,0,0
9235,4.651669502258301,0.0,1,1
9236,4.028579235076904,0.0,1,1
9237,4.285403728485107,0.0,0,0
9238,4.026152610778809,0.0,0,0
9239,4.166416645050049,0.0,0,0
9240,4.0503997802734375,0.0,1,1
9241,3.2176270484924316,0.0,0,0
9242,3.6971471309661865,0.0,0,0
9243,3.746760129928589,0.0,1,1
9244,3.403993606567383,0.0,0,0
9245,2.9366044998168945,0.0,1,1
9246,3.4658162593841553,0.0,0,0
9247,3.9632341861724854,0.0,0,0
9248,4.585504055023193,0.0,1,1
9249,4.273480415344238,0.0,0,0
9250,4.806792736053467,0.0,0,0
9251,4.128020286560059,0.0,1,1
9252,3.4048867225646973,0.0,0,0
9253,3.595288038253784,0.0,1,1
9254,3.7589614391326904,0.0,0,0
9255,3.538360118865967,0.0,0,0
9256,3.8667168617248535,0.0,1,1
9257,3.8385119438171387,0.0,1,1
9258,4.618579387664795,0.0,1,1
9259,3.5747013092041016,0.0,0,0
9260,4.042250156402588,0.0,1,1
9261,3.790079355239868,0.0,0,0
9262,3.6068081855773926,0.0,1,1
9263,3.8491480350494385,0.0,1,1
9264,4.083700180053711,0.0,0,0
9265,3.949669599533081,0.0,1,1
9266,3.768202781677246,0.0,1,1
9267,3.91013503074646,0.0,0,0
9268,4.492579460144043,0.0,1,1
9269,4.093951225280762,0.0,0,0
9270,4.643958568572998,0.0,0,0
9271,4.204407215118408,0.0,1,1
9272,4.4880900382995605,0.0,1,1
9273,4.064671993255615,0.0,1,1
9274,4.951010704040527,0.0,1,1
9275,3.9507806301116943,0.0,0,0
9276,3.8532869815826416,0.0,1,1
9277,3.4527781009674072,0.0,0,0
9278,4.789645671844482,0.0,1,1
9279,4.129469394683838,0.0,1,1
9280,4.127218246459961,0.0,0,0
9281,4.722411155700684,0.0,1,1
9282,3.8335723876953125,0.0,0,0
9283,4.584242820739746,0.0,1,1
9284,3.762791633605957,0.0,0,0
9285,4.621715068817139,0.0,1,1
9286,4.6977739334106445,0.0,1,1
9287,4.031174182891846,0.0,1,1
9288,4.2996015548706055,0.0,0,0
9289,3.8850622177124023,0.0,1,1
9290,4.468984127044678,0.0,1,1
9291,4.032872676849365,0.0,0,0
9292,5.050716876983643,0.0,1,1
9293,4.54039192199707,0.0,0,0
9294,3.967702865600586,0.0,0,0
9295,3.2337191104888916,0.0,0,0
9296,3.816056489944458,0.0,1,1
9297,3.5550432205200195,0.0,1,1
9298,3.814668893814087,0.0,1,1
9299,3.4540092945098877,0.0,1,1
9300,2.930438756942749,0.0,0,0
9301,2.482635974884033,0.0,1,1
9302,2.5723862648010254,0.0,1,1
9303,2.2720353603363037,0.0,0,0
9304,2.6058788299560547,0.0,1,1
9305,3.0230581760406494,0.0,0,0
9306,3.4902279376983643,0.0,1,1
9307,3.377688407897949,0.0,0,0
9308,3.443089246749878,0.0,1,1
9309,3.7884914875030518,0.0,0,0
9310,3.1074533462524414,0.0,1,1
9311,2.2813353538513184,0.0,1,1
9312,4.044731140136719,0.0,1,1
9313,3.61867356300354,0.0,1,1
9314,3.733975410461426,0.0,0,0
9315,4.207773685455322,0.0,1,1
9316,4.123001575469971,0.0,0,0
9317,4.329553127288818,0.0,1,1
9318,3.8963210582733154,0.0,0,0
9319,3.8392274379730225,0.0,1,1
9320,4.47416877746582,0.0,0,0
9321,3.8093857765197754,0.0,0,0
9322,3.064547300338745,0.0,1,1
9323,3.873706102371216,0.0,1,1
9324,3.634251594543457,0.0,1,1
9325,3.9988577365875244,0.0,1,1
9326,4.228139400482178,0.0,1,1
9327,4.8046746253967285,0.0,1,1
9328,3.52713942527771,0.0,0,0
9329,3.893415927886963,0.0,1,1
9330,3.494318962097168,0.0,0,0
9331,3.5467898845672607,0.0,0,0
9332,3.416867971420288,0.0,0,0
9333,3.944868564605713,0.0,0,0
9334,3.9552903175354004,0.0,0,0
9335,3.267827272415161,0.0,0,0
9336,3.6031863689422607,0.0,1,1
9337,4.1248779296875,0.0,0,0
9338,4.168450355529785,0.0,1,1
9339,3.777193784713745,0.0,0,0
9340,4.366960525512695,0.0,1,1
9341,3.3907814025878906,0.0,0,0
9342,4.700229644775391,0.0,1,1
9343,4.313094139099121,0.0,1,1
9344,3.467039108276367,0.0,0,0
9345,3.4749755859375,0.0,0,0
9346,3.386528253555298,0.0,0,0
9347,2.9312973022460938,0.0,1,1
9348,4.1943535804748535,0.0,1,1
9349,4.22558069229126,0.0,1,1
9350,4.1400909423828125,0.0,0,0
9351,3.938933849334717,0.0,1,1
9352,3.350984811782837,0.0,1,1
9353,3.882026195526123,0.0,0,0
9354,3.6174490451812744,0.0,1,1
9355,3.255734920501709,0.0,1,1
9356,3.1607158184051514,0.0,1,1
9357,3.4711692333221436,0.0,0,0
9358,3.2805187702178955,0.0,1,1
9359,3.771843910217285,0.0,1,1
9360,3.900144338607788,0.0,1,1
9361,2.8940138816833496,0.0,0,0
9362,2.86197566986084,0.0,0,0
9363,3.6160428524017334,0.0,1,1
9364,3.429858922958374,0.0,0,0
9365,3.162470817565918,0.0,0,0
9366,3.440575122833252,0.0,1,1
9367,3.3619141578674316,0.0,0,0
9368,2.5204179286956787,0.0,0,0
9369,3.621429204940796,0.0,1,1
9370,3.9759600162506104,0.0,1,1
9371,3.859592914581299,0.0,0,0
9372,3.5875933170318604,0.0,1,1
9373,3.489164352416992,0.0,1,1
9374,4.325179100036621,0.0,0,0
9375,4.024832725524902,0.0,1,1
9376,4.261396408081055,0.0,1,1
9377,4.124283313751221,0.0,0,0
9378,3.3905670642852783,0.0,1,1
9379,4.121624946594238,0.0,1,1
9380,3.5318615436553955,0.0,1,1
9381,3.785599708557129,0.0,1,1
9382,3.5693111419677734,0.0,0,0
9383,4.428770542144775,0.0,1,1
9384,4.185332298278809,0.0,1,1
9385,4.545675277709961,0.0,1,1
9386,4.160577774047852,0.0,0,0
9387,4.288846492767334,0.0,1,1
9388,3.9459309577941895,0.0,0,0
9389,3.712353229522705,0.0,1,1
9390,4.349149227142334,0.0,0,0
9391,3.9867916107177734,0.0,1,1
9392,4.621819019317627,0.0,1,1
9393,3.795006036758423,0.0,1,1
9394,3.748237371444702,0.0,1,1
9395,4.623556613922119,0.0,0,0
9396,4.620089530944824,0.0,1,1
9397,4.0349602699279785,0.0,0,0
9398,4.449800491333008,0.0,0,0
9399,4.880265712738037,0.0,1,1
9400,4.1894121170043945,0.0,0,0
9401,4.192807197570801,0.0,1,1
9402,4.117983341217041,0.0,0,0
9403,3.992340564727783,0.0,1,1
9404,4.465906620025635,0.0,1,1
9405,4.107186794281006,0.0,1,1
9406,3.7276880741119385,0.0,0,0
9407,4.475593566894531,0.0,1,1
9408,4.127288818359375,0.0,1,1
9409,4.091250419616699,0.0,0,0
9410,3.631106376647949,0.0,1,1
9411,4.304310321807861,0.0,1,1
9412,4.140612602233887,0.0,0,0
9413,3.6821391582489014,0.0,1,1
9414,3.768223285675049,0.0,1,1
9415,3.7755093574523926,0.0,1,1
9416,3.8851850032806396,0.0,0,0
9417,4.813338279724121,0.0,1,1
9418,4.641958713531494,0.0,1,1
9419,4.444235801696777,0.0,1,1
9420,3.6226613521575928,0.0,0,0
9421,4.032521724700928,0.0,1,1
9422,2.9993817806243896,0.0,1,1
9423,3.5476157665252686,0.0,0,0
9424,2.4203219413757324,0.0,1,1
9425,1.6701618432998657,0.0,0,0
9426,2.155311346054077,0.0,0,0
9427,2.0186822414398193,0.0,1,1
9428,2.0577125549316406,0.0,0,0
9429,2.57759690284729,0.0,0,0
9430,2.882155418395996,0.0,0,0
9431,3.5909204483032227,0.0,0,0
9432,3.5372846126556396,0.0,0,0
9433,4.000394821166992,0.0,0,0
9434,3.880937337875366,0.0,0,0
9435,3.3957934379577637,0.0,0,0
9436,3.935472249984741,0.0,0,0
9437,3.3136887550354004,0.0,0,0
9438,2.4738166332244873,0.0,1,1
9439,2.8966517448425293,0.0,0,0
9440,3.429152727127075,0.0,0,0
9441,3.352226495742798,0.0,1,1
9442,3.580453395843506,0.0,1,1
9443,3.18479585647583,0.0,0,0
9444,3.4321706295013428,0.0,0,0
9445,3.091787576675415,0.0,1,1
9446,2.9509153366088867,0.0,1,1
9447,3.5293357372283936,0.0,1,1
9448,3.7642438411712646,0.0,0,0
9449,3.1578094959259033,0.0,1,1
9450,3.014791965484619,0.0,1,1
9451,3.2758936882019043,0.0,1,1
9452,3.5988762378692627,0.0,1,1
9453,3.122110366821289,0.0,1,1
9454,4.052059650421143,0.0,0,0
9455,3.1389949321746826,0.0,0,0
9456,3.753636121749878,0.0,1,1
9457,3.2488620281219482,0.0,1,1
9458,3.5272135734558105,0.0,0,0
9459,3.2625746726989746,0.0,0,0
9460,3.507913827896118,0.0,1,1
9461,2.854567766189575,0.0,0,0
9462,2.998772382736206,0.0,1,1
9463,3.6474177837371826,0.0,0,0
9464,3.114262104034424,0.0,0,0
9465,2.0691137313842773,0.0,0,0
9466,3.8551185131073,0.0,0,0
9467,3.8854198455810547,0.0,0,0
9468,3.897756338119507,0.0,1,1
9469,3.2852261066436768,0.0,0,0
9470,3.2399914264678955,0.0,1,1
9471,4.179203987121582,0.0,1,1
9472,3.7772345542907715,0.0,0,0
9473,4.577113151550293,0.0,1,1
9474,3.415332078933716,0.0,0,0
9475,3.0462663173675537,0.0,1,1
9476,3.580510377883911,0.0,0,0
9477,3.345113515853882,0.0,1,1
9478,3.766695022583008,0.0,1,1
9479,3.660855293273926,0.0,0,0
9480,3.811457633972168,0.0,1,1
9481,3.6769633293151855,0.0,1,1
9482,3.4738786220550537,0.0,0,0
9483,3.720139265060425,0.0,1,1
9484,3.476517677307129,0.0,1,1
9485,3.6187591552734375,0.0,1,1
9486,3.414705514907837,0.0,0,0
9487,3.688319206237793,0.0,1,1
9488,3.073861837387085,0.0,1,1
9489,3.243936061859131,0.0,1,1
9490,2.940333127975464,0.0,0,0
9491,3.5890681743621826,0.0,0,0
9492,3.7663698196411133,0.0,1,1
9493,3.5001776218414307,0.0,0,0
9494,3.898956775665283,0.0,1,1
9495,4.101169109344482,0.0,0,0
9496,4.130355358123779,0.0,0,0
9497,4.9415812492370605,0.0,1,1
9498,4.175931930541992,0.0,0,0
9499,3.567655324935913,0.0,0,0
9500,3.43414568901062,0.0,0,0
9501,3.7120418548583984,0.0,1,1
9502,3.8366918563842773,0.0,1,1
9503,3.738034725189209,0.0,1,1
9504,3.9252781867980957,0.0,0,0
9505,3.7544991970062256,0.0,1,1
9506,4.219099521636963,0.0,1,1
9507,3.6848223209381104,0.0,0,0
9508,3.926586151123047,0.0,0,0
9509,3.8341963291168213,0.0,0,0
9510,4.34291934967041,0.0,1,1
9511,4.201101779937744,0.0,0,0
9512,3.8815674781799316,0.0,1,1
9513,3.9767160415649414,0.0,1,1
9514,4.096359729766846,0.0,1,1
9515,2.7047746181488037,0.0,0,0
9516,3.270608901977539,0.0,0,0
9517,3.7103824615478516,0.0,1,1
9518,4.502961158752441,0.0,1,1
9519,3.4076411724090576,0.0,0,0
9520,3.5532610416412354,0.0,0,0
9521,3.6097018718719482,0.0,0,0
9522,4.0551557540893555,0.0,1,1
9523,4.298858165740967,0.0,1,1
9524,4.060091972351074,0.0,1,1
9525,4.285153388977051,0.0,1,1
9526,4.100290298461914,0.0,0,0
9527,3.9961209297180176,0.0,1,1
9528,4.354942798614502,0.0,0,0
9529,4.160322189331055,0.0,1,1
9530,4.280912399291992,0.0,1,1
9531,3.9707834720611572,0.0,0,0
9532,3.4865975379943848,0.0,0,0
9533,3.3803017139434814,0.0,1,1
9534,3.6403403282165527,0.0,0,0
9535,4.7366719245910645,0.0,1,1
9536,3.8488638401031494,0.0,0,0
9537,3.432354688644409,0.0,0,0
9538,4.1226983070373535,0.0,1,1
9539,3.783445119857788,0.0,0,0
9540,3.5274105072021484,0.0,0,0
9541,4.091601371765137,0.0,1,1
9542,3.8782272338867188,0.0,1,1
9543,3.85099720954895,0.0,0,0
9544,4.204922199249268,0.0,0,0
9545,3.5406558513641357,0.0,1,1
9546,3.940650701522827,0.0,1,1
9547,4.083220481872559,0.0,0,0
9548,3.4314329624176025,0.0,1,1
9549,3.627565860748291,0.0,0,0
9550,3.848428249359131,0.0,0,0
9551,3.9655373096466064,0.0,0,0
9552,3.7824063301086426,0.0,0,0
9553,4.040878772735596,0.0,1,1
9554,3.8157424926757812,0.0,1,1
9555,3.9946067333221436,0.0,1,1
9556,4.22696590423584,0.0,1,1
9557,4.222963333129883,0.0,0,0
9558,4.106215953826904,0.0,0,0
9559,4.317111968994141,0.0,1,1
9560,3.810650587081909,0.0,0,0
9561,3.96195125579834,0.0,1,1
9562,3.9910476207733154,0.0,1,1
9563,3.9807729721069336,0.0,0,0
9564,3.707510232925415,0.0,0,0
9565,4.038450241088867,0.0,0,0
9566,4.501924514770508,0.0,0,0
9567,3.9698057174682617,0.0,0,0
9568,2.7277770042419434,0.0,0,0
9569,3.0950217247009277,0.0,0,0
9570,3.009983539581299,0.0,1,1
9571,2.8154284954071045,0.0,0,0
9572,2.970057249069214,0.0,0,0
9573,3.6831724643707275,0.0,1,1
9574,3.251758098602295,0.0,0,0
9575,2.872103452682495,0.0,1,1
9576,2.993372678756714,0.0,0,0
9577,3.6824827194213867,0.0,0,0
9578,3.9085142612457275,0.0,1,1
9579,3.9473490715026855,0.0,1,1
9580,3.9092743396759033,0.0,1,1
9581,3.9741790294647217,0.0,0,0
9582,2.8310534954071045,0.0,1,1
9583,2.8087539672851562,0.0,1,1
9584,3.48423171043396,0.0,0,0
9585,4.40731954574585,0.0,1,1
9586,3.9384570121765137,0.0,1,1
9587,4.039814472198486,0.0,1,1
9588,3.915759801864624,0.0,0,0
9589,3.409409999847412,0.0,1,1
9590,3.192497491836548,0.0,0,0
9591,3.985055446624756,0.0,1,1
9592,3.7394113540649414,0.0,1,1
9593,3.5288844108581543,0.0,0,0
9594,4.408538818359375,0.0,1,1
9595,3.4194912910461426,0.0,0,0
9596,3.60485577583313,0.0,0,0
9597,4.3693928718566895,0.0,1,1
9598,3.835853099822998,0.0,0,0
9599,4.299688816070557,0.0,1,1
9600,4.1405558586120605,0.0,1,1
9601,3.857771635055542,0.0,0,0
9602,3.6573288440704346,0.0,1,1
9603,3.5746970176696777,0.0,0,0
9604,4.312105178833008,0.0,1,1
9605,3.901613235473633,0.0,1,1
9606,3.4697625637054443,0.0,0,0
9607,3.213397264480591,0.0,1,1
9608,3.1987361907958984,0.0,0,0
9609,3.6242222785949707,0.0,1,1
9610,3.7002618312835693,0.0,1,1
9611,3.6556897163391113,0.0,0,0
9612,4.077197551727295,0.0,1,1
9613,2.2426066398620605,0.0,0,0
9614,3.5906295776367188,0.0,0,0
9615,3.713890552520752,0.0,0,0
9616,3.5395267009735107,0.0,0,0
9617,4.041382789611816,0.0,0,0
9618,4.086260795593262,0.0,0,0
9619,3.6840546131134033,0.0,0,0
9620,3.418193817138672,0.0,0,0
9621,3.93467378616333,0.0,1,1
9622,4.132199287414551,0.0,0,0
9623,4.4601874351501465,0.0,0,0
9624,3.309157371520996,0.0,0,0
9625,3.7497060298919678,0.0,0,0
9626,3.87784743309021,0.0,0,0
9627,4.533145904541016,0.0,0,0
9628,4.803743362426758,0.0,0,0
9629,4.402383327484131,0.0,0,0
9630,4.532251834869385,0.0,0,0
9631,4.311428546905518,0.0,1,1
9632,4.559025764465332,0.0,0,0
9633,3.5792465209960938,0.0,0,0
9634,3.154399871826172,0.0,0,0
9635,3.3140389919281006,0.0,0,0
9636,2.9359607696533203,0.0,1,1
9637,3.2796730995178223,0.0,0,0
9638,3.5759053230285645,0.0,0,0
9639,3.4484915733337402,0.0,0,0
9640,2.9360134601593018,0.0,0,0
9641,3.7062466144561768,0.0,0,0
9642,2.966341733932495,0.0,1,1
9643,3.689023971557617,0.0,0,0
9644,3.580564260482788,0.0,1,1
9645,3.6638216972351074,0.0,1,1
9646,3.849195957183838,0.0,0,0
9647,4.147327899932861,0.0,1,1
9648,3.67114520072937,0.0,0,0
9649,3.597921133041382,0.0,1,1
9650,3.148559093475342,0.0,0,0
9651,3.528991937637329,0.0,1,1
9652,3.9496407508850098,0.0,1,1
9653,3.811964273452759,0.0,0,0
9654,3.6184425354003906,0.0,1,1
9655,3.3693790435791016,0.0,0,0
9656,3.7580173015594482,0.0,1,1
9657,3.3040359020233154,0.0,0,0
9658,3.6592700481414795,0.0,1,1
9659,3.596590757369995,0.0,0,0
9660,3.64155912399292,0.0,0,0
9661,3.7325077056884766,0.0,1,1
9662,4.033473968505859,0.0,0,0
9663,3.6046504974365234,0.0,0,0
9664,4.295221328735352,0.0,1,1
9665,3.802767753601074,0.0,0,0
9666,3.9132800102233887,0.0,1,1
9667,3.9574673175811768,0.0,1,1
9668,4.1539459228515625,0.0,0,0
9669,3.629383087158203,0.0,0,0
9670,4.053215980529785,0.0,0,0
9671,3.9307875633239746,0.0,0,0
9672,3.9655966758728027,0.0,1,1
9673,4.190695285797119,0.0,1,1
9674,4.174081802368164,0.0,1,1
9675,3.8228342533111572,0.0,0,0
9676,4.218118190765381,0.0,0,0
9677,3.8562021255493164,0.0,0,0
9678,4.304124355316162,0.0,1,1
9679,4.204410076141357,0.0,0,0
9680,4.054569244384766,0.0,0,0
9681,3.615765333175659,0.0,0,0
9682,3.430421829223633,0.0,1,1
9683,4.173532009124756,0.0,0,0
9684,4.386188983917236,0.0,1,1
9685,4.102189064025879,0.0,1,1
9686,3.762803792953491,0.0,0,0
9687,3.9246811866760254,0.0,1,1
9688,4.396084785461426,0.0,1,1
9689,3.7523694038391113,0.0,1,1
9690,3.7440226078033447,0.0,1,1
9691,4.409022808074951,0.0,1,1
9692,4.029491424560547,0.0,1,1
9693,4.314958095550537,0.0,1,1
9694,3.6860177516937256,0.0,0,0
9695,4.414165496826172,0.0,1,1
9696,4.195874214172363,0.0,1,1
9697,3.953608751296997,0.0,1,1
9698,4.035665512084961,0.0,0,0
9699,4.175861358642578,0.0,1,1
9700,3.9765267372131348,0.0,1,1
9701,4.426605701446533,0.0,1,1
9702,4.102550983428955,0.0,1,1
9703,4.367830276489258,0.0,1,1
9704,4.323812007904053,0.0,1,1
9705,4.213540554046631,0.0,0,0
9706,4.280430793762207,0.0,0,0
9707,3.855611562728882,0.0,0,0
9708,4.082559585571289,0.0,1,1
9709,5.051348686218262,0.0,1,1
9710,4.212425231933594,0.0,1,1
9711,4.086843490600586,0.0,0,0
9712,3.6811883449554443,0.0,1,1
9713,3.674572467803955,0.0,0,0
9714,3.5066988468170166,0.0,1,1
9715,4.362380027770996,0.0,1,1
9716,4.240179538726807,0.0,0,0
9717,4.085680961608887,0.0,1,1
9718,4.600499629974365,0.0,1,1
9719,4.9746270179748535,0.0,0,0
9720,4.150384902954102,0.0,1,1
9721,4.445323467254639,0.0,0,0
9722,3.8202879428863525,0.0,1,1
9723,3.7580559253692627,0.0,1,1
9724,4.1873369216918945,0.0,1,1
9725,4.024890422821045,0.0,0,0
9726,3.6439027786254883,0.0,0,0
9727,4.037418365478516,0.0,0,0
9728,3.832057476043701,0.0,0,0
9729,2.6433568000793457,0.0,0,0
9730,3.411672353744507,0.0,0,0
9731,1.8944002389907837,0.0,1,1
9732,2.09676194190979,0.0,0,0
9733,2.1001579761505127,0.0,0,0
9734,2.6595005989074707,0.0,1,1
9735,2.908684492111206,0.0,0,0
9736,2.9514920711517334,0.0,0,0
9737,2.7274842262268066,0.0,0,0
9738,2.460541248321533,0.0,1,1
9739,2.9785447120666504,0.0,0,0
9740,2.5595550537109375,0.0,0,0
9741,2.652315616607666,0.0,0,0
9742,2.9731743335723877,0.0,1,1
9743,2.6938066482543945,0.0,0,0
9744,2.6203184127807617,0.0,0,0
9745,2.6203978061676025,0.0,0,0
9746,2.6956162452697754,0.0,1,1
9747,2.5984277725219727,0.0,1,1
9748,3.277759552001953,0.0,0,0
9749,2.503169059753418,0.0,0,0
9750,3.000734806060791,0.0,1,1
9751,2.036520004272461,0.0,1,1
9752,3.0894787311553955,0.0,0,0
9753,3.0197129249572754,0.0,0,0
9754,3.5302560329437256,0.0,1,1
9755,3.3279919624328613,0.0,0,0
9756,2.855090618133545,0.0,1,1
9757,3.2841246128082275,0.0,1,1
9758,2.774599552154541,0.0,1,1
9759,3.6615891456604004,0.0,0,0
9760,3.4514262676239014,0.0,0,0
9761,3.761498212814331,0.0,1,1
9762,3.8063504695892334,0.0,0,0
9763,2.9639272689819336,0.0,1,1
9764,3.2612850666046143,0.0,1,1
9765,3.3981494903564453,0.0,1,1
9766,3.8267345428466797,0.0,1,1
9767,3.9643828868865967,0.0,0,0
9768,3.685368299484253,0.0,0,0
9769,3.5572824478149414,0.0,1,1
9770,3.3438591957092285,0.0,1,1
9771,3.2423086166381836,0.0,1,1
9772,3.64945387840271,0.0,0,0
9773,4.288752555847168,0.0,1,1
9774,3.825960636138916,0.0,0,0
9775,3.608870506286621,0.0,1,1
9776,3.3526456356048584,0.0,0,0
9777,3.5660817623138428,0.0,0,0
9778,3.3778772354125977,0.0,1,1
9779,4.317911624908447,0.0,0,0
9780,4.220361232757568,0.0,1,1
9781,3.7643189430236816,0.0,0,0
9782,3.3793487548828125,0.0,1,1
9783,4.023469924926758,0.0,0,0
9784,4.1104631423950195,0.0,0,0
9785,3.7828447818756104,0.0,0,0
9786,2.605252742767334,0.0,1,1
9787,4.0854411125183105,0.0,1,1
9788,4.272754669189453,0.0,0,0
9789,4.5508904457092285,0.0,1,1
9790,3.686006546020508,0.0,1,1
9791,4.230304718017578,0.0,1,1
9792,4.166740417480469,0.0,1,1
9793,3.925002098083496,0.0,0,0
9794,4.03782844543457,0.0,0,0
9795,4.3624982833862305,0.0,1,1
9796,3.9106738567352295,0.0,1,1
9797,3.2872672080993652,0.0,0,0
9798,3.891941785812378,0.0,1,1
9799,2.672835111618042,0.0,0,0
9800,4.085590839385986,0.0,1,1
9801,3.8548293113708496,0.0,0,0
9802,2.2845771312713623,0.0,0,0
9803,4.066976070404053,0.0,1,1
9804,3.727293014526367,0.0,1,1
9805,3.668431282043457,0.0,0,0
9806,3.946584463119507,0.0,1,1
9807,3.514859199523926,0.0,0,0
9808,4.102663040161133,0.0,1,1
9809,3.3056371212005615,0.0,0,0
9810,3.9968526363372803,0.0,0,0
9811,3.8193299770355225,0.0,1,1
9812,4.016658782958984,0.0,0,0
9813,4.124355792999268,0.0,1,1
9814,4.408818244934082,0.0,0,0
9815,3.7047860622406006,0.0,1,1
9816,4.232192516326904,0.0,1,1
9817,4.056619644165039,0.0,0,0
9818,3.384218454360962,0.0,1,1
9819,3.458831310272217,0.0,0,0
9820,3.968291997909546,0.0,1,1
9821,3.7928106784820557,0.0,0,0
9822,3.83471417427063,0.0,0,0
9823,3.442347288131714,0.0,1,1
9824,3.927809953689575,0.0,0,0
9825,3.6274805068969727,0.0,1,1
9826,4.0840373039245605,0.0,0,0
9827,4.2472991943359375,0.0,0,0
9828,3.334857940673828,0.0,0,0
9829,3.885223865509033,0.0,0,0
9830,4.539227485656738,0.0,1,1
9831,4.842775821685791,0.0,1,1
9832,4.305058479309082,0.0,0,0
9833,2.8970675468444824,0.0,0,0
9834,3.7916061878204346,0.0,1,1
9835,4.4868035316467285,0.0,1,1
9836,3.5152499675750732,0.0,0,0
9837,4.129134654998779,0.0,1,1
9838,4.0373077392578125,0.0,0,0
9839,3.955846071243286,0.0,1,1
9840,4.097964286804199,0.0,1,1
9841,3.6984269618988037,0.0,0,0
9842,4.684825897216797,0.0,1,1
9843,4.195197105407715,0.0,1,1
9844,4.320563316345215,0.0,1,1
9845,4.26999568939209,0.0,0,0
9846,4.0423784255981445,0.0,1,1
9847,4.164674758911133,0.0,1,1
9848,3.610123634338379,0.0,1,1
9849,3.7661325931549072,0.0,1,1
9850,3.8273377418518066,0.0,0,0
9851,3.539426326751709,0.0,1,1
9852,3.906264543533325,0.0,1,1
9853,3.799147129058838,0.0,1,1
9854,3.2803330421447754,0.0,0,0
9855,3.761136293411255,0.0,1,1
9856,3.5227553844451904,0.0,0,0
9857,4.085885524749756,0.0,0,0
9858,4.071878433227539,0.0,0,0
9859,3.8908610343933105,0.0,0,0
9860,4.062168121337891,0.0,0,0
9861,3.3627121448516846,0.0,0,0
9862,3.3797190189361572,0.0,1,1
9863,4.27019739151001,0.0,0,0
9864,3.8882246017456055,0.0,0,0
9865,3.1834447383880615,0.0,0,0
9866,3.938445568084717,0.0,0,0
9867,4.758661270141602,0.0,0,0
9868,4.202053070068359,0.0,0,0
9869,4.570767402648926,0.0,0,0
9870,3.7422118186950684,0.0,1,1
9871,3.8405864238739014,0.0,1,1
9872,3.6042709350585938,0.0,1,1
9873,3.863265037536621,0.0,0,0
9874,4.303390979766846,0.0,1,1
9875,4.090997219085693,0.0,1,1
9876,3.417787551879883,0.0,1,1
9877,2.7545483112335205,0.0,1,1
9878,3.9333226680755615,0.0,1,1
9879,2.737199068069458,0.0,0,0
9880,3.4873008728027344,0.0,0,0
9881,3.930295467376709,0.0,1,1
9882,3.495659828186035,0.0,1,1
9883,3.737232208251953,0.0,0,0
9884,3.746511697769165,0.0,0,0
9885,3.847900152206421,0.0,0,0
9886,2.996255874633789,0.0,0,0
9887,4.008927345275879,0.0,0,0
9888,3.831352710723877,0.0,0,0
9889,3.9729936122894287,0.0,0,0
9890,4.019014835357666,0.0,1,1
9891,3.9335813522338867,0.0,0,0
9892,4.57050085067749,0.0,0,0
9893,3.6023149490356445,0.0,1,1
9894,3.6290442943573,0.0,0,0
9895,3.9188501834869385,0.0,1,1
9896,3.8526391983032227,0.0,1,1
9897,3.85925555229187,0.0,1,1
9898,3.979947805404663,0.0,1,1
9899,3.7582736015319824,0.0,0,0
9900,3.8564553260803223,0.0,0,0
9901,4.2652716636657715,0.0,0,0
9902,3.7193920612335205,0.0,0,0
9903,3.109017848968506,0.0,1,1
9904,3.8718316555023193,0.0,0,0
9905,3.97175669670105,0.0,0,0
9906,3.6015360355377197,0.0,0,0
9907,4.1419830322265625,0.0,1,1
9908,3.577847957611084,0.0,1,1
9909,3.904663562774658,0.0,1,1
9910,3.4747886657714844,0.0,0,0
9911,3.8965330123901367,0.0,0,0
9912,3.107666492462158,0.0,0,0
9913,3.910292148590088,0.0,1,1
9914,3.5570945739746094,0.0,1,1
9915,4.186204433441162,0.0,1,1
9916,3.701688289642334,0.0,0,0
9917,4.282425880432129,0.0,1,1
9918,3.7208566665649414,0.0,1,1
9919,3.8955955505371094,0.0,0,0
9920,3.758742570877075,0.0,0,0
9921,3.8958637714385986,0.0,0,0
9922,4.338382720947266,0.0,1,1
9923,4.22614049911499,0.0,1,1
9924,4.213972568511963,0.0,0,0
9925,3.802828788757324,0.0,1,1
9926,4.115201950073242,0.0,1,1
9927,4.406686782836914,0.0,1,1
9928,4.290012836456299,0.0,0,0
9929,3.695946216583252,0.0,1,1
9930,4.202477931976318,0.0,1,1
9931,4.121346473693848,0.0,1,1
9932,4.329290390014648,0.0,1,1
9933,3.9783742427825928,0.0,0,0
9934,4.337133407592773,0.0,1,1
9935,3.691814661026001,0.0,0,0
9936,3.156033992767334,0.0,1,1
9937,4.1913533210754395,0.0,1,1
9938,3.9198904037475586,0.0,0,0
9939,4.5842976570129395,0.0,1,1
9940,4.101284980773926,0.0,1,1
9941,3.9639668464660645,0.0,0,0
9942,4.375107288360596,0.0,1,1
9943,4.029641151428223,0.0,0,0
9944,4.704125881195068,0.0,1,1
9945,4.435608386993408,0.0,0,0
9946,4.111110210418701,0.0,0,0
9947,4.903450965881348,0.0,0,0
9948,4.186723709106445,0.0,1,1
9949,4.407995700836182,0.0,1,1
9950,4.11371374130249,0.0,0,0
9951,3.6728780269622803,0.0,1,1
9952,3.9417426586151123,0.0,1,1
9953,4.124718189239502,0.0,1,1
9954,4.286526203155518,0.0,0,0
9955,4.335512638092041,0.0,0,0
9956,4.534122943878174,0.0,0,0
9957,4.284220218658447,0.0,1,1
9958,3.7960543632507324,0.0,1,1
9959,4.290351390838623,0.0,1,1
9960,3.915585517883301,0.0,0,0
9961,3.9579784870147705,0.0,1,1
9962,4.38026237487793,0.0,1,1
9963,3.2718443870544434,0.0,0,0
9964,3.7742421627044678,0.0,0,0
9965,3.184605121612549,0.0,0,0
9966,2.5046017169952393,0.0,0,0
9967,4.04145622253418,0.0,1,1
9968,3.2757816314697266,0.0,0,0
9969,4.116173267364502,0.0,1,1
9970,3.768773317337036,0.0,0,0
9971,4.081815719604492,0.0,1,1
9972,4.06112813949585,0.0,0,0
9973,4.056691646575928,0.0,0,0
9974,4.616715431213379,0.0,1,1
9975,4.342259407043457,0.0,1,1
9976,3.7876698970794678,0.0,1,1
9977,3.7717432975769043,0.0,1,1
9978,4.22990083694458,0.0,0,0
9979,3.8383870124816895,0.0,1,1
9980,4.594123840332031,0.0,1,1
9981,4.448177814483643,0.0,1,1
9982,3.2922990322113037,0.0,1,1
9983,4.417933464050293,0.0,1,1
9984,3.496713399887085,0.0,1,1
9985,4.140920162200928,0.0,0,0
9986,4.279502868652344,0.0,1,1
9987,3.4694385528564453,0.0,1,1
9988,4.147898197174072,0.0,1,1
9989,4.112977981567383,0.0,0,0
9990,3.9681246280670166,0.0,1,1
9991,4.138092041015625,0.0,0,0
9992,3.9846019744873047,0.0,0,0
9993,4.037526607513428,0.0,1,1
9994,4.332301139831543,0.0,1,1
9995,4.357467174530029,0.0,0,0
9996,4.9471845626831055,0.0,0,0
9997,3.837693452835083,0.0,0,0
9998,3.7182371616363525,0.0,0,0
9999,3.687042713165283,0.0,0,0
10000,3.514812707901001,0.0,0,0
