t,loss,entropy,gate_open,updated
1,3.51369571685791,3.682075023651123,1,1
2,3.8889060020446777,3.767010450363159,1,1
3,3.9586803913116455,3.8124260902404785,1,1
4,3.6441006660461426,3.4504599571228027,1,1
5,3.405510425567627,3.195098876953125,1,1
6,3.5513408184051514,3.425842761993408,1,1
7,3.707763433456421,3.431170701980591,1,1
8,3.5403895378112793,3.395742177963257,1,1
9,3.46146297454834,3.4473378658294678,1,1
10,3.0038974285125732,3.1965770721435547,1,1
11,3.6141276359558105,3.475545883178711,1,1
12,3.2413904666900635,3.3069357872009277,1,1
13,3.541640043258667,3.453028917312622,1,1
14,3.913137674331665,3.506544589996338,1,1
15,3.5188369750976562,3.344074249267578,1,1
16,4.034881114959717,3.2593612670898438,1,1
17,3.378958225250244,3.068182945251465,1,1
18,3.101303815841675,2.8903698921203613,1,1
19,3.687657356262207,3.4072556495666504,1,1
20,3.7407360076904297,3.424255609512329,1,1
21,3.8629281520843506,3.6332170963287354,1,1
22,3.6854021549224854,3.3451290130615234,1,1
23,3.835698366165161,3.5018935203552246,1,1
24,2.945937395095825,2.9472498893737793,1,1
25,2.937223434448242,2.8147153854370117,1,1
26,3.2641220092773438,3.020916223526001,1,1
27,3.3856592178344727,3.1934196949005127,1,1
28,3.5922935009002686,3.408637285232544,1,1
29,3.4169504642486572,3.3645009994506836,1,1
30,3.316197633743286,3.123746395111084,1,1
31,3.188375234603882,2.9834413528442383,1,1
32,2.9682180881500244,2.86057448387146,1,1
33,3.0921072959899902,2.9006991386413574,1,1
34,3.5167887210845947,3.261542558670044,1,1
35,3.4102184772491455,3.073383331298828,1,1
36,2.937803030014038,2.7003562450408936,1,1
37,3.2366271018981934,2.7748005390167236,1,1
38,3.2656307220458984,2.6196980476379395,1,1
39,3.0415802001953125,2.747785806655884,1,1
40,3.811488628387451,3.265031576156616,1,1
41,3.5356953144073486,3.358682155609131,1,1
42,3.7240967750549316,3.495171308517456,1,1
43,3.2430639266967773,2.9918088912963867,1,1
44,3.4751341342926025,3.1084675788879395,1,1
45,2.99548602104187,2.9166176319122314,1,1
46,3.1801960468292236,3.016942024230957,1,1
47,3.318565845489502,3.075788974761963,1,1
48,3.616570234298706,3.2421774864196777,1,1
49,3.070979595184326,2.974618434906006,1,1
50,3.629561424255371,3.1883318424224854,1,1
51,3.5506129264831543,3.237652540206909,1,1
52,3.3823091983795166,3.11848783493042,0,0
53,3.521461009979248,3.1519572734832764,0,0
54,2.9925358295440674,3.0180792808532715,1,1
55,3.75449538230896,3.4265966415405273,1,1
56,3.508674144744873,3.1879427433013916,0,0
57,3.8888213634490967,3.470562219619751,0,0
58,3.5330944061279297,3.111421585083008,1,1
59,3.4611198902130127,3.1360316276550293,0,0
60,2.861471652984619,2.5039031505584717,0,0
61,3.1237385272979736,2.637178421020508,1,1
62,3.292120933532715,2.8329241275787354,1,1
63,3.0935850143432617,2.9108946323394775,0,0
64,3.358760356903076,3.0263774394989014,1,1
65,3.0039680004119873,2.6682021617889404,0,0
66,3.1679883003234863,2.7999484539031982,0,0
67,3.0797829627990723,3.00480318069458,1,1
68,3.657111167907715,3.2776761054992676,1,1
69,3.655409336090088,3.3686013221740723,1,1
70,3.5736474990844727,3.198047637939453,1,1
71,3.5617170333862305,3.267202377319336,0,0
72,3.6971018314361572,3.516878604888916,1,1
73,3.9725959300994873,3.502258062362671,0,0
74,3.7530860900878906,3.264643430709839,1,1
75,3.4482321739196777,3.2391350269317627,1,1
76,3.557774543762207,3.1721043586730957,1,1
77,3.641975164413452,3.2161169052124023,0,0
78,3.5116803646087646,3.2672243118286133,1,1
79,3.8434414863586426,3.1950767040252686,1,1
80,3.455735445022583,3.1102967262268066,0,0
81,3.5225114822387695,3.1521100997924805,1,1
82,3.497490406036377,3.198589563369751,0,0
83,3.732232093811035,3.323507785797119,0,0
84,3.3050615787506104,2.9849209785461426,0,0
85,3.5594146251678467,3.285400629043579,0,0
86,3.670201301574707,3.2774345874786377,0,0
87,3.6601178646087646,3.191481113433838,0,0
88,3.8088366985321045,3.390018939971924,1,1
89,3.427690267562866,2.9029507637023926,1,1
90,3.3414323329925537,2.9525365829467773,0,0
91,3.5464258193969727,3.1049559116363525,1,1
92,3.6934103965759277,3.2255029678344727,1,1
93,3.8587591648101807,3.1191258430480957,1,1
94,4.1290717124938965,3.4893012046813965,1,1
95,4.105533123016357,3.554047107696533,1,1
96,3.5337650775909424,3.072413921356201,0,0
97,3.466801166534424,3.0479629039764404,0,0
98,3.2743136882781982,2.9082188606262207,0,0
99,3.5603187084198,3.0465855598449707,1,1
100,3.658923864364624,3.158771514892578,1,1
101,3.634925127029419,3.2985587120056152,1,1
102,3.7159674167633057,3.3758082389831543,0,0
103,3.5311782360076904,3.181508779525757,1,1
104,3.4273200035095215,3.1587958335876465,0,0
105,3.732787609100342,3.218109607696533,0,0
106,3.0047945976257324,2.8361949920654297,1,1
107,3.18534255027771,2.9897141456604004,0,0
108,3.5591423511505127,3.2431740760803223,0,0
109,3.5200836658477783,3.199164390563965,1,1
110,3.9360501766204834,3.2436938285827637,1,1
111,2.993090867996216,2.869826316833496,0,0
112,2.829688310623169,2.566422939300537,0,0
113,3.0129666328430176,2.8903183937072754,0,0
114,2.8831396102905273,2.9399044513702393,0,0
115,3.35412335395813,3.0319199562072754,1,1
116,3.490814447402954,3.1315832138061523,0,0
117,3.672527313232422,3.2090232372283936,1,1
118,3.588575839996338,3.1339902877807617,1,1
119,3.531447649002075,3.3606739044189453,1,1
120,3.674042224884033,3.436394214630127,1,1
121,3.720046281814575,3.3907084465026855,1,1
122,3.7672910690307617,3.4629948139190674,1,1
123,4.1245436668396,3.6401987075805664,1,1
124,3.775911808013916,3.4517393112182617,0,0
125,3.5831735134124756,3.260333776473999,1,1
126,3.797752857208252,3.4368581771850586,1,1
127,3.6117498874664307,3.3396177291870117,1,1
128,3.7625157833099365,3.284167766571045,0,0
129,3.6644980907440186,3.197310447692871,0,0
130,3.6420507431030273,3.006077289581299,1,1
131,3.4139997959136963,2.956460952758789,1,1
132,3.2865288257598877,2.858186960220337,1,1
133,3.2137482166290283,2.8934075832366943,0,0
134,3.1523547172546387,2.8386964797973633,1,1
135,3.4834489822387695,3.088270664215088,1,1
136,3.2813234329223633,3.0232152938842773,1,1
137,3.39595365524292,3.0182149410247803,1,1
138,3.4220590591430664,3.086090564727783,1,1
139,3.363903045654297,3.155611991882324,0,0
140,3.2564260959625244,3.042263984680176,1,1
141,3.4544079303741455,3.1112279891967773,1,1
142,3.299236297607422,3.262188673019409,1,1
143,3.552915096282959,3.1562485694885254,1,1
144,3.3432388305664062,2.9028091430664062,1,1
145,3.385167360305786,3.0876777172088623,1,1
146,3.1940157413482666,2.8414359092712402,0,0
147,3.4832496643066406,2.918119192123413,1,1
148,3.628598928451538,3.002201557159424,1,1
149,3.5109732151031494,3.147169589996338,0,0
150,3.243363380432129,2.9966721534729004,1,1
151,3.389930248260498,2.9557247161865234,1,1
152,3.2800018787384033,3.0039467811584473,0,0
153,3.667595863342285,2.990386962890625,0,0
154,3.2418205738067627,2.832444429397583,1,1
155,3.277191638946533,2.858865976333618,1,1
156,3.7213587760925293,3.0271058082580566,1,1
157,4.0706329345703125,3.4328243732452393,1,1
158,3.7621662616729736,3.3874001502990723,1,1
159,3.8622052669525146,3.2330758571624756,1,1
160,3.5489091873168945,2.916897773742676,0,0
161,3.708045721054077,3.1585886478424072,0,0
162,3.554962396621704,2.9700541496276855,1,1
163,3.1056604385375977,2.878312587738037,0,0
164,3.293163776397705,2.760468006134033,0,0
165,3.1212878227233887,2.939040422439575,0,0
166,3.5965282917022705,2.9783506393432617,0,0
167,2.760737895965576,2.6861412525177,0,0
168,3.21232008934021,2.8972511291503906,1,1
169,3.2605648040771484,3.068495273590088,0,0
170,3.0167410373687744,2.866238594055176,0,0
171,3.3359885215759277,3.096433639526367,0,0
172,3.804323434829712,3.211794853210449,1,1
173,3.7691216468811035,3.255793571472168,1,1
174,3.2814249992370605,2.7414262294769287,1,1
175,3.0815060138702393,2.9063382148742676,0,0
176,3.086639642715454,2.745049476623535,0,0
177,2.6973819732666016,2.2803120613098145,0,0
178,3.0798776149749756,2.7660903930664062,0,0
179,3.6018025875091553,3.084665536880493,1,1
180,3.438976526260376,3.2387757301330566,1,1
181,3.5019242763519287,3.2631709575653076,0,0
182,3.4362001419067383,3.0888428688049316,0,0
183,3.713069200515747,3.3589630126953125,0,0
184,3.5065321922302246,3.1553561687469482,1,1
185,3.5968499183654785,3.280982255935669,1,1
186,3.79498553276062,3.3092854022979736,0,0
187,3.7077040672302246,3.265826463699341,1,1
188,3.8608899116516113,3.3020851612091064,0,0
189,3.553978681564331,3.1799426078796387,0,0
190,3.4982659816741943,3.090073347091675,0,0
191,3.544753313064575,3.1766185760498047,0,0
192,3.7342379093170166,3.28737473487854,1,1
193,3.5973052978515625,3.220473289489746,0,0
194,3.0335538387298584,2.9854836463928223,0,0
195,3.1546599864959717,3.0842056274414062,0,0
196,3.6309814453125,3.256997585296631,1,1
197,3.5041370391845703,3.219668388366699,1,1
198,3.489896059036255,3.273758888244629,1,1
199,3.2789201736450195,3.094236373901367,0,0
200,3.3410205841064453,3.0774712562561035,0,0
201,3.5444040298461914,3.3231472969055176,0,0
202,3.5647058486938477,3.2832388877868652,0,0
203,3.635369300842285,3.2209391593933105,0,0
204,3.6572177410125732,3.18593168258667,0,0
205,3.578845977783203,3.237149715423584,1,1
206,3.271338701248169,2.8966500759124756,0,0
207,3.3011233806610107,3.0264196395874023,0,0
208,3.2931525707244873,3.05472469329834,0,0
209,3.473046064376831,3.191706657409668,1,1
210,3.21673321723938,2.996812343597412,0,0
211,3.362409830093384,3.0589542388916016,1,1
212,3.5086421966552734,2.964101791381836,0,0
213,4.017899990081787,3.2748961448669434,1,1
214,3.7361361980438232,3.1060025691986084,0,0
215,3.97602915763855,3.313821315765381,1,1
216,3.645413637161255,3.1853220462799072,0,0
217,3.864140748977661,3.2883780002593994,1,1
218,3.7045581340789795,3.1898515224456787,0,0
219,3.457305669784546,2.911926031112671,1,1
220,2.9824166297912598,2.724904775619507,1,1
221,3.124849319458008,2.7786734104156494,1,1
222,3.0320496559143066,2.8091206550598145,1,1
223,2.6989402770996094,2.6049180030822754,0,0
224,2.8864543437957764,2.5844645500183105,0,0
225,3.0624542236328125,2.9127511978149414,0,0
226,2.8145687580108643,2.742739200592041,1,1
227,2.8715624809265137,2.723280429840088,0,0
228,2.936122417449951,2.713658571243286,0,0
229,3.424470901489258,3.040813446044922,0,0
230,3.1337549686431885,2.9379749298095703,0,0
231,3.162036418914795,2.984865188598633,0,0
232,3.147306203842163,2.8873043060302734,0,0
233,3.401517868041992,3.084533214569092,0,0
234,2.7836897373199463,2.718376398086548,0,0
235,3.1477391719818115,3.02146315574646,0,0
236,3.101900339126587,2.9500811100006104,0,0
237,3.2944605350494385,2.8394033908843994,0,0
238,3.413013458251953,3.118854522705078,0,0
239,3.184645652770996,2.9575986862182617,0,0
240,2.883387565612793,2.7975525856018066,0,0
241,3.568392276763916,3.1933064460754395,1,1
242,2.9971611499786377,2.78964900970459,0,0
243,3.690589189529419,3.3972089290618896,1,1
244,3.0630314350128174,2.889035940170288,0,0
245,3.219743251800537,2.9655823707580566,1,1
246,3.5718941688537598,3.2608208656311035,1,1
247,3.5254361629486084,3.138784885406494,1,1
248,3.334758996963501,2.879983425140381,0,0
249,3.3623764514923096,3.0920157432556152,1,1
250,3.5680742263793945,3.2787485122680664,1,1
251,3.4181902408599854,2.9391701221466064,1,1
252,3.7493531703948975,3.2479395866394043,1,1
253,3.3789849281311035,2.94973087310791,0,0
254,3.4485414028167725,3.1688647270202637,0,0
255,3.670454263687134,2.92641282081604,1,1
256,4.004372596740723,3.095289707183838,1,1
257,3.477393627166748,3.113456964492798,0,0
258,3.479146957397461,3.088494300842285,0,0
259,3.7334511280059814,3.1031084060668945,1,1
260,3.748298168182373,3.034524440765381,1,1
261,3.762481689453125,3.2541327476501465,1,1
262,3.639551877975464,3.1137566566467285,0,0
263,3.843032121658325,3.2788805961608887,1,1
264,3.631227493286133,3.016819477081299,1,1
265,3.1672255992889404,2.676867961883545,0,0
266,3.555572032928467,2.99998140335083,1,1
267,3.1422109603881836,2.7226014137268066,1,1
268,2.745323896408081,2.5973634719848633,0,0
269,3.1275177001953125,2.9884791374206543,1,1
270,3.1030826568603516,2.9568233489990234,0,0
271,3.439653158187866,2.970705509185791,1,1
272,3.703263998031616,3.2780749797821045,0,0
273,3.5641446113586426,3.197963237762451,1,1
274,3.5583362579345703,3.207643985748291,0,0
275,3.407219409942627,3.1846885681152344,0,0
276,2.9894964694976807,3.084052801132202,0,0
277,3.535409450531006,3.0430245399475098,1,1
278,3.537243127822876,3.1009111404418945,1,1
279,3.2484254837036133,3.130338430404663,1,1
280,3.7289035320281982,3.272099018096924,1,1
281,3.1853268146514893,3.0881662368774414,0,0
282,3.474808692932129,3.298032283782959,0,0
283,3.1088929176330566,2.810906171798706,0,0
284,3.449967861175537,3.117685079574585,1,1
285,3.586505889892578,3.2828378677368164,0,0
286,3.3370361328125,3.055485486984253,1,1
287,3.608820915222168,3.194795608520508,0,0
288,3.57395076751709,3.3367621898651123,0,0
289,3.691753387451172,3.279604434967041,1,1
290,3.5846054553985596,3.3567495346069336,1,1
291,3.4774961471557617,3.0834264755249023,1,1
292,3.6355578899383545,3.29697322845459,1,1
293,3.418811082839966,3.0849697589874268,0,0
294,3.684187412261963,3.1999099254608154,1,1
295,3.596804618835449,3.160233497619629,1,1
296,3.437476634979248,3.071014642715454,0,0
297,2.9405598640441895,2.687258720397949,0,0
298,3.230526924133301,2.755634307861328,1,1
299,2.9096627235412598,2.7680718898773193,0,0
300,3.2108688354492188,2.820587396621704,0,0
301,3.452045202255249,3.06252384185791,0,0
302,3.261387586593628,2.8530173301696777,1,1
303,3.7773923873901367,3.337125062942505,0,0
304,3.6017487049102783,3.1063151359558105,1,1
305,3.7445483207702637,3.3580827713012695,0,0
306,2.5853233337402344,2.445831775665283,0,0
307,3.513847827911377,3.000126361846924,1,1
308,3.46341609954834,3.0570030212402344,1,1
309,3.6099355220794678,3.1397838592529297,0,0
310,3.5670909881591797,3.0665504932403564,0,0
311,3.4262616634368896,3.04107403755188,0,0
312,3.538421392440796,3.0544023513793945,0,0
313,3.3655176162719727,2.920816421508789,0,0
314,3.066171169281006,2.7352614402770996,1,1
315,3.445687770843506,3.020021915435791,0,0
316,3.890282154083252,3.2666611671447754,1,1
317,3.1531028747558594,2.7278971672058105,0,0
318,2.6236860752105713,2.4123854637145996,0,0
319,3.2700541019439697,2.9849705696105957,0,0
320,3.427564859390259,3.1034369468688965,1,1
321,3.2087228298187256,2.984114646911621,0,0
322,3.1687979698181152,2.8729515075683594,0,0
323,3.205639362335205,2.918668270111084,0,0
324,3.295441150665283,2.9738826751708984,1,1
325,3.1752474308013916,2.8935658931732178,1,1
326,3.7154457569122314,2.985006093978882,1,1
327,3.441465139389038,3.057070255279541,1,1
328,3.375030040740967,2.9679932594299316,1,1
329,3.819277763366699,3.423920154571533,1,1
330,3.3979005813598633,3.0953495502471924,0,0
331,3.789036512374878,3.07584810256958,1,1
332,3.556912422180176,3.0780563354492188,0,0
333,3.4566893577575684,2.907723903656006,0,0
334,3.2339587211608887,2.751678228378296,0,0
335,3.3720850944519043,3.0749831199645996,0,0
336,3.495865821838379,3.0498030185699463,0,0
337,3.44490647315979,2.970587968826294,1,1
338,3.445019245147705,2.807164192199707,0,0
339,2.9993033409118652,2.64705753326416,0,0
340,3.2346713542938232,2.8177757263183594,1,1
341,2.9763946533203125,2.5908713340759277,0,0
342,3.0061941146850586,2.652939796447754,0,0
343,3.3002164363861084,2.7751922607421875,0,0
344,3.5837976932525635,2.8841800689697266,1,1
345,3.102693796157837,2.7831180095672607,1,1
346,3.671741008758545,3.179574489593506,1,1
347,3.5513925552368164,3.048050880432129,0,0
348,3.6941449642181396,3.177832841873169,0,0
349,3.765749931335449,3.178323268890381,1,1
350,3.5609169006347656,3.0835721492767334,0,0
351,3.5824379920959473,2.977630853652954,1,1
352,4.009979724884033,3.2830276489257812,1,1
353,3.78609037399292,3.224508285522461,0,0
354,3.4656941890716553,2.886101722717285,0,0
355,3.1983537673950195,2.754127025604248,1,1
356,3.6791200637817383,3.109163761138916,1,1
357,3.7531092166900635,3.2933402061462402,1,1
358,3.6837120056152344,3.1617507934570312,1,1
359,3.4739699363708496,3.186551094055176,1,1
360,4.052371501922607,3.421950101852417,1,1
361,4.314798831939697,3.4529123306274414,1,1
362,3.4776649475097656,3.051783561706543,0,0
363,3.60239839553833,3.3336167335510254,1,1
364,3.5558669567108154,3.460918426513672,1,1
365,3.485623836517334,3.171032428741455,1,1
366,3.3137388229370117,3.217207431793213,0,0
367,3.556046724319458,3.4203643798828125,0,0
368,3.4990618228912354,3.448838233947754,0,0
369,3.6695845127105713,3.399437427520752,1,1
370,3.4265692234039307,3.3438916206359863,0,0
371,3.1561155319213867,3.0683276653289795,1,1
372,2.7186036109924316,2.6813008785247803,1,1
373,3.2419416904449463,3.039017677307129,0,0
374,2.5757203102111816,2.58951473236084,0,0
375,3.547778367996216,3.247878074645996,0,0
376,3.837277889251709,3.481397867202759,0,0
377,4.141502857208252,3.5310778617858887,1,1
378,3.033716917037964,2.705002784729004,0,0
379,3.4003851413726807,3.168779134750366,0,0
380,3.273318290710449,2.9489336013793945,1,1
381,3.451425552368164,3.0619049072265625,1,1
382,3.257892608642578,2.918003797531128,0,0
383,3.011465072631836,2.871659755706787,0,0
384,3.0854270458221436,2.8225131034851074,0,0
385,3.1666715145111084,3.0470468997955322,0,0
386,3.451648712158203,2.8802850246429443,1,1
387,3.6959846019744873,3.1722474098205566,1,1
388,3.2558226585388184,2.7729244232177734,1,1
389,3.2287299633026123,2.5563669204711914,1,1
390,3.040623664855957,2.454235553741455,1,1
391,3.5229990482330322,3.051241636276245,0,0
392,4.637070178985596,3.3502683639526367,1,1
393,5.331648349761963,3.345951557159424,1,1
394,2.872206449508667,2.4888932704925537,0,0
395,3.4831674098968506,2.8578274250030518,0,0
396,3.519240379333496,2.861844539642334,0,0
397,3.520612955093384,2.726799726486206,1,1
398,3.350663423538208,2.7768542766571045,0,0
399,3.1639695167541504,2.8967552185058594,1,1
400,3.557190179824829,3.149057388305664,1,1
401,3.7181081771850586,3.2987136840820312,1,1
402,3.5477752685546875,3.203993558883667,0,0
403,3.432173013687134,3.197096586227417,1,1
404,3.440263032913208,3.263866662979126,0,0
405,3.865924119949341,3.481447696685791,1,1
406,3.5931520462036133,3.234961748123169,1,1
407,3.5195603370666504,3.1672396659851074,1,1
408,3.4162893295288086,3.1975064277648926,0,0
409,3.4557745456695557,3.0930519104003906,0,0
410,3.411696672439575,3.1385622024536133,0,0
411,3.385141372680664,3.013197422027588,0,0
412,3.0898847579956055,3.00508975982666,1,1
413,3.2483274936676025,2.974395513534546,0,0
414,3.5682592391967773,3.105624198913574,1,1
415,3.596513032913208,3.035698413848877,1,1
416,3.189814567565918,2.9579050540924072,0,0
417,3.417034387588501,3.1546077728271484,1,1
418,3.2333953380584717,2.917027473449707,1,1
419,3.5721004009246826,3.141594648361206,0,0
420,3.490588426589966,3.058074951171875,1,1
421,3.0881028175354004,2.9360344409942627,0,0
422,3.2406466007232666,2.9323320388793945,0,0
423,3.4716708660125732,3.0380287170410156,0,0
424,3.674501657485962,3.097440242767334,0,0
425,3.4632980823516846,3.131535053253174,0,0
426,3.645442485809326,3.174985408782959,0,0
427,3.5367419719696045,3.0208749771118164,1,1
428,3.5688915252685547,3.1041178703308105,1,1
429,3.9069056510925293,3.327601909637451,1,1
430,3.903048038482666,3.2488317489624023,1,1
431,3.7716851234436035,3.0636210441589355,1,1
432,3.845170259475708,3.2391762733459473,1,1
433,3.3975887298583984,2.916529893875122,0,0
434,3.9197239875793457,3.234532356262207,1,1
435,3.315119981765747,2.833975076675415,1,1
436,3.530898332595825,3.1528682708740234,0,0
437,3.2975614070892334,2.8222360610961914,0,0
438,3.0847008228302,2.7472336292266846,0,0
439,3.3964955806732178,2.7570338249206543,0,0
440,3.173900842666626,2.8308520317077637,1,1
441,3.2568743228912354,2.9437711238861084,0,0
442,3.3908233642578125,3.053011655807495,1,1
443,3.2773447036743164,3.104285717010498,0,0
444,2.8460986614227295,2.786228656768799,0,0
445,2.865013360977173,2.688084602355957,1,1
446,3.279740571975708,3.1854920387268066,0,0
447,3.853724479675293,3.2394089698791504,1,1
448,3.4425976276397705,3.083405017852783,1,1
449,3.795478105545044,3.2847819328308105,1,1
450,4.130618572235107,3.4748899936676025,1,1
451,3.681394338607788,3.3965275287628174,1,1
452,3.370723247528076,3.0193378925323486,1,1
453,3.344017505645752,2.866797924041748,0,0
454,3.2136390209198,2.710012435913086,1,1
455,3.283611536026001,2.8730456829071045,0,0
456,3.0717549324035645,2.881251096725464,1,1
457,2.944507598876953,2.759303569793701,0,0
458,2.7714877128601074,2.65305233001709,0,0
459,2.7797460556030273,2.509908676147461,0,0
460,2.9458494186401367,2.5890157222747803,1,1
461,3.0919106006622314,2.7448043823242188,0,0
462,3.101515531539917,2.835662841796875,1,1
463,3.0654520988464355,2.898911952972412,0,0
464,3.255836248397827,2.928560733795166,1,1
465,3.26652455329895,2.9776947498321533,0,0
466,3.3940415382385254,2.9253764152526855,0,0
467,3.313159704208374,3.0867843627929688,0,0
468,3.138965368270874,2.9516077041625977,0,0
469,3.2419512271881104,3.0225956439971924,0,0
470,2.9377408027648926,2.5960283279418945,1,1
471,3.079338312149048,3.0365724563598633,1,1
472,3.0947227478027344,2.9256393909454346,0,0
473,2.9758388996124268,2.7658910751342773,0,0
474,3.2157061100006104,2.9936599731445312,0,0
475,2.954819917678833,2.590205430984497,0,0
476,2.7869036197662354,2.692220687866211,0,0
477,3.098867654800415,2.7142691612243652,0,0
478,2.9615304470062256,2.7191569805145264,0,0
479,3.036700487136841,2.7943899631500244,0,0
480,2.8726444244384766,2.5439631938934326,0,0
481,3.7045538425445557,3.0852155685424805,1,1
482,4.256706714630127,3.1890368461608887,1,1
483,3.365663528442383,2.864811420440674,0,0
484,3.9975662231445312,3.2026772499084473,1,1
485,3.6614670753479004,3.1609368324279785,1,1
486,3.896932363510132,3.1984405517578125,1,1
487,3.6796951293945312,3.11893630027771,0,0
488,3.813485622406006,3.21584415435791,1,1
489,3.7177839279174805,3.0152440071105957,1,1
490,4.051229953765869,3.2525525093078613,1,1
491,3.709378242492676,3.094827651977539,1,1
492,3.881052017211914,3.2379894256591797,0,0
493,3.6745450496673584,3.194730281829834,1,1
494,3.4530086517333984,3.0856800079345703,0,0
495,3.246399402618408,2.8033881187438965,0,0
496,3.5740139484405518,3.0266103744506836,0,0
497,3.7177670001983643,3.18241286277771,1,1
498,3.540705919265747,3.278648614883423,1,1
499,3.315995931625366,3.135415554046631,0,0
500,3.685765027999878,3.33168888092041,1,1
501,3.7041220664978027,3.192206382751465,0,0
502,3.5283193588256836,3.284597396850586,0,0
503,3.69037127494812,3.186384677886963,1,1
504,3.392582654953003,2.9783687591552734,0,0
505,3.284398078918457,3.078547477722168,0,0
506,3.590017795562744,3.1311187744140625,1,1
507,3.439842700958252,3.0140204429626465,0,0
508,3.3547146320343018,2.987286329269409,0,0
509,3.705504894256592,3.323615074157715,0,0
510,3.4768810272216797,2.913137912750244,1,1
511,4.01588249206543,3.509566307067871,1,1
512,3.7722690105438232,3.4360430240631104,0,0
513,3.4014577865600586,3.228065013885498,1,1
514,3.5945823192596436,3.374168634414673,1,1
515,3.4617271423339844,3.120509624481201,0,0
516,3.8640477657318115,3.4148101806640625,1,1
517,3.9321134090423584,3.371758460998535,1,1
518,3.464658498764038,3.19789719581604,1,1
519,2.9770922660827637,2.789822816848755,1,1
520,2.6794347763061523,2.3987066745758057,0,0
521,2.90343976020813,2.695855140686035,1,1
522,3.2178080081939697,2.9017953872680664,1,1
523,3.214597225189209,2.794644594192505,1,1
524,2.8169002532958984,2.556704044342041,0,0
525,2.996332883834839,2.6128244400024414,1,1
526,2.9227705001831055,2.321721076965332,0,0
527,2.6439201831817627,2.2963130474090576,0,0
528,3.1518821716308594,2.742757797241211,0,0
529,3.069079637527466,2.728642463684082,0,0
530,3.5075042247772217,3.1211724281311035,0,0
531,4.044522285461426,3.5852229595184326,1,1
532,2.8924992084503174,2.5936031341552734,0,0
533,3.3770830631256104,3.113771438598633,0,0
534,3.1992759704589844,2.6767356395721436,0,0
535,3.4616854190826416,3.0899510383605957,0,0
536,3.6129891872406006,3.145765781402588,1,1
537,3.7587764263153076,3.191466808319092,1,1
538,3.8443641662597656,3.051003932952881,1,1
539,3.0284481048583984,2.8540725708007812,0,0
540,3.340810775756836,2.8039538860321045,1,1
541,3.2288289070129395,2.8783469200134277,0,0
542,3.386922836303711,3.1263630390167236,0,0
543,3.369598388671875,2.9293808937072754,0,0
544,2.9640491008758545,2.6466445922851562,0,0
545,3.4051520824432373,2.9378631114959717,1,1
546,2.3038649559020996,2.116060733795166,0,0
547,2.2466766834259033,1.9810130596160889,0,0
548,3.0992231369018555,2.6375622749328613,0,0
549,3.5874366760253906,3.085463523864746,1,1
550,3.35565447807312,2.8305535316467285,1,1
551,3.4011504650115967,3.0108606815338135,0,0
552,3.3846728801727295,2.9225451946258545,1,1
553,3.335214376449585,3.000448226928711,0,0
554,3.3527350425720215,3.09584903717041,1,1
555,2.726339101791382,2.422192096710205,0,0
556,2.956857681274414,2.4444923400878906,1,1
557,2.913947582244873,2.6490015983581543,0,0
558,3.364391803741455,3.0927634239196777,0,0
559,3.5294864177703857,2.826472759246826,1,1
560,3.6282663345336914,3.064342975616455,1,1
561,3.239333391189575,2.859363317489624,1,1
562,3.308844566345215,2.963015079498291,1,1
563,3.383091449737549,2.9216670989990234,0,0
564,3.3556742668151855,2.8405017852783203,0,0
565,2.826347589492798,2.345874309539795,0,0
566,3.3701212406158447,2.8910303115844727,0,0
567,3.5423810482025146,3.0101892948150635,0,0
568,3.285144805908203,2.800475597381592,0,0
569,3.7827632427215576,3.235963821411133,1,1
570,3.5442466735839844,3.046246290206909,0,0
571,3.190877676010132,2.9241697788238525,0,0
572,2.940150260925293,2.540855884552002,0,0
573,3.755272388458252,3.0750625133514404,0,0
574,3.2126376628875732,2.9388179779052734,0,0
575,2.7739901542663574,2.5496158599853516,0,0
576,2.874823570251465,2.580662727355957,1,1
577,3.192723035812378,2.8173837661743164,0,0
578,3.4584076404571533,2.9863085746765137,0,0
579,3.77350115776062,3.202073097229004,1,1
580,3.4536068439483643,3.015350580215454,1,1
581,3.830773115158081,3.07897686958313,1,1
582,3.3422670364379883,2.8368782997131348,1,1
583,3.493725299835205,3.000514030456543,1,1
584,3.557037115097046,3.135359048843384,1,1
585,3.0845658779144287,2.702291250228882,0,0
586,3.399949550628662,3.047703742980957,1,1
587,3.302292585372925,2.9659664630889893,0,0
588,3.501520872116089,3.0332319736480713,1,1
589,3.433086633682251,2.991335391998291,0,0
590,3.298111915588379,3.0055148601531982,1,1
591,3.0110316276550293,2.9675049781799316,0,0
592,3.319195032119751,2.9897420406341553,1,1
593,3.2195956707000732,3.148123025894165,0,0
594,3.0564756393432617,2.5870490074157715,1,1
595,3.481180191040039,3.020237922668457,0,0
596,3.2124385833740234,2.78485369682312,1,1
597,3.1879405975341797,2.6450765132904053,1,1
598,3.3299403190612793,2.7912487983703613,0,0
599,3.5543174743652344,2.8452467918395996,1,1
600,3.223257303237915,2.870778799057007,0,0
601,3.4333438873291016,2.8241000175476074,0,0
602,3.584181785583496,2.9272849559783936,0,0
603,3.47070574760437,3.174785614013672,1,1
604,3.282942056655884,2.9619812965393066,1,1
605,3.273703098297119,3.0726141929626465,1,1
606,3.3934595584869385,3.1294612884521484,0,0
607,3.5006203651428223,3.0888092517852783,1,1
608,3.061105251312256,2.8489856719970703,1,1
609,3.56730318069458,3.132577896118164,0,0
610,3.6451854705810547,3.115187644958496,1,1
611,3.503093719482422,2.9579503536224365,1,1
612,3.867126703262329,3.0910162925720215,1,1
613,3.577003002166748,2.9290313720703125,1,1
614,3.5537662506103516,3.0820412635803223,1,1
615,3.3036160469055176,2.9274649620056152,0,0
616,3.492431879043579,3.2500345706939697,0,0
617,3.250380039215088,2.9765138626098633,1,1
618,3.5988452434539795,3.0624899864196777,0,0
619,3.522343873977661,3.155223846435547,1,1
620,3.187520742416382,2.7880730628967285,0,0
621,3.415123462677002,2.93115234375,1,1
622,3.672851085662842,3.040191173553467,1,1
623,3.629319429397583,3.193634033203125,1,1
624,3.3689067363739014,2.938509225845337,1,1
625,3.484868049621582,3.134746551513672,0,0
626,3.4319424629211426,3.1915283203125,1,1
627,3.7236294746398926,3.0920610427856445,0,0
628,3.5951428413391113,3.3274433612823486,1,1
629,4.202148914337158,3.3429436683654785,1,1
630,3.3317482471466064,2.9220972061157227,0,0
631,3.1909334659576416,2.9818692207336426,0,0
632,3.467067241668701,3.1592397689819336,0,0
633,3.41102933883667,3.0803134441375732,1,1
634,3.795285224914551,3.318355083465576,1,1
635,3.5381147861480713,3.2634100914001465,0,0
636,3.4652609825134277,3.1223220825195312,1,1
637,3.4571125507354736,3.0501275062561035,0,0
638,3.0363609790802,2.827570915222168,1,1
639,3.6968462467193604,3.116130828857422,1,1
640,3.4828360080718994,3.259347438812256,1,1
641,3.586672067642212,3.106323719024658,1,1
642,3.4765470027923584,3.0625925064086914,1,1
643,2.900836944580078,2.6639227867126465,0,0
644,2.8352925777435303,2.6937971115112305,0,0
645,2.93479323387146,2.685873508453369,0,0
646,3.365149736404419,2.9651761054992676,0,0
647,3.6054322719573975,3.234927177429199,0,0
648,3.4266488552093506,3.1573190689086914,0,0
649,4.109807014465332,3.4229533672332764,1,1
650,3.4874424934387207,3.0678653717041016,0,0
651,3.592556953430176,3.3821654319763184,0,0
652,3.70540452003479,3.148190498352051,0,0
653,3.416776657104492,3.204465866088867,0,0
654,3.6141605377197266,3.3051562309265137,1,1
655,3.3875670433044434,3.144113063812256,1,1
656,3.1078290939331055,2.915916919708252,0,0
657,3.300053119659424,2.915883779525757,0,0
658,3.5866737365722656,3.212214469909668,1,1
659,4.032474517822266,3.5635123252868652,1,1
660,3.968432664871216,3.4933032989501953,0,0
661,3.8705625534057617,3.248666763305664,1,1
662,4.3252177238464355,3.485836982727051,1,1
663,4.105184078216553,3.3329806327819824,0,0
664,3.6733953952789307,3.0039470195770264,1,1
665,3.2784321308135986,2.9020893573760986,1,1
666,3.7133431434631348,3.1820602416992188,0,0
667,3.5620100498199463,2.9137415885925293,0,0
668,4.202661514282227,3.4024100303649902,1,1
669,3.9814140796661377,3.2278618812561035,1,1
670,3.692629814147949,3.2932868003845215,0,0
671,3.920940399169922,3.431103229522705,1,1
672,3.716399669647217,3.2388293743133545,1,1
673,4.029265403747559,3.5862226486206055,1,1
674,3.7449495792388916,3.307404041290283,1,1
675,3.6604769229888916,3.2399027347564697,0,0
676,3.4652767181396484,3.233673572540283,0,0
677,3.6631577014923096,3.1926140785217285,0,0
678,3.8502962589263916,3.4281563758850098,0,0
679,4.037086486816406,3.5720138549804688,0,0
680,4.06370210647583,3.311706066131592,1,1
681,4.063057899475098,3.3501052856445312,0,0
682,3.9454727172851562,3.425067186355591,0,0
683,3.781651258468628,3.3972434997558594,1,1
684,4.007364273071289,3.4508719444274902,1,1
685,3.738530158996582,3.3932149410247803,0,0
686,3.3198843002319336,3.0512142181396484,1,1
687,2.8496315479278564,2.8746514320373535,0,0
688,3.857435464859009,3.1923389434814453,0,0
689,3.024860382080078,2.7622764110565186,0,0
690,3.4879934787750244,3.199887275695801,1,1
691,3.0203604698181152,2.6200594902038574,1,1
692,3.239323616027832,2.9837958812713623,0,0
693,3.2499313354492188,2.998469829559326,1,1
694,3.4186556339263916,3.172457218170166,1,1
695,3.618429183959961,3.2101263999938965,1,1
696,3.4702608585357666,3.252683401107788,0,0
697,3.112187147140503,3.0625557899475098,0,0
698,3.4187777042388916,2.928363800048828,0,0
699,2.6117465496063232,2.6685140132904053,0,0
700,3.592594623565674,3.3575901985168457,0,0
701,2.814972400665283,2.749251365661621,0,0
702,3.3654565811157227,2.909604787826538,0,0
703,3.359821081161499,2.8718833923339844,0,0
704,3.365401268005371,3.025542736053467,1,1
705,3.359416961669922,3.128288507461548,1,1
706,3.384915351867676,2.83851957321167,1,1
707,3.5763278007507324,3.1947901248931885,0,0
708,3.24288010597229,2.9546618461608887,0,0
709,2.647595167160034,2.358539342880249,1,1
710,2.5154762268066406,2.222184181213379,1,1
711,2.7936246395111084,2.2420482635498047,1,1
712,2.9797215461730957,2.400273323059082,1,1
713,3.1810340881347656,2.7843427658081055,0,0
714,3.4373056888580322,3.1817755699157715,1,1
715,3.7788102626800537,3.3696491718292236,1,1
716,0.8070281147956848,0.8703159093856812,1,1
717,2.4376537799835205,2.1871497631073,0,0
718,3.1126515865325928,3.069528818130493,0,0
719,3.209115982055664,3.113635301589966,1,1
720,3.2288196086883545,3.1956706047058105,0,0
721,3.4119696617126465,3.188807487487793,0,0
722,3.3254973888397217,3.078791618347168,0,0
723,3.5235602855682373,3.383972406387329,1,1
724,3.9165947437286377,3.478428602218628,1,1
725,3.5439064502716064,3.3404080867767334,0,0
726,3.8647336959838867,3.3417506217956543,1,1
727,3.562594175338745,3.3693981170654297,0,0
728,3.5453755855560303,3.3993616104125977,0,0
729,3.5227746963500977,3.245774507522583,0,0
730,3.439462184906006,3.206084728240967,0,0
731,3.6521332263946533,3.3946785926818848,1,1
732,3.641577959060669,3.332071542739868,1,1
733,3.9867777824401855,3.4734504222869873,1,1
734,3.4449543952941895,3.3213133811950684,1,1
735,3.394636869430542,3.105956554412842,1,1
736,3.6110410690307617,3.321417808532715,0,0
737,3.7198610305786133,3.298165798187256,0,0
738,3.771951198577881,3.2814338207244873,1,1
739,3.401841402053833,3.10939884185791,0,0
740,3.7021255493164062,3.324559450149536,1,1
741,3.790478229522705,3.1959762573242188,1,1
742,3.4811012744903564,3.16019868850708,0,0
743,3.8303892612457275,3.4038429260253906,1,1
744,3.701667308807373,3.389868974685669,0,0
745,3.769681692123413,3.428619384765625,1,1
746,3.530632257461548,3.2417197227478027,0,0
747,3.532876491546631,3.167118787765503,1,1
748,3.3450326919555664,2.9756054878234863,1,1
749,3.2308340072631836,2.970767021179199,1,1
750,3.545867681503296,3.2027885913848877,1,1
751,3.521111249923706,3.1481165885925293,0,0
752,3.404006242752075,2.9550955295562744,0,0
753,3.507445812225342,2.9523940086364746,1,1
754,2.9259133338928223,2.5715036392211914,1,1
755,3.7903308868408203,3.475980043411255,1,1
756,3.678579330444336,3.2905797958374023,1,1
757,3.3479361534118652,2.9584381580352783,1,1
758,3.847355365753174,3.2793915271759033,1,1
759,3.62465763092041,3.1986782550811768,1,1
760,4.05722713470459,3.571303367614746,1,1
761,3.5335869789123535,3.334752082824707,1,1
762,3.605499267578125,3.074662208557129,1,1
763,3.7275962829589844,3.0218119621276855,1,1
764,4.16083288192749,3.3899548053741455,0,0
765,3.7657878398895264,3.182499885559082,1,1
766,3.8570802211761475,3.2390382289886475,1,1
767,3.490607261657715,3.00004243850708,1,1
768,3.5097556114196777,2.994785785675049,1,1
769,3.548642873764038,3.0353925228118896,0,0
770,3.5624895095825195,3.3016817569732666,1,1
771,3.9071879386901855,3.300467014312744,1,1
772,3.323158025741577,3.059919834136963,0,0
773,3.263655424118042,3.059938669204712,1,1
774,3.572908639907837,3.1569037437438965,1,1
775,3.702375888824463,3.2467169761657715,1,1
776,3.476914405822754,3.121310234069824,1,1
777,2.8146941661834717,2.628016471862793,1,1
778,3.0150203704833984,2.764542579650879,0,0
779,3.3500070571899414,3.042611598968506,0,0
780,3.3764822483062744,3.1832356452941895,1,1
781,3.8532700538635254,3.4152817726135254,1,1
782,3.5975513458251953,3.3151919841766357,1,1
783,3.0968213081359863,3.0048346519470215,0,0
784,3.2859556674957275,2.983199119567871,0,0
785,2.9408748149871826,2.667288303375244,0,0
786,3.0769786834716797,2.7330141067504883,0,0
787,2.6575183868408203,2.5536932945251465,0,0
788,3.5569512844085693,3.163233518600464,0,0
789,3.5175089836120605,3.1737313270568848,0,0
790,2.932089328765869,2.7075183391571045,0,0
791,3.7393152713775635,3.1775736808776855,1,1
792,3.5406696796417236,2.995795488357544,0,0
793,3.343904733657837,3.041335105895996,1,1
794,3.6540539264678955,3.2643120288848877,1,1
795,3.6041617393493652,3.3600010871887207,0,0
796,3.844982862472534,3.3441922664642334,1,1
797,3.2979214191436768,3.237828254699707,1,1
798,3.5285356044769287,3.142216682434082,1,1
799,3.6202149391174316,3.218012809753418,0,0
800,3.7036056518554688,3.3226826190948486,0,0
801,3.8479251861572266,3.6647768020629883,0,0
802,3.8923909664154053,3.3431334495544434,1,1
803,3.7969160079956055,3.270604372024536,0,0
804,3.737210988998413,3.220487594604492,0,0
805,3.4387083053588867,3.0771307945251465,0,0
806,3.7994544506073,3.327970027923584,0,0
807,4.017492771148682,3.4951398372650146,0,0
808,3.732836961746216,3.336012363433838,0,0
809,3.492919921875,3.176939010620117,0,0
810,3.3555312156677246,2.8948893547058105,0,0
811,3.5720977783203125,3.084343910217285,0,0
812,3.0385425090789795,2.8613290786743164,0,0
813,4.06723165512085,2.941291332244873,0,0
814,3.432401180267334,3.07265567779541,1,1
815,3.431607961654663,3.0873708724975586,1,1
816,3.2160019874572754,3.102884292602539,0,0
817,3.3255162239074707,3.088290214538574,1,1
818,3.6543705463409424,3.219393253326416,1,1
819,3.3092665672302246,3.0913922786712646,0,0
820,3.594064950942993,3.163400650024414,1,1
821,3.362771987915039,3.0079307556152344,0,0
822,3.3864850997924805,3.0159313678741455,0,0
823,3.636735200881958,3.2140884399414062,0,0
824,3.5188112258911133,3.1192049980163574,0,0
825,4.237732887268066,3.5741589069366455,1,1
826,3.6912765502929688,3.163907527923584,1,1
827,3.7553083896636963,3.314950466156006,1,1
828,3.5570034980773926,3.29996395111084,1,1
829,3.6761765480041504,3.2771406173706055,1,1
830,3.6906626224517822,3.2726268768310547,1,1
831,3.7268190383911133,3.326930284500122,1,1
832,3.749222993850708,3.453324317932129,0,0
833,4.112839221954346,3.606227159500122,0,0
834,4.1967244148254395,3.541132688522339,0,0
835,3.7884957790374756,3.29409122467041,0,0
836,3.740555763244629,3.4715614318847656,0,0
837,3.6064443588256836,3.2544045448303223,0,0
838,4.105249404907227,3.351182699203491,1,1
839,3.483808755874634,3.075770854949951,0,0
840,3.661862850189209,3.23569655418396,0,0
841,3.835341215133667,3.2267966270446777,1,1
842,2.995008707046509,2.534846305847168,1,1
843,3.2266409397125244,2.9754638671875,0,0
844,3.6536731719970703,3.025050640106201,0,0
845,3.2677700519561768,2.8613028526306152,1,1
846,3.428241014480591,2.9303226470947266,0,0
847,3.397031545639038,2.8877882957458496,1,1
848,2.522695302963257,2.314868927001953,0,0
849,3.1783618927001953,2.8435192108154297,0,0
850,3.059501886367798,2.7236948013305664,1,1
851,3.4757044315338135,3.003570079803467,1,1
852,3.6578378677368164,3.082656145095825,1,1
853,3.5262210369110107,3.1189653873443604,0,0
854,3.6400463581085205,3.0955376625061035,1,1
855,3.13907527923584,2.926661729812622,0,0
856,3.16388201713562,2.8358707427978516,0,0
857,3.860722064971924,3.346219062805176,1,1
858,3.335932493209839,2.9802067279815674,0,0
859,2.8066823482513428,2.460397720336914,0,0
860,3.4781434535980225,3.0936622619628906,1,1
861,3.8476972579956055,3.3285093307495117,1,1
862,3.7769033908843994,3.155355930328369,0,0
863,3.5624046325683594,3.139711856842041,0,0
864,3.5393424034118652,3.072948932647705,1,1
865,3.671675205230713,3.1101160049438477,1,1
866,3.406660318374634,3.07497239112854,0,0
867,3.5610251426696777,3.1185903549194336,0,0
868,3.336052894592285,2.822070837020874,0,0
869,3.588569402694702,3.1993706226348877,1,1
870,3.801401376724243,3.2930686473846436,0,0
871,3.5663366317749023,3.201630115509033,0,0
872,3.963378667831421,3.4114303588867188,0,0
873,3.3840832710266113,3.194096326828003,0,0
874,3.2773115634918213,2.916672945022583,1,1
875,3.672044277191162,2.9346601963043213,1,1
876,3.3192665576934814,2.7483372688293457,1,1
877,2.883256196975708,2.624451160430908,0,0
878,3.0090279579162598,2.6646459102630615,1,1
879,3.67919921875,3.18581485748291,0,0
880,3.1453611850738525,2.957930088043213,0,0
881,3.3655593395233154,2.988267660140991,1,1
882,3.3708858489990234,3.0030057430267334,0,0
883,3.8926632404327393,3.023587465286255,0,0
884,3.6104588508605957,3.2026853561401367,1,1
885,3.4074695110321045,3.0710158348083496,1,1
886,3.594572067260742,3.2364659309387207,1,1
887,3.311401128768921,3.109292507171631,1,1
888,3.4316599369049072,3.2005250453948975,0,0
889,3.4882864952087402,3.229029655456543,0,0
890,3.7576797008514404,3.406339168548584,1,1
891,3.7869107723236084,3.482987880706787,0,0
892,3.8903369903564453,3.270132064819336,1,1
893,3.8340840339660645,3.370506763458252,1,1
894,4.159680366516113,3.512803077697754,1,1
895,3.864475727081299,3.554535388946533,0,0
896,3.8321878910064697,3.4073562622070312,0,0
897,4.0022993087768555,3.374499797821045,1,1
898,3.7739555835723877,3.5331027507781982,1,1
899,3.731365919113159,3.4235856533050537,0,0
900,3.6408872604370117,3.2936062812805176,0,0
901,3.6602940559387207,3.2953550815582275,0,0
902,3.6062984466552734,3.2131052017211914,1,1
903,3.1525511741638184,2.9987916946411133,0,0
904,3.1887667179107666,2.8004684448242188,1,1
905,3.4658873081207275,3.096560001373291,0,0
906,4.098916053771973,3.495176076889038,0,0
907,3.2341976165771484,2.9251065254211426,0,0
908,3.3212013244628906,2.960784435272217,1,1
909,3.8695790767669678,3.312972068786621,1,1
910,3.691638946533203,3.482135534286499,0,0
911,3.945117712020874,3.6811065673828125,1,1
912,3.6881747245788574,3.406432867050171,0,0
913,3.7048277854919434,3.3969032764434814,1,1
914,3.960515260696411,3.409127712249756,1,1
915,3.49880313873291,3.1725125312805176,1,1
916,3.8065099716186523,3.3491647243499756,1,1
917,2.906497001647949,2.7710659503936768,0,0
918,3.2191977500915527,3.0578298568725586,0,0
919,3.6485226154327393,3.3470888137817383,0,0
920,3.5174903869628906,3.3437113761901855,0,0
921,3.7994112968444824,3.669327735900879,1,1
922,3.6496238708496094,3.385990619659424,1,1
923,3.530834436416626,3.350583553314209,1,1
924,3.256025552749634,2.9390177726745605,0,0
925,3.437835216522217,3.209580898284912,1,1
926,3.254697561264038,3.169276714324951,0,0
927,3.156358003616333,3.030756711959839,0,0
928,3.2256968021392822,2.962830066680908,0,0
929,3.23747181892395,2.994875431060791,0,0
930,2.918026924133301,2.8039283752441406,1,1
931,3.201171636581421,2.8660030364990234,0,0
932,3.4795591831207275,2.9515397548675537,1,1
933,3.3147292137145996,2.8945717811584473,0,0
934,3.528358221054077,2.93446946144104,1,1
935,3.754054069519043,3.449270725250244,0,0
936,3.2746856212615967,2.91188383102417,0,0
937,3.6951353549957275,3.268310546875,1,1
938,3.9533488750457764,3.222543239593506,1,1
939,2.93839168548584,2.7806389331817627,0,0
940,3.03993558883667,2.7734432220458984,0,0
941,3.038907766342163,2.7423295974731445,0,0
942,3.399803638458252,2.9560248851776123,0,0
943,3.182126045227051,2.9673123359680176,1,1
944,3.4940197467803955,3.17116117477417,0,0
945,3.825233221054077,3.0804362297058105,1,1
946,2.831338405609131,2.530938148498535,0,0
947,2.998474359512329,2.752812385559082,0,0
948,3.3225998878479004,2.8518974781036377,1,1
949,3.2382309436798096,2.9720406532287598,0,0
950,3.7168216705322266,3.1337063312530518,1,1
951,3.515744924545288,2.947615146636963,1,1
952,3.699122667312622,3.2368264198303223,1,1
953,3.3412206172943115,3.2372660636901855,1,1
954,3.6056973934173584,3.4096498489379883,1,1
955,3.677494525909424,3.5581960678100586,1,1
956,3.6442337036132812,3.425708770751953,1,1
957,3.2913239002227783,3.287588357925415,0,0
958,3.3374063968658447,3.262361764907837,0,0
959,3.5088982582092285,3.0710980892181396,0,0
960,3.812955141067505,3.327045202255249,0,0
961,3.985586166381836,3.387702465057373,1,1
962,3.5585994720458984,3.3024704456329346,0,0
963,3.708984375,3.4431309700012207,1,1
964,3.481374979019165,3.3289384841918945,0,0
965,3.55051851272583,3.380544662475586,1,1
966,3.5027215480804443,3.1818768978118896,0,0
967,3.2947423458099365,3.194448709487915,0,0
968,3.4254469871520996,3.203007698059082,0,0
969,3.698401689529419,3.4191370010375977,1,1
970,4.197692394256592,3.6236603260040283,1,1
971,4.05807638168335,3.4561095237731934,1,1
972,3.539114236831665,3.4084081649780273,1,1
973,4.267040729522705,3.7205886840820312,1,1
974,3.8980157375335693,3.543412208557129,1,1
975,3.642864227294922,3.2459867000579834,0,0
976,3.720292568206787,3.37595272064209,1,1
977,3.841564893722534,3.4493508338928223,0,0
978,3.6754343509674072,3.383444309234619,0,0
979,3.739725351333618,3.1322174072265625,1,1
980,3.5137743949890137,2.9011683464050293,1,1
981,3.769366979598999,3.461650848388672,0,0
982,3.6747074127197266,3.205099582672119,0,0
983,3.600827932357788,3.1700870990753174,0,0
984,3.290992021560669,3.01129150390625,0,0
985,3.2400500774383545,2.846621036529541,0,0
986,2.8168163299560547,2.575316905975342,0,0
987,2.704256772994995,2.5033178329467773,0,0
988,2.733212471008301,2.5359606742858887,0,0
989,3.354351758956909,3.126436471939087,0,0
990,3.2711575031280518,3.0805749893188477,1,1
991,3.4085562229156494,3.005885124206543,1,1
992,3.5056991577148438,2.8799400329589844,0,0
993,3.367879629135132,3.0937716960906982,0,0
994,3.214543342590332,2.8764984607696533,0,0
995,3.595500946044922,3.0570688247680664,0,0
996,3.3684041500091553,3.094710350036621,0,0
997,3.336427688598633,2.8670239448547363,0,0
998,3.2298781871795654,2.8230671882629395,0,0
999,3.8758585453033447,3.2279953956604004,1,1
1000,3.7337052822113037,3.2431468963623047,1,1
1001,3.333728551864624,3.0223548412323,0,0
1002,3.4803006649017334,3.1146297454833984,0,0
1003,3.6611294746398926,3.2578110694885254,0,0
1004,3.8435990810394287,3.3496198654174805,1,1
1005,3.3758463859558105,3.0508971214294434,1,1
1006,3.8076517581939697,3.429753303527832,0,0
1007,3.8905839920043945,3.5170400142669678,1,1
1008,3.5591423511505127,3.259432792663574,0,0
1009,3.4986069202423096,3.2347726821899414,1,1
1010,3.2553908824920654,2.9349803924560547,0,0
1011,3.3402063846588135,2.993436813354492,0,0
1012,3.973231792449951,3.3372244834899902,1,1
1013,3.439197063446045,3.034494638442993,0,0
1014,3.278095006942749,3.167901039123535,0,0
1015,3.227950096130371,2.999190330505371,0,0
1016,3.497563600540161,3.0821757316589355,0,0
1017,3.3971078395843506,3.1194205284118652,0,0
1018,3.5779242515563965,3.0335793495178223,1,1
1019,3.4498484134674072,2.878086805343628,0,0
1020,3.1811609268188477,2.8104162216186523,0,0
1021,3.1522111892700195,3.125532388687134,1,1
1022,3.6516785621643066,3.5331530570983887,1,1
1023,3.314455509185791,3.187037944793701,1,1
1024,3.5046651363372803,3.206108808517456,0,0
1025,3.609114408493042,3.1531567573547363,1,1
1026,3.487431764602661,2.935108184814453,1,1
1027,3.3428738117218018,2.9923133850097656,0,0
1028,3.6578781604766846,3.332638740539551,1,1
1029,3.560880661010742,3.3530893325805664,1,1
1030,3.5545690059661865,3.1701159477233887,0,0
1031,3.6032118797302246,2.9514832496643066,1,1
1032,3.7619094848632812,3.083062171936035,1,1
1033,2.944882392883301,2.6027092933654785,0,0
1034,3.5542333126068115,3.068148612976074,1,1
1035,3.6544721126556396,3.1776490211486816,1,1
1036,3.6631076335906982,3.169699192047119,1,1
1037,3.454946279525757,2.879331588745117,1,1
1038,3.256072759628296,2.923738956451416,1,1
1039,3.313608407974243,3.1341605186462402,0,0
1040,3.2679193019866943,3.0777130126953125,0,0
1041,3.564842700958252,3.345165252685547,0,0
1042,3.7087173461914062,3.2904248237609863,1,1
1043,2.9190404415130615,2.581007480621338,0,0
1044,3.2279915809631348,2.794957399368286,0,0
1045,3.2526862621307373,2.838167428970337,0,0
1046,3.1380836963653564,2.8796451091766357,0,0
1047,3.3204853534698486,2.9838242530822754,0,0
1048,3.3960800170898438,3.030813217163086,0,0
1049,3.3559939861297607,3.068939208984375,0,0
1050,3.5480406284332275,3.4387013912200928,1,1
1051,3.8754749298095703,3.4986844062805176,1,1
1052,3.159029960632324,2.715529441833496,0,0
1053,3.2007973194122314,2.546107769012451,1,1
1054,2.9255621433258057,2.620213508605957,0,0
1055,2.9898664951324463,2.8347272872924805,1,1
1056,2.9756648540496826,2.7723350524902344,0,0
1057,3.596602439880371,3.155100107192993,1,1
1058,3.7234742641448975,3.4456560611724854,1,1
1059,3.71946120262146,3.3704099655151367,1,1
1060,3.5354933738708496,3.254746913909912,0,0
1061,3.5721027851104736,3.151414155960083,1,1
1062,3.527927875518799,3.2349624633789062,0,0
1063,3.3719348907470703,3.0587401390075684,0,0
1064,3.3530819416046143,3.1101527214050293,0,0
1065,3.809040069580078,3.276944875717163,1,1
1066,3.5115060806274414,3.171590805053711,0,0
1067,3.5848581790924072,3.2547059059143066,0,0
1068,3.358844518661499,3.1635355949401855,0,0
1069,3.0248162746429443,3.0051703453063965,0,0
1070,3.3978989124298096,3.165739059448242,0,0
1071,3.2736542224884033,2.936288356781006,0,0
1072,3.073852062225342,2.8648834228515625,0,0
1073,2.7378807067871094,2.69557523727417,0,0
1074,3.2851450443267822,2.9764294624328613,0,0
1075,3.3363852500915527,3.004166603088379,0,0
1076,2.9535489082336426,2.7827935218811035,0,0
1077,3.565013885498047,3.1102449893951416,0,0
1078,3.40071439743042,2.965116500854492,0,0
1079,2.9309494495391846,2.556248188018799,0,0
1080,2.560812473297119,2.559762477874756,0,0
1081,2.8055059909820557,2.744661808013916,0,0
1082,3.183692455291748,3.1972451210021973,0,0
1083,3.261817693710327,3.012159824371338,0,0
1084,3.530120849609375,3.082974672317505,0,0
1085,3.715749740600586,3.184058666229248,1,1
1086,3.716262102127075,3.2297134399414062,1,1
1087,3.4093222618103027,2.947617530822754,0,0
1088,3.6861026287078857,3.0924439430236816,1,1
1089,3.3938286304473877,3.09139084815979,1,1
1090,3.5080718994140625,3.058901786804199,1,1
1091,3.087538003921509,2.833700656890869,1,1
1092,3.272824287414551,3.0069475173950195,1,1
1093,2.8771631717681885,2.765810966491699,0,0
1094,3.543419122695923,3.260777473449707,1,1
1095,3.021995782852173,2.86735200881958,0,0
1096,3.3096208572387695,3.0615885257720947,0,0
1097,3.3808658123016357,3.1865251064300537,0,0
1098,3.421431064605713,3.0058484077453613,0,0
1099,3.6302342414855957,3.1819729804992676,0,0
1100,3.1944680213928223,3.0865530967712402,0,0
1101,3.767946720123291,3.179077386856079,0,0
1102,3.404484272003174,2.911221981048584,1,1
1103,3.3259527683258057,3.030609130859375,1,1
1104,3.5150070190429688,3.2442219257354736,1,1
1105,3.403064489364624,2.9652836322784424,1,1
1106,3.0960187911987305,3.1618010997772217,0,0
1107,3.8535854816436768,3.3885042667388916,1,1
1108,3.592026710510254,3.393906593322754,1,1
1109,3.527735710144043,3.560288429260254,0,0
1110,3.513559341430664,3.297219753265381,1,1
1111,3.014019250869751,2.9022815227508545,1,1
1112,2.862654447555542,2.8111560344696045,0,0
1113,3.0435922145843506,3.0149571895599365,1,1
1114,3.2392914295196533,3.1268582344055176,1,1
1115,3.113548994064331,2.8905372619628906,0,0
1116,3.3777036666870117,3.1049559116363525,0,0
1117,3.1791181564331055,2.966599464416504,0,0
1118,3.3174726963043213,3.072206735610962,0,0
1119,3.118417739868164,3.0046257972717285,0,0
1120,3.1182045936584473,2.9428582191467285,0,0
1121,3.2009012699127197,2.7932815551757812,0,0
1122,3.683335065841675,3.200284957885742,0,0
1123,3.622969150543213,3.157358169555664,0,0
1124,3.8728742599487305,3.1981253623962402,0,0
1125,4.04469633102417,3.3637304306030273,1,1
1126,3.8558876514434814,3.2430877685546875,1,1
1127,3.225036382675171,2.7396044731140137,0,0
1128,3.138593912124634,2.567783832550049,0,0
1129,3.096675157546997,2.7445545196533203,0,0
1130,3.2312703132629395,2.7064952850341797,0,0
1131,3.0245237350463867,2.6100564002990723,0,0
1132,3.1248209476470947,2.7163922786712646,0,0
1133,3.274275541305542,2.830371141433716,1,1
1134,2.9886128902435303,2.5827279090881348,1,1
1135,2.8703300952911377,2.6730141639709473,1,1
1136,3.223137855529785,3.0723161697387695,0,0
1137,3.207914113998413,3.089275360107422,1,1
1138,3.285810708999634,3.128195285797119,1,1
1139,3.440124034881592,3.0761303901672363,1,1
1140,4.613497257232666,3.9375088214874268,1,1
1141,4.663857936859131,3.9545719623565674,1,1
1142,3.543837785720825,3.42874813079834,1,1
1143,3.3987653255462646,3.0977959632873535,1,1
1144,3.6900570392608643,3.379756212234497,1,1
1145,3.6340465545654297,3.3705615997314453,1,1
1146,3.7483625411987305,3.2695558071136475,1,1
1147,3.7009339332580566,3.3696539402008057,0,0
1148,3.7103779315948486,3.3277835845947266,1,1
1149,3.4662342071533203,3.1093909740448,0,0
1150,3.7020790576934814,3.299034357070923,1,1
1151,3.963162422180176,3.4112730026245117,1,1
1152,3.731938362121582,3.1342854499816895,0,0
1153,3.303861618041992,3.0319466590881348,1,1
1154,3.535341262817383,3.0941567420959473,1,1
1155,2.8620402812957764,2.750701904296875,0,0
1156,2.8358113765716553,2.5848398208618164,0,0
1157,2.738980293273926,2.6189427375793457,1,1
1158,3.0695643424987793,2.8863649368286133,1,1
1159,3.2116262912750244,2.961726188659668,0,0
1160,3.374490261077881,2.921781063079834,0,0
1161,3.4719696044921875,3.0530505180358887,1,1
1162,3.5217795372009277,3.1616783142089844,1,1
1163,3.1576426029205322,2.83284330368042,0,0
1164,3.5888495445251465,3.023149013519287,1,1
1165,3.1193904876708984,2.89080548286438,0,0
1166,3.1349315643310547,2.809934139251709,0,0
1167,3.00996732711792,2.763258457183838,1,1
1168,3.523709535598755,3.0205321311950684,1,1
1169,3.4291207790374756,3.102806568145752,1,1
1170,3.2498769760131836,3.0257201194763184,1,1
1171,3.387845754623413,3.055394172668457,0,0
1172,3.064166784286499,2.914301633834839,0,0
1173,3.28816819190979,3.082982063293457,1,1
1174,3.341677188873291,2.9939725399017334,1,1
1175,3.3349950313568115,3.130753993988037,0,0
1176,3.1939399242401123,2.888967514038086,1,1
1177,3.5628862380981445,3.1177151203155518,1,1
1178,3.849774122238159,3.305692195892334,1,1
1179,3.548766613006592,3.272920608520508,1,1
1180,2.97929048538208,2.7655091285705566,0,0
1181,3.6276144981384277,3.3566999435424805,1,1
1182,3.871692657470703,3.398080825805664,1,1
1183,3.9254825115203857,3.5381975173950195,1,1
1184,3.7686784267425537,3.579814910888672,1,1
1185,4.031937122344971,3.6696202754974365,1,1
1186,3.9442522525787354,3.6228253841400146,0,0
1187,3.889432668685913,3.7042455673217773,0,0
1188,3.676168203353882,3.249006748199463,1,1
1189,3.701226234436035,3.3254165649414062,1,1
1190,2.997763156890869,2.5424790382385254,0,0
1191,2.966780185699463,2.5213565826416016,0,0
1192,3.3801498413085938,2.973424196243286,0,0
1193,2.948735237121582,2.6719746589660645,0,0
1194,3.529208183288574,3.326982021331787,0,0
1195,3.5058295726776123,3.4299755096435547,1,1
1196,3.2939696311950684,3.175449848175049,0,0
1197,3.7104880809783936,3.3185200691223145,0,0
1198,3.3167550563812256,3.314487934112549,0,0
1199,3.625650644302368,3.297513723373413,0,0
1200,3.1001033782958984,3.2144789695739746,1,1
1201,3.3554980754852295,3.275648593902588,0,0
1202,3.2774529457092285,3.047867774963379,0,0
1203,3.368335247039795,3.1964311599731445,1,1
1204,3.3797812461853027,3.100198268890381,0,0
1205,3.484340190887451,3.144005537033081,1,1
1206,3.5737032890319824,3.2757015228271484,1,1
1207,3.598400592803955,3.335184097290039,0,0
1208,3.283055305480957,3.1671018600463867,0,0
1209,3.4277853965759277,3.2356646060943604,1,1
1210,3.3883304595947266,2.879826545715332,1,1
1211,3.0754666328430176,2.787432909011841,0,0
1212,3.029545545578003,2.669668674468994,1,1
1213,3.022199869155884,2.410583972930908,1,1
1214,2.9263908863067627,2.663278102874756,0,0
1215,3.361818790435791,2.560821533203125,1,1
1216,3.4001152515411377,2.797297954559326,1,1
1217,3.0531296730041504,2.632506847381592,1,1
1218,3.2712624073028564,2.7688260078430176,1,1
1219,2.986996650695801,2.567819118499756,1,1
1220,3.237746000289917,2.5831189155578613,1,1
1221,3.3412017822265625,2.6881263256073,1,1
1222,3.3505704402923584,2.670234203338623,1,1
1223,3.9935038089752197,3.1513493061065674,1,1
1224,4.080306053161621,2.9524083137512207,1,1
1225,3.2074978351593018,2.711493492126465,1,1
1226,3.4898431301116943,2.979341983795166,1,1
1227,2.8437585830688477,2.498894691467285,1,1
1228,3.2958874702453613,2.8291635513305664,1,1
1229,3.6605114936828613,3.416651725769043,0,0
1230,3.484804630279541,3.3598179817199707,1,1
1231,3.2036609649658203,2.881941795349121,1,1
1232,3.3615307807922363,3.017094373703003,1,1
1233,3.118476390838623,2.8141770362854004,0,0
1234,2.981747627258301,2.807375192642212,1,1
1235,3.931788444519043,3.2819995880126953,1,1
1236,3.1532042026519775,2.741931438446045,0,0
1237,3.3103973865509033,2.9788379669189453,1,1
1238,3.3719468116760254,3.1087443828582764,0,0
1239,3.264368772506714,3.120166778564453,0,0
1240,2.6427667140960693,2.4156384468078613,0,0
1241,2.643054485321045,2.656745433807373,0,0
1242,3.521266222000122,3.3024487495422363,1,1
1243,3.0956969261169434,2.897862672805786,1,1
1244,3.354382038116455,3.165753126144409,1,1
1245,3.45943546295166,3.3262853622436523,1,1
1246,3.142029047012329,3.0331926345825195,1,1
1247,3.258117914199829,3.0023112297058105,0,0
1248,3.1131365299224854,2.9504034519195557,0,0
1249,3.5203893184661865,3.240601062774658,0,0
1250,3.2094521522521973,3.0154223442077637,0,0
1251,3.1567447185516357,2.9705846309661865,0,0
1252,3.2516980171203613,3.07326078414917,0,0
1253,3.16098952293396,3.0206003189086914,0,0
1254,2.7812936305999756,2.7631311416625977,0,0
1255,3.8501839637756348,3.455967664718628,1,1
1256,3.358004093170166,3.4058523178100586,0,0
1257,3.8320045471191406,3.458188533782959,1,1
1258,3.24545955657959,3.1485016345977783,0,0
1259,3.2309224605560303,3.1074514389038086,0,0
1260,3.2437660694122314,3.2150373458862305,0,0
1261,3.369762659072876,3.2643637657165527,0,0
1262,3.567747116088867,3.429955005645752,1,1
1263,3.525628089904785,3.289246082305908,0,0
1264,3.643402338027954,3.1897969245910645,0,0
1265,3.6692020893096924,3.2812275886535645,0,0
1266,3.3407983779907227,3.1083388328552246,0,0
1267,3.3818178176879883,3.1268815994262695,1,1
1268,3.4206387996673584,3.2019853591918945,1,1
1269,3.747420072555542,3.3602867126464844,1,1
1270,3.4159457683563232,2.946812391281128,1,1
1271,3.6580448150634766,3.3527324199676514,1,1
1272,3.391984224319458,2.989765167236328,0,0
1273,3.870354413986206,3.34127140045166,0,0
1274,3.6659042835235596,3.306654453277588,1,1
1275,3.864738702774048,3.312221050262451,0,0
1276,3.261516809463501,2.881643533706665,1,1
1277,3.5225439071655273,3.022709846496582,0,0
1278,3.6307432651519775,3.2184994220733643,1,1
1279,3.37778639793396,3.056872844696045,0,0
1280,3.376049757003784,2.8478803634643555,1,1
1281,3.2321207523345947,2.9414255619049072,0,0
1282,3.159618377685547,2.7282605171203613,0,0
1283,2.924975872039795,2.58251690864563,0,0
1284,3.7437052726745605,3.0144925117492676,0,0
1285,3.149829149246216,2.8386318683624268,0,0
1286,2.95430588722229,2.7513275146484375,0,0
1287,3.5040080547332764,2.857046604156494,1,1
1288,3.246384382247925,2.653935432434082,0,0
1289,3.418670892715454,2.796623945236206,1,1
1290,3.0075128078460693,2.5778164863586426,1,1
1291,3.2394301891326904,2.783521890640259,0,0
1292,3.4132769107818604,3.026129722595215,0,0
1293,3.35849928855896,2.997544288635254,1,1
1294,3.362455368041992,3.1004929542541504,0,0
1295,3.3047003746032715,3.1050186157226562,0,0
1296,3.604811429977417,3.0861504077911377,0,0
1297,3.7892630100250244,3.312662363052368,1,1
1298,3.6324570178985596,3.1801247596740723,0,0
1299,3.5303633213043213,3.0922179222106934,0,0
1300,3.8775665760040283,3.4175593852996826,0,0
1301,3.7215380668640137,3.380186080932617,1,1
1302,3.5957531929016113,3.3342535495758057,0,0
1303,3.617380142211914,3.289541006088257,1,1
1304,3.5026023387908936,3.298363447189331,0,0
1305,3.5379505157470703,3.2446072101593018,0,0
1306,3.589684247970581,3.2961440086364746,0,0
1307,3.6364479064941406,3.3278090953826904,0,0
1308,3.470392942428589,3.1264259815216064,0,0
1309,3.5291616916656494,3.3667092323303223,1,1
1310,3.6708014011383057,3.392531633377075,1,1
1311,3.242201089859009,3.0107178688049316,0,0
1312,3.5425865650177,3.225229263305664,1,1
1313,3.9503707885742188,3.550388813018799,0,0
1314,3.684039354324341,3.370755672454834,0,0
1315,3.5589568614959717,3.353079080581665,0,0
1316,3.9598336219787598,3.53302001953125,0,0
1317,3.5634701251983643,3.2358756065368652,1,1
1318,2.98178768157959,2.852409601211548,0,0
1319,3.219189405441284,2.9956107139587402,0,0
1320,3.366798162460327,3.0069193840026855,0,0
1321,2.9103004932403564,2.8140439987182617,0,0
1322,3.499154806137085,3.277596950531006,1,1
1323,3.3401010036468506,3.1470930576324463,1,1
1324,3.09958815574646,2.924506902694702,0,0
1325,2.776179313659668,2.497889280319214,0,0
1326,3.228513717651367,3.139256477355957,0,0
1327,3.4639108180999756,3.228940010070801,1,1
1328,3.599963426589966,3.344785690307617,1,1
1329,3.6471869945526123,3.387040615081787,1,1
1330,3.5124611854553223,3.001446485519409,0,0
1331,3.527550220489502,3.1501450538635254,0,0
1332,2.206087589263916,2.160601854324341,0,0
1333,2.570756196975708,2.3165321350097656,0,0
1334,3.287118434906006,3.0310754776000977,0,0
1335,3.4024033546447754,2.923179864883423,0,0
1336,3.260474920272827,2.983442783355713,0,0
1337,3.433840036392212,3.075092315673828,0,0
1338,3.4505016803741455,3.0521788597106934,1,1
1339,2.928168773651123,2.696187973022461,1,1
1340,2.999936580657959,2.943474769592285,1,1
1341,3.3273143768310547,3.0819294452667236,1,1
1342,3.3330447673797607,3.138906240463257,0,0
1343,3.630274534225464,3.2652902603149414,0,0
1344,3.426696300506592,3.162748336791992,0,0
1345,3.5673680305480957,3.092473268508911,1,1
1346,3.3103952407836914,2.936490535736084,0,0
1347,3.6185662746429443,3.2236180305480957,1,1
1348,3.2631995677948,2.8273136615753174,0,0
1349,3.6779909133911133,3.2434334754943848,1,1
1350,3.474942207336426,2.9512438774108887,0,0
1351,3.5832247734069824,2.7791519165039062,0,0
1352,3.713057279586792,3.181356430053711,0,0
1353,2.8704051971435547,2.6608705520629883,0,0
1354,2.952312707901001,2.748359203338623,0,0
1355,3.0698132514953613,2.749208927154541,1,1
1356,3.0630273818969727,2.6095237731933594,1,1
1357,3.044038772583008,2.692044496536255,0,0
1358,2.9318368434906006,2.742607593536377,1,1
1359,3.208315849304199,2.994014263153076,1,1
1360,2.9086883068084717,2.7559728622436523,0,0
1361,2.839998960494995,2.71132755279541,0,0
1362,3.094667673110962,2.8909518718719482,0,0
1363,3.042499542236328,2.70548415184021,0,0
1364,3.476228713989258,2.9639334678649902,1,1
1365,3.3934133052825928,3.1459364891052246,0,0
1366,3.9037766456604004,3.5050997734069824,1,1
1367,3.85038423538208,3.5349879264831543,1,1
1368,3.938220500946045,3.397134780883789,1,1
1369,3.5936121940612793,3.229517936706543,0,0
1370,3.858213186264038,3.4392850399017334,0,0
1371,3.43990421295166,3.1281702518463135,1,1
1372,3.8203442096710205,3.3482117652893066,1,1
1373,3.5066170692443848,2.9655702114105225,0,0
1374,3.6067709922790527,3.099181652069092,1,1
1375,3.0833823680877686,2.7206997871398926,0,0
1376,2.965064764022827,2.581644058227539,0,0
1377,2.9843759536743164,2.63445782661438,0,0
1378,3.516050100326538,2.9858102798461914,1,1
1379,3.4396018981933594,2.871830940246582,1,1
1380,3.1980550289154053,2.842982530593872,0,0
1381,2.747194766998291,2.413699150085449,0,0
1382,3.214082956314087,2.8069450855255127,0,0
1383,3.2669036388397217,3.0942068099975586,0,0
1384,3.7320547103881836,3.286477565765381,1,1
1385,3.404991865158081,3.157651901245117,0,0
1386,3.4077906608581543,2.9850311279296875,0,0
1387,3.7839410305023193,3.255326271057129,1,1
1388,3.6468520164489746,3.2498128414154053,1,1
1389,3.6328558921813965,3.316452980041504,1,1
1390,3.5420217514038086,3.2689661979675293,0,0
1391,3.5105631351470947,3.2394614219665527,0,0
1392,3.160342216491699,3.0437421798706055,0,0
1393,2.9878828525543213,2.8493728637695312,0,0
1394,3.212693691253662,2.9440267086029053,1,1
1395,2.8078854084014893,2.434091567993164,0,0
1396,3.129120111465454,2.788969039916992,0,0
1397,3.066551446914673,2.393796682357788,1,1
1398,2.8176088333129883,2.5341084003448486,0,0
1399,3.1062405109405518,2.6939659118652344,0,0
1400,2.9077718257904053,2.5505361557006836,0,0
1401,3.0521962642669678,2.4239940643310547,0,0
1402,2.883289098739624,2.388734817504883,0,0
1403,2.9543333053588867,2.412477731704712,0,0
1404,2.882324695587158,2.3431239128112793,0,0
1405,2.966356039047241,2.4313905239105225,0,0
1406,3.273317337036133,2.474668502807617,1,1
1407,3.2314376831054688,2.8173627853393555,0,0
1408,3.259705066680908,2.8356823921203613,0,0
1409,3.8359296321868896,3.523098945617676,0,0
1410,3.2277638912200928,3.0960793495178223,0,0
1411,3.3887157440185547,3.144796848297119,1,1
1412,3.4915833473205566,3.135047435760498,1,1
1413,3.692108631134033,3.2232425212860107,1,1
1414,3.4671103954315186,3.0456619262695312,0,0
1415,3.6056885719299316,3.112276554107666,0,0
1416,3.4877073764801025,3.2105712890625,1,1
1417,3.561784267425537,3.257018566131592,1,1
1418,3.1640257835388184,2.8433687686920166,0,0
1419,3.1729745864868164,2.9330954551696777,0,0
1420,3.2489893436431885,2.983397960662842,1,1
1421,3.710850477218628,3.2886769771575928,1,1
1422,3.3530397415161133,3.1865861415863037,0,0
1423,3.6008989810943604,3.0886893272399902,1,1
1424,3.7898523807525635,3.3322699069976807,0,0
1425,3.701077461242676,3.2833240032196045,1,1
1426,4.069047927856445,3.3855345249176025,1,1
1427,3.6181514263153076,3.263761043548584,1,1
1428,3.636284351348877,3.303699493408203,1,1
1429,3.6332292556762695,3.3081517219543457,1,1
1430,3.57833194732666,3.2091875076293945,1,1
1431,3.674813985824585,3.3995866775512695,1,1
1432,3.6569929122924805,3.2713804244995117,0,0
1433,3.611623525619507,3.2221150398254395,1,1
1434,3.5891880989074707,3.3082480430603027,1,1
1435,3.4704718589782715,3.240705966949463,0,0
1436,3.256880521774292,3.151554584503174,0,0
1437,3.313758134841919,3.1596732139587402,0,0
1438,2.992428779602051,2.9673445224761963,0,0
1439,2.798278331756592,3.0311195850372314,0,0
1440,3.323140859603882,3.133819818496704,0,0
1441,3.3981142044067383,3.317218780517578,1,1
1442,3.0557310581207275,2.987894296646118,0,0
1443,3.4973227977752686,3.1850173473358154,1,1
1444,2.958845615386963,2.935727119445801,0,0
1445,3.083017349243164,2.9692766666412354,0,0
1446,3.3359203338623047,3.2051587104797363,1,1
1447,3.4915735721588135,3.025038242340088,0,0
1448,3.2566044330596924,3.1723809242248535,0,0
1449,3.098703384399414,3.0552005767822266,0,0
1450,3.5810065269470215,3.2072954177856445,1,1
1451,3.281643867492676,3.102137327194214,1,1
1452,3.510282039642334,3.188326120376587,1,1
1453,3.7685415744781494,3.3338680267333984,0,0
1454,3.4014618396759033,3.172314167022705,1,1
1455,3.2147233486175537,2.8966073989868164,1,1
1456,3.3098435401916504,3.0769565105438232,1,1
1457,3.0894267559051514,2.8833227157592773,0,0
1458,3.0892364978790283,2.8510308265686035,0,0
1459,3.5051774978637695,3.069639205932617,0,0
1460,2.9555110931396484,2.8884992599487305,0,0
1461,3.391110420227051,3.157581329345703,1,1
1462,3.243770122528076,2.86649489402771,1,1
1463,3.4597907066345215,2.862025260925293,1,1
1464,3.2836644649505615,2.952658176422119,1,1
1465,3.720721960067749,3.369028091430664,0,0
1466,4.1607184410095215,3.5231821537017822,1,1
1467,3.6569974422454834,3.3680977821350098,0,0
1468,3.4212300777435303,3.075990676879883,0,0
1469,3.5951552391052246,3.0838265419006348,0,0
1470,3.597141981124878,3.3149147033691406,0,0
1471,3.5841827392578125,3.3568480014801025,1,1
1472,3.910987138748169,3.450291633605957,1,1
1473,3.4705514907836914,3.1878914833068848,1,1
1474,3.4454195499420166,3.1360673904418945,0,0
1475,3.9435298442840576,3.295783519744873,0,0
1476,3.8421103954315186,3.104773998260498,0,0
1477,3.8253846168518066,3.229604959487915,1,1
1478,3.5748114585876465,3.1706862449645996,0,0
1479,3.681913375854492,3.197429895401001,0,0
1480,3.506683111190796,3.1039204597473145,0,0
1481,3.7701215744018555,3.190304756164551,1,1
1482,3.155344247817993,2.973041534423828,1,1
1483,3.4895575046539307,3.2543182373046875,1,1
1484,3.295666217803955,3.22001314163208,1,1
1485,3.2765285968780518,2.9992964267730713,0,0
1486,3.389029026031494,3.147824287414551,1,1
1487,3.2665772438049316,3.0294833183288574,1,1
1488,3.2404847145080566,3.044584274291992,1,1
1489,3.4198760986328125,3.1295483112335205,1,1
1490,3.1302847862243652,2.845479726791382,0,0
1491,3.317002058029175,2.945561170578003,1,1
1492,3.300081968307495,2.9319095611572266,0,0
1493,2.870316505432129,2.5427474975585938,0,0
1494,3.2361247539520264,3.050501823425293,1,1
1495,3.1145505905151367,3.002936363220215,0,0
1496,3.4468586444854736,3.021031379699707,0,0
1497,3.2596325874328613,2.954191207885742,0,0
1498,3.2795445919036865,3.01965594291687,0,0
1499,3.7801544666290283,3.4090209007263184,1,1
1500,3.5282771587371826,3.1754486560821533,0,0
1501,3.076925754547119,2.768099308013916,0,0
1502,3.4693455696105957,3.170145034790039,0,0
1503,3.540945291519165,3.148625373840332,1,1
1504,3.65811824798584,3.0539650917053223,0,0
1505,3.9221372604370117,3.3516080379486084,1,1
1506,3.3919625282287598,3.082211494445801,1,1
1507,3.156151294708252,2.9994325637817383,0,0
1508,3.0629100799560547,2.623002052307129,0,0
1509,3.259416103363037,2.839962959289551,0,0
1510,3.426222324371338,2.9560439586639404,1,1
1511,2.7710680961608887,2.704245090484619,1,1
1512,2.4795806407928467,2.1426239013671875,1,1
1513,2.8500213623046875,2.407614231109619,1,1
1514,3.192976236343384,2.775341033935547,1,1
1515,3.2188830375671387,2.8441572189331055,1,1
1516,3.1475422382354736,2.8145713806152344,0,0
1517,2.9865598678588867,2.6568543910980225,1,1
1518,3.5812203884124756,3.076164722442627,1,1
1519,3.667529582977295,3.2078680992126465,0,0
1520,3.491999864578247,3.099388360977173,0,0
1521,3.58864164352417,3.1496572494506836,1,1
1522,3.5710277557373047,3.2206573486328125,1,1
1523,2.836698532104492,2.840056896209717,0,0
1524,3.535846710205078,2.9851222038269043,1,1
1525,3.568842649459839,3.1128501892089844,0,0
1526,3.7020397186279297,3.205803871154785,1,1
1527,3.5897936820983887,3.1087188720703125,0,0
1528,3.8557162284851074,3.317894220352173,1,1
1529,3.028242826461792,2.8010005950927734,0,0
1530,3.1021010875701904,2.787322759628296,1,1
1531,3.2908847332000732,2.795447826385498,1,1
1532,3.141094207763672,2.6634817123413086,1,1
1533,3.253607988357544,2.7791357040405273,1,1
1534,3.4352989196777344,2.926258087158203,1,1
1535,3.2101006507873535,2.941216468811035,1,1
1536,3.173333168029785,2.9458723068237305,0,0
1537,3.692809581756592,3.2079594135284424,0,0
1538,3.3979263305664062,3.203155517578125,1,1
1539,3.3062973022460938,2.9440293312072754,1,1
1540,3.609144687652588,3.249523162841797,1,1
1541,3.4272079467773438,3.1852521896362305,0,0
1542,3.5131521224975586,3.267860174179077,0,0
1543,3.512014627456665,3.1092703342437744,1,1
1544,2.9815402030944824,2.8226265907287598,1,1
1545,3.2764086723327637,3.0469884872436523,0,0
1546,3.014667510986328,3.055178642272949,1,1
1547,3.250535011291504,3.0619096755981445,0,0
1548,3.227653980255127,2.9594855308532715,0,0
1549,3.544703483581543,3.0149543285369873,1,1
1550,3.2943241596221924,2.962446689605713,0,0
1551,3.44265079498291,3.103015899658203,1,1
1552,3.854774236679077,3.236391067504883,1,1
1553,3.3058459758758545,3.0321173667907715,0,0
1554,3.7513527870178223,3.2789669036865234,1,1
1555,3.2556209564208984,3.1040828227996826,0,0
1556,3.0855114459991455,2.8385281562805176,0,0
1557,3.2801084518432617,3.0099756717681885,0,0
1558,2.9173576831817627,2.7503795623779297,0,0
1559,3.340229034423828,2.857123851776123,0,0
1560,3.7473530769348145,3.2352890968322754,0,0
1561,3.208249092102051,3.043138265609741,0,0
1562,3.2818102836608887,2.9612417221069336,0,0
1563,3.359814405441284,3.0493388175964355,0,0
1564,3.110778331756592,2.7841668128967285,1,1
1565,3.3760135173797607,3.0038375854492188,1,1
1566,3.7902445793151855,3.3258790969848633,1,1
1567,3.095888376235962,2.7902045249938965,0,0
1568,3.544351577758789,3.017979383468628,1,1
1569,3.9469618797302246,3.280686616897583,1,1
1570,3.6546432971954346,3.1664175987243652,1,1
1571,3.2303428649902344,2.824031352996826,0,0
1572,3.2794504165649414,2.979175329208374,1,1
1573,3.414576292037964,3.1769042015075684,1,1
1574,2.9380574226379395,2.8660387992858887,1,1
1575,2.7842180728912354,2.5324816703796387,0,0
1576,2.898632287979126,2.736865282058716,0,0
1577,3.0559332370758057,2.984741687774658,0,0
1578,3.51786732673645,3.237361192703247,1,1
1579,3.256381034851074,2.9853501319885254,0,0
1580,3.023423433303833,2.770540714263916,1,1
1581,3.852839708328247,3.2741923332214355,1,1
1582,3.3772506713867188,3.0173168182373047,0,0
1583,3.543285608291626,3.067430019378662,1,1
1584,3.09049129486084,2.9541449546813965,0,0
1585,3.2021420001983643,2.8304216861724854,0,0
1586,3.416900634765625,2.810786247253418,1,1
1587,3.2630441188812256,2.9552907943725586,0,0
1588,3.064852476119995,2.7715253829956055,1,1
1589,3.0075674057006836,2.836319923400879,0,0
1590,3.53330659866333,3.090256929397583,0,0
1591,3.243156671524048,3.0335400104522705,1,1
1592,3.1425905227661133,3.0034265518188477,0,0
1593,3.267378330230713,2.933623790740967,0,0
1594,3.513784646987915,3.2282934188842773,1,1
1595,3.3516321182250977,2.979978561401367,0,0
1596,3.398256778717041,3.0237221717834473,1,1
1597,3.667114734649658,3.296252965927124,1,1
1598,3.5156543254852295,3.3744935989379883,1,1
1599,3.5818257331848145,3.4771268367767334,1,1
1600,3.512629270553589,3.370471477508545,0,0
1601,3.5941810607910156,3.4754834175109863,0,0
1602,3.505703926086426,3.4895739555358887,0,0
1603,3.427541971206665,3.3561275005340576,0,0
1604,3.2118260860443115,2.9953954219818115,0,0
1605,3.1191511154174805,2.8697476387023926,0,0
1606,3.3160781860351562,2.907358169555664,1,1
1607,3.175124406814575,3.0456290245056152,0,0
1608,3.592202663421631,3.280393362045288,1,1
1609,3.279585361480713,3.300234794616699,0,0
1610,3.700798988342285,3.362152338027954,1,1
1611,3.526667356491089,3.3452212810516357,0,0
1612,3.327906608581543,3.2455086708068848,1,1
1613,3.7960433959960938,3.36312198638916,1,1
1614,3.4815282821655273,3.1754655838012695,1,1
1615,3.697319269180298,3.1461029052734375,0,0
1616,2.969404458999634,2.68449068069458,1,1
1617,3.4856252670288086,3.0271732807159424,0,0
1618,3.1356892585754395,3.222599983215332,0,0
1619,3.2241148948669434,3.110309600830078,0,0
1620,3.439312696456909,3.1378045082092285,0,0
1621,3.8630220890045166,3.2362520694732666,1,1
1622,3.8066446781158447,3.2950844764709473,0,0
1623,3.837596893310547,3.44529390335083,0,0
1624,3.5385684967041016,3.279306411743164,0,0
1625,3.872142791748047,3.280597686767578,1,1
1626,3.4900739192962646,3.1186487674713135,1,1
1627,3.0222795009613037,2.7024803161621094,0,0
1628,3.576253890991211,3.2446541786193848,0,0
1629,3.7060790061950684,2.9351730346679688,1,1
1630,3.4535574913024902,2.9691896438598633,0,0
1631,3.640146017074585,2.96277117729187,0,0
1632,3.643195390701294,2.970921039581299,1,1
1633,3.339346170425415,2.912937879562378,0,0
1634,3.0760273933410645,2.7271578311920166,1,1
1635,3.1996703147888184,3.112246513366699,1,1
1636,3.6632657051086426,3.214474678039551,1,1
1637,3.291069507598877,3.062755823135376,1,1
1638,3.487090826034546,3.0152337551116943,0,0
1639,3.63905668258667,3.16334867477417,1,1
1640,3.410543918609619,2.977926015853882,1,1
1641,3.4097938537597656,3.263883352279663,0,0
1642,3.5993642807006836,3.215242862701416,0,0
1643,3.1837384700775146,3.053401231765747,0,0
1644,3.43544864654541,3.1111230850219727,1,1
1645,3.8609116077423096,3.360537528991699,1,1
1646,3.1691181659698486,2.9547767639160156,0,0
1647,3.345870018005371,3.1144700050354004,0,0
1648,3.0528433322906494,2.962270975112915,1,1
1649,3.6750380992889404,3.319694995880127,1,1
1650,3.3535656929016113,2.9610695838928223,0,0
1651,3.104900360107422,2.8733458518981934,0,0
1652,3.608478546142578,3.299182415008545,1,1
1653,3.212968349456787,3.1220831871032715,1,1
1654,3.4998528957366943,3.191420555114746,0,0
1655,3.448286771774292,3.2510952949523926,0,0
1656,3.0155539512634277,2.8150105476379395,0,0
1657,2.785486936569214,2.4829330444335938,0,0
1658,3.6734025478363037,3.301352024078369,1,1
1659,3.6467297077178955,3.241219997406006,1,1
1660,3.819244146347046,3.4404497146606445,1,1
1661,3.3103415966033936,3.2072079181671143,0,0
1662,3.326502561569214,3.1471590995788574,0,0
1663,3.7037668228149414,3.3852882385253906,0,0
1664,3.7771899700164795,3.3740439414978027,1,1
1665,3.4388630390167236,3.1852004528045654,0,0
1666,2.9718732833862305,2.6643195152282715,0,0
1667,3.3299622535705566,2.9854378700256348,0,0
1668,3.5336360931396484,3.1302947998046875,0,0
1669,3.4033913612365723,3.069809675216675,1,1
1670,3.15788197517395,2.92268705368042,0,0
1671,2.978806734085083,2.9520883560180664,1,1
1672,2.8454692363739014,2.6945934295654297,0,0
1673,3.0144541263580322,2.984867572784424,0,0
1674,2.829700469970703,2.8808915615081787,0,0
1675,2.845115900039673,2.887647867202759,0,0
1676,3.630589246749878,3.3855440616607666,0,0
1677,3.4636013507843018,3.3322768211364746,1,1
1678,3.617656707763672,3.245246410369873,1,1
1679,3.477539300918579,3.2598962783813477,1,1
1680,3.442917585372925,3.1137404441833496,1,1
1681,3.412470579147339,3.0311977863311768,1,1
1682,3.3388872146606445,3.0245702266693115,1,1
1683,3.491569995880127,3.207601547241211,1,1
1684,3.2029521465301514,2.9128522872924805,1,1
1685,3.5322489738464355,3.0988001823425293,0,0
1686,3.3683254718780518,2.8294260501861572,1,1
1687,3.458702802658081,2.987140417098999,1,1
1688,3.4584767818450928,2.9919228553771973,1,1
1689,3.5019876956939697,3.1761178970336914,0,0
1690,3.4139668941497803,3.1179964542388916,0,0
1691,3.8688926696777344,3.301943302154541,1,1
1692,3.4873948097229004,3.312371015548706,1,1
1693,3.69240665435791,3.3429617881774902,1,1
1694,3.790609359741211,3.4767873287200928,1,1
1695,3.452313184738159,3.2578790187835693,1,1
1696,3.3767147064208984,3.205230236053467,1,1
1697,2.8140480518341064,2.570600986480713,0,0
1698,3.471700668334961,3.0722239017486572,1,1
1699,3.3617193698883057,3.058199644088745,0,0
1700,3.4252021312713623,3.0275845527648926,1,1
1701,3.470625638961792,3.029353380203247,1,1
1702,3.05460524559021,2.7905969619750977,0,0
1703,3.4959604740142822,3.1576743125915527,0,0
1704,3.403564453125,2.9498281478881836,0,0
1705,3.560030460357666,3.1881866455078125,1,1
1706,3.1793949604034424,2.892674446105957,0,0
1707,3.6004226207733154,3.0952117443084717,0,0
1708,3.2025821208953857,2.971698522567749,0,0
1709,3.5967299938201904,3.1692047119140625,1,1
1710,3.805441379547119,3.261341094970703,0,0
1711,3.4158718585968018,2.9957709312438965,0,0
1712,3.379892110824585,3.0953290462493896,0,0
1713,3.4484145641326904,3.259965419769287,1,1
1714,3.1565399169921875,2.9112889766693115,1,1
1715,3.617022752761841,3.096925973892212,1,1
1716,3.3080451488494873,2.938891887664795,1,1
1717,2.9776830673217773,2.8409600257873535,0,0
1718,3.0334208011627197,3.028991937637329,1,1
1719,3.1642255783081055,2.9195542335510254,0,0
1720,3.412722587585449,3.1434476375579834,1,1
1721,3.4630768299102783,3.0917065143585205,1,1
1722,3.584623336791992,3.2865548133850098,0,0
1723,3.1519951820373535,2.974343776702881,0,0
1724,2.967036485671997,2.8828930854797363,0,0
1725,3.5628650188446045,3.281477928161621,0,0
1726,3.3643627166748047,3.034539222717285,0,0
1727,3.5183887481689453,3.172534465789795,0,0
1728,3.6593682765960693,3.1936964988708496,1,1
1729,3.3927993774414062,3.168887138366699,0,0
1730,3.7901604175567627,3.3922181129455566,0,0
1731,3.4186086654663086,3.0306901931762695,1,1
1732,3.1466281414031982,2.8781070709228516,0,0
1733,3.6938929557800293,3.387542724609375,1,1
1734,3.7855377197265625,3.219085693359375,1,1
1735,3.0973658561706543,2.848395824432373,0,0
1736,3.3325514793395996,2.9776523113250732,0,0
1737,3.545931816101074,3.1769115924835205,0,0
1738,3.242074728012085,3.0611348152160645,1,1
1739,3.0685524940490723,3.0322558879852295,0,0
1740,3.5346879959106445,3.2546885013580322,1,1
1741,3.243701934814453,2.9110395908355713,0,0
1742,3.3643360137939453,2.9093892574310303,1,1
1743,3.514350414276123,3.20747447013855,0,0
1744,2.8520426750183105,3.025010585784912,0,0
1745,3.5214319229125977,3.200490951538086,1,1
1746,2.8488380908966064,2.865705966949463,0,0
1747,2.957571506500244,2.9069502353668213,1,1
1748,3.356293201446533,3.20449161529541,1,1
1749,3.419313907623291,3.3032279014587402,0,0
1750,3.5493693351745605,3.133448839187622,0,0
1751,3.6535675525665283,3.3918566703796387,1,1
1752,3.711947202682495,3.3818750381469727,0,0
1753,3.938009262084961,3.3813507556915283,1,1
1754,3.5084550380706787,3.024493932723999,0,0
1755,3.5846543312072754,3.1210293769836426,1,1
1756,3.305809497833252,2.9728546142578125,1,1
1757,3.5280210971832275,3.043262243270874,1,1
1758,3.6056108474731445,3.239466667175293,0,0
1759,3.4371304512023926,3.2881357669830322,1,1
1760,3.3006653785705566,3.209000825881958,0,0
1761,3.471945285797119,3.150266647338867,1,1
1762,2.5930774211883545,2.5570015907287598,0,0
1763,3.0268073081970215,2.9659886360168457,1,1
1764,3.4866139888763428,3.311767101287842,0,0
1765,3.031113862991333,2.7419662475585938,0,0
1766,2.8191871643066406,2.6529624462127686,0,0
1767,3.197643995285034,3.0111141204833984,1,1
1768,3.2532691955566406,3.022653579711914,0,0
1769,3.0832300186157227,2.8608570098876953,1,1
1770,3.4097914695739746,3.109365701675415,1,1
1771,3.1262128353118896,3.106473445892334,0,0
1772,3.416963577270508,3.275134325027466,1,1
1773,3.400526523590088,3.2602484226226807,0,0
1774,3.575021505355835,3.12007737159729,0,0
1775,3.7378077507019043,3.3449461460113525,0,0
1776,3.6712443828582764,3.291194200515747,0,0
1777,3.763453245162964,3.2736964225769043,1,1
1778,3.6910409927368164,3.105614185333252,1,1
1779,3.5280094146728516,3.269817352294922,1,1
1780,3.4791524410247803,3.3290600776672363,1,1
1781,3.4270007610321045,3.327958583831787,0,0
1782,3.401949405670166,3.1746864318847656,1,1
1783,3.0937914848327637,2.9002480506896973,0,0
1784,3.2710187435150146,3.126117706298828,0,0
1785,3.4784886837005615,3.1792190074920654,1,1
1786,3.309018850326538,3.1762025356292725,0,0
1787,3.619215726852417,3.270930051803589,1,1
1788,3.3975296020507812,3.207505226135254,0,0
1789,3.3002588748931885,3.1517374515533447,1,1
1790,3.274991273880005,3.238368511199951,1,1
1791,3.1960859298706055,3.160412311553955,1,1
1792,3.406752109527588,3.2642364501953125,1,1
1793,3.362640619277954,3.230888605117798,0,0
1794,3.416407823562622,3.300136089324951,0,0
1795,3.386258840560913,3.2441933155059814,1,1
1796,3.437739133834839,3.38550066947937,1,1
1797,3.5940494537353516,3.3147287368774414,1,1
1798,3.4687061309814453,3.2316339015960693,0,0
1799,2.5684146881103516,2.6184942722320557,0,0
1800,3.0692224502563477,3.0691404342651367,0,0
1801,2.96079683303833,2.779085159301758,1,1
1802,3.0181081295013428,2.805258274078369,0,0
1803,3.0904500484466553,3.020498752593994,0,0
1804,2.745954751968384,2.5583746433258057,0,0
1805,3.3107171058654785,2.824561595916748,0,0
1806,3.6481330394744873,3.0575058460235596,1,1
1807,3.60921049118042,3.0649991035461426,1,1
1808,3.4976320266723633,2.934840202331543,1,1
1809,3.5203702449798584,3.1164121627807617,0,0
1810,4.139537811279297,3.536900043487549,1,1
1811,3.8682284355163574,3.3248825073242188,0,0
1812,2.8866140842437744,2.750126600265503,0,0
1813,2.868898391723633,2.6033263206481934,0,0
1814,3.068556308746338,2.733203649520874,0,0
1815,2.99949312210083,2.6637790203094482,1,1
1816,3.1331655979156494,2.6974573135375977,1,1
1817,3.278552293777466,2.814558982849121,1,1
1818,3.339257001876831,2.989189624786377,1,1
1819,3.4943294525146484,3.1702702045440674,1,1
1820,3.7988698482513428,3.2324600219726562,1,1
1821,4.055440425872803,3.241192579269409,1,1
1822,3.2377395629882812,2.820904016494751,0,0
1823,3.193931818008423,2.7962405681610107,1,1
1824,3.436034917831421,2.9873085021972656,1,1
1825,3.202294111251831,2.7329578399658203,0,0
1826,3.3586597442626953,2.791731119155884,1,1
1827,3.4129984378814697,2.9533772468566895,0,0
1828,3.040022611618042,2.932697296142578,0,0
1829,3.0020692348480225,2.7715792655944824,1,1
1830,3.4324276447296143,3.133296012878418,1,1
1831,3.799065351486206,3.17203950881958,1,1
1832,3.8747129440307617,3.3279061317443848,1,1
1833,3.3424205780029297,3.0206470489501953,1,1
1834,3.51353120803833,3.254732608795166,1,1
1835,3.3944311141967773,3.177468776702881,0,0
1836,3.450789213180542,3.0745370388031006,1,1
1837,3.4402029514312744,3.2558741569519043,1,1
1838,3.531531810760498,3.2310452461242676,1,1
1839,3.573352813720703,3.1879310607910156,0,0
1840,3.5635955333709717,3.182229995727539,0,0
1841,3.7744791507720947,3.355062484741211,1,1
1842,3.9136264324188232,3.57960844039917,1,1
1843,3.7615764141082764,3.552151918411255,0,0
1844,3.6491923332214355,3.273366928100586,0,0
1845,3.662543773651123,3.279599666595459,0,0
1846,3.7518186569213867,3.3821487426757812,1,1
1847,3.5378503799438477,3.2073874473571777,1,1
1848,3.34236741065979,3.2150464057922363,0,0
1849,3.4976072311401367,3.1789231300354004,0,0
1850,3.136777400970459,2.8301148414611816,0,0
1851,3.116780996322632,2.9606828689575195,1,1
1852,3.2456815242767334,3.0015792846679688,1,1
1853,3.4612932205200195,3.1336822509765625,0,0
1854,3.2355411052703857,3.233325481414795,0,0
1855,3.422910451889038,3.1781668663024902,1,1
1856,3.2475028038024902,3.1403160095214844,1,1
1857,3.604146718978882,3.4074692726135254,1,1
1858,3.6056854724884033,3.5095553398132324,1,1
1859,3.5726876258850098,3.0139942169189453,1,1
1860,3.495088577270508,3.0553016662597656,1,1
1861,3.4710776805877686,2.9788970947265625,1,1
1862,3.5653791427612305,3.2486228942871094,1,1
1863,3.5096869468688965,2.9097328186035156,1,1
1864,3.3434221744537354,2.9218995571136475,1,1
1865,3.0221970081329346,2.7503304481506348,1,1
1866,3.5045316219329834,3.2014918327331543,1,1
1867,3.194324016571045,2.8471508026123047,0,0
1868,3.312439441680908,3.0465006828308105,0,0
1869,3.4693686962127686,3.154076099395752,0,0
1870,3.1763200759887695,2.9916388988494873,0,0
1871,3.4226696491241455,3.134709119796753,0,0
1872,3.278228759765625,3.0463390350341797,0,0
1873,3.4117276668548584,3.26870059967041,0,0
1874,3.265897274017334,2.900589942932129,0,0
1875,3.3105900287628174,2.905186653137207,0,0
1876,2.4850211143493652,2.41355037689209,0,0
1877,3.6843020915985107,3.1267294883728027,1,1
1878,3.3146681785583496,2.707724094390869,1,1
1879,3.371114492416382,2.9637088775634766,0,0
1880,3.586825370788574,3.0974488258361816,1,1
1881,3.3536999225616455,3.2298784255981445,0,0
1882,3.592010974884033,3.237578868865967,0,0
1883,3.8783693313598633,3.374575138092041,1,1
1884,3.5767152309417725,3.0628485679626465,1,1
1885,3.3121793270111084,2.952590227127075,1,1
1886,3.0718424320220947,2.8610548973083496,0,0
1887,3.459770441055298,3.0813746452331543,1,1
1888,3.0061392784118652,2.8153111934661865,0,0
1889,3.0484280586242676,2.771596670150757,0,0
1890,3.3031914234161377,3.1544108390808105,0,0
1891,3.466707468032837,3.117860794067383,0,0
1892,3.101180076599121,2.9110605716705322,0,0
1893,3.3520491123199463,3.1521387100219727,0,0
1894,2.7653167247772217,2.6240386962890625,0,0
1895,3.0643346309661865,3.0124917030334473,0,0
1896,3.410583972930908,3.434331178665161,0,0
1897,3.554896354675293,3.388658046722412,1,1
1898,3.6970157623291016,3.461360454559326,1,1
1899,3.864220380783081,3.6201839447021484,0,0
1900,3.139115571975708,2.9909932613372803,1,1
1901,3.26397967338562,3.120579719543457,1,1
1902,3.2428011894226074,3.0538277626037598,1,1
1903,3.081336498260498,3.1063497066497803,0,0
1904,3.247006893157959,3.0684800148010254,1,1
1905,3.489844560623169,3.1051154136657715,1,1
1906,2.982839345932007,3.0103421211242676,0,0
1907,3.37532901763916,3.121382236480713,1,1
1908,2.467271327972412,2.550489902496338,1,1
1909,2.685650587081909,2.5852062702178955,1,1
1910,3.3600735664367676,2.9873619079589844,1,1
1911,3.0396149158477783,2.8691186904907227,0,0
1912,2.841543674468994,2.7009057998657227,1,1
1913,2.489452838897705,2.539297103881836,0,0
1914,3.3365509510040283,2.9453251361846924,0,0
1915,3.5953028202056885,3.048485279083252,0,0
1916,3.5370912551879883,3.2001709938049316,1,1
1917,3.2530784606933594,3.0082461833953857,0,0
1918,2.771841049194336,2.5493736267089844,0,0
1919,3.0562069416046143,2.9053151607513428,0,0
1920,3.1099908351898193,2.946457624435425,1,1
1921,3.047833204269409,2.865413188934326,1,1
1922,3.0571110248565674,2.87829852104187,1,1
1923,3.27986741065979,3.073755979537964,0,0
1924,3.4725840091705322,3.256741523742676,1,1
1925,3.5585668087005615,3.1384944915771484,1,1
1926,3.4774816036224365,3.1279332637786865,0,0
1927,3.360381841659546,2.8508691787719727,1,1
1928,3.6042122840881348,3.0756866931915283,1,1
1929,3.369706392288208,3.141179323196411,1,1
1930,3.456263303756714,3.078061103820801,1,1
1931,3.149479866027832,2.9306111335754395,1,1
1932,3.439697742462158,3.084352970123291,1,1
1933,3.5437440872192383,3.189906120300293,0,0
1934,2.912398099899292,2.4238672256469727,0,0
1935,3.2365875244140625,2.9108402729034424,0,0
1936,3.23761248588562,2.7918801307678223,0,0
1937,3.2708914279937744,3.0342917442321777,0,0
1938,3.205324172973633,2.977628707885742,1,1
1939,3.2694685459136963,2.9379687309265137,0,0
1940,3.3013908863067627,2.805283308029175,0,0
1941,3.5626602172851562,3.078131675720215,0,0
1942,3.3369967937469482,3.062676429748535,1,1
1943,3.680283308029175,3.2206475734710693,0,0
1944,3.3870468139648438,3.1143722534179688,0,0
1945,3.422898054122925,3.01426362991333,0,0
1946,3.0231828689575195,2.6378860473632812,0,0
1947,3.130906343460083,2.785337448120117,0,0
1948,3.432121753692627,3.0244059562683105,0,0
1949,3.1243255138397217,2.8436362743377686,1,1
1950,3.3870127201080322,2.837540626525879,1,1
1951,3.3834853172302246,2.893890857696533,1,1
1952,3.4116692543029785,3.0378963947296143,1,1
1953,3.2256076335906982,2.9942712783813477,1,1
1954,3.4790213108062744,3.164194107055664,0,0
1955,3.606574535369873,3.252969980239868,1,1
1956,3.8129146099090576,3.342005729675293,1,1
1957,3.556687593460083,3.1047582626342773,1,1
1958,3.7206008434295654,3.4239635467529297,1,1
1959,3.959320306777954,3.5056777000427246,0,0
1960,3.909442186355591,3.460226058959961,0,0
1961,3.4625399112701416,3.07365083694458,0,0
1962,3.9311344623565674,3.533749580383301,0,0
1963,3.4114201068878174,3.255317211151123,0,0
1964,3.1676440238952637,3.2222862243652344,1,1
1965,3.6625261306762695,3.4384708404541016,1,1
1966,3.781832218170166,3.3018486499786377,0,0
1967,3.415494918823242,3.1185426712036133,0,0
1968,3.7084152698516846,3.278116226196289,0,0
1969,3.212491035461426,3.1160082817077637,1,1
1970,3.648655652999878,3.3457436561584473,1,1
1971,3.922994375228882,3.48687481880188,0,0
1972,3.8547098636627197,3.4022939205169678,0,0
1973,2.983975648880005,2.9789376258850098,0,0
1974,3.2894349098205566,3.1921262741088867,0,0
1975,3.2562954425811768,2.8444409370422363,0,0
1976,3.2259767055511475,2.701352596282959,0,0
1977,3.3228163719177246,2.945112943649292,1,1
1978,3.583787441253662,2.9041736125946045,1,1
1979,2.6979830265045166,2.4475789070129395,1,1
1980,2.7286489009857178,2.6009140014648438,0,0
1981,2.6896848678588867,2.4677910804748535,0,0
1982,2.7241218090057373,2.4965264797210693,0,0
1983,3.3524818420410156,3.089219093322754,1,1
1984,3.2882025241851807,3.2860474586486816,0,0
1985,3.468446969985962,3.381343364715576,0,0
1986,3.552140951156616,3.233722448348999,0,0
1987,3.287682056427002,3.195613145828247,0,0
1988,2.769819974899292,2.688288688659668,0,0
1989,3.3018362522125244,3.09207820892334,1,1
1990,3.253247022628784,3.056607484817505,1,1
1991,3.231053352355957,3.0960001945495605,0,0
1992,3.3488528728485107,2.9991374015808105,1,1
1993,3.0012528896331787,2.9858124256134033,1,1
1994,3.4715518951416016,3.204516887664795,1,1
1995,3.5665030479431152,3.2219457626342773,1,1
1996,3.03995943069458,2.824056625366211,0,0
1997,3.2371315956115723,2.8958630561828613,1,1
1998,3.230863332748413,3.023806571960449,0,0
1999,3.575479745864868,3.1303720474243164,1,1
2000,3.464001178741455,3.222565174102783,0,0
2001,3.44722580909729,3.2351341247558594,1,1
2002,3.1462481021881104,2.975999116897583,1,1
2003,3.3166890144348145,2.9013733863830566,1,1
2004,3.4303908348083496,3.1009085178375244,0,0
2005,3.4779891967773438,3.209768295288086,1,1
2006,3.2486214637756348,3.0188212394714355,0,0
2007,3.581582546234131,3.3046445846557617,1,1
2008,3.379639148712158,3.021836280822754,0,0
2009,3.3127474784851074,2.9233784675598145,0,0
2010,3.054401159286499,2.886340618133545,0,0
2011,3.965610980987549,2.9719362258911133,1,1
2012,3.3542320728302,3.0617260932922363,1,1
2013,3.7362139225006104,3.317162036895752,1,1
2014,3.5753586292266846,3.1506454944610596,1,1
2015,3.754762887954712,3.353933095932007,1,1
2016,4.0434651374816895,3.4669065475463867,1,1
2017,3.7708802223205566,3.3016576766967773,1,1
2018,3.637221574783325,3.241696834564209,0,0
2019,3.4946024417877197,3.2342610359191895,0,0
2020,3.282799005508423,3.1163275241851807,1,1
2021,3.6704366207122803,3.288459539413452,1,1
2022,3.3234047889709473,3.0004262924194336,0,0
2023,3.443939685821533,3.051996946334839,0,0
2024,3.8694448471069336,3.2400527000427246,0,0
2025,3.3665459156036377,3.002502918243408,0,0
2026,3.381317138671875,3.0937933921813965,0,0
2027,3.792395830154419,3.196167469024658,1,1
2028,3.36518931388855,3.0332207679748535,0,0
2029,3.3778412342071533,3.119387149810791,0,0
2030,3.645392894744873,3.051126718521118,0,0
2031,3.5892088413238525,3.0979790687561035,0,0
2032,3.3876607418060303,3.0482187271118164,1,1
2033,3.3634982109069824,2.8457210063934326,1,1
2034,3.3359413146972656,2.9862051010131836,0,0
2035,3.221378803253174,2.9004855155944824,0,0
2036,3.7069640159606934,3.2215428352355957,1,1
2037,3.1309971809387207,2.827731132507324,1,1
2038,3.4588706493377686,3.1959142684936523,0,0
2039,3.3974900245666504,3.206244468688965,0,0
2040,3.3083484172821045,3.0771350860595703,0,0
2041,3.245509386062622,3.224365234375,0,0
2042,3.3673276901245117,3.0098068714141846,1,1
2043,2.9783880710601807,2.8183422088623047,1,1
2044,3.131387710571289,3.0277817249298096,0,0
2045,3.380340099334717,3.294984817504883,1,1
2046,3.350914478302002,3.2343530654907227,0,0
2047,3.6358964443206787,3.3652079105377197,1,1
2048,3.5289952754974365,3.3624966144561768,0,0
2049,3.5127053260803223,3.016547203063965,0,0
2050,3.3408780097961426,2.990307569503784,0,0
2051,3.1396100521087646,2.7418785095214844,0,0
2052,3.1945295333862305,2.8111376762390137,1,1
2053,3.28108811378479,2.9111342430114746,0,0
2054,4.0309367179870605,2.9946064949035645,1,1
2055,3.249473810195923,2.991710662841797,1,1
2056,3.097771167755127,2.8028430938720703,0,0
2057,3.1786699295043945,3.0949480533599854,0,0
2058,3.0410971641540527,2.8052234649658203,0,0
2059,3.3945555686950684,3.089585065841675,0,0
2060,3.4910924434661865,2.756699800491333,0,0
2061,3.401827573776245,3.0364603996276855,1,1
2062,3.190876007080078,2.6958208084106445,1,1
2063,3.2850873470306396,3.0997061729431152,1,1
2064,3.5924766063690186,3.046443462371826,1,1
2065,2.9829483032226562,2.7821526527404785,0,0
2066,2.7727303504943848,2.5819458961486816,0,0
2067,3.151982069015503,3.002377510070801,0,0
2068,3.1360867023468018,2.957933187484741,0,0
2069,2.830477714538574,2.7198171615600586,0,0
2070,3.234466075897217,2.898721218109131,0,0
2071,3.1614420413970947,3.012683153152466,0,0
2072,3.4482645988464355,2.969637870788574,0,0
2073,3.1187286376953125,2.9241952896118164,0,0
2074,2.910135269165039,2.6623852252960205,0,0
2075,3.183591365814209,3.0739574432373047,0,0
2076,3.090540885925293,3.038482904434204,0,0
2077,3.8065803050994873,3.2547402381896973,1,1
2078,3.812501907348633,3.3931286334991455,1,1
2079,3.5642218589782715,3.328378200531006,0,0
2080,3.1472134590148926,2.943509101867676,0,0
2081,3.2443161010742188,3.042663812637329,0,0
2082,3.2652242183685303,3.104830741882324,1,1
2083,3.212803363800049,3.2329089641571045,0,0
2084,3.580653190612793,3.3327839374542236,0,0
2085,3.1441733837127686,2.958101749420166,0,0
2086,3.2929701805114746,2.969878911972046,0,0
2087,3.643798589706421,3.2215824127197266,0,0
2088,2.6436192989349365,2.3788554668426514,0,0
2089,2.7040188312530518,2.5861711502075195,0,0
2090,3.2067413330078125,3.0150976181030273,1,1
2091,2.989180088043213,2.824672222137451,0,0
2092,3.0053184032440186,2.7468104362487793,0,0
2093,3.344931125640869,3.156630516052246,0,0
2094,3.8492963314056396,3.3131372928619385,1,1
2095,3.410768508911133,3.156339406967163,0,0
2096,3.616175413131714,3.381601333618164,1,1
2097,3.224269151687622,2.9954309463500977,1,1
2098,3.323756456375122,2.8725428581237793,1,1
2099,3.5984034538269043,3.1819379329681396,1,1
2100,3.43972110748291,3.040595531463623,1,1
2101,3.5807929039001465,3.2036209106445312,1,1
2102,3.7018394470214844,3.282034397125244,1,1
2103,3.5868515968322754,3.1689343452453613,1,1
2104,3.302205801010132,2.924886703491211,0,0
2105,3.2913877964019775,2.9333155155181885,0,0
2106,3.3955390453338623,2.7815957069396973,1,1
2107,2.9674668312072754,2.8433728218078613,1,1
2108,2.905437707901001,2.7963790893554688,0,0
2109,3.391737937927246,3.148118495941162,1,1
2110,3.1949944496154785,2.9482340812683105,1,1
2111,3.4256739616394043,3.1314597129821777,1,1
2112,3.4091250896453857,3.2070441246032715,0,0
2113,3.0776567459106445,3.1035070419311523,0,0
2114,3.3753223419189453,3.096564769744873,1,1
2115,3.461214303970337,3.212312698364258,1,1
2116,3.1603448390960693,3.0219414234161377,1,1
2117,3.379762649536133,3.07576322555542,0,0
2118,3.348235845565796,3.195953369140625,1,1
2119,3.2819483280181885,3.1756367683410645,0,0
2120,3.516427993774414,3.2164220809936523,1,1
2121,3.527345657348633,3.4658145904541016,0,0
2122,3.252218723297119,3.333282947540283,0,0
2123,3.490640163421631,3.2269105911254883,1,1
2124,3.747852087020874,3.5119330883026123,1,1
2125,3.6044018268585205,3.4432506561279297,0,0
2126,3.702854871749878,3.2936456203460693,0,0
2127,3.075078248977661,2.92789363861084,0,0
2128,3.2657246589660645,2.7071259021759033,1,1
2129,3.087160587310791,2.807353973388672,0,0
2130,3.2867188453674316,3.1286377906799316,1,1
2131,3.2425177097320557,3.049436092376709,1,1
2132,3.2842488288879395,2.8956098556518555,0,0
2133,3.157329559326172,3.0009348392486572,0,0
2134,3.4427623748779297,3.2252085208892822,0,0
2135,3.766897678375244,3.195739269256592,0,0
2136,3.530893325805664,3.2404537200927734,1,1
2137,3.623167037963867,3.3990910053253174,1,1
2138,3.663248300552368,3.4704809188842773,1,1
2139,3.4073057174682617,3.373103618621826,1,1
2140,3.7089080810546875,3.4324636459350586,1,1
2141,3.338268756866455,2.9421164989471436,0,0
2142,3.292224407196045,2.9368739128112793,1,1
2143,3.146571636199951,2.8958942890167236,1,1
2144,3.545549154281616,3.1465749740600586,1,1
2145,3.4103951454162598,3.1515283584594727,1,1
2146,3.4201903343200684,3.06040358543396,1,1
2147,2.854837417602539,2.7270240783691406,1,1
2148,2.467759609222412,2.550924062728882,0,0
2149,3.0266406536102295,2.7470011711120605,1,1
2150,3.5110297203063965,3.129502534866333,1,1
2151,3.212369680404663,3.0341291427612305,1,1
2152,2.9277923107147217,2.707392692565918,1,1
2153,2.7992117404937744,2.810945987701416,0,0
2154,2.845012903213501,2.757124900817871,0,0
2155,3.1628832817077637,2.9098668098449707,1,1
2156,2.9648780822753906,2.6558303833007812,0,0
2157,2.6706132888793945,2.4410243034362793,1,1
2158,2.737712860107422,2.503136157989502,0,0
2159,2.715535879135132,2.6371006965637207,0,0
2160,2.5599451065063477,2.3535256385803223,0,0
2161,3.185605049133301,2.875349521636963,0,0
2162,2.7153995037078857,2.445333480834961,1,1
2163,2.6259024143218994,2.4917783737182617,0,0
2164,2.897847890853882,2.6847500801086426,0,0
2165,2.86073637008667,2.6633505821228027,0,0
2166,2.5747997760772705,2.33014178276062,0,0
2167,2.509490489959717,2.3254404067993164,1,1
2168,2.65885591506958,2.495258092880249,0,0
2169,2.727900266647339,2.455026626586914,0,0
2170,2.325496196746826,2.231340169906616,1,1
2171,2.7321383953094482,2.608548164367676,0,0
2172,3.277336359024048,3.068660259246826,0,0
2173,3.901029348373413,3.288299560546875,1,1
2174,3.120530366897583,2.5921435356140137,0,0
2175,3.22031569480896,2.630349636077881,1,1
2176,3.373915910720825,3.156851291656494,0,0
2177,3.4962849617004395,3.2126049995422363,1,1
2178,3.512470245361328,3.270695209503174,0,0
2179,3.769375801086426,3.4030566215515137,1,1
2180,3.2517478466033936,2.9905781745910645,0,0
2181,3.444190502166748,3.1772656440734863,0,0
2182,3.6433265209198,3.192605495452881,0,0
2183,3.426801919937134,2.990272045135498,0,0
2184,3.1503684520721436,3.014915704727173,0,0
2185,2.887322425842285,2.800081491470337,0,0
2186,2.972543239593506,2.85982608795166,0,0
2187,3.0404324531555176,2.917356014251709,0,0
2188,2.9996273517608643,2.824124336242676,0,0
2189,2.6089906692504883,2.456085443496704,0,0
2190,2.6351068019866943,2.639482021331787,0,0
2191,2.922435998916626,2.7432994842529297,0,0
2192,3.0204899311065674,2.7883806228637695,0,0
2193,3.2622203826904297,2.9077835083007812,0,0
2194,3.8504772186279297,3.4649181365966797,1,1
2195,3.7975757122039795,3.518805503845215,1,1
2196,3.8412861824035645,3.4929327964782715,0,0
2197,3.888923168182373,3.457216262817383,1,1
2198,3.8002593517303467,3.299999237060547,0,0
2199,3.554598569869995,3.2967381477355957,0,0
2200,3.7672197818756104,3.240541458129883,0,0
2201,2.811587333679199,2.5830979347229004,0,0
2202,3.422999382019043,3.0311388969421387,1,1
2203,3.4705891609191895,3.0567150115966797,0,0
2204,3.006624221801758,2.6516008377075195,0,0
2205,3.217582941055298,2.859231472015381,0,0
2206,3.3992559909820557,2.942768096923828,1,1
2207,3.078465461730957,2.9414334297180176,0,0
2208,2.791266679763794,2.60695219039917,1,1
2209,3.1148111820220947,2.889176845550537,0,0
2210,2.9865193367004395,2.9487218856811523,1,1
2211,3.073174238204956,3.032919406890869,0,0
2212,3.116469621658325,2.819289207458496,0,0
2213,3.0361850261688232,2.662609100341797,0,0
2214,2.541110038757324,2.486002206802368,0,0
2215,2.574605703353882,2.442129611968994,0,0
2216,2.9128003120422363,2.708465099334717,1,1
2217,3.037130355834961,2.7152395248413086,0,0
2218,3.1167662143707275,2.730252265930176,0,0
2219,3.239309072494507,2.8579599857330322,0,0
2220,3.545842170715332,2.914412498474121,1,1
2221,3.0129141807556152,2.6615939140319824,1,1
2222,2.815058469772339,2.5241751670837402,1,1
2223,3.55389666557312,3.2103171348571777,1,1
2224,3.5193471908569336,3.1989359855651855,1,1
2225,3.528031587600708,3.1382288932800293,1,1
2226,3.6134212017059326,3.149604082107544,0,0
2227,3.293309450149536,2.9685401916503906,0,0
2228,3.5288355350494385,3.2740283012390137,1,1
2229,3.389772653579712,3.256220817565918,1,1
2230,3.1312050819396973,2.9883570671081543,0,0
2231,3.524033784866333,3.3154826164245605,1,1
2232,3.514733076095581,3.375723361968994,0,0
2233,3.466233491897583,3.204652786254883,0,0
2234,3.5094211101531982,3.1669068336486816,0,0
2235,3.3592722415924072,3.1876821517944336,0,0
2236,3.353034496307373,3.051114320755005,1,1
2237,3.215808868408203,3.1471316814422607,0,0
2238,2.8724396228790283,2.7589468955993652,0,0
2239,3.199159622192383,3.00016188621521,0,0
2240,3.0622637271881104,3.047384738922119,0,0
2241,3.273576498031616,3.1036152839660645,1,1
2242,3.0468857288360596,2.916902780532837,0,0
2243,3.4476914405822754,3.12312650680542,1,1
2244,3.0335543155670166,2.8842763900756836,0,0
2245,3.3276772499084473,3.1387405395507812,0,0
2246,3.442549467086792,3.1088709831237793,0,0
2247,3.5366859436035156,3.2285637855529785,0,0
2248,3.27691388130188,3.093076705932617,0,0
2249,3.0270864963531494,2.9894847869873047,0,0
2250,3.267331600189209,3.124284267425537,0,0
2251,3.313647747039795,3.0773236751556396,0,0
2252,3.4628169536590576,3.2155280113220215,0,0
2253,3.3732857704162598,3.2443270683288574,0,0
2254,3.4130072593688965,3.14342999458313,0,0
2255,3.3837034702301025,3.248401641845703,1,1
2256,3.447180986404419,3.320469379425049,1,1
2257,3.174437999725342,3.060255527496338,1,1
2258,4.209503650665283,3.40280818939209,1,1
2259,4.23530912399292,3.3205158710479736,1,1
2260,3.8777856826782227,3.3567941188812256,0,0
2261,3.8205456733703613,3.2922089099884033,1,1
2262,3.8990707397460938,3.3937530517578125,1,1
2263,2.8770453929901123,2.6457834243774414,1,1
2264,3.408409595489502,3.2713894844055176,0,0
2265,3.7603185176849365,3.3942017555236816,1,1
2266,3.807729482650757,3.453723430633545,0,0
2267,3.115504264831543,2.8331398963928223,1,1
2268,3.248347520828247,3.0302529335021973,1,1
2269,2.9735376834869385,2.9064762592315674,1,1
2270,2.9437572956085205,2.8668935298919678,0,0
2271,2.747450113296509,2.741473913192749,0,0
2272,3.4277377128601074,3.2224068641662598,1,1
2273,3.7595319747924805,3.5298407077789307,1,1
2274,3.5247247219085693,3.4509940147399902,0,0
2275,3.1982944011688232,3.0805320739746094,0,0
2276,3.3447673320770264,3.10482120513916,1,1
2277,3.441293239593506,3.1393606662750244,0,0
2278,3.6506285667419434,3.3782553672790527,1,1
2279,3.754948377609253,3.3323187828063965,0,0
2280,3.768035888671875,3.4092369079589844,1,1
2281,3.834685802459717,3.4294371604919434,1,1
2282,3.700791358947754,3.5272867679595947,0,0
2283,3.5889039039611816,3.333181381225586,0,0
2284,3.875096321105957,3.659874439239502,1,1
2285,4.081331253051758,3.716515302658081,1,1
2286,3.1218833923339844,3.100473165512085,0,0
2287,3.53782320022583,3.263073205947876,1,1
2288,3.2238967418670654,3.051534652709961,0,0
2289,3.425025224685669,3.170665740966797,1,1
2290,3.4241721630096436,3.083510398864746,1,1
2291,3.123739004135132,2.8563196659088135,1,1
2292,3.3342230319976807,3.2167468070983887,0,0
2293,3.7014498710632324,3.2825236320495605,1,1
2294,3.6467792987823486,3.5100741386413574,0,0
2295,3.7484798431396484,3.5149917602539062,1,1
2296,3.6850690841674805,3.539649724960327,1,1
2297,3.374107837677002,3.310896396636963,1,1
2298,3.8952317237854004,3.582637071609497,1,1
2299,3.3604719638824463,3.258101463317871,0,0
2300,3.423154830932617,3.3043885231018066,0,0
2301,3.70894193649292,3.3239545822143555,1,1
2302,3.2325522899627686,2.9674301147460938,1,1
2303,3.0762813091278076,2.998706817626953,1,1
2304,3.172717571258545,2.93538236618042,1,1
2305,3.175107717514038,3.052717924118042,1,1
2306,3.118887186050415,2.8434691429138184,1,1
2307,3.1477956771850586,2.7915444374084473,1,1
2308,3.2794525623321533,2.9430127143859863,1,1
2309,3.371980667114258,2.867137908935547,1,1
2310,3.72652530670166,3.372739791870117,1,1
2311,3.477385997772217,3.4137091636657715,1,1
2312,2.8277981281280518,2.656526565551758,0,0
2313,3.0905518531799316,2.7285218238830566,0,0
2314,3.280343770980835,2.8566737174987793,1,1
2315,3.1592917442321777,2.817861557006836,0,0
2316,3.2049694061279297,2.9392526149749756,0,0
2317,3.166797637939453,3.1385436058044434,1,1
2318,3.3104536533355713,2.734523057937622,0,0
2319,3.337811231613159,3.035776376724243,1,1
2320,3.5251452922821045,3.1196370124816895,1,1
2321,3.413792610168457,3.135794162750244,1,1
2322,3.5301148891448975,3.1744723320007324,1,1
2323,3.6116323471069336,3.088139533996582,0,0
2324,3.489492177963257,3.203718900680542,1,1
2325,3.336430788040161,3.1454124450683594,1,1
2326,3.273524045944214,3.127396583557129,1,1
2327,3.278642177581787,3.071859359741211,1,1
2328,3.349299430847168,3.051255226135254,1,1
2329,3.6327664852142334,3.2335190773010254,1,1
2330,2.6284139156341553,2.762312889099121,0,0
2331,2.8935277462005615,2.8809525966644287,0,0
2332,3.2098803520202637,3.012199878692627,1,1
2333,3.202097177505493,3.1141088008880615,0,0
2334,3.3160624504089355,3.1778717041015625,0,0
2335,3.5624804496765137,3.3123421669006348,1,1
2336,3.4884233474731445,3.222910165786743,1,1
2337,3.299772262573242,3.1776654720306396,0,0
2338,3.6793830394744873,3.3190131187438965,1,1
2339,3.942811965942383,3.6182608604431152,1,1
2340,3.9079065322875977,3.3373167514801025,1,1
2341,4.289022445678711,3.501398801803589,1,1
2342,3.6811249256134033,3.335561752319336,0,0
2343,3.029646158218384,2.9830942153930664,1,1
2344,3.2439565658569336,3.0683510303497314,1,1
2345,3.102252960205078,3.1029443740844727,1,1
2346,3.1434247493743896,3.1234560012817383,0,0
2347,2.923966884613037,2.869178533554077,0,0
2348,3.122553586959839,2.9111990928649902,1,1
2349,3.4774703979492188,3.0285940170288086,1,1
2350,3.5004489421844482,3.0905768871307373,1,1
2351,3.6303939819335938,3.3239574432373047,1,1
2352,3.6792638301849365,3.2881715297698975,1,1
2353,3.7051076889038086,3.346099376678467,1,1
2354,3.769059896469116,3.4013962745666504,1,1
2355,2.8027923107147217,2.7802746295928955,0,0
2356,3.2187960147857666,3.0064053535461426,0,0
2357,3.0233917236328125,2.9014315605163574,0,0
2358,3.249887704849243,2.9189436435699463,1,1
2359,3.141735553741455,2.9295952320098877,0,0
2360,3.127833366394043,2.8538389205932617,0,0
2361,2.8283588886260986,2.517223358154297,1,1
2362,3.3116397857666016,3.133906602859497,0,0
2363,3.1063971519470215,2.8946356773376465,1,1
2364,3.047006368637085,2.8365495204925537,0,0
2365,2.9870381355285645,2.7225558757781982,0,0
2366,3.3677287101745605,3.021608591079712,0,0
2367,3.0574676990509033,2.9614524841308594,0,0
2368,3.0599348545074463,2.789483070373535,0,0
2369,3.2759640216827393,3.1030399799346924,1,1
2370,3.0859375,2.902411937713623,0,0
2371,3.2830684185028076,3.0343337059020996,0,0
2372,3.7144582271575928,3.222926139831543,1,1
2373,3.589644193649292,3.230792284011841,1,1
2374,3.3863370418548584,3.1058623790740967,0,0
2375,3.614241123199463,3.2084803581237793,0,0
2376,3.547510862350464,3.2995190620422363,0,0
2377,3.1103129386901855,2.8733596801757812,0,0
2378,3.5953845977783203,3.22707462310791,1,1
2379,3.649783134460449,3.357205629348755,0,0
2380,3.4317851066589355,3.3503222465515137,1,1
2381,3.5350170135498047,3.280245304107666,1,1
2382,3.3588132858276367,3.3268251419067383,1,1
2383,3.6638998985290527,3.150285482406616,0,0
2384,3.3217175006866455,3.0345704555511475,0,0
2385,3.571437120437622,3.2534914016723633,0,0
2386,3.667907238006592,3.4363977909088135,1,1
2387,3.828923463821411,3.424384117126465,1,1
2388,3.839118242263794,3.1977062225341797,1,1
2389,3.4206185340881348,3.017354965209961,0,0
2390,3.059959888458252,2.580857753753662,0,0
2391,2.7928829193115234,2.623283863067627,0,0
2392,2.7367024421691895,2.6396546363830566,0,0
2393,3.03904390335083,2.7389373779296875,0,0
2394,2.296165943145752,2.134335994720459,0,0
2395,3.0535356998443604,2.8491368293762207,1,1
2396,2.8317930698394775,2.660329818725586,0,0
2397,3.3023245334625244,3.0290122032165527,0,0
2398,3.163655996322632,2.83205509185791,1,1
2399,3.737372636795044,2.995361089706421,1,1
2400,3.2794156074523926,2.9835205078125,0,0
2401,3.5648231506347656,3.0398077964782715,1,1
2402,3.569870710372925,3.1201529502868652,1,1
2403,3.434774875640869,3.124180555343628,0,0
2404,3.2385952472686768,2.87693452835083,0,0
2405,2.989473581314087,3.0328176021575928,1,1
2406,2.771639585494995,2.539154529571533,0,0
2407,3.109579563140869,2.79472017288208,1,1
2408,2.9234702587127686,2.645625591278076,0,0
2409,2.921462297439575,2.824192523956299,1,1
2410,2.7581961154937744,2.5249664783477783,0,0
2411,3.1717052459716797,2.805680990219116,0,0
2412,2.7136731147766113,2.5178980827331543,0,0
2413,3.269515037536621,2.9457461833953857,0,0
2414,3.344264507293701,3.036782741546631,1,1
2415,3.2085988521575928,2.9821395874023438,1,1
2416,3.6571056842803955,3.277524948120117,1,1
2417,3.4099252223968506,3.323129653930664,0,0
2418,3.4876773357391357,3.148298740386963,0,0
2419,2.9556145668029785,2.7561087608337402,0,0
2420,3.160435438156128,2.8994641304016113,1,1
2421,2.863853931427002,2.486859083175659,1,1
2422,3.0716094970703125,2.7089121341705322,0,0
2423,3.2669546604156494,2.902090072631836,0,0
2424,3.121706247329712,2.7817039489746094,1,1
2425,2.650034189224243,2.3898582458496094,0,0
2426,3.26438307762146,3.033172607421875,0,0
2427,3.25689435005188,3.0062005519866943,1,1
2428,3.6595616340637207,3.218862533569336,1,1
2429,3.466402292251587,3.003878116607666,0,0
2430,3.3902511596679688,2.9341440200805664,0,0
2431,3.000357151031494,2.8008904457092285,0,0
2432,2.6884114742279053,2.6788859367370605,0,0
2433,2.6816840171813965,2.5135676860809326,0,0
2434,2.65871262550354,2.7470242977142334,0,0
2435,2.5430715084075928,2.4391586780548096,0,0
2436,2.582334041595459,2.499433755874634,0,0
2437,2.7358124256134033,2.5613136291503906,1,1
2438,3.2119126319885254,2.8230037689208984,0,0
2439,3.1787073612213135,3.0043559074401855,0,0
2440,3.2293245792388916,2.91768741607666,1,1
2441,3.4958019256591797,3.2687504291534424,0,0
2442,3.405301570892334,3.1597490310668945,1,1
2443,3.2200002670288086,2.8379087448120117,1,1
2444,3.3860034942626953,2.9362831115722656,1,1
2445,3.145751714706421,2.7475972175598145,1,1
2446,3.2542812824249268,2.7197327613830566,1,1
2447,3.339150905609131,2.9010701179504395,1,1
2448,3.0012238025665283,2.6556029319763184,0,0
2449,2.986034393310547,2.585632801055908,1,1
2450,3.0801703929901123,2.5818893909454346,0,0
2451,3.0599751472473145,2.564225673675537,1,1
2452,3.473022937774658,2.6929001808166504,1,1
2453,3.229074239730835,2.698164701461792,1,1
2454,3.4864084720611572,2.5739057064056396,1,1
2455,3.1793346405029297,2.7816972732543945,1,1
2456,3.2490193843841553,2.7732558250427246,0,0
2457,3.3895838260650635,2.925036668777466,1,1
2458,2.971066951751709,2.692523956298828,0,0
2459,3.364717721939087,3.0767908096313477,1,1
2460,3.374037027359009,3.066094398498535,1,1
2461,3.2599072456359863,3.0410938262939453,0,0
2462,3.3437976837158203,3.1503524780273438,1,1
2463,3.1731793880462646,2.9913852214813232,0,0
2464,3.2940056324005127,2.9334521293640137,1,1
2465,3.420044422149658,3.1782052516937256,1,1
2466,3.5828933715820312,3.28155255317688,0,0
2467,3.4583687782287598,3.072762966156006,1,1
2468,3.5093162059783936,3.2006335258483887,1,1
2469,3.3002665042877197,2.9318573474884033,0,0
2470,3.0381438732147217,2.7571234703063965,0,0
2471,3.3457603454589844,2.983341693878174,0,0
2472,3.182002067565918,2.9507639408111572,0,0
2473,3.434338092803955,3.044424295425415,1,1
2474,3.2253024578094482,3.0520968437194824,1,1
2475,3.2293505668640137,2.9172556400299072,1,1
2476,3.431997537612915,3.1008660793304443,1,1
2477,3.304658889770508,2.9738636016845703,1,1
2478,3.834972858428955,3.2378673553466797,1,1
2479,3.134871482849121,3.006606101989746,0,0
2480,3.374647617340088,3.183566093444824,0,0
2481,3.013400077819824,3.1283860206604004,0,0
2482,2.986924886703491,2.923583745956421,0,0
2483,3.4605653285980225,3.101809501647949,1,1
2484,3.455617666244507,3.3256516456604004,0,0
2485,3.6502761840820312,3.434049129486084,0,0
2486,3.606891632080078,3.2613625526428223,1,1
2487,3.7545180320739746,3.317563772201538,1,1
2488,3.6896848678588867,3.3568685054779053,1,1
2489,3.789921522140503,3.4383106231689453,0,0
2490,4.066171646118164,3.5092673301696777,1,1
2491,3.8334312438964844,3.4001059532165527,1,1
2492,4.128976345062256,3.612426996231079,0,0
2493,3.514132499694824,3.198613166809082,0,0
2494,3.795764207839966,3.4908971786499023,0,0
2495,3.3511886596679688,3.213620185852051,0,0
2496,3.4421207904815674,3.1071622371673584,1,1
2497,3.546978235244751,3.201972007751465,1,1
2498,3.183798313140869,3.0419864654541016,0,0
2499,3.312743663787842,2.914191722869873,1,1
2500,3.3097212314605713,3.2330801486968994,1,1
2501,3.3182806968688965,3.074836015701294,0,0
2502,3.1407971382141113,3.083949565887451,0,0
2503,3.011974573135376,2.9348292350769043,1,1
2504,2.990264415740967,2.9795565605163574,0,0
2505,3.1624269485473633,3.054175853729248,1,1
2506,3.2985312938690186,2.9491467475891113,0,0
2507,3.3094961643218994,3.165166139602661,0,0
2508,2.815549850463867,2.699406862258911,0,0
2509,3.181206703186035,3.1707329750061035,0,0
2510,2.9320337772369385,2.586068868637085,0,0
2511,2.7591772079467773,2.6326961517333984,0,0
2512,2.81659197807312,2.7535176277160645,0,0
2513,3.225588321685791,2.97421932220459,1,1
2514,2.9789979457855225,2.681600570678711,0,0
2515,3.3685615062713623,2.8120665550231934,1,1
2516,3.268397331237793,3.041820526123047,1,1
2517,3.437310218811035,3.0609219074249268,1,1
2518,3.3596444129943848,2.988556146621704,0,0
2519,3.2065722942352295,2.9772391319274902,0,0
2520,3.192279815673828,3.0808358192443848,1,1
2521,3.0904016494750977,3.1287283897399902,1,1
2522,3.3594627380371094,3.1780385971069336,1,1
2523,3.515383720397949,3.249126672744751,1,1
2524,3.4785068035125732,3.3142004013061523,1,1
2525,3.6543936729431152,3.4925103187561035,1,1
2526,3.38603138923645,3.0693516731262207,0,0
2527,3.1451215744018555,2.9701731204986572,0,0
2528,3.500495195388794,3.106478214263916,0,0
2529,3.7534220218658447,3.432950973510742,0,0
2530,2.960667371749878,2.932461977005005,1,1
2531,3.1674046516418457,3.2669780254364014,1,1
2532,3.2548959255218506,3.0985946655273438,1,1
2533,3.1894192695617676,3.139852523803711,1,1
2534,3.185504198074341,3.0651743412017822,1,1
2535,3.613877534866333,3.0088424682617188,1,1
2536,3.494935989379883,2.866570472717285,0,0
2537,3.505302667617798,3.2114930152893066,1,1
2538,3.4452788829803467,3.1884496212005615,1,1
2539,3.598767042160034,3.2457056045532227,1,1
2540,2.983375072479248,2.7016563415527344,0,0
2541,3.1190907955169678,2.7574801445007324,1,1
2542,3.3744311332702637,2.9070096015930176,1,1
2543,3.2701122760772705,2.9365501403808594,1,1
2544,3.380587339401245,2.9428184032440186,0,0
2545,3.3035125732421875,2.875025749206543,1,1
2546,3.347458600997925,2.9289441108703613,0,0
2547,3.3811519145965576,2.9999513626098633,0,0
2548,3.4390790462493896,3.0815398693084717,0,0
2549,3.330080032348633,2.9686007499694824,1,1
2550,3.4260177612304688,3.0073022842407227,1,1
2551,3.8769216537475586,3.3552474975585938,1,1
2552,3.512801170349121,3.0834150314331055,0,0
2553,3.3583285808563232,2.968435525894165,0,0
2554,3.4471240043640137,3.026448965072632,0,0
2555,3.8867175579071045,3.560250759124756,1,1
2556,3.589625120162964,3.2179999351501465,0,0
2557,3.7104146480560303,3.155266761779785,0,0
2558,3.0721523761749268,2.737545967102051,0,0
2559,3.4886958599090576,3.0768346786499023,0,0
2560,3.1887965202331543,2.893524408340454,1,1
2561,3.245940685272217,2.9645605087280273,1,1
2562,3.2475836277008057,2.878416061401367,0,0
2563,2.8615193367004395,2.495790958404541,0,0
2564,3.433211088180542,2.8709473609924316,1,1
2565,3.7268192768096924,3.0936498641967773,1,1
2566,3.4345624446868896,3.222230911254883,0,0
2567,3.6670095920562744,3.1628520488739014,0,0
2568,3.8043365478515625,3.235597848892212,1,1
2569,3.663238763809204,3.2784485816955566,1,1
2570,4.030670166015625,3.5332891941070557,1,1
2571,3.4625258445739746,3.1378283500671387,0,0
2572,4.044742107391357,3.3396658897399902,1,1
2573,3.5060033798217773,3.0522491931915283,1,1
2574,3.404707670211792,3.1538095474243164,1,1
2575,3.538163423538208,3.3394558429718018,1,1
2576,3.2374486923217773,3.256103515625,1,1
2577,3.574199914932251,3.2795584201812744,1,1
2578,3.1810801029205322,3.174475908279419,0,0
2579,3.214360475540161,3.246126651763916,0,0
2580,3.5907814502716064,3.426511526107788,0,0
2581,3.525813579559326,3.440894842147827,0,0
2582,3.7499771118164062,3.56903338432312,0,0
2583,3.457993268966675,3.358710765838623,0,0
2584,3.2806270122528076,3.236168384552002,1,1
2585,3.4613614082336426,3.376800537109375,0,0
2586,3.4828004837036133,3.344752073287964,1,1
2587,3.642545461654663,3.502162218093872,0,0
2588,3.7036662101745605,3.4364700317382812,1,1
2589,3.430328607559204,3.189307689666748,0,0
2590,3.1354823112487793,3.1061503887176514,1,1
2591,3.239058256149292,3.1177897453308105,0,0
2592,3.496328830718994,3.1476659774780273,1,1
2593,3.4799742698669434,3.2093429565429688,0,0
2594,3.2631278038024902,3.1802690029144287,1,1
2595,3.227959394454956,2.940826416015625,0,0
2596,3.20326566696167,2.864872932434082,0,0
2597,3.4133737087249756,3.2036046981811523,0,0
2598,2.908588409423828,2.6041791439056396,1,1
2599,3.2614378929138184,2.973069190979004,1,1
2600,3.095964193344116,2.7085342407226562,1,1
2601,3.07045841217041,2.7966864109039307,0,0
2602,3.2471566200256348,2.8371376991271973,1,1
2603,2.968465566635132,2.6350350379943848,0,0
2604,3.6775567531585693,3.1686620712280273,0,0
2605,3.5413661003112793,3.0577595233917236,1,1
2606,3.780146837234497,3.6370906829833984,1,1
2607,3.8870837688446045,3.359449863433838,1,1
2608,3.8638381958007812,3.456753730773926,1,1
2609,3.8148391246795654,3.484680652618408,0,0
2610,4.054638862609863,3.6591713428497314,1,1
2611,3.6585400104522705,3.142392158508301,0,0
2612,3.40195631980896,3.1129322052001953,0,0
2613,3.0035998821258545,2.909419536590576,1,1
2614,3.1483829021453857,3.0022411346435547,0,0
2615,3.8380000591278076,3.507040023803711,0,0
2616,3.572753429412842,3.311608076095581,0,0
2617,3.0515284538269043,2.9948649406433105,1,1
2618,3.672623872756958,3.4655332565307617,1,1
2619,3.385514497756958,3.3165879249572754,0,0
2620,3.3338799476623535,3.0674209594726562,0,0
2621,2.6669702529907227,2.680234670639038,0,0
2622,3.2061879634857178,3.139246702194214,0,0
2623,2.5969176292419434,2.8726487159729004,0,0
2624,2.917266368865967,2.9115500450134277,0,0
2625,3.136835813522339,3.0437211990356445,0,0
2626,3.434920310974121,3.2832534313201904,1,1
2627,3.270010232925415,3.0705924034118652,0,0
2628,3.3945276737213135,3.2151479721069336,1,1
2629,3.8306145668029785,3.424633026123047,1,1
2630,3.3051135540008545,2.978412628173828,0,0
2631,3.4100983142852783,3.035816192626953,1,1
2632,3.4664430618286133,3.2381772994995117,1,1
2633,3.3986527919769287,3.147444486618042,0,0
2634,3.632082462310791,3.3159379959106445,1,1
2635,3.506617546081543,3.103299140930176,0,0
2636,3.4572372436523438,3.0925798416137695,1,1
2637,3.3872737884521484,3.301605701446533,0,0
2638,3.3721816539764404,3.262648105621338,1,1
2639,3.473451852798462,3.2744226455688477,0,0
2640,3.818784236907959,3.4078354835510254,1,1
2641,3.191222667694092,2.9991202354431152,0,0
2642,4.189226150512695,3.600816011428833,1,1
2643,3.173129081726074,2.807701349258423,0,0
2644,3.7419352531433105,3.145233154296875,1,1
2645,3.47061824798584,2.9970288276672363,1,1
2646,3.4679713249206543,2.9113619327545166,1,1
2647,3.2568047046661377,2.993544101715088,0,0
2648,3.3613979816436768,2.930880546569824,1,1
2649,3.567465305328369,3.3309836387634277,0,0
2650,3.1860222816467285,2.935436248779297,0,0
2651,2.960419178009033,2.961973190307617,0,0
2652,3.174589157104492,2.9949021339416504,0,0
2653,3.0084099769592285,3.0504250526428223,0,0
2654,3.12050461769104,2.8809707164764404,0,0
2655,3.0923960208892822,2.902285575866699,0,0
2656,3.450394630432129,3.2216315269470215,1,1
2657,3.5476608276367188,3.2866291999816895,0,0
2658,3.10172176361084,2.8618812561035156,0,0
2659,3.077739715576172,2.8091940879821777,0,0
2660,2.9108920097351074,2.742967367172241,0,0
2661,3.369399070739746,2.9368810653686523,0,0
2662,3.1601102352142334,2.8274855613708496,0,0
2663,3.1532413959503174,2.894922971725464,1,1
2664,2.732435703277588,2.6035513877868652,0,0
2665,3.058819055557251,2.9806039333343506,1,1
2666,3.1144750118255615,3.1260197162628174,1,1
2667,2.9456121921539307,3.002011775970459,1,1
2668,2.845376491546631,2.8782782554626465,0,0
2669,3.1889286041259766,3.1189193725585938,1,1
2670,3.106818437576294,2.9509401321411133,1,1
2671,3.216359853744507,2.998246669769287,0,0
2672,3.1339545249938965,2.9745521545410156,1,1
2673,3.03003191947937,2.958526134490967,1,1
2674,3.072946548461914,3.008479595184326,0,0
2675,2.947652816772461,2.754594326019287,0,0
2676,2.747746229171753,2.4982080459594727,0,0
2677,3.447394609451294,3.1707348823547363,1,1
2678,3.0804522037506104,2.7819623947143555,0,0
2679,2.9179422855377197,2.647895574569702,1,1
2680,3.261589527130127,2.966992139816284,1,1
2681,3.2416605949401855,2.7600440979003906,0,0
2682,3.2639307975769043,2.9836630821228027,0,0
2683,3.2669551372528076,3.0119781494140625,0,0
2684,2.8125076293945312,2.642888069152832,0,0
2685,3.1918060779571533,2.8110690116882324,1,1
2686,3.38718581199646,3.0367531776428223,1,1
2687,3.2458102703094482,2.8134138584136963,0,0
2688,3.1770899295806885,2.728452205657959,1,1
2689,3.194336414337158,2.6630866527557373,1,1
2690,3.188183546066284,2.7073922157287598,0,0
2691,3.144059419631958,2.850604295730591,1,1
2692,3.1188292503356934,2.859470844268799,1,1
2693,2.5640056133270264,2.398949146270752,0,0
2694,3.3442177772521973,3.2054314613342285,0,0
2695,3.453852653503418,3.345017433166504,1,1
2696,3.510108470916748,3.487334728240967,1,1
2697,3.668994188308716,3.3558552265167236,0,0
2698,4.12155294418335,3.471644639968872,1,1
2699,3.9690914154052734,3.3777973651885986,1,1
2700,2.802389144897461,2.696643829345703,1,1
2701,3.1749582290649414,3.049220561981201,1,1
2702,3.1004128456115723,3.084815740585327,0,0
2703,3.6215035915374756,3.4807329177856445,1,1
2704,3.8046207427978516,3.3464674949645996,1,1
2705,3.6541428565979004,3.2701473236083984,0,0
2706,3.567509889602661,3.266322374343872,0,0
2707,3.575460195541382,3.431567907333374,1,1
2708,3.6490638256073,3.3242106437683105,1,1
2709,3.2899484634399414,3.2709286212921143,0,0
2710,3.4734995365142822,3.3700051307678223,1,1
2711,3.425170660018921,3.4456381797790527,0,0
2712,3.633237838745117,3.3318464756011963,0,0
2713,3.5826926231384277,3.4229025840759277,0,0
2714,3.3150980472564697,3.31923770904541,0,0
2715,3.338653802871704,3.2176156044006348,0,0
2716,3.751303195953369,3.376288890838623,1,1
2717,3.1988561153411865,3.0817131996154785,0,0
2718,3.4655497074127197,3.3163135051727295,1,1
2719,3.52467942237854,3.3281726837158203,0,0
2720,3.2826671600341797,3.0092132091522217,0,0
2721,3.4007956981658936,3.1643729209899902,0,0
2722,3.9061827659606934,3.4618353843688965,1,1
2723,3.271596670150757,3.151312828063965,0,0
2724,3.4827747344970703,3.0578055381774902,0,0
2725,3.039608955383301,2.8604254722595215,1,1
2726,3.2681467533111572,2.9262375831604004,0,0
2727,3.1543197631835938,2.88432240486145,0,0
2728,3.761207342147827,3.156733989715576,1,1
2729,3.2698843479156494,2.9645566940307617,0,0
2730,3.503434658050537,3.080291748046875,0,0
2731,3.7776784896850586,3.3084208965301514,1,1
2732,3.5592806339263916,3.263784170150757,0,0
2733,3.525406837463379,3.07110595703125,0,0
2734,3.6828105449676514,3.3375792503356934,1,1
2735,3.401247024536133,2.996697187423706,0,0
2736,3.3965585231781006,3.0128121376037598,1,1
2737,2.992055654525757,2.956820487976074,0,0
2738,3.4639744758605957,3.3531599044799805,1,1
2739,2.947080373764038,2.8238654136657715,0,0
2740,2.5698657035827637,2.3577053546905518,0,0
2741,2.6732006072998047,2.4713668823242188,0,0
2742,2.9026544094085693,2.8590035438537598,0,0
2743,2.9238412380218506,2.8482494354248047,0,0
2744,2.794222831726074,2.82741641998291,0,0
2745,2.894070863723755,2.972933053970337,0,0
2746,3.0519094467163086,3.005034923553467,1,1
2747,3.0205817222595215,3.038320541381836,0,0
2748,2.9302191734313965,2.9162850379943848,0,0
2749,2.8830294609069824,2.7485241889953613,0,0
2750,3.1748127937316895,2.941713809967041,0,0
2751,2.9987540245056152,2.9349594116210938,0,0
2752,2.579873561859131,2.533390760421753,0,0
2753,2.5875840187072754,2.6368629932403564,0,0
2754,2.4965476989746094,2.560749053955078,1,1
2755,2.338064193725586,2.3851494789123535,1,1
2756,2.6113321781158447,2.5908732414245605,0,0
2757,2.5935654640197754,2.6479978561401367,0,0
2758,3.1316769123077393,2.8709683418273926,0,0
2759,3.039669990539551,2.8191120624542236,0,0
2760,2.6861162185668945,2.577441692352295,0,0
2761,3.443659543991089,3.120687484741211,1,1
2762,3.698481798171997,3.357581615447998,1,1
2763,3.9644811153411865,3.4542055130004883,0,0
2764,3.5763378143310547,3.012357711791992,0,0
2765,3.1844475269317627,2.9254908561706543,1,1
2766,2.930152654647827,2.7164106369018555,1,1
2767,2.9722065925598145,2.695329189300537,1,1
2768,3.4391472339630127,3.102262496948242,1,1
2769,2.837222099304199,2.7340312004089355,0,0
2770,3.212904214859009,2.8339381217956543,1,1
2771,3.076497793197632,2.580801010131836,1,1
2772,3.3308370113372803,2.768566608428955,1,1
2773,2.8944642543792725,2.6798925399780273,0,0
2774,2.8448352813720703,2.6042349338531494,0,0
2775,3.2852585315704346,3.0545544624328613,1,1
2776,3.231126070022583,2.9016270637512207,0,0
2777,3.061619520187378,2.753108501434326,0,0
2778,2.7346816062927246,2.58879017829895,1,1
2779,3.2478387355804443,3.0519907474517822,1,1
2780,2.88871431350708,2.71942138671875,1,1
2781,3.2930548191070557,2.947007179260254,0,0
2782,3.1627206802368164,2.8447372913360596,1,1
2783,3.3801791667938232,3.184401512145996,0,0
2784,3.781608819961548,3.302093744277954,1,1
2785,3.32637095451355,3.1086127758026123,1,1
2786,3.7423222064971924,3.246466875076294,1,1
2787,4.188068389892578,3.73431134223938,1,1
2788,3.6021859645843506,3.237504482269287,0,0
2789,2.609724998474121,2.601376533508301,1,1
2790,3.3258111476898193,2.9624719619750977,1,1
2791,3.3571581840515137,3.1353797912597656,0,0
2792,3.256288528442383,3.1524181365966797,1,1
2793,3.056403398513794,2.9459517002105713,0,0
2794,3.1276464462280273,2.9215176105499268,0,0
2795,2.951883316040039,2.7665343284606934,0,0
2796,3.2305703163146973,3.0313661098480225,1,1
2797,3.2971346378326416,3.1421189308166504,0,0
2798,2.6897664070129395,2.533679962158203,0,0
2799,2.935582160949707,2.8203821182250977,1,1
2800,2.8322365283966064,2.6857399940490723,1,1
2801,3.155686855316162,2.8802452087402344,0,0
2802,3.2505412101745605,3.2050795555114746,0,0
2803,3.436763286590576,3.172297239303589,1,1
2804,2.788855791091919,2.4625205993652344,0,0
2805,2.981140375137329,2.8200855255126953,0,0
2806,2.952141761779785,2.687201976776123,0,0
2807,3.2285103797912598,2.726255416870117,1,1
2808,2.969560384750366,2.8200392723083496,0,0
2809,3.293717384338379,2.8889360427856445,1,1
2810,3.1282949447631836,2.7759532928466797,1,1
2811,3.3794167041778564,2.9723610877990723,1,1
2812,3.2597618103027344,2.9808294773101807,0,0
2813,3.0737435817718506,2.9768810272216797,0,0
2814,3.0703999996185303,2.957707405090332,0,0
2815,3.038529872894287,2.8130898475646973,0,0
2816,3.7465686798095703,3.2257168292999268,1,1
2817,3.5496671199798584,3.116058111190796,0,0
2818,3.4340202808380127,3.112262010574341,0,0
2819,3.370574712753296,3.0742974281311035,1,1
2820,4.151455402374268,3.4334475994110107,1,1
2821,3.6602823734283447,3.264256238937378,1,1
2822,3.6594350337982178,3.299069404602051,1,1
2823,3.5465240478515625,3.2906064987182617,1,1
2824,3.6369094848632812,3.3695878982543945,0,0
2825,3.6564254760742188,3.4378678798675537,1,1
2826,3.882777452468872,3.4226250648498535,0,0
2827,4.051335334777832,3.6457266807556152,1,1
2828,3.7125046253204346,3.4021196365356445,1,1
2829,4.244993686676025,3.843583583831787,0,0
2830,3.3712034225463867,3.113992929458618,0,0
2831,3.5694072246551514,3.2102956771850586,0,0
2832,3.3205909729003906,3.066725254058838,1,1
2833,3.816850423812866,3.448817253112793,1,1
2834,3.4014062881469727,3.308318614959717,0,0
2835,3.1186423301696777,2.9327170848846436,0,0
2836,2.5763678550720215,2.4209513664245605,0,0
2837,3.3157286643981934,3.048401355743408,0,0
2838,3.3298497200012207,3.0869903564453125,1,1
2839,3.528156280517578,3.329824686050415,1,1
2840,3.465527057647705,3.4481968879699707,1,1
2841,3.0479888916015625,2.972339630126953,0,0
2842,4.10849142074585,3.6125729084014893,1,1
2843,3.377509355545044,3.1126532554626465,0,0
2844,3.021885395050049,2.7759084701538086,0,0
2845,3.718703269958496,3.4576826095581055,0,0
2846,3.5232436656951904,3.1378846168518066,0,0
2847,2.929450511932373,2.8407678604125977,0,0
2848,3.4249560832977295,3.1357643604278564,1,1
2849,3.29032301902771,3.22794246673584,0,0
2850,3.870706081390381,3.505828380584717,1,1
2851,3.5925934314727783,3.318605422973633,0,0
2852,3.182424783706665,2.9919447898864746,1,1
2853,3.7307863235473633,3.2957217693328857,1,1
2854,3.1283717155456543,3.133909225463867,0,0
2855,3.4918627738952637,2.9854419231414795,1,1
2856,2.91011905670166,2.6556344032287598,0,0
2857,3.2332956790924072,3.0875191688537598,1,1
2858,3.412986993789673,3.0448222160339355,1,1
2859,3.3037047386169434,3.078869104385376,1,1
2860,3.411975622177124,3.1541085243225098,1,1
2861,3.2611100673675537,3.1061899662017822,1,1
2862,3.2201108932495117,2.8676042556762695,1,1
2863,3.170783519744873,3.019690990447998,0,0
2864,3.122330665588379,2.883788824081421,1,1
2865,3.144752264022827,2.8028509616851807,1,1
2866,3.0367047786712646,2.8375942707061768,1,1
2867,3.3298985958099365,2.983964443206787,1,1
2868,3.611421585083008,3.063899517059326,1,1
2869,3.545100212097168,3.281331777572632,1,1
2870,3.363091468811035,3.1747026443481445,0,0
2871,3.247647762298584,3.2057688236236572,0,0
2872,3.6411123275756836,3.331322431564331,1,1
2873,3.109811782836914,3.1169214248657227,1,1
2874,3.4460325241088867,3.2435622215270996,1,1
2875,3.6737194061279297,3.2115371227264404,1,1
2876,3.0882184505462646,2.816800355911255,0,0
2877,3.3173935413360596,3.187420606613159,0,0
2878,3.417876720428467,3.0124318599700928,0,0
2879,3.216069459915161,3.0859177112579346,0,0
2880,3.155714988708496,3.0568132400512695,0,0
2881,3.1677236557006836,3.0224204063415527,1,1
2882,3.4319396018981934,3.129868507385254,0,0
2883,3.447798490524292,3.171633720397949,0,0
2884,3.403278350830078,3.1184864044189453,1,1
2885,2.827502727508545,2.5153093338012695,0,0
2886,3.235623598098755,3.0408613681793213,0,0
2887,3.248777151107788,2.9763736724853516,1,1
2888,3.0431549549102783,2.8443872928619385,0,0
2889,3.0424211025238037,2.885467529296875,0,0
2890,3.518331527709961,3.1366190910339355,1,1
2891,3.2843685150146484,2.9863433837890625,0,0
2892,3.7276949882507324,2.9879846572875977,0,0
2893,3.4401299953460693,3.114163875579834,0,0
2894,3.289860248565674,2.8976097106933594,1,1
2895,3.3115475177764893,2.7240662574768066,0,0
2896,3.831820011138916,3.2891314029693604,1,1
2897,3.0904664993286133,2.8078131675720215,0,0
2898,3.128014087677002,2.7288217544555664,1,1
2899,3.2341206073760986,2.963467836380005,1,1
2900,2.7857515811920166,2.5770277976989746,1,1
2901,2.9161558151245117,2.628528594970703,1,1
2902,2.8381094932556152,2.629364013671875,1,1
2903,2.4221062660217285,2.321525812149048,0,0
2904,2.7515904903411865,2.6187081336975098,1,1
2905,2.525959014892578,2.575944423675537,0,0
2906,2.5259830951690674,2.5333330631256104,1,1
2907,2.4254097938537598,2.4264559745788574,0,0
2908,2.465956926345825,2.543339252471924,0,0
2909,2.28572678565979,2.295745849609375,0,0
2910,2.735234022140503,2.4991612434387207,0,0
2911,2.3053510189056396,2.281519651412964,0,0
2912,2.6911978721618652,2.6642980575561523,0,0
2913,2.640650987625122,2.562192916870117,0,0
2914,3.0553247928619385,2.868107557296753,0,0
2915,2.4430270195007324,2.1157913208007812,0,0
2916,3.0344111919403076,2.6709060668945312,0,0
2917,2.8463551998138428,2.6981449127197266,0,0
2918,2.990525245666504,2.9264416694641113,1,1
2919,3.1875152587890625,3.1282830238342285,0,0
2920,3.7027618885040283,3.641078472137451,1,1
2921,3.2912185192108154,3.1175031661987305,1,1
2922,3.742795944213867,3.245746612548828,1,1
2923,3.4499080181121826,3.264064311981201,1,1
2924,3.625049352645874,3.164409637451172,0,0
2925,3.3209190368652344,2.945283889770508,0,0
2926,3.3272547721862793,2.957160472869873,0,0
2927,3.318147659301758,2.8206124305725098,1,1
2928,3.0769360065460205,2.977560520172119,0,0
2929,3.6664297580718994,3.1986212730407715,1,1
2930,2.733659267425537,2.5823965072631836,0,0
2931,3.308337450027466,2.994455099105835,1,1
2932,3.4927589893341064,3.3393197059631348,0,0
2933,3.6290576457977295,3.093602180480957,1,1
2934,3.5952470302581787,3.3715131282806396,0,0
2935,3.7903075218200684,3.420297861099243,1,1
2936,3.751608371734619,3.328000783920288,0,0
2937,3.718156576156616,3.240633964538574,1,1
2938,3.8660881519317627,3.4434289932250977,0,0
2939,3.3962337970733643,3.023932695388794,0,0
2940,3.5301597118377686,3.292780876159668,0,0
2941,3.1077589988708496,3.084209442138672,0,0
2942,3.378223180770874,3.076446056365967,0,0
2943,2.6449551582336426,2.3699679374694824,0,0
2944,3.7716031074523926,3.2906394004821777,1,1
2945,3.5077285766601562,3.169473171234131,0,0
2946,3.7313520908355713,3.396184206008911,0,0
2947,3.7488551139831543,3.173828125,1,1
2948,3.7593836784362793,3.4455344676971436,1,1
2949,3.7923061847686768,3.5100345611572266,1,1
2950,3.2356462478637695,3.1659202575683594,0,0
2951,3.144876718521118,3.0776429176330566,0,0
2952,3.3425073623657227,3.114739418029785,1,1
2953,3.3629367351531982,2.9950175285339355,1,1
2954,3.3974709510803223,3.169297695159912,1,1
2955,3.429619550704956,3.2574353218078613,1,1
2956,3.6101675033569336,3.188741683959961,0,0
2957,2.9071238040924072,2.926875114440918,0,0
2958,3.3845653533935547,3.0056045055389404,1,1
2959,3.582651138305664,3.271446466445923,1,1
2960,3.232813835144043,3.1484415531158447,0,0
2961,3.347940444946289,2.9663920402526855,1,1
2962,3.1972882747650146,3.0509731769561768,1,1
2963,3.6369190216064453,3.119687080383301,1,1
2964,3.429563045501709,3.074537754058838,0,0
2965,3.094791889190674,2.862248420715332,0,0
2966,2.999884843826294,2.777920722961426,0,0
2967,3.0331718921661377,2.8388209342956543,1,1
2968,2.8851566314697266,2.7110366821289062,1,1
2969,3.353424310684204,2.9752871990203857,0,0
2970,3.0598244667053223,2.980243682861328,0,0
2971,3.647517681121826,3.2995636463165283,1,1
2972,3.3606159687042236,2.904247283935547,1,1
2973,3.754814624786377,3.325824022293091,1,1
2974,3.6479854583740234,3.1941895484924316,1,1
2975,3.583930730819702,3.1070098876953125,1,1
2976,3.5053751468658447,3.0335593223571777,0,0
2977,3.651679754257202,3.027719497680664,1,1
2978,3.3298890590667725,3.045836925506592,1,1
2979,3.52854323387146,3.090278387069702,0,0
2980,3.3187501430511475,2.8738136291503906,1,1
2981,3.3511667251586914,2.9937117099761963,0,0
2982,3.074828624725342,2.8930466175079346,0,0
2983,2.9967188835144043,2.9519476890563965,0,0
2984,3.5255346298217773,3.2147841453552246,1,1
2985,3.6107888221740723,3.2945003509521484,0,0
2986,3.0042595863342285,2.878200054168701,0,0
2987,3.534609079360962,3.1686172485351562,1,1
2988,3.531806230545044,3.0197744369506836,1,1
2989,3.2453064918518066,2.9033937454223633,1,1
2990,3.533301591873169,3.029052257537842,1,1
2991,3.467355966567993,3.215848684310913,1,1
2992,3.300619602203369,2.912992238998413,1,1
2993,3.5286154747009277,3.216676950454712,1,1
2994,3.543671131134033,3.31003999710083,1,1
2995,3.6851696968078613,3.50234317779541,0,0
2996,3.531489133834839,3.4708969593048096,0,0
2997,2.9876620769500732,2.9316163063049316,0,0
2998,3.1982035636901855,3.309560775756836,1,1
2999,3.010287284851074,2.7349166870117188,0,0
3000,2.531277656555176,2.441023826599121,1,1
3001,2.8894100189208984,2.770139694213867,1,1
3002,3.503566265106201,3.1159868240356445,1,1
3003,3.2449469566345215,3.0570948123931885,1,1
3004,3.194288969039917,3.1632027626037598,1,1
3005,3.1680819988250732,2.9569311141967773,1,1
3006,3.199608325958252,3.030555486679077,1,1
3007,3.548273801803589,3.2475709915161133,1,1
3008,3.2409780025482178,3.0128540992736816,0,0
3009,3.3410305976867676,3.2644474506378174,1,1
3010,3.5853073596954346,3.3648476600646973,0,0
3011,3.4314041137695312,3.245370864868164,0,0
3012,3.3426477909088135,3.2171857357025146,0,0
3013,3.3134148120880127,3.168813943862915,0,0
3014,3.3308398723602295,3.160022735595703,1,1
3015,3.1035666465759277,2.9440464973449707,0,0
3016,2.9701952934265137,2.754373550415039,0,0
3017,2.9150829315185547,2.7133052349090576,1,1
3018,3.3326330184936523,2.8246707916259766,0,0
3019,3.2739028930664062,3.0087361335754395,0,0
3020,3.2949113845825195,3.0393834114074707,0,0
3021,3.3205530643463135,3.223878860473633,1,1
3022,3.3846187591552734,3.0399012565612793,1,1
3023,3.168212652206421,2.903632879257202,1,1
3024,3.297428607940674,2.8362863063812256,0,0
3025,3.2460944652557373,2.8334763050079346,1,1
3026,3.4335503578186035,2.8681273460388184,0,0
3027,3.3243234157562256,2.96100115776062,0,0
3028,3.4828131198883057,3.208864212036133,1,1
3029,3.4680893421173096,3.300564765930176,1,1
3030,3.164799213409424,2.929635524749756,0,0
3031,3.3500864505767822,2.9061226844787598,1,1
3032,3.4806554317474365,3.044827938079834,1,1
3033,2.987401008605957,2.843736171722412,0,0
3034,3.408982753753662,3.04644775390625,1,1
3035,3.921846389770508,3.2672948837280273,0,0
3036,3.147832155227661,3.037698268890381,1,1
3037,3.124408483505249,2.894500255584717,1,1
3038,3.3820743560791016,3.2474851608276367,0,0
3039,3.595374584197998,3.3822343349456787,0,0
3040,2.823068380355835,2.5300331115722656,0,0
3041,2.8762645721435547,2.5938854217529297,0,0
3042,2.7243261337280273,2.5090978145599365,0,0
3043,2.6929264068603516,2.3456945419311523,1,1
3044,3.3784940242767334,2.9697794914245605,1,1
3045,3.134699583053589,2.5986413955688477,1,1
3046,2.8600032329559326,2.6245133876800537,0,0
3047,2.9045586585998535,2.710481643676758,0,0
3048,2.9928033351898193,2.71293306350708,0,0
3049,2.9125499725341797,2.665351629257202,0,0
3050,2.8134989738464355,2.5057413578033447,0,0
3051,2.8562450408935547,2.6825127601623535,0,0
3052,3.03139066696167,2.6601333618164062,0,0
3053,3.1602296829223633,2.6469268798828125,1,1
3054,3.0251662731170654,2.752821445465088,1,1
3055,2.9320733547210693,2.6670031547546387,0,0
3056,3.042043924331665,2.717632532119751,0,0
3057,2.5112438201904297,2.3316426277160645,0,0
3058,2.459045886993408,2.401477813720703,1,1
3059,2.9465396404266357,2.5976905822753906,0,0
3060,3.5603530406951904,3.264667510986328,1,1
3061,3.868387222290039,3.6166892051696777,1,1
3062,3.6077964305877686,3.28098201751709,1,1
3063,3.653261423110962,3.4249930381774902,1,1
3064,3.436469554901123,3.343148708343506,0,0
3065,2.661823034286499,2.159792423248291,0,0
3066,3.008847236633301,2.4208569526672363,1,1
3067,2.9879045486450195,2.640385866165161,0,0
3068,3.4175000190734863,2.9573497772216797,0,0
3069,3.4346296787261963,3.142564296722412,1,1
3070,3.5515055656433105,3.2008824348449707,1,1
3071,3.5010247230529785,3.1894075870513916,1,1
3072,3.298917531967163,3.08247709274292,1,1
3073,2.684150218963623,2.5807576179504395,0,0
3074,2.8606486320495605,2.5889477729797363,0,0
3075,3.1596813201904297,2.8816311359405518,0,0
3076,3.317046642303467,3.0061373710632324,1,1
3077,3.535818576812744,2.9580554962158203,1,1
3078,3.664987087249756,3.2689669132232666,1,1
3079,3.533914566040039,3.154681921005249,1,1
3080,3.21167254447937,2.9783689975738525,1,1
3081,3.863670587539673,3.4565911293029785,1,1
3082,3.523402452468872,3.265951633453369,1,1
3083,3.429356098175049,3.277885913848877,0,0
3084,3.8575713634490967,3.623936653137207,1,1
3085,3.724710702896118,3.3800182342529297,1,1
3086,3.3458476066589355,3.0203490257263184,0,0
3087,3.59605073928833,3.153918981552124,1,1
3088,2.918095588684082,2.8977601528167725,0,0
3089,3.1376402378082275,2.9949817657470703,0,0
3090,3.217559337615967,3.0674848556518555,1,1
3091,3.0952601432800293,2.9561243057250977,0,0
3092,2.9536080360412598,2.7357609272003174,1,1
3093,3.3624699115753174,3.1051368713378906,1,1
3094,3.2722253799438477,3.2072904109954834,1,1
3095,3.47353196144104,3.309659481048584,1,1
3096,3.2611348628997803,3.1178855895996094,1,1
3097,3.0255417823791504,2.885133743286133,1,1
3098,2.8814969062805176,2.6652088165283203,0,0
3099,3.145742416381836,2.838225841522217,1,1
3100,3.2481119632720947,2.8533577919006348,1,1
3101,3.153331756591797,2.869811773300171,1,1
3102,4.223267078399658,3.4678492546081543,1,1
3103,2.5670459270477295,2.2503926753997803,1,1
3104,3.025118112564087,2.915180206298828,0,0
3105,2.85583758354187,2.7441556453704834,0,0
3106,3.234093427658081,2.985184669494629,1,1
3107,3.0084986686706543,2.968777894973755,1,1
3108,3.2779510021209717,3.158519983291626,1,1
3109,2.939267873764038,2.9754576683044434,0,0
3110,3.2662246227264404,3.088466167449951,0,0
3111,3.344048500061035,3.0202088356018066,1,1
3112,3.392493724822998,3.176272392272949,1,1
3113,3.1656999588012695,3.0728888511657715,1,1
3114,3.56921648979187,3.3216254711151123,1,1
3115,3.56413197517395,3.2937631607055664,1,1
3116,3.5068578720092773,3.3505611419677734,1,1
3117,3.515825033187866,3.209900140762329,1,1
3118,3.3015034198760986,3.064892292022705,1,1
3119,3.6565182209014893,3.158297061920166,1,1
3120,3.1569101810455322,2.904449224472046,1,1
3121,3.273442029953003,3.0875585079193115,1,1
3122,3.1716713905334473,3.0337963104248047,1,1
3123,3.1343603134155273,3.0603015422821045,0,0
3124,3.1364071369171143,2.9962620735168457,0,0
3125,3.7141497135162354,3.2670416831970215,1,1
3126,3.630725860595703,3.2770495414733887,0,0
3127,3.4884440898895264,3.2152299880981445,0,0
3128,3.6160340309143066,3.2910537719726562,1,1
3129,2.960108518600464,2.7076539993286133,0,0
3130,3.256805896759033,2.791266441345215,1,1
3131,3.4385671615600586,2.966297149658203,0,0
3132,3.326117515563965,2.9770002365112305,1,1
3133,3.287731647491455,2.995634078979492,1,1
3134,3.493587017059326,2.994626998901367,1,1
3135,3.279756784439087,2.769681930541992,1,1
3136,3.075427293777466,2.9644436836242676,0,0
3137,3.5043070316314697,3.1713924407958984,0,0
3138,3.6956067085266113,3.3341705799102783,1,1
3139,3.3443896770477295,2.985625743865967,0,0
3140,2.8188092708587646,2.8236236572265625,0,0
3141,3.114651918411255,3.062746524810791,1,1
3142,3.170841932296753,3.062532424926758,0,0
3143,3.220895767211914,3.0852770805358887,0,0
3144,3.459296464920044,3.1372854709625244,0,0
3145,3.5608696937561035,3.414762496948242,1,1
3146,3.6406571865081787,3.341215133666992,1,1
3147,3.3542897701263428,3.0632495880126953,1,1
3148,3.593581438064575,3.4289236068725586,1,1
3149,3.8030972480773926,3.500537872314453,1,1
3150,3.6675925254821777,3.349855661392212,1,1
3151,3.473947048187256,3.2013630867004395,1,1
3152,3.7024567127227783,3.293915271759033,1,1
3153,3.6608147621154785,3.120931625366211,1,1
3154,3.5259850025177,3.097625494003296,1,1
3155,3.8004209995269775,3.327650547027588,1,1
3156,3.646728277206421,3.274729013442993,0,0
3157,3.7454683780670166,3.2699289321899414,1,1
3158,3.4473249912261963,3.1531291007995605,1,1
3159,3.724436044692993,3.295027732849121,1,1
3160,3.530372381210327,3.1190991401672363,0,0
3161,3.5129504203796387,3.070305109024048,1,1
3162,3.566277503967285,3.1407253742218018,0,0
3163,3.110273599624634,2.9655237197875977,1,1
3164,3.0755248069763184,2.987916946411133,0,0
3165,3.6614599227905273,3.175426959991455,1,1
3166,3.295999765396118,3.048537254333496,1,1
3167,3.355043649673462,3.063262939453125,1,1
3168,3.878530263900757,3.2202095985412598,1,1
3169,3.584864616394043,3.2872095108032227,1,1
3170,3.3557119369506836,2.9142351150512695,1,1
3171,3.182401180267334,2.990422248840332,0,0
3172,3.531094551086426,3.2159574031829834,0,0
3173,3.6502156257629395,3.1510531902313232,0,0
3174,3.621779441833496,3.3302407264709473,1,1
3175,3.599498987197876,3.1008455753326416,1,1
3176,3.2226929664611816,2.8016891479492188,0,0
3177,3.2683768272399902,3.124955177307129,0,0
3178,3.080172300338745,2.9228477478027344,1,1
3179,3.12412428855896,2.926682472229004,0,0
3180,2.9698967933654785,2.827528476715088,1,1
3181,3.555711269378662,3.404397487640381,0,0
3182,3.501620054244995,3.2820825576782227,1,1
3183,3.7681872844696045,3.414172887802124,1,1
3184,3.5996599197387695,3.4080610275268555,1,1
3185,3.952395439147949,3.5836706161499023,1,1
3186,3.547994375228882,3.202843427658081,0,0
3187,3.9379026889801025,3.5304057598114014,1,1
3188,3.88228178024292,3.4512441158294678,0,0
3189,3.446174144744873,3.112297773361206,1,1
3190,3.8803439140319824,3.4740304946899414,1,1
3191,3.539311408996582,3.246540069580078,0,0
3192,3.153261661529541,2.9985499382019043,0,0
3193,3.679016351699829,3.340823173522949,0,0
3194,2.9445528984069824,2.7179291248321533,0,0
3195,2.908775568008423,2.527900457382202,0,0
3196,3.4128568172454834,3.09946870803833,1,1
3197,3.682753562927246,3.3862833976745605,1,1
3198,2.7407617568969727,2.725137233734131,0,0
3199,2.7850167751312256,2.495743751525879,1,1
3200,3.4086945056915283,3.0181493759155273,0,0
3201,3.2994930744171143,2.9939050674438477,0,0
3202,3.0869338512420654,2.955065965652466,1,1
3203,3.071411609649658,2.9915428161621094,1,1
3204,3.022888422012329,2.866199016571045,0,0
3205,3.2687034606933594,3.1298301219940186,1,1
3206,3.0096986293792725,2.8740334510803223,1,1
3207,3.016831874847412,2.8829469680786133,1,1
3208,3.1837830543518066,3.032552719116211,1,1
3209,2.72251558303833,2.4083518981933594,1,1
3210,3.065424919128418,2.7651777267456055,0,0
3211,3.0010499954223633,2.7393784523010254,1,1
3212,2.9995784759521484,2.775397300720215,1,1
3213,3.3345978260040283,2.7509374618530273,1,1
3214,3.0645108222961426,2.761591672897339,0,0
3215,3.2315542697906494,2.884653091430664,1,1
3216,3.250218629837036,3.004671573638916,1,1
3217,2.9387478828430176,2.701794147491455,0,0
3218,3.166844129562378,2.773967981338501,1,1
3219,3.0452229976654053,2.834909200668335,0,0
3220,3.321153402328491,2.8727610111236572,0,0
3221,3.2170512676239014,3.0270943641662598,1,1
3222,2.990265369415283,2.891284942626953,0,0
3223,3.197329044342041,2.9748148918151855,0,0
3224,3.276127815246582,2.9657251834869385,0,0
3225,3.176532745361328,2.90969181060791,0,0
3226,3.389678955078125,2.957019329071045,0,0
3227,3.7183098793029785,3.1079578399658203,1,1
3228,3.674027919769287,3.08548641204834,1,1
3229,3.2398388385772705,2.7912330627441406,1,1
3230,3.7244439125061035,3.3133015632629395,1,1
3231,3.639059543609619,3.3391568660736084,1,1
3232,3.4092519283294678,3.15132474899292,0,0
3233,2.9222800731658936,2.704702138900757,0,0
3234,3.5037155151367188,3.22487735748291,0,0
3235,3.0092716217041016,2.8174333572387695,1,1
3236,3.344780206680298,3.172745943069458,0,0
3237,2.6528193950653076,2.361994743347168,0,0
3238,3.5175108909606934,3.1913044452667236,1,1
3239,4.082228183746338,3.2964727878570557,1,1
3240,3.0543901920318604,2.707056999206543,1,1
3241,3.4078829288482666,3.26503324508667,0,0
3242,3.412614345550537,3.1388046741485596,1,1
3243,3.2889201641082764,2.9047300815582275,1,1
3244,3.066537380218506,2.6787757873535156,1,1
3245,3.255838632583618,2.6786887645721436,1,1
3246,3.136943817138672,2.7578392028808594,1,1
3247,3.4037485122680664,3.07542085647583,1,1
3248,3.5878398418426514,3.255708694458008,1,1
3249,3.766296148300171,3.498236656188965,1,1
3250,3.167525053024292,3.0032968521118164,0,0
3251,3.620915174484253,3.344433546066284,0,0
3252,3.548827886581421,3.236297130584717,0,0
3253,3.627319812774658,3.2555949687957764,0,0
3254,3.913994550704956,3.5867819786071777,1,1
3255,3.7100467681884766,3.3420662879943848,0,0
3256,4.0277581214904785,3.795346736907959,1,1
3257,3.970921039581299,3.576950788497925,1,1
3258,3.409778356552124,3.170114517211914,1,1
3259,3.344801187515259,3.214693307876587,1,1
3260,3.1021625995635986,3.184217929840088,1,1
3261,2.8543455600738525,2.7708535194396973,1,1
3262,3.0037481784820557,2.8305139541625977,1,1
3263,3.2360079288482666,2.840745449066162,0,0
3264,3.261902093887329,3.010051965713501,0,0
3265,3.2684943675994873,2.9205565452575684,0,0
3266,3.178537130355835,3.091298818588257,0,0
3267,3.535723924636841,3.2004449367523193,0,0
3268,3.577965259552002,3.28928279876709,0,0
3269,3.3561789989471436,3.0842299461364746,0,0
3270,3.3070385456085205,3.168855667114258,0,0
3271,2.869236469268799,2.5644545555114746,0,0
3272,3.1356887817382812,2.650691509246826,0,0
3273,3.004753828048706,2.7546544075012207,1,1
3274,3.2093656063079834,3.011324405670166,0,0
3275,3.2906739711761475,2.945523500442505,1,1
3276,3.0910401344299316,2.8385424613952637,0,0
3277,2.8662915229797363,2.6530728340148926,0,0
3278,2.8487632274627686,2.6116576194763184,0,0
3279,2.6147384643554688,2.4055585861206055,0,0
3280,3.0280210971832275,2.9396259784698486,0,0
3281,3.0092012882232666,2.7244060039520264,0,0
3282,3.1102757453918457,2.8016817569732666,0,0
3283,2.7556183338165283,2.684907913208008,0,0
3284,3.1495954990386963,2.7971572875976562,0,0
3285,3.0594637393951416,2.79256010055542,0,0
3286,2.8040406703948975,2.5536041259765625,0,0
3287,3.247398614883423,2.875620126724243,0,0
3288,2.8190839290618896,2.564663887023926,1,1
3289,2.995521306991577,2.7107653617858887,0,0
3290,3.094386339187622,2.9459004402160645,0,0
3291,3.545820474624634,3.1394591331481934,1,1
3292,3.606485366821289,3.1974120140075684,0,0
3293,3.5856587886810303,3.443344831466675,0,0
3294,3.5407278537750244,3.2975921630859375,1,1
3295,3.7438790798187256,3.380903720855713,0,0
3296,3.4201667308807373,2.81843900680542,1,1
3297,3.53399395942688,3.2317376136779785,1,1
3298,3.711642265319824,3.1095614433288574,1,1
3299,3.787889242172241,3.3329267501831055,1,1
3300,3.529313802719116,3.273674488067627,1,1
3301,4.002638816833496,3.4266276359558105,1,1
3302,3.4448747634887695,2.952025890350342,0,0
3303,3.5212440490722656,3.097379207611084,1,1
3304,3.532498836517334,3.1680612564086914,0,0
3305,4.138136863708496,3.493682622909546,1,1
3306,3.4718286991119385,3.230339527130127,0,0
3307,3.553499460220337,3.0772557258605957,1,1
3308,3.4220075607299805,3.1197001934051514,0,0
3309,3.320261240005493,2.8714165687561035,1,1
3310,3.7422735691070557,3.470656394958496,1,1
3311,3.9315829277038574,3.418001651763916,1,1
3312,3.65851092338562,3.3352291584014893,1,1
3313,3.590341806411743,3.467097043991089,1,1
3314,3.272395372390747,3.132328510284424,0,0
3315,3.222306966781616,3.092982769012451,0,0
3316,3.372645139694214,3.282142162322998,0,0
3317,3.240989923477173,3.177165985107422,1,1
3318,3.4678640365600586,3.1994237899780273,0,0
3319,3.6910717487335205,3.2526347637176514,1,1
3320,3.4628233909606934,3.3422858715057373,1,1
3321,3.079031229019165,3.009373188018799,0,0
3322,3.308389902114868,2.883817672729492,0,0
3323,3.312642812728882,3.1478395462036133,0,0
3324,3.6929731369018555,3.3280959129333496,1,1
3325,3.4586384296417236,3.0233192443847656,1,1
3326,3.316740036010742,3.174945592880249,1,1
3327,3.4892067909240723,3.1793429851531982,1,1
3328,3.1126487255096436,2.9699714183807373,1,1
3329,3.786151170730591,3.2826027870178223,1,1
3330,3.2530558109283447,3.1831955909729004,0,0
3331,3.444957733154297,3.1775918006896973,0,0
3332,2.813864231109619,2.8776063919067383,0,0
3333,3.049752712249756,3.063776969909668,0,0
3334,2.8949708938598633,2.8667500019073486,0,0
3335,2.793835163116455,2.865705966949463,0,0
3336,2.851644277572632,2.8579254150390625,0,0
3337,2.968050718307495,2.903292179107666,0,0
3338,2.8454630374908447,2.825096607208252,0,0
3339,2.7266833782196045,2.7588412761688232,0,0
3340,2.7455382347106934,2.7329955101013184,0,0
3341,2.694587469100952,2.7873830795288086,0,0
3342,2.774670124053955,2.7943434715270996,0,0
3343,3.2771639823913574,3.0823097229003906,0,0
3344,3.0446712970733643,2.955183506011963,0,0
3345,3.3977391719818115,3.176234483718872,1,1
3346,3.1168503761291504,3.281095027923584,1,1
3347,3.458688735961914,3.2845630645751953,1,1
3348,3.658273458480835,3.4859719276428223,1,1
3349,3.1356303691864014,3.0393478870391846,1,1
3350,3.0095326900482178,3.0804853439331055,0,0
3351,3.1655430793762207,3.18686842918396,0,0
3352,3.5301992893218994,3.181966543197632,0,0
3353,3.250908374786377,3.102185010910034,0,0
3354,3.5056393146514893,3.309447765350342,1,1
3355,3.154165506362915,2.920043468475342,0,0
3356,3.238884210586548,3.0816869735717773,1,1
3357,3.4030752182006836,3.2461862564086914,0,0
3358,3.477452516555786,3.3019208908081055,0,0
3359,3.2386841773986816,3.124819040298462,0,0
3360,3.4408998489379883,3.342750310897827,0,0
3361,3.312251567840576,2.9820637702941895,0,0
3362,3.576002836227417,3.266594886779785,1,1
3363,3.211899995803833,3.0690906047821045,0,0
3364,3.28973650932312,3.179922103881836,1,1
3365,3.6051909923553467,3.2409372329711914,1,1
3366,3.5809192657470703,3.2232542037963867,1,1
3367,3.6159324645996094,3.155911684036255,1,1
3368,2.661942720413208,2.404005527496338,0,0
3369,2.8025875091552734,2.5124964714050293,0,0
3370,3.5283453464508057,3.108928680419922,0,0
3371,3.4065990447998047,2.9337663650512695,0,0
3372,3.364842414855957,2.980743885040283,1,1
3373,3.2217721939086914,2.9834721088409424,0,0
3374,3.2502999305725098,2.9897966384887695,1,1
3375,3.425082206726074,3.2388358116149902,0,0
3376,4.0901713371276855,3.684849739074707,1,1
3377,3.7216804027557373,3.562117099761963,1,1
3378,3.433709144592285,3.283670425415039,0,0
3379,3.6521964073181152,3.5909271240234375,0,0
3380,3.901995897293091,3.454270839691162,1,1
3381,3.852294921875,3.5860555171966553,1,1
3382,3.7119853496551514,3.476893424987793,0,0
3383,3.472931385040283,3.0467545986175537,0,0
3384,3.8975331783294678,3.541621685028076,1,1
3385,3.324357271194458,3.250767230987549,0,0
3386,3.6768910884857178,3.218331813812256,0,0
3387,3.3373098373413086,3.212418794631958,0,0
3388,3.888516426086426,3.3052854537963867,0,0
3389,3.5137016773223877,3.3792402744293213,0,0
3390,3.6275250911712646,3.3621461391448975,1,1
3391,3.5744175910949707,3.5175042152404785,1,1
3392,3.5346121788024902,3.2266428470611572,0,0
3393,3.1015055179595947,3.01212215423584,1,1
3394,3.4218995571136475,2.911149740219116,1,1
3395,3.404991388320923,3.085146427154541,1,1
3396,3.1367545127868652,2.919327735900879,0,0
3397,3.3776230812072754,3.043182611465454,1,1
3398,3.314995288848877,2.926501750946045,0,0
3399,3.3152852058410645,2.8860089778900146,0,0
3400,3.482161521911621,3.1655688285827637,1,1
3401,3.5342183113098145,3.119809627532959,1,1
3402,3.4424846172332764,3.2488207817077637,1,1
3403,3.5051589012145996,3.128073215484619,1,1
3404,3.2406728267669678,3.035261869430542,0,0
3405,3.640245199203491,3.289247989654541,1,1
3406,2.929088830947876,2.9674060344696045,0,0
3407,2.9323294162750244,2.6808407306671143,0,0
3408,2.9393956661224365,2.8145086765289307,0,0
3409,2.989018678665161,2.8592989444732666,0,0
3410,3.6061413288116455,3.313399076461792,1,1
3411,3.294842004776001,3.038470983505249,1,1
3412,4.007521152496338,3.562185287475586,1,1
3413,3.1804351806640625,3.1516835689544678,0,0
3414,3.331456184387207,3.1807947158813477,0,0
3415,2.7392117977142334,2.5841567516326904,0,0
3416,3.1905908584594727,2.9479684829711914,0,0
3417,3.0792124271392822,2.826615810394287,0,0
3418,3.232013463973999,3.039761543273926,0,0
3419,3.559887647628784,3.13960599899292,0,0
3420,3.0656983852386475,2.951197862625122,0,0
3421,3.531306505203247,3.226297616958618,1,1
3422,3.2363758087158203,3.0280508995056152,1,1
3423,3.4801595211029053,3.3105556964874268,1,1
3424,2.881263017654419,2.901921510696411,0,0
3425,3.385932207107544,3.208763599395752,0,0
3426,3.558849334716797,3.301549196243286,0,0
3427,3.345559597015381,3.1006340980529785,0,0
3428,3.4895291328430176,3.176722764968872,0,0
3429,3.613219976425171,3.3388137817382812,1,1
3430,3.506655693054199,3.1887640953063965,1,1
3431,3.1415867805480957,2.866248607635498,1,1
3432,2.942427635192871,2.9401426315307617,1,1
3433,3.2405829429626465,2.9825279712677,0,0
3434,3.3082852363586426,3.0141043663024902,0,0
3435,3.1511149406433105,2.975511074066162,0,0
3436,3.4731900691986084,3.1475613117218018,0,0
3437,3.2102622985839844,2.929760694503784,0,0
3438,3.4746592044830322,3.025380849838257,0,0
3439,3.3816730976104736,3.0772933959960938,0,0
3440,3.530592679977417,3.2173404693603516,0,0
3441,3.1162381172180176,2.8046417236328125,0,0
3442,3.1560630798339844,3.0935018062591553,0,0
3443,3.246312379837036,3.0532124042510986,0,0
3444,3.030474901199341,2.6253538131713867,0,0
3445,3.462228536605835,3.2822728157043457,1,1
3446,3.828908681869507,3.406620979309082,1,1
3447,3.4814560413360596,3.2008607387542725,1,1
3448,3.615098237991333,3.1322996616363525,0,0
3449,3.300482749938965,3.258091688156128,1,1
3450,3.5578927993774414,3.200812339782715,1,1
3451,3.3189613819122314,3.044001579284668,1,1
3452,2.673133373260498,2.60308837890625,0,0
3453,3.393902540206909,2.9817140102386475,0,0
3454,3.1051034927368164,2.883270740509033,0,0
3455,2.9335668087005615,2.7883687019348145,0,0
3456,3.474546432495117,3.2287259101867676,1,1
3457,3.037869930267334,3.0191588401794434,1,1
3458,2.972543716430664,2.903118133544922,0,0
3459,3.130260467529297,2.954941749572754,0,0
3460,3.090183973312378,3.0786328315734863,0,0
3461,2.7371184825897217,2.622394561767578,0,0
3462,2.8435277938842773,2.6423439979553223,0,0
3463,2.9137930870056152,2.694789171218872,0,0
3464,3.054922580718994,2.7792177200317383,0,0
3465,3.398257255554199,3.2860257625579834,1,1
3466,3.449225902557373,3.12392258644104,1,1
3467,3.5252225399017334,3.1443748474121094,1,1
3468,3.0641226768493652,2.976787567138672,0,0
3469,3.260037660598755,3.13541316986084,1,1
3470,3.1798365116119385,3.01301908493042,1,1
3471,3.075249433517456,2.8365111351013184,1,1
3472,3.303126335144043,3.1366829872131348,0,0
3473,3.4239614009857178,3.1329474449157715,1,1
3474,2.8644726276397705,2.7807188034057617,0,0
3475,3.303905487060547,3.0789642333984375,0,0
3476,3.152519464492798,2.8368029594421387,0,0
3477,3.435633420944214,3.0787267684936523,0,0
3478,3.2460696697235107,3.0522820949554443,1,1
3479,3.213670015335083,3.068756103515625,0,0
3480,3.544354200363159,3.265862464904785,1,1
3481,3.3135170936584473,3.1877760887145996,0,0
3482,3.331880807876587,3.1059772968292236,1,1
3483,3.007645606994629,2.823920249938965,0,0
3484,3.1331350803375244,2.975254774093628,1,1
3485,3.3334994316101074,2.9418582916259766,0,0
3486,3.2948453426361084,2.839444875717163,0,0
3487,3.4671123027801514,3.126993417739868,1,1
3488,3.539116859436035,3.1564152240753174,1,1
3489,3.72412371635437,3.1652722358703613,1,1
3490,3.4238548278808594,3.088665723800659,1,1
3491,3.417182445526123,3.1353201866149902,1,1
3492,3.2744548320770264,2.8459839820861816,1,1
3493,3.5545120239257812,3.2579641342163086,1,1
3494,3.1021366119384766,2.900589942932129,0,0
3495,3.9337353706359863,3.3487491607666016,1,1
3496,3.895578622817993,3.4539260864257812,1,1
3497,3.724644899368286,3.3584706783294678,1,1
3498,3.7600250244140625,3.304996967315674,1,1
3499,3.633734941482544,3.3757987022399902,1,1
3500,3.784687042236328,3.368063449859619,1,1
3501,3.4689948558807373,3.158210277557373,0,0
3502,3.6191024780273438,3.3252646923065186,0,0
3503,3.535365343093872,3.2595889568328857,1,1
3504,3.3117477893829346,3.1980676651000977,0,0
3505,3.471741199493408,3.1313188076019287,0,0
3506,2.9391226768493652,2.7603721618652344,1,1
3507,3.2078616619110107,3.147319793701172,0,0
3508,2.9523868560791016,2.8223822116851807,0,0
3509,3.0116019248962402,2.875117540359497,0,0
3510,3.211259126663208,2.967750310897827,0,0
3511,3.211697578430176,2.9797377586364746,0,0
3512,3.3085458278656006,3.129074811935425,0,0
3513,3.1196296215057373,3.1315953731536865,0,0
3514,3.348799705505371,3.116966485977173,0,0
3515,3.3730268478393555,3.096242904663086,1,1
3516,3.1133270263671875,2.8917665481567383,0,0
3517,3.2663233280181885,3.110795736312866,0,0
3518,3.4659206867218018,3.305053472518921,1,1
3519,3.4916720390319824,3.183682441711426,1,1
3520,3.602421283721924,3.2581052780151367,1,1
3521,3.579620838165283,3.3044593334198,1,1
3522,3.2715132236480713,3.069614887237549,0,0
3523,3.290719509124756,3.0308451652526855,1,1
3524,3.1896891593933105,3.1062419414520264,1,1
3525,3.161053419113159,2.9631266593933105,1,1
3526,3.4375247955322266,3.0933966636657715,0,0
3527,3.7885167598724365,3.2519946098327637,1,1
3528,3.163576126098633,3.1122608184814453,0,0
3529,3.761566638946533,3.483734607696533,1,1
3530,3.3941407203674316,3.409351110458374,0,0
3531,3.697300910949707,3.372544765472412,1,1
3532,3.7848236560821533,3.4716153144836426,1,1
3533,3.9768035411834717,3.711995840072632,1,1
3534,3.5567986965179443,3.3829026222229004,0,0
3535,3.357189416885376,3.0031280517578125,0,0
3536,3.2495920658111572,3.066561698913574,1,1
3537,3.2221696376800537,3.0063443183898926,1,1
3538,3.471869468688965,3.0930233001708984,1,1
3539,3.3839685916900635,3.311676025390625,0,0
3540,3.0814833641052246,2.9813382625579834,0,0
3541,3.402128219604492,3.2076358795166016,1,1
3542,3.6845128536224365,3.0945096015930176,1,1
3543,3.230316162109375,2.9574179649353027,1,1
3544,3.3333637714385986,2.648083209991455,0,0
3545,2.9602444171905518,2.728555679321289,0,0
3546,3.478121042251587,3.2138679027557373,1,1
3547,3.732974052429199,3.3471224308013916,1,1
3548,3.6991450786590576,3.2456557750701904,0,0
3549,3.690707206726074,3.2753143310546875,1,1
3550,3.446972131729126,2.982252359390259,1,1
3551,3.3742587566375732,3.0443921089172363,0,0
3552,4.358294486999512,3.4445252418518066,1,1
3553,3.5173025131225586,3.266535758972168,0,0
3554,2.8252172470092773,2.499471664428711,0,0
3555,2.8893215656280518,2.5877394676208496,0,0
3556,2.5795507431030273,2.447082042694092,1,1
3557,3.0614373683929443,2.6324987411499023,1,1
3558,3.3249800205230713,2.9009337425231934,1,1
3559,2.9798154830932617,2.792476177215576,1,1
3560,3.132981061935425,2.5109610557556152,0,0
3561,2.674835443496704,2.2306671142578125,1,1
3562,3.5931313037872314,3.0326552391052246,1,1
3563,2.988267421722412,2.6680634021759033,1,1
3564,3.040966272354126,2.4463813304901123,1,1
3565,2.752197265625,2.4842019081115723,1,1
3566,3.186046838760376,2.6444568634033203,1,1
3567,3.096092700958252,2.580545425415039,1,1
3568,3.07302188873291,2.789818286895752,1,1
3569,3.185504674911499,2.846745014190674,1,1
3570,3.1990721225738525,2.792245388031006,1,1
3571,3.169280529022217,2.5543270111083984,1,1
3572,3.427415370941162,3.115448236465454,0,0
3573,3.467188596725464,3.389129161834717,0,0
3574,3.5719964504241943,3.3361146450042725,1,1
3575,3.32767391204834,2.9053831100463867,0,0
3576,3.371213436126709,3.2412445545196533,0,0
3577,3.5419960021972656,3.31264328956604,1,1
3578,3.297456741333008,3.306748867034912,0,0
3579,3.7721970081329346,3.6869311332702637,1,1
3580,3.719831943511963,3.414663791656494,0,0
3581,3.1382956504821777,2.884585380554199,0,0
3582,3.0540988445281982,3.0039548873901367,0,0
3583,3.6133382320404053,3.3246302604675293,1,1
3584,3.115288496017456,2.766235828399658,0,0
3585,3.357102394104004,3.0658764839172363,0,0
3586,3.4932470321655273,3.396986246109009,0,0
3587,3.491363763809204,3.2118849754333496,0,0
3588,2.8062949180603027,2.4521608352661133,0,0
3589,2.843392848968506,2.5339081287384033,0,0
3590,3.076835870742798,2.80088472366333,1,1
3591,3.1260480880737305,3.0561904907226562,0,0
3592,3.028041362762451,2.728361129760742,0,0
3593,3.1095051765441895,2.718595504760742,0,0
3594,3.0708980560302734,2.7178964614868164,0,0
3595,2.7404022216796875,2.5262277126312256,0,0
3596,3.0068676471710205,2.645659923553467,0,0
3597,3.2266459465026855,2.7166337966918945,1,1
3598,2.994858741760254,2.679495334625244,0,0
3599,2.9827516078948975,2.7094900608062744,0,0
3600,3.1324169635772705,2.9685771465301514,0,0
3601,2.59395170211792,2.5322585105895996,0,0
3602,2.783318519592285,2.47566556930542,0,0
3603,3.640251874923706,3.155557632446289,0,0
3604,2.711163282394409,2.5520408153533936,0,0
3605,3.1116347312927246,2.972198247909546,1,1
3606,3.1257996559143066,3.0151493549346924,0,0
3607,4.12496280670166,3.8046836853027344,1,1
3608,4.000380516052246,3.5962207317352295,0,0
3609,3.5142269134521484,3.4113001823425293,1,1
3610,3.7031137943267822,3.309516429901123,1,1
3611,3.4419102668762207,3.3150815963745117,0,0
3612,2.8386151790618896,2.744619131088257,1,1
3613,3.0694146156311035,2.7515883445739746,1,1
3614,3.686797618865967,3.31081485748291,1,1
3615,3.7207672595977783,3.4296751022338867,1,1
3616,3.2946715354919434,3.2632572650909424,0,0
3617,3.3090126514434814,3.29726243019104,1,1
3618,2.99988055229187,2.821499824523926,0,0
3619,3.175579071044922,3.101520538330078,1,1
3620,4.155691623687744,3.6271889209747314,1,1
3621,3.836472749710083,3.376277446746826,1,1
3622,3.4598388671875,3.3017280101776123,1,1
3623,2.820577383041382,2.6312408447265625,0,0
3624,2.924549102783203,2.600783348083496,0,0
3625,3.041329860687256,2.902940511703491,1,1
3626,3.2883665561676025,3.0601634979248047,0,0
3627,3.7055823802948,3.3856611251831055,0,0
3628,3.9178318977355957,3.6450042724609375,1,1
3629,3.430420398712158,3.121371030807495,0,0
3630,2.500925064086914,2.3563785552978516,0,0
3631,3.6171271800994873,3.560225486755371,1,1
3632,3.2670907974243164,3.0881054401397705,0,0
3633,3.1585779190063477,2.9389944076538086,0,0
3634,3.2140724658966064,3.1127233505249023,1,1
3635,3.028484344482422,2.9406185150146484,1,1
3636,3.524705171585083,3.305293321609497,1,1
3637,3.3781280517578125,3.235438346862793,1,1
3638,3.7427725791931152,3.292990207672119,1,1
3639,3.320568084716797,3.1571757793426514,0,0
3640,3.6896133422851562,3.328819990158081,1,1
3641,3.4422731399536133,3.191730499267578,0,0
3642,3.3186588287353516,3.1649112701416016,1,1
3643,3.6726579666137695,3.3243484497070312,1,1
3644,3.3280396461486816,3.1432714462280273,0,0
3645,3.6124978065490723,3.17962646484375,0,0
3646,3.439749240875244,3.2065796852111816,0,0
3647,3.395711660385132,2.978214740753174,1,1
3648,3.5709407329559326,3.259746551513672,1,1
3649,3.725111246109009,3.301506519317627,1,1
3650,3.953104257583618,3.5262489318847656,0,0
3651,3.3586578369140625,3.076747417449951,1,1
3652,3.3675007820129395,3.0943140983581543,1,1
3653,3.2337851524353027,3.1153621673583984,1,1
3654,3.7619171142578125,3.3580620288848877,1,1
3655,3.3324127197265625,3.1400375366210938,0,0
3656,3.4752142429351807,3.3258209228515625,1,1
3657,3.336688756942749,3.15761137008667,0,0
3658,3.4667062759399414,3.4365298748016357,1,1
3659,3.232534408569336,2.9389374256134033,0,0
3660,2.756824493408203,2.737398147583008,1,1
3661,3.5343406200408936,3.3769593238830566,0,0
3662,3.6206514835357666,3.316568613052368,1,1
3663,3.267305374145508,3.0271236896514893,0,0
3664,3.764782428741455,3.211520195007324,0,0
3665,3.8234963417053223,3.4315803050994873,1,1
3666,3.3078980445861816,2.960129976272583,0,0
3667,2.9368796348571777,2.3214974403381348,1,1
3668,3.2576050758361816,2.572361946105957,1,1
3669,3.5329437255859375,2.886453151702881,1,1
3670,3.699463129043579,3.2582879066467285,0,0
3671,3.5725924968719482,3.174879550933838,0,0
3672,3.338169574737549,3.0547971725463867,1,1
3673,3.287907361984253,3.0090277194976807,0,0
3674,3.692227840423584,3.117025852203369,0,0
3675,3.3830883502960205,2.995406150817871,0,0
3676,3.3516461849212646,3.0702037811279297,0,0
3677,3.2543387413024902,2.9370124340057373,0,0
3678,3.0582334995269775,2.895139217376709,1,1
3679,3.2060463428497314,2.814556121826172,1,1
3680,3.055894374847412,2.983323812484741,1,1
3681,3.3375391960144043,3.2861580848693848,0,0
3682,3.571226119995117,3.35988712310791,1,1
3683,3.536559581756592,3.203556537628174,1,1
3684,3.63478946685791,3.2057862281799316,1,1
3685,3.810788154602051,3.417299747467041,0,0
3686,3.359271764755249,2.9305896759033203,0,0
3687,3.2062652111053467,2.7248547077178955,1,1
3688,3.31618070602417,2.9699459075927734,1,1
3689,3.5344159603118896,3.007063865661621,1,1
3690,3.310145378112793,2.9641833305358887,1,1
3691,3.352048873901367,3.1574480533599854,0,0
3692,3.451531171798706,3.0420055389404297,1,1
3693,3.4797723293304443,2.9870870113372803,1,1
3694,3.3608715534210205,3.1301794052124023,0,0
3695,3.527009963989258,3.1417183876037598,0,0
3696,3.2398431301116943,2.8084921836853027,1,1
3697,3.3604929447174072,2.9883861541748047,0,0
3698,2.712517023086548,2.591810464859009,0,0
3699,2.9245455265045166,2.7929768562316895,0,0
3700,3.3663926124572754,3.096851110458374,1,1
3701,3.567840337753296,3.050797462463379,1,1
3702,3.1857073307037354,2.963801622390747,0,0
3703,3.497170925140381,3.2641658782958984,1,1
3704,3.631591320037842,3.450998067855835,1,1
3705,3.6987061500549316,3.412893772125244,1,1
3706,3.4382591247558594,3.299283981323242,1,1
3707,3.636570930480957,3.248141288757324,1,1
3708,3.55489182472229,3.321247100830078,1,1
3709,3.4491753578186035,3.356992721557617,1,1
3710,3.542900800704956,3.252378463745117,0,0
3711,3.659515619277954,3.317577838897705,1,1
3712,3.7253737449645996,3.3760745525360107,1,1
3713,3.459683895111084,3.058302640914917,1,1
3714,3.4618654251098633,3.1805498600006104,0,0
3715,3.51513671875,3.2641685009002686,1,1
3716,3.6474106311798096,3.206200122833252,1,1
3717,3.325174331665039,3.032907009124756,0,0
3718,3.4282522201538086,3.267420530319214,0,0
3719,3.0345139503479004,2.8063931465148926,0,0
3720,3.1720237731933594,2.892685651779175,0,0
3721,3.515181064605713,3.15394926071167,0,0
3722,2.618577718734741,2.548931360244751,0,0
3723,3.26373553276062,3.192974090576172,0,0
3724,3.1417009830474854,3.072183609008789,1,1
3725,3.11747407913208,2.877591133117676,0,0
3726,3.144904851913452,2.8710484504699707,1,1
3727,3.149876832962036,2.939927101135254,1,1
3728,3.0299696922302246,2.947695255279541,1,1
3729,3.274867296218872,3.103236675262451,1,1
3730,3.1131949424743652,2.974334716796875,0,0
3731,3.1572482585906982,2.983010768890381,0,0
3732,3.36265230178833,3.232107639312744,1,1
3733,3.4091286659240723,3.133723735809326,0,0
3734,3.5479660034179688,3.3174562454223633,0,0
3735,3.384269952774048,3.2481446266174316,0,0
3736,2.477541446685791,2.475172996520996,0,0
3737,3.508690118789673,3.3697621822357178,0,0
3738,3.3744606971740723,3.3522939682006836,0,0
3739,3.34173321723938,2.7776379585266113,0,0
3740,3.4098479747772217,2.7865819931030273,1,1
3741,3.2411763668060303,2.9042272567749023,0,0
3742,3.29601788520813,3.1601271629333496,1,1
3743,3.548068046569824,3.1381258964538574,1,1
3744,3.544534921646118,3.3108627796173096,1,1
3745,4.347352981567383,2.9802088737487793,1,1
3746,4.22167444229126,3.183049201965332,0,0
3747,3.199702262878418,3.3689537048339844,0,0
3748,3.6408677101135254,3.541010618209839,1,1
3749,3.2301242351531982,3.258665084838867,0,0
3750,3.5725085735321045,3.3914146423339844,0,0
3751,3.3879270553588867,3.155452251434326,0,0
3752,3.2022266387939453,2.988478422164917,0,0
3753,3.2391715049743652,3.012110710144043,0,0
3754,3.3498921394348145,3.278987407684326,0,0
3755,3.077012062072754,2.9654762744903564,1,1
3756,3.646366596221924,3.469064712524414,1,1
3757,3.432023286819458,3.2385215759277344,1,1
3758,3.594134569168091,3.220553398132324,1,1
3759,3.0027360916137695,2.8934130668640137,0,0
3760,3.8166050910949707,3.3424479961395264,1,1
3761,3.489051342010498,3.4395813941955566,0,0
3762,3.6314446926116943,3.3650450706481934,1,1
3763,3.173053741455078,2.967647075653076,0,0
3764,3.597294330596924,3.1894233226776123,0,0
3765,3.2429471015930176,3.012752056121826,1,1
3766,3.82946515083313,3.268251419067383,1,1
3767,3.5345401763916016,2.9962615966796875,1,1
3768,3.118194341659546,2.693380117416382,0,0
3769,3.4851293563842773,2.865600347518921,0,0
3770,3.059840440750122,2.8250463008880615,0,0
3771,3.309541702270508,3.0205602645874023,1,1
3772,3.3762705326080322,3.2358336448669434,0,0
3773,3.383002281188965,3.162534713745117,1,1
3774,3.695570468902588,3.462944746017456,1,1
3775,3.4000191688537598,3.2998251914978027,0,0
3776,3.59881329536438,3.3042304515838623,1,1
3777,3.8437180519104004,3.5967206954956055,0,0
3778,3.009977102279663,2.9371330738067627,0,0
3779,3.7245731353759766,3.3066084384918213,0,0
3780,3.531525135040283,3.1175036430358887,1,1
3781,3.4084625244140625,3.0468735694885254,0,0
3782,3.2345988750457764,2.992384910583496,0,0
3783,3.6210930347442627,3.0577845573425293,1,1
3784,3.339405059814453,3.1438088417053223,0,0
3785,3.546560287475586,3.070918083190918,0,0
3786,3.6767783164978027,3.1314280033111572,1,1
3787,3.5529043674468994,3.085488796234131,1,1
3788,3.690700054168701,3.255211353302002,1,1
3789,3.8163604736328125,3.3034183979034424,0,0
3790,3.8129754066467285,3.196347713470459,1,1
3791,3.1919643878936768,2.7842421531677246,0,0
3792,3.579491376876831,2.9474704265594482,1,1
3793,3.083636999130249,2.830228805541992,1,1
3794,3.0038158893585205,2.665335178375244,1,1
3795,2.7723422050476074,2.6471738815307617,0,0
3796,3.2617340087890625,2.9930286407470703,1,1
3797,3.4019126892089844,3.1950571537017822,1,1
3798,3.159924268722534,3.2077503204345703,1,1
3799,3.320667028427124,3.15488862991333,0,0
3800,3.4463346004486084,3.2791528701782227,1,1
3801,3.3507752418518066,3.1273422241210938,0,0
3802,3.17820143699646,3.0045526027679443,1,1
3803,3.2524404525756836,3.043947696685791,1,1
3804,3.2002081871032715,3.081106185913086,1,1
3805,3.6353578567504883,3.279262065887451,1,1
3806,3.298002004623413,3.059058666229248,0,0
3807,3.2832701206207275,2.989104747772217,1,1
3808,3.133617877960205,2.8501384258270264,0,0
3809,3.012485980987549,2.958022117614746,1,1
3810,3.057570219039917,2.9432668685913086,0,0
3811,3.349743604660034,3.109598159790039,1,1
3812,2.9867138862609863,2.874871253967285,0,0
3813,2.789137601852417,2.808206558227539,0,0
3814,3.03410267829895,2.9426844120025635,0,0
3815,3.149993896484375,3.178645610809326,0,0
3816,3.346437692642212,3.0210607051849365,0,0
3817,3.23822283744812,3.0541090965270996,0,0
3818,3.3760182857513428,3.1814799308776855,1,1
3819,2.9598135948181152,2.966817617416382,0,0
3820,3.331232786178589,2.9688103199005127,0,0
3821,3.354252338409424,2.9462149143218994,1,1
3822,3.4077308177948,3.013164520263672,1,1
3823,3.6696481704711914,3.248878002166748,1,1
3824,3.0251541137695312,2.736619234085083,0,0
3825,3.102776527404785,3.1179847717285156,0,0
3826,2.8779797554016113,2.768568277359009,0,0
3827,3.488280773162842,3.0920538902282715,1,1
3828,3.2048492431640625,3.0065393447875977,1,1
3829,3.227236270904541,3.1294188499450684,0,0
3830,3.192344903945923,3.060016632080078,0,0
3831,3.454066514968872,3.1885604858398438,0,0
3832,2.780351400375366,2.4589900970458984,1,1
3833,3.028916835784912,2.6092185974121094,1,1
3834,3.711378335952759,3.2250540256500244,1,1
3835,3.6019012928009033,3.4450645446777344,0,0
3836,3.2498254776000977,3.064281940460205,0,0
3837,3.274843692779541,3.1430296897888184,0,0
3838,2.8201186656951904,2.706070899963379,0,0
3839,3.621983528137207,3.1708521842956543,1,1
3840,3.9130208492279053,3.556454658508301,1,1
3841,3.305145502090454,3.078740119934082,1,1
3842,3.2666409015655518,3.024183750152588,0,0
3843,3.053718090057373,2.8823869228363037,0,0
3844,3.143031597137451,3.0072999000549316,0,0
3845,3.058826208114624,2.973505973815918,1,1
3846,3.3078231811523438,2.8760268688201904,1,1
3847,2.9900245666503906,2.869710922241211,1,1
3848,3.331345796585083,3.0292880535125732,1,1
3849,3.348954677581787,2.978933334350586,1,1
3850,2.926527500152588,2.5967583656311035,0,0
3851,3.1855266094207764,2.9523117542266846,1,1
3852,3.10001540184021,2.8454434871673584,0,0
3853,3.2480788230895996,3.043733596801758,1,1
3854,3.300299644470215,3.060708522796631,0,0
3855,3.2453696727752686,3.0933103561401367,0,0
3856,3.2695369720458984,3.04191255569458,0,0
3857,3.7108750343322754,3.394292116165161,1,1
3858,3.6473805904388428,3.14182186126709,1,1
3859,3.4169437885284424,3.18449068069458,1,1
3860,3.578991651535034,3.136958599090576,1,1
3861,3.743183135986328,3.3828842639923096,1,1
3862,3.390566110610962,3.061028242111206,1,1
3863,3.2438418865203857,3.1414787769317627,1,1
3864,3.1446917057037354,3.0660877227783203,1,1
3865,3.250025749206543,3.1881213188171387,0,0
3866,3.4483819007873535,3.2250618934631348,1,1
3867,3.4218366146087646,3.182191848754883,0,0
3868,3.7142086029052734,3.334474802017212,1,1
3869,3.584529399871826,3.534297227859497,1,1
3870,3.898941993713379,3.6014914512634277,1,1
3871,3.5425407886505127,3.3381094932556152,1,1
3872,3.2633140087127686,3.026519298553467,0,0
3873,3.432255983352661,3.0899791717529297,1,1
3874,3.439640522003174,3.348531723022461,0,0
3875,3.7768020629882812,3.536003351211548,1,1
3876,3.889880895614624,3.5746958255767822,1,1
3877,3.5865747928619385,3.2054696083068848,0,0
3878,3.710145950317383,3.265568256378174,1,1
3879,3.486886501312256,3.110154867172241,0,0
3880,3.4235827922821045,3.1798036098480225,0,0
3881,3.6285507678985596,3.2649781703948975,1,1
3882,3.7761099338531494,3.5490503311157227,0,0
3883,3.678722620010376,3.284137487411499,1,1
3884,3.3376262187957764,3.2960028648376465,0,0
3885,3.3642711639404297,3.275838851928711,0,0
3886,3.106065273284912,2.80574631690979,1,1
3887,3.395416736602783,3.1568143367767334,0,0
3888,3.3170650005340576,3.0418050289154053,1,1
3889,3.5167341232299805,3.1051478385925293,1,1
3890,3.3485302925109863,2.8986310958862305,1,1
3891,3.441007614135742,3.085566759109497,0,0
3892,3.393601894378662,3.21571683883667,0,0
3893,3.1583170890808105,3.048520088195801,0,0
3894,3.4863502979278564,3.012622356414795,1,1
3895,3.8364953994750977,3.4793448448181152,1,1
3896,3.8874971866607666,3.667776107788086,1,1
3897,3.687530994415283,3.4562673568725586,1,1
3898,3.1148931980133057,3.127882480621338,0,0
3899,3.500312089920044,3.3456506729125977,1,1
3900,3.5576698780059814,3.2903060913085938,1,1
3901,3.703162908554077,3.525153160095215,1,1
3902,3.383042097091675,3.231654405593872,0,0
3903,3.263849973678589,3.168989419937134,1,1
3904,3.4591619968414307,3.3208580017089844,0,0
3905,3.2951366901397705,2.9625487327575684,0,0
3906,3.7042534351348877,3.3361496925354004,0,0
3907,3.5540199279785156,3.1397762298583984,0,0
3908,3.82251238822937,3.4425644874572754,1,1
3909,3.9952518939971924,3.6125147342681885,1,1
3910,3.741269111633301,3.479262590408325,1,1
3911,3.6822996139526367,3.5162038803100586,1,1
3912,3.997950553894043,3.64101505279541,1,1
3913,3.762808322906494,3.5982823371887207,0,0
3914,3.7171812057495117,3.486520767211914,1,1
3915,3.6928117275238037,3.477658748626709,0,0
3916,3.545372724533081,3.605030059814453,0,0
3917,3.8324451446533203,3.649946689605713,0,0
3918,3.4959912300109863,3.364260673522949,1,1
3919,3.647952079772949,3.401272773742676,0,0
3920,2.8442914485931396,2.818589448928833,0,0
3921,3.482726812362671,3.338648796081543,0,0
3922,3.436762571334839,3.436833381652832,1,1
3923,3.4440627098083496,3.413006544113159,1,1
3924,3.3839030265808105,3.507669448852539,1,1
3925,3.2408316135406494,3.2065844535827637,1,1
3926,3.0581631660461426,2.8665146827697754,0,0
3927,3.2050621509552,3.0857250690460205,1,1
3928,3.3198931217193604,3.2066969871520996,0,0
3929,3.3567306995391846,3.2203569412231445,1,1
3930,3.8982486724853516,3.752225399017334,1,1
3931,3.689664125442505,3.6442813873291016,1,1
3932,3.3608200550079346,3.1705851554870605,1,1
3933,3.636667251586914,3.3395183086395264,1,1
3934,3.6375515460968018,3.227128028869629,0,0
3935,3.603546619415283,3.2028908729553223,1,1
3936,3.3580427169799805,3.0931761264801025,0,0
3937,3.520930767059326,3.3095476627349854,0,0
3938,3.651552677154541,3.353199005126953,1,1
3939,3.401304006576538,3.1612820625305176,1,1
3940,3.1625678539276123,2.963160514831543,1,1
3941,3.5941460132598877,3.2600674629211426,0,0
3942,3.4543471336364746,3.238156318664551,0,0
3943,2.930292844772339,2.65380859375,0,0
3944,3.3295912742614746,3.0393269062042236,1,1
3945,3.507068634033203,3.131258010864258,1,1
3946,3.449563503265381,3.1634955406188965,0,0
3947,3.8199105262756348,3.225433111190796,1,1
3948,3.509277582168579,3.11276912689209,0,0
3949,3.5618841648101807,3.217804193496704,0,0
3950,3.4621567726135254,3.136232376098633,1,1
3951,3.168064832687378,2.919574737548828,0,0
3952,3.5522565841674805,3.3178374767303467,1,1
3953,3.559475898742676,3.258241891860962,0,0
3954,3.752289056777954,3.220853090286255,1,1
3955,3.558272123336792,2.996173143386841,0,0
3956,3.5412797927856445,3.2509939670562744,1,1
3957,3.562955141067505,3.3016891479492188,0,0
3958,3.9246089458465576,3.5121989250183105,1,1
3959,3.742243766784668,3.2431766986846924,1,1
3960,3.4683492183685303,3.1102283000946045,1,1
3961,3.624906063079834,3.3189334869384766,1,1
3962,3.582481861114502,3.2157111167907715,0,0
3963,3.1040005683898926,2.876539468765259,0,0
3964,3.431379795074463,3.0835366249084473,0,0
3965,3.511896848678589,3.162076711654663,0,0
3966,2.774820327758789,2.6458709239959717,0,0
3967,2.7754299640655518,2.4150474071502686,0,0
3968,2.998425006866455,2.894352674484253,0,0
3969,3.3605716228485107,3.0871400833129883,1,1
3970,3.3154373168945312,2.6748006343841553,1,1
3971,3.2289116382598877,2.674071788787842,1,1
3972,3.04555344581604,2.7662696838378906,1,1
3973,3.0724551677703857,2.5656449794769287,1,1
3974,3.225058078765869,2.765967845916748,0,0
3975,3.213540554046631,2.6913082599639893,0,0
3976,3.3492276668548584,2.7619781494140625,1,1
3977,2.9348416328430176,2.557892322540283,0,0
3978,2.7583935260772705,2.418890953063965,0,0
3979,2.7735750675201416,2.4782321453094482,0,0
3980,2.703547477722168,2.479799509048462,1,1
3981,3.0122904777526855,2.58232045173645,1,1
3982,3.183922052383423,2.846864700317383,1,1
3983,3.4037129878997803,3.055788040161133,0,0
3984,2.70452618598938,2.596986770629883,0,0
3985,3.638056516647339,3.3079586029052734,1,1
3986,2.2439372539520264,2.076653480529785,0,0
3987,3.6673057079315186,3.2338171005249023,1,1
3988,2.6753106117248535,2.415853977203369,0,0
3989,3.5150763988494873,3.0514228343963623,0,0
3990,3.1516101360321045,3.0419249534606934,0,0
3991,3.533548593521118,3.0868515968322754,1,1
3992,3.0296859741210938,2.924813747406006,1,1
3993,3.1909751892089844,2.7924535274505615,0,0
3994,3.2403082847595215,2.8698458671569824,0,0
3995,3.1746907234191895,2.990283966064453,0,0
3996,3.6443092823028564,3.0733835697174072,1,1
3997,3.478163003921509,3.128321886062622,1,1
3998,3.374922513961792,3.007943630218506,0,0
3999,3.3415534496307373,3.0811448097229004,0,0
4000,3.448514938354492,3.0574042797088623,1,1
4001,3.4005889892578125,2.936631441116333,0,0
4002,3.3203468322753906,3.180386543273926,0,0
4003,4.036383628845215,3.4923653602600098,0,0
4004,4.253688812255859,3.6953623294830322,1,1
4005,3.6199820041656494,3.2320327758789062,0,0
4006,3.415618419647217,3.063891649246216,0,0
4007,3.471007823944092,3.208521842956543,1,1
4008,3.7577931880950928,3.491039276123047,1,1
4009,3.8143296241760254,3.3606116771698,1,1
4010,3.051084041595459,2.8440003395080566,0,0
4011,3.5816104412078857,3.245894432067871,0,0
4012,3.6462743282318115,3.3503305912017822,1,1
4013,3.7084946632385254,3.3837451934814453,1,1
4014,4.004717826843262,3.5566906929016113,1,1
4015,4.240816593170166,3.8208670616149902,1,1
4016,3.4087541103363037,2.996095657348633,0,0
4017,3.07527494430542,2.948671340942383,0,0
4018,3.1289432048797607,2.9859778881073,0,0
4019,2.996628761291504,2.7054991722106934,0,0
4020,3.2161316871643066,2.8438644409179688,0,0
4021,3.1643319129943848,2.960883617401123,1,1
4022,3.2944278717041016,2.8575992584228516,1,1
4023,2.9097769260406494,2.7069225311279297,0,0
4024,2.6476361751556396,2.575563907623291,0,0
4025,3.146890878677368,3.017928123474121,0,0
4026,2.9224586486816406,2.7091917991638184,0,0
4027,3.1821060180664062,3.074601173400879,0,0
4028,3.3584563732147217,2.9613747596740723,0,0
4029,3.551699161529541,3.182851791381836,0,0
4030,3.5764386653900146,3.129178047180176,0,0
4031,3.57116961479187,3.254054546356201,0,0
4032,3.3564517498016357,3.0670478343963623,1,1
4033,3.267210006713867,3.192086935043335,1,1
4034,3.4098217487335205,3.275341033935547,0,0
4035,3.261706829071045,2.978914737701416,0,0
4036,3.3135526180267334,3.0656707286834717,1,1
4037,3.2318923473358154,3.13698148727417,1,1
4038,2.721143960952759,2.5034008026123047,0,0
4039,2.5928707122802734,2.622859239578247,0,0
4040,2.9477529525756836,2.7277934551239014,1,1
4041,2.8736977577209473,2.5108399391174316,0,0
4042,2.838689088821411,2.5771148204803467,0,0
4043,3.019430160522461,2.62178373336792,0,0
4044,3.424215793609619,3.1636152267456055,1,1
4045,3.3353328704833984,3.020142078399658,0,0
4046,3.436112642288208,3.1661739349365234,1,1
4047,3.254404306411743,3.0862882137298584,1,1
4048,3.289984703063965,3.084202766418457,0,0
4049,3.1982009410858154,3.074038028717041,1,1
4050,3.1156890392303467,3.097651243209839,0,0
4051,3.269892454147339,2.959437847137451,0,0
4052,3.3429343700408936,3.1021859645843506,0,0
4053,2.9690234661102295,2.925342559814453,1,1
4054,3.1132442951202393,2.88918399810791,0,0
4055,3.319694757461548,3.05904483795166,0,0
4056,3.1692423820495605,2.7592310905456543,0,0
4057,3.320596218109131,3.1890974044799805,0,0
4058,2.982067108154297,2.739980697631836,0,0
4059,3.045302629470825,2.8303351402282715,0,0
4060,3.4054319858551025,2.9482805728912354,0,0
4061,3.0469679832458496,2.765880584716797,0,0
4062,3.006765604019165,2.7878735065460205,0,0
4063,3.0757508277893066,2.6393914222717285,0,0
4064,3.3373472690582275,3.0921530723571777,0,0
4065,3.6234633922576904,3.4041404724121094,1,1
4066,3.480867624282837,3.387341022491455,0,0
4067,3.271723747253418,3.284851551055908,0,0
4068,3.109698534011841,3.0503697395324707,0,0
4069,3.3611085414886475,3.2135121822357178,0,0
4070,3.0844626426696777,3.13455867767334,0,0
4071,3.3193984031677246,3.251526355743408,0,0
4072,3.271599531173706,3.26566219329834,0,0
4073,3.454789638519287,3.2078347206115723,0,0
4074,3.8366777896881104,3.4360623359680176,1,1
4075,3.4505107402801514,3.2712490558624268,1,1
4076,3.397374391555786,3.264029026031494,1,1
4077,3.4316980838775635,3.333792209625244,0,0
4078,3.238079309463501,3.111616611480713,0,0
4079,2.979219436645508,2.971893787384033,0,0
4080,3.414588212966919,3.207381010055542,0,0
4081,3.0651726722717285,3.1092329025268555,0,0
4082,3.2042622566223145,3.0154919624328613,0,0
4083,3.500662088394165,3.300144672393799,0,0
4084,3.4369099140167236,3.179631233215332,0,0
4085,3.5101146697998047,3.309720277786255,1,1
4086,3.724482297897339,3.38104248046875,1,1
4087,3.2078473567962646,3.295503616333008,1,1
4088,2.9166507720947266,2.763601779937744,0,0
4089,2.9590280055999756,2.7030744552612305,1,1
4090,2.8411693572998047,2.990504741668701,0,0
4091,3.3630216121673584,3.362802505493164,1,1
4092,3.2921323776245117,3.1599698066711426,0,0
4093,3.47717547416687,3.3577189445495605,0,0
4094,3.64224910736084,3.3943846225738525,0,0
4095,3.664055824279785,3.5041470527648926,1,1
4096,3.664553642272949,3.5658650398254395,0,0
4097,3.7865829467773438,3.5691609382629395,1,1
4098,3.4673283100128174,3.381746768951416,0,0
4099,2.9756529331207275,2.8115007877349854,0,0
4100,2.9892513751983643,2.9616780281066895,1,1
4101,3.208207845687866,3.1222615242004395,0,0
4102,3.079892873764038,2.9986071586608887,0,0
4103,3.491086721420288,3.2105777263641357,0,0
4104,3.53478741645813,3.404890298843384,0,0
4105,3.519470691680908,3.3460793495178223,0,0
4106,3.197941303253174,3.1499998569488525,0,0
4107,3.248065710067749,3.082369327545166,0,0
4108,3.865211248397827,3.4201102256774902,0,0
4109,4.171738624572754,3.5641379356384277,1,1
4110,3.785423755645752,3.43245792388916,0,0
4111,3.455674648284912,3.1533138751983643,0,0
4112,2.846893072128296,2.751922130584717,0,0
4113,3.8348870277404785,3.34234619140625,1,1
4114,3.6207711696624756,3.3320059776306152,1,1
4115,3.1066534519195557,2.9401655197143555,0,0
4116,3.4327807426452637,3.1572916507720947,0,0
4117,2.6231603622436523,2.6314878463745117,0,0
4118,3.3061211109161377,2.8793563842773438,0,0
4119,3.2036454677581787,2.989798069000244,1,1
4120,3.370013952255249,3.208569049835205,0,0
4121,3.2728185653686523,3.228468418121338,1,1
4122,3.6796059608459473,3.463430643081665,1,1
4123,3.5233330726623535,3.219906806945801,1,1
4124,3.611348867416382,3.212815523147583,1,1
4125,2.8492908477783203,2.7385005950927734,0,0
4126,3.260636806488037,2.9388067722320557,1,1
4127,3.2672159671783447,3.13667368888855,1,1
4128,3.2396771907806396,2.974301338195801,0,0
4129,3.7600648403167725,3.4833171367645264,0,0
4130,3.2985024452209473,3.180288553237915,1,1
4131,2.9040791988372803,2.5349347591400146,1,1
4132,3.1349730491638184,2.662379264831543,1,1
4133,3.3679535388946533,3.0886476039886475,1,1
4134,3.107097625732422,2.719331979751587,1,1
4135,2.9406895637512207,2.739421844482422,1,1
4136,3.409548044204712,2.887576103210449,1,1
4137,3.0552432537078857,2.642062187194824,1,1
4138,3.004260778427124,2.5751962661743164,1,1
4139,3.242440700531006,2.703387975692749,0,0
4140,3.004014015197754,2.6891934871673584,0,0
4141,3.662010908126831,3.2470016479492188,1,1
4142,3.1051738262176514,2.8728113174438477,1,1
4143,3.497148275375366,3.1716842651367188,1,1
4144,3.3950345516204834,2.97538423538208,1,1
4145,3.194791793823242,2.7739956378936768,1,1
4146,3.26023530960083,2.847226619720459,1,1
4147,3.337796926498413,2.9757776260375977,1,1
4148,3.403364896774292,2.9505488872528076,1,1
4149,3.25685453414917,2.8657493591308594,1,1
4150,3.342503547668457,3.0283217430114746,0,0
4151,3.304894208908081,2.9745209217071533,0,0
4152,3.4226572513580322,3.117823600769043,0,0
4153,3.456810474395752,3.107269763946533,0,0
4154,3.3422272205352783,3.09782075881958,0,0
4155,3.1633858680725098,2.8372621536254883,0,0
4156,3.026956796646118,2.5370187759399414,0,0
4157,2.665876626968384,2.3528590202331543,0,0
4158,3.077446460723877,2.7689266204833984,0,0
4159,3.2971229553222656,2.746765375137329,0,0
4160,3.1749134063720703,2.742434024810791,0,0
4161,2.9855616092681885,2.826802968978882,0,0
4162,3.4693267345428467,3.0867176055908203,0,0
4163,2.702058792114258,2.545927047729492,0,0
4164,3.4413180351257324,3.06917667388916,0,0
4165,3.655306339263916,3.268984794616699,1,1
4166,3.6497676372528076,3.3612141609191895,0,0
4167,3.423311710357666,3.0705018043518066,0,0
4168,3.1754555702209473,3.048646926879883,0,0
4169,3.1983277797698975,2.941058397293091,1,1
4170,3.136162519454956,3.079446792602539,0,0
4171,3.362445592880249,3.0918948650360107,0,0
4172,3.121593952178955,2.708462953567505,0,0
4173,3.4773521423339844,3.063426971435547,1,1
4174,3.3949995040893555,2.9540538787841797,0,0
4175,3.1222639083862305,2.839426040649414,0,0
4176,3.2164266109466553,3.126955032348633,0,0
4177,3.4460928440093994,2.9747023582458496,1,1
4178,3.839207649230957,3.3179314136505127,1,1
4179,3.4697110652923584,3.324303150177002,1,1
4180,3.4105446338653564,3.2309980392456055,1,1
4181,3.686387300491333,3.2948122024536133,1,1
4182,3.69956374168396,3.2538514137268066,1,1
4183,3.260991096496582,3.1560916900634766,1,1
4184,4.013032913208008,3.455744743347168,1,1
4185,3.6335134506225586,3.3438515663146973,1,1
4186,3.951137065887451,3.6967549324035645,1,1
4187,3.2893621921539307,3.214001178741455,0,0
4188,3.2825326919555664,3.0958261489868164,1,1
4189,3.3621561527252197,3.0376338958740234,1,1
4190,3.5165369510650635,3.181344747543335,0,0
4191,3.3849217891693115,3.1790659427642822,1,1
4192,3.3247971534729004,3.1689281463623047,0,0
4193,3.339108467102051,3.1676580905914307,0,0
4194,3.4339380264282227,3.338158130645752,0,0
4195,3.2505548000335693,3.1852264404296875,0,0
4196,3.0246572494506836,3.074977159500122,0,0
4197,3.5238616466522217,3.4998245239257812,1,1
4198,3.6343002319335938,3.7078428268432617,1,1
4199,3.8884899616241455,3.7199134826660156,0,0
4200,4.042667388916016,3.661611557006836,1,1
4201,3.3996145725250244,3.375124216079712,0,0
4202,3.3539838790893555,3.3741447925567627,1,1
4203,3.3723256587982178,3.357433557510376,0,0
4204,3.229417562484741,3.4940361976623535,1,1
4205,3.743257522583008,3.5780043601989746,0,0
4206,3.2345244884490967,3.2329142093658447,0,0
4207,3.4347915649414062,3.3130111694335938,1,1
4208,3.376091241836548,3.1168103218078613,1,1
4209,2.9372055530548096,2.795164108276367,0,0
4210,3.5013320446014404,3.147522211074829,1,1
4211,2.9515390396118164,2.7244832515716553,0,0
4212,2.9844765663146973,2.926210880279541,1,1
4213,2.7608389854431152,2.7035560607910156,0,0
4214,3.799811840057373,3.381577730178833,1,1
4215,4.1435747146606445,3.6826601028442383,1,1
4216,3.9448816776275635,3.553691864013672,1,1
4217,3.468284845352173,3.202116012573242,1,1
4218,3.0476443767547607,2.9320907592773438,1,1
4219,3.344466209411621,3.1405041217803955,1,1
4220,3.369253158569336,3.115248680114746,0,0
4221,3.3010168075561523,3.3101861476898193,0,0
4222,3.500819206237793,3.2387514114379883,1,1
4223,3.724893808364868,3.4270646572113037,0,0
4224,3.7362663745880127,3.436563491821289,0,0
4225,3.2583816051483154,2.9567835330963135,1,1
4226,3.204465627670288,2.8592281341552734,1,1
4227,3.2654833793640137,3.0186924934387207,0,0
4228,3.2704155445098877,3.0101001262664795,0,0
4229,3.3691234588623047,3.0009632110595703,1,1
4230,3.714721918106079,3.313246250152588,1,1
4231,3.6103718280792236,3.2235538959503174,0,0
4232,3.3032050132751465,2.990767478942871,1,1
4233,3.3714818954467773,3.0439257621765137,0,0
4234,3.3577654361724854,3.147536039352417,1,1
4235,3.367784261703491,3.2612173557281494,0,0
4236,3.502082109451294,3.0188896656036377,0,0
4237,3.563901424407959,3.165745735168457,1,1
4238,3.071214437484741,2.833454132080078,1,1
4239,3.0296010971069336,2.605381727218628,0,0
4240,3.3376734256744385,3.0539042949676514,1,1
4241,3.39050555229187,3.0681512355804443,0,0
4242,3.8142940998077393,3.458876609802246,1,1
4243,3.496058464050293,2.9035983085632324,1,1
4244,3.3946127891540527,3.1411890983581543,1,1
4245,3.4428579807281494,3.241166830062866,1,1
4246,3.5357117652893066,2.9268155097961426,0,0
4247,3.556213617324829,2.900127410888672,0,0
4248,3.3555514812469482,2.85688853263855,0,0
4249,3.366384744644165,2.8678433895111084,0,0
4250,3.3140978813171387,2.9652514457702637,1,1
4251,3.433051586151123,3.0960047245025635,1,1
4252,3.312704563140869,3.016117572784424,1,1
4253,3.2803025245666504,2.8782596588134766,1,1
4254,3.4327285289764404,3.179445266723633,1,1
4255,3.1519615650177,2.7413315773010254,1,1
4256,3.4053876399993896,3.114497661590576,0,0
4257,3.207857370376587,2.827054023742676,1,1
4258,2.7472071647644043,2.6809370517730713,0,0
4259,3.320939064025879,2.835719108581543,1,1
4260,3.341022491455078,3.057563304901123,1,1
4261,3.7061767578125,3.3683319091796875,1,1
4262,3.4428069591522217,3.0484702587127686,0,0
4263,3.541139602661133,3.0354042053222656,0,0
4264,3.4972031116485596,3.005962371826172,0,0
4265,3.512295961380005,3.359560966491699,0,0
4266,3.3465888500213623,3.199995994567871,0,0
4267,3.154900550842285,2.9104127883911133,0,0
4268,3.240975856781006,3.1439402103424072,0,0
4269,3.2865872383117676,3.078117847442627,0,0
4270,3.326352596282959,3.2356255054473877,1,1
4271,3.350278854370117,3.171280860900879,0,0
4272,3.3024260997772217,3.002039909362793,0,0
4273,2.9296319484710693,2.829200267791748,0,0
4274,3.6020452976226807,3.321748971939087,0,0
4275,3.2494025230407715,3.1253740787506104,0,0
4276,2.730578899383545,2.764031171798706,0,0
4277,2.96703839302063,2.8008837699890137,0,0
4278,3.966620683670044,3.4838855266571045,1,1
4279,3.274238109588623,2.9989571571350098,1,1
4280,3.500657558441162,3.129129409790039,1,1
4281,2.2583680152893066,2.282724380493164,1,1
4282,3.3274688720703125,3.2179677486419678,1,1
4283,3.7048110961914062,3.411273717880249,1,1
4284,3.8729360103607178,3.3180556297302246,1,1
4285,3.627865791320801,3.252000331878662,1,1
4286,3.3986012935638428,3.1775920391082764,1,1
4287,3.328183889389038,3.0788564682006836,1,1
4288,3.4738354682922363,3.1782541275024414,0,0
4289,3.385979652404785,3.044503927230835,1,1
4290,3.16982364654541,3.0679101943969727,0,0
4291,3.3901705741882324,3.2584104537963867,1,1
4292,3.3191258907318115,3.1193857192993164,0,0
4293,3.011543035507202,3.0521602630615234,0,0
4294,3.641676902770996,3.200228214263916,1,1
4295,3.401700735092163,3.0405497550964355,1,1
4296,3.6861603260040283,3.465559720993042,1,1
4297,3.60727858543396,3.240334987640381,1,1
4298,3.098879814147949,2.973776340484619,1,1
4299,1.8406078815460205,1.9525535106658936,1,1
4300,3.3294925689697266,3.102173328399658,1,1
4301,3.4712295532226562,3.370929479598999,1,1
4302,3.5648818016052246,3.358271598815918,1,1
4303,3.455073118209839,3.336460590362549,1,1
4304,3.602895736694336,3.4774980545043945,0,0
4305,3.278127431869507,3.2596945762634277,0,0
4306,3.0233116149902344,2.7427189350128174,0,0
4307,3.068330764770508,2.8652286529541016,1,1
4308,3.4271113872528076,3.0065765380859375,0,0
4309,3.345984697341919,2.9204235076904297,1,1
4310,3.3155202865600586,3.0282840728759766,1,1
4311,3.450096845626831,3.0315804481506348,1,1
4312,3.4826345443725586,3.1204872131347656,1,1
4313,3.6304931640625,3.1237730979919434,1,1
4314,3.4452052116394043,3.1033449172973633,0,0
4315,3.4547977447509766,3.0761427879333496,1,1
4316,3.5350823402404785,3.236879348754883,0,0
4317,3.1684210300445557,2.9563536643981934,0,0
4318,3.304213523864746,3.0412824153900146,1,1
4319,3.394317388534546,2.9935288429260254,0,0
4320,3.5038063526153564,3.25813364982605,0,0
4321,3.574350595474243,3.166977882385254,0,0
4322,3.1591074466705322,2.8431363105773926,0,0
4323,3.5511090755462646,3.233598232269287,0,0
4324,3.285670280456543,2.9275150299072266,1,1
4325,3.1659648418426514,2.760403871536255,1,1
4326,1.8267261981964111,1.8510117530822754,1,1
4327,2.3862757682800293,2.277183771133423,0,0
4328,3.132307529449463,2.9968135356903076,0,0
4329,3.441291570663452,3.1527488231658936,0,0
4330,3.2036497592926025,3.0869860649108887,0,0
4331,3.044100284576416,2.8097705841064453,1,1
4332,3.2708308696746826,3.04880690574646,1,1
4333,3.439755916595459,3.0237512588500977,1,1
4334,3.0372869968414307,2.856949806213379,0,0
4335,2.9149537086486816,2.8754806518554688,0,0
4336,3.1959128379821777,2.9623563289642334,1,1
4337,3.06490421295166,2.656888961791992,0,0
4338,2.864556074142456,2.716949462890625,1,1
4339,3.636413812637329,3.091671943664551,1,1
4340,2.755655288696289,2.3559134006500244,0,0
4341,3.320148229598999,3.048872709274292,0,0
4342,3.0533039569854736,2.9623780250549316,1,1
4343,3.2187676429748535,2.9329452514648438,1,1
4344,3.2241835594177246,2.976943016052246,1,1
4345,3.0875797271728516,2.939732074737549,1,1
4346,3.1553821563720703,2.8057198524475098,1,1
4347,3.298419713973999,2.9003310203552246,1,1
4348,3.492114782333374,3.061783790588379,1,1
4349,3.271188259124756,2.94594669342041,1,1
4350,3.186140775680542,2.7994489669799805,0,0
4351,3.1575591564178467,2.7850334644317627,0,0
4352,2.5368714332580566,2.3346972465515137,1,1
4353,3.212825059890747,2.932119369506836,1,1
4354,3.249697208404541,2.9682655334472656,1,1
4355,3.3622283935546875,3.0588436126708984,1,1
4356,3.641967296600342,3.2052037715911865,1,1
4357,3.1657066345214844,3.022447109222412,0,0
4358,2.852593421936035,2.8789267539978027,0,0
4359,2.9230117797851562,2.8924942016601562,0,0
4360,2.8745951652526855,2.718358039855957,0,0
4361,2.7532474994659424,2.814286708831787,0,0
4362,2.9409704208374023,2.8934147357940674,0,0
4363,2.985715389251709,2.790290117263794,0,0
4364,2.9166789054870605,2.9016637802124023,0,0
4365,2.8922533988952637,2.927639961242676,0,0
4366,2.9578492641448975,2.919196367263794,0,0
4367,2.827195405960083,2.761502742767334,0,0
4368,3.1775832176208496,3.128870964050293,0,0
4369,2.871340751647949,2.8846070766448975,0,0
4370,3.1490073204040527,2.976517677307129,1,1
4371,3.656944990158081,3.350728988647461,1,1
4372,3.555593967437744,3.2941815853118896,0,0
4373,3.4866740703582764,3.1787452697753906,1,1
4374,3.55399489402771,3.2659213542938232,1,1
4375,3.330322742462158,3.2466816902160645,0,0
4376,3.4439682960510254,3.321167469024658,0,0
4377,3.3366494178771973,3.2453255653381348,0,0
4378,3.3717451095581055,3.320056915283203,1,1
4379,3.436455726623535,3.143284320831299,1,1
4380,3.3079113960266113,3.1863343715667725,1,1
4381,2.909904956817627,2.6582696437835693,1,1
4382,3.2877328395843506,2.7898669242858887,1,1
4383,3.732901096343994,3.1943817138671875,1,1
4384,3.1792664527893066,2.8801369667053223,0,0
4385,3.3808798789978027,3.1447105407714844,0,0
4386,3.382784128189087,3.167905807495117,1,1
4387,3.3517470359802246,3.262436866760254,1,1
4388,3.519510507583618,3.2085165977478027,1,1
4389,3.4388675689697266,3.0138769149780273,1,1
4390,3.6208720207214355,3.2572031021118164,0,0
4391,3.568373441696167,3.2204413414001465,0,0
4392,3.2045438289642334,2.999732494354248,0,0
4393,2.6384270191192627,2.5174756050109863,0,0
4394,3.081780433654785,2.850094795227051,0,0
4395,3.3561830520629883,3.0335237979888916,0,0
4396,3.0958497524261475,2.9344537258148193,0,0
4397,3.3433942794799805,2.8847250938415527,0,0
4398,3.3448543548583984,3.1673288345336914,1,1
4399,3.3087854385375977,3.0676751136779785,1,1
4400,3.7647786140441895,3.5256707668304443,1,1
4401,3.586543083190918,3.1025872230529785,1,1
4402,4.035714626312256,3.051234483718872,1,1
4403,4.377220630645752,2.9008431434631348,0,0
4404,3.835116386413574,2.7679500579833984,0,0
4405,3.9814066886901855,2.987502098083496,0,0
4406,5.353794574737549,2.7669548988342285,1,1
4407,4.426892280578613,2.739736318588257,0,0
4408,5.117012977600098,2.8301031589508057,0,0
4409,5.23911190032959,3.0635766983032227,1,1
4410,4.507468223571777,3.049973964691162,0,0
4411,3.74690842628479,2.7639031410217285,0,0
4412,3.5096890926361084,2.6409950256347656,1,1
4413,3.7431116104125977,3.222832679748535,1,1
4414,3.535198450088501,3.153057336807251,0,0
4415,3.5338656902313232,3.1787147521972656,1,1
4416,3.5526275634765625,3.0161101818084717,1,1
4417,3.372500419616699,3.1998159885406494,1,1
4418,3.261300563812256,3.129730701446533,0,0
4419,3.097161054611206,2.895164966583252,0,0
4420,3.039607524871826,2.863354206085205,0,0
4421,3.1828389167785645,2.831357955932617,0,0
4422,3.5686700344085693,3.249145030975342,1,1
4423,3.0971755981445312,2.721858024597168,1,1
4424,3.239328622817993,2.9971137046813965,1,1
4425,3.5841197967529297,3.211327314376831,0,0
4426,3.2018465995788574,2.695754051208496,1,1
4427,3.493121862411499,2.920231580734253,1,1
4428,3.3599252700805664,3.0820512771606445,1,1
4429,3.4855129718780518,3.2318239212036133,1,1
4430,3.4532508850097656,3.134669542312622,1,1
4431,2.993985414505005,2.82613468170166,0,0
4432,2.904503583908081,2.7981204986572266,0,0
4433,2.758568048477173,2.772677421569824,0,0
4434,3.423901319503784,3.2532706260681152,1,1
4435,2.987675666809082,2.865849494934082,1,1
4436,2.866678237915039,2.522432327270508,1,1
4437,3.2161004543304443,2.5483691692352295,1,1
4438,2.5546178817749023,2.0571064949035645,1,1
4439,3.3827099800109863,3.0234532356262207,1,1
4440,3.109144687652588,2.8014607429504395,0,0
4441,3.472038984298706,3.119901180267334,1,1
4442,3.129889965057373,2.7395434379577637,0,0
4443,2.8678481578826904,2.555294990539551,0,0
4444,3.1391348838806152,2.7685208320617676,0,0
4445,3.131927251815796,2.9648385047912598,0,0
4446,3.6758759021759033,3.4561712741851807,1,1
4447,3.3122825622558594,3.1606321334838867,0,0
4448,3.468859910964966,3.2968969345092773,1,1
4449,3.683645248413086,3.4050559997558594,1,1
4450,3.604585886001587,3.1193618774414062,0,0
4451,3.968963384628296,3.3699631690979004,1,1
4452,4.1111531257629395,3.6127378940582275,1,1
4453,3.4435853958129883,3.2629034519195557,0,0
4454,3.0959980487823486,3.079523801803589,0,0
4455,3.7607569694519043,3.4952943325042725,1,1
4456,3.627653121948242,3.443676471710205,1,1
4457,3.4296419620513916,3.341090679168701,1,1
4458,3.6488800048828125,3.4158473014831543,1,1
4459,3.6586601734161377,3.4257540702819824,1,1
4460,3.5117926597595215,3.353837728500366,1,1
4461,3.324002981185913,3.230638027191162,0,0
4462,3.848973512649536,3.3342182636260986,0,0
4463,3.4784295558929443,3.314575433731079,0,0
4464,3.6096253395080566,3.3574204444885254,0,0
4465,3.4645721912384033,3.307095766067505,1,1
4466,3.8402199745178223,3.3488335609436035,1,1
4467,3.6382930278778076,3.5023250579833984,1,1
4468,3.724074602127075,3.547600507736206,0,0
4469,3.4152395725250244,3.1945695877075195,1,1
4470,3.5107672214508057,3.1292648315429688,0,0
4471,3.043459892272949,2.900150775909424,0,0
4472,2.9525508880615234,2.906512498855591,0,0
4473,3.028789758682251,3.0090889930725098,1,1
4474,2.815333366394043,2.688349723815918,0,0
4475,2.888366460800171,3.0146994590759277,0,0
4476,3.5314295291900635,3.219125986099243,1,1
4477,3.254944324493408,3.1668577194213867,0,0
4478,3.1444084644317627,3.089242935180664,0,0
4479,3.5729358196258545,3.201296091079712,0,0
4480,3.4454121589660645,3.215571880340576,0,0
4481,3.77382230758667,3.4046175479888916,1,1
4482,3.857452154159546,3.4400675296783447,0,0
4483,3.807295322418213,3.280644416809082,0,0
4484,3.653792381286621,3.3058056831359863,0,0
4485,3.718139171600342,3.316833972930908,1,1
4486,4.026449203491211,3.582573890686035,1,1
4487,3.733083963394165,3.47432279586792,0,0
4488,3.7158658504486084,3.4497525691986084,0,0
4489,4.219069480895996,3.6814756393432617,1,1
4490,3.8181097507476807,3.5818657875061035,0,0
4491,4.082330226898193,3.6432809829711914,1,1
4492,3.7392690181732178,3.438117027282715,0,0
4493,3.838343381881714,3.5981204509735107,0,0
4494,3.757209300994873,3.5252866744995117,0,0
4495,3.8017475605010986,3.307553291320801,0,0
4496,3.4774582386016846,3.0053064823150635,0,0
4497,3.6724722385406494,3.4456024169921875,0,0
4498,3.8904075622558594,3.6568784713745117,0,0
4499,3.946237564086914,3.562098264694214,0,0
4500,3.4010860919952393,3.1669390201568604,0,0
4501,3.4546849727630615,3.0869128704071045,0,0
4502,3.509876251220703,3.1846649646759033,0,0
4503,3.6515913009643555,3.4297826290130615,0,0
4504,3.3305931091308594,2.970106840133667,1,1
4505,3.7498154640197754,3.3560400009155273,1,1
4506,3.2740790843963623,2.9255998134613037,0,0
4507,3.4945578575134277,3.1445486545562744,0,0
4508,2.8127567768096924,2.6818032264709473,0,0
4509,2.6408262252807617,2.592796802520752,0,0
4510,3.0423498153686523,2.7814412117004395,1,1
4511,3.3340115547180176,3.0116631984710693,0,0
4512,2.9801719188690186,2.879495143890381,0,0
4513,3.102199077606201,2.875906467437744,0,0
4514,3.0448317527770996,2.9077067375183105,1,1
4515,3.446457862854004,3.0973353385925293,1,1
4516,3.3332927227020264,3.093073606491089,0,0
4517,2.8391036987304688,2.8049302101135254,1,1
4518,3.118281602859497,2.995634078979492,0,0
4519,3.207435369491577,3.037386417388916,0,0
4520,3.2731807231903076,3.3584835529327393,1,1
4521,3.192878007888794,3.1094839572906494,1,1
4522,3.083559989929199,3.086651563644409,0,0
4523,3.0464236736297607,3.1177711486816406,1,1
4524,3.2592175006866455,3.195286750793457,0,0
4525,3.58569073677063,3.455336332321167,1,1
4526,3.3655788898468018,3.23722505569458,0,0
4527,3.360006093978882,3.2510600090026855,0,0
4528,3.4053282737731934,3.3170464038848877,1,1
4529,3.549056053161621,3.242184638977051,0,0
4530,3.245924472808838,2.9919681549072266,1,1
4531,3.2408559322357178,3.0253548622131348,1,1
4532,3.445697546005249,3.0927062034606934,0,0
4533,3.310563087463379,3.027776002883911,0,0
4534,3.187725067138672,2.9598867893218994,0,0
4535,3.5013315677642822,3.1496386528015137,0,0
4536,3.49656343460083,3.2669668197631836,0,0
4537,3.017381191253662,2.9767708778381348,0,0
4538,3.5079500675201416,3.3410842418670654,0,0
4539,3.1263980865478516,3.0199975967407227,0,0
4540,3.6247315406799316,3.3866543769836426,1,1
4541,3.7949042320251465,3.552422523498535,1,1
4542,4.166586399078369,3.7096259593963623,1,1
4543,3.9800071716308594,3.6710426807403564,0,0
4544,3.3733103275299072,3.065298318862915,0,0
4545,3.546905994415283,3.1744203567504883,1,1
4546,3.3210959434509277,3.117067813873291,1,1
4547,3.5680859088897705,3.1870956420898438,0,0
4548,3.342270612716675,2.9676496982574463,1,1
4549,3.5374934673309326,3.1319563388824463,0,0
4550,3.6962835788726807,3.4856457710266113,1,1
4551,3.538440227508545,3.4177985191345215,1,1
4552,3.4138846397399902,3.165738105773926,0,0
4553,3.2431821823120117,3.093876361846924,1,1
4554,3.580742120742798,3.1284046173095703,0,0
4555,3.5408403873443604,3.1642372608184814,0,0
4556,3.6214404106140137,3.355841875076294,1,1
4557,3.8379275798797607,3.3272695541381836,1,1
4558,3.303048849105835,2.9254860877990723,0,0
4559,3.607069253921509,3.0656962394714355,0,0
4560,3.3115360736846924,3.1661601066589355,0,0
4561,3.5373497009277344,3.1475274562835693,1,1
4562,3.3078932762145996,3.218256950378418,0,0
4563,3.5284104347229004,3.233827829360962,0,0
4564,3.744840383529663,3.53987979888916,0,0
4565,3.565798282623291,3.188671112060547,1,1
4566,3.5305075645446777,3.369664430618286,0,0
4567,3.2492661476135254,3.0960307121276855,0,0
4568,3.2336246967315674,3.3071861267089844,1,1
4569,3.794288396835327,3.0021450519561768,1,1
4570,3.1951968669891357,3.012139320373535,1,1
4571,3.3257997035980225,2.9701361656188965,1,1
4572,3.4000039100646973,3.060202121734619,0,0
4573,3.6330454349517822,3.2101287841796875,1,1
4574,3.294355869293213,2.8809351921081543,0,0
4575,3.4205644130706787,3.1701550483703613,0,0
4576,3.5383858680725098,3.1763696670532227,1,1
4577,3.67814564704895,3.3104066848754883,0,0
4578,3.4361798763275146,3.0258898735046387,1,1
4579,3.342012882232666,2.975106716156006,0,0
4580,3.6835551261901855,3.2297186851501465,1,1
4581,3.508430004119873,3.0561461448669434,1,1
4582,3.9178874492645264,3.3109259605407715,1,1
4583,3.663658618927002,3.135106325149536,0,0
4584,3.3148796558380127,2.9255013465881348,1,1
4585,3.8430161476135254,3.288383960723877,0,0
4586,3.560724973678589,3.254676342010498,0,0
4587,3.985760450363159,3.504347085952759,1,1
4588,3.9373576641082764,3.569899320602417,1,1
4589,3.90165114402771,3.5787534713745117,0,0
4590,3.9772391319274902,3.614647626876831,1,1
4591,3.788910150527954,3.4144644737243652,1,1
4592,4.2910685539245605,3.8808178901672363,1,1
4593,4.199072360992432,3.7028145790100098,1,1
4594,3.798595428466797,3.4885690212249756,1,1
4595,3.8821935653686523,3.4512696266174316,0,0
4596,3.8301432132720947,3.44991397857666,1,1
4597,4.046841621398926,3.4088215827941895,1,1
4598,3.5051374435424805,3.458890199661255,0,0
4599,3.7753801345825195,3.5622148513793945,1,1
4600,3.7934610843658447,3.715761184692383,1,1
4601,3.5006768703460693,3.493647575378418,0,0
4602,3.6775522232055664,3.4675614833831787,0,0
4603,3.852084159851074,3.4594836235046387,1,1
4604,3.9435677528381348,3.552126407623291,0,0
4605,3.882903575897217,3.6129326820373535,0,0
4606,3.709563732147217,3.5298404693603516,0,0
4607,3.867340326309204,3.6797139644622803,0,0
4608,3.5754451751708984,3.459132671356201,1,1
4609,3.442615032196045,3.28678297996521,0,0
4610,3.23618745803833,3.2406864166259766,1,1
4611,3.3683581352233887,3.137420892715454,0,0
4612,3.6027302742004395,3.497457981109619,0,0
4613,3.393401622772217,3.377014636993408,1,1
4614,3.54472017288208,3.407604694366455,1,1
4615,3.5224616527557373,3.532611608505249,0,0
4616,3.4058213233947754,3.5782227516174316,1,1
4617,3.4501843452453613,3.550257682800293,0,0
4618,3.3879354000091553,3.1484999656677246,0,0
4619,3.753528356552124,3.633324146270752,1,1
4620,3.2893948554992676,3.2007968425750732,1,1
4621,3.015536069869995,2.9744763374328613,1,1
4622,3.2397422790527344,3.430111885070801,1,1
4623,3.310354471206665,3.273451805114746,1,1
4624,3.4255285263061523,3.23162841796875,1,1
4625,3.212994337081909,3.032034397125244,1,1
4626,3.2346603870391846,2.9765377044677734,1,1
4627,2.99075984954834,2.61848783493042,0,0
4628,3.207078456878662,2.734571695327759,0,0
4629,2.930516481399536,2.661792755126953,0,0
4630,3.1908841133117676,2.840611219406128,1,1
4631,3.2169668674468994,2.8275372982025146,0,0
4632,2.7416458129882812,2.3538718223571777,0,0
4633,2.9117512702941895,2.56366229057312,0,0
4634,2.9975478649139404,2.5595412254333496,0,0
4635,3.041822671890259,2.4919209480285645,1,1
4636,3.1956088542938232,2.6938867568969727,1,1
4637,2.8502137660980225,2.5765857696533203,1,1
4638,2.801578998565674,2.50894832611084,1,1
4639,2.9084839820861816,2.4523260593414307,0,0
4640,2.6921379566192627,2.5265274047851562,0,0
4641,3.3562750816345215,2.812492609024048,0,0
4642,3.114684820175171,2.7736353874206543,1,1
4643,2.8846216201782227,2.708164691925049,0,0
4644,2.8545000553131104,2.5066680908203125,0,0
4645,3.5667989253997803,3.039659023284912,0,0
4646,3.4515912532806396,3.1160197257995605,1,1
4647,3.7980635166168213,3.0919790267944336,1,1
4648,3.613515853881836,3.3250925540924072,0,0
4649,3.717061758041382,3.465418577194214,1,1
4650,3.750688314437866,3.4058234691619873,1,1
4651,3.522444486618042,3.254622459411621,1,1
4652,3.39328670501709,2.9622154235839844,0,0
4653,3.239666223526001,2.9230360984802246,1,1
4654,3.2596280574798584,2.833843231201172,0,0
4655,3.207645893096924,2.9405453205108643,0,0
4656,3.7305047512054443,3.0376815795898438,1,1
4657,3.9073424339294434,3.2729978561401367,1,1
4658,3.2002792358398438,2.950889825820923,1,1
4659,3.2290098667144775,3.0638620853424072,0,0
4660,3.1370253562927246,2.9875335693359375,1,1
4661,3.465571165084839,3.189114570617676,1,1
4662,3.4834704399108887,3.0856008529663086,1,1
4663,3.314882755279541,3.208662271499634,1,1
4664,3.217928647994995,3.1860485076904297,1,1
4665,3.2903952598571777,3.1947755813598633,1,1
4666,3.626811981201172,3.303523540496826,0,0
4667,3.9363319873809814,3.5667386054992676,0,0
4668,3.6852691173553467,3.449087142944336,1,1
4669,3.823817014694214,3.546609878540039,1,1
4670,3.2263617515563965,3.117790937423706,1,1
4671,3.910682201385498,3.543518304824829,1,1
4672,3.9817731380462646,3.6263160705566406,0,0
4673,3.629242181777954,3.2306132316589355,0,0
4674,3.5361297130584717,3.3455262184143066,0,0
4675,3.856985092163086,3.6504807472229004,0,0
4676,3.587017774581909,3.247283935546875,0,0
4677,3.5366220474243164,3.0521440505981445,1,1
4678,3.7062809467315674,3.0854828357696533,1,1
4679,3.2321107387542725,2.9908485412597656,0,0
4680,3.5120410919189453,3.409006118774414,0,0
4681,3.2709012031555176,3.200295925140381,1,1
4682,2.9902279376983643,2.7802772521972656,0,0
4683,2.828587770462036,2.812553882598877,0,0
4684,2.92944073677063,2.6593289375305176,0,0
4685,3.2155959606170654,3.0787172317504883,1,1
4686,3.3877012729644775,3.0041942596435547,1,1
4687,2.780942678451538,2.6101174354553223,0,0
4688,3.816818952560425,3.3294386863708496,0,0
4689,3.5568418502807617,3.455435276031494,1,1
4690,3.5750303268432617,3.2707772254943848,1,1
4691,3.4814140796661377,3.1619725227355957,1,1
4692,3.735118865966797,3.4829823970794678,1,1
4693,3.0212345123291016,2.945270538330078,0,0
4694,3.31449818611145,3.138745069503784,1,1
4695,3.928311824798584,3.4680166244506836,1,1
4696,3.39182448387146,3.0876760482788086,0,0
4697,2.9625144004821777,2.9584810733795166,0,0
4698,3.268944501876831,2.95694637298584,0,0
4699,3.0571908950805664,2.9655144214630127,1,1
4700,3.3554317951202393,3.1614255905151367,0,0
4701,3.177814483642578,3.1212687492370605,1,1
4702,3.670891284942627,3.3067030906677246,0,0
4703,3.4582250118255615,3.3810384273529053,1,1
4704,3.0069472789764404,3.022160291671753,0,0
4705,2.913245677947998,3.051262378692627,1,1
4706,3.3019802570343018,3.213926315307617,1,1
4707,3.1917691230773926,3.170046329498291,1,1
4708,3.366713523864746,3.224632978439331,1,1
4709,3.0291478633880615,2.9731855392456055,0,0
4710,2.9229140281677246,2.7623000144958496,0,0
4711,3.410121202468872,3.125096321105957,1,1
4712,3.2746315002441406,3.100742816925049,1,1
4713,2.498993396759033,2.5166544914245605,0,0
4714,2.9962825775146484,2.8635361194610596,1,1
4715,3.199211359024048,3.013824462890625,0,0
4716,2.594064235687256,2.4773716926574707,0,0
4717,3.272467613220215,2.809851884841919,1,1
4718,3.1072611808776855,2.8594985008239746,0,0
4719,3.561474084854126,3.0343644618988037,1,1
4720,3.3474912643432617,3.1388440132141113,1,1
4721,3.292263984680176,3.0030252933502197,0,0
4722,3.250166177749634,2.974989175796509,0,0
4723,3.1946003437042236,2.8283019065856934,0,0
4724,3.6372568607330322,3.3166980743408203,1,1
4725,3.716454267501831,3.2451274394989014,1,1
4726,3.2840049266815186,3.0073955059051514,0,0
4727,3.0335752964019775,2.8569934368133545,0,0
4728,3.6214849948883057,3.0713415145874023,0,0
4729,3.4538955688476562,3.124983310699463,0,0
4730,3.8278918266296387,3.2675061225891113,1,1
4731,3.33807635307312,3.0364904403686523,0,0
4732,3.90751314163208,3.411078929901123,1,1
4733,3.4738030433654785,3.129336357116699,0,0
4734,3.2924437522888184,2.985196828842163,0,0
4735,3.336901903152466,3.00370454788208,1,1
4736,3.479368209838867,3.069945812225342,0,0
4737,3.309171676635742,3.06109619140625,0,0
4738,3.576038122177124,3.058478593826294,0,0
4739,3.3527867794036865,2.8300137519836426,0,0
4740,3.2621524333953857,3.1519131660461426,0,0
4741,3.5253992080688477,3.0749740600585938,0,0
4742,3.538905143737793,2.9954991340637207,1,1
4743,3.4649524688720703,3.1701812744140625,0,0
4744,3.0008838176727295,2.781586170196533,1,1
4745,2.913661241531372,2.7264463901519775,0,0
4746,2.7271313667297363,2.6634862422943115,0,0
4747,2.8547213077545166,2.682020902633667,0,0
4748,3.081193208694458,2.8985581398010254,0,0
4749,3.2435591220855713,2.791738510131836,1,1
4750,3.391115188598633,3.0992720127105713,1,1
4751,3.2551522254943848,3.0115928649902344,0,0
4752,2.2567858695983887,2.17232084274292,0,0
4753,3.0796871185302734,2.6963133811950684,1,1
4754,2.9032559394836426,2.6697707176208496,0,0
4755,3.0114307403564453,2.6467888355255127,0,0
4756,2.601428985595703,2.510909080505371,0,0
4757,3.0214791297912598,2.7975265979766846,0,0
4758,2.5570452213287354,2.497014045715332,0,0
4759,2.974761962890625,2.678004741668701,0,0
4760,2.7716495990753174,2.6320247650146484,0,0
4761,2.9855704307556152,2.8302125930786133,1,1
4762,2.934030771255493,2.6302528381347656,0,0
4763,2.9818265438079834,2.753063201904297,1,1
4764,2.496289014816284,2.303926467895508,0,0
4765,2.890066385269165,2.5835325717926025,0,0
4766,2.518051862716675,2.189706802368164,0,0
4767,3.073645830154419,2.8703036308288574,0,0
4768,2.9653306007385254,2.838869571685791,1,1
4769,3.2992210388183594,2.9662017822265625,0,0
4770,3.532777786254883,3.3206982612609863,0,0
4771,3.125974655151367,2.875971794128418,1,1
4772,3.68161940574646,3.0786826610565186,1,1
4773,3.4117791652679443,3.162224769592285,1,1
4774,3.2764394283294678,3.0806360244750977,0,0
4775,3.262636661529541,3.059215784072876,1,1
4776,3.0817840099334717,3.028264284133911,0,0
4777,3.0533342361450195,3.0668816566467285,1,1
4778,2.9331271648406982,2.841188907623291,0,0
4779,3.282043695449829,3.069413661956787,0,0
4780,3.366724729537964,3.1535091400146484,1,1
4781,3.19941782951355,3.2590372562408447,0,0
4782,3.8173458576202393,3.293179988861084,1,1
4783,3.005051851272583,2.955289363861084,0,0
4784,3.047093629837036,3.0968337059020996,1,1
4785,3.3027091026306152,2.9785122871398926,1,1
4786,3.466658353805542,3.4087700843811035,1,1
4787,3.187849283218384,3.113037586212158,0,0
4788,3.3815770149230957,3.4357643127441406,0,0
4789,3.6226909160614014,3.6205945014953613,0,0
4790,3.543605327606201,3.5201616287231445,0,0
4791,2.894575834274292,2.944993019104004,0,0
4792,4.001654148101807,3.594296455383301,1,1
4793,3.38179874420166,3.0678677558898926,0,0
4794,3.174971580505371,3.1382713317871094,1,1
4795,3.3402528762817383,3.3248202800750732,1,1
4796,3.6082093715667725,3.5044541358947754,0,0
4797,3.4290530681610107,3.1729321479797363,0,0
4798,3.6884477138519287,3.3998498916625977,0,0
4799,3.4246551990509033,3.0734078884124756,0,0
4800,3.0477967262268066,2.8594069480895996,1,1
4801,3.1885058879852295,2.89048171043396,1,1
4802,3.3209760189056396,3.0449836254119873,1,1
4803,3.206676721572876,2.9892096519470215,1,1
4804,2.9759719371795654,2.8863654136657715,1,1
4805,3.2244460582733154,3.103309392929077,0,0
4806,3.0860109329223633,2.9887166023254395,0,0
4807,3.238710403442383,2.9553136825561523,0,0
4808,3.190155029296875,2.859884262084961,0,0
4809,3.2884373664855957,3.010805606842041,1,1
4810,3.225743293762207,2.9241905212402344,1,1
4811,3.1153783798217773,2.827819347381592,1,1
4812,3.2064669132232666,2.97696852684021,0,0
4813,3.4249463081359863,3.1338930130004883,1,1
4814,3.122962713241577,2.8491249084472656,1,1
4815,3.0583810806274414,2.6928844451904297,1,1
4816,3.1575944423675537,3.050961494445801,0,0
4817,3.599524974822998,3.1202054023742676,0,0
4818,2.442782163619995,2.464416265487671,0,0
4819,2.906925916671753,2.6936545372009277,1,1
4820,3.1673481464385986,3.0599846839904785,1,1
4821,2.982369899749756,2.908020257949829,0,0
4822,2.7430450916290283,2.5507259368896484,0,0
4823,3.3033907413482666,2.9175949096679688,1,1
4824,3.432680130004883,2.941028594970703,1,1
4825,2.2802205085754395,2.0118565559387207,1,1
4826,3.179288387298584,2.6772384643554688,0,0
4827,3.6039130687713623,3.186378002166748,1,1
4828,3.228970766067505,2.826245069503784,1,1
4829,3.166280746459961,2.894556999206543,0,0
4830,3.1297354698181152,2.828012466430664,1,1
4831,3.377840042114258,3.1241064071655273,1,1
4832,3.4458248615264893,3.1004648208618164,0,0
4833,3.376856565475464,3.070019483566284,1,1
4834,3.2074339389801025,2.99623441696167,0,0
4835,3.115856647491455,3.034353494644165,0,0
4836,3.502722978591919,3.12313175201416,1,1
4837,2.8856706619262695,2.866530418395996,0,0
4838,3.0621628761291504,2.8959789276123047,0,0
4839,3.2654225826263428,3.151840925216675,0,0
4840,3.110731601715088,2.914689540863037,0,0
4841,2.77392578125,2.5207247734069824,0,0
4842,3.3281056880950928,2.89072847366333,0,0
4843,3.373474359512329,2.881971836090088,0,0
4844,3.0022153854370117,2.7771050930023193,1,1
4845,3.2039036750793457,3.0223591327667236,0,0
4846,3.150700092315674,2.8601675033569336,0,0
4847,3.0995371341705322,2.94576358795166,1,1
4848,3.7640790939331055,3.305929183959961,1,1
4849,3.659963846206665,3.355597972869873,0,0
4850,3.8364336490631104,3.6300830841064453,1,1
4851,2.715770721435547,2.587202787399292,1,1
4852,2.6962687969207764,2.634451150894165,0,0
4853,3.231407403945923,3.215941905975342,0,0
4854,2.8640122413635254,2.7838919162750244,0,0
4855,3.0776925086975098,2.855818271636963,0,0
4856,3.2826383113861084,2.9464516639709473,1,1
4857,3.4915504455566406,3.4017605781555176,0,0
4858,3.7170238494873047,3.29818058013916,0,0
4859,3.254455089569092,2.9975733757019043,0,0
4860,3.3903894424438477,3.080770254135132,0,0
4861,3.2976741790771484,2.8055505752563477,1,1
4862,3.1052756309509277,2.975421905517578,0,0
4863,2.984511613845825,2.858036518096924,0,0
4864,3.037538766860962,2.9075984954833984,0,0
4865,3.3254525661468506,3.239428997039795,1,1
4866,3.4992475509643555,3.185041904449463,1,1
4867,3.3897624015808105,3.272905111312866,1,1
4868,3.2621893882751465,2.972200870513916,0,0
4869,3.2677693367004395,3.09100341796875,1,1
4870,3.4023804664611816,3.0967211723327637,1,1
4871,3.090693473815918,2.9508652687072754,1,1
4872,3.2052674293518066,2.9751663208007812,1,1
4873,3.3535380363464355,3.1589128971099854,1,1
4874,3.3348324298858643,3.093836784362793,0,0
4875,2.727795124053955,2.6790947914123535,1,1
4876,3.2681336402893066,2.990351915359497,0,0
4877,2.9913182258605957,3.0104238986968994,1,1
4878,3.194164991378784,2.9312734603881836,0,0
4879,2.9025349617004395,2.850358247756958,0,0
4880,3.326141357421875,3.0509400367736816,1,1
4881,3.29287052154541,2.8657898902893066,0,0
4882,3.3484623432159424,2.963416337966919,1,1
4883,3.148324489593506,3.054262638092041,0,0
4884,3.1548256874084473,2.950416088104248,1,1
4885,3.2804338932037354,3.0784924030303955,0,0
4886,3.3174216747283936,2.88582444190979,1,1
4887,3.2233541011810303,2.767793893814087,1,1
4888,3.383016586303711,3.0430915355682373,0,0
4889,3.5777719020843506,3.3963284492492676,1,1
4890,3.0467259883880615,2.789762258529663,1,1
4891,2.955934524536133,2.6506361961364746,0,0
4892,3.560664176940918,3.1458263397216797,1,1
4893,3.6189823150634766,3.154322385787964,1,1
4894,4.133301258087158,3.627049446105957,1,1
4895,3.576460838317871,3.1832408905029297,1,1
4896,3.4878551959991455,3.21999454498291,1,1
4897,3.546259641647339,3.2015957832336426,0,0
4898,3.4765076637268066,3.1756138801574707,1,1
4899,3.416905641555786,3.1379518508911133,0,0
4900,2.5915322303771973,2.296550750732422,0,0
4901,2.7366838455200195,2.7457921504974365,1,1
4902,2.615689992904663,2.5422158241271973,0,0
4903,2.427753210067749,2.4253416061401367,0,0
4904,2.558652400970459,2.616180896759033,0,0
4905,2.584763526916504,2.5671913623809814,0,0
4906,2.5783448219299316,2.5957486629486084,0,0
4907,2.535414934158325,2.4905009269714355,0,0
4908,2.4028613567352295,2.3569869995117188,0,0
4909,2.835110664367676,2.781528949737549,0,0
4910,3.1267197132110596,2.8012802600860596,0,0
4911,3.138150453567505,2.9733083248138428,0,0
4912,3.543666124343872,3.3302931785583496,1,1
4913,3.19966983795166,3.048907518386841,0,0
4914,3.487043619155884,3.138181447982788,0,0
4915,3.4748754501342773,3.1217756271362305,1,1
4916,3.590334415435791,3.4677505493164062,0,0
4917,3.19968318939209,3.22778582572937,0,0
4918,3.279374361038208,3.2164299488067627,1,1
4919,3.3575611114501953,3.160573959350586,0,0
4920,3.370103359222412,3.1772897243499756,1,1
4921,3.5428433418273926,3.4087748527526855,1,1
4922,3.3945374488830566,3.423247814178467,1,1
4923,3.0982937812805176,3.0129055976867676,0,0
4924,3.2857093811035156,3.056117296218872,1,1
4925,3.4168238639831543,3.18507719039917,0,0
4926,3.0933454036712646,3.0733861923217773,0,0
4927,3.373988389968872,3.332486629486084,0,0
4928,2.9394071102142334,3.0046913623809814,1,1
4929,3.766662120819092,3.605510711669922,1,1
4930,3.263871192932129,3.200772285461426,0,0
4931,3.340973138809204,3.1711738109588623,0,0
4932,3.396627426147461,3.155215263366699,1,1
4933,3.091336250305176,2.9350404739379883,1,1
4934,2.933764696121216,2.939575672149658,0,0
4935,3.2225077152252197,3.056842565536499,1,1
4936,2.767620325088501,2.5549585819244385,0,0
4937,3.3109006881713867,3.166938304901123,0,0
4938,3.2863261699676514,2.979688882827759,1,1
4939,3.0501999855041504,2.842801809310913,0,0
4940,3.2123982906341553,2.989889144897461,1,1
4941,3.19649338722229,3.187152862548828,1,1
4942,3.3313591480255127,3.1156280040740967,0,0
4943,3.317070960998535,3.063616991043091,1,1
4944,2.9598357677459717,2.7744245529174805,1,1
4945,3.2769906520843506,3.15757417678833,1,1
4946,3.1255149841308594,3.050264358520508,1,1
4947,3.3805978298187256,3.2969818115234375,0,0
4948,3.489098072052002,3.202733039855957,1,1
4949,3.175905466079712,2.9723775386810303,0,0
4950,3.499600648880005,3.1328306198120117,0,0
4951,3.7154603004455566,3.2226500511169434,1,1
4952,3.2306325435638428,2.862382650375366,1,1
4953,3.4837920665740967,3.0719470977783203,1,1
4954,3.48439359664917,3.0882530212402344,1,1
4955,3.298215627670288,3.2506096363067627,1,1
4956,3.725771427154541,3.301516532897949,1,1
4957,3.54836368560791,3.2025654315948486,1,1
4958,3.6426966190338135,3.267310857772827,1,1
4959,3.3271877765655518,3.021716594696045,1,1
4960,3.4234416484832764,3.0835673809051514,1,1
4961,3.4831128120422363,3.12534761428833,0,0
4962,3.1093626022338867,2.8737974166870117,0,0
4963,3.188784122467041,2.981525421142578,1,1
4964,3.534257173538208,3.2722558975219727,0,0
4965,3.1663029193878174,2.807161331176758,0,0
4966,3.141770601272583,2.814249038696289,0,0
4967,3.4320881366729736,2.735543727874756,1,1
4968,3.344235897064209,3.0915048122406006,0,0
4969,3.838564157485962,3.4197897911071777,1,1
4970,3.7610719203948975,3.4032468795776367,1,1
4971,3.569765329360962,3.323641300201416,1,1
4972,3.538922071456909,3.3368349075317383,0,0
4973,3.7468316555023193,3.3916618824005127,1,1
4974,3.022641181945801,2.950228452682495,0,0
4975,2.7707884311676025,2.664555549621582,0,0
4976,3.150996685028076,2.8071508407592773,1,1
4977,3.0872585773468018,2.8558549880981445,0,0
4978,3.0839858055114746,3.0268754959106445,1,1
4979,3.168436050415039,2.898327350616455,1,1
4980,3.4912991523742676,3.2100653648376465,1,1
4981,3.5938961505889893,3.28047513961792,0,0
4982,3.166386127471924,3.023247241973877,1,1
4983,3.2262516021728516,3.030484199523926,0,0
4984,3.3273701667785645,2.971419334411621,1,1
4985,3.1110141277313232,2.747684955596924,1,1
4986,3.2704901695251465,3.0263020992279053,1,1
4987,2.4160869121551514,2.5430378913879395,1,1
4988,3.2440268993377686,2.935084581375122,1,1
4989,3.0855369567871094,2.8675403594970703,1,1
4990,3.0147173404693604,2.8411078453063965,0,0
4991,3.1406118869781494,2.9189257621765137,1,1
4992,3.4070756435394287,2.9238340854644775,1,1
4993,3.2109079360961914,3.1148715019226074,1,1
4994,3.1469404697418213,2.9880409240722656,1,1
4995,3.0977048873901367,3.023745536804199,1,1
4996,3.304943084716797,3.0388669967651367,0,0
4997,3.2580766677856445,3.0949902534484863,1,1
4998,3.2614731788635254,2.9605798721313477,1,1
4999,3.2719414234161377,2.9570860862731934,1,1
5000,2.661708116531372,2.4429187774658203,1,1
5001,3.113410472869873,2.7678966522216797,1,1
5002,3.265820264816284,2.7941958904266357,1,1
5003,3.168480396270752,2.678208589553833,1,1
5004,3.3335211277008057,3.073312759399414,1,1
5005,2.838146209716797,2.629521131515503,1,1
5006,3.1980953216552734,2.779533863067627,1,1
5007,3.1349527835845947,2.7402291297912598,1,1
5008,3.63703989982605,3.0991034507751465,1,1
5009,3.3436496257781982,2.908123016357422,1,1
5010,2.781759738922119,2.5296077728271484,1,1
5011,3.068700075149536,2.844550371170044,0,0
5012,3.132721424102783,2.8424670696258545,1,1
5013,2.8994007110595703,2.638981819152832,1,1
5014,3.1085190773010254,2.909400463104248,1,1
5015,2.9448516368865967,2.932480573654175,0,0
5016,3.419025182723999,3.2822470664978027,1,1
5017,2.9681568145751953,3.000845193862915,0,0
5018,3.1806187629699707,3.0646138191223145,0,0
5019,3.2975778579711914,3.172541618347168,0,0
5020,3.5185465812683105,3.2993264198303223,1,1
5021,3.609528064727783,3.3835854530334473,1,1
5022,3.3617639541625977,3.270012140274048,0,0
5023,3.341066598892212,3.0836968421936035,0,0
5024,3.6261532306671143,3.539074420928955,0,0
5025,3.3757119178771973,3.1601545810699463,0,0
5026,3.4094228744506836,3.1793270111083984,0,0
5027,3.7404608726501465,3.4622745513916016,0,0
5028,3.3571343421936035,3.12450909614563,0,0
5029,3.423762321472168,3.115945816040039,0,0
5030,3.4190754890441895,3.151299476623535,0,0
5031,3.439230442047119,3.3281054496765137,1,1
5032,3.696765422821045,3.3798415660858154,0,0
5033,3.1210362911224365,2.835954427719116,1,1
5034,2.9874520301818848,2.69657039642334,1,1
5035,3.203623056411743,2.849360704421997,0,0
5036,3.8340914249420166,3.5700302124023438,1,1
5037,3.0759174823760986,2.8317301273345947,1,1
5038,3.1466238498687744,3.216623544692993,1,1
5039,2.524570941925049,2.5904269218444824,0,0
5040,2.6585276126861572,2.540302276611328,0,0
5041,2.767960548400879,2.804276943206787,1,1
5042,3.852525234222412,3.3773398399353027,1,1
5043,3.562533378601074,3.259303092956543,1,1
5044,3.204099416732788,2.8244423866271973,1,1
5045,3.3539345264434814,3.247131824493408,1,1
5046,3.427323341369629,3.1272377967834473,0,0
5047,3.403973340988159,3.1763858795166016,1,1
5048,3.071507453918457,3.0826525688171387,1,1
5049,3.33907151222229,3.1252942085266113,1,1
5050,3.355959415435791,3.2120840549468994,1,1
5051,3.3782742023468018,3.260502338409424,0,0
5052,3.23968243598938,3.062636375427246,0,0
5053,3.5968716144561768,3.309992790222168,0,0
5054,3.5625128746032715,3.3645339012145996,0,0
5055,3.7761504650115967,3.451519012451172,0,0
5056,3.558311700820923,3.2824740409851074,1,1
5057,3.6419005393981934,3.298229217529297,1,1
5058,3.6818716526031494,3.4163317680358887,1,1
5059,3.810633897781372,3.5473039150238037,1,1
5060,3.997713088989258,3.493966817855835,1,1
5061,3.5711441040039062,3.356193780899048,0,0
5062,3.683104991912842,3.456226110458374,0,0
5063,3.6453652381896973,3.4715335369110107,0,0
5064,3.5717923641204834,3.2542173862457275,1,1
5065,3.543550968170166,3.2781982421875,0,0
5066,3.862642765045166,3.496180534362793,1,1
5067,3.429570436477661,3.3094353675842285,0,0
5068,3.8969666957855225,3.501962184906006,0,0
5069,3.536165952682495,3.2604708671569824,0,0
5070,3.370600461959839,3.067662239074707,0,0
5071,3.4850432872772217,3.231563091278076,0,0
5072,3.3028457164764404,3.078202247619629,0,0
5073,3.4331986904144287,3.052755117416382,1,1
5074,3.080064058303833,3.0207486152648926,0,0
5075,3.7252724170684814,3.4675450325012207,1,1
5076,3.2620232105255127,3.0737903118133545,1,1
5077,3.5129482746124268,3.343276023864746,1,1
5078,3.4005658626556396,3.3594486713409424,1,1
5079,3.3914332389831543,3.208585739135742,1,1
5080,3.1129066944122314,3.052083730697632,0,0
5081,3.476712226867676,3.3103363513946533,1,1
5082,3.373198986053467,3.2529852390289307,0,0
5083,3.617307186126709,3.2305498123168945,1,1
5084,3.5343873500823975,3.358476161956787,0,0
5085,2.7255821228027344,2.462554454803467,0,0
5086,3.052475690841675,2.7771098613739014,1,1
5087,3.1241471767425537,3.1629080772399902,0,0
5088,3.580843925476074,3.1480796337127686,0,0
5089,2.67919659614563,2.5915112495422363,0,0
5090,3.2735133171081543,2.8531038761138916,0,0
5091,2.920438051223755,2.764225959777832,0,0
5092,2.5691912174224854,2.4916648864746094,0,0
5093,3.204507827758789,2.9481301307678223,0,0
5094,3.6358213424682617,3.3497724533081055,1,1
5095,3.316620349884033,3.070650577545166,0,0
5096,3.2966151237487793,2.9088082313537598,1,1
5097,3.3699378967285156,3.214113712310791,1,1
5098,3.4770021438598633,3.3170981407165527,1,1
5099,3.4516212940216064,3.0952539443969727,1,1
5100,3.3861918449401855,3.137749671936035,1,1
5101,3.099344491958618,2.9237585067749023,0,0
5102,2.8844940662384033,2.780677318572998,0,0
5103,3.534191608428955,3.1218323707580566,1,1
5104,3.3070380687713623,3.1098642349243164,0,0
5105,2.7654757499694824,2.7370681762695312,0,0
5106,3.328711748123169,3.2058119773864746,0,0
5107,3.3320462703704834,3.149775266647339,1,1
5108,3.4184882640838623,3.1075246334075928,0,0
5109,3.357236385345459,3.2042813301086426,1,1
5110,2.687424659729004,2.544236660003662,1,1
5111,2.7921674251556396,2.7700865268707275,0,0
5112,3.0575406551361084,2.746605157852173,0,0
5113,2.92634654045105,2.671924591064453,0,0
5114,3.5210318565368652,2.995420455932617,1,1
5115,3.544389247894287,3.1083474159240723,1,1
5116,3.3116226196289062,2.8237884044647217,1,1
5117,3.201470375061035,2.9876322746276855,0,0
5118,3.75349497795105,3.350017547607422,0,0
5119,3.433253526687622,3.2689456939697266,1,1
5120,3.555696487426758,3.353654384613037,0,0
5121,3.805891752243042,3.68681263923645,1,1
5122,3.6974258422851562,3.459522247314453,1,1
5123,3.5307564735412598,3.379361867904663,1,1
5124,3.3580515384674072,3.1909778118133545,0,0
5125,3.864485025405884,3.5870933532714844,1,1
5126,3.8455066680908203,3.3502368927001953,1,1
5127,3.3929901123046875,3.3001909255981445,0,0
5128,3.5769309997558594,3.220332622528076,0,0
5129,3.7593047618865967,3.464735507965088,1,1
5130,3.6909687519073486,3.471292734146118,1,1
5131,3.848369836807251,3.473269462585449,1,1
5132,3.65541672706604,3.164008855819702,0,0
5133,3.793797016143799,3.4350714683532715,0,0
5134,3.018249750137329,2.770183563232422,0,0
5135,2.658176898956299,2.4825358390808105,0,0
5136,2.976632833480835,2.857736587524414,1,1
5137,2.8401708602905273,2.6518845558166504,0,0
5138,2.953962564468384,2.7574286460876465,0,0
5139,2.475721836090088,2.4735560417175293,0,0
5140,3.1153571605682373,2.9604921340942383,0,0
5141,2.2526094913482666,2.0896215438842773,1,1
5142,3.3389997482299805,3.0464415550231934,0,0
5143,2.8661489486694336,2.6708903312683105,1,1
5144,3.046220302581787,2.7887134552001953,0,0
5145,3.143123149871826,2.8272690773010254,1,1
5146,3.2535109519958496,2.81147837638855,1,1
5147,2.7785465717315674,2.5502328872680664,1,1
5148,3.133127212524414,2.845888137817383,1,1
5149,3.068730115890503,2.7425293922424316,0,0
5150,2.9522745609283447,2.659440279006958,0,0
5151,3.1190361976623535,2.640137195587158,1,1
5152,3.0021095275878906,2.763221263885498,0,0
5153,3.3195502758026123,2.9400291442871094,1,1
5154,3.114004373550415,2.9314451217651367,0,0
5155,3.794447183609009,3.2401235103607178,1,1
5156,2.9450910091400146,2.980081558227539,1,1
5157,4.030462741851807,3.4914183616638184,1,1
5158,3.3193371295928955,3.1404805183410645,1,1
5159,2.8346004486083984,2.7089736461639404,0,0
5160,2.710127115249634,2.799983024597168,1,1
5161,3.164613962173462,2.9111738204956055,0,0
5162,3.1131646633148193,3.063929557800293,1,1
5163,3.249346971511841,3.037555694580078,1,1
5164,2.925976514816284,2.730222225189209,0,0
5165,2.4360287189483643,2.2728145122528076,1,1
5166,2.5544657707214355,2.3566079139709473,1,1
5167,3.263146162033081,3.0504345893859863,1,1
5168,3.5352156162261963,3.19675874710083,1,1
5169,3.620572090148926,3.269336462020874,0,0
5170,3.4582083225250244,3.173649549484253,1,1
5171,3.3315114974975586,3.2223873138427734,1,1
5172,3.8724324703216553,3.316162586212158,1,1
5173,3.6569182872772217,3.3639063835144043,1,1
5174,3.9512338638305664,3.6197962760925293,1,1
5175,4.148547649383545,3.5850167274475098,1,1
5176,3.5573487281799316,3.4309511184692383,0,0
5177,3.8560633659362793,3.4955503940582275,1,1
5178,4.168844223022461,3.5740761756896973,1,1
5179,3.8493640422821045,3.3845255374908447,1,1
5180,3.6599154472351074,3.2870426177978516,0,0
5181,3.6491334438323975,3.425116777420044,0,0
5182,3.968053102493286,3.470632314682007,1,1
5183,3.4031002521514893,3.2878808975219727,0,0
5184,3.8009612560272217,3.5593647956848145,1,1
5185,3.404595375061035,3.17348575592041,0,0
5186,3.663386106491089,3.1632823944091797,0,0
5187,3.3370039463043213,2.9250946044921875,1,1
5188,2.498908042907715,2.174062490463257,1,1
5189,2.8593597412109375,2.539740800857544,0,0
5190,3.0207109451293945,2.694350481033325,0,0
5191,3.452634572982788,2.914330005645752,1,1
5192,3.4598445892333984,3.083421230316162,0,0
5193,3.7154815196990967,3.207871437072754,0,0
5194,3.370591163635254,3.037841320037842,0,0
5195,2.9474666118621826,2.7641096115112305,0,0
5196,2.9557902812957764,2.602600336074829,0,0
5197,2.864173412322998,2.7366795539855957,0,0
5198,3.2172298431396484,2.95902419090271,0,0
5199,3.458296537399292,3.0820367336273193,0,0
5200,3.0117979049682617,2.8250415325164795,0,0
5201,3.363252878189087,2.879835605621338,0,0
5202,2.7960240840911865,2.466132640838623,1,1
5203,3.4930343627929688,2.79649019241333,1,1
5204,3.1867430210113525,3.0309295654296875,1,1
5205,3.6111772060394287,3.2564857006073,1,1
5206,3.2852985858917236,3.219705104827881,1,1
5207,3.2669878005981445,3.2494373321533203,0,0
5208,3.8086631298065186,3.545560359954834,1,1
5209,3.1478803157806396,3.1581993103027344,0,0
5210,3.6746535301208496,3.4006001949310303,1,1
5211,3.5080068111419678,3.2657859325408936,1,1
5212,3.5956051349639893,3.501363754272461,0,0
5213,3.655709743499756,3.6270294189453125,0,0
5214,3.5722689628601074,3.4581685066223145,0,0
5215,3.2437193393707275,3.29374098777771,1,1
5216,3.369428873062134,3.3102152347564697,0,0
5217,3.2550642490386963,2.9387054443359375,0,0
5218,3.2346811294555664,3.212296485900879,1,1
5219,3.2704224586486816,3.231982707977295,1,1
5220,3.8130412101745605,3.559168815612793,1,1
5221,3.8819146156311035,3.6449408531188965,1,1
5222,3.4930062294006348,3.328418254852295,1,1
5223,3.2084507942199707,2.9651036262512207,1,1
5224,4.394606590270996,2.6474077701568604,1,1
5225,4.4959588050842285,3.3658933639526367,1,1
5226,3.0657763481140137,3.0454416275024414,1,1
5227,3.338649034500122,3.14448618888855,1,1
5228,2.988032341003418,2.787688732147217,0,0
5229,3.2663967609405518,3.0490641593933105,1,1
5230,3.4350485801696777,2.976539134979248,0,0
5231,3.718494415283203,3.2048609256744385,1,1
5232,3.480515480041504,3.228764057159424,1,1
5233,3.6687417030334473,3.327146530151367,0,0
5234,3.2150094509124756,2.958796977996826,0,0
5235,3.678436040878296,3.28236722946167,0,0
5236,3.5911340713500977,3.174473285675049,1,1
5237,3.8437752723693848,3.2616782188415527,1,1
5238,3.424686908721924,3.1106581687927246,0,0
5239,3.790269613265991,3.248046875,1,1
5240,3.6609511375427246,3.0948266983032227,0,0
5241,3.576080322265625,3.0458579063415527,0,0
5242,3.2055275440216064,2.900082588195801,1,1
5243,3.226254940032959,2.9663405418395996,1,1
5244,3.6048102378845215,3.1332335472106934,0,0
5245,3.9477477073669434,3.2945165634155273,1,1
5246,3.789608955383301,3.4021620750427246,0,0
5247,3.375915050506592,3.086984157562256,1,1
5248,3.883011817932129,3.4596681594848633,0,0
5249,3.845327854156494,3.2255406379699707,1,1
5250,3.8114991188049316,3.3286917209625244,0,0
5251,3.4586341381073,3.2874341011047363,1,1
5252,3.263665199279785,3.01015567779541,0,0
5253,3.1698734760284424,3.0682320594787598,1,1
5254,3.1586031913757324,3.19844388961792,1,1
5255,3.4662582874298096,3.2509865760803223,1,1
5256,3.3826041221618652,3.208982467651367,1,1
5257,3.4166502952575684,3.2486469745635986,1,1
5258,3.123694658279419,2.9378552436828613,0,0
5259,3.184722423553467,2.838223457336426,1,1
5260,3.9296693801879883,3.3776893615722656,1,1
5261,3.330320358276367,2.9660654067993164,0,0
5262,3.037829637527466,3.02211856842041,0,0
5263,3.3311610221862793,3.2176153659820557,1,1
5264,3.542269706726074,3.255535125732422,0,0
5265,3.3224661350250244,3.311781406402588,0,0
5266,3.022864580154419,2.9905481338500977,0,0
5267,3.302431106567383,3.1489949226379395,1,1
5268,3.4611170291900635,3.2889533042907715,1,1
5269,3.68173885345459,3.440418243408203,1,1
5270,3.5523366928100586,3.3931946754455566,1,1
5271,3.527050256729126,3.3225290775299072,0,0
5272,3.517397165298462,3.361997127532959,0,0
5273,3.630746364593506,3.331770896911621,0,0
5274,3.4868533611297607,3.396287441253662,0,0
5275,3.4638869762420654,3.468519687652588,0,0
5276,3.5719504356384277,3.287075996398926,0,0
5277,3.0606393814086914,2.87670636177063,0,0
5278,2.9106972217559814,2.8554418087005615,0,0
5279,3.247511863708496,3.122267246246338,0,0
5280,3.760183334350586,3.4627456665039062,0,0
5281,3.2058703899383545,3.0471816062927246,0,0
5282,2.9375863075256348,2.757819652557373,0,0
5283,3.3564229011535645,3.1244328022003174,1,1
5284,3.087766408920288,3.1008529663085938,0,0
5285,3.099684715270996,2.9438486099243164,0,0
5286,2.736931324005127,2.564725637435913,0,0
5287,2.679860830307007,2.3764963150024414,0,0
5288,3.1321418285369873,2.9544529914855957,1,1
5289,2.888903856277466,2.697932481765747,1,1
5290,3.0859262943267822,2.8447272777557373,1,1
5291,3.217090129852295,2.9890666007995605,1,1
5292,3.300400495529175,3.211777687072754,1,1
5293,3.1096465587615967,2.9460506439208984,1,1
5294,3.055589437484741,3.062448263168335,0,0
5295,3.0319089889526367,2.9149117469787598,1,1
5296,2.962256669998169,2.899923801422119,0,0
5297,3.0402650833129883,2.8830347061157227,0,0
5298,3.4450953006744385,3.3363969326019287,0,0
5299,3.0650439262390137,2.958700180053711,0,0
5300,3.1134164333343506,2.8649277687072754,0,0
5301,3.1903364658355713,2.9954450130462646,1,1
5302,3.2670211791992188,2.8994550704956055,1,1
5303,2.7718794345855713,2.610902786254883,0,0
5304,2.895707130432129,2.7056217193603516,0,0
5305,3.071016550064087,2.7726571559906006,0,0
5306,3.488081216812134,2.965672492980957,0,0
5307,2.996969223022461,2.728989601135254,0,0
5308,3.1209161281585693,2.825867176055908,0,0
5309,3.020430088043213,2.745291233062744,0,0
5310,3.108112335205078,2.900996208190918,1,1
5311,3.524365186691284,3.0106887817382812,0,0
5312,3.2061002254486084,2.9749059677124023,0,0
5313,3.4583024978637695,3.064034938812256,1,1
5314,3.590135097503662,3.1628973484039307,0,0
5315,3.3429157733917236,3.0169339179992676,1,1
5316,3.225508689880371,2.8673348426818848,0,0
5317,3.6927132606506348,3.2188851833343506,1,1
5318,3.6019234657287598,3.252439498901367,0,0
5319,3.4573051929473877,3.201826333999634,0,0
5320,3.154865264892578,2.865461826324463,1,1
5321,3.5111794471740723,3.1357178688049316,1,1
5322,3.0648744106292725,2.9805405139923096,1,1
5323,2.9377760887145996,2.8183984756469727,0,0
5324,3.3539652824401855,2.983635663986206,0,0
5325,3.291323661804199,3.1037027835845947,1,1
5326,3.0551366806030273,2.760483980178833,1,1
5327,3.552122116088867,3.1703004837036133,1,1
5328,3.3513741493225098,3.224632501602173,1,1
5329,3.38254451751709,3.190772771835327,1,1
5330,3.3747665882110596,3.1529366970062256,0,0
5331,3.17073392868042,3.0018842220306396,1,1
5332,3.4318809509277344,3.2575292587280273,0,0
5333,3.599478006362915,3.2831921577453613,1,1
5334,3.4788479804992676,3.2178261280059814,1,1
5335,3.579890012741089,3.2137439250946045,1,1
5336,3.585482120513916,3.138110637664795,1,1
5337,3.309805393218994,2.9628992080688477,1,1
5338,3.50723934173584,3.1159887313842773,1,1
5339,3.2646381855010986,2.9647412300109863,0,0
5340,3.1489272117614746,3.1284594535827637,1,1
5341,2.805173635482788,2.8862853050231934,0,0
5342,3.234707832336426,3.0391769409179688,0,0
5343,3.0821495056152344,2.91940975189209,0,0
5344,3.3849081993103027,3.05161452293396,0,0
5345,2.9386074542999268,2.822352886199951,0,0
5346,3.036036968231201,3.070866584777832,1,1
5347,3.0197055339813232,2.925121307373047,0,0
5348,2.939074993133545,2.7389910221099854,1,1
5349,2.9030115604400635,2.8813114166259766,1,1
5350,3.2935616970062256,2.9993557929992676,1,1
5351,3.5490434169769287,3.0566282272338867,1,1
5352,3.532134532928467,3.2718122005462646,1,1
5353,3.1182446479797363,2.935352087020874,1,1
5354,3.3677031993865967,3.185654640197754,0,0
5355,3.2270498275756836,3.1156697273254395,1,1
5356,3.397534132003784,3.121100902557373,0,0
5357,3.33718204498291,3.274458169937134,1,1
5358,3.4645583629608154,3.314225673675537,0,0
5359,3.572098970413208,3.391427993774414,1,1
5360,3.664431095123291,3.282203435897827,1,1
5361,3.4229354858398438,3.1784214973449707,1,1
5362,3.6204617023468018,3.3924825191497803,1,1
5363,3.281203508377075,3.195911407470703,1,1
5364,3.3803634643554688,3.159456968307495,0,0
5365,3.479099750518799,3.254713773727417,1,1
5366,3.4582154750823975,3.213715076446533,0,0
5367,3.272414445877075,3.042696714401245,1,1
5368,3.066605567932129,2.983372211456299,0,0
5369,3.5827324390411377,3.3100523948669434,1,1
5370,3.2140655517578125,3.009028673171997,0,0
5371,3.301729440689087,3.019253730773926,0,0
5372,3.610661745071411,3.194403648376465,0,0
5373,3.2076122760772705,3.16237473487854,0,0
5374,3.6474342346191406,3.435197114944458,1,1
5375,3.441681146621704,3.311735153198242,0,0
5376,3.9592363834381104,3.637810707092285,1,1
5377,3.543006181716919,3.3758068084716797,1,1
5378,3.7079169750213623,3.181478500366211,1,1
5379,3.739506483078003,3.479250431060791,1,1
5380,3.9647631645202637,3.602545976638794,1,1
5381,3.927891254425049,3.63523530960083,1,1
5382,4.145164489746094,3.7330398559570312,0,0
5383,4.024842739105225,3.6973485946655273,0,0
5384,4.02039909362793,3.5516676902770996,1,1
5385,3.952206611633301,3.584914207458496,1,1
5386,3.523315906524658,3.371522903442383,0,0
5387,3.628523588180542,3.282081127166748,1,1
5388,3.9020683765411377,3.4055895805358887,1,1
5389,3.061160087585449,3.020240545272827,0,0
5390,3.1301021575927734,3.065887451171875,0,0
5391,3.019885301589966,3.024772882461548,0,0
5392,3.1083106994628906,3.07533597946167,0,0
5393,3.2986998558044434,3.238255739212036,1,1
5394,3.383052110671997,3.143932342529297,0,0
5395,3.2655842304229736,3.173090696334839,0,0
5396,3.2487075328826904,3.1962270736694336,0,0
5397,3.180560827255249,3.0563693046569824,1,1
5398,3.383606433868408,3.374248504638672,1,1
5399,3.2325901985168457,3.1521573066711426,0,0
5400,3.3947205543518066,3.351135492324829,0,0
5401,3.3345532417297363,3.338339328765869,0,0
5402,3.787792444229126,3.602405548095703,0,0
5403,3.5204010009765625,3.245941400527954,0,0
5404,3.713096857070923,3.282078742980957,1,1
5405,3.101423978805542,3.0031332969665527,0,0
5406,3.500443696975708,3.2313966751098633,1,1
5407,3.5469958782196045,3.3426713943481445,0,0
5408,3.306112051010132,3.0817975997924805,1,1
5409,3.5636425018310547,3.078418254852295,0,0
5410,3.6448986530303955,3.3867526054382324,1,1
5411,3.89442777633667,3.4060218334198,0,0
5412,3.3427131175994873,3.00097918510437,0,0
5413,3.5455479621887207,3.384406805038452,0,0
5414,3.103827714920044,3.1081831455230713,1,1
5415,3.421051502227783,3.2299234867095947,1,1
5416,3.4355173110961914,3.1150457859039307,1,1
5417,3.323800802230835,3.0783047676086426,0,0
5418,3.138028144836426,3.0413055419921875,1,1
5419,3.210376262664795,3.1096487045288086,0,0
5420,3.5554282665252686,3.271481513977051,1,1
5421,3.499560594558716,3.1312026977539062,1,1
5422,3.3176028728485107,3.0997886657714844,1,1
5423,2.918222427368164,2.863039970397949,0,0
5424,3.408804178237915,3.0608952045440674,1,1
5425,3.30649471282959,3.0244288444519043,0,0
5426,3.4860427379608154,3.1120543479919434,1,1
5427,3.6304521560668945,3.2498583793640137,1,1
5428,3.7126717567443848,3.233276128768921,1,1
5429,3.294971466064453,3.0476670265197754,1,1
5430,3.2113547325134277,3.0458526611328125,0,0
5431,3.202226400375366,3.111912965774536,0,0
5432,2.98602032661438,3.0662763118743896,0,0
5433,3.3178517818450928,3.2144246101379395,0,0
5434,3.0681498050689697,3.1607398986816406,1,1
5435,3.4302639961242676,3.351768970489502,1,1
5436,3.3594043254852295,3.1395492553710938,0,0
5437,3.325165033340454,3.2556076049804688,1,1
5438,3.234318494796753,3.164489269256592,1,1
5439,3.3632540702819824,3.162811756134033,0,0
5440,3.243119478225708,3.1806654930114746,1,1
5441,3.64029860496521,3.2388076782226562,0,0
5442,2.852719783782959,2.701117992401123,0,0
5443,3.394519805908203,2.998782157897949,0,0
5444,3.2835450172424316,3.140354633331299,0,0
5445,3.0294525623321533,2.6752769947052,0,0
5446,3.2438695430755615,3.117551803588867,0,0
5447,3.167383909225464,2.9760663509368896,0,0
5448,2.854910373687744,2.7805514335632324,0,0
5449,3.2672808170318604,3.0661840438842773,1,1
5450,3.0869081020355225,2.9560365676879883,0,0
5451,3.3693604469299316,3.004634380340576,1,1
5452,3.4637668132781982,2.961829662322998,1,1
5453,3.7338204383850098,3.3355870246887207,1,1
5454,3.7270965576171875,3.4564671516418457,1,1
5455,3.9858431816101074,3.517110824584961,1,1
5456,3.8847577571868896,3.3417234420776367,1,1
5457,3.4041225910186768,3.173957347869873,0,0
5458,2.89914608001709,2.9864251613616943,0,0
5459,3.3459270000457764,3.1235265731811523,0,0
5460,3.39048433303833,3.0348293781280518,1,1
5461,3.6066722869873047,3.361133575439453,0,0
5462,3.6449739933013916,3.509101390838623,1,1
5463,3.1398136615753174,3.1522748470306396,0,0
5464,3.0987720489501953,2.9878835678100586,0,0
5465,2.679229736328125,2.428224563598633,0,0
5466,3.5298047065734863,2.865323066711426,1,1
5467,2.9623289108276367,2.8984246253967285,1,1
5468,3.2044506072998047,2.927558422088623,1,1
5469,3.4698543548583984,3.284818172454834,0,0
5470,3.331726551055908,2.969526767730713,1,1
5471,2.758629083633423,2.5686514377593994,1,1
5472,2.9318108558654785,2.826099157333374,0,0
5473,2.9800751209259033,2.8481454849243164,0,0
5474,3.2675974369049072,3.1272099018096924,0,0
5475,3.014801025390625,3.096762180328369,0,0
5476,3.3541147708892822,3.064293384552002,1,1
5477,2.853790283203125,2.784783363342285,1,1
5478,3.062636375427246,3.0154409408569336,1,1
5479,2.9440340995788574,2.9255776405334473,0,0
5480,3.152186393737793,3.011355400085449,1,1
5481,3.268529176712036,3.025947093963623,1,1
5482,3.1456339359283447,3.2311928272247314,1,1
5483,3.4214890003204346,3.229356288909912,1,1
5484,3.485971689224243,3.506155490875244,1,1
5485,3.4150161743164062,3.1449508666992188,1,1
5486,3.283189296722412,3.1720449924468994,0,0
5487,3.2849340438842773,3.267608642578125,1,1
5488,3.3276000022888184,3.113396644592285,1,1
5489,3.0421347618103027,2.947263717651367,0,0
5490,2.9299533367156982,2.8113486766815186,0,0
5491,3.0775911808013916,2.8425989151000977,0,0
5492,3.2050650119781494,2.9974019527435303,0,0
5493,3.1928210258483887,3.0919482707977295,0,0
5494,3.063081741333008,3.1820602416992188,0,0
5495,3.178990364074707,3.1695075035095215,1,1
5496,3.196672201156616,3.2149765491485596,1,1
5497,3.129354953765869,3.2256019115448,1,1
5498,3.4614295959472656,3.2765755653381348,1,1
5499,3.1099765300750732,2.9297993183135986,1,1
5500,2.9621310234069824,2.5974440574645996,1,1
5501,3.0878288745880127,2.86519193649292,0,0
5502,3.4374501705169678,3.022001266479492,1,1
5503,3.4744956493377686,3.017911434173584,1,1
5504,3.2911229133605957,2.9421157836914062,1,1
5505,3.199558734893799,2.7954628467559814,1,1
5506,3.8314056396484375,3.1658904552459717,1,1
5507,3.2104597091674805,2.8877954483032227,0,0
5508,2.5680768489837646,2.387206792831421,0,0
5509,2.6838343143463135,2.552471160888672,0,0
5510,2.750641345977783,2.557377815246582,0,0
5511,2.8391716480255127,2.4713833332061768,0,0
5512,2.9846203327178955,2.7986361980438232,0,0
5513,1.755345106124878,1.7524889707565308,0,0
5514,2.442840814590454,2.397125005722046,0,0
5515,2.80132794380188,2.579586982727051,0,0
5516,3.272881269454956,2.8708667755126953,1,1
5517,2.917933940887451,2.6832709312438965,0,0
5518,3.3025872707366943,2.795053482055664,1,1
5519,3.584066390991211,3.1610488891601562,1,1
5520,2.977891445159912,2.7133114337921143,0,0
5521,3.0236454010009766,2.9670486450195312,0,0
5522,3.208871841430664,2.9186413288116455,0,0
5523,2.8966739177703857,2.6147584915161133,0,0
5524,2.996729612350464,2.6034631729125977,0,0
5525,3.1059629917144775,2.8984344005584717,1,1
5526,2.9389724731445312,2.7264304161071777,0,0
5527,2.9027764797210693,2.885939836502075,0,0
5528,2.8869476318359375,2.640812635421753,0,0
5529,3.087186098098755,2.6070287227630615,0,0
5530,3.1895339488983154,2.6368813514709473,0,0
5531,3.0150725841522217,2.663179874420166,1,1
5532,3.3515279293060303,2.8793561458587646,0,0
5533,3.560685157775879,2.9479784965515137,1,1
5534,3.080065965652466,2.8123602867126465,0,0
5535,3.4536826610565186,3.1373515129089355,0,0
5536,3.592968225479126,3.2012250423431396,0,0
5537,2.97947096824646,2.825242042541504,0,0
5538,3.059494733810425,2.8500585556030273,0,0
5539,3.509442090988159,3.1375107765197754,1,1
5540,3.292046308517456,3.090176582336426,0,0
5541,2.9455504417419434,2.728713035583496,1,1
5542,3.175440788269043,2.945767402648926,1,1
5543,3.4900922775268555,3.0764851570129395,1,1
5544,3.4920499324798584,3.172257661819458,1,1
5545,3.5237197875976562,3.066570997238159,1,1
5546,3.7243072986602783,3.227039098739624,1,1
5547,3.8193140029907227,3.436352252960205,1,1
5548,3.6149802207946777,3.0754709243774414,0,0
5549,3.3642282485961914,3.125964879989624,0,0
5550,3.591381549835205,3.209332227706909,1,1
5551,3.589907169342041,3.0845885276794434,1,1
5552,3.212665557861328,3.0040369033813477,1,1
5553,3.4080300331115723,3.2568628787994385,0,0
5554,3.4785895347595215,3.335420846939087,0,0
5555,3.706609010696411,3.3520565032958984,1,1
5556,3.7042946815490723,3.3270905017852783,1,1
5557,3.6136841773986816,3.3810460567474365,1,1
5558,3.4484047889709473,3.1077382564544678,0,0
5559,3.8060085773468018,3.467860698699951,1,1
5560,3.7671658992767334,3.397010326385498,0,0
5561,3.0203857421875,2.952028274536133,0,0
5562,3.090330123901367,3.0023345947265625,0,0
5563,3.206636905670166,3.026458978652954,0,0
5564,3.3964240550994873,3.1701645851135254,0,0
5565,3.3094890117645264,3.117279052734375,0,0
5566,2.89884877204895,2.542203903198242,0,0
5567,3.0525710582733154,2.8423662185668945,0,0
5568,3.6705873012542725,3.4439260959625244,0,0
5569,3.4310073852539062,3.1765449047088623,0,0
5570,3.4927968978881836,3.139875888824463,1,1
5571,3.538025140762329,3.1515793800354004,0,0
5572,3.50490403175354,3.1832103729248047,0,0
5573,3.584803819656372,3.297694206237793,1,1
5574,3.4784016609191895,3.254577875137329,1,1
5575,3.351011276245117,3.227475643157959,1,1
5576,3.444023370742798,3.2166409492492676,1,1
5577,3.5821616649627686,3.3507583141326904,0,0
5578,3.6597862243652344,3.374401569366455,1,1
5579,3.7186338901519775,3.6886537075042725,1,1
5580,3.609532594680786,3.482090950012207,1,1
5581,3.4666354656219482,3.1481575965881348,0,0
5582,3.4034423828125,3.415817975997925,1,1
5583,3.3447859287261963,3.166421890258789,0,0
5584,3.5844175815582275,3.4886651039123535,0,0
5585,3.37766695022583,3.3282876014709473,0,0
5586,3.5233757495880127,3.3358712196350098,0,0
5587,2.878448963165283,2.746412754058838,0,0
5588,3.576397180557251,3.587534189224243,0,0
5589,3.8662171363830566,3.6143736839294434,1,1
5590,3.1257355213165283,3.2220120429992676,0,0
5591,3.497904062271118,3.37923002243042,0,0
5592,2.6619551181793213,2.5931761264801025,0,0
5593,3.7256968021392822,3.5501708984375,1,1
5594,3.910545587539673,3.6559948921203613,0,0
5595,3.1903536319732666,3.2294890880584717,0,0
5596,3.265949249267578,3.091369867324829,1,1
5597,3.312642812728882,3.3658432960510254,0,0
5598,3.179047107696533,3.097038745880127,0,0
5599,3.172218084335327,3.223209857940674,0,0
5600,3.3633430004119873,3.1955957412719727,1,1
5601,3.5134034156799316,3.2386953830718994,0,0
5602,3.482560396194458,3.2188751697540283,0,0
5603,3.5372235774993896,3.1800007820129395,0,0
5604,3.561114549636841,3.384235143661499,1,1
5605,3.942612886428833,3.4681167602539062,1,1
5606,4.2244038581848145,3.7320127487182617,1,1
5607,3.856234312057495,3.5315794944763184,1,1
5608,3.6203668117523193,3.324789524078369,0,0
5609,3.017986536026001,2.867147922515869,0,0
5610,3.0650272369384766,2.8394947052001953,1,1
5611,3.067878484725952,3.034829616546631,0,0
5612,3.23793625831604,3.348759889602661,0,0
5613,2.786482572555542,2.82566499710083,0,0
5614,3.2889790534973145,3.279918670654297,0,0
5615,3.3392298221588135,3.210855007171631,1,1
5616,2.7850301265716553,2.683406352996826,0,0
5617,2.866921901702881,2.7058682441711426,0,0
5618,2.4172611236572266,2.3298654556274414,0,0
5619,2.6196494102478027,2.565197706222534,1,1
5620,2.9565091133117676,2.883747100830078,1,1
5621,2.63615083694458,2.616924285888672,1,1
5622,2.4670848846435547,2.548389434814453,1,1
5623,3.249091148376465,3.1208949089050293,1,1
5624,2.818775177001953,2.7580299377441406,0,0
5625,2.7668004035949707,2.6098504066467285,1,1
5626,3.0560264587402344,2.811084032058716,1,1
5627,2.9921505451202393,2.9131522178649902,1,1
5628,3.2510435581207275,3.0248818397521973,1,1
5629,2.9096224308013916,2.6334829330444336,1,1
5630,3.1205413341522217,2.801372528076172,0,0
5631,3.1380503177642822,2.7207674980163574,0,0
5632,3.0950827598571777,2.7562098503112793,1,1
5633,2.85737681388855,2.7041518688201904,0,0
5634,2.9071669578552246,2.5950961112976074,0,0
5635,2.9540975093841553,2.80403470993042,1,1
5636,3.3737881183624268,3.230278968811035,0,0
5637,3.0961594581604004,3.0827383995056152,0,0
5638,3.5884969234466553,3.504338026046753,0,0
5639,3.571206569671631,3.3400490283966064,0,0
5640,3.0732502937316895,2.802250862121582,0,0
5641,2.936049222946167,2.624189615249634,0,0
5642,3.1919846534729004,2.8905692100524902,0,0
5643,3.261113405227661,2.971275806427002,1,1
5644,3.4444284439086914,3.2642598152160645,1,1
5645,3.4074859619140625,3.1266627311706543,0,0
5646,3.358738899230957,3.1894867420196533,0,0
5647,3.247415542602539,3.094036102294922,1,1
5648,3.1586318016052246,2.930388927459717,0,0
5649,2.579901695251465,2.5062105655670166,0,0
5650,2.8944220542907715,2.757472515106201,1,1
5651,2.709273338317871,2.5309953689575195,0,0
5652,2.861546516418457,2.7858779430389404,0,0
5653,3.134545087814331,3.069518566131592,0,0
5654,3.084429979324341,2.982065200805664,1,1
5655,2.8592660427093506,2.8185458183288574,0,0
5656,2.865703582763672,2.9302961826324463,1,1
5657,2.551893472671509,2.629401206970215,1,1
5658,2.611781597137451,2.582930326461792,0,0
5659,2.6608173847198486,2.6358084678649902,1,1
5660,2.727079391479492,2.7263641357421875,0,0
5661,3.0233376026153564,3.042527675628662,1,1
5662,2.8567006587982178,2.9926023483276367,1,1
5663,3.2706220149993896,3.2044777870178223,1,1
5664,3.134509563446045,2.8553342819213867,1,1
5665,3.0570545196533203,2.8279199600219727,1,1
5666,3.0425477027893066,2.732283592224121,0,0
5667,3.1927742958068848,2.742516040802002,1,1
5668,3.6813924312591553,3.047184467315674,1,1
5669,3.6866211891174316,3.218216896057129,1,1
5670,3.159574508666992,2.8983354568481445,1,1
5671,3.310434579849243,3.0307936668395996,1,1
5672,3.498457431793213,2.8139281272888184,1,1
5673,2.618849754333496,2.2363593578338623,1,1
5674,2.8421928882598877,2.54160213470459,1,1
5675,2.835035562515259,2.485729694366455,0,0
5676,3.1917760372161865,2.6135780811309814,0,0
5677,3.085221767425537,2.4631237983703613,1,1
5678,3.068011522293091,2.55210542678833,1,1
5679,2.6914873123168945,2.3926782608032227,0,0
5680,3.0411717891693115,2.6236801147460938,1,1
5681,3.0761051177978516,2.870640993118286,0,0
5682,3.1298859119415283,2.762481689453125,0,0
5683,3.2046096324920654,2.8798909187316895,0,0
5684,3.2548305988311768,2.848447322845459,0,0
5685,2.846979856491089,2.728562831878662,0,0
5686,2.996016263961792,2.6808462142944336,0,0
5687,2.570260763168335,2.45426082611084,0,0
5688,3.1780614852905273,2.8828158378601074,1,1
5689,3.41447114944458,3.0881283283233643,1,1
5690,3.022186517715454,2.8397364616394043,0,0
5691,2.96836519241333,2.7301785945892334,0,0
5692,2.8153581619262695,2.654937267303467,0,0
5693,3.080366373062134,2.643528461456299,0,0
5694,3.1381893157958984,2.722472667694092,0,0
5695,3.0320587158203125,2.8347697257995605,0,0
5696,2.9956114292144775,2.7989187240600586,1,1
5697,3.25795578956604,2.959705352783203,1,1
5698,3.43498158454895,2.991894245147705,1,1
5699,3.6568496227264404,3.036470413208008,1,1
5700,3.7452518939971924,3.221087694168091,1,1
5701,3.414226531982422,3.0887765884399414,1,1
5702,3.2082748413085938,3.0340609550476074,0,0
5703,3.3193516731262207,3.0833957195281982,1,1
5704,3.0527284145355225,2.750589609146118,0,0
5705,3.3156139850616455,3.138845920562744,1,1
5706,3.7524263858795166,3.212045192718506,1,1
5707,2.805144786834717,2.594782829284668,0,0
5708,2.990248680114746,2.9360196590423584,0,0
5709,3.698411703109741,3.3860950469970703,1,1
5710,3.969360113143921,3.5142641067504883,1,1
5711,3.6268646717071533,3.2322797775268555,1,1
5712,3.4594340324401855,3.260253429412842,1,1
5713,3.3160409927368164,3.1870627403259277,0,0
5714,2.8819072246551514,2.8139846324920654,0,0
5715,3.484891414642334,3.28969669342041,1,1
5716,3.4305264949798584,3.220616102218628,0,0
5717,3.7374801635742188,3.6117002964019775,1,1
5718,3.4721529483795166,3.343979835510254,0,0
5719,3.0085301399230957,3.104942798614502,1,1
5720,3.4621217250823975,3.339426040649414,0,0
5721,3.214463472366333,3.1945078372955322,0,0
5722,2.9202778339385986,2.8386034965515137,0,0
5723,3.4184954166412354,3.2088546752929688,0,0
5724,2.9908645153045654,2.89707350730896,0,0
5725,3.0529119968414307,2.850837230682373,0,0
5726,3.078733205795288,2.8809330463409424,0,0
5727,3.199380874633789,2.9456288814544678,1,1
5728,3.1649887561798096,3.006575107574463,1,1
5729,3.209031343460083,3.0409820079803467,0,0
5730,3.0861499309539795,2.820943832397461,1,1
5731,3.357564687728882,3.231959819793701,1,1
5732,2.8692800998687744,2.725048542022705,1,1
5733,3.359853506088257,2.9868321418762207,1,1
5734,3.1896121501922607,2.9301295280456543,1,1
5735,3.111598491668701,2.826317548751831,1,1
5736,3.0681798458099365,2.6820695400238037,1,1
5737,3.5306761264801025,3.147325038909912,0,0
5738,3.2973196506500244,3.034515380859375,1,1
5739,2.9591355323791504,2.8963449001312256,0,0
5740,3.3168652057647705,3.5100769996643066,1,1
5741,3.222710132598877,3.005310535430908,0,0
5742,2.274373769760132,1.8405909538269043,0,0
5743,2.991605043411255,2.930722951889038,0,0
5744,3.098170280456543,2.9866771697998047,0,0
5745,2.919538736343384,3.0400562286376953,0,0
5746,3.766167402267456,3.520620346069336,1,1
5747,3.557276487350464,3.3681907653808594,1,1
5748,2.7232813835144043,2.6329345703125,1,1
5749,3.3038694858551025,2.9717836380004883,1,1
5750,3.2605578899383545,3.0446465015411377,1,1
5751,3.2242953777313232,3.097386360168457,1,1
5752,3.043689250946045,3.10392165184021,1,1
5753,3.251115560531616,3.2109341621398926,1,1
5754,3.337301254272461,2.9800353050231934,1,1
5755,3.5219643115997314,3.132345676422119,1,1
5756,3.2559163570404053,3.0728087425231934,1,1
5757,3.458609104156494,3.209672451019287,1,1
5758,3.3316969871520996,3.2527060508728027,1,1
5759,3.819716453552246,3.548948287963867,0,0
5760,4.035974025726318,3.593392848968506,0,0
5761,3.7876358032226562,3.235212802886963,1,1
5762,4.1847052574157715,3.545151710510254,1,1
5763,3.6638267040252686,3.2157058715820312,1,1
5764,3.188068151473999,2.944528341293335,0,0
5765,3.697451114654541,3.213104724884033,1,1
5766,3.5787301063537598,3.329651355743408,0,0
5767,3.36094069480896,3.2683730125427246,0,0
5768,3.3995120525360107,3.0876057147979736,0,0
5769,3.2698583602905273,2.9406955242156982,0,0
5770,3.209158420562744,2.98441219329834,1,1
5771,2.8487982749938965,2.864556312561035,1,1
5772,3.240708351135254,3.0785512924194336,1,1
5773,3.133794069290161,2.9516642093658447,1,1
5774,3.0799150466918945,2.894656181335449,0,0
5775,3.188753604888916,3.1552953720092773,1,1
5776,3.0218396186828613,2.912496566772461,0,0
5777,3.050751209259033,2.8160200119018555,0,0
5778,3.215041160583496,3.0680384635925293,0,0
5779,3.3670220375061035,3.0749425888061523,1,1
5780,3.047025680541992,3.003142833709717,1,1
5781,3.1376659870147705,3.0626461505889893,0,0
5782,3.0704410076141357,2.7532854080200195,0,0
5783,3.1623902320861816,2.9603090286254883,1,1
5784,2.8403239250183105,2.6383984088897705,0,0
5785,3.3768954277038574,3.0322184562683105,0,0
5786,3.2657978534698486,2.961310863494873,0,0
5787,3.3514292240142822,2.9325826168060303,1,1
5788,3.690835475921631,3.2707643508911133,1,1
5789,3.1086654663085938,2.8478915691375732,0,0
5790,2.79354190826416,2.5511486530303955,1,1
5791,3.0921030044555664,2.978283405303955,0,0
5792,3.2823121547698975,3.036442995071411,0,0
5793,3.1734938621520996,2.924612522125244,0,0
5794,3.2808241844177246,3.123154878616333,0,0
5795,3.3983559608459473,3.1649277210235596,0,0
5796,3.736152172088623,3.3247435092926025,1,1
5797,3.2951273918151855,3.0855484008789062,1,1
5798,3.236670732498169,3.134533405303955,1,1
5799,3.678034782409668,3.312451124191284,1,1
5800,3.073296546936035,3.032371997833252,1,1
5801,3.281316041946411,3.1491270065307617,0,0
5802,3.452228307723999,3.247598648071289,1,1
5803,3.2037575244903564,3.044921636581421,0,0
5804,3.699639081954956,3.183475971221924,1,1
5805,3.5900588035583496,3.090214490890503,1,1
5806,3.4673855304718018,3.148319721221924,0,0
5807,3.5986287593841553,3.2798705101013184,0,0
5808,3.415295124053955,3.310544729232788,1,1
5809,3.7774546146392822,3.2453606128692627,1,1
5810,3.3002352714538574,3.0697150230407715,1,1
5811,3.1021440029144287,2.961899518966675,1,1
5812,3.110823392868042,2.9600703716278076,0,0
5813,3.3365678787231445,3.157538414001465,1,1
5814,3.463590383529663,3.1119191646575928,0,0
5815,3.922840118408203,3.029238224029541,1,1
5816,3.9941983222961426,2.8937790393829346,1,1
5817,3.2359330654144287,3.109848976135254,1,1
5818,3.6022708415985107,3.2760229110717773,1,1
5819,4.137288570404053,3.2100415229797363,0,0
5820,4.204910755157471,3.08872127532959,0,0
5821,4.171169757843018,3.1773593425750732,1,1
5822,4.477553844451904,3.0918774604797363,0,0
5823,3.068356513977051,2.85184383392334,0,0
5824,5.05991792678833,3.2283437252044678,0,0
5825,4.258620738983154,2.946424961090088,0,0
5826,3.5230724811553955,3.1947264671325684,1,1
5827,3.7447619438171387,2.8712048530578613,1,1
5828,4.064906597137451,3.201077461242676,1,1
5829,3.278287887573242,2.886390209197998,1,1
5830,4.191487789154053,3.467454671859741,1,1
5831,3.450868606567383,2.876580238342285,0,0
5832,3.600804328918457,3.190991163253784,1,1
5833,3.3013689517974854,2.9916632175445557,1,1
5834,4.044961452484131,2.639737844467163,0,0
5835,4.117321014404297,2.6338658332824707,1,1
5836,3.7644894123077393,2.59425687789917,0,0
5837,4.563471794128418,2.7810988426208496,1,1
5838,3.9353299140930176,2.776294231414795,1,1
5839,3.697253465652466,3.0216639041900635,0,0
5840,4.686617374420166,2.8542513847351074,0,0
5841,4.315942764282227,2.9782726764678955,0,0
5842,4.295546054840088,3.014953374862671,0,0
5843,3.9737420082092285,3.1788759231567383,0,0
5844,3.7091403007507324,3.3653879165649414,1,1
5845,2.9645378589630127,2.9854559898376465,0,0
5846,3.2572109699249268,3.0975146293640137,1,1
5847,3.4035239219665527,3.1607728004455566,1,1
5848,3.8332064151763916,3.263335943222046,1,1
5849,3.1589412689208984,2.7664103507995605,0,0
5850,3.0388896465301514,2.8710663318634033,0,0
5851,3.010546922683716,2.8034420013427734,0,0
5852,3.212096691131592,3.0491747856140137,1,1
5853,3.194164514541626,3.2068264484405518,1,1
5854,3.2579758167266846,3.155785083770752,0,0
5855,3.6839869022369385,3.484546661376953,1,1
5856,3.547557830810547,3.3909013271331787,1,1
5857,3.2664670944213867,3.1866819858551025,0,0
5858,3.9199442863464355,3.461909294128418,0,0
5859,3.2865750789642334,3.256910800933838,1,1
5860,3.3508682250976562,3.10098934173584,0,0
5861,3.6073391437530518,3.3496294021606445,1,1
5862,3.100919008255005,2.951770305633545,0,0
5863,3.327120065689087,3.1654610633850098,0,0
5864,3.3415017127990723,3.1879584789276123,0,0
5865,3.2251169681549072,3.0704643726348877,0,0
5866,2.929297924041748,2.944206714630127,0,0
5867,3.5276012420654297,3.335681438446045,1,1
5868,3.106461524963379,2.908785343170166,0,0
5869,3.2698910236358643,3.238352060317993,1,1
5870,3.333697557449341,3.056619167327881,0,0
5871,3.287041425704956,2.9829750061035156,1,1
5872,3.1391079425811768,3.0597023963928223,0,0
5873,3.426713228225708,3.2304434776306152,1,1
5874,3.2453866004943848,3.2657411098480225,1,1
5875,3.0293803215026855,2.738905429840088,1,1
5876,3.319512128829956,3.0798377990722656,1,1
5877,3.455362319946289,2.954153060913086,0,0
5878,3.1358745098114014,2.958319664001465,1,1
5879,3.6736931800842285,3.1288180351257324,1,1
5880,3.554353713989258,3.184077501296997,1,1
5881,3.1450650691986084,3.025141954421997,0,0
5882,3.269686698913574,3.0232133865356445,0,0
5883,3.241225004196167,3.1327309608459473,1,1
5884,3.7635858058929443,3.187943458557129,1,1
5885,3.3097429275512695,2.9529213905334473,0,0
5886,3.256537914276123,3.223975658416748,1,1
5887,3.33498477935791,3.1111834049224854,0,0
5888,3.2661075592041016,3.1796493530273438,1,1
5889,3.570371150970459,3.423089027404785,0,0
5890,3.5724432468414307,3.319607973098755,1,1
5891,3.6947133541107178,3.17030668258667,1,1
5892,3.3423290252685547,3.1073269844055176,1,1
5893,3.496877670288086,3.202207088470459,0,0
5894,3.185079336166382,2.867650270462036,0,0
5895,3.2006261348724365,3.0122904777526855,1,1
5896,3.166485548019409,2.8978772163391113,0,0
5897,3.111499786376953,2.9722139835357666,1,1
5898,3.13946795463562,2.7154300212860107,0,0
5899,3.493114471435547,3.059701919555664,1,1
5900,3.1086294651031494,2.8555960655212402,0,0
5901,3.170726776123047,2.974066972732544,0,0
5902,3.512746572494507,3.0697169303894043,1,1
5903,3.3928050994873047,3.1092655658721924,0,0
5904,3.1876771450042725,2.8816370964050293,1,1
5905,3.1258015632629395,2.9048330783843994,0,0
5906,3.234299659729004,2.7950692176818848,0,0
5907,2.869680643081665,2.663329601287842,0,0
5908,3.114351987838745,2.752593994140625,1,1
5909,3.124901294708252,2.827683687210083,0,0
5910,3.1374921798706055,2.768932580947876,0,0
5911,3.113737106323242,2.8337607383728027,0,0
5912,3.6579525470733643,2.913304567337036,1,1
5913,3.5839009284973145,3.2632577419281006,1,1
5914,3.7614564895629883,3.206714153289795,1,1
5915,2.9625492095947266,2.7593636512756348,1,1
5916,3.0202572345733643,2.749473810195923,1,1
5917,3.4925644397735596,3.0486085414886475,1,1
5918,3.481340169906616,3.0387442111968994,1,1
5919,3.0144248008728027,2.967050075531006,1,1
5920,3.388922929763794,2.922189950942993,0,0
5921,3.206714630126953,2.814549446105957,0,0
5922,3.2826545238494873,2.907602310180664,1,1
5923,3.15742826461792,2.5175867080688477,0,0
5924,3.0182929039001465,2.765671730041504,0,0
5925,3.4857444763183594,2.9735729694366455,0,0
5926,2.3297975063323975,1.981302261352539,0,0
5927,3.1564316749572754,3.000521659851074,0,0
5928,3.642383575439453,3.3925704956054688,1,1
5929,3.494504451751709,3.3902225494384766,0,0
5930,3.4056131839752197,3.4542362689971924,0,0
5931,2.832902431488037,2.8249635696411133,0,0
5932,2.980647087097168,2.8289260864257812,0,0
5933,3.637302875518799,3.2535271644592285,0,0
5934,3.0278689861297607,2.7282092571258545,0,0
5935,3.441779375076294,3.225214719772339,1,1
5936,3.0528626441955566,3.0998620986938477,0,0
5937,3.1086435317993164,2.947204113006592,1,1
5938,3.0691416263580322,2.924467086791992,1,1
5939,3.3086647987365723,3.123854637145996,1,1
5940,3.235182046890259,3.1534197330474854,1,1
5941,2.900106191635132,2.973907947540283,0,0
5942,3.0306992530822754,3.042764663696289,0,0
5943,3.3345351219177246,3.2433347702026367,1,1
5944,3.2319488525390625,3.015974998474121,1,1
5945,2.8878395557403564,2.8666751384735107,0,0
5946,3.614758253097534,3.322972536087036,1,1
5947,3.1675338745117188,3.093851327896118,0,0
5948,3.6441361904144287,3.34213924407959,1,1
5949,2.99896502494812,2.9685826301574707,0,0
5950,2.9414830207824707,2.7709691524505615,0,0
5951,3.1348509788513184,2.978504180908203,0,0
5952,3.2276859283447266,3.053821086883545,0,0
5953,3.410539388656616,3.3196444511413574,1,1
5954,3.218715190887451,3.288754940032959,0,0
5955,3.223958730697632,3.2397310733795166,0,0
5956,2.8682641983032227,2.808868885040283,0,0
5957,3.399658441543579,3.170121908187866,1,1
5958,3.5566039085388184,3.4639220237731934,1,1
5959,3.6863317489624023,3.5424137115478516,0,0
5960,3.1695430278778076,3.02628231048584,0,0
5961,3.1261589527130127,2.982532501220703,0,0
5962,3.5640952587127686,3.129321336746216,1,1
5963,3.481614351272583,3.1494016647338867,1,1
5964,3.5650599002838135,3.3080968856811523,0,0
5965,3.096928119659424,3.1136293411254883,1,1
5966,2.8416101932525635,2.711416721343994,0,0
5967,3.1991355419158936,2.9636335372924805,1,1
5968,2.914935827255249,2.809994697570801,0,0
5969,3.357855796813965,2.9638562202453613,0,0
5970,3.1851797103881836,2.8970284461975098,0,0
5971,3.5059473514556885,3.048889636993408,1,1
5972,3.4048807621002197,3.060208320617676,0,0
5973,3.123889684677124,2.881222724914551,1,1
5974,2.9915380477905273,2.710402488708496,0,0
5975,2.7835090160369873,2.592831611633301,0,0
5976,3.051111936569214,2.8449931144714355,0,0
5977,3.1961941719055176,2.8766539096832275,1,1
5978,3.3069911003112793,3.1268787384033203,0,0
5979,3.4259350299835205,3.1034598350524902,1,1
5980,3.212023973464966,3.0379128456115723,1,1
5981,3.2377045154571533,3.0179333686828613,0,0
5982,3.383716583251953,3.1225571632385254,1,1
5983,3.4531214237213135,3.245126485824585,0,0
5984,3.6178605556488037,3.052037239074707,1,1
5985,3.3120503425598145,2.902470111846924,1,1
5986,3.2351794242858887,2.951228141784668,0,0
5987,3.484553575515747,3.104626417160034,0,0
5988,2.4036996364593506,2.514052152633667,1,1
5989,2.8477983474731445,2.785630226135254,1,1
5990,3.054597854614258,2.8525404930114746,0,0
5991,3.867806911468506,3.3951544761657715,1,1
5992,3.3039610385894775,3.0476861000061035,1,1
5993,4.063398838043213,3.417387008666992,1,1
5994,3.409938097000122,3.184467315673828,1,1
5995,3.6259031295776367,3.254951000213623,1,1
5996,3.630803346633911,3.203685760498047,0,0
5997,3.541975498199463,3.0876364707946777,1,1
5998,3.3499081134796143,3.067546844482422,1,1
5999,2.9948315620422363,2.9295339584350586,0,0
6000,3.226083993911743,3.120593786239624,1,1
6001,3.357433557510376,3.246100664138794,1,1
6002,3.322618246078491,3.254425525665283,0,0
6003,3.1941206455230713,3.014842987060547,0,0
6004,3.2945313453674316,2.926502227783203,0,0
6005,3.7041637897491455,3.427245616912842,1,1
6006,3.360523223876953,3.1971640586853027,1,1
6007,3.577460289001465,3.359750747680664,1,1
6008,3.4308536052703857,3.241792678833008,1,1
6009,3.663585662841797,3.4422216415405273,1,1
6010,3.826101303100586,3.3694992065429688,0,0
6011,3.567700147628784,3.282377243041992,1,1
6012,3.714031934738159,3.353630542755127,0,0
6013,3.5943803787231445,3.1203665733337402,0,0
6014,3.766461133956909,3.402843952178955,1,1
6015,3.658270835876465,3.2687182426452637,1,1
6016,3.9381744861602783,3.2737998962402344,1,1
6017,3.6286821365356445,3.2198405265808105,0,0
6018,3.891666889190674,3.4437522888183594,0,0
6019,3.1572983264923096,2.957895040512085,1,1
6020,3.4555211067199707,3.2539100646972656,1,1
6021,3.3984897136688232,3.235203266143799,0,0
6022,3.2468230724334717,3.0526070594787598,0,0
6023,3.7192471027374268,3.2933454513549805,1,1
6024,3.7293593883514404,3.3060402870178223,1,1
6025,3.396310567855835,3.288815498352051,1,1
6026,3.096080780029297,2.955106735229492,0,0
6027,3.7246813774108887,3.343374013900757,1,1
6028,3.1159236431121826,3.0038366317749023,0,0
6029,3.360555410385132,3.0736870765686035,1,1
6030,3.268188953399658,2.879335880279541,1,1
6031,3.527226448059082,3.3690638542175293,1,1
6032,3.2528562545776367,3.156886577606201,0,0
6033,3.3210747241973877,3.176527976989746,1,1
6034,3.381828784942627,3.2154221534729004,0,0
6035,3.707751989364624,3.369997501373291,1,1
6036,3.4111526012420654,3.34136962890625,0,0
6037,3.683638095855713,3.3201613426208496,0,0
6038,3.720829725265503,3.3854806423187256,0,0
6039,3.5975725650787354,3.4087698459625244,1,1
6040,3.198728322982788,3.0469157695770264,0,0
6041,2.7510018348693848,2.471423625946045,0,0
6042,2.783421039581299,2.334851026535034,1,1
6043,3.423495054244995,3.045269012451172,0,0
6044,3.4925034046173096,3.405815362930298,1,1
6045,3.622178554534912,3.4468605518341064,1,1
6046,3.5160460472106934,3.3542017936706543,1,1
6047,3.5537025928497314,3.3262343406677246,1,1
6048,3.2877256870269775,3.2468671798706055,0,0
6049,3.6511476039886475,3.494163990020752,1,1
6050,4.122405529022217,3.798175811767578,0,0
6051,3.709233283996582,3.5767157077789307,1,1
6052,3.352102756500244,3.1676714420318604,1,1
6053,3.8183090686798096,3.3730649948120117,1,1
6054,3.511294364929199,3.279104709625244,1,1
6055,3.2947046756744385,3.24554443359375,0,0
6056,3.389940023422241,3.209869861602783,1,1
6057,3.403449296951294,3.1400184631347656,0,0
6058,3.53104829788208,3.1183295249938965,1,1
6059,3.765845775604248,3.4171624183654785,0,0
6060,3.515073776245117,3.1279120445251465,1,1
6061,3.305785655975342,3.157883644104004,0,0
6062,3.125282049179077,2.9730870723724365,0,0
6063,3.3206050395965576,2.969111919403076,1,1
6064,3.2990846633911133,2.8445770740509033,1,1
6065,2.846590757369995,2.458031177520752,1,1
6066,2.9388105869293213,2.675703525543213,1,1
6067,2.975525140762329,2.534947156906128,1,1
6068,3.0743396282196045,2.674084424972534,1,1
6069,3.166740894317627,2.6868720054626465,1,1
6070,3.06535005569458,2.6495728492736816,0,0
6071,2.628854513168335,2.315709114074707,0,0
6072,3.047853469848633,2.5327773094177246,1,1
6073,3.215759754180908,2.691981315612793,1,1
6074,2.9227070808410645,2.6251015663146973,1,1
6075,2.485668182373047,2.5088276863098145,0,0
6076,3.024730920791626,2.768529176712036,0,0
6077,3.0589253902435303,2.5879135131835938,1,1
6078,2.8872439861297607,2.626988172531128,0,0
6079,2.827524423599243,2.5654757022857666,0,0
6080,3.143402099609375,2.606297492980957,1,1
6081,3.145305871963501,2.60786771774292,1,1
6082,3.2283542156219482,2.7878427505493164,0,0
6083,2.7850446701049805,2.5103845596313477,1,1
6084,3.1946332454681396,2.8954553604125977,1,1
6085,3.1998093128204346,2.853503465652466,1,1
6086,2.745882511138916,2.5062170028686523,1,1
6087,3.121408462524414,2.7670507431030273,0,0
6088,3.562734842300415,2.9483048915863037,1,1
6089,3.325587511062622,3.1960959434509277,1,1
6090,3.186051368713379,3.0345618724823,1,1
6091,2.8451974391937256,2.8373265266418457,1,1
6092,3.372333526611328,3.024919033050537,1,1
6093,3.2702715396881104,3.080479145050049,1,1
6094,3.377891778945923,3.1885251998901367,1,1
6095,3.3536975383758545,3.1927127838134766,1,1
6096,2.8996498584747314,2.800405740737915,0,0
6097,3.0053703784942627,2.876739978790283,1,1
6098,3.005605459213257,2.884793519973755,1,1
6099,3.034601926803589,2.9660532474517822,0,0
6100,3.121352195739746,2.9002115726470947,0,0
6101,3.011190414428711,2.937788248062134,0,0
6102,2.7938344478607178,2.7274324893951416,0,0
6103,3.388259172439575,3.1629157066345215,1,1
6104,3.272171974182129,3.2069196701049805,0,0
6105,3.668482780456543,3.4954752922058105,0,0
6106,3.68910813331604,3.4852561950683594,1,1
6107,3.415283679962158,3.1541872024536133,0,0
6108,3.215904951095581,3.0882060527801514,0,0
6109,2.786616325378418,2.6913795471191406,0,0
6110,3.5023105144500732,3.1170432567596436,1,1
6111,3.318787097930908,3.1252379417419434,1,1
6112,3.4053986072540283,3.075747489929199,0,0
6113,3.57745623588562,3.2346129417419434,0,0
6114,3.41599178314209,3.1915555000305176,1,1
6115,2.6060478687286377,2.2974095344543457,0,0
6116,2.2078166007995605,2.205784797668457,0,0
6117,3.0167319774627686,2.761732816696167,0,0
6118,3.5537943840026855,3.2900760173797607,1,1
6119,3.518075466156006,3.0559940338134766,1,1
6120,3.7929630279541016,3.2164359092712402,1,1
6121,3.3961563110351562,3.0251870155334473,1,1
6122,3.090904474258423,2.798476219177246,1,1
6123,3.4538509845733643,3.1510448455810547,1,1
6124,2.9079439640045166,2.7930331230163574,0,0
6125,3.2027783393859863,3.078239679336548,1,1
6126,3.2751173973083496,3.155117988586426,1,1
6127,3.113935708999634,2.8179712295532227,0,0
6128,3.106349468231201,2.9157564640045166,1,1
6129,3.2251968383789062,3.066270351409912,1,1
6130,3.1877737045288086,2.9546895027160645,1,1
6131,3.155704975128174,3.0545809268951416,1,1
6132,3.117298126220703,3.0035781860351562,0,0
6133,3.496697187423706,3.157654285430908,1,1
6134,3.2346906661987305,3.0135498046875,0,0
6135,3.0189716815948486,2.997192621231079,0,0
6136,3.509477138519287,3.3107268810272217,1,1
6137,3.749495506286621,3.4616713523864746,1,1
6138,3.0484888553619385,2.8103601932525635,1,1
6139,3.1758673191070557,2.8859548568725586,1,1
6140,3.127108097076416,2.817199468612671,1,1
6141,3.0717124938964844,2.852414131164551,1,1
6142,2.9079136848449707,2.65677547454834,0,0
6143,2.9283335208892822,2.9135944843292236,0,0
6144,2.893068790435791,2.780813694000244,0,0
6145,2.788999319076538,2.6513783931732178,0,0
6146,3.8434817790985107,3.5646581649780273,1,1
6147,3.5316643714904785,3.199817180633545,1,1
6148,3.6655666828155518,3.2535207271575928,0,0
6149,2.7518248558044434,2.7554092407226562,0,0
6150,2.722672462463379,2.635695457458496,0,0
6151,3.003502368927002,2.660851240158081,0,0
6152,2.985976219177246,2.8492228984832764,0,0
6153,2.8884482383728027,2.8101305961608887,0,0
6154,2.7529404163360596,2.6181135177612305,0,0
6155,3.2111477851867676,2.919316053390503,1,1
6156,2.6122195720672607,2.757296562194824,1,1
6157,2.8697805404663086,2.673097610473633,0,0
6158,2.6811392307281494,2.4232630729675293,0,0
6159,2.9375219345092773,2.755885362625122,1,1
6160,2.8873777389526367,2.686102867126465,0,0
6161,3.311734676361084,2.916585922241211,1,1
6162,3.339407444000244,3.209197521209717,0,0
6163,2.707235336303711,2.6506354808807373,0,0
6164,3.22894024848938,3.1545257568359375,0,0
6165,3.272599935531616,3.105611801147461,0,0
6166,2.9848225116729736,2.8231589794158936,0,0
6167,3.4854302406311035,3.185896158218384,1,1
6168,3.30718731880188,3.1225433349609375,0,0
6169,3.1076104640960693,2.9600441455841064,0,0
6170,2.7989230155944824,2.6505489349365234,0,0
6171,1.435180902481079,1.6066217422485352,0,0
6172,3.350301504135132,3.231417179107666,0,0
6173,3.253530740737915,2.8845014572143555,0,0
6174,3.340554714202881,3.092855453491211,0,0
6175,3.386368989944458,3.0539047718048096,0,0
6176,3.2246744632720947,2.8653037548065186,0,0
6177,3.5774879455566406,3.304168701171875,0,0
6178,3.4734790325164795,3.1646382808685303,1,1
6179,3.3121018409729004,3.154919147491455,0,0
6180,2.963559627532959,2.676302671432495,0,0
6181,2.905519485473633,2.8260107040405273,0,0
6182,3.4066035747528076,3.0952303409576416,1,1
6183,3.4510724544525146,3.2116689682006836,1,1
6184,3.545747995376587,3.2922658920288086,0,0
6185,3.3820979595184326,3.1182751655578613,1,1
6186,3.3558566570281982,2.9694430828094482,0,0
6187,3.655492067337036,3.1736111640930176,1,1
6188,3.620561122894287,3.307302474975586,0,0
6189,3.3882246017456055,3.067690372467041,1,1
6190,3.284440517425537,3.0778183937072754,0,0
6191,3.0672714710235596,2.8919811248779297,1,1
6192,3.0480237007141113,2.7780632972717285,1,1
6193,3.0099661350250244,2.839456796646118,0,0
6194,3.045441150665283,2.888066053390503,0,0
6195,2.6265604496002197,2.7349116802215576,0,0
6196,2.9954073429107666,2.7880561351776123,0,0
6197,2.972440242767334,2.6876015663146973,1,1
6198,2.916835308074951,2.733790397644043,1,1
6199,2.9700868129730225,2.954434394836426,0,0
6200,2.998976230621338,2.9249582290649414,1,1
6201,2.7761716842651367,2.541721820831299,0,0
6202,3.159025192260742,3.0277719497680664,0,0
6203,3.6959640979766846,3.1654000282287598,1,1
6204,3.5849757194519043,3.273418426513672,1,1
6205,3.592656135559082,3.3759660720825195,1,1
6206,3.3049354553222656,3.15714693069458,1,1
6207,3.2487242221832275,3.137784481048584,0,0
6208,3.60538387298584,3.120373487472534,1,1
6209,3.603717088699341,3.1832661628723145,0,0
6210,4.088332653045654,3.424142837524414,1,1
6211,3.8025381565093994,3.2407686710357666,0,0
6212,3.5381317138671875,3.110935926437378,0,0
6213,3.60311222076416,3.229299783706665,0,0
6214,3.818913221359253,3.241360664367676,0,0
6215,3.859623670578003,3.3436081409454346,0,0
6216,3.8866097927093506,3.205000638961792,1,1
6217,3.3386011123657227,3.2870659828186035,0,0
6218,3.4688148498535156,3.3483078479766846,1,1
6219,3.462892532348633,3.3161768913269043,0,0
6220,3.347930431365967,3.123281478881836,0,0
6221,3.244856119155884,3.034554958343506,0,0
6222,3.6665775775909424,3.4163126945495605,0,0
6223,3.685041904449463,3.4621782302856445,0,0
6224,3.2984821796417236,2.841425657272339,1,1
6225,3.574714183807373,3.062825918197632,1,1
6226,2.963961124420166,2.7116568088531494,1,1
6227,3.082132339477539,2.839451551437378,1,1
6228,3.433725595474243,3.1940574645996094,1,1
6229,3.0997610092163086,3.079782247543335,1,1
6230,3.2778375148773193,3.0449647903442383,1,1
6231,3.00600266456604,2.8551058769226074,1,1
6232,2.9216179847717285,2.7384026050567627,1,1
6233,3.3888349533081055,3.0445902347564697,1,1
6234,2.847242593765259,2.41282057762146,1,1
6235,3.105604887008667,2.6419968605041504,0,0
6236,3.3341948986053467,3.136444091796875,1,1
6237,2.967254638671875,2.9315316677093506,0,0
6238,2.9783198833465576,2.8395910263061523,0,0
6239,3.368302345275879,3.205718994140625,0,0
6240,3.5183095932006836,3.1294169425964355,1,1
6241,3.2284224033355713,2.955918788909912,1,1
6242,3.1899948120117188,3.0336925983428955,0,0
6243,3.1722710132598877,2.9894957542419434,0,0
6244,3.314901113510132,3.1331865787506104,0,0
6245,3.099235773086548,2.878549098968506,1,1
6246,3.253840684890747,2.9870834350585938,0,0
6247,2.8026623725891113,2.453716278076172,0,0
6248,2.4784016609191895,2.4132585525512695,1,1
6249,2.424281358718872,2.2803616523742676,0,0
6250,2.592649459838867,2.393131732940674,0,0
6251,2.345914125442505,2.344810962677002,0,0
6252,2.5785930156707764,2.3729634284973145,0,0
6253,2.5611367225646973,2.444401502609253,0,0
6254,2.534303665161133,2.413799524307251,0,0
6255,2.7699577808380127,2.7247374057769775,0,0
6256,2.8143131732940674,2.5759530067443848,0,0
6257,3.223726987838745,3.06732177734375,1,1
6258,3.0841808319091797,2.6846866607666016,1,1
6259,3.312485933303833,3.056393623352051,1,1
6260,3.145075559616089,3.166779041290283,0,0
6261,2.9554669857025146,2.728738784790039,1,1
6262,3.041736364364624,2.9303946495056152,1,1
6263,3.2160542011260986,3.001466751098633,0,0
6264,3.250969171524048,2.929624557495117,1,1
6265,3.3276402950286865,3.016833543777466,1,1
6266,3.4134323596954346,3.0379366874694824,0,0
6267,3.323362350463867,3.040297031402588,1,1
6268,3.3732199668884277,3.1241812705993652,1,1
6269,3.436837673187256,3.192535400390625,0,0
6270,3.517056465148926,3.0435128211975098,0,0
6271,2.9512276649475098,2.781648874282837,0,0
6272,3.3166961669921875,2.9367215633392334,1,1
6273,3.4643263816833496,3.0908074378967285,1,1
6274,3.466297149658203,3.0395190715789795,1,1
6275,3.166517496109009,3.0336315631866455,0,0
6276,3.488400459289551,3.231910228729248,0,0
6277,3.1947591304779053,3.040929079055786,0,0
6278,3.4131007194519043,3.142888069152832,1,1
6279,3.3066964149475098,3.0073084831237793,1,1
6280,3.255967617034912,3.044426679611206,1,1
6281,3.1423163414001465,3.062387466430664,0,0
6282,3.2721688747406006,3.1770858764648438,0,0
6283,3.7334835529327393,3.318067789077759,1,1
6284,3.2466890811920166,3.124654531478882,1,1
6285,3.055483102798462,3.025606155395508,0,0
6286,3.8599252700805664,3.585179567337036,0,0
6287,3.0258266925811768,2.938755989074707,0,0
6288,2.8545072078704834,2.6926612854003906,0,0
6289,3.349684953689575,2.9987897872924805,0,0
6290,3.2223169803619385,3.0066423416137695,0,0
6291,2.7444372177124023,2.758662700653076,0,0
6292,2.86639142036438,2.7353243827819824,0,0
6293,3.0567710399627686,2.8770902156829834,0,0
6294,3.0478477478027344,2.8867955207824707,1,1
6295,3.2423012256622314,2.9939942359924316,1,1
6296,3.3645565509796143,3.091157913208008,1,1
6297,3.1244943141937256,2.8803939819335938,0,0
6298,3.339262008666992,3.2887349128723145,0,0
6299,3.406486749649048,3.222309112548828,0,0
6300,3.087024688720703,2.8109326362609863,0,0
6301,2.938356637954712,2.8126344680786133,0,0
6302,3.296279191970825,2.9217689037323,0,0
6303,2.4394752979278564,2.2288694381713867,0,0
6304,3.509138345718384,3.153825283050537,0,0
6305,3.0447628498077393,2.8181076049804688,1,1
6306,2.999535083770752,2.768664598464966,0,0
6307,3.448364734649658,3.0614278316497803,0,0
6308,2.8294713497161865,2.7033700942993164,0,0
6309,3.1296348571777344,3.1720471382141113,0,0
6310,2.955012321472168,3.105198383331299,1,1
6311,3.280679702758789,3.1724853515625,0,0
6312,3.1149890422821045,3.096273422241211,0,0
6313,3.1821632385253906,3.066767692565918,0,0
6314,2.775958776473999,2.6667516231536865,0,0
6315,3.0627593994140625,2.9368293285369873,0,0
6316,3.7937324047088623,3.552485466003418,0,0
6317,2.6971185207366943,2.5897417068481445,0,0
6318,2.910409450531006,2.814995050430298,0,0
6319,3.299370527267456,3.1020402908325195,0,0
6320,3.54706072807312,3.2911674976348877,0,0
6321,3.76871919631958,3.393617630004883,1,1
6322,3.6498425006866455,3.3511362075805664,0,0
6323,3.6183531284332275,3.509366989135742,1,1
6324,3.0515334606170654,3.0178165435791016,0,0
6325,3.2180404663085938,3.065753936767578,1,1
6326,3.0944771766662598,2.9508848190307617,1,1
6327,3.0361809730529785,2.8668580055236816,1,1
6328,3.2386515140533447,3.1412887573242188,1,1
6329,3.5412793159484863,3.385512351989746,1,1
6330,3.3485445976257324,3.159053325653076,1,1
6331,3.209343194961548,2.994654655456543,0,0
6332,3.293336868286133,2.757589101791382,0,0
6333,3.1286780834198,2.808504581451416,0,0
6334,3.388444185256958,3.1782162189483643,1,1
6335,3.230719804763794,3.046003818511963,1,1
6336,3.0077028274536133,2.9342024326324463,0,0
6337,3.4902994632720947,3.254786491394043,1,1
6338,1.944648027420044,1.993247389793396,0,0
6339,3.1065714359283447,2.9410738945007324,1,1
6340,3.2148489952087402,2.9379453659057617,1,1
6341,3.206141233444214,2.8142447471618652,0,0
6342,2.609699249267578,2.372739791870117,0,0
6343,2.8605782985687256,2.6360507011413574,0,0
6344,3.1587982177734375,2.804154634475708,1,1
6345,3.6910665035247803,3.0849363803863525,1,1
6346,3.5250673294067383,3.214963912963867,1,1
6347,2.996366500854492,2.6731719970703125,0,0
6348,2.783643960952759,2.6993489265441895,0,0
6349,3.139069080352783,3.0561037063598633,1,1
6350,3.0979044437408447,2.9933900833129883,1,1
6351,3.128627300262451,2.730673313140869,0,0
6352,3.4416213035583496,3.053755283355713,1,1
6353,3.5982913970947266,3.0724563598632812,1,1
6354,3.2799770832061768,2.8536133766174316,1,1
6355,3.114356279373169,2.921128273010254,1,1
6356,3.5726945400238037,3.1392176151275635,0,0
6357,3.361814498901367,2.8650219440460205,1,1
6358,3.2199742794036865,2.948768377304077,0,0
6359,3.723151445388794,3.1414594650268555,1,1
6360,3.5525894165039062,3.1757473945617676,0,0
6361,3.5699851512908936,3.02494478225708,1,1
6362,3.5348598957061768,3.064499855041504,1,1
6363,3.7313730716705322,3.281271457672119,1,1
6364,3.534090757369995,3.232564926147461,0,0
6365,3.3033769130706787,3.03578519821167,0,0
6366,3.6071419715881348,3.4097695350646973,1,1
6367,3.7081284523010254,3.369337558746338,1,1
6368,3.6038146018981934,3.2411322593688965,1,1
6369,3.2972569465637207,3.186702251434326,0,0
6370,3.456421136856079,2.901154041290283,0,0
6371,3.341141939163208,3.1153178215026855,1,1
6372,3.243539571762085,3.18479585647583,0,0
6373,3.2778549194335938,3.132024049758911,1,1
6374,3.186699390411377,3.195094585418701,1,1
6375,3.2970468997955322,3.0757923126220703,1,1
6376,2.9768991470336914,2.804783344268799,1,1
6377,3.2093346118927,3.1475069522857666,1,1
6378,3.1011900901794434,3.0326929092407227,0,0
6379,3.264615297317505,3.179959774017334,1,1
6380,3.188225507736206,3.0996594429016113,1,1
6381,3.1637604236602783,2.9293136596679688,0,0
6382,2.8835911750793457,2.5850086212158203,0,0
6383,2.892974853515625,2.844237804412842,0,0
6384,3.004884958267212,2.91044282913208,1,1
6385,2.6594557762145996,2.6319937705993652,0,0
6386,3.1358742713928223,2.7751073837280273,1,1
6387,2.9998645782470703,2.7086706161499023,1,1
6388,2.562180280685425,2.4375646114349365,0,0
6389,2.9104506969451904,2.639275550842285,0,0
6390,2.8767309188842773,2.7334885597229004,1,1
6391,3.089935302734375,2.7329366207122803,1,1
6392,3.4512150287628174,3.0018534660339355,1,1
6393,2.863596200942993,2.694138526916504,1,1
6394,2.9289772510528564,2.647524118423462,0,0
6395,2.7990097999572754,2.6711525917053223,0,0
6396,3.1453652381896973,3.0147905349731445,0,0
6397,3.374269723892212,3.111147403717041,1,1
6398,3.3134758472442627,3.141664981842041,1,1
6399,3.5892398357391357,3.4728164672851562,1,1
6400,3.4265317916870117,3.3457300662994385,0,0
6401,2.992598533630371,2.9424819946289062,0,0
6402,3.5585782527923584,3.2502307891845703,0,0
6403,2.869823932647705,2.797015428543091,0,0
6404,3.2122764587402344,3.0439505577087402,0,0
6405,2.9752955436706543,2.68961763381958,0,0
6406,2.975898504257202,2.694673538208008,1,1
6407,3.0123016834259033,2.9401235580444336,1,1
6408,3.060394048690796,2.9029598236083984,0,0
6409,3.1232736110687256,2.9724833965301514,0,0
6410,3.4211881160736084,3.0443944931030273,1,1
6411,3.6675145626068115,3.3303728103637695,1,1
6412,2.984389543533325,2.8490796089172363,0,0
6413,2.95371413230896,2.7192745208740234,1,1
6414,2.903620481491089,2.801330089569092,0,0
6415,2.7378242015838623,2.431194305419922,0,0
6416,3.0493922233581543,2.763258934020996,0,0
6417,2.8732807636260986,2.5456924438476562,0,0
6418,2.54409122467041,2.4027249813079834,0,0
6419,3.0332491397857666,2.663555860519409,0,0
6420,2.9738950729370117,2.7484006881713867,1,1
6421,3.059664726257324,2.8529367446899414,1,1
6422,3.2205684185028076,2.95902156829834,1,1
6423,3.025463104248047,2.972899913787842,0,0
6424,3.313121795654297,2.964822292327881,1,1
6425,4.354080677032471,2.93601393699646,1,1
6426,2.778014898300171,2.4903790950775146,0,0
6427,3.351738929748535,3.0966453552246094,1,1
6428,3.403111457824707,2.9495270252227783,1,1
6429,3.2242236137390137,2.845005512237549,1,1
6430,3.032813787460327,2.6511282920837402,1,1
6431,3.4155921936035156,3.158405065536499,1,1
6432,3.2432618141174316,2.8089232444763184,1,1
6433,2.8225488662719727,2.732524871826172,0,0
6434,3.100106954574585,3.044203519821167,0,0
6435,3.282839775085449,3.2364249229431152,1,1
6436,3.346198558807373,3.1758999824523926,1,1
6437,3.5811519622802734,3.3608901500701904,1,1
6438,3.2652008533477783,3.130359411239624,0,0
6439,3.584799289703369,3.196530818939209,0,0
6440,3.3051605224609375,3.259902000427246,1,1
6441,3.632829427719116,3.277655601501465,0,0
6442,3.1664717197418213,2.9301037788391113,0,0
6443,3.363574504852295,3.014528751373291,1,1
6444,3.6794378757476807,3.2162318229675293,1,1
6445,3.456108808517456,3.023752450942993,1,1
6446,3.891395330429077,3.499332904815674,1,1
6447,3.5605530738830566,3.3224825859069824,1,1
6448,3.4125113487243652,3.212944507598877,1,1
6449,3.203556776046753,2.921555995941162,0,0
6450,3.461484432220459,3.18827486038208,1,1
6451,4.0101399421691895,3.1644325256347656,1,1
6452,3.5531768798828125,3.18642520904541,1,1
6453,3.926109790802002,3.4116787910461426,1,1
6454,3.6517059803009033,3.2661705017089844,0,0
6455,3.8435146808624268,3.4291131496429443,1,1
6456,3.639040231704712,3.4189133644104004,0,0
6457,3.8349156379699707,3.5231106281280518,1,1
6458,3.2550699710845947,3.211578845977783,0,0
6459,3.4338505268096924,3.201992988586426,0,0
6460,3.7396037578582764,3.4746174812316895,1,1
6461,3.4082205295562744,3.326939105987549,1,1
6462,3.7452216148376465,3.5034360885620117,1,1
6463,3.988382339477539,3.8608789443969727,1,1
6464,3.9796652793884277,3.5459535121917725,1,1
6465,3.8270835876464844,3.3850338459014893,0,0
6466,3.9106626510620117,3.549715518951416,0,0
6467,3.097174644470215,2.9404819011688232,0,0
6468,3.001375913619995,2.9482662677764893,0,0
6469,3.5388247966766357,3.289691686630249,1,1
6470,3.1963624954223633,3.1334073543548584,0,0
6471,2.9356577396392822,2.9596095085144043,0,0
6472,3.1071858406066895,3.0628774166107178,0,0
6473,2.691472053527832,2.5481646060943604,0,0
6474,3.096421241760254,2.9338152408599854,0,0
6475,3.129891872406006,2.9732677936553955,0,0
6476,3.5082709789276123,3.2250049114227295,1,1
6477,3.3263559341430664,3.129647970199585,1,1
6478,3.7734220027923584,3.6137592792510986,1,1
6479,3.6327016353607178,3.637587547302246,1,1
6480,3.313135862350464,3.258619785308838,0,0
6481,3.1017391681671143,2.892040967941284,0,0
6482,3.05613112449646,2.834021806716919,1,1
6483,2.6275908946990967,2.462125301361084,1,1
6484,3.2959508895874023,3.183608293533325,1,1
6485,3.1059141159057617,2.9061808586120605,1,1
6486,3.2917368412017822,3.2725889682769775,1,1
6487,3.406586170196533,3.1917223930358887,1,1
6488,3.6037087440490723,3.2865254878997803,1,1
6489,3.555363178253174,3.3600950241088867,1,1
6490,3.449758529663086,3.296605110168457,1,1
6491,3.432133197784424,3.1483232975006104,1,1
6492,2.7766308784484863,2.6452717781066895,0,0
6493,3.017843246459961,2.767367124557495,0,0
6494,2.731985330581665,2.6541213989257812,0,0
6495,2.2646262645721436,2.456522226333618,0,0
6496,3.172757387161255,3.016387939453125,0,0
6497,3.01826810836792,2.8169968128204346,0,0
6498,2.951833963394165,3.142043352127075,0,0
6499,2.9532198905944824,2.929793119430542,1,1
6500,3.419888734817505,3.2725069522857666,0,0
6501,3.3966124057769775,3.212662696838379,1,1
6502,3.424556255340576,3.184506416320801,1,1
6503,3.1925466060638428,3.019895076751709,1,1
6504,3.6810364723205566,3.359929084777832,1,1
6505,3.6241114139556885,3.3917064666748047,0,0
6506,3.2676827907562256,2.9175524711608887,1,1
6507,3.1470894813537598,2.76420521736145,0,0
6508,3.3773865699768066,3.1065187454223633,1,1
6509,3.4324159622192383,3.0520339012145996,1,1
6510,3.6263911724090576,3.1989049911499023,0,0
6511,3.522418975830078,3.217863082885742,0,0
6512,3.456547260284424,2.9726831912994385,0,0
6513,3.3923721313476562,2.9849791526794434,0,0
6514,3.187187433242798,2.8767056465148926,0,0
6515,3.8319568634033203,3.26942777633667,0,0
6516,3.30896258354187,3.030789613723755,1,1
6517,2.736628532409668,2.4705517292022705,0,0
6518,3.391167163848877,3.0899322032928467,1,1
6519,2.9907076358795166,2.6400303840637207,0,0
6520,2.86619234085083,2.6870501041412354,0,0
6521,2.9002301692962646,2.753593683242798,0,0
6522,3.197929859161377,3.0393123626708984,0,0
6523,3.186160087585449,2.9729437828063965,0,0
6524,3.7603087425231934,3.4930779933929443,1,1
6525,3.740811586380005,3.493018627166748,1,1
6526,3.6379406452178955,3.3452820777893066,1,1
6527,4.154480934143066,3.665364980697632,0,0
6528,3.792372226715088,3.418346643447876,0,0
6529,3.6744260787963867,3.3231360912323,1,1
6530,3.7254183292388916,3.310586929321289,1,1
6531,3.3461151123046875,3.128176689147949,0,0
6532,3.5810999870300293,3.2340610027313232,0,0
6533,3.586548089981079,3.4295408725738525,0,0
6534,3.9220261573791504,3.4249253273010254,1,1
6535,3.0787174701690674,2.9077565670013428,0,0
6536,3.4775376319885254,3.209601402282715,1,1
6537,3.2213563919067383,3.0023021697998047,0,0
6538,3.4028403759002686,3.2367324829101562,0,0
6539,3.301652431488037,3.210524559020996,1,1
6540,3.1294379234313965,2.9607226848602295,0,0
6541,3.3275561332702637,3.180190086364746,0,0
6542,3.583059310913086,3.381763219833374,0,0
6543,3.7418243885040283,3.5416126251220703,1,1
6544,3.8055431842803955,3.483546733856201,1,1
6545,3.8332297801971436,3.7101895809173584,1,1
6546,3.6939096450805664,3.6556968688964844,1,1
6547,3.5655274391174316,3.439786434173584,1,1
6548,3.0982143878936768,3.01786470413208,0,0
6549,3.26431941986084,3.001945972442627,1,1
6550,2.919483184814453,2.8843393325805664,0,0
6551,3.0094540119171143,2.8295669555664062,0,0
6552,3.247786283493042,3.0802664756774902,0,0
6553,3.4240331649780273,3.1174631118774414,1,1
6554,3.2196757793426514,2.9912519454956055,1,1
6555,3.078482151031494,2.905599594116211,0,0
6556,3.498973846435547,3.262831926345825,1,1
6557,3.57832932472229,3.330043315887451,1,1
6558,3.365090847015381,3.1681485176086426,0,0
6559,3.4010255336761475,3.1364693641662598,1,1
6560,3.3489091396331787,3.0952959060668945,0,0
6561,3.2044193744659424,2.840583324432373,0,0
6562,3.2166659832000732,2.94171142578125,1,1
6563,3.068347692489624,3.069674015045166,0,0
6564,3.278426170349121,3.195718765258789,0,0
6565,3.545499563217163,3.2874083518981934,0,0
6566,2.9939541816711426,2.9551994800567627,1,1
6567,3.6580071449279785,3.1067585945129395,1,1
6568,3.253598213195801,2.88784122467041,1,1
6569,2.9827446937561035,2.8098831176757812,0,0
6570,3.1410341262817383,2.8322882652282715,0,0
6571,3.2105841636657715,2.893404722213745,0,0
6572,3.085095167160034,2.8675754070281982,0,0
6573,3.377483606338501,3.075493812561035,1,1
6574,3.1650893688201904,2.9952940940856934,0,0
6575,3.3289997577667236,3.0166139602661133,1,1
6576,3.4609339237213135,3.209418296813965,1,1
6577,2.726546287536621,2.581087589263916,0,0
6578,3.350813627243042,3.174799680709839,0,0
6579,2.5581862926483154,2.3309473991394043,0,0
6580,3.0305588245391846,2.6219186782836914,1,1
6581,2.6877286434173584,2.417468547821045,1,1
6582,3.5959949493408203,3.3071999549865723,1,1
6583,3.5518546104431152,3.408419609069824,1,1
6584,3.612583875656128,3.4236302375793457,1,1
6585,3.050903081893921,3.0098538398742676,0,0
6586,3.447805404663086,3.1011953353881836,1,1
6587,3.553368330001831,3.287445306777954,1,1
6588,3.3949100971221924,3.2945590019226074,0,0
6589,3.1020495891571045,3.0831451416015625,0,0
6590,3.529097080230713,3.264468193054199,0,0
6591,3.725846767425537,3.3961994647979736,1,1
6592,3.8830838203430176,3.57757568359375,1,1
6593,3.53875470161438,3.4844911098480225,1,1
6594,3.4693520069122314,3.2612223625183105,1,1
6595,3.5867695808410645,3.2546892166137695,0,0
6596,3.4771530628204346,3.263554096221924,1,1
6597,3.652162790298462,3.4060182571411133,0,0
6598,3.2597317695617676,3.2266745567321777,1,1
6599,3.6095821857452393,3.1459269523620605,1,1
6600,3.6676082611083984,3.4539287090301514,1,1
6601,3.383528470993042,3.1856393814086914,1,1
6602,3.2702605724334717,3.0657167434692383,0,0
6603,3.3406498432159424,3.05234694480896,1,1
6604,3.4341213703155518,3.074300765991211,1,1
6605,3.439194440841675,3.254730701446533,1,1
6606,3.3075919151306152,3.1501998901367188,1,1
6607,3.4860684871673584,3.2562143802642822,1,1
6608,3.405762195587158,3.308807611465454,1,1
6609,3.6892893314361572,3.254495143890381,1,1
6610,3.2973222732543945,3.014240264892578,0,0
6611,3.019589424133301,2.9650464057922363,0,0
6612,3.1441774368286133,3.018580436706543,0,0
6613,3.5844597816467285,3.314138889312744,1,1
6614,3.412468671798706,3.1897027492523193,1,1
6615,3.4654738903045654,3.2285966873168945,1,1
6616,3.8370420932769775,3.4730539321899414,1,1
6617,3.2921929359436035,3.1128766536712646,0,0
6618,3.060065507888794,2.9603235721588135,0,0
6619,2.641528606414795,2.5894556045532227,1,1
6620,2.9461252689361572,2.865818500518799,0,0
6621,3.2459309101104736,3.2200193405151367,1,1
6622,3.1616251468658447,3.0650079250335693,0,0
6623,3.291759967803955,3.151503562927246,0,0
6624,2.605050802230835,2.48172664642334,0,0
6625,3.1300034523010254,2.944918155670166,1,1
6626,2.9359331130981445,2.778650999069214,0,0
6627,2.7946932315826416,2.7801103591918945,0,0
6628,3.0123677253723145,2.895852565765381,0,0
6629,3.0648624897003174,2.7490012645721436,0,0
6630,3.0073628425598145,2.7675559520721436,0,0
6631,2.8854594230651855,2.689619541168213,1,1
6632,2.9568867683410645,2.7043471336364746,1,1
6633,2.835974931716919,2.6488585472106934,1,1
6634,3.007242441177368,2.9095306396484375,0,0
6635,2.4271202087402344,2.3062734603881836,1,1
6636,3.2187345027923584,3.0992980003356934,1,1
6637,2.9557714462280273,2.68635892868042,1,1
6638,2.89216947555542,2.626260757446289,1,1
6639,2.78604793548584,2.5243937969207764,0,0
6640,2.55546236038208,2.406083106994629,1,1
6641,2.5184555053710938,2.317202568054199,0,0
6642,2.7311887741088867,2.512971878051758,1,1
6643,3.1858394145965576,3.015716552734375,1,1
6644,3.758909225463867,3.1634581089019775,1,1
6645,3.5441935062408447,3.176621675491333,0,0
6646,3.8312110900878906,3.2568955421447754,1,1
6647,3.7280166149139404,3.2584004402160645,1,1
6648,3.5176279544830322,3.2461459636688232,0,0
6649,3.350888729095459,2.9130587577819824,0,0
6650,3.499499559402466,3.082749843597412,0,0
6651,3.8193447589874268,3.33927059173584,1,1
6652,3.803896903991699,3.4116601943969727,1,1
6653,3.8207590579986572,3.244513988494873,1,1
6654,3.601172924041748,3.147404670715332,0,0
6655,3.5586042404174805,3.0914011001586914,0,0
6656,3.4732351303100586,3.0867867469787598,0,0
6657,3.3374342918395996,3.0510473251342773,0,0
6658,3.8052735328674316,3.480705738067627,1,1
6659,3.6716198921203613,3.388993263244629,1,1
6660,3.4270389080047607,3.284348964691162,1,1
6661,3.378136157989502,3.358494281768799,1,1
6662,3.305159330368042,3.3302226066589355,0,0
6663,3.3671374320983887,3.239455461502075,1,1
6664,3.2862701416015625,3.2398524284362793,0,0
6665,3.5608808994293213,3.299809455871582,0,0
6666,3.1555581092834473,2.9317188262939453,0,0
6667,3.3204145431518555,2.9687821865081787,0,0
6668,3.1733760833740234,2.900722026824951,0,0
6669,3.488558292388916,3.2557311058044434,0,0
6670,3.2089645862579346,3.121295213699341,0,0
6671,3.2951972484588623,3.302074909210205,0,0
6672,3.121683359146118,3.070185422897339,0,0
6673,3.321455478668213,3.0901718139648438,0,0
6674,3.1079328060150146,2.7681925296783447,1,1
6675,3.068556308746338,2.723656177520752,0,0
6676,3.433058261871338,3.1239733695983887,1,1
6677,3.864797592163086,3.4461727142333984,1,1
6678,2.963451623916626,2.6971824169158936,1,1
6679,2.9902379512786865,2.7420098781585693,1,1
6680,2.9020869731903076,2.874302387237549,1,1
6681,2.708434581756592,2.708369493484497,1,1
6682,2.8936216831207275,2.880112648010254,0,0
6683,3.508817195892334,3.216276168823242,0,0
6684,3.420126438140869,3.199428081512451,0,0
6685,3.552006483078003,3.2395524978637695,0,0
6686,2.7181735038757324,2.585479259490967,0,0
6687,3.5827460289001465,3.2612814903259277,0,0
6688,3.3016390800476074,3.2054669857025146,0,0
6689,2.9877192974090576,2.8020179271698,0,0
6690,2.718881607055664,2.655550479888916,0,0
6691,3.03200101852417,2.892460346221924,0,0
6692,3.1505556106567383,3.026787042617798,0,0
6693,3.1983795166015625,3.2164766788482666,0,0
6694,3.2498583793640137,3.0875611305236816,1,1
6695,3.602083921432495,3.219362735748291,1,1
6696,3.640611171722412,3.2480897903442383,0,0
6697,3.2651729583740234,3.041987895965576,0,0
6698,3.39668345451355,3.1166391372680664,0,0
6699,3.2855114936828613,2.9899353981018066,1,1
6700,3.691941261291504,3.283480167388916,1,1
6701,3.2058961391448975,2.8072173595428467,1,1
6702,3.663405179977417,3.290039539337158,0,0
6703,3.153581380844116,2.7839157581329346,0,0
6704,3.171917676925659,3.171346426010132,1,1
6705,3.88228702545166,3.5947539806365967,1,1
6706,3.2750303745269775,3.132500648498535,1,1
6707,3.442105293273926,3.22971773147583,0,0
6708,3.124443531036377,2.9554288387298584,1,1
6709,2.793776512145996,2.5789246559143066,0,0
6710,3.3681397438049316,3.1230838298797607,1,1
6711,3.6646993160247803,3.203354835510254,1,1
6712,3.0604360103607178,2.9154489040374756,1,1
6713,2.9057698249816895,2.683104991912842,0,0
6714,3.0804154872894287,2.847832202911377,1,1
6715,3.357192039489746,3.191969871520996,0,0
6716,3.24228572845459,3.1047463417053223,0,0
6717,3.101320743560791,2.855076551437378,1,1
6718,3.1180922985076904,3.0535459518432617,1,1
6719,3.4074647426605225,3.2204341888427734,1,1
6720,3.5777745246887207,3.1876964569091797,1,1
6721,3.0518715381622314,2.9576494693756104,0,0
6722,3.577439785003662,3.305837631225586,1,1
6723,3.256054401397705,3.1507747173309326,1,1
6724,3.3523850440979004,3.1089701652526855,1,1
6725,3.6527326107025146,3.5119173526763916,1,1
6726,3.7454848289489746,3.554469347000122,1,1
6727,3.275601387023926,2.953864097595215,0,0
6728,3.5865654945373535,3.446453809738159,0,0
6729,3.387791395187378,3.23594331741333,0,0
6730,3.489124059677124,3.3763980865478516,1,1
6731,3.853625535964966,3.6022472381591797,0,0
6732,3.474370002746582,3.216749668121338,0,0
6733,3.5323750972747803,3.360837936401367,1,1
6734,3.810128688812256,3.674941062927246,1,1
6735,3.338684320449829,3.077190399169922,0,0
6736,3.6057655811309814,3.471097946166992,1,1
6737,3.580418348312378,3.4048666954040527,0,0
6738,3.47170090675354,3.2324180603027344,0,0
6739,4.10751485824585,3.313654899597168,1,1
6740,3.304445743560791,3.0599474906921387,0,0
6741,3.715853214263916,3.2519683837890625,1,1
6742,3.448436975479126,3.276033401489258,0,0
6743,4.222054481506348,3.5848195552825928,0,0
6744,3.7977242469787598,3.424133539199829,0,0
6745,3.4139394760131836,3.186800479888916,1,1
6746,3.9443321228027344,3.3817224502563477,0,0
6747,3.6934385299682617,3.283445358276367,1,1
6748,3.3345799446105957,3.05007266998291,0,0
6749,3.1949565410614014,2.8977503776550293,1,1
6750,3.5861568450927734,3.215980291366577,0,0
6751,3.3961780071258545,3.176246166229248,0,0
6752,2.5066373348236084,2.4274072647094727,0,0
6753,3.626347303390503,3.352849006652832,1,1
6754,3.4071621894836426,3.279048442840576,1,1
6755,3.4030091762542725,3.1569979190826416,0,0
6756,3.2680840492248535,2.910356044769287,0,0
6757,3.3632071018218994,3.016221046447754,1,1
6758,3.4050512313842773,3.150864839553833,0,0
6759,3.1085612773895264,3.1404926776885986,0,0
6760,3.143845558166504,3.114023208618164,0,0
6761,3.4783267974853516,3.348176956176758,1,1
6762,3.4130563735961914,3.3321080207824707,1,1
6763,3.269843816757202,3.1504311561584473,1,1
6764,3.474625825881958,3.496267318725586,0,0
6765,3.8472368717193604,3.446481227874756,1,1
6766,3.8786795139312744,3.641383171081543,0,0
6767,3.7682740688323975,3.5432934761047363,1,1
6768,3.615586519241333,3.3867125511169434,0,0
6769,3.7634339332580566,3.5148138999938965,1,1
6770,3.5093860626220703,3.185590982437134,1,1
6771,3.4734091758728027,3.285801649093628,0,0
6772,3.813288450241089,3.4175283908843994,0,0
6773,3.8234870433807373,3.4708938598632812,0,0
6774,3.836353302001953,3.432767152786255,0,0
6775,3.4002299308776855,3.1836698055267334,1,1
6776,3.4615659713745117,3.2809689044952393,0,0
6777,3.788510322570801,3.3644747734069824,1,1
6778,3.6294913291931152,3.448993682861328,1,1
6779,3.110076904296875,3.0040574073791504,1,1
6780,3.37489652633667,3.1980624198913574,1,1
6781,3.0897908210754395,2.7836642265319824,1,1
6782,3.6053435802459717,3.190310001373291,0,0
6783,3.9152212142944336,3.4865498542785645,1,1
6784,3.370267152786255,3.133927345275879,0,0
6785,3.3563153743743896,3.0691628456115723,0,0
6786,2.698418378829956,2.469951629638672,0,0
6787,2.7259013652801514,2.610713481903076,0,0
6788,2.7942566871643066,2.870732307434082,0,0
6789,3.6170005798339844,3.288886785507202,0,0
6790,3.511505126953125,2.988769292831421,0,0
6791,2.7616777420043945,2.668951988220215,0,0
6792,2.656407594680786,2.457592487335205,0,0
6793,2.938401460647583,2.5248725414276123,0,0
6794,3.032799243927002,2.7654480934143066,1,1
6795,3.249518394470215,2.845325469970703,1,1
6796,2.9863815307617188,2.6903505325317383,1,1
6797,3.0133578777313232,2.855573892593384,0,0
6798,3.1960361003875732,2.7638907432556152,0,0
6799,3.040757179260254,2.6701388359069824,1,1
6800,3.1442623138427734,2.856472969055176,0,0
6801,3.1522955894470215,2.809856414794922,0,0
6802,3.0607171058654785,3.027462959289551,0,0
6803,3.3974123001098633,2.838372230529785,0,0
6804,3.3725192546844482,2.9700136184692383,1,1
6805,3.550537586212158,3.1591382026672363,1,1
6806,3.112311840057373,2.784217357635498,0,0
6807,2.86732816696167,2.714444398880005,1,1
6808,3.1073453426361084,2.8744943141937256,0,0
6809,3.2747251987457275,3.030412197113037,0,0
6810,3.1007914543151855,2.817995548248291,1,1
6811,2.70170259475708,2.4644341468811035,0,0
6812,2.8020570278167725,2.357748508453369,0,0
6813,3.6071062088012695,3.2415482997894287,1,1
6814,3.660656213760376,3.3794140815734863,0,0
6815,3.791355848312378,3.454608917236328,0,0
6816,3.535349130630493,3.2148404121398926,0,0
6817,3.4300544261932373,3.1368322372436523,1,1
6818,3.9139153957366943,3.587930917739868,1,1
6819,3.6528303623199463,3.363020896911621,1,1
6820,3.530561923980713,3.314814329147339,0,0
6821,2.7800371646881104,2.836459159851074,0,0
6822,2.5414788722991943,2.5515494346618652,0,0
6823,3.1452877521514893,2.962772846221924,0,0
6824,3.4744985103607178,3.2031610012054443,1,1
6825,3.885371208190918,3.417060136795044,1,1
6826,3.286510467529297,3.0741329193115234,1,1
6827,2.9888765811920166,2.8408427238464355,0,0
6828,2.7911124229431152,2.8309662342071533,0,0
6829,3.6689419746398926,3.3716015815734863,1,1
6830,3.4620704650878906,3.5344066619873047,1,1
6831,3.436591386795044,3.3795828819274902,1,1
6832,3.090226650238037,3.0743606090545654,0,0
6833,3.3870532512664795,3.207690954208374,0,0
6834,2.649662733078003,2.4762930870056152,0,0
6835,2.9804418087005615,2.9100589752197266,1,1
6836,3.113877058029175,2.922671318054199,1,1
6837,2.9926528930664062,2.849069118499756,0,0
6838,3.0412206649780273,2.9538211822509766,0,0
6839,3.378368377685547,3.2433199882507324,1,1
6840,3.2144861221313477,3.4640603065490723,0,0
6841,3.393043041229248,3.381392478942871,0,0
6842,3.291898488998413,3.004261016845703,1,1
6843,3.355461597442627,3.110905408859253,1,1
6844,3.4427926540374756,3.0853121280670166,0,0
6845,3.1381311416625977,2.858452320098877,0,0
6846,3.554661512374878,3.2425408363342285,0,0
6847,3.202690362930298,2.8538713455200195,1,1
6848,3.3890371322631836,2.893662452697754,0,0
6849,3.588761806488037,3.263009786605835,0,0
6850,3.4074718952178955,3.1055026054382324,0,0
6851,4.032594203948975,3.3387598991394043,1,1
6852,3.302919387817383,3.066321849822998,1,1
6853,3.3323843479156494,3.0255982875823975,0,0
6854,3.4499125480651855,3.0251083374023438,1,1
6855,3.6753482818603516,3.3249573707580566,0,0
6856,3.2306718826293945,2.9340014457702637,0,0
6857,3.264406681060791,3.0813608169555664,0,0
6858,3.021510124206543,3.067805528640747,0,0
6859,3.6238880157470703,3.5069727897644043,1,1
6860,3.2189834117889404,3.230555772781372,0,0
6861,3.1786632537841797,3.0599589347839355,0,0
6862,3.5080418586730957,3.3986215591430664,1,1
6863,3.3163084983825684,3.265688419342041,0,0
6864,3.293152332305908,3.3197593688964844,0,0
6865,3.807842969894409,3.4252867698669434,0,0
6866,3.400092601776123,3.067441940307617,0,0
6867,3.135279655456543,3.1179511547088623,0,0
6868,2.827796459197998,2.738959789276123,0,0
6869,3.2412946224212646,3.11598539352417,0,0
6870,3.0487735271453857,2.9517903327941895,0,0
6871,2.882666826248169,3.088228702545166,1,1
6872,3.342209815979004,3.26151442527771,0,0
6873,3.1725211143493652,3.221479892730713,0,0
6874,3.2690446376800537,3.1411924362182617,0,0
6875,3.4714958667755127,3.270202875137329,1,1
6876,3.120955228805542,2.975322723388672,0,0
6877,2.9926388263702393,2.869210720062256,0,0
6878,3.522578001022339,3.3101911544799805,0,0
6879,3.653151512145996,3.451479434967041,0,0
6880,3.383920907974243,3.150123119354248,0,0
6881,2.6978914737701416,2.784634590148926,0,0
6882,3.2226829528808594,3.172060012817383,0,0
6883,3.4777684211730957,3.369525909423828,1,1
6884,3.241602659225464,3.2257492542266846,0,0
6885,3.93912672996521,3.75294828414917,1,1
6886,3.052605628967285,3.0221993923187256,1,1
6887,3.3941726684570312,3.091980457305908,1,1
6888,3.035461902618408,2.945429801940918,0,0
6889,3.472595691680908,3.337474822998047,0,0
6890,3.369473695755005,3.5023539066314697,1,1
6891,3.532086133956909,3.337378740310669,0,0
6892,3.1048057079315186,3.0110559463500977,0,0
6893,3.1991772651672363,3.076720714569092,0,0
6894,3.4970450401306152,3.2989611625671387,0,0
6895,3.170210361480713,3.0372323989868164,0,0
6896,2.606889486312866,2.673471450805664,0,0
6897,2.8003103733062744,2.706271171569824,1,1
6898,3.4217803478240967,3.1524720191955566,0,0
6899,2.818574905395508,2.5953640937805176,0,0
6900,3.033468008041382,2.925184726715088,0,0
6901,3.0322275161743164,2.9978461265563965,0,0
6902,2.977524518966675,2.9018707275390625,0,0
6903,2.8899919986724854,2.689159393310547,0,0
6904,3.360834836959839,3.1461904048919678,1,1
6905,3.3662655353546143,3.2771573066711426,1,1
6906,3.491870880126953,3.27001953125,1,1
6907,3.3820602893829346,3.125039577484131,1,1
6908,3.100863456726074,2.97585391998291,1,1
6909,3.3038454055786133,3.0446419715881348,0,0
6910,3.2381820678710938,2.9429516792297363,0,0
6911,2.8645808696746826,2.6918935775756836,1,1
6912,2.79878568649292,2.6767330169677734,0,0
6913,2.8719217777252197,2.6896307468414307,1,1
6914,2.8539669513702393,2.678434133529663,0,0
6915,2.4247899055480957,2.2993955612182617,0,0
6916,2.5102829933166504,2.3950419425964355,1,1
6917,2.743302583694458,2.6995906829833984,0,0
6918,3.006640911102295,2.8375625610351562,1,1
6919,3.0407724380493164,2.767421007156372,0,0
6920,3.0849616527557373,2.8366928100585938,0,0
6921,3.2749459743499756,2.8216381072998047,1,1
6922,3.507636070251465,3.314271926879883,1,1
6923,3.214895725250244,3.004807949066162,0,0
6924,3.44278621673584,2.946178674697876,1,1
6925,3.7254536151885986,3.4499783515930176,1,1
6926,3.5636017322540283,3.1883859634399414,0,0
6927,3.262598752975464,3.143683433532715,0,0
6928,3.0935583114624023,2.899087429046631,0,0
6929,3.422729969024658,3.3299551010131836,0,0
6930,3.3158071041107178,3.046661615371704,1,1
6931,3.34380841255188,3.0875720977783203,0,0
6932,3.27693510055542,3.123809814453125,0,0
6933,3.728590250015259,3.4513707160949707,1,1
6934,3.6014950275421143,3.113333225250244,1,1
6935,2.770031452178955,2.635654926300049,1,1
6936,2.7375102043151855,2.5448083877563477,0,0
6937,2.9256954193115234,2.7041120529174805,1,1
6938,2.9501757621765137,2.8421974182128906,1,1
6939,3.049431800842285,2.8696746826171875,1,1
6940,2.906041383743286,2.802065849304199,0,0
6941,3.493107318878174,3.217141628265381,0,0
6942,3.6537673473358154,3.184520721435547,0,0
6943,3.4227280616760254,3.0858492851257324,0,0
6944,3.729311943054199,3.3557262420654297,1,1
6945,3.553298234939575,3.2850537300109863,0,0
6946,3.2397608757019043,2.944638252258301,1,1
6947,3.6652472019195557,3.223606586456299,1,1
6948,3.399322271347046,3.0893239974975586,0,0
6949,3.124023199081421,3.0972049236297607,0,0
6950,3.4453463554382324,3.0989463329315186,0,0
6951,3.4039268493652344,3.1055567264556885,0,0
6952,3.324160575866699,3.0288243293762207,0,0
6953,3.2290539741516113,3.0942604541778564,1,1
6954,3.3599746227264404,2.9285192489624023,0,0
6955,3.469304323196411,3.132197856903076,1,1
6956,3.2877070903778076,3.160123348236084,1,1
6957,3.5976247787475586,3.3835580348968506,1,1
6958,2.62357497215271,2.412745475769043,0,0
6959,2.4967575073242188,2.596710681915283,0,0
6960,2.89916729927063,2.9288511276245117,1,1
6961,2.789889097213745,2.743781566619873,0,0
6962,2.9927353858947754,2.7340798377990723,1,1
6963,2.759249687194824,2.6653714179992676,0,0
6964,3.6524460315704346,3.124237060546875,1,1
6965,3.1923506259918213,3.075895309448242,0,0
6966,3.309032440185547,2.938413143157959,1,1
6967,3.3325459957122803,3.087832450866699,0,0
6968,3.422419309616089,3.151543617248535,1,1
6969,3.9016003608703613,3.3503189086914062,1,1
6970,2.6208550930023193,2.3987464904785156,1,1
6971,3.1579222679138184,3.0432984828948975,1,1
6972,3.344449758529663,2.986225128173828,1,1
6973,3.6438021659851074,2.9737701416015625,1,1
6974,3.792314291000366,3.2231674194335938,1,1
6975,3.61687970161438,3.2799134254455566,1,1
6976,3.581228256225586,3.304457187652588,1,1
6977,3.3426120281219482,3.1148080825805664,0,0
6978,3.2939553260803223,3.0948805809020996,1,1
6979,3.4244205951690674,3.3342485427856445,1,1
6980,3.237105131149292,3.2348732948303223,1,1
6981,3.232959508895874,3.1077210903167725,0,0
6982,3.531080961227417,3.383052349090576,1,1
6983,3.6339054107666016,3.3676631450653076,1,1
6984,3.4928393363952637,3.386078357696533,1,1
6985,3.604581117630005,3.376009464263916,1,1
6986,3.6021180152893066,3.44240140914917,1,1
6987,3.1673781871795654,3.0961992740631104,0,0
6988,2.818490982055664,2.9243035316467285,0,0
6989,3.071502208709717,2.9302690029144287,0,0
6990,3.6098830699920654,3.267517328262329,1,1
6991,3.4039113521575928,3.2024407386779785,1,1
6992,2.990882635116577,3.053781509399414,0,0
6993,3.6427035331726074,3.5574827194213867,0,0
6994,3.3843183517456055,3.3475430011749268,1,1
6995,3.5580363273620605,3.44923996925354,1,1
6996,3.5354442596435547,3.429934024810791,1,1
6997,3.5695204734802246,3.4179630279541016,1,1
6998,3.7772815227508545,3.580209732055664,1,1
6999,2.988788366317749,2.7526111602783203,1,1
7000,3.47359299659729,3.254734992980957,1,1
7001,3.554633140563965,3.331617832183838,1,1
7002,3.2290725708007812,3.0973587036132812,0,0
7003,2.934903860092163,2.631197690963745,1,1
7004,3.3675496578216553,3.213261365890503,1,1
7005,3.4594876766204834,3.319167137145996,1,1
7006,3.3619766235351562,3.220876455307007,0,0
7007,3.5712363719940186,3.400697946548462,1,1
7008,3.5642685890197754,3.230825901031494,1,1
7009,3.193678617477417,3.046583890914917,0,0
7010,3.3535056114196777,3.1870694160461426,1,1
7011,2.968160629272461,2.9458751678466797,0,0
7012,3.1229424476623535,3.0353055000305176,1,1
7013,3.275343656539917,3.150944709777832,1,1
7014,3.3198559284210205,3.1808972358703613,1,1
7015,3.0384767055511475,2.7670540809631348,1,1
7016,3.0646214485168457,2.875112295150757,1,1
7017,3.033081293106079,2.8872463703155518,0,0
7018,3.1858911514282227,2.9680886268615723,0,0
7019,3.0322320461273193,2.8685359954833984,1,1
7020,3.221407175064087,2.9192347526550293,0,0
7021,3.098005771636963,2.8737740516662598,0,0
7022,3.367260456085205,3.0742011070251465,1,1
7023,3.1829373836517334,3.0801782608032227,1,1
7024,3.1553380489349365,2.9026403427124023,1,1
7025,2.97017765045166,2.8211288452148438,0,0
7026,3.2203562259674072,3.086817741394043,1,1
7027,3.7203335762023926,3.2412774562835693,1,1
7028,3.6885857582092285,3.3138890266418457,1,1
7029,3.359253406524658,3.1389617919921875,0,0
7030,3.1566922664642334,3.016716718673706,1,1
7031,3.3463246822357178,3.0604538917541504,1,1
7032,3.202040195465088,3.0167481899261475,0,0
7033,3.3199708461761475,3.095641851425171,1,1
7034,3.3329455852508545,3.209745407104492,1,1
7035,3.3780033588409424,3.277574062347412,1,1
7036,3.5104527473449707,3.3148603439331055,1,1
7037,3.228452444076538,3.1651642322540283,1,1
7038,3.2520902156829834,3.2354347705841064,1,1
7039,3.4414916038513184,3.1628289222717285,1,1
7040,3.220102071762085,3.1208996772766113,1,1
7041,3.110213041305542,3.0343852043151855,1,1
7042,3.3044610023498535,3.274264335632324,0,0
7043,3.60095477104187,3.332676887512207,1,1
7044,3.137662410736084,2.947845935821533,0,0
7045,2.8045029640197754,2.7763280868530273,1,1
7046,2.8187096118927,2.7679309844970703,1,1
7047,3.8823580741882324,3.4281911849975586,1,1
7048,3.5444653034210205,2.7365963459014893,1,1
7049,3.1510424613952637,2.9515504837036133,1,1
7050,3.677886962890625,3.3420984745025635,1,1
7051,3.339418649673462,3.0673348903656006,1,1
7052,3.354478597640991,3.149786949157715,1,1
7053,3.5875446796417236,3.207235813140869,0,0
7054,3.4008569717407227,3.023122549057007,1,1
7055,2.810615062713623,2.7562475204467773,1,1
7056,2.9150118827819824,2.739935874938965,1,1
7057,3.0336008071899414,2.9134681224823,1,1
7058,3.2271883487701416,3.1054296493530273,1,1
7059,2.907881259918213,2.756558418273926,1,1
7060,3.0113556385040283,3.0048673152923584,0,0
7061,3.104111671447754,3.1185898780822754,1,1
7062,2.8841187953948975,2.946683645248413,1,1
7063,2.896540880203247,2.8316421508789062,1,1
7064,2.9828832149505615,2.933582305908203,1,1
7065,2.582267999649048,2.4127745628356934,0,0
7066,3.5521929264068604,3.1442153453826904,1,1
7067,2.9486899375915527,2.695456027984619,0,0
7068,3.1897544860839844,3.120060443878174,0,0
7069,3.2467525005340576,2.9194486141204834,0,0
7070,3.1009669303894043,2.8064987659454346,1,1
7071,3.1623823642730713,2.690502643585205,0,0
7072,3.328240394592285,2.849240303039551,1,1
7073,2.9137215614318848,2.658419132232666,1,1
7074,2.7531659603118896,2.5264668464660645,1,1
7075,3.2126803398132324,2.888640880584717,1,1
7076,3.4353127479553223,3.175595760345459,1,1
7077,2.885610342025757,2.7422900199890137,1,1
7078,2.5909006595611572,2.4466800689697266,1,1
7079,3.0050318241119385,2.6746621131896973,1,1
7080,2.872704029083252,2.76617431640625,1,1
7081,3.0518109798431396,2.8720409870147705,1,1
7082,3.176966667175293,2.8139166831970215,0,0
7083,2.8638405799865723,2.8433568477630615,0,0
7084,2.741133689880371,2.579866409301758,1,1
7085,3.0330305099487305,2.9641201496124268,1,1
7086,3.100806951522827,2.769655704498291,1,1
7087,2.977163553237915,2.8640503883361816,0,0
7088,2.842639446258545,2.7604570388793945,1,1
7089,3.1258511543273926,2.7269296646118164,1,1
7090,2.955214738845825,2.741875171661377,0,0
7091,3.039310932159424,2.7735583782196045,0,0
7092,3.1427066326141357,2.770115375518799,1,1
7093,2.977076768875122,2.721357822418213,0,0
7094,3.1252148151397705,2.7184104919433594,0,0
7095,2.949164390563965,2.6912827491760254,1,1
7096,3.0286221504211426,2.73443865776062,1,1
7097,3.279590606689453,2.911067008972168,1,1
7098,3.0029659271240234,2.8041257858276367,0,0
7099,3.212329864501953,2.988013505935669,1,1
7100,3.138756275177002,2.850893497467041,0,0
7101,3.387000560760498,3.057717800140381,0,0
7102,3.6414554119110107,3.31330943107605,0,0
7103,4.256892204284668,3.674325466156006,1,1
7104,3.8733625411987305,3.302353858947754,1,1
7105,3.88931941986084,3.2963054180145264,0,0
7106,3.7000436782836914,3.440126419067383,0,0
7107,3.320758581161499,2.863302707672119,1,1
7108,3.1751372814178467,2.905902862548828,1,1
7109,3.5557174682617188,3.2132728099823,1,1
7110,3.7226929664611816,3.205444574356079,1,1
7111,3.1772139072418213,3.0826022624969482,1,1
7112,3.360990047454834,3.085899829864502,1,1
7113,3.3698527812957764,3.1136584281921387,1,1
7114,3.0608456134796143,2.9668848514556885,0,0
7115,2.99434232711792,2.777832508087158,0,0
7116,3.0173165798187256,2.861278772354126,0,0
7117,3.5663745403289795,3.3423428535461426,1,1
7118,3.440598249435425,3.044227123260498,1,1
7119,3.0672624111175537,2.9982705116271973,1,1
7120,2.9558136463165283,2.79665470123291,0,0
7121,3.227064847946167,3.0617690086364746,0,0
7122,3.2111799716949463,2.866650104522705,0,0
7123,3.34039568901062,2.9437308311462402,1,1
7124,3.3039023876190186,3.0125346183776855,0,0
7125,3.187234401702881,2.8633792400360107,1,1
7126,3.2150731086730957,2.9454360008239746,1,1
7127,3.2718095779418945,3.1271982192993164,1,1
7128,3.4878592491149902,3.2664871215820312,1,1
7129,3.3432440757751465,3.2642335891723633,0,0
7130,3.6034295558929443,3.2522122859954834,1,1
7131,3.5006909370422363,3.2100605964660645,0,0
7132,3.7542576789855957,3.398336410522461,1,1
7133,3.4689080715179443,3.1358418464660645,0,0
7134,3.5825958251953125,3.3390679359436035,1,1
7135,3.761824607849121,3.4386448860168457,1,1
7136,3.921037197113037,3.43070387840271,1,1
7137,3.742579221725464,3.2688493728637695,0,0
7138,2.948164224624634,2.773193120956421,1,1
7139,3.391939878463745,3.1081488132476807,1,1
7140,3.417360305786133,3.031977653503418,1,1
7141,3.5350985527038574,3.102323055267334,1,1
7142,3.4415602684020996,3.1220197677612305,1,1
7143,3.2798852920532227,3.0388779640197754,0,0
7144,3.195937156677246,2.955422878265381,1,1
7145,2.8465607166290283,2.7116987705230713,1,1
7146,2.9320316314697266,2.7794077396392822,1,1
7147,3.15590500831604,2.769033670425415,1,1
7148,2.955003261566162,2.9754645824432373,0,0
7149,3.6661758422851562,3.32175612449646,0,0
7150,3.5884945392608643,3.333939790725708,1,1
7151,3.2295470237731934,2.923530101776123,0,0
7152,3.6530816555023193,3.2057442665100098,1,1
7153,3.475507974624634,3.1460447311401367,1,1
7154,3.1255576610565186,2.9841928482055664,1,1
7155,3.37273907661438,3.1510798931121826,0,0
7156,3.40144944190979,3.123724937438965,0,0
7157,3.420175075531006,3.160707473754883,0,0
7158,3.187286853790283,3.039006471633911,1,1
7159,3.1612648963928223,2.8852782249450684,0,0
7160,2.995009183883667,2.8674240112304688,0,0
7161,2.992539405822754,2.728646755218506,1,1
7162,3.456556797027588,3.202786684036255,1,1
7163,3.448519229888916,3.1199357509613037,0,0
7164,3.52077054977417,3.2111735343933105,0,0
7165,3.254851818084717,3.0687661170959473,1,1
7166,3.7290730476379395,3.2933645248413086,1,1
7167,3.507373332977295,2.9790730476379395,0,0
7168,3.4367337226867676,3.1225409507751465,0,0
7169,3.377556324005127,2.9770865440368652,0,0
7170,3.4675710201263428,3.035724401473999,0,0
7171,3.2426295280456543,3.118393898010254,0,0
7172,3.3634378910064697,3.212470531463623,0,0
7173,2.9445536136627197,2.934551477432251,0,0
7174,3.241055727005005,3.259018898010254,0,0
7175,3.513669967651367,3.3413279056549072,1,1
7176,3.7606053352355957,3.5850019454956055,0,0
7177,3.5588018894195557,3.2726504802703857,0,0
7178,3.2920210361480713,2.9776387214660645,1,1
7179,2.951911449432373,2.743546962738037,0,0
7180,2.819309711456299,2.8105039596557617,0,0
7181,2.795715808868408,2.6952719688415527,1,1
7182,3.551790475845337,2.9786553382873535,1,1
7183,2.801701545715332,2.701794147491455,0,0
7184,3.564511775970459,3.3365554809570312,0,0
7185,2.69282865524292,2.572319507598877,0,0
7186,3.5337207317352295,3.1798386573791504,0,0
7187,3.858950614929199,3.1102137565612793,1,1
7188,3.748943328857422,3.4471755027770996,1,1
7189,3.8323569297790527,3.5273587703704834,1,1
7190,3.4184465408325195,3.285400390625,0,0
7191,3.578841209411621,3.3682641983032227,0,0
7192,3.9236068725585938,3.7350711822509766,0,0
7193,3.9366655349731445,3.4043755531311035,0,0
7194,3.518828868865967,3.096947193145752,0,0
7195,3.5528087615966797,3.349313735961914,0,0
7196,3.5186572074890137,3.413175582885742,1,1
7197,4.002015590667725,3.5625522136688232,1,1
7198,3.76359224319458,3.435291290283203,1,1
7199,3.191650390625,2.9868056774139404,0,0
7200,3.3625130653381348,3.111799716949463,0,0
7201,2.6822640895843506,2.6559865474700928,0,0
7202,3.3093414306640625,3.1806957721710205,0,0
7203,3.5716464519500732,3.2247955799102783,1,1
7204,3.327030897140503,3.0405023097991943,0,0
7205,2.942228078842163,2.9436163902282715,0,0
7206,3.6324806213378906,3.3817906379699707,1,1
7207,3.7296173572540283,3.5184004306793213,0,0
7208,3.371675729751587,3.268113136291504,0,0
7209,3.7842764854431152,3.3707516193389893,1,1
7210,3.994086265563965,3.5994043350219727,1,1
7211,3.9790754318237305,3.7850587368011475,0,0
7212,3.8417282104492188,3.680562973022461,1,1
7213,3.9659149646759033,3.7491283416748047,1,1
7214,3.531491279602051,3.557842493057251,0,0
7215,4.188794136047363,3.9381089210510254,0,0
7216,3.5992965698242188,3.4465420246124268,0,0
7217,3.763753652572632,3.6038293838500977,0,0
7218,4.269285202026367,3.918527126312256,0,0
7219,3.653681993484497,3.4230825901031494,1,1
7220,3.4087071418762207,3.3318898677825928,0,0
7221,3.350260019302368,3.344447135925293,0,0
7222,3.924656629562378,3.657294750213623,0,0
7223,3.663300037384033,3.544999122619629,0,0
7224,3.419083833694458,3.4364943504333496,0,0
7225,3.1051836013793945,3.2597975730895996,0,0
7226,3.1499626636505127,3.2802577018737793,0,0
7227,3.4970359802246094,3.4329493045806885,0,0
7228,3.5282177925109863,3.3636178970336914,0,0
7229,3.5945019721984863,3.372420072555542,0,0
7230,3.786076068878174,3.620941162109375,0,0
7231,3.720308542251587,3.5288500785827637,0,0
7232,3.6848974227905273,3.5586283206939697,0,0
7233,3.969453811645508,3.6180319786071777,0,0
7234,3.8748574256896973,3.678248405456543,0,0
7235,3.2624406814575195,3.250779390335083,0,0
7236,3.778470516204834,3.454200506210327,0,0
7237,3.7525360584259033,3.5693531036376953,1,1
7238,3.6794724464416504,3.4256038665771484,0,0
7239,3.505279302597046,3.3115081787109375,0,0
7240,3.1645827293395996,3.061404228210449,0,0
7241,3.152439832687378,3.1177725791931152,1,1
7242,3.641798973083496,3.4329452514648438,1,1
7243,3.761321544647217,3.4512972831726074,1,1
7244,3.463179349899292,3.4008657932281494,0,0
7245,3.6905879974365234,3.2908523082733154,0,0
7246,3.672196626663208,3.505448341369629,1,1
7247,3.527517557144165,3.4351565837860107,1,1
7248,3.446882963180542,3.390223741531372,1,1
7249,3.235630989074707,3.171050786972046,1,1
7250,3.3760600090026855,3.168402671813965,0,0
7251,3.2384274005889893,3.115973472595215,0,0
7252,2.9368131160736084,2.982309341430664,1,1
7253,3.555910587310791,3.5170578956604004,1,1
7254,3.188105583190918,3.3646790981292725,1,1
7255,3.685209035873413,3.6616344451904297,0,0
7256,3.626101493835449,3.5403099060058594,1,1
7257,3.5748143196105957,3.3805081844329834,0,0
7258,3.7323708534240723,3.633965492248535,1,1
7259,3.2527053356170654,3.0083060264587402,0,0
7260,3.442920207977295,3.271916627883911,1,1
7261,3.526019811630249,3.2401225566864014,0,0
7262,3.2381975650787354,3.085963726043701,0,0
7263,3.571424722671509,3.3058066368103027,1,1
7264,3.4099106788635254,3.426954507827759,1,1
7265,2.938291311264038,3.037789821624756,0,0
7266,3.281494140625,3.3296170234680176,0,0
7267,3.4261088371276855,3.2076451778411865,1,1
7268,3.4600560665130615,3.4320077896118164,1,1
7269,3.1629998683929443,3.183072566986084,0,0
7270,3.4279918670654297,3.2643017768859863,0,0
7271,3.234022855758667,3.065786600112915,0,0
7272,3.1685009002685547,3.3000683784484863,0,0
7273,3.126335620880127,3.19758939743042,1,1
7274,3.493155002593994,3.311887264251709,1,1
7275,3.4091310501098633,3.3407719135284424,0,0
7276,3.296121835708618,3.120514154434204,0,0
7277,3.1488308906555176,3.0521202087402344,0,0
7278,3.4851300716400146,3.3271350860595703,0,0
7279,3.125931978225708,3.0486741065979004,0,0
7280,3.036503791809082,2.9297404289245605,0,0
7281,3.1338839530944824,2.9478695392608643,0,0
7282,3.300053358078003,2.878678560256958,0,0
7283,3.324575185775757,3.159900665283203,1,1
7284,3.610769748687744,3.181535243988037,0,0
7285,3.044062614440918,2.802931070327759,0,0
7286,3.4145944118499756,3.1016879081726074,0,0
7287,3.733154296875,3.358883857727051,0,0
7288,2.993530511856079,2.7384514808654785,0,0
7289,3.0598676204681396,2.843059539794922,1,1
7290,2.9999969005584717,2.90679931640625,1,1
7291,3.2458035945892334,2.9986071586608887,1,1
7292,3.522756814956665,3.1400625705718994,1,1
7293,3.381706953048706,3.0181777477264404,0,0
7294,3.4757683277130127,3.2543511390686035,0,0
7295,3.429111957550049,3.064821720123291,0,0
7296,3.4501447677612305,3.0943970680236816,1,1
7297,3.7324283123016357,3.5068678855895996,1,1
7298,3.567826747894287,3.243964195251465,0,0
7299,3.527083158493042,3.0746092796325684,0,0
7300,3.622260093688965,3.2565813064575195,1,1
7301,3.0334267616271973,2.867224931716919,0,0
7302,3.3693923950195312,3.0770342350006104,0,0
7303,3.264059543609619,2.887387275695801,1,1
7304,3.2311573028564453,2.916973114013672,0,0
7305,2.8908069133758545,2.8244800567626953,0,0
7306,3.412140369415283,3.2590150833129883,1,1
7307,3.047853946685791,2.9194133281707764,0,0
7308,3.192795753479004,2.994964122772217,1,1
7309,3.314549684524536,3.1814165115356445,1,1
7310,3.444561719894409,3.2652077674865723,1,1
7311,3.134243965148926,3.051546096801758,0,0
7312,3.069711685180664,2.699517250061035,0,0
7313,3.1463963985443115,2.9372458457946777,0,0
7314,3.559026002883911,3.209413528442383,0,0
7315,3.658226251602173,3.1468753814697266,0,0
7316,3.366562843322754,3.0830628871917725,0,0
7317,3.0736873149871826,2.8076393604278564,1,1
7318,3.3620529174804688,2.9510207176208496,1,1
7319,3.273660659790039,2.8993935585021973,1,1
7320,3.4970953464508057,3.0792675018310547,1,1
7321,3.0958316326141357,2.818795919418335,1,1
7322,3.3698959350585938,3.035583019256592,0,0
7323,3.4804537296295166,3.1922621726989746,0,0
7324,3.3946027755737305,3.126570224761963,1,1
7325,3.6200878620147705,3.2292847633361816,1,1
7326,2.960320234298706,2.69164776802063,1,1
7327,3.270871162414551,3.0768067836761475,1,1
7328,3.0452492237091064,2.7766878604888916,1,1
7329,3.1091060638427734,2.86683988571167,1,1
7330,3.3081865310668945,2.932584524154663,1,1
7331,3.2497081756591797,3.0106282234191895,1,1
7332,3.18943190574646,2.8655853271484375,1,1
7333,2.8057022094726562,2.813148021697998,0,0
7334,3.3731861114501953,3.058042526245117,0,0
7335,2.654423713684082,2.528024911880493,0,0
7336,3.0640106201171875,2.8191254138946533,0,0
7337,2.8821377754211426,2.861886978149414,0,0
7338,3.194453477859497,2.93544602394104,1,1
7339,3.1967852115631104,2.892063617706299,1,1
7340,3.053988456726074,2.905763626098633,0,0
7341,3.0256383419036865,2.8123555183410645,1,1
7342,3.371980667114258,2.8689918518066406,1,1
7343,3.813957929611206,3.3369383811950684,1,1
7344,3.3356502056121826,3.073550224304199,1,1
7345,3.7215945720672607,3.3067374229431152,1,1
7346,3.3689112663269043,3.0740058422088623,0,0
7347,3.6218597888946533,3.1468164920806885,1,1
7348,3.562807559967041,3.057878017425537,0,0
7349,3.776015043258667,3.2045493125915527,1,1
7350,3.738412857055664,3.2896952629089355,0,0
7351,3.4795777797698975,3.1319732666015625,0,0
7352,2.836759328842163,2.7629809379577637,0,0
7353,3.1853253841400146,3.044185161590576,0,0
7354,2.8285512924194336,2.7284181118011475,0,0
7355,3.2286875247955322,3.140207290649414,0,0
7356,3.0358753204345703,2.9600911140441895,0,0
7357,3.08490252494812,2.9424004554748535,0,0
7358,3.69478702545166,3.4559996128082275,1,1
7359,3.6208667755126953,3.2961981296539307,1,1
7360,3.5787100791931152,3.4739456176757812,1,1
7361,3.7569806575775146,3.425079584121704,1,1
7362,3.460207462310791,3.279947280883789,0,0
7363,3.77242374420166,3.47432804107666,1,1
7364,3.538773775100708,3.415820837020874,1,1
7365,3.313300848007202,3.04927396774292,0,0
7366,2.8856606483459473,2.8506593704223633,1,1
7367,2.9768190383911133,2.852708101272583,0,0
7368,3.0530307292938232,2.955936908721924,1,1
7369,3.1907565593719482,2.944003105163574,1,1
7370,2.527576446533203,2.085923194885254,1,1
7371,2.558051347732544,2.35836124420166,1,1
7372,2.820777177810669,2.7872796058654785,0,0
7373,3.4241178035736084,3.27705717086792,1,1
7374,3.3844141960144043,3.2377240657806396,1,1
7375,3.1549289226531982,3.2037525177001953,1,1
7376,3.071558952331543,3.156191349029541,1,1
7377,3.101496934890747,3.0226593017578125,1,1
7378,3.1312100887298584,3.065018653869629,0,0
7379,3.3935601711273193,3.1181845664978027,1,1
7380,3.3887202739715576,2.946561336517334,0,0
7381,3.602914333343506,3.1611697673797607,1,1
7382,3.0917413234710693,2.999307155609131,1,1
7383,3.3873627185821533,3.0437674522399902,1,1
7384,3.7605597972869873,3.400426149368286,1,1
7385,3.148505926132202,2.9552130699157715,1,1
7386,3.63288950920105,3.409132480621338,0,0
7387,3.2758564949035645,3.150463104248047,1,1
7388,3.038800001144409,2.793534755706787,1,1
7389,3.1244869232177734,2.8045921325683594,1,1
7390,3.164703607559204,2.904930591583252,1,1
7391,2.9369301795959473,2.741231918334961,1,1
7392,3.3558218479156494,2.8492841720581055,1,1
7393,3.322190284729004,2.9665112495422363,1,1
7394,3.1350762844085693,2.888556480407715,1,1
7395,3.2291433811187744,2.9237639904022217,0,0
7396,3.3399860858917236,2.98598575592041,0,0
7397,3.5718953609466553,3.1341161727905273,0,0
7398,3.7457590103149414,3.260901927947998,1,1
7399,3.596963405609131,3.1700761318206787,1,1
7400,3.398974657058716,2.9615511894226074,0,0
7401,3.402683973312378,2.9220776557922363,1,1
7402,3.291539430618286,2.9461474418640137,1,1
7403,3.334214925765991,3.1034317016601562,1,1
7404,3.5714659690856934,3.230459690093994,1,1
7405,3.131786584854126,3.0949227809906006,1,1
7406,3.236273765563965,3.060382127761841,1,1
7407,3.116384744644165,2.9403886795043945,0,0
7408,3.4768753051757812,3.199242115020752,0,0
7409,3.5996763706207275,3.2278990745544434,0,0
7410,3.6071536540985107,3.2955031394958496,1,1
7411,3.590695858001709,3.104487657546997,1,1
7412,3.371511697769165,3.0792813301086426,0,0
7413,3.479905366897583,3.2892463207244873,0,0
7414,3.2019636631011963,2.8995704650878906,0,0
7415,3.123659133911133,2.892219066619873,1,1
7416,3.2800443172454834,2.9753828048706055,1,1
7417,3.178546190261841,2.891200542449951,1,1
7418,2.918036937713623,2.882511615753174,0,0
7419,3.439140558242798,3.333549976348877,1,1
7420,3.4420599937438965,3.4663777351379395,1,1
7421,2.5317513942718506,2.491682291030884,0,0
7422,2.792773962020874,2.782463550567627,0,0
7423,3.1074047088623047,2.835834503173828,0,0
7424,3.2418923377990723,2.932570695877075,1,1
7425,3.280404806137085,2.787865400314331,0,0
7426,3.277675151824951,2.959503650665283,1,1
7427,3.766467571258545,3.196274757385254,1,1
7428,3.5313076972961426,3.2785441875457764,0,0
7429,3.1634044647216797,2.9994492530822754,0,0
7430,3.160407543182373,2.922358512878418,0,0
7431,3.191868305206299,2.9905319213867188,0,0
7432,2.821655511856079,2.6227331161499023,0,0
7433,2.8952903747558594,2.654527187347412,0,0
7434,3.091474771499634,2.8287734985351562,0,0
7435,2.891961097717285,2.62192964553833,0,0
7436,2.988243579864502,2.778856039047241,1,1
7437,2.2086620330810547,2.314452648162842,0,0
7438,3.024752378463745,2.746694564819336,0,0
7439,3.2309303283691406,2.997187614440918,0,0
7440,3.377185106277466,3.1154870986938477,1,1
7441,3.085906982421875,3.0737171173095703,0,0
7442,3.092094898223877,2.9218478202819824,0,0
7443,2.9744133949279785,2.7153127193450928,0,0
7444,3.419360399246216,3.1584701538085938,1,1
7445,3.433349132537842,3.2062954902648926,1,1
7446,3.2843573093414307,2.972405433654785,1,1
7447,3.2693636417388916,3.1277191638946533,1,1
7448,2.873156785964966,2.7522473335266113,0,0
7449,3.2125256061553955,2.880519390106201,0,0
7450,3.1425745487213135,2.8337745666503906,1,1
7451,3.3209428787231445,2.9680304527282715,1,1
7452,3.348314046859741,3.0763094425201416,0,0
7453,3.4273974895477295,2.988346815109253,0,0
7454,3.583090305328369,2.9053874015808105,1,1
7455,3.4860665798187256,3.0729613304138184,1,1
7456,3.5759475231170654,3.1438241004943848,1,1
7457,3.315779447555542,2.9406771659851074,0,0
7458,3.014162540435791,2.917043924331665,0,0
7459,3.0014455318450928,2.6413862705230713,1,1
7460,3.4741663932800293,3.1747241020202637,0,0
7461,2.598198652267456,2.255103588104248,0,0
7462,3.5392496585845947,3.2085838317871094,1,1
7463,3.5072367191314697,3.05419921875,1,1
7464,3.4468369483947754,3.2621679306030273,1,1
7465,3.6837215423583984,3.299173355102539,0,0
7466,3.456554889678955,3.017308235168457,0,0
7467,2.989238739013672,2.8739545345306396,0,0
7468,3.394026279449463,3.2714691162109375,1,1
7469,3.569631576538086,3.1669769287109375,0,0
7470,4.107330799102783,3.759153366088867,0,0
7471,3.446322202682495,3.2620866298675537,0,0
7472,3.6455392837524414,3.1252450942993164,1,1
7473,3.2581303119659424,2.968343496322632,0,0
7474,2.7194716930389404,2.59450626373291,0,0
7475,3.4005961418151855,3.1902241706848145,0,0
7476,3.524747371673584,3.286370277404785,0,0
7477,3.1937766075134277,3.120680332183838,0,0
7478,3.67382550239563,3.2488040924072266,0,0
7479,3.444248914718628,3.1189699172973633,0,0
7480,3.2268478870391846,2.9787437915802,1,1
7481,3.2222793102264404,3.0718045234680176,1,1
7482,3.3200204372406006,2.956721305847168,1,1
7483,3.187886953353882,2.804541826248169,1,1
7484,3.1422901153564453,2.86843204498291,0,0
7485,3.0151424407958984,2.691162109375,0,0
7486,3.1108596324920654,2.841096878051758,1,1
7487,2.9862241744995117,2.7931957244873047,0,0
7488,3.034266710281372,2.845125675201416,0,0
7489,3.5166516304016113,3.3022193908691406,1,1
7490,3.338663101196289,3.2816567420959473,0,0
7491,3.587087631225586,3.5590221881866455,0,0
7492,3.9077517986297607,3.481978416442871,1,1
7493,3.4868052005767822,3.2249250411987305,0,0
7494,3.647988796234131,3.4815142154693604,1,1
7495,3.5926690101623535,3.5407676696777344,1,1
7496,3.4370362758636475,3.2566168308258057,0,0
7497,3.426722288131714,3.2848215103149414,0,0
7498,3.4065096378326416,3.391418695449829,0,0
7499,3.649876356124878,3.471316337585449,1,1
7500,3.5426764488220215,3.302593946456909,0,0
7501,3.6067609786987305,3.425257682800293,1,1
7502,3.4996066093444824,3.2595484256744385,1,1
7503,3.4517910480499268,3.4694271087646484,0,0
7504,3.247488498687744,3.2687463760375977,0,0
7505,2.7949018478393555,2.9354705810546875,0,0
7506,2.941995143890381,2.9273853302001953,0,0
7507,2.7940120697021484,2.717677116394043,0,0
7508,2.8877084255218506,2.8732948303222656,0,0
7509,3.1080405712127686,2.935546398162842,1,1
7510,3.1369271278381348,3.0238447189331055,1,1
7511,3.2134900093078613,3.104288339614868,1,1
7512,3.4725143909454346,3.261014938354492,1,1
7513,3.398730754852295,3.167318344116211,1,1
7514,3.817728042602539,3.3840432167053223,1,1
7515,3.929069995880127,3.43015193939209,1,1
7516,3.627514362335205,3.4555251598358154,1,1
7517,3.033472776412964,2.882984161376953,0,0
7518,3.2414073944091797,3.0465662479400635,1,1
7519,3.1049985885620117,2.9400596618652344,1,1
7520,3.4150006771087646,3.0635170936584473,1,1
7521,3.6981027126312256,3.279996395111084,0,0
7522,3.377207040786743,3.2607903480529785,1,1
7523,3.273761749267578,3.0763096809387207,0,0
7524,3.5381011962890625,3.335881233215332,1,1
7525,3.3449795246124268,3.243584394454956,0,0
7526,3.423407554626465,3.199357032775879,1,1
7527,3.631412982940674,3.5160059928894043,1,1
7528,3.3415751457214355,3.093691349029541,0,0
7529,3.315591335296631,3.201585292816162,0,0
7530,3.509760618209839,3.2814273834228516,0,0
7531,3.203061819076538,3.0075788497924805,0,0
7532,3.525998592376709,3.180358409881592,1,1
7533,3.7646210193634033,3.484473943710327,1,1
7534,3.6637470722198486,3.4462857246398926,1,1
7535,3.7449734210968018,3.489595890045166,1,1
7536,3.312386989593506,3.274603843688965,1,1
7537,3.5182790756225586,3.0290579795837402,1,1
7538,3.0917630195617676,2.9836044311523438,1,1
7539,3.6849238872528076,3.457653522491455,1,1
7540,3.7016422748565674,3.4520435333251953,1,1
7541,2.879204511642456,2.8008038997650146,0,0
7542,3.4570889472961426,3.273832082748413,1,1
7543,3.059196949005127,3.1198008060455322,1,1
7544,3.134876012802124,3.0691885948181152,0,0
7545,3.2770886421203613,3.2008352279663086,0,0
7546,3.2212250232696533,3.1939964294433594,0,0
7547,3.1826562881469727,2.9840898513793945,0,0
7548,3.5387988090515137,3.214663505554199,1,1
7549,3.1540722846984863,3.063399314880371,0,0
7550,2.794797420501709,2.8225350379943848,1,1
7551,3.280144453048706,3.156432628631592,1,1
7552,3.502389430999756,3.2646708488464355,1,1
7553,3.1822197437286377,3.228670835494995,0,0
7554,3.400050163269043,3.288771152496338,1,1
7555,3.5688369274139404,3.394753932952881,1,1
7556,3.3349692821502686,3.1812212467193604,0,0
7557,3.475241184234619,3.2522950172424316,1,1
7558,3.289891481399536,3.186762809753418,1,1
7559,3.4461138248443604,3.13303279876709,1,1
7560,3.411118268966675,3.208864212036133,1,1
7561,3.4173481464385986,3.186136245727539,0,0
7562,3.218520402908325,3.0846190452575684,1,1
7563,3.404461622238159,2.923975944519043,0,0
7564,3.3262741565704346,2.9469075202941895,1,1
7565,3.4355461597442627,2.8645777702331543,1,1
7566,3.2766783237457275,3.158437967300415,0,0
7567,3.4660820960998535,2.9225215911865234,0,0
7568,3.456120491027832,3.0205445289611816,1,1
7569,3.2017602920532227,2.8208675384521484,1,1
7570,3.0313079357147217,2.750981569290161,0,0
7571,3.1886937618255615,2.976839780807495,1,1
7572,3.1869702339172363,3.0391969680786133,1,1
7573,3.282336950302124,2.87009596824646,1,1
7574,3.461883306503296,3.2005672454833984,1,1
7575,3.247025966644287,2.990957260131836,1,1
7576,3.370187520980835,3.0455241203308105,0,0
7577,3.2912955284118652,2.9985744953155518,0,0
7578,3.4677278995513916,3.1905009746551514,1,1
7579,2.9658830165863037,2.8201160430908203,0,0
7580,2.7666115760803223,2.6430821418762207,1,1
7581,3.105252981185913,2.776395320892334,1,1
7582,2.96567440032959,2.837735414505005,0,0
7583,3.2527854442596436,3.131343364715576,0,0
7584,2.9927597045898438,2.8313751220703125,1,1
7585,2.674539804458618,2.5485033988952637,1,1
7586,3.0014359951019287,2.6201748847961426,1,1
7587,3.155517816543579,2.810004711151123,1,1
7588,3.0433428287506104,2.8636040687561035,1,1
7589,2.934891939163208,2.84735369682312,1,1
7590,3.321382522583008,2.867764949798584,1,1
7591,3.3059499263763428,3.0706019401550293,1,1
7592,3.3824827671051025,3.1384096145629883,0,0
7593,3.4612174034118652,3.367375373840332,1,1
7594,3.283426284790039,3.2281653881073,0,0
7595,3.475222587585449,3.261503219604492,0,0
7596,3.6776647567749023,3.3560969829559326,0,0
7597,3.2805538177490234,3.2469091415405273,1,1
7598,3.6785888671875,3.5799543857574463,1,1
7599,3.472707509994507,3.3898282051086426,0,0
7600,3.5331928730010986,3.2308883666992188,0,0
7601,3.5722057819366455,3.383866310119629,0,0
7602,3.5604817867279053,3.347120523452759,1,1
7603,3.58414626121521,3.374600648880005,1,1
7604,3.4913346767425537,3.357360363006592,1,1
7605,3.3940248489379883,3.218890905380249,1,1
7606,3.226304769515991,3.0564608573913574,0,0
7607,3.3944461345672607,3.370147228240967,1,1
7608,3.5340850353240967,3.2675302028656006,1,1
7609,3.252765655517578,2.914353370666504,0,0
7610,3.4465324878692627,3.3163585662841797,1,1
7611,3.644676685333252,3.2756495475769043,1,1
7612,3.7393200397491455,3.277027130126953,1,1
7613,3.609304666519165,3.318208932876587,0,0
7614,3.588028907775879,3.2529773712158203,0,0
7615,3.322073459625244,2.9960954189300537,1,1
7616,2.895504951477051,2.6718640327453613,1,1
7617,2.6340999603271484,2.6018333435058594,0,0
7618,3.1666479110717773,2.8376364707946777,1,1
7619,3.4345173835754395,3.050161361694336,1,1
7620,3.1757493019104004,2.936117649078369,1,1
7621,3.1781694889068604,2.9531033039093018,0,0
7622,3.1220617294311523,2.796588897705078,0,0
7623,3.251837968826294,2.9214987754821777,0,0
7624,3.5065054893493652,3.209174633026123,0,0
7625,3.245605707168579,3.0020692348480225,0,0
7626,3.309333324432373,3.1778039932250977,0,0
7627,3.246539831161499,2.8574819564819336,0,0
7628,3.0382142066955566,2.82397723197937,0,0
7629,3.0713517665863037,2.9368858337402344,1,1
7630,3.0867016315460205,2.8510799407958984,0,0
7631,3.270737648010254,2.8777260780334473,0,0
7632,3.317267894744873,3.0084948539733887,1,1
7633,3.6060903072357178,3.1936099529266357,1,1
7634,3.4020214080810547,3.036785125732422,0,0
7635,3.0732312202453613,2.9713690280914307,1,1
7636,2.887842893600464,2.9123735427856445,0,0
7637,3.316951036453247,3.1978111267089844,0,0
7638,3.5602946281433105,3.2181904315948486,1,1
7639,2.8558552265167236,2.9013891220092773,0,0
7640,3.259052276611328,3.0180087089538574,0,0
7641,3.429382085800171,3.0915722846984863,0,0
7642,3.64540696144104,3.4735984802246094,0,0
7643,3.7000722885131836,3.343860149383545,1,1
7644,3.5346875190734863,3.2643492221832275,1,1
7645,3.566869020462036,3.3558452129364014,0,0
7646,3.9134361743927,3.550173282623291,1,1
7647,2.8602733612060547,2.8967037200927734,0,0
7648,2.8177740573883057,2.673208713531494,0,0
7649,3.061103105545044,2.8968968391418457,0,0
7650,2.9791903495788574,2.9390783309936523,0,0
7651,2.679988384246826,2.6611528396606445,0,0
7652,2.995547294616699,2.7439329624176025,0,0
7653,3.47127103805542,3.125861167907715,1,1
7654,3.4299070835113525,3.011118173599243,1,1
7655,3.392486333847046,3.0387959480285645,0,0
7656,2.854743719100952,2.612964630126953,0,0
7657,3.118697166442871,2.832392930984497,1,1
7658,3.2730326652526855,2.8842363357543945,1,1
7659,3.5234053134918213,3.163278579711914,1,1
7660,3.337754964828491,3.0397238731384277,1,1
7661,3.2029361724853516,2.937462568283081,1,1
7662,3.470656156539917,2.919989824295044,1,1
7663,3.3365683555603027,2.8187944889068604,0,0
7664,3.545173406600952,3.146632194519043,1,1
7665,3.482078790664673,3.0662484169006348,1,1
7666,3.2620410919189453,3.2148213386535645,0,0
7667,3.3561596870422363,3.0748648643493652,1,1
7668,3.4834980964660645,3.154491901397705,1,1
7669,3.629011869430542,3.266789436340332,1,1
7670,3.281668186187744,3.0982773303985596,0,0
7671,3.666276454925537,3.1664600372314453,1,1
7672,3.6145737171173096,3.0608227252960205,1,1
7673,3.1172332763671875,3.031519889831543,1,1
7674,3.555516481399536,3.2430801391601562,1,1
7675,3.1136622428894043,2.9429421424865723,1,1
7676,3.1397995948791504,2.9467666149139404,1,1
7677,3.428096294403076,3.2889585494995117,0,0
7678,2.925961971282959,3.013885021209717,0,0
7679,3.386706590652466,3.164872646331787,0,0
7680,3.5801210403442383,3.3576207160949707,0,0
7681,3.5438754558563232,3.3634629249572754,0,0
7682,3.431894302368164,3.287416458129883,0,0
7683,3.1760854721069336,3.0214169025421143,1,1
7684,3.467400312423706,3.3634562492370605,1,1
7685,3.4031713008880615,3.153872013092041,0,0
7686,3.179793119430542,3.1702756881713867,0,0
7687,3.2810328006744385,3.373462200164795,0,0
7688,3.0711429119110107,3.1080875396728516,0,0
7689,3.569493293762207,3.5413143634796143,1,1
7690,3.432050943374634,3.4026551246643066,0,0
7691,3.8108725547790527,3.6830403804779053,0,0
7692,3.690110445022583,3.572577953338623,0,0
7693,3.685917615890503,3.413905620574951,1,1
7694,3.8047709465026855,3.596402645111084,0,0
7695,2.763580083847046,2.9834022521972656,0,0
7696,3.186530113220215,3.147291660308838,0,0
7697,3.3745367527008057,3.304961919784546,0,0
7698,3.1788673400878906,3.149393081665039,0,0
7699,3.3359663486480713,3.245270252227783,1,1
7700,3.117994785308838,3.124234199523926,1,1
7701,3.040285348892212,3.0145349502563477,0,0
7702,2.730247974395752,2.8923182487487793,1,1
7703,2.8813092708587646,2.852710485458374,1,1
7704,3.6166365146636963,3.5272583961486816,1,1
7705,3.1685421466827393,3.2871360778808594,1,1
7706,3.4401934146881104,3.222008228302002,1,1
7707,3.010923385620117,2.926264762878418,0,0
7708,3.489363193511963,3.299014091491699,1,1
7709,3.4054617881774902,3.0574769973754883,1,1
7710,3.6022090911865234,3.4225025177001953,0,0
7711,3.537292003631592,3.273430824279785,1,1
7712,3.3320021629333496,3.092557191848755,0,0
7713,3.3505496978759766,3.1581149101257324,0,0
7714,3.1863110065460205,3.1212735176086426,0,0
7715,3.4119224548339844,3.3595681190490723,0,0
7716,3.342163562774658,3.2737479209899902,0,0
7717,2.8796892166137695,2.896510362625122,0,0
7718,3.236994981765747,3.331416606903076,0,0
7719,3.7620370388031006,3.4679598808288574,1,1
7720,3.1335794925689697,3.0681099891662598,0,0
7721,3.557988405227661,3.3064377307891846,1,1
7722,3.1820688247680664,3.255246162414551,1,1
7723,3.092276096343994,3.0190672874450684,0,0
7724,3.5796127319335938,3.2991795539855957,0,0
7725,3.409806251525879,3.068251132965088,1,1
7726,3.474271535873413,3.121182680130005,1,1
7727,3.2973222732543945,3.0177059173583984,0,0
7728,3.582402467727661,3.1701841354370117,0,0
7729,3.4726741313934326,3.1685094833374023,1,1
7730,3.301927328109741,2.9101614952087402,0,0
7731,2.9560587406158447,2.4248456954956055,1,1
7732,3.16770076751709,2.917191982269287,0,0
7733,3.4875354766845703,3.2431540489196777,1,1
7734,3.5133090019226074,3.229067325592041,1,1
7735,3.862434148788452,3.33774471282959,1,1
7736,3.513651132583618,3.2234244346618652,0,0
7737,3.2067670822143555,2.777733087539673,0,0
7738,3.242356538772583,2.9403183460235596,0,0
7739,3.5329084396362305,3.22937273979187,0,0
7740,3.5348830223083496,3.20597767829895,0,0
7741,3.4104526042938232,3.0119216442108154,1,1
7742,3.239203929901123,2.8732681274414062,1,1
7743,3.469684600830078,3.1321792602539062,1,1
7744,2.911649227142334,2.750988483428955,0,0
7745,3.080331563949585,2.8364405632019043,0,0
7746,3.184610366821289,2.9819908142089844,0,0
7747,2.880735158920288,2.867933988571167,0,0
7748,3.1163558959960938,3.031430244445801,0,0
7749,3.2309391498565674,3.0754806995391846,1,1
7750,3.1655147075653076,3.046647071838379,0,0
7751,3.176100015640259,3.2979204654693604,1,1
7752,3.252450704574585,3.0668721199035645,1,1
7753,3.23419451713562,2.9545392990112305,0,0
7754,3.2558069229125977,2.980666160583496,0,0
7755,3.058589458465576,2.9978723526000977,0,0
7756,2.802326202392578,2.7968521118164062,0,0
7757,3.0955419540405273,2.9543633460998535,0,0
7758,3.0884106159210205,2.90828537940979,1,1
7759,3.3214476108551025,2.8555221557617188,0,0
7760,2.5443332195281982,2.593801736831665,0,0
7761,3.0080010890960693,2.8147048950195312,0,0
7762,3.099506139755249,2.8701233863830566,0,0
7763,3.0600035190582275,2.7529571056365967,1,1
7764,3.2658722400665283,2.8567371368408203,1,1
7765,3.2453415393829346,3.0005340576171875,0,0
7766,3.174161434173584,3.018977403640747,0,0
7767,3.093193292617798,2.94325590133667,0,0
7768,2.910454511642456,2.7076971530914307,0,0
7769,3.4183433055877686,3.000967502593994,1,1
7770,3.1454122066497803,3.1219844818115234,1,1
7771,3.1124401092529297,2.8689723014831543,1,1
7772,3.495253324508667,3.0611307621002197,0,0
7773,2.9527552127838135,2.9156413078308105,0,0
7774,3.1236162185668945,3.228504180908203,0,0
7775,3.054755449295044,3.0654995441436768,0,0
7776,3.0561861991882324,2.8936920166015625,1,1
7777,3.414965867996216,3.243183135986328,0,0
7778,2.8939428329467773,2.796621322631836,0,0
7779,2.838463544845581,2.8028650283813477,0,0
7780,3.080408811569214,3.0219218730926514,0,0
7781,3.4143083095550537,3.069577693939209,0,0
7782,3.186178207397461,2.7695136070251465,1,1
7783,2.9429268836975098,2.666877269744873,0,0
7784,3.1741421222686768,2.800276279449463,1,1
7785,3.2753889560699463,2.910332679748535,1,1
7786,3.360321521759033,3.0794339179992676,1,1
7787,2.741457939147949,2.6980390548706055,0,0
7788,3.199925422668457,3.0762500762939453,1,1
7789,3.2172019481658936,3.0728418827056885,1,1
7790,3.128474712371826,3.0535659790039062,0,0
7791,2.9429781436920166,2.8528380393981934,1,1
7792,2.9504554271698,2.8413095474243164,0,0
7793,3.220456838607788,3.129343032836914,1,1
7794,3.171816110610962,2.988373279571533,1,1
7795,3.334402084350586,3.360792636871338,1,1
7796,3.3689472675323486,3.2387194633483887,0,0
7797,3.103536367416382,3.0748350620269775,0,0
7798,3.688349723815918,3.3477399349212646,1,1
7799,3.3550937175750732,3.1238315105438232,1,1
7800,3.3365206718444824,3.25262451171875,0,0
7801,3.532058000564575,3.3821747303009033,1,1
7802,3.357593536376953,3.2793643474578857,0,0
7803,3.6097664833068848,3.4357051849365234,0,0
7804,3.446561574935913,3.419332265853882,0,0
7805,3.097820997238159,2.663830280303955,1,1
7806,3.415459632873535,3.304300546646118,0,0
7807,3.168818235397339,3.093888282775879,0,0
7808,3.202563762664795,3.1293375492095947,0,0
7809,3.062462568283081,3.1926677227020264,0,0
7810,2.813250780105591,2.8501861095428467,0,0
7811,3.159485101699829,3.196166515350342,0,0
7812,3.2127411365509033,3.0817456245422363,0,0
7813,3.5539815425872803,3.2329816818237305,1,1
7814,3.6301381587982178,3.2868690490722656,1,1
7815,4.009408950805664,3.390947103500366,1,1
7816,3.8941612243652344,3.627004384994507,0,0
7817,3.091411828994751,3.116389751434326,0,0
7818,3.4497334957122803,3.3207297325134277,0,0
7819,3.857541084289551,3.6689181327819824,1,1
7820,3.798811674118042,3.5792150497436523,0,0
7821,3.6248059272766113,3.6058311462402344,1,1
7822,3.4111461639404297,3.265664577484131,1,1
7823,3.6415369510650635,3.493762493133545,0,0
7824,3.8043053150177,3.5880680084228516,0,0
7825,3.272303819656372,3.261005401611328,0,0
7826,3.593496084213257,3.384492874145508,0,0
7827,3.603630304336548,3.3025078773498535,0,0
7828,3.342580795288086,3.1388425827026367,1,1
7829,3.1946322917938232,3.0138206481933594,1,1
7830,3.03488826751709,2.9395315647125244,1,1
7831,2.8851919174194336,2.8654208183288574,1,1
7832,3.230715751647949,2.9694693088531494,1,1
7833,3.1606428623199463,2.9334137439727783,1,1
7834,3.225466728210449,3.019286632537842,1,1
7835,2.9512503147125244,2.7629177570343018,0,0
7836,3.3882107734680176,2.9686319828033447,1,1
7837,3.026451349258423,3.0338151454925537,0,0
7838,2.7154414653778076,2.7478084564208984,0,0
7839,2.573435068130493,2.633983612060547,0,0
7840,3.209796190261841,2.9234707355499268,0,0
7841,3.101015329360962,3.002743721008301,1,1
7842,3.447817802429199,3.245382308959961,1,1
7843,3.2517032623291016,3.114872455596924,1,1
7844,3.075805902481079,2.904738187789917,0,0
7845,3.328965425491333,2.826486110687256,1,1
7846,3.262467384338379,3.0868942737579346,0,0
7847,3.4082489013671875,3.186763048171997,1,1
7848,3.2867088317871094,3.0703487396240234,1,1
7849,3.2707276344299316,2.8273658752441406,1,1
7850,3.601411819458008,3.137302875518799,1,1
7851,3.566795587539673,3.2385714054107666,1,1
7852,3.3933377265930176,3.189941644668579,1,1
7853,3.477174758911133,3.27396821975708,1,1
7854,3.9967122077941895,3.4744997024536133,1,1
7855,3.2892510890960693,3.203505277633667,0,0
7856,3.5761702060699463,3.3692150115966797,1,1
7857,3.439894437789917,3.2909836769104004,0,0
7858,3.338129758834839,3.1685986518859863,0,0
7859,3.6344950199127197,3.340294122695923,1,1
7860,3.537564277648926,3.2644412517547607,0,0
7861,2.986724853515625,2.9321908950805664,0,0
7862,3.1992123126983643,3.128537178039551,0,0
7863,3.3035740852355957,3.0295560359954834,1,1
7864,3.654331922531128,3.2936954498291016,1,1
7865,3.3839683532714844,3.1806836128234863,1,1
7866,3.2183289527893066,3.107481002807617,0,0
7867,3.610816478729248,3.4687294960021973,0,0
7868,3.2984182834625244,3.1524314880371094,0,0
7869,3.168919801712036,2.8627419471740723,1,1
7870,3.562528133392334,3.2017369270324707,1,1
7871,2.972687005996704,2.801382064819336,0,0
7872,3.5605099201202393,3.2571496963500977,0,0
7873,3.7316439151763916,3.260103702545166,1,1
7874,3.4172239303588867,3.171203374862671,0,0
7875,3.1580135822296143,2.98817777633667,0,0
7876,3.0458486080169678,3.053098201751709,0,0
7877,3.4216604232788086,3.3323700428009033,0,0
7878,3.656930446624756,3.3396787643432617,1,1
7879,2.9447028636932373,2.813056707382202,0,0
7880,3.165593385696411,3.034398078918457,1,1
7881,3.55434513092041,3.302859306335449,1,1
7882,3.5663363933563232,3.3557682037353516,1,1
7883,3.4960927963256836,3.2345030307769775,1,1
7884,3.7615108489990234,3.28523588180542,0,0
7885,3.085498571395874,2.973076343536377,1,1
7886,2.816288948059082,2.727464437484741,1,1
7887,3.1259639263153076,2.8052828311920166,1,1
7888,2.916367292404175,2.6743853092193604,1,1
7889,2.7974345684051514,2.6075429916381836,1,1
7890,2.807338237762451,2.537977457046509,1,1
7891,2.9162333011627197,2.7054929733276367,1,1
7892,2.9161839485168457,2.5535926818847656,1,1
7893,2.755929946899414,2.556919574737549,0,0
7894,2.715573787689209,2.5115456581115723,0,0
7895,2.8194806575775146,2.5492875576019287,0,0
7896,3.0003764629364014,2.6830227375030518,1,1
7897,2.954930067062378,2.798668384552002,1,1
7898,3.513406991958618,3.088222026824951,1,1
7899,3.2892863750457764,3.1983561515808105,1,1
7900,2.9646387100219727,2.8783373832702637,0,0
7901,3.737001657485962,3.4812989234924316,0,0
7902,3.5672521591186523,3.2788901329040527,0,0
7903,3.850691080093384,3.613046646118164,1,1
7904,3.908365249633789,3.633753776550293,0,0
7905,3.8045814037323,3.565659523010254,0,0
7906,3.749864101409912,3.622643232345581,1,1
7907,3.655517101287842,3.402416706085205,0,0
7908,3.6482317447662354,3.5366899967193604,1,1
7909,3.750272750854492,3.500791311264038,0,0
7910,3.4359166622161865,3.324939727783203,0,0
7911,3.2170016765594482,3.0847084522247314,1,1
7912,3.46883225440979,3.25892972946167,1,1
7913,3.4511258602142334,3.249699592590332,1,1
7914,3.710719347000122,3.484062671661377,1,1
7915,3.690931797027588,3.4282896518707275,1,1
7916,3.483877182006836,3.240124225616455,1,1
7917,3.9027934074401855,3.304931640625,1,1
7918,3.7652745246887207,3.3380565643310547,1,1
7919,3.5050735473632812,3.083535671234131,0,0
7920,3.3819799423217773,3.070666790008545,1,1
7921,3.529677391052246,3.208542823791504,0,0
7922,3.908893585205078,3.4356985092163086,1,1
7923,4.082492828369141,3.4340310096740723,1,1
7924,3.29194974899292,2.643900156021118,0,0
7925,3.0803277492523193,2.7944321632385254,1,1
7926,3.1945888996124268,2.9124374389648438,1,1
7927,3.235243320465088,3.151546001434326,1,1
7928,3.27626371383667,3.094111919403076,1,1
7929,3.1021599769592285,2.9211745262145996,0,0
7930,3.8147010803222656,3.352616548538208,1,1
7931,3.6466221809387207,3.171205997467041,1,1
7932,3.0226643085479736,2.8106303215026855,1,1
7933,3.2822837829589844,3.190258502960205,0,0
7934,2.5680363178253174,2.535952091217041,0,0
7935,2.8088736534118652,2.67513370513916,1,1
7936,2.988865852355957,2.9700376987457275,0,0
7937,3.074171304702759,2.8842597007751465,0,0
7938,3.006649971008301,2.775696039199829,1,1
7939,3.2828562259674072,3.0104119777679443,0,0
7940,3.5164010524749756,3.2149810791015625,1,1
7941,3.464632272720337,3.2225589752197266,1,1
7942,3.607154130935669,3.4140563011169434,0,0
7943,3.4774274826049805,3.1447885036468506,0,0
7944,3.5143260955810547,3.1391990184783936,0,0
7945,3.178534984588623,2.9792675971984863,1,1
7946,3.7008609771728516,3.1978211402893066,1,1
7947,3.590486764907837,3.167989730834961,1,1
7948,2.9576804637908936,3.0679173469543457,0,0
7949,3.585566282272339,3.196004867553711,1,1
7950,3.4486262798309326,3.1868772506713867,1,1
7951,3.2761335372924805,3.2791779041290283,1,1
7952,3.246929883956909,3.135647773742676,0,0
7953,3.4406518936157227,3.332432508468628,1,1
7954,3.3283205032348633,3.1485230922698975,1,1
7955,3.3949999809265137,3.1815309524536133,1,1
7956,3.137826919555664,3.2153072357177734,0,0
7957,3.1982970237731934,3.1596429347991943,0,0
7958,3.186455011367798,3.1951193809509277,0,0
7959,3.157066583633423,3.157297134399414,0,0
7960,2.967900276184082,2.916332244873047,1,1
7961,3.2584598064422607,3.213226795196533,0,0
7962,3.3758645057678223,3.142404556274414,0,0
7963,3.110240936279297,3.1334455013275146,1,1
7964,3.0761024951934814,2.995311737060547,0,0
7965,3.292567253112793,3.1331706047058105,1,1
7966,3.322345495223999,3.3210697174072266,1,1
7967,3.2722327709198,3.156680107116699,0,0
7968,3.511523485183716,3.3518452644348145,0,0
7969,3.2497119903564453,3.0337307453155518,0,0
7970,3.071950674057007,2.871567726135254,0,0
7971,3.102924108505249,3.0416197776794434,0,0
7972,3.472698450088501,3.2201757431030273,1,1
7973,3.3555006980895996,3.3317553997039795,0,0
7974,3.4325954914093018,3.36681866645813,0,0
7975,3.67779803276062,3.451320171356201,1,1
7976,3.343437910079956,3.3037025928497314,1,1
7977,3.3896634578704834,3.376081943511963,1,1
7978,3.457266092300415,3.2533249855041504,0,0
7979,3.4517717361450195,3.3083486557006836,0,0
7980,3.103740930557251,3.101501941680908,0,0
7981,3.5285422801971436,3.304861068725586,1,1
7982,3.2290549278259277,3.1572868824005127,0,0
7983,2.9981439113616943,2.902031421661377,0,0
7984,3.4176857471466064,3.32106351852417,0,0
7985,3.0283565521240234,3.0293402671813965,0,0
7986,2.958343982696533,3.1542696952819824,0,0
7987,3.7188665866851807,3.5002031326293945,0,0
7988,3.240865468978882,3.1190309524536133,0,0
7989,3.0264322757720947,2.873535633087158,0,0
7990,3.237612247467041,3.119602680206299,0,0
7991,3.3049755096435547,3.1540350914001465,1,1
7992,3.2096593379974365,2.8793094158172607,1,1
7993,3.464236259460449,3.213059425354004,1,1
7994,3.2007405757904053,3.035447597503662,1,1
7995,3.202847719192505,3.1738014221191406,0,0
7996,3.2905361652374268,2.9656243324279785,1,1
7997,3.3475732803344727,2.9781689643859863,0,0
7998,3.730313301086426,3.4094793796539307,1,1
7999,3.3452818393707275,3.06986927986145,0,0
8000,3.5411484241485596,3.248786211013794,0,0
8001,3.417884111404419,3.296868085861206,1,1
8002,3.2437143325805664,3.1781606674194336,0,0
8003,3.5963187217712402,3.1288859844207764,1,1
8004,3.3844447135925293,3.159414768218994,1,1
8005,3.277240037918091,3.1805880069732666,0,0
8006,3.506986618041992,3.159114360809326,1,1
8007,3.3529462814331055,3.0352301597595215,0,0
8008,3.461496114730835,3.0299758911132812,1,1
8009,3.563983678817749,3.246279001235962,1,1
8010,3.4170079231262207,3.124699115753174,1,1
8011,3.225188732147217,3.074378252029419,0,0
8012,3.3212082386016846,3.129453182220459,0,0
8013,3.3775947093963623,3.302706003189087,0,0
8014,3.1847522258758545,3.132291316986084,0,0
8015,3.267045736312866,3.1773595809936523,1,1
8016,3.30376935005188,3.2716715335845947,1,1
8017,3.7078516483306885,3.5018386840820312,1,1
8018,3.3872785568237305,3.1402909755706787,0,0
8019,3.1949057579040527,3.117830753326416,0,0
8020,3.8473217487335205,3.6072869300842285,0,0
8021,3.345897912979126,3.1828372478485107,0,0
8022,3.8232004642486572,3.4465880393981934,0,0
8023,2.7007532119750977,2.852088689804077,0,0
8024,3.013399362564087,3.0666344165802,1,1
8025,3.214322566986084,3.118504047393799,1,1
8026,3.3567872047424316,3.1218812465667725,0,0
8027,3.4715774059295654,3.429302453994751,0,0
8028,3.411167621612549,3.3651304244995117,1,1
8029,3.500694751739502,3.3082473278045654,1,1
8030,3.0156736373901367,2.9829115867614746,0,0
8031,3.095813512802124,3.030510425567627,0,0
8032,3.599147319793701,3.2167978286743164,0,0
8033,3.3384127616882324,3.1115646362304688,0,0
8034,3.38667368888855,3.259723663330078,0,0
8035,3.291107654571533,3.206517219543457,0,0
8036,3.665388584136963,3.370774984359741,1,1
8037,3.789216995239258,3.5979318618774414,1,1
8038,3.5633575916290283,3.4628844261169434,0,0
8039,3.045520067214966,3.0636677742004395,0,0
8040,2.795955181121826,2.696547508239746,0,0
8041,2.9748964309692383,2.8783440589904785,1,1
8042,2.696187734603882,2.634988307952881,0,0
8043,3.0638904571533203,3.0291876792907715,0,0
8044,2.9378204345703125,2.8518126010894775,0,0
8045,2.7543365955352783,2.79913330078125,0,0
8046,3.122671365737915,3.034853219985962,1,1
8047,2.6539466381073,2.587189197540283,0,0
8048,3.012033224105835,3.0090579986572266,0,0
8049,3.189729690551758,2.964710235595703,0,0
8050,3.310333728790283,3.1424245834350586,0,0
8051,3.3759539127349854,3.072314739227295,0,0
8052,2.9487838745117188,2.7226815223693848,1,1
8053,3.369385242462158,3.2382659912109375,0,0
8054,3.067913770675659,3.0616984367370605,0,0
8055,3.3474605083465576,3.1366631984710693,1,1
8056,3.4026553630828857,3.1672489643096924,0,0
8057,3.325970411300659,3.1428091526031494,0,0
8058,3.352132558822632,3.32247257232666,0,0
8059,3.425590991973877,3.2181618213653564,0,0
8060,3.375464677810669,3.28428316116333,1,1
8061,3.063767194747925,2.9308152198791504,0,0
8062,3.399850606918335,3.271207571029663,0,0
8063,3.5352072715759277,3.253086566925049,1,1
8064,3.5423786640167236,3.1284584999084473,0,0
8065,3.3921725749969482,3.1087613105773926,0,0
8066,3.742858409881592,3.4689126014709473,1,1
8067,4.079212665557861,3.7900614738464355,1,1
8068,4.003758907318115,3.5430989265441895,1,1
8069,4.166392803192139,3.605130672454834,1,1
8070,4.0473313331604,3.6128997802734375,0,0
8071,3.7777719497680664,3.493091583251953,0,0
8072,3.5973153114318848,3.147092819213867,0,0
8073,2.7872531414031982,2.7068471908569336,1,1
8074,3.1001524925231934,2.8298869132995605,0,0
8075,3.1111185550689697,2.882702350616455,1,1
8076,3.1182150840759277,2.8680176734924316,0,0
8077,2.879739761352539,2.7575416564941406,0,0
8078,2.9806888103485107,2.7969791889190674,1,1
8079,2.9537436962127686,2.9054715633392334,0,0
8080,2.632214069366455,2.577779531478882,0,0
8081,2.557857036590576,2.487318992614746,1,1
8082,2.859938144683838,2.6655044555664062,0,0
8083,2.8397281169891357,2.7248363494873047,0,0
8084,2.248384475708008,2.1977357864379883,0,0
8085,2.946148633956909,2.7164058685302734,0,0
8086,3.6342878341674805,3.2944250106811523,0,0
8087,3.438892364501953,3.197600841522217,0,0
8088,3.681748151779175,3.2316744327545166,0,0
8089,3.3514657020568848,3.194361686706543,1,1
8090,3.195072650909424,3.0476698875427246,0,0
8091,3.501156806945801,3.1395983695983887,0,0
8092,3.2904446125030518,2.9588429927825928,0,0
8093,3.4292078018188477,3.238689661026001,1,1
8094,3.5462472438812256,3.32033371925354,0,0
8095,3.348684310913086,2.9886622428894043,1,1
8096,3.3485453128814697,3.013542652130127,0,0
8097,2.7057483196258545,2.561995267868042,0,0
8098,3.2184369564056396,2.8321571350097656,0,0
8099,3.266798496246338,2.900390625,0,0
8100,3.759169101715088,3.205805778503418,0,0
8101,3.88643217086792,3.3465049266815186,1,1
8102,3.624774217605591,2.9762656688690186,1,1
8103,3.571476459503174,3.1592540740966797,0,0
8104,3.853203058242798,3.2858939170837402,0,0
8105,3.543581485748291,3.003448486328125,1,1
8106,3.100363254547119,2.8021981716156006,0,0
8107,3.0937447547912598,2.953050374984741,1,1
8108,3.5544772148132324,3.2770345211029053,1,1
8109,2.869863510131836,2.9337897300720215,0,0
8110,3.2422690391540527,3.1640915870666504,1,1
8111,3.5862512588500977,3.4926886558532715,1,1
8112,3.577197790145874,3.4349331855773926,0,0
8113,3.549361228942871,3.3443915843963623,0,0
8114,3.247154474258423,3.0618534088134766,0,0
8115,2.327434778213501,2.2543866634368896,0,0
8116,2.9459357261657715,2.6371941566467285,0,0
8117,3.5823769569396973,3.4859845638275146,1,1
8118,3.1320595741271973,2.9611892700195312,0,0
8119,3.0675711631774902,2.7805047035217285,0,0
8120,3.427058219909668,2.9782257080078125,0,0
8121,3.1913983821868896,3.030517339706421,1,1
8122,3.4044532775878906,3.1020164489746094,0,0
8123,3.6544790267944336,3.357059955596924,1,1
8124,3.4204819202423096,3.1028943061828613,0,0
8125,3.657212018966675,3.2315292358398438,1,1
8126,3.6165013313293457,3.2704830169677734,1,1
8127,3.5797176361083984,3.219996929168701,0,0
8128,3.4298250675201416,3.1845011711120605,1,1
8129,3.7037668228149414,3.406235456466675,0,0
8130,3.774174690246582,3.5416927337646484,1,1
8131,3.404911994934082,3.239421844482422,1,1
8132,3.605041742324829,3.305006504058838,1,1
8133,3.2943472862243652,3.2824769020080566,0,0
8134,3.5600337982177734,3.464019298553467,0,0
8135,3.4683752059936523,3.2347991466522217,0,0
8136,3.4363677501678467,3.2596964836120605,1,1
8137,3.634780168533325,3.546255111694336,0,0
8138,3.2377192974090576,3.211904764175415,0,0
8139,3.170104503631592,2.861255168914795,1,1
8140,3.486332416534424,3.316903591156006,1,1
8141,3.357072114944458,3.1292061805725098,0,0
8142,3.298916816711426,3.2786641120910645,0,0
8143,3.253019094467163,3.182685375213623,1,1
8144,3.4654698371887207,3.144904851913452,1,1
8145,3.301988124847412,3.1111998558044434,1,1
8146,3.4290034770965576,3.27468204498291,1,1
8147,3.176264524459839,3.104602336883545,1,1
8148,3.7819712162017822,3.4617886543273926,1,1
8149,3.5195488929748535,3.4497461318969727,1,1
8150,3.373216152191162,3.283773899078369,0,0
8151,3.497952461242676,3.290165424346924,1,1
8152,3.243823766708374,3.1268022060394287,0,0
8153,3.8074002265930176,3.5203027725219727,1,1
8154,3.299790143966675,3.2291579246520996,0,0
8155,3.6846444606781006,3.394627571105957,1,1
8156,3.390137195587158,3.178048610687256,1,1
8157,3.5311334133148193,3.300860643386841,1,1
8158,3.2421514987945557,3.1730217933654785,0,0
8159,3.109206199645996,3.056932210922241,0,0
8160,2.892503499984741,2.800704002380371,0,0
8161,2.64652943611145,2.7634663581848145,0,0
8162,2.688321352005005,2.741100788116455,0,0
8163,2.8417372703552246,2.8458127975463867,0,0
8164,3.029608726501465,3.01674747467041,1,1
8165,2.9559690952301025,2.908081531524658,0,0
8166,2.8649606704711914,3.1317262649536133,0,0
8167,2.8699522018432617,2.861725330352783,0,0
8168,2.8371596336364746,2.857922077178955,0,0
8169,3.0318033695220947,2.9625439643859863,1,1
8170,3.1906840801239014,2.935272693634033,0,0
8171,3.0039756298065186,3.0887084007263184,0,0
8172,3.048663854598999,3.0716285705566406,1,1
8173,3.195037841796875,3.119601249694824,1,1
8174,3.1279897689819336,3.1119813919067383,0,0
8175,3.0913891792297363,3.0018556118011475,0,0
8176,3.0790798664093018,2.752932071685791,0,0
8177,2.346207857131958,2.2658615112304688,0,0
8178,2.447169780731201,2.365103244781494,0,0
8179,2.918375015258789,2.5133018493652344,0,0
8180,3.238553524017334,3.0712218284606934,1,1
8181,3.7901601791381836,3.5096960067749023,1,1
8182,3.674828052520752,3.1573073863983154,1,1
8183,3.704585075378418,3.301154136657715,1,1
8184,3.7677841186523438,3.559046983718872,1,1
8185,3.586606740951538,3.2322306632995605,0,0
8186,2.9145560264587402,2.662137031555176,0,0
8187,3.178830623626709,2.717926502227783,0,0
8188,3.188612699508667,2.6946520805358887,0,0
8189,2.9478206634521484,2.67081880569458,1,1
8190,3.1489791870117188,2.7892465591430664,0,0
8191,3.060614824295044,2.577528476715088,0,0
8192,3.0037753582000732,2.8306987285614014,0,0
8193,3.358031749725342,2.960319757461548,1,1
8194,3.392512798309326,2.901193618774414,1,1
8195,3.110597848892212,2.916891098022461,1,1
8196,3.146634817123413,2.981449842453003,0,0
8197,3.197026491165161,3.1117427349090576,0,0
8198,3.7261452674865723,3.2876341342926025,1,1
8199,3.6713178157806396,3.1356399059295654,1,1
8200,3.3626744747161865,3.1835107803344727,1,1
8201,3.6256661415100098,3.239243507385254,1,1
8202,3.3691887855529785,3.1736435890197754,1,1
8203,3.4839632511138916,3.228766918182373,1,1
8204,3.2325494289398193,3.127047538757324,0,0
8205,3.277447462081909,3.163686990737915,0,0
8206,3.2462024688720703,2.9174318313598633,1,1
8207,3.480855703353882,3.28224515914917,0,0
8208,3.5468380451202393,3.0561842918395996,1,1
8209,3.6677706241607666,3.3547046184539795,1,1
8210,3.885181188583374,3.578573226928711,1,1
8211,3.2160725593566895,3.027503728866577,1,1
8212,2.6478636264801025,2.6833560466766357,0,0
8213,3.254603147506714,3.2796308994293213,0,0
8214,3.418780565261841,3.154606580734253,0,0
8215,3.1802430152893066,2.9356207847595215,0,0
8216,3.1557114124298096,3.1753859519958496,1,1
8217,2.923799514770508,2.8981194496154785,1,1
8218,3.2154839038848877,3.135699510574341,1,1
8219,3.1516222953796387,3.0553064346313477,0,0
8220,3.3568549156188965,3.1916520595550537,1,1
8221,3.3422443866729736,3.1703073978424072,0,0
8222,3.1458446979522705,3.0859525203704834,1,1
8223,3.5777835845947266,3.190263032913208,1,1
8224,3.120518684387207,2.9277310371398926,0,0
8225,3.2768402099609375,3.108755350112915,0,0
8226,3.01082444190979,2.8696069717407227,1,1
8227,3.121025323867798,3.017061948776245,1,1
8228,3.3305177688598633,3.2516751289367676,1,1
8229,3.4615886211395264,3.03365159034729,1,1
8230,3.9281647205352783,3.4447712898254395,1,1
8231,4.326927661895752,3.645920515060425,1,1
8232,3.139397144317627,2.8190431594848633,1,1
8233,3.640869617462158,3.1637802124023438,0,0
8234,3.102790594100952,2.7960784435272217,0,0
8235,3.3765556812286377,3.0613961219787598,1,1
8236,3.0858635902404785,2.890563726425171,1,1
8237,2.818358898162842,2.709826946258545,1,1
8238,2.8207528591156006,2.6333584785461426,0,0
8239,3.1320931911468506,2.6105902194976807,1,1
8240,2.6280317306518555,2.4155468940734863,0,0
8241,3.2449347972869873,2.964684009552002,1,1
8242,3.407876968383789,3.1590077877044678,1,1
8243,2.844758987426758,2.5977163314819336,1,1
8244,3.461646556854248,3.155259609222412,1,1
8245,3.296980857849121,2.934112071990967,1,1
8246,2.7895636558532715,2.42287278175354,1,1
8247,2.7828822135925293,2.603971481323242,0,0
8248,3.098233461380005,2.8099632263183594,0,0
8249,3.693809747695923,3.118661880493164,0,0
8250,3.3185625076293945,2.874957323074341,1,1
8251,3.4498708248138428,3.0254673957824707,1,1
8252,3.395378828048706,3.017158269882202,1,1
8253,3.1157474517822266,2.748652458190918,1,1
8254,3.358900547027588,3.020946979522705,1,1
8255,3.013916492462158,2.807461738586426,1,1
8256,3.288224697113037,2.8608975410461426,1,1
8257,3.542823314666748,3.1710140705108643,1,1
8258,3.2245452404022217,2.8622589111328125,1,1
8259,3.3238019943237305,3.0970864295959473,1,1
8260,2.945443630218506,2.948331356048584,0,0
8261,3.2882814407348633,3.177077054977417,1,1
8262,3.4988322257995605,3.223022937774658,1,1
8263,3.235875129699707,3.2096221446990967,1,1
8264,3.4201672077178955,3.4179465770721436,1,1
8265,3.736750841140747,3.4924163818359375,1,1
8266,3.5283477306365967,3.2639098167419434,1,1
8267,3.682771921157837,3.410409450531006,1,1
8268,3.5542187690734863,3.4169490337371826,1,1
8269,3.448885917663574,3.2726874351501465,1,1
8270,3.5751466751098633,3.2573580741882324,0,0
8271,3.2249042987823486,2.897714376449585,1,1
8272,3.328267812728882,2.977447986602783,1,1
8273,3.2804670333862305,3.018887996673584,1,1
8274,3.4108450412750244,3.025862216949463,1,1
8275,2.7378015518188477,2.5224432945251465,0,0
8276,2.843754768371582,2.8736441135406494,0,0
8277,3.479377031326294,3.1435916423797607,0,0
8278,3.2641282081604004,2.9715280532836914,0,0
8279,3.3543319702148438,3.2393112182617188,0,0
8280,3.406433343887329,3.1021108627319336,0,0
8281,3.1622965335845947,2.780205249786377,1,1
8282,3.2169079780578613,2.972221851348877,0,0
8283,3.269670009613037,2.9508371353149414,0,0
8284,3.331674575805664,3.0074033737182617,1,1
8285,2.7978622913360596,2.791243553161621,0,0
8286,3.2188057899475098,2.967108964920044,0,0
8287,3.5673017501831055,2.9822230339050293,1,1
8288,3.502148151397705,3.180366277694702,1,1
8289,2.8603060245513916,2.6675539016723633,0,0
8290,3.240267276763916,3.0202155113220215,1,1
8291,3.4091169834136963,3.1609230041503906,0,0
8292,3.213374614715576,3.2143988609313965,0,0
8293,3.4527065753936768,3.346024751663208,1,1
8294,3.3217129707336426,3.3487071990966797,1,1
8295,3.220451593399048,3.2349636554718018,1,1
8296,3.4540281295776367,3.5446343421936035,1,1
8297,3.8961620330810547,3.6653733253479004,1,1
8298,3.5209128856658936,3.4244742393493652,0,0
8299,3.5401151180267334,3.426736354827881,0,0
8300,3.537409782409668,3.328139305114746,0,0
8301,3.597064733505249,3.44045352935791,1,1
8302,3.20558762550354,3.408651828765869,0,0
8303,3.4560141563415527,3.4840455055236816,0,0
8304,3.3778536319732666,3.1479787826538086,1,1
8305,3.0787909030914307,2.992497444152832,0,0
8306,3.4366300106048584,3.478734016418457,1,1
8307,3.4422054290771484,3.4348902702331543,0,0
8308,3.487230062484741,3.161290407180786,1,1
8309,3.5710957050323486,3.415713310241699,1,1
8310,3.7516772747039795,3.3854455947875977,1,1
8311,3.9276065826416016,3.573514223098755,1,1
8312,3.5435566902160645,3.2733068466186523,0,0
8313,3.78977108001709,3.2872018814086914,0,0
8314,3.9436964988708496,3.483686923980713,0,0
8315,3.212242364883423,3.0035250186920166,0,0
8316,3.1196277141571045,2.884481906890869,0,0
8317,3.0881917476654053,2.8632688522338867,1,1
8318,3.3204472064971924,3.009359836578369,1,1
8319,3.20751953125,2.7669517993927,1,1
8320,2.9669642448425293,2.7742180824279785,1,1
8321,3.180166006088257,2.857778787612915,1,1
8322,3.092033624649048,2.8271737098693848,1,1
8323,2.7576308250427246,2.7573328018188477,0,0
8324,3.5276939868927,3.1613423824310303,0,0
8325,3.383962392807007,3.2114861011505127,0,0
8326,3.382255792617798,3.2773118019104004,0,0
8327,3.496711015701294,3.3705997467041016,1,1
8328,3.4570791721343994,3.2727627754211426,0,0
8329,3.2765960693359375,3.093895196914673,1,1
8330,3.403987169265747,3.2338268756866455,1,1
8331,3.671562671661377,3.3117830753326416,1,1
8332,3.4238617420196533,3.336331605911255,0,0
8333,3.643326759338379,3.306044101715088,1,1
8334,3.5742294788360596,3.454817295074463,0,0
8335,3.441805601119995,3.1923635005950928,1,1
8336,3.756967067718506,3.577454090118408,1,1
8337,3.526655673980713,3.3703911304473877,0,0
8338,3.9184422492980957,3.5928773880004883,1,1
8339,3.741696834564209,3.467655658721924,0,0
8340,3.898682117462158,3.610386848449707,0,0
8341,3.7251641750335693,3.6164515018463135,0,0
8342,3.680851936340332,3.3520822525024414,0,0
8343,3.21677303314209,3.153891086578369,1,1
8344,3.5517282485961914,3.365265369415283,1,1
8345,3.0257763862609863,2.7363240718841553,0,0
8346,3.5963423252105713,3.0789544582366943,1,1
8347,3.5388174057006836,3.159343957901001,1,1
8348,3.5198123455047607,3.232431173324585,0,0
8349,3.532958745956421,3.2568540573120117,0,0
8350,3.7296812534332275,3.307487964630127,1,1
8351,3.505448341369629,3.249598741531372,0,0
8352,3.3505241870880127,3.06394100189209,0,0
8353,3.259204387664795,3.2197909355163574,0,0
8354,3.2067363262176514,2.9200596809387207,0,0
8355,3.2918484210968018,3.201975107192993,0,0
8356,3.6046037673950195,3.0747599601745605,1,1
8357,3.43974232673645,3.153566360473633,1,1
8358,3.357938766479492,3.1933305263519287,1,1
8359,3.1779189109802246,3.1536364555358887,1,1
8360,3.4871890544891357,3.2685036659240723,1,1
8361,2.9517464637756348,3.038393497467041,0,0
8362,3.407893180847168,3.2652816772460938,0,0
8363,3.3613154888153076,3.037282705307007,1,1
8364,3.548994302749634,3.341465711593628,1,1
8365,3.0141942501068115,2.915024757385254,0,0
8366,3.332331657409668,3.003091812133789,1,1
8367,2.929185628890991,2.9195475578308105,0,0
8368,3.3419430255889893,3.264328718185425,0,0
8369,3.0667200088500977,3.0646252632141113,0,0
8370,3.1494970321655273,2.8108339309692383,1,1
8371,3.1476805210113525,3.1091208457946777,0,0
8372,3.134103775024414,3.065634250640869,1,1
8373,3.1959264278411865,2.8010339736938477,0,0
8374,3.060011625289917,2.993694305419922,0,0
8375,3.2388288974761963,3.149282932281494,1,1
8376,3.0820200443267822,2.8345956802368164,0,0
8377,2.8678436279296875,2.650385618209839,0,0
8378,3.349720001220703,3.125002384185791,1,1
8379,3.1701672077178955,2.997931480407715,0,0
8380,3.3209891319274902,2.998124122619629,1,1
8381,2.851815938949585,2.748420000076294,1,1
8382,2.8855197429656982,2.709017276763916,0,0
8383,3.5733718872070312,3.1145575046539307,1,1
8384,2.8492181301116943,2.671769857406616,0,0
8385,3.1020357608795166,2.9561166763305664,0,0
8386,2.950432538986206,2.7257208824157715,0,0
8387,3.1442391872406006,2.993389844894409,0,0
8388,3.410614490509033,3.219506025314331,1,1
8389,3.4293556213378906,3.105741500854492,0,0
8390,3.111643075942993,2.9615774154663086,0,0
8391,3.6407928466796875,3.095377206802368,1,1
8392,4.089111804962158,3.31091046333313,1,1
8393,3.586960792541504,3.299769401550293,1,1
8394,2.9926376342773438,3.1562044620513916,0,0
8395,3.294569969177246,3.2011938095092773,1,1
8396,3.6486868858337402,3.3329193592071533,1,1
8397,3.2001852989196777,3.24615740776062,1,1
8398,3.577408790588379,3.603713035583496,1,1
8399,2.852722644805908,2.8515822887420654,0,0
8400,3.6857054233551025,3.5480611324310303,1,1
8401,3.767548084259033,3.6367034912109375,0,0
8402,3.718975782394409,3.561065196990967,0,0
8403,2.9469282627105713,2.843122959136963,0,0
8404,3.412841558456421,3.217280626296997,1,1
8405,3.686627149581909,3.2955451011657715,1,1
8406,3.5009729862213135,3.204287528991699,1,1
8407,3.2326107025146484,3.0910935401916504,0,0
8408,3.3595364093780518,3.310354232788086,0,0
8409,3.479348659515381,3.2049756050109863,1,1
8410,3.0876739025115967,2.976625919342041,1,1
8411,2.94990611076355,2.7938928604125977,0,0
8412,3.4646832942962646,3.3268823623657227,1,1
8413,3.0461766719818115,3.072463274002075,1,1
8414,3.355781078338623,3.2004106044769287,1,1
8415,3.207474708557129,3.1457014083862305,1,1
8416,3.5478155612945557,3.217978000640869,0,0
8417,3.190531015396118,3.065272331237793,1,1
8418,3.1761562824249268,2.943138837814331,1,1
8419,3.393491506576538,3.1259894371032715,1,1
8420,3.363766670227051,3.209322452545166,0,0
8421,3.489926338195801,3.340141773223877,1,1
8422,3.3191516399383545,3.039053440093994,0,0
8423,3.346872329711914,3.1133832931518555,0,0
8424,3.45652174949646,3.364555835723877,1,1
8425,3.259112596511841,3.2070963382720947,0,0
8426,3.0009801387786865,3.024783134460449,0,0
8427,3.3601367473602295,3.082845687866211,1,1
8428,3.1582698822021484,2.915316581726074,1,1
8429,3.332416296005249,3.2175326347351074,1,1
8430,3.6890437602996826,3.2490787506103516,0,0
8431,3.3846218585968018,3.219174861907959,0,0
8432,3.4563398361206055,3.14786696434021,1,1
8433,3.1157476902008057,2.9497385025024414,0,0
8434,3.247354745864868,3.0594279766082764,0,0
8435,3.1655385494232178,3.0364489555358887,0,0
8436,2.9776415824890137,2.9447948932647705,1,1
8437,2.7038190364837646,2.713972806930542,1,1
8438,3.224499225616455,3.003471612930298,1,1
8439,3.010401964187622,2.994602918624878,0,0
8440,3.1028127670288086,3.031402826309204,1,1
8441,3.648571252822876,3.3139357566833496,1,1
8442,3.09167218208313,2.841377019882202,0,0
8443,2.696769952774048,2.5214052200317383,1,1
8444,3.5407450199127197,3.0831217765808105,1,1
8445,2.767836570739746,2.6159427165985107,0,0
8446,3.3678250312805176,2.997746706008911,0,0
8447,3.2963175773620605,3.003401756286621,0,0
8448,3.195244550704956,2.897019386291504,0,0
8449,3.046325206756592,2.901930332183838,0,0
8450,3.4645438194274902,3.1140847206115723,1,1
8451,3.2203867435455322,2.8545851707458496,1,1
8452,3.5122835636138916,3.1046910285949707,1,1
8453,3.5390515327453613,3.1438827514648438,0,0
8454,2.6561760902404785,2.6835923194885254,0,0
8455,3.4261016845703125,3.1161017417907715,0,0
8456,3.018498182296753,2.733637809753418,1,1
8457,3.2164556980133057,2.8855671882629395,0,0
8458,3.498262405395508,3.2631921768188477,0,0
8459,3.331908941268921,3.218594551086426,1,1
8460,3.118058681488037,3.095184326171875,0,0
8461,2.9256412982940674,2.8557772636413574,0,0
8462,2.6829702854156494,2.46465802192688,0,0
8463,2.2798523902893066,2.381845712661743,0,0
8464,3.155952215194702,3.0241494178771973,0,0
8465,3.3612589836120605,2.970670700073242,1,1
8466,2.999560594558716,2.6909608840942383,1,1
8467,2.8543031215667725,2.626903533935547,1,1
8468,2.854694128036499,2.679469347000122,1,1
8469,3.135409355163574,2.9250075817108154,1,1
8470,3.310711622238159,3.044161796569824,1,1
8471,3.2650980949401855,3.0815277099609375,0,0
8472,3.2342352867126465,2.8311781883239746,1,1
8473,3.1203458309173584,2.867715358734131,0,0
8474,3.090121030807495,2.7427568435668945,1,1
8475,3.439251184463501,3.0292117595672607,0,0
8476,3.395098924636841,2.984865427017212,1,1
8477,3.0620908737182617,2.88185715675354,0,0
8478,3.3228464126586914,3.030050277709961,1,1
8479,3.174915313720703,3.016171932220459,1,1
8480,2.8202250003814697,2.749804973602295,0,0
8481,3.1409332752227783,2.8607187271118164,1,1
8482,2.5221688747406006,2.5002410411834717,1,1
8483,3.011335611343384,2.90012264251709,0,0
8484,3.553114652633667,3.057466506958008,1,1
8485,3.818193197250366,3.3211512565612793,1,1
8486,3.4975383281707764,3.185086727142334,0,0
8487,3.6363086700439453,3.304394245147705,0,0
8488,2.784205436706543,2.7269816398620605,0,0
8489,2.6110496520996094,2.404877185821533,0,0
8490,2.914116144180298,2.7918643951416016,1,1
8491,3.269749879837036,2.9711341857910156,1,1
8492,2.8556063175201416,2.6856212615966797,0,0
8493,3.4778478145599365,3.050614356994629,1,1
8494,3.3600285053253174,2.8705921173095703,1,1
8495,3.2767374515533447,3.298275947570801,1,1
8496,3.2968013286590576,3.244330406188965,1,1
8497,3.3162941932678223,3.251765251159668,0,0
8498,2.960366725921631,2.881786823272705,0,0
8499,3.4630134105682373,3.147101402282715,0,0
8500,3.14787220954895,3.0591282844543457,1,1
8501,3.559295415878296,3.3752079010009766,0,0
8502,3.687607765197754,3.5845532417297363,1,1
8503,3.422424554824829,3.1992874145507812,0,0
8504,3.4441871643066406,3.218012809753418,1,1
8505,3.2187323570251465,3.0199992656707764,1,1
8506,3.7814531326293945,3.4288182258605957,1,1
8507,3.3754851818084717,3.2068042755126953,1,1
8508,3.243417739868164,3.1754980087280273,0,0
8509,3.4285244941711426,3.178133964538574,0,0
8510,3.4629409313201904,3.2005317211151123,1,1
8511,3.054476261138916,2.8449885845184326,0,0
8512,3.029059648513794,2.851039171218872,0,0
8513,3.6568408012390137,3.3524346351623535,1,1
8514,3.629016876220703,3.3484272956848145,0,0
8515,3.1255149841308594,2.924175262451172,0,0
8516,3.2910947799682617,3.226966142654419,1,1
8517,3.44931960105896,3.181896686553955,0,0
8518,3.327089786529541,3.171748399734497,0,0
8519,3.353524923324585,3.1410622596740723,1,1
8520,3.5894205570220947,3.2956278324127197,0,0
8521,3.429313898086548,2.9800195693969727,0,0
8522,3.4705862998962402,3.1293485164642334,1,1
8523,3.326338529586792,3.085972785949707,0,0
8524,3.178644895553589,2.811211109161377,0,0
8525,3.3011865615844727,3.1241066455841064,1,1
8526,3.2405171394348145,3.112921714782715,0,0
8527,3.025789737701416,3.005150318145752,0,0
8528,3.117797613143921,3.0110361576080322,0,0
8529,3.40842342376709,3.1257364749908447,0,0
8530,3.309722423553467,2.87601375579834,1,1
8531,3.319891929626465,3.1065545082092285,0,0
8532,3.336298942565918,3.0418825149536133,0,0
8533,3.470939874649048,3.234804153442383,0,0
8534,3.339888334274292,3.077868938446045,0,0
8535,3.2022855281829834,3.2051761150360107,1,1
8536,3.724452018737793,3.354032516479492,0,0
8537,3.7863354682922363,3.446423053741455,0,0
8538,3.2720887660980225,3.1185240745544434,0,0
8539,3.7701385021209717,3.4867091178894043,0,0
8540,3.3424878120422363,3.130161762237549,0,0
8541,2.6481707096099854,2.4001383781433105,0,0
8542,2.646240711212158,2.5792880058288574,1,1
8543,2.957519054412842,2.846038341522217,1,1
8544,3.779036521911621,3.2815074920654297,1,1
8545,2.870440721511841,2.888901710510254,0,0
8546,3.1701431274414062,3.0219054222106934,0,0
8547,3.3220748901367188,3.2503914833068848,0,0
8548,3.4007394313812256,3.1832504272460938,0,0
8549,3.470585584640503,3.195526123046875,0,0
8550,3.3271753787994385,2.974684000015259,0,0
8551,3.4248902797698975,3.171325922012329,0,0
8552,3.4246978759765625,3.0250842571258545,0,0
8553,3.2843825817108154,3.2271618843078613,1,1
8554,3.513526678085327,3.4175517559051514,0,0
8555,3.379981279373169,3.249974489212036,1,1
8556,3.189749002456665,3.156200408935547,1,1
8557,3.058863878250122,2.894623041152954,1,1
8558,3.6117897033691406,3.4654688835144043,0,0
8559,3.8382437229156494,3.4549307823181152,0,0
8560,3.508923053741455,3.186455488204956,0,0
8561,2.923994302749634,2.9467999935150146,0,0
8562,3.1670033931732178,3.102970600128174,0,0
8563,3.0955612659454346,3.0227205753326416,0,0
8564,3.3553314208984375,3.1457629203796387,0,0
8565,3.0653016567230225,2.9066390991210938,1,1
8566,2.7931041717529297,2.510335683822632,0,0
8567,3.0977518558502197,2.8489723205566406,1,1
8568,2.944401264190674,2.8742692470550537,0,0
8569,3.30354905128479,3.0633127689361572,0,0
8570,3.311429262161255,3.139847755432129,1,1
8571,2.8987739086151123,2.877140760421753,1,1
8572,3.0508930683135986,2.8763697147369385,0,0
8573,3.038435935974121,3.0792648792266846,0,0
8574,3.0207509994506836,3.119624137878418,1,1
8575,3.2668890953063965,3.1058921813964844,1,1
8576,3.6288559436798096,3.3792803287506104,1,1
8577,3.408994436264038,3.2555532455444336,0,0
8578,3.028622627258301,2.9742538928985596,1,1
8579,3.389193296432495,3.1643688678741455,1,1
8580,3.300260543823242,3.0965394973754883,0,0
8581,3.1962945461273193,3.1668341159820557,1,1
8582,3.2874252796173096,2.96573543548584,0,0
8583,3.6521036624908447,3.320888042449951,1,1
8584,3.485703229904175,3.1278648376464844,1,1
8585,3.4949400424957275,3.2449169158935547,1,1
8586,3.5137274265289307,3.1272122859954834,1,1
8587,3.296708583831787,3.1129026412963867,0,0
8588,3.0345258712768555,2.7501938343048096,0,0
8589,3.320960521697998,2.8404667377471924,0,0
8590,3.042762517929077,2.664905071258545,1,1
8591,3.3131661415100098,3.0284440517425537,0,0
8592,3.36483097076416,2.995983839035034,0,0
8593,3.156907320022583,2.7514684200286865,0,0
8594,3.312455892562866,2.8510451316833496,0,0
8595,3.7282865047454834,3.3086280822753906,1,1
8596,3.449096918106079,3.1017231941223145,1,1
8597,3.234624147415161,2.9988746643066406,0,0
8598,3.446481704711914,2.8325929641723633,1,1
8599,3.1692917346954346,2.773758888244629,1,1
8600,3.5498123168945312,3.227951765060425,0,0
8601,3.640225648880005,3.3142247200012207,1,1
8602,3.8113009929656982,3.3803553581237793,1,1
8603,3.470947742462158,3.052452564239502,0,0
8604,3.604976177215576,3.2067553997039795,1,1
8605,3.6046690940856934,3.135767936706543,0,0
8606,3.270181655883789,2.9548137187957764,1,1
8607,3.5022571086883545,3.018889904022217,1,1
8608,3.5162010192871094,3.2391695976257324,1,1
8609,3.8443448543548584,3.4023656845092773,1,1
8610,3.338118314743042,2.9815711975097656,0,0
8611,3.398315191268921,3.0777244567871094,1,1
8612,3.3142638206481934,3.138279914855957,1,1
8613,3.431490421295166,3.2521555423736572,1,1
8614,3.8228752613067627,3.611785888671875,1,1
8615,3.3337342739105225,3.1891586780548096,0,0
8616,3.408663272857666,3.2027242183685303,1,1
8617,3.2615346908569336,3.087264060974121,0,0
8618,3.5005569458007812,3.306910991668701,0,0
8619,3.6049063205718994,3.4598278999328613,1,1
8620,3.598759889602661,3.4208855628967285,1,1
8621,3.2459559440612793,3.192357063293457,1,1
8622,3.6197776794433594,3.4520263671875,1,1
8623,3.1616506576538086,3.0889787673950195,0,0
8624,3.330615520477295,3.1674506664276123,0,0
8625,3.351935863494873,3.054917335510254,1,1
8626,3.348689079284668,3.1439294815063477,0,0
8627,3.4933676719665527,3.3548355102539062,0,0
8628,3.5132505893707275,3.26173996925354,0,0
8629,3.4275319576263428,3.31433367729187,1,1
8630,3.5134024620056152,3.3778717517852783,0,0
8631,3.597102403640747,3.428877830505371,1,1
8632,3.723532199859619,3.35795259475708,1,1
8633,3.5983500480651855,3.362931728363037,0,0
8634,3.5412073135375977,3.326808452606201,1,1
8635,3.532021999359131,3.306377410888672,0,0
8636,3.3446567058563232,3.2089457511901855,0,0
8637,2.829700231552124,2.927983522415161,0,0
8638,2.509507656097412,2.5167388916015625,1,1
8639,3.1861138343811035,3.1091136932373047,0,0
8640,3.273106575012207,3.108102560043335,0,0
8641,3.180216073989868,2.884047031402588,1,1
8642,3.158499002456665,2.979370594024658,0,0
8643,3.3640949726104736,3.444831132888794,1,1
8644,3.494532346725464,3.344693183898926,1,1
8645,3.0923571586608887,3.295118808746338,0,0
8646,2.9757347106933594,3.036264657974243,0,0
8647,3.445556402206421,3.2457642555236816,1,1
8648,3.5110256671905518,3.2596964836120605,0,0
8649,3.199312686920166,3.15771484375,0,0
8650,3.3376786708831787,3.150818347930908,0,0
8651,3.3169190883636475,3.1979787349700928,0,0
8652,2.959071159362793,3.070704936981201,0,0
8653,3.154945135116577,3.106637954711914,0,0
8654,2.8043909072875977,2.7771663665771484,0,0
8655,2.5643885135650635,2.667158603668213,0,0
8656,1.7343465089797974,1.9414888620376587,0,0
8657,3.0429861545562744,2.9636802673339844,0,0
8658,2.9602949619293213,2.6995577812194824,0,0
8659,2.64070463180542,2.6636910438537598,0,0
8660,3.3096811771392822,3.2614855766296387,1,1
8661,3.098952054977417,3.1984567642211914,0,0
8662,2.9136769771575928,2.923163890838623,0,0
8663,3.326968193054199,3.1598658561706543,0,0
8664,2.8616414070129395,2.7805769443511963,0,0
8665,2.937737226486206,2.8890771865844727,1,1
8666,3.3425610065460205,3.2025020122528076,1,1
8667,3.249288558959961,3.056333065032959,0,0
8668,3.539735794067383,3.251652240753174,1,1
8669,3.2137045860290527,3.248560905456543,1,1
8670,2.8167152404785156,2.7266952991485596,0,0
8671,2.893933057785034,2.711827278137207,0,0
8672,3.0791900157928467,2.864816665649414,1,1
8673,2.6047749519348145,2.457888126373291,1,1
8674,3.1783225536346436,2.8622798919677734,0,0
8675,2.672866106033325,2.6233773231506348,0,0
8676,3.506760835647583,3.270373821258545,1,1
8677,3.328450918197632,3.169952869415283,1,1
8678,3.046673059463501,3.0892839431762695,1,1
8679,3.2422077655792236,3.095350503921509,0,0
8680,3.5611979961395264,3.296600103378296,1,1
8681,3.272078037261963,2.955038070678711,0,0
8682,3.660689353942871,3.101661443710327,0,0
8683,3.779679775238037,3.4495174884796143,1,1
8684,3.2305352687835693,2.8985068798065186,0,0
8685,3.0624806880950928,2.9074668884277344,1,1
8686,3.2755486965179443,2.926661252975464,1,1
8687,3.374865770339966,3.22599458694458,1,1
8688,3.152942657470703,3.0373544692993164,0,0
8689,3.0618555545806885,3.0971081256866455,0,0
8690,3.031453847885132,2.695978879928589,0,0
8691,2.976644992828369,2.79937481880188,0,0
8692,3.244581699371338,2.958498001098633,0,0
8693,3.0675156116485596,2.8634321689605713,1,1
8694,3.142836332321167,2.930175304412842,0,0
8695,3.49939227104187,3.166260242462158,1,1
8696,3.6457412242889404,3.3691630363464355,1,1
8697,3.4491565227508545,3.2787299156188965,1,1
8698,3.6508679389953613,3.0960164070129395,0,0
8699,3.5738353729248047,3.2245521545410156,1,1
8700,2.938337564468384,2.8413987159729004,0,0
8701,3.1256103515625,3.0212795734405518,0,0
8702,3.934248208999634,3.480607509613037,0,0
8703,2.893617868423462,2.658712863922119,1,1
8704,3.7017390727996826,3.258181571960449,1,1
8705,3.475738763809204,3.165167808532715,0,0
8706,3.268550157546997,3.0560545921325684,0,0
8707,3.5552172660827637,3.136152744293213,1,1
8708,3.6994636058807373,3.2229669094085693,1,1
8709,3.254837989807129,2.9481287002563477,1,1
8710,3.965954542160034,3.4089460372924805,0,0
8711,3.9632070064544678,3.5077171325683594,1,1
8712,3.586672067642212,3.3698201179504395,1,1
8713,3.4598100185394287,3.286607027053833,1,1
8714,4.103514671325684,3.494607925415039,0,0
8715,3.566251039505005,3.1464478969573975,0,0
8716,3.783489227294922,3.243821620941162,0,0
8717,4.0745744705200195,3.4863507747650146,1,1
8718,3.5945181846618652,3.2657992839813232,0,0
8719,3.667091131210327,3.353325128555298,1,1
8720,3.713002920150757,3.346684694290161,1,1
8721,4.012293815612793,3.4071593284606934,1,1
8722,3.647562026977539,3.2345635890960693,0,0
8723,3.8557753562927246,3.3907430171966553,1,1
8724,3.5712103843688965,3.3848724365234375,1,1
8725,3.569044589996338,3.2103118896484375,1,1
8726,3.419809103012085,3.070061683654785,1,1
8727,3.294785976409912,3.0046253204345703,0,0
8728,2.6664984226226807,2.7015724182128906,1,1
8729,2.5898756980895996,2.634957790374756,1,1
8730,3.179570436477661,2.9576456546783447,0,0
8731,3.5753018856048584,3.3900644779205322,1,1
8732,3.588416576385498,3.473008871078491,0,0
8733,3.420241355895996,3.2477059364318848,1,1
8734,3.300750732421875,3.2657556533813477,1,1
8735,3.2401578426361084,3.3294498920440674,1,1
8736,3.2729074954986572,3.4243617057800293,0,0
8737,2.97101092338562,3.0520095825195312,0,0
8738,3.2908248901367188,3.0798869132995605,0,0
8739,3.1293883323669434,3.159228801727295,0,0
8740,3.2684600353240967,3.216327667236328,0,0
8741,3.680588960647583,3.374664783477783,1,1
8742,3.7005362510681152,3.5656800270080566,1,1
8743,3.5465686321258545,3.33524227142334,1,1
8744,3.6144680976867676,3.252372980117798,1,1
8745,3.762101650238037,3.477534055709839,0,0
8746,3.986719846725464,3.448578357696533,1,1
8747,3.75166916847229,3.347677707672119,1,1
8748,3.2764265537261963,3.1093766689300537,1,1
8749,3.511462450027466,3.2896881103515625,0,0
8750,3.536435127258301,3.4020755290985107,0,0
8751,3.2172088623046875,3.1563186645507812,0,0
8752,3.307086706161499,3.0226714611053467,1,1
8753,3.130887269973755,2.758875846862793,1,1
8754,3.267630100250244,3.0281589031219482,1,1
8755,3.0048322677612305,2.85892653465271,0,0
8756,2.6217966079711914,2.6803603172302246,0,0
8757,2.9635353088378906,2.7740917205810547,1,1
8758,3.268097400665283,3.0863938331604004,1,1
8759,3.2611517906188965,3.003366708755493,1,1
8760,2.8356401920318604,2.8375983238220215,0,0
8761,2.9313480854034424,2.9226112365722656,0,0
8762,3.018345832824707,3.0172312259674072,0,0
8763,3.1403615474700928,3.0336153507232666,1,1
8764,3.02599835395813,2.8647682666778564,0,0
8765,2.8217217922210693,2.7661499977111816,0,0
8766,2.7809412479400635,2.8288357257843018,0,0
8767,2.8102924823760986,2.815152168273926,0,0
8768,2.672624349594116,2.6684696674346924,1,1
8769,2.8691678047180176,2.808884620666504,0,0
8770,2.590850353240967,2.8112120628356934,0,0
8771,3.130594491958618,3.0769498348236084,1,1
8772,3.0635828971862793,3.0154504776000977,1,1
8773,2.86015248298645,2.8657493591308594,0,0
8774,2.8847622871398926,2.981963634490967,0,0
8775,2.661789655685425,2.8140792846679688,1,1
8776,2.5126266479492188,2.412675142288208,1,1
8777,2.5834927558898926,2.7206292152404785,0,0
8778,2.815554141998291,2.7787322998046875,0,0
8779,2.5970590114593506,2.705808162689209,1,1
8780,2.3455395698547363,2.5946226119995117,0,0
8781,2.640571355819702,2.7595248222351074,0,0
8782,2.4202651977539062,2.5452399253845215,0,0
8783,2.622241735458374,2.789459705352783,1,1
8784,2.677976131439209,2.766301393508911,0,0
8785,2.552309513092041,2.6942877769470215,0,0
8786,2.4410932064056396,2.628422260284424,0,0
8787,2.609220504760742,2.767183303833008,1,1
8788,2.615748405456543,2.615070343017578,1,1
8789,3.280921220779419,3.1923842430114746,1,1
8790,3.891395330429077,3.499837636947632,1,1
8791,3.485752582550049,3.240431785583496,1,1
8792,3.7961621284484863,3.3584980964660645,1,1
8793,3.6496047973632812,3.487740993499756,1,1
8794,3.736431837081909,3.4391252994537354,1,1
8795,3.208247423171997,2.8774046897888184,1,1
8796,3.332895517349243,3.0867812633514404,0,0
8797,3.4973011016845703,3.284219264984131,1,1
8798,3.661102533340454,3.3649604320526123,1,1
8799,3.4223647117614746,3.3266634941101074,1,1
8800,3.218153238296509,3.012406349182129,0,0
8801,3.6110050678253174,3.2017507553100586,0,0
8802,3.6239094734191895,3.267596483230591,0,0
8803,3.215395450592041,2.9927632808685303,0,0
8804,3.5024068355560303,3.178755760192871,1,1
8805,3.0915944576263428,2.8712007999420166,0,0
8806,3.3106791973114014,3.1360344886779785,1,1
8807,3.1028494834899902,2.9056239128112793,0,0
8808,3.2106990814208984,2.9624414443969727,0,0
8809,3.428210973739624,3.1227171421051025,0,0
8810,3.3164734840393066,2.952144145965576,0,0
8811,3.3235440254211426,2.8464043140411377,0,0
8812,3.2002196311950684,2.7318522930145264,0,0
8813,3.401472568511963,3.0387074947357178,0,0
8814,3.5121519565582275,2.928213119506836,1,1
8815,3.530733823776245,2.9194438457489014,1,1
8816,3.2978053092956543,2.7791953086853027,1,1
8817,3.055062770843506,2.7220592498779297,0,0
8818,3.261151075363159,2.849250078201294,1,1
8819,2.7230238914489746,2.4776370525360107,0,0
8820,2.340928554534912,2.481248378753662,0,0
8821,2.723907947540283,2.621968984603882,0,0
8822,2.6398706436157227,2.7316040992736816,1,1
8823,2.503596067428589,2.405062198638916,0,0
8824,2.913252592086792,2.819852113723755,1,1
8825,3.2594175338745117,2.856314182281494,1,1
8826,3.121880531311035,2.9335250854492188,0,0
8827,3.341792106628418,2.949370861053467,1,1
8828,3.174360513687134,2.9513003826141357,0,0
8829,2.9776525497436523,2.746034860610962,0,0
8830,2.834850311279297,2.604902505874634,0,0
8831,2.5542852878570557,2.1547398567199707,1,1
8832,3.00773286819458,2.868049144744873,0,0
8833,3.118434190750122,2.8573317527770996,0,0
8834,2.8799901008605957,2.6805567741394043,1,1
8835,3.214362621307373,3.0099258422851562,0,0
8836,3.487286329269409,3.2045698165893555,1,1
8837,3.7277066707611084,3.3105077743530273,1,1
8838,3.1959846019744873,3.0480332374572754,0,0
8839,3.3591830730438232,2.9301772117614746,0,0
8840,2.536606550216675,2.5105271339416504,0,0
8841,3.059835195541382,3.009739398956299,0,0
8842,2.9573822021484375,2.8674216270446777,0,0
8843,2.9189329147338867,2.804802894592285,0,0
8844,3.469815254211426,3.0942139625549316,1,1
8845,3.4250259399414062,3.096853733062744,1,1
8846,3.720371723175049,3.350022077560425,1,1
8847,3.4641659259796143,3.1852378845214844,1,1
8848,3.3602688312530518,2.9619052410125732,1,1
8849,3.5300376415252686,3.321791648864746,1,1
8850,3.5050835609436035,3.148557186126709,1,1
8851,3.8357033729553223,3.435295343399048,1,1
8852,3.125170946121216,2.9548001289367676,1,1
8853,3.238102912902832,2.9552361965179443,1,1
8854,3.199333667755127,2.963650703430176,0,0
8855,3.1079142093658447,3.1067097187042236,0,0
8856,3.2616162300109863,3.0887367725372314,1,1
8857,3.466625213623047,3.263298273086548,0,0
8858,3.5893404483795166,3.23885440826416,0,0
8859,3.4529197216033936,3.1760060787200928,1,1
8860,3.4111573696136475,3.1194732189178467,1,1
8861,3.4175803661346436,3.2018723487854004,1,1
8862,3.7299818992614746,3.4659578800201416,1,1
8863,3.435549020767212,3.2853660583496094,0,0
8864,3.187511920928955,2.9690918922424316,1,1
8865,2.691063642501831,2.2812952995300293,0,0
8866,2.5902884006500244,2.4521536827087402,1,1
8867,2.5504021644592285,2.4242002964019775,1,1
8868,2.4376325607299805,2.131296157836914,0,0
8869,2.674941062927246,2.388561725616455,0,0
8870,2.7289726734161377,2.339977979660034,1,1
8871,2.824976921081543,2.516514301300049,1,1
8872,2.7557730674743652,2.422363758087158,1,1
8873,2.6130261421203613,2.300150156021118,0,0
8874,2.4060795307159424,2.2496724128723145,1,1
8875,2.71168851852417,2.4050135612487793,0,0
8876,3.132617235183716,2.7347350120544434,0,0
8877,2.8352270126342773,2.5431056022644043,0,0
8878,3.015096664428711,2.6495628356933594,1,1
8879,2.796210289001465,2.440659999847412,0,0
8880,2.4984841346740723,2.3661270141601562,0,0
8881,2.5749197006225586,2.337632179260254,1,1
8882,2.573469400405884,2.2232460975646973,1,1
8883,2.7124226093292236,2.442455291748047,0,0
8884,2.986733913421631,2.5801992416381836,0,0
8885,2.8796865940093994,2.7149596214294434,1,1
8886,2.936903715133667,2.513761281967163,1,1
8887,3.014798879623413,2.508397340774536,1,1
8888,2.751291036605835,2.722672700881958,0,0
8889,3.562633514404297,3.299901008605957,0,0
8890,3.302084445953369,3.1824193000793457,1,1
8891,3.4829626083374023,3.307384967803955,0,0
8892,3.4377336502075195,3.221773624420166,1,1
8893,3.3883676528930664,3.2454264163970947,1,1
8894,2.1742472648620605,2.1805622577667236,1,1
8895,3.411623239517212,3.215402364730835,1,1
8896,2.9119791984558105,2.8618946075439453,1,1
8897,3.2950398921966553,3.2546234130859375,1,1
8898,3.2335433959960938,3.2738821506500244,0,0
8899,3.387129545211792,3.4424190521240234,1,1
8900,3.2178080081939697,3.114377975463867,0,0
8901,3.5040900707244873,3.3515572547912598,1,1
8902,2.99818754196167,3.0012993812561035,0,0
8903,3.4999682903289795,3.279318332672119,1,1
8904,3.3062636852264404,3.128288745880127,0,0
8905,3.3028552532196045,3.22359037399292,1,1
8906,3.2351572513580322,3.2053966522216797,0,0
8907,3.5139966011047363,3.290210247039795,0,0
8908,3.240203619003296,3.033228874206543,1,1
8909,3.106712818145752,3.011810302734375,1,1
8910,3.2747409343719482,2.9928653240203857,1,1
8911,3.2015273571014404,2.8230464458465576,1,1
8912,3.183147668838501,2.9728097915649414,0,0
8913,2.4879071712493896,2.566302537918091,0,0
8914,3.0271823406219482,2.9982707500457764,1,1
8915,3.150724172592163,2.9391677379608154,0,0
8916,3.254117727279663,3.2199883460998535,1,1
8917,3.1218948364257812,3.084475517272949,0,0
8918,3.2271461486816406,3.026970863342285,1,1
8919,3.4595963954925537,3.2407469749450684,1,1
8920,3.4133191108703613,3.2591824531555176,1,1
8921,3.3816885948181152,3.3425254821777344,1,1
8922,3.2883541584014893,3.2091259956359863,1,1
8923,3.862818479537964,3.4990110397338867,1,1
8924,3.5352683067321777,3.3166913986206055,1,1
8925,3.2269811630249023,3.213479995727539,1,1
8926,3.4141736030578613,3.2773079872131348,1,1
8927,3.281137704849243,3.2010016441345215,1,1
8928,3.2344958782196045,3.0205535888671875,1,1
8929,3.4599921703338623,3.1964035034179688,0,0
8930,3.2693307399749756,3.064511775970459,0,0
8931,3.157949209213257,3.084400177001953,0,0
8932,2.96811842918396,2.762061595916748,0,0
8933,2.8504984378814697,2.4405078887939453,1,1
8934,2.715303897857666,2.4741363525390625,0,0
8935,2.6703872680664062,2.576054096221924,0,0
8936,3.2054669857025146,2.577418804168701,1,1
8937,2.9561564922332764,2.485823631286621,1,1
8938,2.91080904006958,2.4447126388549805,1,1
8939,2.955080986022949,2.617286443710327,1,1
8940,2.9516549110412598,2.6795644760131836,0,0
8941,2.891904592514038,2.613997459411621,1,1
8942,2.7167534828186035,2.3934834003448486,0,0
8943,2.8736581802368164,2.464962959289551,0,0
8944,2.4663305282592773,2.2923355102539062,0,0
8945,3.0663909912109375,2.7133467197418213,1,1
8946,2.5987017154693604,2.4084384441375732,0,0
8947,3.0411057472229004,2.6959853172302246,1,1
8948,2.938690185546875,2.696134328842163,0,0
8949,3.211158275604248,3.032601833343506,1,1
8950,2.8904612064361572,2.6576247215270996,0,0
8951,2.6995391845703125,2.419430732727051,0,0
8952,3.3578052520751953,3.1327526569366455,1,1
8953,2.5249125957489014,2.460695743560791,1,1
8954,3.3043766021728516,3.0943474769592285,1,1
8955,3.5569186210632324,2.9645562171936035,1,1
8956,2.236015796661377,2.422133445739746,0,0
8957,2.7272040843963623,2.6933846473693848,0,0
8958,3.057488441467285,2.9178361892700195,1,1
8959,3.110891819000244,2.891984462738037,1,1
8960,2.9348337650299072,2.7192487716674805,0,0
8961,3.034477949142456,2.776981830596924,0,0
8962,3.0211799144744873,2.8665008544921875,0,0
8963,3.1802101135253906,3.0241689682006836,0,0
8964,3.120429277420044,2.9597015380859375,0,0
8965,3.034057855606079,3.0026326179504395,0,0
8966,3.1703813076019287,2.8128716945648193,0,0
8967,3.252063751220703,2.934235095977783,1,1
8968,3.356154680252075,3.0067455768585205,1,1
8969,3.718463182449341,3.2815635204315186,1,1
8970,3.5640833377838135,3.229611396789551,1,1
8971,3.5379326343536377,3.1055564880371094,1,1
8972,3.0652196407318115,2.786165237426758,1,1
8973,3.164663791656494,2.9741926193237305,0,0
8974,3.402144432067871,2.991732597351074,0,0
8975,3.5520057678222656,3.154684066772461,0,0
8976,3.4946861267089844,3.1745262145996094,0,0
8977,3.294046401977539,3.063347339630127,0,0
8978,3.153958797454834,2.8468031883239746,1,1
8979,3.281921863555908,2.9445412158966064,0,0
8980,3.189373016357422,2.900094985961914,0,0
8981,3.450460195541382,3.0592260360717773,0,0
8982,3.574104070663452,3.1526668071746826,0,0
8983,3.6251261234283447,3.176753282546997,0,0
8984,3.1195521354675293,2.8592095375061035,0,0
8985,3.356431722640991,3.033815860748291,0,0
8986,3.0162320137023926,2.711225986480713,0,0
8987,3.317899703979492,3.0504188537597656,1,1
8988,3.699892282485962,3.3984642028808594,1,1
8989,3.5172293186187744,3.193732500076294,0,0
8990,3.4321019649505615,3.0654025077819824,0,0
8991,3.6954431533813477,3.324718713760376,1,1
8992,3.7095143795013428,3.235076427459717,0,0
8993,3.468233823776245,3.125864028930664,0,0
8994,3.524597406387329,3.3114566802978516,1,1
8995,3.667185068130493,3.1063880920410156,0,0
8996,3.4785168170928955,2.948627471923828,0,0
8997,3.8210408687591553,3.3168087005615234,1,1
8998,3.525691032409668,3.2093300819396973,1,1
8999,3.088785409927368,2.8669819831848145,1,1
9000,3.3315749168395996,3.1001534461975098,1,1
9001,3.5700576305389404,3.222329616546631,1,1
9002,3.520845651626587,3.2658095359802246,0,0
9003,3.4420173168182373,3.240346908569336,1,1
9004,3.357250213623047,3.299020767211914,1,1
9005,3.3367578983306885,3.2381370067596436,0,0
9006,3.740208625793457,3.2957372665405273,1,1
9007,3.5172245502471924,3.2805254459381104,1,1
9008,3.4957237243652344,3.1925668716430664,1,1
9009,3.4348697662353516,3.147585153579712,1,1
9010,3.1833748817443848,3.1073451042175293,0,0
9011,3.4819936752319336,3.314028024673462,1,1
9012,3.663968801498413,3.4091553688049316,1,1
9013,3.7383804321289062,3.4441375732421875,1,1
9014,3.194413661956787,3.3242416381835938,1,1
9015,3.2165513038635254,3.323573350906372,1,1
9016,3.33955979347229,3.382232189178467,1,1
9017,2.9301018714904785,2.9862890243530273,1,1
9018,2.961909532546997,2.8878889083862305,1,1
9019,2.9344708919525146,2.8662068843841553,0,0
9020,2.8968091011047363,2.8714022636413574,0,0
9021,3.1185898780822754,2.9703359603881836,1,1
9022,3.036116361618042,2.918105125427246,1,1
9023,3.136706590652466,2.9019975662231445,0,0
9024,3.166557550430298,3.146540403366089,1,1
9025,3.314364194869995,3.0872325897216797,0,0
9026,3.166452169418335,3.154114007949829,0,0
9027,3.4563093185424805,3.4824881553649902,1,1
9028,3.460753917694092,3.2157375812530518,1,1
9029,3.410482883453369,3.1546630859375,0,0
9030,3.279171943664551,3.1868581771850586,0,0
9031,2.869326591491699,2.7015669345855713,0,0
9032,3.1295032501220703,3.0167837142944336,1,1
9033,3.243849992752075,2.9982476234436035,0,0
9034,3.5410943031311035,3.3658671379089355,0,0
9035,2.970673084259033,2.7344000339508057,0,0
9036,2.677189588546753,2.499721050262451,1,1
9037,2.5357701778411865,2.48685884475708,0,0
9038,2.327852487564087,2.3145482540130615,0,0
9039,2.8928511142730713,2.572056293487549,0,0
9040,2.9023783206939697,2.709125518798828,0,0
9041,2.87009596824646,2.7500550746917725,0,0
9042,3.0236830711364746,2.838515281677246,0,0
9043,3.2037594318389893,2.9859516620635986,0,0
9044,3.416384696960449,3.1868765354156494,1,1
9045,3.343848705291748,3.1159591674804688,0,0
9046,3.2752292156219482,3.0164246559143066,0,0
9047,3.513472080230713,3.205683708190918,0,0
9048,3.2171151638031006,2.9761815071105957,0,0
9049,3.4003381729125977,3.1556897163391113,0,0
9050,3.292670488357544,3.004326581954956,0,0
9051,3.1405251026153564,2.9376578330993652,1,1
9052,3.272686719894409,2.9295341968536377,1,1
9053,3.2532272338867188,3.12917423248291,0,0
9054,3.6975598335266113,3.110344886779785,1,1
9055,3.5293936729431152,3.2426891326904297,1,1
9056,3.250997304916382,2.826427459716797,1,1
9057,3.408573627471924,3.1310906410217285,0,0
9058,3.5022389888763428,3.065842628479004,1,1
9059,3.2119574546813965,2.90805983543396,0,0
9060,3.5637929439544678,3.1978626251220703,1,1
9061,3.6814985275268555,3.19897723197937,1,1
9062,3.7252488136291504,3.4921669960021973,0,0
9063,3.3054256439208984,3.003586530685425,0,0
9064,3.2125744819641113,2.9251296520233154,1,1
9065,3.019420623779297,2.784066677093506,0,0
9066,2.7783291339874268,2.721536159515381,0,0
9067,3.2492928504943848,3.106563091278076,1,1
9068,3.476625919342041,3.2446165084838867,1,1
9069,3.2181308269500732,2.9009013175964355,1,1
9070,3.007051467895508,2.6306581497192383,1,1
9071,2.9445574283599854,2.8872644901275635,1,1
9072,3.3083255290985107,3.1578145027160645,1,1
9073,3.035512924194336,3.132239818572998,0,0
9074,3.2218682765960693,3.102614641189575,0,0
9075,3.128495454788208,2.6640872955322266,1,1
9076,3.262075662612915,3.094411849975586,0,0
9077,3.440051555633545,3.2124013900756836,1,1
9078,3.4957969188690186,3.1386055946350098,0,0
9079,3.8660852909088135,3.555272102355957,1,1
9080,3.748073101043701,3.4696688652038574,1,1
9081,3.819277763366699,3.3922488689422607,1,1
9082,4.158573150634766,3.4938061237335205,1,1
9083,3.488656997680664,3.2671308517456055,0,0
9084,3.6828742027282715,3.2182297706604004,0,0
9085,3.5311925411224365,3.0290486812591553,1,1
9086,3.6379637718200684,3.186682939529419,0,0
9087,4.14394998550415,3.557908535003662,1,1
9088,3.4293458461761475,3.1842474937438965,0,0
9089,3.8436663150787354,3.4389686584472656,1,1
9090,3.300067186355591,3.093778610229492,1,1
9091,3.526007890701294,3.1380839347839355,1,1
9092,3.7312402725219727,3.4513838291168213,0,0
9093,3.423426866531372,3.136000156402588,0,0
9094,3.106152296066284,2.9489798545837402,1,1
9095,2.7268970012664795,2.666653871536255,1,1
9096,2.8490030765533447,2.7908594608306885,1,1
9097,3.121805429458618,3.101677656173706,1,1
9098,3.1991894245147705,3.0261592864990234,1,1
9099,3.007702350616455,2.7386646270751953,1,1
9100,2.8993759155273438,2.699892997741699,1,1
9101,3.047551393508911,2.708054542541504,1,1
9102,2.8942785263061523,2.6481332778930664,1,1
9103,2.9211277961730957,2.7350611686706543,1,1
9104,2.925241708755493,2.8948144912719727,1,1
9105,3.176356315612793,2.6878538131713867,1,1
9106,2.7662203311920166,2.5202808380126953,1,1
9107,3.06435227394104,2.6624464988708496,1,1
9108,3.1050775051116943,2.6858110427856445,1,1
9109,2.839322090148926,2.5854458808898926,0,0
9110,2.854585886001587,2.8067808151245117,0,0
9111,3.3345284461975098,3.0898942947387695,1,1
9112,2.3982253074645996,2.3828301429748535,0,0
9113,3.1791880130767822,3.1013240814208984,1,1
9114,3.2271175384521484,2.9678149223327637,1,1
9115,3.243227005004883,3.1412715911865234,1,1
9116,3.157149076461792,2.922161102294922,1,1
9117,2.940861225128174,2.993030548095703,0,0
9118,3.239278793334961,2.956631660461426,1,1
9119,3.100137710571289,3.011793613433838,0,0
9120,3.1536073684692383,3.095419406890869,1,1
9121,3.1182045936584473,3.1126136779785156,1,1
9122,3.26064133644104,3.0750792026519775,1,1
9123,3.0385284423828125,3.074037551879883,1,1
9124,3.510735273361206,3.1454944610595703,1,1
9125,3.3091044425964355,2.9768714904785156,1,1
9126,3.4964778423309326,3.0355148315429688,1,1
9127,3.0223283767700195,2.7827136516571045,0,0
9128,3.277446746826172,2.9211506843566895,0,0
9129,2.9579036235809326,2.6953775882720947,0,0
9130,3.0113718509674072,2.6871538162231445,0,0
9131,3.1504502296447754,3.156097412109375,0,0
9132,2.9069669246673584,2.691803455352783,0,0
9133,3.2386889457702637,3.0124425888061523,1,1
9134,3.5035877227783203,3.0793397426605225,1,1
9135,3.6956593990325928,3.103221893310547,1,1
9136,3.4083011150360107,2.990300416946411,1,1
9137,3.3867642879486084,3.133077383041382,1,1
9138,2.948828935623169,2.8243088722229004,0,0
9139,3.121478319168091,3.0756354331970215,0,0
9140,2.9768810272216797,2.718137741088867,0,0
9141,2.730165719985962,2.454970359802246,1,1
9142,3.565763235092163,2.9129018783569336,1,1
9143,2.8046209812164307,2.6748852729797363,0,0
9144,2.7729594707489014,2.6204771995544434,0,0
9145,3.132730484008789,2.999950885772705,0,0
9146,3.055776596069336,2.8109843730926514,0,0
9147,2.975918769836426,2.7172625064849854,0,0
9148,2.746638536453247,2.633845806121826,0,0
9149,3.011838674545288,2.8196334838867188,0,0
9150,2.894038438796997,2.8837366104125977,0,0
9151,3.280987024307251,3.166419506072998,1,1
9152,3.6560940742492676,3.171618700027466,1,1
9153,3.496091365814209,3.230984687805176,1,1
9154,3.5490527153015137,3.141537666320801,0,0
9155,3.5388102531433105,3.29215931892395,1,1
9156,3.439565658569336,3.2958247661590576,1,1
9157,3.6181139945983887,3.3700528144836426,0,0
9158,3.438339948654175,3.18015193939209,0,0
9159,3.2206456661224365,3.1459264755249023,1,1
9160,3.336588144302368,3.141118049621582,1,1
9161,2.99953031539917,2.972593307495117,0,0
9162,3.1675374507904053,3.005049467086792,1,1
9163,3.323934555053711,3.1323256492614746,0,0
9164,3.2605385780334473,3.1971168518066406,0,0
9165,3.501535177230835,3.1353840827941895,0,0
9166,3.0516183376312256,2.9947104454040527,1,1
9167,2.81998348236084,2.7748570442199707,1,1
9168,3.2540016174316406,3.045492172241211,1,1
9169,2.79502010345459,2.560020923614502,1,1
9170,3.47316837310791,3.1800107955932617,1,1
9171,2.91281795501709,2.9381649494171143,1,1
9172,3.249911308288574,3.333782911300659,1,1
9173,3.1680290699005127,3.152723550796509,0,0
9174,3.1924731731414795,3.107351541519165,1,1
9175,2.9149749279022217,2.803715229034424,0,0
9176,3.372183084487915,3.146160125732422,1,1
9177,3.402279853820801,3.2064504623413086,1,1
9178,3.458578109741211,3.1804983615875244,0,0
9179,3.0306060314178467,2.8430333137512207,1,1
9180,3.273850440979004,3.023399829864502,0,0
9181,3.0972158908843994,2.9666690826416016,0,0
9182,2.8793842792510986,2.853273868560791,0,0
9183,3.056978225708008,2.9077353477478027,0,0
9184,3.0135648250579834,2.8347556591033936,0,0
9185,3.179781436920166,3.0750112533569336,0,0
9186,3.01802659034729,2.9514899253845215,0,0
9187,3.1887173652648926,3.0419528484344482,0,0
9188,3.032837390899658,3.0017242431640625,1,1
9189,3.2125940322875977,2.8569817543029785,0,0
9190,3.1084656715393066,2.6736435890197754,1,1
9191,3.67008376121521,3.0217461585998535,1,1
9192,3.0180552005767822,2.639819860458374,0,0
9193,3.297487497329712,2.905343532562256,0,0
9194,3.3812801837921143,3.1157140731811523,0,0
9195,3.615713357925415,3.260112762451172,0,0
9196,3.4030990600585938,3.1410632133483887,1,1
9197,3.5757057666778564,3.301567554473877,1,1
9198,3.2690818309783936,3.095616340637207,0,0
9199,3.3628993034362793,2.969696283340454,0,0
9200,3.386927604675293,2.9689884185791016,0,0
9201,3.2833995819091797,2.629246950149536,1,1
9202,3.1961510181427,3.085742473602295,1,1
9203,3.5410115718841553,3.226287841796875,1,1
9204,2.7425665855407715,2.5157504081726074,0,0
9205,3.188406467437744,2.980990171432495,0,0
9206,3.5808725357055664,3.3321046829223633,1,1
9207,3.524958610534668,3.1661784648895264,1,1
9208,3.6361892223358154,3.2698469161987305,0,0
9209,3.311823606491089,3.233462333679199,0,0
9210,3.795463800430298,3.413734197616577,0,0
9211,3.593069314956665,3.3827476501464844,0,0
9212,3.1608848571777344,2.9971063137054443,0,0
9213,3.240992784500122,3.2651944160461426,0,0
9214,3.0942904949188232,3.175750494003296,1,1
9215,3.5977113246917725,3.396599531173706,1,1
9216,3.335671901702881,3.2851309776306152,0,0
9217,3.3782434463500977,3.2184858322143555,0,0
9218,3.341904878616333,3.2636566162109375,0,0
9219,3.4984641075134277,3.3783373832702637,1,1
9220,3.651109457015991,3.3573246002197266,0,0
9221,3.6048924922943115,3.3260927200317383,0,0
9222,3.2447333335876465,3.0633206367492676,0,0
9223,3.0392866134643555,2.599698305130005,1,1
9224,3.2539384365081787,2.97385835647583,0,0
9225,3.540336847305298,3.126561164855957,1,1
9226,3.4623639583587646,3.082249402999878,0,0
9227,3.467632293701172,3.137031078338623,0,0
9228,3.7817978858947754,3.2906198501586914,1,1
9229,3.468219518661499,3.152402400970459,0,0
9230,3.3113090991973877,3.0360376834869385,1,1
9231,2.735536813735962,2.7532551288604736,0,0
9232,3.6317126750946045,3.4336342811584473,1,1
9233,3.26603364944458,3.3855373859405518,1,1
9234,3.326514959335327,2.9594411849975586,0,0
9235,3.048938035964966,2.995380163192749,0,0
9236,2.895564317703247,2.8021774291992188,0,0
9237,3.185141086578369,3.177398204803467,0,0
9238,3.2783596515655518,3.1005802154541016,0,0
9239,2.450908899307251,2.306382179260254,0,0
9240,3.3636863231658936,3.155632495880127,0,0
9241,3.34456467628479,3.0847878456115723,0,0
9242,3.1499528884887695,2.924156904220581,1,1
9243,3.1710281372070312,2.806992530822754,1,1
9244,3.2770421504974365,2.7304482460021973,1,1
9245,3.2798542976379395,2.7328362464904785,1,1
9246,2.8092219829559326,2.6505215167999268,0,0
9247,3.108487606048584,2.7516095638275146,1,1
9248,3.096076726913452,2.5670785903930664,1,1
9249,3.1100616455078125,2.7215676307678223,0,0
9250,2.047849416732788,2.130671501159668,1,1
9251,2.8975412845611572,2.703795909881592,1,1
9252,3.1545333862304688,2.9051549434661865,0,0
9253,3.363284111022949,3.104187250137329,1,1
9254,3.4691412448883057,3.157614231109619,1,1
9255,3.6463451385498047,3.3348145484924316,1,1
9256,3.9209301471710205,3.4275381565093994,1,1
9257,3.7763540744781494,3.378706455230713,1,1
9258,3.3778090476989746,3.3169376850128174,1,1
9259,2.980119466781616,2.964752197265625,0,0
9260,3.279531955718994,2.971341133117676,1,1
9261,3.6243386268615723,3.121450185775757,1,1
9262,3.2635464668273926,2.7340919971466064,1,1
9263,3.0572612285614014,2.9578161239624023,0,0
9264,2.9517672061920166,2.631845712661743,0,0
9265,3.8879425525665283,3.2788872718811035,1,1
9266,3.6961307525634766,3.3269028663635254,0,0
9267,3.567258596420288,3.2299022674560547,1,1
9268,3.12914776802063,3.17091703414917,1,1
9269,3.112516403198242,2.841984748840332,0,0
9270,2.808837413787842,2.756802558898926,1,1
9271,3.1899497509002686,2.931180715560913,1,1
9272,3.379199743270874,3.251589775085449,0,0
9273,3.0605409145355225,3.0169668197631836,0,0
9274,3.2237460613250732,3.156973123550415,0,0
9275,3.5186169147491455,3.182236909866333,1,1
9276,3.533726215362549,3.405644416809082,1,1
9277,2.946521759033203,2.949275016784668,1,1
9278,4.174502372741699,3.893279552459717,1,1
9279,3.8845088481903076,3.555863618850708,1,1
9280,2.8004987239837646,2.587975263595581,0,0
9281,3.0509707927703857,2.7634880542755127,0,0
9282,3.2472410202026367,3.056645393371582,0,0
9283,2.9613451957702637,2.887070655822754,0,0
9284,2.6790971755981445,2.6180944442749023,0,0
9285,2.945493459701538,2.7890517711639404,1,1
9286,2.6650712490081787,2.512770891189575,0,0
9287,2.905094623565674,2.5668530464172363,0,0
9288,3.0141279697418213,2.798295259475708,0,0
9289,3.6183624267578125,3.3732147216796875,1,1
9290,3.400681972503662,3.2949256896972656,1,1
9291,3.708540678024292,3.4228692054748535,1,1
9292,3.1979706287384033,3.2198634147644043,1,1
9293,3.567074775695801,3.4264395236968994,1,1
9294,3.5926337242126465,3.3229165077209473,1,1
9295,3.622204542160034,3.4649529457092285,0,0
9296,3.6380014419555664,3.4114372730255127,1,1
9297,3.3342831134796143,2.960879325866699,1,1
9298,3.548349142074585,3.3106272220611572,0,0
9299,3.558271884918213,3.455293655395508,1,1
9300,3.1202006340026855,3.2261648178100586,1,1
9301,3.077693462371826,3.1440250873565674,1,1
9302,3.569281578063965,3.157928466796875,0,0
9303,2.9179952144622803,2.581019878387451,0,0
9304,3.500155210494995,3.319502830505371,0,0
9305,3.5253467559814453,3.2694191932678223,1,1
9306,3.3809866905212402,3.0962305068969727,1,1
9307,3.2472290992736816,3.135317325592041,1,1
9308,3.1715762615203857,3.2058424949645996,0,0
9309,3.7366631031036377,3.3522090911865234,0,0
9310,3.3167338371276855,3.1692590713500977,0,0
9311,3.0446789264678955,2.8480165004730225,0,0
9312,3.7034101486206055,3.400484085083008,0,0
9313,2.660703182220459,2.5856940746307373,0,0
9314,2.977759838104248,2.7238335609436035,0,0
9315,3.5073142051696777,3.2367515563964844,1,1
9316,3.860300064086914,3.0972115993499756,1,1
9317,3.87524676322937,3.1002397537231445,1,1
9318,4.062511920928955,3.305310010910034,1,1
9319,3.3801424503326416,3.059203624725342,0,0
9320,3.776855707168579,3.2602686882019043,0,0
9321,3.4548823833465576,3.093494415283203,0,0
9322,3.5271244049072266,2.9237194061279297,1,1
9323,3.677581310272217,3.2841553688049316,0,0
9324,3.347973108291626,3.0416040420532227,0,0
9325,3.0968687534332275,2.872321128845215,1,1
9326,3.2437522411346436,2.9819889068603516,1,1
9327,2.8726301193237305,2.882753610610962,0,0
9328,3.028890371322632,2.9155545234680176,0,0
9329,2.6574175357818604,2.71817946434021,0,0
9330,2.8649370670318604,2.786181926727295,0,0
9331,3.2642884254455566,3.034473419189453,0,0
9332,3.1654088497161865,2.994678497314453,0,0
9333,3.2836074829101562,3.1346168518066406,1,1
9334,3.5368242263793945,3.2647905349731445,0,0
9335,3.391460657119751,3.1243362426757812,1,1
9336,2.913557291030884,2.7336130142211914,0,0
9337,3.054743766784668,2.885890007019043,1,1
9338,2.8994526863098145,2.7039084434509277,0,0
9339,3.3557116985321045,3.0595898628234863,1,1
9340,2.846794366836548,2.755366325378418,0,0
9341,3.0551552772521973,2.8715600967407227,1,1
9342,3.2285149097442627,2.9334864616394043,0,0
9343,3.2209222316741943,2.987497091293335,1,1
9344,3.11357045173645,2.9031763076782227,0,0
9345,3.6255955696105957,3.1234915256500244,1,1
9346,3.198366403579712,2.910147190093994,0,0
9347,3.7521910667419434,3.3552098274230957,1,1
9348,3.221775531768799,3.043003559112549,0,0
9349,3.1653237342834473,2.8573992252349854,1,1
9350,2.4112260341644287,2.3774189949035645,1,1
9351,2.7982587814331055,2.7004716396331787,1,1
9352,3.6407270431518555,3.261958599090576,1,1
9353,3.4806346893310547,3.378934860229492,1,1
9354,3.236891508102417,3.0027365684509277,0,0
9355,3.261841297149658,3.0470945835113525,1,1
9356,3.2452919483184814,2.8036623001098633,1,1
9357,3.3820462226867676,2.9885101318359375,1,1
9358,3.081059455871582,2.881037712097168,0,0
9359,3.0435802936553955,2.8198766708374023,0,0
9360,3.3767879009246826,3.0552608966827393,1,1
9361,3.4159741401672363,3.0752878189086914,1,1
9362,3.136741876602173,2.8948988914489746,1,1
9363,3.4072954654693604,3.210761070251465,1,1
9364,2.583759307861328,2.3777825832366943,1,1
9365,3.2679855823516846,3.228867530822754,0,0
9366,2.666185140609741,2.6582953929901123,0,0
9367,2.410637140274048,2.3106536865234375,0,0
9368,3.1164205074310303,2.989314079284668,0,0
9369,3.1958532333374023,3.0812487602233887,1,1
9370,2.7008044719696045,2.7803826332092285,0,0
9371,3.4203548431396484,3.253342628479004,1,1
9372,3.1006109714508057,3.1154723167419434,1,1
9373,3.3452274799346924,3.16762375831604,1,1
9374,3.1902289390563965,3.1596903800964355,1,1
9375,3.3262779712677,3.107077121734619,0,0
9376,3.233227014541626,3.112759828567505,1,1
9377,3.24070143699646,3.075387477874756,0,0
9378,2.5532615184783936,2.429171085357666,0,0
9379,3.6460065841674805,3.2521073818206787,1,1
9380,3.4812734127044678,3.196486473083496,1,1
9381,3.5203609466552734,3.3085250854492188,1,1
9382,3.1905319690704346,2.8312172889709473,0,0
9383,2.6997039318084717,2.545884132385254,1,1
9384,3.2829959392547607,3.0971851348876953,0,0
9385,2.519998788833618,2.407823324203491,0,0
9386,3.0749800205230713,2.7994790077209473,0,0
9387,3.1472575664520264,2.899219036102295,1,1
9388,3.282574415206909,3.03375244140625,1,1
9389,2.9812960624694824,2.7412610054016113,1,1
9390,3.4306905269622803,2.9549903869628906,1,1
9391,3.62528133392334,3.214534044265747,1,1
9392,3.596609592437744,3.3153023719787598,1,1
9393,3.3231711387634277,3.30800461769104,1,1
9394,3.4383602142333984,3.2220611572265625,1,1
9395,3.4212379455566406,3.26295804977417,1,1
9396,3.0534486770629883,2.838240146636963,0,0
9397,3.1610312461853027,2.8710622787475586,0,0
9398,3.3678927421569824,3.0058841705322266,1,1
9399,3.183081865310669,2.996638774871826,0,0
9400,3.851010322570801,3.4751548767089844,1,1
9401,3.2701995372772217,3.1096677780151367,1,1
9402,3.1790196895599365,3.067044973373413,0,0
9403,3.590913772583008,3.167933940887451,0,0
9404,3.7402420043945312,3.4408624172210693,1,1
9405,3.5851526260375977,3.237382411956787,0,0
9406,3.492661237716675,3.258237838745117,1,1
9407,3.217263698577881,3.0920872688293457,0,0
9408,3.1654107570648193,3.1611487865448,0,0
9409,3.4067466259002686,3.1894173622131348,1,1
9410,3.6012678146362305,3.245129108428955,1,1
9411,3.3862204551696777,3.2440907955169678,0,0
9412,3.7047126293182373,3.409670829772949,1,1
9413,3.563873291015625,3.1871628761291504,0,0
9414,3.3025829792022705,3.10965895652771,0,0
9415,3.165786027908325,3.096790313720703,0,0
9416,3.4647891521453857,3.079301118850708,0,0
9417,3.158747911453247,2.964984655380249,1,1
9418,3.0944201946258545,2.8156440258026123,0,0
9419,3.315174102783203,2.9511592388153076,0,0
9420,3.7305541038513184,3.3544273376464844,0,0
9421,3.6852529048919678,3.217494487762451,1,1
9422,3.5380423069000244,3.270972490310669,0,0
9423,3.6951475143432617,3.3288607597351074,1,1
9424,3.390554189682007,3.1917924880981445,0,0
9425,3.6041505336761475,3.3082313537597656,1,1
9426,3.455888271331787,3.307778835296631,0,0
9427,3.4378154277801514,3.1866157054901123,1,1
9428,3.3808674812316895,3.2307729721069336,0,0
9429,3.6652185916900635,3.383563280105591,0,0
9430,3.393158435821533,3.1700870990753174,0,0
9431,3.505289077758789,3.3849105834960938,0,0
9432,3.0720949172973633,3.0153262615203857,0,0
9433,3.1008384227752686,2.99812650680542,1,1
9434,2.880645990371704,2.782411813735962,0,0
9435,3.1000635623931885,3.0149388313293457,0,0
9436,3.326875686645508,3.3673229217529297,1,1
9437,3.2164037227630615,3.2225122451782227,0,0
9438,3.45950984954834,3.1612911224365234,1,1
9439,3.164719581604004,3.048827648162842,1,1
9440,3.129117727279663,2.9332056045532227,0,0
9441,3.242489814758301,2.957571029663086,0,0
9442,2.958651304244995,2.732639789581299,0,0
9443,3.4941749572753906,3.134262800216675,0,0
9444,3.1509382724761963,2.8643102645874023,0,0
9445,3.5715830326080322,3.0927534103393555,0,0
9446,3.3448314666748047,3.0329017639160156,0,0
9447,3.128349781036377,2.8499088287353516,0,0
9448,3.2104125022888184,2.998283624649048,0,0
9449,3.018700122833252,3.154639959335327,0,0
9450,3.1084110736846924,3.042203903198242,1,1
9451,3.3028323650360107,3.0229785442352295,0,0
9452,3.561723470687866,3.1485848426818848,1,1
9453,3.081050395965576,2.7295241355895996,0,0
9454,3.5402307510375977,3.3258516788482666,1,1
9455,3.543476104736328,3.223452091217041,0,0
9456,3.4613196849823,3.1260015964508057,0,0
9457,2.03961443901062,1.9752418994903564,1,1
9458,2.9439194202423096,2.866974353790283,0,0
9459,3.34468150138855,3.0765693187713623,1,1
9460,2.782397747039795,2.832333564758301,0,0
9461,3.0255331993103027,3.0126075744628906,1,1
9462,3.4942288398742676,3.214547634124756,1,1
9463,3.1282644271850586,3.030917167663574,1,1
9464,3.054999589920044,2.9193153381347656,0,0
9465,3.258385419845581,3.231768846511841,1,1
9466,3.3873462677001953,3.171553134918213,1,1
9467,3.4375152587890625,3.126398801803589,0,0
9468,3.477294683456421,3.3436949253082275,1,1
9469,3.3918910026550293,3.303833484649658,0,0
9470,2.897844076156616,2.862215995788574,0,0
9471,2.9272491931915283,2.983619451522827,0,0
9472,3.3992011547088623,3.2611801624298096,0,0
9473,3.757092237472534,3.4116780757904053,1,1
9474,2.752291440963745,2.6245222091674805,0,0
9475,2.7819771766662598,2.80831241607666,0,0
9476,3.071341037750244,2.8846282958984375,1,1
9477,2.712592601776123,2.579418897628784,0,0
9478,3.092209815979004,3.036296844482422,1,1
9479,3.037339448928833,2.886923313140869,0,0
9480,3.471677541732788,3.0598695278167725,1,1
9481,3.4837214946746826,3.172257423400879,1,1
9482,3.3160555362701416,3.189639091491699,1,1
9483,3.1688029766082764,3.084219455718994,1,1
9484,3.2181880474090576,2.8340072631835938,0,0
9485,3.4542648792266846,3.2065653800964355,1,1
9486,3.243562698364258,3.005626916885376,1,1
9487,2.966421365737915,2.9084033966064453,0,0
9488,3.23417329788208,3.007871627807617,0,0
9489,3.3353965282440186,3.1044793128967285,1,1
9490,3.037611961364746,2.852508068084717,0,0
9491,3.2068588733673096,2.972461223602295,0,0
9492,3.1905910968780518,3.0205745697021484,1,1
9493,2.8505992889404297,2.902235507965088,0,0
9494,3.059075355529785,3.034574270248413,0,0
9495,2.8653597831726074,2.902132749557495,0,0
9496,3.2545406818389893,3.0166730880737305,0,0
9497,3.201496124267578,2.9815587997436523,0,0
9498,3.1222989559173584,3.1018128395080566,0,0
9499,3.167151689529419,2.9864351749420166,0,0
9500,2.745152711868286,2.735819101333618,1,1
9501,3.0011303424835205,2.80111026763916,0,0
9502,3.0989835262298584,2.922455072402954,0,0
9503,3.1459953784942627,2.9033961296081543,0,0
9504,3.83484148979187,3.4491889476776123,1,1
9505,3.423099994659424,3.1910243034362793,0,0
9506,3.0205962657928467,2.762336492538452,1,1
9507,3.2977840900421143,2.8745644092559814,0,0
9508,3.60902738571167,3.2123446464538574,0,0
9509,3.3010616302490234,2.986452579498291,1,1
9510,3.480576515197754,3.1501848697662354,1,1
9511,3.017108678817749,2.904446601867676,1,1
9512,3.5296225547790527,2.940657615661621,0,0
9513,3.2306272983551025,2.9517130851745605,0,0
9514,3.2543740272521973,3.022972583770752,1,1
9515,3.4396071434020996,3.0741827487945557,0,0
9516,3.5411393642425537,3.3391971588134766,0,0
9517,3.838848114013672,3.489114761352539,0,0
9518,3.616243600845337,3.11588716506958,0,0
9519,3.537592649459839,3.2501745223999023,0,0
9520,3.3828320503234863,3.086918830871582,0,0
9521,3.2221155166625977,2.858783721923828,0,0
9522,3.1360559463500977,2.930480718612671,0,0
9523,3.591881513595581,3.2063746452331543,0,0
9524,3.753875255584717,3.213088035583496,1,1
9525,3.266961097717285,2.9401254653930664,0,0
9526,3.3207900524139404,2.9946436882019043,0,0
9527,2.4642012119293213,2.343867301940918,0,0
9528,2.8630332946777344,2.5201022624969482,1,1
9529,2.937912702560425,2.7102766036987305,0,0
9530,3.31579327583313,2.868170976638794,1,1
9531,3.0256166458129883,2.801314115524292,1,1
9532,3.003221273422241,3.023989677429199,0,0
9533,3.597166061401367,3.350533962249756,1,1
9534,3.5772314071655273,3.535223960876465,0,0
9535,3.24141788482666,2.960296630859375,0,0
9536,3.2166359424591064,2.855109930038452,1,1
9537,3.1848835945129395,3.0111589431762695,1,1
9538,3.2348153591156006,3.010559558868408,1,1
9539,3.1628174781799316,2.8585867881774902,1,1
9540,3.072486639022827,2.8205552101135254,1,1
9541,3.1881959438323975,2.8454480171203613,0,0
9542,3.3407342433929443,2.99369215965271,1,1
9543,3.3024485111236572,3.0312485694885254,1,1
9544,3.3353075981140137,2.996037006378174,1,1
9545,3.13464617729187,3.0201103687286377,1,1
9546,3.114609956741333,2.9154231548309326,0,0
9547,3.219944953918457,3.059451103210449,0,0
9548,3.038503408432007,2.7106010913848877,0,0
9549,3.240953207015991,3.069506883621216,1,1
9550,3.2603156566619873,2.970945358276367,1,1
9551,3.3890380859375,2.8298192024230957,0,0
9552,3.5828285217285156,3.2385668754577637,0,0
9553,3.28867244720459,2.9026660919189453,0,0
9554,2.8469626903533936,2.5152926445007324,0,0
9555,3.385075092315674,2.963568687438965,1,1
9556,3.4469380378723145,3.127082347869873,1,1
9557,3.340012311935425,3.129971981048584,0,0
9558,3.0977120399475098,3.0409460067749023,0,0
9559,3.2230818271636963,2.9543004035949707,1,1
9560,3.21921443939209,3.035176992416382,1,1
9561,3.5964741706848145,3.2279865741729736,0,0
9562,3.311553478240967,2.9168100357055664,0,0
9563,3.243095874786377,2.9950547218322754,0,0
9564,3.4539644718170166,3.0164875984191895,0,0
9565,3.4337375164031982,3.090916633605957,0,0
9566,3.337175130844116,3.143157482147217,0,0
9567,3.519730806350708,3.115440845489502,0,0
9568,3.251795530319214,3.046051263809204,0,0
9569,3.3068130016326904,2.9781837463378906,1,1
9570,3.1720099449157715,2.9239115715026855,0,0
9571,2.9299254417419434,2.788382053375244,0,0
9572,3.205552339553833,2.9099371433258057,0,0
9573,3.3681375980377197,2.8379533290863037,1,1
9574,3.274740695953369,2.8266243934631348,0,0
9575,3.7991318702697754,3.2391552925109863,1,1
9576,3.6364245414733887,3.1704261302948,0,0
9577,3.371849536895752,2.9572582244873047,1,1
9578,3.4713499546051025,3.1807851791381836,1,1
9579,3.282925844192505,3.280149459838867,1,1
9580,3.4965336322784424,3.506281852722168,1,1
9581,2.9110119342803955,2.8540124893188477,0,0
9582,4.231576442718506,3.638866424560547,1,1
9583,3.6635208129882812,3.3973004817962646,0,0
9584,3.7262256145477295,3.6091957092285156,1,1
9585,3.345715284347534,3.31547212600708,0,0
9586,3.2316884994506836,3.0735766887664795,1,1
9587,3.1106669902801514,2.973785877227783,0,0
9588,3.061727523803711,2.990717649459839,0,0
9589,2.896226406097412,2.991525411605835,0,0
9590,3.958146810531616,3.564126491546631,1,1
9591,3.1329219341278076,2.8900835514068604,0,0
9592,2.7041895389556885,2.6416563987731934,0,0
9593,3.0062906742095947,3.113450527191162,0,0
9594,3.2856812477111816,3.249546527862549,1,1
9595,3.252338409423828,3.256263017654419,0,0
9596,2.886129379272461,3.0330886840820312,0,0
9597,3.1469247341156006,3.071476459503174,1,1
9598,3.3115108013153076,3.284144878387451,1,1
9599,3.037510395050049,3.104466438293457,1,1
9600,3.7498385906219482,3.429736852645874,1,1
9601,3.223485231399536,3.252256155014038,0,0
9602,3.0783612728118896,3.1028380393981934,0,0
9603,3.287360429763794,3.2268643379211426,0,0
9604,3.7954907417297363,3.529484272003174,1,1
9605,3.692066192626953,3.415900230407715,1,1
9606,3.7021543979644775,3.4902617931365967,1,1
9607,3.605588912963867,3.411344528198242,1,1
9608,3.580888032913208,3.4844183921813965,0,0
9609,3.3400795459747314,3.36350679397583,1,1
9610,3.618551015853882,3.3208603858947754,1,1
9611,3.1228113174438477,3.0330660343170166,0,0
9612,2.9478328227996826,2.681152582168579,1,1
9613,3.014484167098999,2.7570581436157227,0,0
9614,3.1316120624542236,2.923445463180542,0,0
9615,3.4116477966308594,3.2304587364196777,1,1
9616,3.367483615875244,3.365962028503418,0,0
9617,3.5888671875,3.4639739990234375,1,1
9618,3.7848117351531982,3.5418789386749268,1,1
9619,3.3772315979003906,3.190359592437744,1,1
9620,3.3620190620422363,3.1052775382995605,1,1
9621,3.9463605880737305,3.4495067596435547,1,1
9622,3.3769266605377197,3.1430041790008545,1,1
9623,3.3468101024627686,3.191729784011841,0,0
9624,3.687547445297241,3.5051989555358887,1,1
9625,3.7736082077026367,3.5563266277313232,1,1
9626,3.4025044441223145,2.986976385116577,1,1
9627,3.259443521499634,3.1071481704711914,1,1
9628,3.745189905166626,3.378988742828369,1,1
9629,3.3818728923797607,3.2750561237335205,1,1
9630,4.012901306152344,3.628573179244995,1,1
9631,3.459559917449951,3.256401777267456,0,0
9632,3.0335898399353027,2.823857545852661,0,0
9633,3.1783182621002197,3.018739700317383,0,0
9634,3.500588893890381,3.2340009212493896,1,1
9635,3.26481294631958,3.1304991245269775,1,1
9636,3.4871292114257812,3.2482752799987793,1,1
9637,3.152754068374634,3.099475383758545,0,0
9638,3.431525945663452,3.234982967376709,1,1
9639,3.841134548187256,3.387441635131836,1,1
9640,3.430669069290161,3.351311683654785,1,1
9641,3.1361634731292725,2.93906569480896,0,0
9642,2.9789950847625732,2.754845380783081,0,0
9643,3.5135974884033203,3.117128849029541,1,1
9644,3.344190835952759,3.0417609214782715,1,1
9645,3.532529830932617,3.124077081680298,0,0
9646,3.4608311653137207,3.142829418182373,1,1
9647,3.626847505569458,3.2653093338012695,0,0
9648,3.1617271900177,3.053893566131592,0,0
9649,3.1503114700317383,3.2099013328552246,0,0
9650,3.5424506664276123,3.430783748626709,0,0
9651,3.452589273452759,3.2733778953552246,1,1
9652,3.0831005573272705,3.239410161972046,0,0
9653,3.6245920658111572,3.5362777709960938,1,1
9654,2.695549249649048,2.8349509239196777,0,0
9655,3.4977266788482666,3.335068702697754,0,0
9656,3.3428831100463867,3.3055026531219482,1,1
9657,3.088456630706787,2.993318557739258,1,1
9658,2.9079415798187256,2.9644932746887207,0,0
9659,3.73563551902771,3.4048447608947754,0,0
9660,3.8374385833740234,3.489333152770996,1,1
9661,3.2499396800994873,2.848585605621338,1,1
9662,2.9589619636535645,2.9868197441101074,1,1
9663,3.3684403896331787,3.136291980743408,1,1
9664,3.4409849643707275,3.2469818592071533,0,0
9665,3.3185901641845703,2.9816200733184814,0,0
9666,3.5875086784362793,3.3634958267211914,0,0
9667,3.375437021255493,3.0561764240264893,0,0
9668,3.1233787536621094,2.752232313156128,1,1
9669,3.2589304447174072,3.00643253326416,1,1
9670,3.5817062854766846,3.284857749938965,0,0
9671,3.729069232940674,3.3603341579437256,1,1
9672,3.635960578918457,3.3810875415802,0,0
9673,3.6795668601989746,3.3056139945983887,1,1
9674,3.801698684692383,3.49045467376709,0,0
9675,2.986802339553833,2.950087785720825,1,1
9676,3.5452256202697754,3.176107883453369,0,0
9677,3.7544243335723877,3.3637142181396484,0,0
9678,3.475271463394165,3.2317698001861572,1,1
9679,2.641587257385254,2.5547056198120117,0,0
9680,2.819422960281372,2.680434226989746,0,0
9681,2.8155295848846436,2.73234224319458,0,0
9682,3.017369270324707,2.7333154678344727,0,0
9683,2.936999559402466,2.9532947540283203,1,1
9684,2.786311149597168,2.7352070808410645,0,0
9685,2.8716297149658203,2.771658420562744,0,0
9686,2.7462031841278076,2.7401480674743652,0,0
9687,3.1703641414642334,3.072695255279541,0,0
9688,3.298344612121582,3.0498275756835938,0,0
9689,3.6358225345611572,3.3723931312561035,1,1
9690,3.3114612102508545,3.207430839538574,1,1
9691,3.2406857013702393,3.108835220336914,1,1
9692,3.0475993156433105,2.9495725631713867,1,1
9693,2.9958503246307373,2.860973358154297,0,0
9694,3.4507133960723877,3.2096190452575684,1,1
9695,3.143399715423584,2.892401695251465,0,0
9696,3.317054510116577,3.0987465381622314,0,0
9697,3.3846306800842285,3.0923776626586914,0,0
9698,3.089545726776123,2.9485230445861816,0,0
9699,3.05291485786438,2.8754849433898926,1,1
9700,3.074291706085205,2.8626270294189453,0,0
9701,2.9072940349578857,2.783487558364868,0,0
9702,3.0223469734191895,2.7632527351379395,0,0
9703,2.6456596851348877,2.666832447052002,0,0
9704,2.6117987632751465,2.67028546333313,0,0
9705,2.9790616035461426,2.8741559982299805,0,0
9706,2.5576117038726807,2.4086360931396484,1,1
9707,2.9282820224761963,2.7086875438690186,0,0
9708,2.983381509780884,2.8743913173675537,1,1
9709,2.8561832904815674,2.6317319869995117,0,0
9710,3.1853859424591064,2.920128345489502,0,0
9711,2.9255409240722656,2.6554739475250244,0,0
9712,3.098153829574585,2.9487810134887695,1,1
9713,2.9256246089935303,2.6836047172546387,0,0
9714,3.061847686767578,2.874070644378662,0,0
9715,3.1345608234405518,2.81274151802063,0,0
9716,2.6302154064178467,2.488420009613037,0,0
9717,3.0747978687286377,2.9204630851745605,0,0
9718,3.4111382961273193,2.9001588821411133,1,1
9719,3.1884002685546875,2.990682601928711,0,0
9720,3.2343785762786865,2.8914434909820557,0,0
9721,3.0795044898986816,2.6270947456359863,0,0
9722,3.617628574371338,3.1652345657348633,1,1
9723,3.2813868522644043,2.9489521980285645,0,0
9724,3.399883985519409,2.9617364406585693,0,0
9725,3.3844802379608154,2.998227834701538,1,1
9726,2.9456915855407715,2.8485281467437744,1,1
9727,3.138904094696045,2.9927570819854736,1,1
9728,3.035653829574585,2.928887367248535,0,0
9729,3.250420570373535,2.9506008625030518,0,0
9730,3.5087366104125977,3.1542303562164307,0,0
9731,3.3540310859680176,3.1535849571228027,1,1
9732,3.091942548751831,3.0571463108062744,0,0
9733,3.401336193084717,3.0314583778381348,1,1
9734,3.2912137508392334,3.015395164489746,0,0
9735,3.1695287227630615,2.861586093902588,1,1
9736,3.183790683746338,2.891632080078125,0,0
9737,3.2129268646240234,2.9551494121551514,0,0
9738,3.234067916870117,2.9421334266662598,1,1
9739,3.1977617740631104,2.9953222274780273,0,0
9740,3.4189631938934326,3.1168947219848633,0,0
9741,3.1665499210357666,2.9874253273010254,1,1
9742,3.1707470417022705,3.031343698501587,0,0
9743,3.4791030883789062,3.1660938262939453,1,1
9744,3.179611921310425,3.0511038303375244,0,0
9745,3.114546298980713,2.8802919387817383,0,0
9746,2.609168291091919,2.4148266315460205,0,0
9747,3.122988224029541,2.8828792572021484,0,0
9748,2.70377254486084,2.6636881828308105,1,1
9749,2.6286423206329346,2.452660083770752,0,0
9750,2.7289156913757324,2.5611090660095215,0,0
9751,3.128774404525757,2.675044536590576,0,0
9752,3.011820077896118,2.858128070831299,1,1
9753,2.699789524078369,2.6467835903167725,0,0
9754,2.9690423011779785,2.7628655433654785,0,0
9755,2.6208693981170654,2.4165663719177246,0,0
9756,2.3230795860290527,2.4074513912200928,0,0
9757,2.9805023670196533,2.82338285446167,1,1
9758,3.1248939037323,2.9582200050354004,1,1
9759,2.8333818912506104,2.5973901748657227,1,1
9760,2.8936867713928223,2.969405174255371,0,0
9761,2.8706657886505127,2.800018310546875,0,0
9762,2.9471395015716553,2.8582680225372314,1,1
9763,3.016716241836548,2.7903738021850586,0,0
9764,3.2034904956817627,3.2075796127319336,1,1
9765,3.248157262802124,3.2197909355163574,0,0
9766,3.209939956665039,3.1745193004608154,0,0
9767,3.6417999267578125,3.566103935241699,1,1
9768,3.507920980453491,3.4260306358337402,1,1
9769,3.0034444332122803,2.8471527099609375,1,1
9770,2.923659086227417,2.6806564331054688,0,0
9771,3.096989631652832,2.7060348987579346,1,1
9772,2.9453320503234863,2.632412910461426,1,1
9773,2.8736650943756104,2.5580854415893555,1,1
9774,2.710280418395996,2.505549907684326,0,0
9775,2.936399221420288,2.5435585975646973,1,1
9776,3.166656970977783,3.0556747913360596,1,1
9777,3.1466691493988037,3.149019718170166,1,1
9778,3.313128709793091,2.9255259037017822,1,1
9779,3.2503421306610107,2.766834259033203,1,1
9780,3.31174373626709,3.2205917835235596,1,1
9781,3.578791379928589,3.2688112258911133,1,1
9782,3.519331216812134,3.1090924739837646,1,1
9783,3.8719053268432617,3.4977080821990967,1,1
9784,3.447910785675049,3.2973666191101074,0,0
9785,3.456751585006714,3.1408820152282715,0,0
9786,2.77561092376709,2.799743890762329,0,0
9787,2.9361627101898193,2.77241849899292,0,0
9788,3.5963258743286133,3.414471387863159,1,1
9789,2.9354541301727295,2.811044216156006,1,1
9790,3.1686556339263916,2.8619751930236816,0,0
9791,3.1541500091552734,2.879242181777954,0,0
9792,3.2941906452178955,3.1563515663146973,1,1
9793,3.457404375076294,3.153873920440674,1,1
9794,3.5684595108032227,3.3162403106689453,1,1
9795,3.121994733810425,3.024318218231201,0,0
9796,3.1373403072357178,3.0798192024230957,0,0
9797,3.6270012855529785,3.3892300128936768,0,0
9798,3.3809814453125,3.253669261932373,0,0
9799,3.1279144287109375,2.9190921783447266,0,0
9800,2.951948404312134,2.9523227214813232,1,1
9801,3.047682762145996,3.0018606185913086,0,0
9802,3.303365468978882,2.9158926010131836,1,1
9803,3.1881771087646484,2.9731576442718506,0,0
9804,2.8000104427337646,2.804593086242676,0,0
9805,3.0405077934265137,3.1264710426330566,1,1
9806,2.9012179374694824,2.874863624572754,1,1
9807,3.0714869499206543,3.012909412384033,0,0
9808,2.7531070709228516,2.7462925910949707,1,1
9809,2.8585031032562256,2.659809112548828,1,1
9810,2.7704882621765137,2.929687976837158,1,1
9811,2.984576463699341,2.9312899112701416,0,0
9812,2.812352418899536,2.86999773979187,0,0
9813,2.9723291397094727,2.9860525131225586,0,0
9814,2.8749241828918457,2.759641647338867,1,1
9815,3.1592068672180176,2.993926525115967,1,1
9816,3.136502981185913,3.087827205657959,0,0
9817,3.20696759223938,3.1353139877319336,1,1
9818,2.968503475189209,2.777439594268799,0,0
9819,3.0449881553649902,2.9246413707733154,0,0
9820,3.1353275775909424,3.0668694972991943,0,0
9821,3.2601449489593506,3.1410417556762695,1,1
9822,3.0993611812591553,2.8454036712646484,0,0
9823,3.51363468170166,3.133225202560425,1,1
9824,3.324434995651245,2.9088456630706787,0,0
9825,3.8629677295684814,3.245180130004883,1,1
9826,3.2401087284088135,3.180619239807129,1,1
9827,3.167370080947876,3.0272438526153564,0,0
9828,2.7902519702911377,2.4942779541015625,1,1
9829,3.3688883781433105,3.083308219909668,0,0
9830,3.3138060569763184,3.174156665802002,1,1
9831,3.77801251411438,3.4367618560791016,1,1
9832,3.126662254333496,2.9397315979003906,0,0
9833,2.6338894367218018,2.5837342739105225,0,0
9834,3.1157476902008057,2.999056339263916,0,0
9835,2.701022148132324,2.5556485652923584,0,0
9836,3.0721023082733154,2.9650087356567383,0,0
9837,2.9110987186431885,2.791687250137329,0,0
9838,3.2314844131469727,3.1505584716796875,1,1
9839,3.580947160720825,3.313215494155884,1,1
9840,3.4683313369750977,3.3303141593933105,1,1
9841,3.556215763092041,3.307887077331543,1,1
9842,3.197011709213257,2.8594822883605957,1,1
9843,3.203021287918091,2.805086135864258,1,1
9844,3.307425022125244,2.862525701522827,1,1
9845,3.723090171813965,3.3183140754699707,1,1
9846,3.778122663497925,3.420328378677368,1,1
9847,3.444658041000366,3.184640645980835,1,1
9848,3.7204596996307373,3.1996641159057617,1,1
9849,3.3734471797943115,3.3145718574523926,1,1
9850,3.50050950050354,3.3936126232147217,1,1
9851,3.200977087020874,3.188161849975586,1,1
9852,3.364588737487793,3.0462822914123535,1,1
9853,3.4245824813842773,2.8872385025024414,1,1
9854,3.411655902862549,3.3442671298980713,1,1
9855,3.070404529571533,2.8589401245117188,1,1
9856,3.1475555896759033,3.0201454162597656,1,1
9857,3.0747594833374023,2.9226202964782715,0,0
9858,3.3450987339019775,3.0282726287841797,1,1
9859,3.0900518894195557,3.0442686080932617,0,0
9860,3.5679678916931152,3.2487540245056152,1,1
9861,3.5861027240753174,3.2859742641448975,0,0
9862,3.28379487991333,3.1248068809509277,0,0
9863,3.5800445079803467,3.2709274291992188,0,0
9864,3.355288505554199,3.2088747024536133,0,0
9865,3.0515928268432617,3.0410122871398926,1,1
9866,3.1442205905914307,3.203580856323242,1,1
9867,3.2602033615112305,3.199124336242676,1,1
9868,3.1987156867980957,3.0490827560424805,1,1
9869,3.2335164546966553,3.1114773750305176,0,0
9870,3.0571746826171875,2.978886842727661,1,1
9871,3.1046063899993896,3.0117838382720947,1,1
9872,3.0431792736053467,2.9828152656555176,0,0
9873,3.1981914043426514,3.045039415359497,1,1
9874,2.902798891067505,2.734571933746338,0,0
9875,2.710308313369751,2.582821846008301,1,1
9876,2.22064471244812,2.205226182937622,0,0
9877,2.6524593830108643,2.398381233215332,1,1
9878,2.510064125061035,2.5016939640045166,1,1
9879,2.7055704593658447,2.6061925888061523,1,1
9880,2.316103935241699,2.2767062187194824,1,1
9881,2.4400856494903564,2.390885829925537,1,1
9882,2.9713735580444336,2.5514259338378906,0,0
9883,3.502570390701294,3.0708227157592773,0,0
9884,3.3738059997558594,3.061119794845581,1,1
9885,3.359970808029175,3.063962459564209,0,0
9886,3.5624101161956787,3.1007299423217773,0,0
9887,3.7979445457458496,3.172459840774536,1,1
9888,3.7969775199890137,3.186457633972168,0,0
9889,3.4857242107391357,2.998631238937378,0,0
9890,3.1666386127471924,2.861417531967163,1,1
9891,3.676060676574707,3.1984176635742188,1,1
9892,3.818472146987915,3.273430109024048,1,1
9893,3.3433139324188232,3.071575880050659,0,0
9894,3.4386749267578125,3.247252941131592,1,1
9895,3.3961410522460938,3.163881301879883,1,1
9896,3.3971922397613525,3.1815543174743652,1,1
9897,2.9944350719451904,2.8824291229248047,1,1
9898,3.584027051925659,3.329017162322998,1,1
9899,3.521108865737915,3.188828706741333,1,1
9900,2.948923349380493,2.7913966178894043,0,0
9901,2.9796502590179443,2.8795080184936523,1,1
9902,3.2454652786254883,3.0501363277435303,0,0
9903,2.7962560653686523,2.624744415283203,0,0
9904,3.153327465057373,2.858078956604004,1,1
9905,3.215252161026001,3.093161106109619,0,0
9906,3.475950241088867,3.3416149616241455,1,1
9907,3.2738072872161865,3.1481761932373047,0,0
9908,3.1006383895874023,2.9852190017700195,1,1
9909,3.275546073913574,3.3420681953430176,0,0
9910,3.200291872024536,3.0807783603668213,0,0
9911,3.2136635780334473,3.093627691268921,1,1
9912,3.142180919647217,2.9454593658447266,0,0
9913,3.043893814086914,2.8779144287109375,1,1
9914,3.1211912631988525,2.877680778503418,0,0
9915,2.985910654067993,2.848693370819092,0,0
9916,3.1630868911743164,2.9145572185516357,0,0
9917,3.0389678478240967,2.7978005409240723,0,0
9918,3.1415412425994873,2.862318992614746,0,0
9919,3.301774024963379,3.02553129196167,0,0
9920,3.204024076461792,2.8358988761901855,1,1
9921,2.9269750118255615,2.730883836746216,0,0
9922,3.410238742828369,2.976783037185669,0,0
9923,3.120866060256958,2.8381171226501465,0,0
9924,3.3658764362335205,2.9896860122680664,0,0
9925,3.254896879196167,2.8850793838500977,0,0
9926,3.0677952766418457,2.801351547241211,1,1
9927,3.0295794010162354,2.771998882293701,0,0
9928,3.3856053352355957,2.9372382164001465,1,1
9929,3.0406877994537354,2.916426658630371,0,0
9930,3.051093578338623,2.8144266605377197,0,0
9931,2.759164810180664,2.6538166999816895,0,0
9932,2.9685683250427246,2.7537291049957275,0,0
9933,3.2094039916992188,3.098735809326172,1,1
9934,2.992443323135376,2.820521354675293,0,0
9935,3.116466999053955,2.8679118156433105,0,0
9936,3.312776565551758,3.0578255653381348,1,1
9937,3.252924919128418,3.0794200897216797,1,1
9938,3.015395402908325,3.0088858604431152,1,1
9939,3.1349215507507324,2.985596179962158,0,0
9940,3.2047762870788574,3.067194938659668,1,1
9941,2.6490461826324463,2.564124584197998,1,1
9942,3.2426657676696777,2.8602294921875,1,1
9943,3.153784990310669,2.8540449142456055,0,0
9944,3.1954572200775146,2.9913501739501953,0,0
9945,3.063997745513916,2.9316866397857666,0,0
9946,3.166208267211914,2.8574717044830322,1,1
9947,3.3825018405914307,3.1987099647521973,0,0
9948,3.2691521644592285,3.065441370010376,1,1
9949,3.1862614154815674,3.1668031215667725,0,0
9950,3.612781047821045,3.4879579544067383,1,1
9951,3.5071589946746826,3.4200997352600098,1,1
9952,3.465026378631592,3.3720526695251465,1,1
9953,3.4573922157287598,3.286801815032959,1,1
9954,3.473160743713379,3.3814098834991455,0,0
9955,3.505958318710327,3.3947250843048096,1,1
9956,3.408464193344116,3.262394428253174,0,0
9957,3.0126287937164307,2.8080153465270996,0,0
9958,3.561894655227661,3.222047805786133,1,1
9959,3.115952491760254,2.8417224884033203,0,0
9960,3.068179130554199,2.7423579692840576,0,0
9961,3.206793785095215,2.8664584159851074,0,0
9962,3.327402114868164,3.2645394802093506,0,0
9963,3.594578266143799,3.3407766819000244,0,0
9964,3.645057201385498,3.48777437210083,1,1
9965,3.7257022857666016,3.467188835144043,1,1
9966,3.971186637878418,3.4977927207946777,0,0
9967,3.6310367584228516,3.4145662784576416,1,1
9968,3.6421608924865723,3.469709873199463,1,1
9969,3.974508285522461,3.5015313625335693,1,1
9970,3.656151294708252,3.331610679626465,1,1
9971,3.692462205886841,3.4441020488739014,1,1
9972,3.452559471130371,3.2445971965789795,1,1
9973,3.4109606742858887,2.898836612701416,1,1
9974,3.7323920726776123,3.426561117172241,1,1
9975,3.303724765777588,2.9234766960144043,0,0
9976,2.5332186222076416,2.1471831798553467,1,1
9977,2.5710809230804443,1.9692113399505615,1,1
9978,2.4011929035186768,2.112659454345703,1,1
9979,2.679699659347534,2.2924790382385254,1,1
9980,2.641124963760376,2.487097978591919,0,0
9981,2.6407923698425293,2.342470645904541,0,0
9982,2.5195345878601074,2.4649057388305664,1,1
9983,2.3550519943237305,2.2667076587677,1,1
9984,2.943289279937744,2.5348286628723145,0,0
9985,2.9906699657440186,2.8705968856811523,0,0
9986,3.4729065895080566,3.1091325283050537,1,1
9987,3.377230167388916,3.1530280113220215,1,1
9988,3.848797082901001,3.4580535888671875,0,0
9989,3.3990399837493896,3.144033908843994,1,1
9990,2.819230794906616,2.693673849105835,0,0
9991,2.5964548587799072,2.3728599548339844,0,0
9992,3.8107619285583496,3.290900468826294,1,1
9993,2.286005735397339,2.190908432006836,0,0
9994,2.4998703002929688,2.2658183574676514,0,0
9995,3.408342123031616,3.007035970687866,0,0
9996,3.1607742309570312,2.9581832885742188,0,0
9997,3.3207314014434814,3.1587421894073486,1,1
9998,3.2805278301239014,3.103179931640625,1,1
9999,3.314648151397705,3.1362380981445312,1,1
10000,3.615722894668579,3.431504249572754,1,1
