t,ce,conservation,gate_open,updated
1,3.5172712802886963,0.12359321117401123,1,0
2,3.4575741291046143,0.010519697330892086,1,0
3,3.4901795387268066,0.11684813350439072,1,0
4,3.9280097484588623,0.02872093953192234,1,0
5,4.320278167724609,0.06582236289978027,1,0
6,4.165743350982666,0.15132273733615875,1,0
7,4.33728551864624,0.026678258553147316,1,0
8,3.0538008213043213,0.07139239460229874,1,0
9,3.4233558177948,0.020341841503977776,1,0
10,3.727783441543579,0.013830008916556835,1,0
11,3.8564815521240234,0.09057151526212692,1,0
12,3.2204527854919434,0.012156612239778042,1,0
13,3.3790130615234375,0.06542681157588959,1,0
14,4.133399486541748,0.03189174830913544,1,0
15,3.995572805404663,0.05223643779754639,1,0
16,3.644353151321411,0.04709374159574509,1,0
17,4.074469089508057,0.5825193524360657,1,0
18,4.090237140655518,0.053559280931949615,1,0
19,3.275543689727783,9.556943405186757e-05,1,0
20,3.1938273906707764,0.08079030364751816,1,0
21,4.148692607879639,0.025722308084368706,1,0
22,3.7525172233581543,0.08546429127454758,1,0
23,3.535358190536499,0.19214658439159393,1,0
24,3.848522424697876,0.2400665134191513,1,0
25,3.475409984588623,0.0018459096318110824,1,0
26,3.897442102432251,0.02163919247686863,1,0
27,4.501859664916992,0.046575795859098434,1,0
28,3.6408965587615967,0.07305220514535904,1,0
29,4.1269850730896,0.028005827218294144,1,0
30,4.255383014678955,0.006670353002846241,1,0
31,4.144861698150635,0.039863839745521545,1,0
32,3.6771535873413086,0.04415871948003769,1,0
33,3.6741507053375244,0.06802424043416977,1,0
34,3.4750969409942627,0.07025210559368134,1,0
35,3.452252149581909,0.0940665528178215,1,0
36,3.941650152206421,0.005762461107224226,1,0
37,4.29152250289917,0.4991477131843567,1,0
38,3.9053516387939453,0.09641336649656296,1,0
39,4.237624168395996,0.026138780638575554,1,0
40,4.211526870727539,0.04755139350891113,1,0
41,4.392664909362793,0.002795778214931488,1,0
42,4.310617923736572,0.15012381970882416,1,0
43,4.056478977203369,0.14711777865886688,1,0
44,4.149265289306641,0.17221756279468536,1,0
45,3.649052381515503,0.7217572331428528,1,0
46,4.011703968048096,0.16344930231571198,1,0
47,3.267381429672241,0.04970921203494072,1,0
48,3.16847562789917,0.015375837683677673,1,0
49,3.865412950515747,0.0743095800280571,1,0
50,4.001720905303955,0.04975225776433945,1,0
51,2.904592275619507,0.009231450036168098,1,0
52,3.220355749130249,0.0005191491218283772,1,0
53,3.7164533138275146,0.02064577490091324,1,0
54,3.4504759311676025,0.15344743430614471,1,0
55,3.799179792404175,0.06876624375581741,1,0
56,3.6615216732025146,0.016345595940947533,1,0
57,3.5958051681518555,0.032745301723480225,1,0
58,3.8713128566741943,0.00011578435078263283,1,0
59,3.1856846809387207,0.00038190046325325966,1,0
60,2.815269947052002,0.05446987971663475,1,0
61,3.283384323120117,0.06286058574914932,1,0
62,2.907620906829834,0.008145338855683804,1,0
63,3.0166850090026855,0.0005481276893988252,1,0
64,3.111466646194458,0.1579713374376297,1,0
65,2.9339118003845215,0.038571953773498535,1,0
66,3.5089197158813477,0.07888700813055038,1,0
67,3.1985111236572266,0.1483418196439743,1,0
68,3.416393280029297,0.03871993348002434,1,0
69,3.2728192806243896,0.057664114981889725,1,0
70,3.344884157180786,0.037600159645080566,1,0
71,2.4901561737060547,0.10673195123672485,1,0
72,3.17305326461792,0.03510909900069237,1,0
73,3.6018013954162598,0.01794750988483429,1,0
74,3.5195016860961914,1.208372950553894,1,0
75,3.77474045753479,0.48068100214004517,1,0
76,3.067981719970703,0.00022519612684845924,1,0
77,3.686901092529297,0.1931886225938797,1,0
78,3.964050054550171,0.02391045354306698,1,0
79,3.9101040363311768,0.006104373838752508,1,0
80,3.9593427181243896,0.009103936143219471,1,0
81,3.6892457008361816,0.19673384726047516,1,0
82,3.9162020683288574,0.00011454159539425746,1,0
83,3.9315786361694336,0.007325705140829086,1,0
84,3.5153841972351074,0.24810481071472168,1,0
85,3.425426483154297,0.0015770293539389968,1,0
86,3.595654249191284,0.0009915948612615466,1,0
87,3.6850087642669678,0.17799215018749237,1,0
88,3.512629508972168,0.0008415464544668794,1,0
89,2.6476850509643555,0.0025562122464179993,1,0
90,2.864835500717163,0.012994124554097652,1,0
91,3.4213216304779053,0.09256897121667862,1,0
92,3.492077112197876,0.008744755759835243,1,0
93,3.5484862327575684,0.10056843608617783,1,0
94,3.68106746673584,0.0004470796266105026,1,0
95,3.612239122390747,0.004492050502449274,1,0
96,2.977067232131958,0.0982801616191864,1,0
97,2.613844156265259,0.0006729126325808465,1,0
98,3.751208543777466,0.01767703704535961,1,0
99,3.783144950866699,0.0394870787858963,1,0
100,3.9514594078063965,0.04499818757176399,1,0
101,3.415864944458008,0.5233940482139587,1,0
102,3.956932783126831,0.01606794260442257,1,0
103,2.867201328277588,0.005705461837351322,1,0
104,3.7361807823181152,0.06752678751945496,1,0
105,3.2684476375579834,0.08116927742958069,1,0
106,3.274785280227661,0.0369369275867939,1,0
107,3.681750774383545,0.039211418479681015,1,0
108,3.935864210128784,0.0024157247971743345,1,0
109,3.130725860595703,0.07591234147548676,1,0
110,4.082759857177734,0.019156649708747864,1,0
111,3.500704526901245,0.49303027987480164,1,0
112,3.7156715393066406,0.1123659536242485,1,0
113,4.410086154937744,0.07204366475343704,1,0
114,3.373561382293701,0.04075120389461517,1,0
115,3.7133352756500244,0.002660697791725397,1,0
116,4.14219856262207,0.37694138288497925,1,0
117,3.0868592262268066,0.2963445484638214,1,0
118,3.2193427085876465,0.05588895082473755,1,0
119,3.171027898788452,0.03960222378373146,1,0
120,3.350437641143799,0.08066417276859283,1,0
121,3.233659267425537,0.039494749158620834,1,0
122,2.7826123237609863,0.03944873437285423,1,0
123,3.425760507583618,0.023791221901774406,1,0
124,3.132693290710449,0.10879748314619064,1,0
125,3.110172748565674,0.011215793900191784,1,0
126,3.778385639190674,0.0038865581154823303,1,0
127,3.723447322845459,0.36843425035476685,1,0
128,3.198591947555542,0.04211442917585373,1,0
129,2.427661418914795,0.08242787420749664,1,0
130,2.727886915206909,0.001505054533481598,1,0
131,3.7039480209350586,0.00848678033798933,1,0
132,2.9593145847320557,0.1901298314332962,1,0
133,3.5872678756713867,0.012114088051021099,1,0
134,3.9477150440216064,0.025889737531542778,1,0
135,3.688339948654175,0.06834175437688828,1,0
136,3.875593900680542,0.01029914803802967,1,0
137,3.8898227214813232,0.005491733551025391,1,0
138,3.9974987506866455,0.04804510623216629,1,0
139,3.807112693786621,0.03239002451300621,1,0
140,3.7942428588867188,0.03325721248984337,1,0
141,3.9268128871917725,0.14087794721126556,1,0
142,3.7931735515594482,0.008197680115699768,1,0
143,4.321191787719727,0.01105895359069109,1,0
144,3.745192766189575,0.1378159075975418,1,0
145,3.971496105194092,0.008378664962947369,1,0
146,3.747789144515991,0.005536163225769997,1,0
147,3.7255592346191406,0.07457288354635239,1,0
148,3.7009692192077637,0.2729937434196472,1,0
149,3.9227497577667236,0.20506437122821808,1,0
150,3.7435216903686523,0.06978224962949753,1,0
151,3.947667121887207,0.07979492098093033,1,0
152,3.869610071182251,0.0081784687936306,1,0
153,3.737797737121582,0.045829035341739655,1,0
154,3.7926859855651855,0.062141623347997665,1,0
155,4.286478042602539,0.01263363379985094,1,0
156,3.901278257369995,0.004583059344440699,1,0
157,3.7590243816375732,0.004899316467344761,1,0
158,3.804661750793457,0.012471451424062252,1,0
159,3.896819829940796,0.11845022439956665,1,0
160,3.479677438735962,0.019403208047151566,1,0
161,3.728297472000122,0.03146577253937721,1,0
162,3.501260757446289,0.062204182147979736,1,0
163,3.6674087047576904,0.0024777804501354694,1,0
164,4.001683235168457,0.0006436967523768544,1,0
165,3.5208897590637207,0.058903563767671585,1,0
166,3.9860036373138428,0.004571306984871626,1,0
167,3.554046154022217,0.18357239663600922,1,0
168,4.074193477630615,0.024003062397241592,1,0
169,3.7622687816619873,0.0806586891412735,1,0
170,4.373241901397705,0.12213865667581558,1,0
171,3.9627184867858887,0.004977986216545105,1,0
172,4.0520853996276855,0.14423739910125732,1,0
173,3.904378652572632,0.0014260009629651904,1,0
174,3.8132119178771973,0.14528754353523254,1,0
175,3.5034663677215576,0.03284316882491112,1,0
176,3.5251028537750244,0.013344073668122292,1,0
177,3.7508363723754883,0.07209548354148865,1,0
178,3.6192831993103027,0.004672341980040073,1,0
179,3.646501064300537,0.023559575900435448,1,0
180,3.7303171157836914,0.15212717652320862,1,0
181,3.914313316345215,0.050452131778001785,1,0
182,3.4150431156158447,0.19799430668354034,1,0
183,4.0115485191345215,0.15097755193710327,1,0
184,4.258669376373291,0.2408236563205719,1,0
185,4.583003044128418,0.030622417107224464,1,0
186,4.485132694244385,0.1428844928741455,1,0
187,3.72556471824646,0.01891697756946087,1,0
188,3.810124158859253,0.0875876173377037,1,0
189,3.6968064308166504,0.09092037379741669,1,0
190,3.333237409591675,0.011499649845063686,1,0
191,3.798098564147949,0.03691096231341362,1,0
192,3.278761148452759,0.00043050386011600494,1,0
193,3.657799005508423,0.14705854654312134,1,0
194,3.478881359100342,0.09039734303951263,1,0
195,3.8428492546081543,0.02757147327065468,1,0
196,3.8926637172698975,0.016254423186182976,1,0
197,3.8434841632843018,0.035504404455423355,1,0
198,3.7009310722351074,0.007710587233304977,1,0
199,3.843405246734619,0.13023485243320465,1,0
200,3.690129041671753,0.0013926707906648517,1,0
201,4.3461103439331055,0.010222897864878178,1,0
202,3.961099147796631,0.0012798093957826495,1,0
203,4.0301194190979,0.0076919556595385075,1,0
204,3.601559638977051,0.0015923961764201522,1,0
205,3.6428771018981934,0.10451767593622208,1,0
206,4.130629539489746,9.822929132496938e-05,1,0
207,3.655470609664917,0.00021602297783829272,1,0
208,3.3538103103637695,0.004144594073295593,1,0
209,3.4944686889648438,0.008827978745102882,1,0
210,3.3676743507385254,0.006181524135172367,1,0
211,3.6761951446533203,0.1091989278793335,1,0
212,3.679546356201172,0.043798480182886124,1,0
213,4.1282243728637695,0.009784707799553871,1,0
214,4.038283348083496,2.715736684422154e-07,1,0
215,3.8541455268859863,0.003287147730588913,1,0
216,4.018527507781982,0.06857404857873917,1,0
217,4.079448699951172,0.04619336128234863,1,0
218,3.2608890533447266,0.04639269411563873,1,0
219,3.2773165702819824,0.07785499095916748,1,0
220,2.1349425315856934,0.02198982611298561,1,0
221,2.394740581512451,0.06444314867258072,1,0
222,3.213240623474121,0.012020796537399292,1,0
223,3.315058708190918,0.08154914528131485,1,0
224,3.0756185054779053,0.037122633308172226,1,0
225,3.0790364742279053,0.041067417711019516,1,0
226,3.1337087154388428,0.002290278673171997,1,0
227,3.698667049407959,0.013408809900283813,1,0
228,3.5741524696350098,0.0988801047205925,1,0
229,4.129049301147461,4.146341325395042e-06,1,0
230,4.163761615753174,0.03287115693092346,1,0
231,3.281465530395508,0.5165466070175171,1,0
232,4.106058120727539,0.0026706629432737827,1,0
233,4.194820404052734,0.02041623368859291,1,0
234,3.765324592590332,0.0012312546605244279,1,0
235,3.864509344100952,0.006257631815969944,1,0
236,3.6064906120300293,0.0004866901726927608,1,0
237,3.588550567626953,0.019424721598625183,1,0
238,3.8633532524108887,0.012616284191608429,1,0
239,3.636284589767456,0.016551053151488304,1,0
240,3.694547414779663,0.04404927417635918,1,0
241,3.730555772781372,0.0038123135454952717,1,0
242,4.133795261383057,0.007843350060284138,1,0
243,4.071506023406982,0.0005695716827176511,1,0
244,3.6698343753814697,0.0001393006241414696,1,0
245,3.6669743061065674,0.055025357753038406,1,0
246,3.7684848308563232,0.08473234623670578,1,0
247,3.5192224979400635,0.0061512114480137825,1,0
248,3.725105047225952,0.01867881417274475,1,0
249,4.254555702209473,0.016333261504769325,1,0
250,3.4759185314178467,0.20649150013923645,1,0
251,3.752591609954834,0.000272965437034145,1,0
252,3.803856372833252,0.00539490208029747,1,0
253,3.7715840339660645,0.04956300929188728,1,0
254,3.79925799369812,0.01281652320176363,1,0
255,3.2664761543273926,0.006368044763803482,1,0
256,3.8464860916137695,2.4893228328437544e-05,1,0
257,4.471130847930908,0.08901572227478027,1,0
258,4.516039848327637,0.17013336718082428,1,0
259,4.611798286437988,0.0070670172572135925,1,0
260,3.9682157039642334,0.058212317526340485,1,0
261,3.76729416847229,0.05448789522051811,1,0
262,4.067252159118652,0.05104345828294754,1,0
263,4.340388774871826,0.2885374128818512,1,0
264,4.3733439445495605,0.3892456293106079,1,0
265,4.066788196563721,0.11322160065174103,1,0
266,4.416533470153809,0.0791800245642662,1,0
267,3.6271474361419678,0.02862289361655712,1,0
268,4.082490921020508,0.19621197879314423,1,0
269,3.981250047683716,0.198398157954216,1,0
270,3.2104318141937256,0.0042899856343865395,1,0
271,3.5941734313964844,0.27617961168289185,1,0
272,3.5974879264831543,0.0018800654215738177,1,0
273,3.7103569507598877,0.7462961077690125,1,0
274,3.499772548675537,0.0024242703802883625,1,0
275,3.373246908187866,0.27711358666419983,1,0
276,4.082955837249756,0.01951359584927559,1,0
277,3.7698452472686768,0.04624730348587036,1,0
278,3.9021637439727783,0.05846405774354935,1,0
279,3.8151228427886963,0.025833865627646446,1,0
280,3.5358076095581055,0.0500454381108284,1,0
281,3.294895648956299,0.01835576444864273,1,0
282,3.4936447143554688,0.007590724620968103,1,0
283,3.6709914207458496,0.03805061802268028,1,0
284,4.190213680267334,0.008227415382862091,1,0
285,3.3015618324279785,0.00011997530236840248,1,0
286,3.972600221633911,0.19823484122753143,1,0
287,3.416073799133301,0.0735119953751564,1,0
288,3.4962425231933594,0.036981455981731415,1,0
289,3.517500877380371,0.07453598827123642,1,0
290,3.9930944442749023,0.04423987492918968,1,0
291,3.7796638011932373,0.24076680839061737,1,0
292,3.3584938049316406,0.0010551844025030732,1,0
293,4.12287712097168,0.003020560834556818,1,0
294,3.8627989292144775,0.003503047628328204,1,0
295,3.828413486480713,0.027159595862030983,1,0
296,3.829846143722534,0.08770190179347992,1,0
297,3.464306354522705,0.09171944111585617,1,0
298,3.9175515174865723,0.013830008916556835,1,0
299,3.838808536529541,0.0001996100036194548,1,0
300,3.556339979171753,0.023131966590881348,1,0
301,3.9002926349639893,0.1699741929769516,1,0
302,3.8072924613952637,8.381903504606214e-10,1,0
303,4.353968620300293,0.02047971449792385,1,0
304,3.968519449234009,0.05899729207158089,1,0
305,2.929276943206787,0.010486070066690445,1,0
306,3.4272193908691406,0.004010260570794344,1,0
307,3.8224315643310547,0.24694287776947021,1,0
308,3.0868685245513916,0.005613984074443579,1,0
309,3.9847230911254883,0.009352382272481918,1,0
310,4.150245666503906,0.010226801037788391,1,0
311,4.064662933349609,0.015251638367772102,1,0
312,3.8506078720092773,0.005307365208864212,1,0
313,3.790009021759033,0.015390201471745968,1,0
314,4.1006598472595215,0.10473618656396866,1,0
315,4.0689191818237305,0.15965580940246582,1,0
316,3.4797005653381348,0.03454001247882843,1,0
317,3.772303819656372,0.0022792078088968992,1,0
318,3.7159616947174072,0.018327010795474052,1,0
319,3.6656150817871094,0.08446287363767624,1,0
320,3.423173189163208,0.016880443319678307,1,0
321,4.409993648529053,0.09283929318189621,1,0
322,2.9855806827545166,0.02871766686439514,1,0
323,2.8450124263763428,0.04495725408196449,1,0
324,3.467322826385498,0.557025134563446,1,0
325,3.48347544670105,0.028845369815826416,1,0
326,3.6137802600860596,0.11136535555124283,1,0
327,3.6269094944000244,0.00012424075976014137,1,0
328,3.2309844493865967,0.11790614575147629,1,0
329,3.408590793609619,0.08634112030267715,1,0
330,2.223863124847412,0.03769003972411156,1,0
331,2.960636854171753,0.00035668248892761767,1,0
332,3.5115771293640137,0.0349898561835289,1,0
333,3.870617151260376,0.00047232062206603587,1,0
334,3.182295799255371,0.0023967891465872526,1,0
335,3.2771217823028564,0.277672678232193,1,0
336,2.9399619102478027,0.03851890191435814,1,0
337,3.791595935821533,0.020767981186509132,1,0
338,3.796380043029785,0.3096023499965668,1,0
339,3.7939064502716064,0.0017517775995656848,1,0
340,3.6203720569610596,0.19359605014324188,1,0
341,3.575929641723633,0.02428196556866169,1,0
342,3.780865430831909,0.06591152399778366,1,0
343,3.162341356277466,0.12999117374420166,1,0
344,3.368776798248291,0.03264060616493225,1,0
345,3.5172579288482666,0.20428721606731415,1,0
346,3.5551857948303223,0.0011823110980913043,1,0
347,3.24242901802063,0.0965452566742897,1,0
348,3.6487488746643066,0.004806542303413153,1,0
349,2.95255708694458,0.003024805337190628,1,0
350,3.0916545391082764,0.025103867053985596,1,0
351,3.423922061920166,0.00043814638047479093,1,0
352,2.980449676513672,0.0015450016362592578,1,0
353,3.577249050140381,0.02302055060863495,1,0
354,3.6786959171295166,0.09595843404531479,1,0
355,3.6951541900634766,0.12219937145709991,1,0
356,3.9639434814453125,0.048520103096961975,1,0
357,3.9932146072387695,0.01562575064599514,1,0
358,3.4862425327301025,0.05724773555994034,1,0
359,3.5652291774749756,0.0002797030902002007,1,0
360,4.305126667022705,0.025515323504805565,1,0
361,4.095742225646973,0.005513209383934736,1,0
362,3.8362550735473633,0.12830567359924316,1,0
363,3.6251637935638428,0.06819549947977066,1,0
364,4.182412624359131,0.004009038209915161,1,0
365,3.452897787094116,0.0040826983749866486,1,0
366,3.902127981185913,0.09668324142694473,1,0
367,3.8598594665527344,0.003007844788953662,1,0
368,4.310932159423828,0.03107667900621891,1,0
369,3.5449979305267334,0.05906293913722038,1,0
370,4.322723865509033,0.07440431416034698,1,0
371,4.0955491065979,0.00018620827177073807,1,0
372,4.032903671264648,0.06775267422199249,1,0
373,3.9279227256774902,0.04652582108974457,1,0
374,3.4416065216064453,0.0007202812703326344,1,0
375,4.176971912384033,0.10326723009347916,1,0
376,4.002536773681641,0.07970226556062698,1,0
377,3.6436002254486084,0.03487442061305046,1,0
378,3.828618288040161,0.0002977386175189167,1,0
379,4.300385475158691,0.005752209573984146,1,0
380,4.085348606109619,0.04489180073142052,1,0
381,3.5080087184906006,0.003674156963825226,1,0
382,3.80830979347229,0.011213750578463078,1,0
383,3.1608781814575195,0.018392393365502357,1,0
384,3.4673337936401367,0.0739312395453453,1,0
385,3.5060906410217285,0.000453222164651379,1,0
386,3.813063859939575,0.10206746309995651,1,0
387,3.6538469791412354,0.09455259889364243,1,0
388,3.741091728210449,0.03638628497719765,1,0
389,3.7568204402923584,0.021752910688519478,1,0
390,3.718062162399292,0.05592089518904686,1,0
391,3.6949312686920166,0.00011044750135624781,1,0
392,3.6007883548736572,0.04950287193059921,1,0
393,3.432868003845215,0.023749560117721558,1,0
394,3.892861843109131,0.0005755756283178926,1,0
395,3.82820725440979,0.0006849825731478631,1,0
396,3.5149986743927,0.011580511927604675,1,0
397,3.9797511100769043,2.984050752274925e-06,1,0
398,3.6620144844055176,0.17620520293712616,1,0
399,4.209333419799805,0.002298599574714899,1,0
400,3.5612454414367676,0.014188666827976704,1,0
401,3.56740140914917,0.0023422972299158573,1,0
402,4.010653495788574,0.17591366171836853,1,0
403,3.868887424468994,0.319212406873703,1,0
404,4.092323303222656,0.1888359785079956,1,0
405,3.863234043121338,0.16546086966991425,1,0
406,3.5601556301116943,0.0011434793705120683,1,0
407,3.274916172027588,0.026273131370544434,1,0
408,3.6220133304595947,0.0440087765455246,1,0
409,3.705397129058838,0.007197417318820953,1,0
410,3.627838611602783,0.06646270304918289,1,0
411,3.403106451034546,0.06897898763418198,1,0
412,3.66939377784729,0.02086544595658779,1,0
413,3.661196708679199,0.0018219397170469165,1,0
414,3.5791971683502197,1.206994113545079e-07,1,0
415,3.393444776535034,0.1624675840139389,1,0
416,3.3704640865325928,0.001052051899023354,1,0
417,3.3915960788726807,0.2593330442905426,1,0
418,3.594837188720703,0.04967479407787323,1,0
419,3.6160223484039307,0.017380615696310997,1,0
420,4.201230525970459,0.02618248574435711,1,0
421,3.6280386447906494,0.013066831044852734,1,0
422,3.7521021366119385,0.12380365282297134,1,0
423,3.9181060791015625,0.00023752535344101489,1,0
424,4.0236382484436035,0.036103349179029465,1,0
425,3.856235980987549,0.2980385720729828,1,0
426,3.5217411518096924,0.0028635398484766483,1,0
427,4.072122573852539,0.04410195350646973,1,0
428,3.75659441947937,0.07080569118261337,1,0
429,3.66778302192688,0.007901575416326523,1,0
430,4.013532638549805,0.043190665543079376,1,0
431,3.5574612617492676,0.2166469842195511,1,0
432,3.7560007572174072,0.0026866458356380463,1,0
433,3.464096784591675,0.019662166014313698,1,0
434,3.0661113262176514,0.010486070066690445,1,0
435,3.4176018238067627,0.012165125459432602,1,0
436,3.6888139247894287,0.02546601928770542,1,0
437,3.758439540863037,0.05204692482948303,1,0
438,2.625657320022583,0.011123999953269958,1,0
439,2.4927749633789062,0.024032974615693092,1,0
440,3.0883328914642334,0.0477156825363636,1,0
441,3.0796401500701904,0.036471012979745865,1,0
442,2.6403980255126953,0.2097582370042801,1,0
443,3.2842133045196533,0.021981241181492805,1,0
444,2.740612030029297,0.0015724338591098785,1,0
445,2.611660957336426,9.880401421469287e-07,1,0
446,2.947633743286133,0.00965910591185093,1,0
447,2.63315749168396,0.019843915477395058,1,0
448,2.9778892993927,0.04731179401278496,1,0
449,2.837280511856079,0.048805367201566696,1,0
450,2.7365689277648926,0.002007693750783801,1,0
451,3.450042963027954,0.29307541251182556,1,0
452,3.3236746788024902,0.02200700156390667,1,0
453,3.2389345169067383,0.19227349758148193,1,0
454,3.106301784515381,7.695341628277674e-05,1,0
455,3.230524778366089,0.006282084621489048,1,0
456,2.6647653579711914,0.15130771696567535,1,0
457,2.85705304145813,0.04040517285466194,1,0
458,2.7567942142486572,0.011889953166246414,1,0
459,3.1021714210510254,0.10310602188110352,1,0
460,3.3220021724700928,0.0015253395540639758,1,0
461,3.0345637798309326,0.0382881760597229,1,0
462,2.1694142818450928,0.03689984232187271,1,0
463,2.784170627593994,0.022021321579813957,1,0
464,3.2892892360687256,0.001840937533415854,1,0
465,3.147761344909668,0.006921742111444473,1,0
466,3.864194393157959,0.10014043003320694,1,0
467,2.959965229034424,0.02625436522066593,1,0
468,3.477761745452881,0.06534291058778763,1,0
469,3.5986998081207275,0.0833113044500351,1,0
470,3.22756290435791,0.08293291181325912,1,0
471,3.1004748344421387,0.12974773347377777,1,0
472,3.143510341644287,0.7625236511230469,1,0
473,2.5706961154937744,0.1380094438791275,1,0
474,2.8577332496643066,0.037892650812864304,1,0
475,3.6332671642303467,0.04922841489315033,1,0
476,3.576200008392334,0.002612137934193015,1,0
477,3.1845571994781494,0.0003355000226292759,1,0
478,3.681741952896118,0.002802926814183593,1,0
479,3.770948648452759,0.04234447702765465,1,0
480,3.4387025833129883,0.000660453864838928,1,0
481,3.0922305583953857,0.046600788831710815,1,0
482,3.7345967292785645,0.05619050934910774,1,0
483,3.3665380477905273,1.408997945873125e-06,1,0
484,3.5349981784820557,0.00189852190669626,1,0
485,3.6848361492156982,0.01008481066673994,1,0
486,3.848012685775757,0.014092271216213703,1,0
487,3.6183979511260986,0.12576040625572205,1,0
488,3.3619003295898438,0.03575213998556137,1,0
489,3.4621987342834473,0.00731249526143074,1,0
490,3.29156231880188,0.011275150813162327,1,0
491,3.459665060043335,0.3567427396774292,1,0
492,3.4155831336975098,0.04213027283549309,1,0
493,3.8104920387268066,0.01429231371730566,1,0
494,3.556380271911621,0.07075947523117065,1,0
495,3.668515682220459,0.10319280624389648,1,0
496,3.3454010486602783,0.41428548097610474,1,0
497,3.7812838554382324,0.004520555026829243,1,0
498,4.073810577392578,0.00012424075976014137,1,0
499,3.5489771366119385,0.01367383636534214,1,0
500,3.3807592391967773,0.1560135930776596,1,0
501,3.748227834701538,0.26820459961891174,1,0
502,3.3179025650024414,0.005163523834198713,1,0
503,3.8979663848876953,0.27588555216789246,1,0
504,4.348473072052002,0.0005213503027334809,1,0
505,3.9640097618103027,0.005437515676021576,1,0
506,4.034409046173096,0.016880443319678307,1,0
507,3.3777503967285156,0.025734690949320793,1,0
508,3.7420504093170166,0.09926892071962357,1,0
509,3.9239068031311035,0.011381975375115871,1,0
510,4.106810569763184,0.0917954370379448,1,0
511,3.4908547401428223,0.028070464730262756,1,0
512,3.977998733520508,0.26548272371292114,1,0
513,4.338109016418457,0.26663756370544434,1,0
514,4.0467939376831055,0.37474051117897034,1,0
515,3.9166722297668457,0.01874482072889805,1,0
516,4.011478900909424,0.0008110330672934651,1,0
517,3.8763952255249023,0.0736481174826622,1,0
518,3.999051570892334,0.0006271549500524998,1,0
519,3.898207187652588,0.05114380270242691,1,0
520,4.14762020111084,0.0006141722551546991,1,0
521,3.3359997272491455,2.1726731574744917e-05,1,0
522,3.147477626800537,0.14080552756786346,1,0
523,3.4075286388397217,3.499621743685566e-05,1,0
524,4.213038444519043,0.050556231290102005,1,0
525,3.7070741653442383,0.01064079999923706,1,0
526,2.689305067062378,0.045408546924591064,1,0
527,3.0200304985046387,0.0002829403674695641,1,0
528,2.1694345474243164,0.04343971610069275,1,0
529,2.6374285221099854,0.04432923346757889,1,0
530,2.8996195793151855,0.11966896057128906,1,0
531,3.322927951812744,0.0785999521613121,1,0
532,3.2013561725616455,0.040498342365026474,1,0
533,2.7320382595062256,0.02860330417752266,1,0
534,2.92752742767334,0.015838786959648132,1,0
535,3.4630815982818604,0.007520261686295271,1,0
536,3.545283079147339,0.1743144541978836,1,0
537,3.458648204803467,0.0376301072537899,1,0
538,3.567164182662964,0.008029046468436718,1,0
539,3.3908214569091797,0.13326126337051392,1,0
540,3.8832576274871826,0.013097737915813923,1,0
541,3.122307300567627,0.0012076647253707051,1,0
542,3.593306303024292,0.0009258658974431455,1,0
543,3.5962305068969727,0.002018085215240717,1,0
544,2.9516122341156006,0.08200173825025558,1,0
545,2.956315040588379,0.03730880469083786,1,0
546,3.610410451889038,0.06595117598772049,1,0
547,3.7927603721618652,0.020377641543745995,1,0
548,3.979834794998169,0.10817448049783707,1,0
549,3.5781354904174805,0.0038361852057278156,1,0
550,3.333519697189331,0.013877716846764088,1,0
551,3.451611280441284,0.0009530783863738179,1,0
552,3.7023580074310303,0.07809212803840637,1,0
553,3.8210678100585938,0.02000192366540432,1,0
554,3.5026021003723145,0.002612137934193015,1,0
555,3.6114237308502197,0.016498947516083717,1,0
556,3.6194090843200684,0.009065303020179272,1,0
557,3.7995362281799316,5.056057034380501e-06,1,0
558,3.468526601791382,0.062165677547454834,1,0
559,3.0698697566986084,0.00524008646607399,1,0
560,3.5396883487701416,0.006193669978529215,1,0
561,3.6332621574401855,0.008775466121733189,1,0
562,3.6810357570648193,0.6981606483459473,1,0
563,3.900585651397705,0.04484274238348007,1,0
564,3.757554292678833,0.07656784355640411,1,0
565,3.5323076248168945,0.05022694543004036,1,0
566,4.024173259735107,0.024850687012076378,1,0
567,3.7311794757843018,0.015204002149403095,1,0
568,4.0473151206970215,0.036360517144203186,1,0
569,3.5887434482574463,0.06991486996412277,1,0
570,3.9817588329315186,0.03394356742501259,1,0
571,3.551658868789673,0.011522428132593632,1,0
572,3.725566864013672,0.11614982038736343,1,0
573,3.806227922439575,0.2405395805835724,1,0
574,3.7884223461151123,0.018212223425507545,1,0
575,3.7828598022460938,0.49980244040489197,1,0
576,3.972705602645874,0.07759670168161392,1,0
577,3.6777141094207764,0.001875883317552507,1,0
578,3.9336376190185547,0.018581341952085495,1,0
579,3.539902925491333,0.09391271322965622,1,0
580,3.621133804321289,0.11645261198282242,1,0
581,3.526707172393799,0.027042031288146973,1,0
582,3.687964677810669,0.3969905376434326,1,0
583,3.6816983222961426,0.062339045107364655,1,0
584,3.7879605293273926,7.145944891817635e-06,1,0
585,3.6161444187164307,0.013243931345641613,1,0
586,2.6500189304351807,0.22703707218170166,1,0
587,3.1152007579803467,0.08686936646699905,1,0
588,3.29491925239563,0.020590348169207573,1,0
589,3.236215353012085,0.09532571583986282,1,0
590,3.0778114795684814,0.1882828325033188,1,0
591,2.656863212585449,0.012201341800391674,1,0
592,3.1841037273406982,0.07372146844863892,1,0
593,3.4343855381011963,0.010020949877798557,1,0
594,3.4063212871551514,0.0015877783298492432,1,0
595,3.21722674369812,0.022107331082224846,1,0
596,3.5441172122955322,0.09423238039016724,1,0
597,3.506284713745117,0.031301647424697876,1,0
598,3.8421261310577393,0.008844307623803616,1,0
599,3.94173526763916,0.04734538495540619,1,0
600,3.778252601623535,0.012366057373583317,1,0
601,4.071094512939453,0.016254423186182976,1,0
602,3.9545834064483643,0.05683746561408043,1,0
603,2.9130280017852783,0.0030802562832832336,1,0
604,3.1505837440490723,0.1734854280948639,1,0
605,3.7488858699798584,1.8593708276748657,1,0
606,4.137016296386719,0.0006218493217602372,1,0
607,3.115513563156128,0.017831342294812202,1,0
608,3.3425934314727783,5.564922685152851e-05,1,0
609,4.063270568847656,0.03780253231525421,1,0
610,3.799400568008423,0.0002954118826892227,1,0
611,3.831791639328003,0.015635402873158455,1,0
612,3.6494462490081787,0.07901174575090408,1,0
613,3.630366802215576,0.0013512076111510396,1,0
614,3.4185986518859863,4.3191110307816416e-05,1,0
615,3.538910388946533,0.008070606738328934,1,0
616,3.9629640579223633,0.036353155970573425,1,0
617,3.5046277046203613,0.012499487958848476,1,0
618,3.6300642490386963,0.12596581876277924,1,0
619,3.0441677570343018,0.07852962613105774,1,0
620,3.664458990097046,0.00786216463893652,1,0
621,3.062133550643921,0.0056618088856339455,1,0
622,3.239976406097412,0.02847939543426037,1,0
623,3.6255195140838623,0.0016342587769031525,1,0
624,4.265146732330322,0.004216976463794708,1,0
625,3.5582103729248047,0.07004762440919876,1,0
626,3.4258334636688232,0.007097878959029913,1,0
627,2.8721327781677246,0.019969182088971138,1,0
628,2.962336778640747,0.00013545491674449295,1,0
629,3.8685028553009033,0.0036240224726498127,1,0
630,2.7435481548309326,0.32171449065208435,1,0
631,3.3326609134674072,0.007148377597332001,1,0
632,3.1807708740234375,0.0030631409026682377,1,0
633,3.0142996311187744,0.06306400150060654,1,0
634,3.363924980163574,0.0003955998399760574,1,0
635,3.1098525524139404,0.10082566738128662,1,0
636,3.1252479553222656,0.1462012231349945,1,0
637,3.076338768005371,0.020133165642619133,1,0
638,2.8770627975463867,0.0027591593097895384,1,0
639,3.2321834564208984,7.763216126477346e-05,1,0
640,3.512835741043091,0.013341844081878662,1,0
641,3.412601947784424,0.04633035883307457,1,0
642,3.522645950317383,0.07435167580842972,1,0
643,3.945594072341919,0.00023337910533882678,1,0
644,4.463951110839844,0.0035811588168144226,1,0
645,3.454328775405884,0.3212001621723175,1,0
646,3.8943164348602295,0.014619514346122742,1,0
647,4.024102210998535,1.8442515283823013e-05,1,0
648,3.622305393218994,0.07828102260828018,1,0
649,3.7411327362060547,0.2958824336528778,1,0
650,3.753175735473633,0.004815913736820221,1,0
651,3.452882766723633,0.015640228986740112,1,0
652,3.9505763053894043,0.006851268000900745,1,0
653,3.737117052078247,0.03107667900621891,1,0
654,3.8605234622955322,0.12484488636255264,1,0
655,4.2864460945129395,0.13238199055194855,1,0
656,3.8453660011291504,0.00037514130235649645,1,0
657,3.5336008071899414,0.14355650544166565,1,0
658,3.8697550296783447,0.006501192692667246,1,0
659,3.653419256210327,0.3178616464138031,1,0
660,3.440237522125244,0.044924523681402206,1,0
661,3.915242910385132,0.08396997302770615,1,0
662,3.5021770000457764,0.0006127380765974522,1,0
663,3.407334089279175,0.16043569147586823,1,0
664,3.873002290725708,0.3775578439235687,1,0
665,3.7127509117126465,0.083578921854496,1,0
666,3.8217339515686035,0.00019017989689018577,1,0
667,3.423582077026367,0.02106386423110962,1,0
668,3.435732841491699,0.0011710558319464326,1,0
669,3.4468867778778076,0.0028625072445720434,1,0
670,3.3449580669403076,1.2316741049289703e-06,1,0
671,3.733504295349121,0.10709799826145172,1,0
672,3.538940668106079,0.377451092004776,1,0
673,3.1878578662872314,0.43334564566612244,1,0
674,3.019287347793579,0.147051140666008,1,0
675,3.279552936553955,0.26705631613731384,1,0
676,3.2511932849884033,0.036570604890584946,1,0
677,3.5513789653778076,0.37371328473091125,1,0
678,3.9005753993988037,0.06039312481880188,1,0
679,3.371474266052246,0.0005816110642626882,1,0
680,3.7841694355010986,0.0014165416359901428,1,0
681,4.280135631561279,0.015075759962201118,1,0
682,3.3080246448516846,0.3026822507381439,1,0
683,4.422612190246582,0.022406794130802155,1,0
684,3.6258721351623535,0.0009806849993765354,1,0
685,3.9645941257476807,0.19782257080078125,1,0
686,4.089338779449463,0.006057715509086847,1,0
687,3.9135656356811523,0.00052399787819013,1,0
688,4.147533416748047,0.08677268028259277,1,0
689,4.2278733253479,0.00040836966945789754,1,0
690,3.974426746368408,4.868293399340473e-05,1,0
691,3.6602022647857666,0.001581631600856781,1,0
692,4.047687530517578,0.027169138193130493,1,0
693,3.6443588733673096,0.11811832338571548,1,0
694,4.398519992828369,0.049429893493652344,1,0
695,4.215225696563721,0.0004118875658605248,1,0
696,4.568583965301514,0.03793023154139519,1,0
697,3.81611967086792,0.02613253891468048,1,0
698,4.364747524261475,0.026848766952753067,1,0
699,3.35705304145813,0.14714738726615906,1,0
700,3.5223867893218994,0.10554978996515274,1,0
701,3.4973037242889404,0.10818082094192505,1,0
702,3.27431583404541,0.1808864176273346,1,0
703,3.5389161109924316,0.025113044306635857,1,0
704,3.865295886993408,0.036471012979745865,1,0
705,3.5323421955108643,0.08694333583116531,1,0
706,3.85916805267334,0.0012667238479480147,1,0
707,3.7501273155212402,0.032216574996709824,1,0
708,3.5790467262268066,0.013617469929158688,1,0
709,3.430711030960083,0.08269961923360825,1,0
710,3.5920300483703613,0.010786637663841248,1,0
711,4.147574424743652,0.03289216011762619,1,0
712,4.384904384613037,0.23019321262836456,1,0
713,4.471022129058838,0.004717306233942509,1,0
714,4.380735874176025,0.009017586708068848,1,0
715,3.987936496734619,0.059844162315130234,1,0
716,3.3366432189941406,0.054339319467544556,1,0
717,3.827791929244995,0.011713824234902859,1,0
718,3.3389358520507812,0.16191568970680237,1,0
719,3.692295551300049,0.21047484874725342,1,0
720,4.005952835083008,0.005575005896389484,1,0
721,3.476130485534668,0.10397551208734512,1,0
722,3.700788736343384,0.017857125028967857,1,0
723,3.3480827808380127,0.0012591787381097674,1,0
724,2.8693671226501465,0.03667032718658447,1,0
725,3.7653191089630127,0.0026706629432737827,1,0
726,3.35099720954895,0.00019988277927041054,1,0
727,3.3595998287200928,0.11672940105199814,1,0
728,3.4424846172332764,0.011197405867278576,1,0
729,3.482128143310547,0.005040825344622135,1,0
730,3.5620369911193848,0.20540538430213928,1,0
731,3.3313212394714355,0.1313377022743225,1,0
732,3.354706287384033,0.00016006837540771812,1,0
733,3.5082883834838867,0.030649442225694656,1,0
734,2.753919839859009,0.1175154447555542,1,0
735,2.408801317214966,0.001029635313898325,1,0
736,3.1779067516326904,0.29123932123184204,1,0
737,3.311741590499878,0.0032441322691738605,1,0
738,3.1854355335235596,0.023538842797279358,1,0
739,2.9026238918304443,0.01274233777076006,1,0
740,2.438260793685913,0.03725290298461914,1,0
741,3.2123215198516846,0.019626999273896217,1,0
742,4.033203125,0.042233340442180634,1,0
743,3.912365674972534,0.00017864862456917763,1,0
744,3.7410528659820557,0.09894688427448273,1,0
745,4.422732830047607,0.06766227632761002,1,0
746,4.372004985809326,0.011599212884902954,1,0
747,3.1608192920684814,0.2908436357975006,1,0
748,3.243778705596924,0.0005467729060910642,1,0
749,3.5915579795837402,0.020551590248942375,1,0
750,3.1094417572021484,0.05192370340228081,1,0
751,3.4938387870788574,0.1812477856874466,1,0
752,3.1060638427734375,0.04394806548953056,1,0
753,3.3667030334472656,0.35057899355888367,1,0
754,3.5647759437561035,0.05138852819800377,1,0
755,3.076167583465576,0.1369359940290451,1,0
756,2.540132761001587,0.007470132317394018,1,0
757,3.11963152885437,0.24976113438606262,1,0
758,3.1269917488098145,0.005093032959848642,1,0
759,2.970522880554199,0.07365336269140244,1,0
760,3.155029535293579,0.08982374519109726,1,0
761,3.1131439208984375,0.07459396868944168,1,0
762,3.564753532409668,0.01055337768048048,1,0
763,3.778414011001587,1.8670637607574463,1,0
764,4.024545669555664,0.7926644682884216,1,0
765,3.923814058303833,0.04604414477944374,1,0
766,3.721204996109009,0.017656512558460236,1,0
767,3.753571033477783,0.0011717163724824786,1,0
768,3.0682835578918457,0.04469164088368416,1,0
769,3.391805410385132,0.19523000717163086,1,0
770,4.069024085998535,0.2010548859834671,1,0
771,3.3388102054595947,0.6865653991699219,1,0
772,3.962857246398926,0.7234799861907959,1,0
773,3.9642183780670166,0.13388203084468842,1,0
774,3.7545578479766846,0.0057639265432953835,1,0
775,3.822741746902466,0.0007213176577351987,1,0
776,4.1805195808410645,0.06676657497882843,1,0
777,4.3168182373046875,0.004927727859467268,1,0
778,4.051898956298828,0.2702375650405884,1,0
779,3.7228517532348633,0.08896390348672867,1,0
780,3.251781702041626,0.08372406661510468,1,0
781,3.74385666847229,0.005644394550472498,1,0
782,3.5795469284057617,0.013051390647888184,1,0
783,4.187439441680908,0.005780056584626436,1,0
784,3.903272867202759,0.3872012197971344,1,0
785,4.175546646118164,0.00014044195995666087,1,0
786,3.688270330429077,0.0340610146522522,1,0
787,4.123849391937256,0.36644530296325684,1,0
788,3.190053701400757,0.009341186843812466,1,0
789,3.3220908641815186,0.02610134892165661,1,0
790,3.4757933616638184,0.0029446675907820463,1,0
791,3.7941277027130127,0.01005575805902481,1,0
792,3.4308109283447266,0.005105437245219946,1,0
793,3.876574993133545,0.00541760865598917,1,0
794,3.8697304725646973,0.12329484522342682,1,0
795,3.9659223556518555,0.0026886470150202513,1,0
796,3.894798517227173,0.05771510675549507,1,0
797,3.1330225467681885,0.1059703379869461,1,0
798,3.4852535724639893,0.00951171200722456,1,0
799,3.6359810829162598,0.05304238200187683,1,0
800,3.2084410190582275,0.0011467450531199574,1,0
801,3.9932591915130615,0.026051480323076248,1,0
802,3.9693684577941895,0.04172715172171593,1,0
803,3.765134572982788,0.0044404552318155766,1,0
804,3.618541955947876,0.027760883793234825,1,0
805,3.7139670848846436,0.00041857361793518066,1,0
806,3.543814182281494,0.04452857747673988,1,0
807,4.0385823249816895,0.002711714943870902,1,0
808,3.725163698196411,0.01119127869606018,1,0
809,3.527630090713501,0.06339888274669647,1,0
810,3.413926124572754,0.023217177018523216,1,0
811,3.2204031944274902,0.3010915517807007,1,0
812,3.702777624130249,0.009386010468006134,1,0
813,3.8312783241271973,0.0008578621782362461,1,0
814,3.656818151473999,0.000594717392232269,1,0
815,3.475301742553711,0.018565557897090912,1,0
816,3.212023973464966,0.14863932132720947,1,0
817,3.2870864868164062,0.044924523681402206,1,0
818,3.6212480068206787,0.022233782336115837,1,0
819,3.5888304710388184,0.03702600672841072,1,0
820,3.9062998294830322,0.004730571992695332,1,0
821,4.235581874847412,0.02408386766910553,1,0
822,3.4424474239349365,0.007609233260154724,1,0
823,3.4291112422943115,0.01675279252231121,1,0
824,3.5479073524475098,0.00808795541524887,1,0
825,3.753401756286621,0.00014482150436379015,1,0
826,3.6216328144073486,0.017528511583805084,1,0
827,3.84370756149292,0.04810435324907303,1,0
828,3.4453091621398926,0.030913574621081352,1,0
829,3.559019088745117,0.007174511440098286,1,0
830,4.072040557861328,0.000633454357739538,1,0
831,3.7133665084838867,0.005024394486099482,1,0
832,3.9079642295837402,0.000422928569605574,1,0
833,3.29952073097229,0.07133051753044128,1,0
834,3.4389870166778564,0.031417857855558395,1,0
835,3.7358224391937256,0.00202329084277153,1,0
836,3.425161600112915,0.010258055292069912,1,0
837,3.7985050678253174,0.018418578431010246,1,0
838,3.5550801753997803,0.0015073016984388232,1,0
839,3.898986339569092,0.29580894112586975,1,0
840,3.7366981506347656,0.01820961944758892,1,0
841,4.089521408081055,0.060887426137924194,1,0
842,3.342385768890381,0.030315831303596497,1,0
843,4.108147144317627,0.01107113528996706,1,0
844,4.05567741394043,0.00714185182005167,1,0
845,3.6342356204986572,0.17537978291511536,1,0
846,3.978825330734253,0.007826265878975391,1,0
847,3.8828718662261963,0.0283687561750412,1,0
848,3.8970372676849365,0.00010802680480992422,1,0
849,3.9345061779022217,0.23874437808990479,1,0
850,4.208714485168457,0.0026547275483608246,1,0
851,4.415252208709717,0.07710284739732742,1,0
852,3.7597076892852783,0.00024865902378223836,1,0
853,4.428491592407227,0.017877763137221336,1,0
854,3.9494261741638184,0.015727248042821884,1,0
855,4.192312240600586,0.32109078764915466,1,0
856,4.028354644775391,0.08860733360052109,1,0
857,3.6581029891967773,0.02848590910434723,1,0
858,3.5061774253845215,0.11449810117483139,1,0
859,4.2889323234558105,0.012731446884572506,1,0
860,4.304332256317139,0.11056168377399445,1,0
861,3.4174721240997314,0.05070389062166214,1,0
862,3.689310073852539,0.0023479051887989044,1,0
863,3.45558762550354,0.1236882358789444,1,0
864,3.446388006210327,0.00013793716789223254,1,0
865,2.7321293354034424,0.00047022561193443835,1,0
866,3.2552168369293213,0.0558478906750679,1,0
867,4.159564971923828,0.013373074121773243,1,0
868,3.3021445274353027,0.03799792751669884,1,0
869,3.0261309146881104,0.4353427588939667,1,0
870,3.7253224849700928,0.04445936903357506,1,0
871,3.7454848289489746,0.09585084766149521,1,0
872,3.4700605869293213,0.03167153522372246,1,0
873,3.945063829421997,0.09953667223453522,1,0
874,3.776689052581787,0.0015404530568048358,1,0
875,3.274695873260498,0.196819469332695,1,0
876,3.668154239654541,0.05372020602226257,1,0
877,3.506382942199707,0.17303553223609924,1,0
878,3.6663525104522705,0.43497347831726074,1,0
879,3.0751137733459473,0.019969182088971138,1,0
880,3.3995327949523926,0.09159672260284424,1,0
881,2.931560754776001,0.16837850213050842,1,0
882,3.224914789199829,0.26249775290489197,1,0
883,3.6077709197998047,4.814574640477076e-05,1,0
884,3.7587952613830566,0.0033561147283762693,1,0
885,3.764847755432129,0.0021128139924257994,1,0
886,4.116670608520508,0.14702895283699036,1,0
887,4.2873430252075195,0.007565521635115147,1,0
888,3.182199716567993,0.48109593987464905,1,0
889,3.7114219665527344,0.11281930655241013,1,0
890,3.8519723415374756,0.05196769908070564,1,0
891,4.596489906311035,0.02922687865793705,1,0
892,3.7908594608306885,0.10208596289157867,1,0
893,3.5532209873199463,0.043142542243003845,1,0
894,4.127999305725098,0.07514321058988571,1,0
895,4.598242282867432,0.0010482990182936192,1,0
896,2.6707565784454346,0.01263363379985094,1,0
897,3.662120819091797,0.05196329578757286,1,0
898,3.723118782043457,0.07687791436910629,1,0
899,3.201498508453369,0.0283297598361969,1,0
900,3.4677927494049072,0.0007837825687602162,1,0
901,3.655552864074707,0.0017028466099873185,1,0
902,3.0491456985473633,0.00950606632977724,1,0
903,3.1664388179779053,0.016938168555498123,1,0
904,3.2879388332366943,0.003597347531467676,1,0
905,2.9893999099731445,0.07716717571020126,1,0
906,3.345285654067993,0.020801370963454247,1,0
907,2.7510488033294678,0.503137469291687,1,0
908,2.980947732925415,0.2073519229888916,1,0
909,3.1295127868652344,3.2181591987609863,1,0
910,2.8129889965057373,0.20268522202968597,1,0
911,2.6138808727264404,0.2925949990749359,1,0
912,3.0120275020599365,0.15528257191181183,1,0
913,3.33695387840271,0.12332195043563843,1,0
914,3.2245028018951416,0.03745060786604881,1,0
915,3.3118278980255127,0.0003714122867677361,1,0
916,3.364997625350952,0.0870799720287323,1,0
917,3.0372326374053955,0.018230460584163666,1,0
918,3.2003355026245117,0.006193669978529215,1,0
919,3.291600465774536,0.5779469609260559,1,0
920,3.34946608543396,0.011965840123593807,1,0
921,3.3189353942871094,0.02097991108894348,1,0
922,3.314573049545288,0.034514907747507095,1,0
923,3.4762930870056152,0.03571930155158043,1,0
924,3.420916795730591,0.03510548174381256,1,0
925,3.3098857402801514,0.012790314853191376,1,0
926,3.228550434112549,0.05114380270242691,1,0
927,3.705386161804199,0.00010015154111897573,1,0
928,2.9673430919647217,0.068548783659935,1,0
929,3.347919225692749,0.0004693889059126377,1,0
930,3.5285656452178955,0.0006490945816040039,1,0
931,3.384491443634033,0.0008365148096345365,1,0
932,3.4287447929382324,0.3268583416938782,1,0
933,3.3879642486572266,0.024789873510599136,1,0
934,3.112199544906616,0.23304489254951477,1,0
935,3.2645175457000732,0.0016241312259808183,1,0
936,3.315533399581909,0.09889224916696548,1,0
937,3.3442306518554688,0.10687072575092316,1,0
938,3.0807759761810303,0.012679233215749264,1,0
939,3.512676954269409,0.042102545499801636,1,0
940,3.645369291305542,0.19497424364089966,1,0
941,3.258100986480713,0.15291865170001984,1,0
942,3.0700883865356445,0.018012212589383125,1,0
943,2.9567415714263916,0.0016397252911701798,1,0
944,3.066161632537842,0.05472242832183838,1,0
945,3.4677751064300537,0.04688454791903496,1,0
946,3.185884475708008,0.19451430439949036,1,0
947,3.5032718181610107,0.04320671036839485,1,0
948,3.294762372970581,0.06816526502370834,1,0
949,3.149620532989502,0.004009038209915161,1,0
950,2.692746162414551,0.004515365697443485,1,0
951,2.6940665245056152,7.882714498919086e-07,1,0
952,2.7853193283081055,0.07062605023384094,1,0
953,3.196533441543579,0.0054403627291321754,1,0
954,4.0507283210754395,0.05349675938487053,1,0
955,4.06104850769043,0.0010160551173612475,1,0
956,4.160786151885986,0.033088475465774536,1,0
957,3.299917697906494,0.10418722778558731,1,0
958,3.521250009536743,1.4901161193847656e-05,1,0
959,4.155009746551514,0.1548721343278885,1,0
960,3.622718572616577,0.004938573110848665,1,0
961,3.667418956756592,0.08344506472349167,1,0
962,3.8437576293945312,0.0010658696992322803,1,0
963,3.9468047618865967,0.02995731495320797,1,0
964,4.108785152435303,0.12489262968301773,1,0
965,3.6479368209838867,0.13399504125118256,1,0
966,3.9060635566711426,0.08367939293384552,1,0
967,3.9710309505462646,0.001519315061159432,1,0
968,3.867025852203369,3.111399928457104e-05,1,0
969,4.01807975769043,0.0004150272288825363,1,0
970,3.8421552181243896,0.008091427385807037,1,0
971,4.036243915557861,0.0072696455754339695,1,0
972,4.006511211395264,0.4311250150203705,1,0
973,4.2843146324157715,0.13750797510147095,1,0
974,4.331818103790283,0.011828998103737831,1,0
975,3.8995931148529053,0.12641148269176483,1,0
976,2.77146315574646,9.406590834259987e-05,1,0
977,3.584495782852173,0.03782505542039871,1,0
978,3.9562997817993164,0.06362750381231308,1,0
979,3.569347620010376,0.021693170070648193,1,0
980,2.2390904426574707,0.052466075867414474,1,0
981,3.441697835922241,0.0013826050562784076,1,0
982,3.3162074089050293,0.1315196305513382,1,0
983,3.5645177364349365,0.17219354212284088,1,0
984,3.8410775661468506,0.026194978505373,1,0
985,4.133279800415039,0.024662403389811516,1,0
986,3.9795589447021484,0.256441593170166,1,0
987,3.700862407684326,0.38760969042778015,1,0
988,3.865837574005127,0.006263740360736847,1,0
989,3.888423204421997,0.0021199174225330353,1,0
990,4.190825462341309,0.061398088932037354,1,0
991,4.218838691711426,0.07188833504915237,1,0
992,4.313146591186523,0.002497997134923935,1,0
993,3.749873161315918,0.006104373838752508,1,0
994,4.280969142913818,0.17295525968074799,1,0
995,3.3902668952941895,0.0715988278388977,1,0
996,4.1741862297058105,0.020767981186509132,1,0
997,4.33872652053833,0.06258022785186768,1,0
998,4.367551326751709,0.07211621850728989,1,0
999,3.7573249340057373,0.06362750381231308,1,0
1000,3.038769483566284,0.12933091819286346,1,0
1001,3.7264859676361084,0.005057282745838165,1,0
1002,3.7542426586151123,0.01454493124037981,1,0
1003,3.405843496322632,0.0820072665810585,1,0
1004,4.135083198547363,0.1423451155424118,1,0
1005,3.573127031326294,1.8515623878556653e-06,1,0
1006,3.350443124771118,0.09011900424957275,1,0
1007,3.326658010482788,0.09864961355924606,1,0
1008,3.859973192214966,0.0007140786619856954,1,0
1009,3.8540940284729004,0.004773147404193878,1,0
1010,3.9878478050231934,0.08605778217315674,1,0
1011,3.605041027069092,0.06311732530593872,1,0
1012,3.466644525527954,0.0029930435121059418,1,0
1013,4.075510025024414,0.0002028957096626982,1,0
1014,3.637834310531616,0.0007443064241670072,1,0
1015,3.938802719116211,0.02940533496439457,1,0
1016,3.4205119609832764,0.002216071356087923,1,0
1017,3.100520372390747,0.1950424313545227,1,0
1018,3.6711044311523438,0.07586448639631271,1,0
1019,3.6842947006225586,0.24079523980617523,1,0
1020,3.9832096099853516,0.005647295154631138,1,0
1021,3.8874897956848145,0.033007774502038956,1,0
1022,3.1680614948272705,0.041439834982156754,1,0
1023,4.196192264556885,0.024783795699477196,1,0
1024,3.8537707328796387,0.009270434267818928,1,0
1025,4.1809821128845215,0.11112716048955917,1,0
1026,4.153630256652832,0.1006418988108635,1,0
1027,3.9938642978668213,0.03456871584057808,1,0
1028,3.009584665298462,0.0021057226695120335,1,0
1029,3.3598484992980957,0.0009614386945031583,1,0
1030,3.4663166999816895,0.08761618286371231,1,0
1031,3.323221206665039,0.015904439613223076,1,0
1032,3.2754476070404053,1.2063368558883667,1,0
1033,3.7233211994171143,0.14078378677368164,1,0
1034,3.796391010284424,0.1340232938528061,1,0
1035,3.75506854057312,0.1252407431602478,1,0
1036,3.7368829250335693,2.4128798031597398e-05,1,0
1037,3.7974164485931396,0.05347890406847,1,0
1038,3.6692898273468018,0.22098064422607422,1,0
1039,3.3494858741760254,0.000422928569605574,1,0
1040,3.594672203063965,2.5377050405950285e-05,1,0
1041,3.6499905586242676,0.0694970116019249,1,0
1042,3.460949182510376,0.09176035970449448,1,0
1043,3.7011210918426514,0.15702152252197266,1,0
1044,3.794870376586914,0.37679919600486755,1,0
1045,3.755661725997925,0.4174345135688782,1,0
1046,3.8418643474578857,0.0015885476022958755,1,0
1047,2.7635886669158936,0.5798119902610779,1,0
1048,3.3677985668182373,0.22081735730171204,1,0
1049,3.384810209274292,0.018121173605322838,1,0
1050,3.8293137550354004,0.04037801921367645,1,0
1051,3.326483726501465,0.088590107858181,1,0
1052,3.6930601596832275,0.0634523555636406,1,0
1053,3.576691150665283,0.1248176097869873,1,0
1054,3.6892893314361572,0.060526009649038315,1,0
1055,4.031223297119141,0.004605299327522516,1,0
1056,3.1134355068206787,0.14516983926296234,1,0
1057,3.4840829372406006,0.02498474530875683,1,0
1058,3.4613678455352783,0.019925566390156746,1,0
1059,3.095951557159424,0.00252217217348516,1,0
1060,3.108820676803589,0.1066373959183693,1,0
1061,3.695448160171509,2.0660552763729356e-05,1,0
1062,3.462038516998291,0.0029112473130226135,1,0
1063,3.3532159328460693,0.0397021546959877,1,0
1064,3.5760977268218994,0.2547924518585205,1,0
1065,3.8994832038879395,0.00929274782538414,1,0
1066,3.921079158782959,0.067291259765625,1,0
1067,3.596252679824829,0.005470299627631903,1,0
1068,3.8578991889953613,0.02032257430255413,1,0
1069,3.3801121711730957,0.012424075976014137,1,0
1070,2.9926869869232178,0.18933115899562836,1,0
1071,3.667703866958618,0.00041817882447503507,1,0
1072,3.3691186904907227,0.0528203547000885,1,0
1073,3.5886576175689697,0.000792452075984329,1,0
1074,3.551442861557007,0.015144563280045986,1,0
1075,3.188774824142456,0.08353429287672043,1,0
1076,3.13759183883667,0.004813235253095627,1,0
1077,3.4175498485565186,0.1359023153781891,1,0
1078,3.1814422607421875,0.38409683108329773,1,0
1079,3.6828463077545166,0.14634886384010315,1,0
1080,3.216797113418579,0.06581246107816696,1,0
1081,2.8842668533325195,0.21995656192302704,1,0
1082,3.9178848266601562,0.053836580365896225,1,0
1083,3.5737075805664062,0.10212913900613785,1,0
1084,3.1310112476348877,0.06083505228161812,1,0
1085,2.217801094055176,0.02796708047389984,1,0
1086,2.0977931022644043,0.06765725463628769,1,0
1087,2.897477626800537,0.08578621596097946,1,0
1088,3.258760690689087,0.05559275299310684,1,0
1089,3.511030435562134,0.033801477402448654,1,0
1090,3.616685152053833,0.049142803996801376,1,0
1091,3.817269802093506,0.1413855105638504,1,0
1092,3.838186740875244,0.017546404153108597,1,0
1093,4.126875400543213,0.11248244345188141,1,0
1094,3.8533518314361572,0.4039771258831024,1,0
1095,4.174996376037598,0.005699631758034229,1,0
1096,3.091883420944214,0.05460960790514946,1,0
1097,3.552952527999878,0.006142131984233856,1,0
1098,3.7333760261535645,0.011264905333518982,1,0
1099,3.744527578353882,1.2334312200546265,1,0
1100,3.5594558715820312,0.09062960743904114,1,0
1101,3.7109382152557373,0.004702735226601362,1,0
1102,2.969722270965576,0.17189733684062958,1,0
1103,3.468599557876587,0.0003401116409804672,1,0
1104,2.8363893032073975,0.09812895208597183,1,0
1105,3.5635831356048584,0.05205133184790611,1,0
1106,3.4229304790496826,0.09931149333715439,1,0
1107,3.099545478820801,0.05712311342358589,1,0
1108,3.5158016681671143,0.020424507558345795,1,0
1109,3.9508981704711914,0.06020354852080345,1,0
1110,3.793375015258789,0.10780660063028336,1,0
1111,3.7997395992279053,0.020242860540747643,1,0
1112,3.92744517326355,0.02630755864083767,1,0
1113,3.757338523864746,4.631373940355843e-06,1,0
1114,3.5910067558288574,0.02666880190372467,1,0
1115,3.4782676696777344,0.04251145198941231,1,0
1116,3.2407641410827637,0.009613633155822754,1,0
1117,3.535501480102539,0.003606614423915744,1,0
1118,3.254603862762451,0.0005125735187903047,1,0
1119,3.692654609680176,0.10400664061307907,1,0
1120,3.808781385421753,0.013364148326218128,1,0
1121,3.8007352352142334,0.0688675120472908,1,0
1122,3.184563159942627,0.14954106509685516,1,0
1123,2.9555490016937256,0.08621072769165039,1,0
1124,3.336826801300049,0.0040654512122273445,1,0
1125,3.721735715866089,0.0006065428606234491,1,0
1126,3.356555938720703,0.16210989654064178,1,0
1127,3.897557497024536,0.2820427417755127,1,0
1128,3.6021316051483154,0.04051388055086136,1,0
1129,3.7420902252197266,0.08122977614402771,1,0
1130,3.70942759513855,0.09345191717147827,1,0
1131,4.172989368438721,0.00029474878101609647,1,0
1132,3.5633914470672607,0.025595545768737793,1,0
1133,3.8266143798828125,0.2249908447265625,1,0
1134,3.5433902740478516,0.0006388091715052724,1,0
1135,3.800281286239624,0.08936157077550888,1,0
1136,3.5786657333374023,0.007785339839756489,1,0
1137,3.133594036102295,0.03534819185733795,1,0
1138,3.8690102100372314,0.006905693560838699,1,0
1139,3.96394419670105,0.06849320977926254,1,0
1140,3.7470269203186035,0.003256235970184207,1,0
1141,2.75883412361145,0.0644480511546135,1,0
1142,1.9615203142166138,0.0011052959598600864,1,0
1143,2.8565378189086914,0.053953077644109726,1,0
1144,3.203354597091675,0.26506519317626953,1,0
1145,3.563917636871338,0.1652175635099411,1,0
1146,3.3952138423919678,0.009012089110910892,1,0
1147,3.2857320308685303,0.1602502018213272,1,0
1148,3.6699771881103516,0.003333789063617587,1,0
1149,3.758453607559204,2.5865529096336104e-05,1,0
1150,4.116518974304199,0.00017149830819107592,1,0
1151,3.8308467864990234,0.0022608160506933928,1,0
1152,3.5662927627563477,0.03911210596561432,1,0
1153,3.9838709831237793,0.0007687257020734251,1,0
1154,3.852485179901123,0.026950065046548843,1,0
1155,3.766211748123169,0.000735381618142128,1,0
1156,3.4380362033843994,0.13365612924098969,1,0
1157,3.6492340564727783,0.0038421645294874907,1,0
1158,3.705460786819458,0.0028749124612659216,1,0
1159,3.28824782371521,0.009408462792634964,1,0
1160,3.9587669372558594,0.0018725410336628556,1,0
1161,4.009702682495117,0.06835184246301651,1,0
1162,3.4809815883636475,0.00532425194978714,1,0
1163,3.683004379272461,0.007702115457504988,1,0
1164,3.6581013202667236,0.001086765551008284,1,0
1165,3.4567997455596924,0.1957249492406845,1,0
1166,3.684833526611328,0.09663523733615875,1,0
1167,3.7615206241607666,0.014184069819748402,1,0
1168,3.621640920639038,0.011140291579067707,1,0
1169,3.783634662628174,0.0801934227347374,1,0
1170,3.658646583557129,0.050882238894701004,1,0
1171,3.9504146575927734,0.09961584955453873,1,0
1172,3.1741831302642822,0.4477703273296356,1,0
1173,3.6001534461975098,0.010632838122546673,1,0
1174,3.256706714630127,0.1238851547241211,1,0
1175,3.218032121658325,0.07356433570384979,1,0
1176,3.9088997840881348,0.053832102566957474,1,0
1177,3.3522889614105225,0.006384998559951782,1,0
1178,3.432194232940674,0.01771811954677105,1,0
1179,3.178185224533081,0.022305788472294807,1,0
1180,3.555621862411499,0.05240420252084732,1,0
1181,3.6304938793182373,0.2803744375705719,1,0
1182,3.667536735534668,0.018329625949263573,1,0
1183,3.787506341934204,0.0020546659361571074,1,0
1184,3.5956616401672363,0.41171789169311523,1,0
1185,3.6847307682037354,0.219612717628479,1,0
1186,3.7349894046783447,0.007062150631099939,1,0
1187,4.321776866912842,0.2776014804840088,1,0
1188,3.8686234951019287,0.33912041783332825,1,0
1189,4.141081809997559,0.022580480203032494,1,0
1190,3.8338847160339355,0.0635642260313034,1,0
1191,2.721764087677002,0.049485694617033005,1,0
1192,3.5072193145751953,0.05384553596377373,1,0
1193,3.5701045989990234,0.0877133309841156,1,0
1194,3.9566025733947754,0.005741967353969812,1,0
1195,2.4446609020233154,0.04759770259261131,1,0
1196,3.6774868965148926,0.08337816596031189,1,0
1197,3.6415891647338867,0.10674456506967545,1,0
1198,3.448833465576172,0.048023950308561325,1,0
1199,3.494694471359253,0.027539432048797607,1,0
1200,3.859309434890747,0.38715317845344543,1,0
1201,3.35363507270813,9.556943405186757e-05,1,0
1202,3.4223153591156006,0.04066164046525955,1,0
1203,3.4707324504852295,0.05288247391581535,1,0
1204,3.5948193073272705,0.19634024798870087,1,0
1205,3.83009672164917,0.0799640342593193,1,0
1206,3.7138264179229736,0.012143846601247787,1,0
1207,3.662442207336426,0.00359271839261055,1,0
1208,3.4437148571014404,0.0004803241172339767,1,0
1209,3.737398147583008,0.05581596493721008,1,0
1210,3.9264168739318848,0.1326911747455597,1,0
1211,4.0977983474731445,0.0037446878850460052,1,0
1212,3.7773361206054688,0.003995606675744057,1,0
1213,3.7573492527008057,0.05719694495201111,1,0
1214,3.7723751068115234,0.02020168863236904,1,0
1215,4.135411739349365,0.06357395648956299,1,0
1216,3.910762071609497,0.3648580312728882,1,0
1217,3.8411355018615723,0.0589691661298275,1,0
1218,3.9492878913879395,0.046554967761039734,1,0
1219,3.9034597873687744,0.046292975544929504,1,0
1220,3.8775925636291504,0.08888908475637436,1,0
1221,3.6485507488250732,0.0108850859105587,1,0
1222,3.4162368774414062,0.6040152311325073,1,0
1223,3.836334705352783,0.2368619441986084,1,0
1224,3.8680243492126465,0.030194971710443497,1,0
1225,3.633545398712158,0.23494954407215118,1,0
1226,3.5182228088378906,0.02323482558131218,1,0
1227,3.744121551513672,0.015080499462783337,1,0
1228,3.8872017860412598,0.3620769679546356,1,0
1229,3.56843900680542,0.5025762915611267,1,0
1230,3.844017505645752,0.05114816501736641,1,0
1231,3.7551043033599854,0.00359271839261055,1,0
1232,3.4078474044799805,0.05981583520770073,1,0
1233,3.505345582962036,0.05661680921912193,1,0
1234,4.118215560913086,0.20399072766304016,1,0
1235,3.8025660514831543,0.03705572709441185,1,0
1236,4.491054534912109,0.10076439380645752,1,0
1237,3.924262523651123,0.0003064606280531734,1,0
1238,3.7610607147216797,0.14209763705730438,1,0
1239,3.527860164642334,0.05641033127903938,1,0
1240,4.011197566986084,0.07875154167413712,1,0
1241,3.5617589950561523,0.004005372989922762,1,0
1242,4.276593208312988,0.03743940219283104,1,0
1243,3.73325777053833,0.06104469299316406,1,0
1244,3.7072110176086426,0.016126714646816254,1,0
1245,3.591442346572876,0.15733526647090912,1,0
1246,4.172274112701416,0.03366677090525627,1,0
1247,3.8132898807525635,0.02001284621655941,1,0
1248,3.4902329444885254,0.005772721953690052,1,0
1249,4.182924747467041,0.1455230563879013,1,0
1250,4.228017330169678,0.025247802957892418,1,0
1251,3.5200583934783936,0.001638162531889975,1,0
1252,3.444598436355591,0.24035976827144623,1,0
1253,3.2965891361236572,0.20428721606731415,1,0
1254,3.5064830780029297,0.2860545516014099,1,0
1255,3.3645403385162354,0.045499078929424286,1,0
1256,3.6339316368103027,0.041451625525951385,1,0
1257,3.430128335952759,0.019974637776613235,1,0
1258,3.6424777507781982,0.059891391545534134,1,0
1259,3.868589401245117,0.0034847937058657408,1,0
1260,4.163482189178467,0.2759767770767212,1,0
1261,3.641968250274658,0.021895477548241615,1,0
1262,3.97072696685791,0.04856262728571892,1,0
1263,3.612508773803711,0.004162008408457041,1,0
1264,3.9409399032592773,0.5333128571510315,1,0
1265,4.3256683349609375,0.16193121671676636,1,0
1266,3.1798644065856934,0.007266354747116566,1,0
1267,3.5139896869659424,0.029131267219781876,1,0
1268,3.1692349910736084,0.0007644505240023136,1,0
1269,3.6804044246673584,0.22466138005256653,1,0
1270,3.6003952026367188,0.15090256929397583,1,0
1271,3.853231430053711,0.1263771802186966,1,0
1272,3.515075922012329,0.20812606811523438,1,0
1273,3.6147420406341553,0.00024532238603569567,1,0
1274,3.4282169342041016,0.019862951710820198,1,0
1275,3.7257773876190186,0.12991464138031006,1,0
1276,3.533038377761841,0.004564784467220306,1,0
1277,3.777590274810791,0.010557343252003193,1,0
1278,3.086829423904419,0.0001225256419274956,1,0
1279,3.2198598384857178,0.00041424119262956083,1,0
1280,3.2148008346557617,0.046584125608205795,1,0
1281,3.2502453327178955,0.0206014271825552,1,0
1282,3.1237053871154785,0.020873812958598137,1,0
1283,3.23380184173584,0.0017647267086431384,1,0
1284,4.052306652069092,0.0009211734868586063,1,0
1285,3.4132683277130127,0.04837566241621971,1,0
1286,3.635003089904785,0.003945741802453995,1,0
1287,3.5316576957702637,0.048180580139160156,1,0
1288,3.4596400260925293,0.0024787411093711853,1,0
1289,4.012839317321777,0.18694519996643066,1,0
1290,3.601300001144409,0.08978904783725739,1,0
1291,3.9557676315307617,0.08072447776794434,1,0
1292,3.1058995723724365,0.13174371421337128,1,0
1293,2.8385298252105713,0.001848398125730455,1,0
1294,3.5839240550994873,0.031151577830314636,1,0
1295,3.960643768310547,0.10249338299036026,1,0
1296,3.69254207611084,0.12648698687553406,1,0
1297,3.4987523555755615,0.009122361429035664,1,0
1298,3.913761854171753,9.500421583652496e-05,1,0
1299,3.461137294769287,0.004320379346609116,1,0
1300,4.0019755363464355,0.0037140422500669956,1,0
1301,3.468687057495117,0.08323889225721359,1,0
1302,3.6598587036132812,0.008292319253087044,1,0
1303,3.6868255138397217,0.06255125999450684,1,0
1304,3.510490894317627,0.5282787084579468,1,0
1305,3.8499953746795654,0.020534992218017578,1,0
1306,3.624271869659424,0.07727444171905518,1,0
1307,3.8257863521575928,0.0399911105632782,1,0
1308,3.7976863384246826,0.0008148853085003793,1,0
1309,4.019521236419678,0.1654530167579651,1,0
1310,3.8675191402435303,0.00808795541524887,1,0
1311,3.6521737575531006,0.019873833283782005,1,0
1312,4.4738006591796875,0.025143638253211975,1,0
1313,4.281311511993408,0.15786395967006683,1,0
1314,3.767177104949951,0.008079278282821178,1,0
1315,4.201154708862305,0.02300005778670311,1,0
1316,4.588362693786621,0.017220675945281982,1,0
1317,3.756711483001709,0.3253483474254608,1,0
1318,4.2663044929504395,0.002252564299851656,1,0
1319,3.8427019119262695,0.003278300864621997,1,0
1320,3.9305717945098877,0.33347925543785095,1,0
1321,3.2181715965270996,0.0009554633288644254,1,0
1322,4.349071025848389,2.6656780391931534e-05,1,0
1323,4.394481182098389,0.05797041580080986,1,0
1324,3.195636510848999,0.009477860294282436,1,0
1325,3.3836286067962646,0.6671456694602966,1,0
1326,4.173234939575195,0.0029467628337442875,1,0
1327,4.362217426300049,0.04457339271903038,1,0
1328,4.033592224121094,0.0020433084573596716,1,0
1329,3.8828890323638916,0.8985174298286438,1,0
1330,4.180081367492676,0.18688678741455078,1,0
1331,3.939542531967163,0.030258730053901672,1,0
1332,4.264364242553711,0.19492311775684357,1,0
1333,4.11934757232666,0.008536639623343945,1,0
1334,3.9341397285461426,0.0017324433429166675,1,0
1335,3.9705066680908203,0.03287815675139427,1,0
1336,3.9874520301818848,0.12920601665973663,1,0
1337,4.099388599395752,0.0003115498402621597,1,0
1338,3.8564696311950684,0.02688356675207615,1,0
1339,3.9371116161346436,0.0016972757875919342,1,0
1340,3.2179348468780518,0.0041185412555933,1,0
1341,4.012641429901123,0.007018424570560455,1,0
1342,4.13115119934082,0.052953511476516724,1,0
1343,3.751868963241577,0.02821941487491131,1,0
1344,3.9769883155822754,0.07983854413032532,1,0
1345,4.184861660003662,0.0035259320866316557,1,0
1346,4.213079929351807,0.008353948593139648,1,0
1347,4.392873287200928,0.04726982116699219,1,0
1348,4.713640213012695,0.007518588099628687,1,0
1349,4.024020671844482,0.03663337975740433,1,0
1350,4.134310245513916,8.70869480422698e-05,1,0
1351,3.7966556549072266,0.09838911145925522,1,0
1352,4.131051063537598,0.00400659441947937,1,0
1353,4.679011821746826,0.7851043939590454,1,0
1354,4.4352803230285645,0.004538740962743759,1,0
1355,4.382180213928223,0.0450473353266716,1,0
1356,3.8535282611846924,0.10175322741270065,1,0
1357,3.8506789207458496,0.0035834691952914,1,0
1358,4.257467269897461,0.00195443257689476,1,0
1359,3.8681702613830566,0.022632716223597527,1,0
1360,4.13029146194458,0.01843167655169964,1,0
1361,3.783141851425171,0.1748628467321396,1,0
1362,3.8353869915008545,0.14660000801086426,1,0
1363,3.433281898498535,0.0017292313277721405,1,0
1364,3.3692941665649414,0.03161316737532616,1,0
1365,2.865903615951538,0.0016264654695987701,1,0
1366,4.504419326782227,0.21214285492897034,1,0
1367,3.4758262634277344,0.09708575904369354,1,0
1368,3.2739198207855225,0.004468795843422413,1,0
1369,3.5237109661102295,0.1087847501039505,1,0
1370,3.8296611309051514,0.020286820828914642,1,0
1371,3.5937607288360596,0.4007938504219055,1,0
1372,3.294405460357666,0.03021174483001232,1,0
1373,3.0528695583343506,1.0142102979671108e-07,1,0
1374,3.4603893756866455,0.003130808938294649,1,0
1375,3.4609594345092773,0.13163864612579346,1,0
1376,3.6474263668060303,0.10647987574338913,1,0
1377,3.918712615966797,0.06628865748643875,1,0
1378,3.899984359741211,0.015273096971213818,1,0
1379,3.7886531352996826,0.037040866911411285,1,0
1380,3.810702085494995,0.07616247981786728,1,0
1381,4.3261189460754395,0.10954999923706055,1,0
1382,3.6388511657714844,4.093805546290241e-05,1,0
1383,4.02758264541626,0.013918674550950527,1,0
1384,3.2388463020324707,0.2389330118894577,1,0
1385,3.2187087535858154,0.01819399558007717,1,0
1386,3.206454038619995,0.03088303841650486,1,0
1387,3.8536102771759033,0.6739100813865662,1,0
1388,2.792936325073242,0.01923687569797039,1,0
1389,3.1866095066070557,0.03662599250674248,1,0
1390,3.5208165645599365,0.08584841340780258,1,0
1391,3.2833075523376465,0.0649242103099823,1,0
1392,2.8311991691589355,0.11061304062604904,1,0
1393,2.8762624263763428,0.19651131331920624,1,0
1394,3.251682996749878,0.042253173887729645,1,0
1395,2.898581027984619,0.03682202100753784,1,0
1396,2.723153591156006,0.007649694569408894,1,0
1397,3.0942280292510986,6.0352031141519547e-05,1,0
1398,3.074819326400757,0.00624847412109375,1,0
1399,3.8048758506774902,0.021961214020848274,1,0
1400,2.7233200073242188,0.03848481923341751,1,0
1401,3.129696846008301,0.04661745950579643,1,0
1402,2.929760694503784,0.029517972841858864,1,0
1403,3.1548166275024414,0.012441292405128479,1,0
1404,3.613952159881592,0.0030952715314924717,1,0
1405,3.327746629714966,0.029980704188346863,1,0
1406,3.6392509937286377,0.0009891652734950185,1,0
1407,3.7550220489501953,0.08656244724988937,1,0
1408,3.5406599044799805,0.26735565066337585,1,0
1409,3.280400037765503,0.4732297956943512,1,0
1410,3.6689293384552,0.21192066371440887,1,0
1411,3.4434492588043213,0.5006488561630249,1,0
1412,3.5708673000335693,0.9418013691902161,1,0
1413,3.718942403793335,0.18974289298057556,1,0
1414,3.8006021976470947,0.16693226993083954,1,0
1415,3.909444808959961,0.3138805627822876,1,0
1416,3.599966287612915,0.06311732530593872,1,0
1417,3.854757785797119,0.049451351165771484,1,0
1418,3.958671808242798,0.061049461364746094,1,0
1419,3.697040557861328,0.013905015774071217,1,0
1420,4.157447338104248,0.0012543890625238419,1,0
1421,4.332180976867676,0.09187733381986618,1,0
1422,1.5704914331436157,0.18845036625862122,1,0
1423,1.6434651613235474,0.025168130174279213,1,0
1424,2.047393321990967,0.13251546025276184,1,0
1425,3.834017515182495,0.004617094993591309,1,0
1426,3.5415005683898926,0.00015021301805973053,1,0
1427,3.0867741107940674,0.21136127412319183,1,0
1428,3.1436448097229004,0.1423451155424118,1,0
1429,3.2918412685394287,0.003773088101297617,1,0
1430,3.4597008228302,0.213576540350914,1,0
1431,3.2665255069732666,0.015344740822911263,1,0
1432,4.021182060241699,0.1562957763671875,1,0
1433,3.0878055095672607,0.4286320209503174,1,0
1434,2.31400990486145,0.12491991370916367,1,0
1435,3.8394381999969482,0.008227415382862091,1,0
1436,3.7538273334503174,0.008103585802018642,1,0
1437,3.9656569957733154,0.03310954570770264,1,0
1438,3.8879928588867188,0.0658520758152008,1,0
1439,4.107065677642822,0.040544964373111725,1,0
1440,3.5431926250457764,0.031712766736745834,1,0
1441,3.8964312076568604,1.4678482330054976e-05,1,0
1442,3.761836051940918,0.0038493461906909943,1,0
1443,4.303632736206055,0.0049888864159584045,1,0
1444,3.5648722648620605,0.06630853563547134,1,0
1445,4.1275763511657715,0.24501879513263702,1,0
1446,3.744668483734131,0.1629970222711563,1,0
1447,3.8069045543670654,0.011586743406951427,1,0
1448,3.996896505355835,0.0013384671183302999,1,0
1449,3.8217952251434326,0.008786317892372608,1,0
1450,3.8343241214752197,0.04891202971339226,1,0
1451,3.539778232574463,0.022044239565730095,1,0
1452,3.585040330886841,0.000475261447718367,1,0
1453,4.016870975494385,0.016048377379775047,1,0
1454,3.8819215297698975,0.028848648071289062,1,0
1455,4.2590436935424805,0.10598918050527573,1,0
1456,4.397732734680176,0.06900940835475922,1,0
1457,4.286880016326904,0.043070413172245026,1,0
1458,3.785983085632324,0.2308511584997177,1,0
1459,3.601672649383545,0.10146405547857285,1,0
1460,3.863851308822632,0.00015715147310402244,1,0
1461,3.8806779384613037,0.2062460035085678,1,0
1462,4.021301746368408,0.03994094952940941,1,0
1463,3.903059482574463,0.17898696660995483,1,0
1464,3.960582733154297,0.06173812225461006,1,0
1465,4.166731834411621,0.036404695361852646,1,0
1466,4.432184219360352,0.008645768277347088,1,0
1467,3.8134329319000244,0.0009638340561650693,1,0
1468,3.4864869117736816,0.604165256023407,1,0
1469,3.74950909614563,0.007343888282775879,1,0
1470,3.480226755142212,0.19796854257583618,1,0
1471,4.093172073364258,0.007241696119308472,1,0
1472,4.0022735595703125,0.06802424043416977,1,0
1473,3.679755449295044,0.26496583223342896,1,0
1474,3.594998836517334,0.08459194749593735,1,0
1475,3.670349359512329,0.001747740781866014,1,0
1476,4.016426086425781,0.07183659076690674,1,0
1477,4.079362869262695,0.020059289410710335,1,0
1478,3.6410744190216064,0.015756307169795036,1,0
1479,3.725609064102173,0.16847355663776398,1,0
1480,3.845865249633789,0.0597308985888958,1,0
1481,3.7673451900482178,1.3861805427950458e-06,1,0
1482,4.018632411956787,0.00016648034215904772,1,0
1483,3.5959250926971436,0.006852865219116211,1,0
1484,3.551180362701416,0.017276443541049957,1,0
1485,3.918323516845703,0.045441459864377975,1,0
1486,3.5004498958587646,0.15177355706691742,1,0
1487,3.694693088531494,0.09493281692266464,1,0
1488,3.5613815784454346,0.007970351725816727,1,0
1489,3.7814016342163086,0.02150312438607216,1,0
1490,3.8761582374572754,0.24495191872119904,1,0
1491,3.8213579654693604,0.05626373365521431,1,0
1492,3.816743850708008,0.004566088784486055,1,0
1493,4.319286823272705,0.12189594656229019,1,0
1494,2.978386878967285,0.12905342876911163,1,0
1495,3.7822797298431396,0.08543044328689575,1,0
1496,3.6266045570373535,0.006660898216068745,1,0
1497,3.3743515014648438,0.07570508122444153,1,0
1498,3.393129348754883,0.0002842404937837273,1,0
1499,3.922844648361206,0.17447565495967865,1,0
1500,3.760815143585205,0.0002967403270304203,1,0
1501,3.7882883548736572,0.24502836167812347,1,0
1502,3.872504949569702,0.10008547455072403,1,0
1503,2.5823395252227783,0.1346033364534378,1,0
1504,3.9692327976226807,0.17759336531162262,1,0
1505,3.945282220840454,0.0019280705600976944,1,0
1506,4.371113300323486,0.01064079999923706,1,0
1507,3.806297779083252,0.00011578435078263283,1,0
1508,4.017359256744385,0.04938698932528496,1,0
1509,4.060159206390381,0.0011638016439974308,1,0
1510,4.246245384216309,0.09463570266962051,1,0
1511,3.8106350898742676,0.36742740869522095,1,0
1512,3.3804779052734375,0.10846032947301865,1,0
1513,4.171801567077637,0.031482893973588943,1,0
1514,3.957252025604248,0.00023812065774109215,1,0
1515,3.3087716102600098,0.000253552570939064,1,0
1516,3.9983692169189453,0.38889652490615845,1,0
1517,4.0734758377075195,0.0008209572406485677,1,0
1518,4.496521949768066,0.024814190343022346,1,0
1519,3.810188055038452,0.032105810940265656,1,0
1520,3.918592929840088,1.3547513484954834,1,0
1521,3.3615493774414062,0.008660131134092808,1,0
1522,4.003355979919434,0.16349612176418304,1,0
1523,3.801273822784424,0.005038084927946329,1,0
1524,3.3642921447753906,0.0680091381072998,1,0
1525,3.9069275856018066,0.30344730615615845,1,0
1526,3.74104642868042,0.27747946977615356,1,0
1527,3.1578965187072754,0.02237791381776333,1,0
1528,3.9077072143554688,0.020253846421837807,1,0
1529,3.34201717376709,0.022245293483138084,1,0
1530,4.012113571166992,0.017687303945422173,1,0
1531,3.961045265197754,0.0026866458356380463,1,0
1532,3.6830410957336426,0.5364324450492859,1,0
1533,4.117382049560547,0.0031426995992660522,1,0
1534,3.55218243598938,0.06032199785113335,1,0
1535,3.504835605621338,0.019887441769242287,1,0
1536,3.599296808242798,0.03360658884048462,1,0
1537,3.091614007949829,0.017472339794039726,1,0
1538,3.8078882694244385,0.003598505398258567,1,0
1539,3.660445213317871,0.08484474569559097,1,0
1540,3.5837550163269043,0.10993363708257675,1,0
1541,3.7023403644561768,0.0020783559884876013,1,0
1542,3.3195197582244873,0.16373814642429352,1,0
1543,3.713156223297119,0.03432869911193848,1,0
1544,2.986908435821533,0.07864866405725479,1,0
1545,3.1821839809417725,0.03745060786604881,1,0
1546,3.5358476638793945,0.2579784095287323,1,0
1547,3.2717809677124023,0.011472757905721664,1,0
1548,3.3636975288391113,0.22890782356262207,1,0
1549,3.581177234649658,0.07055938243865967,1,0
1550,3.461792469024658,0.026530295610427856,1,0
1551,3.539470911026001,0.02860330417752266,1,0
1552,3.6860439777374268,0.04019981250166893,1,0
1553,4.4429850578308105,0.010501887649297714,1,0
1554,3.955589771270752,0.07683511823415756,1,0
1555,3.7737793922424316,0.11133959144353867,1,0
1556,3.657534599304199,0.3132753074169159,1,0
1557,3.296832799911499,0.03353939577937126,1,0
1558,3.5528862476348877,0.2614407241344452,1,0
1559,3.26352858543396,0.0009129905374720693,1,0
1560,3.2415857315063477,0.1316736787557602,1,0
1561,2.950180768966675,0.11879589408636093,1,0
1562,3.531782388687134,0.034716006368398666,1,0
1563,2.822767496109009,0.019341422244906425,1,0
1564,2.630180835723877,0.33744776248931885,1,0
1565,3.469784736633301,0.010092565789818764,1,0
1566,3.503121852874756,0.0001370319223497063,1,0
1567,3.917560577392578,0.07504799962043762,1,0
1568,3.7254652976989746,0.04627636447548866,1,0
1569,3.83831524848938,0.03772002086043358,1,0
1570,3.5668671131134033,0.030991673469543457,1,0
1571,3.4411771297454834,0.022886039689183235,1,0
1572,3.4454989433288574,0.003817081917077303,1,0
1573,3.782140016555786,0.014424140565097332,1,0
1574,3.8080506324768066,0.019575655460357666,1,0
1575,3.5389130115509033,0.00016598263755440712,1,0
1576,3.335258722305298,0.035388123244047165,1,0
1577,3.3537380695343018,0.01274669636040926,1,0
1578,3.3882851600646973,0.25299325585365295,1,0
1579,3.6617043018341064,0.14116786420345306,1,0
1580,3.86606502532959,0.06437946856021881,1,0
1581,3.4727821350097656,0.42093345522880554,1,0
1582,3.8118960857391357,0.00014950419426895678,1,0
1583,3.555797815322876,0.20315471291542053,1,0
1584,3.624957799911499,0.0035190589260309935,1,0
1585,3.141193151473999,0.1424616426229477,1,0
1586,3.6637425422668457,0.051629453897476196,1,0
1587,3.337874174118042,0.0015854720259085298,1,0
1588,3.9197301864624023,0.0017388761043548584,1,0
1589,3.2066738605499268,0.0001178705133497715,1,0
1590,3.7170913219451904,0.004255920648574829,1,0
1591,3.774254322052002,0.10137186199426651,1,0
1592,3.696714401245117,0.007213801145553589,1,0
1593,3.604292631149292,0.004480415489524603,1,0
1594,3.9148664474487305,0.015289800241589546,1,0
1595,3.954289197921753,0.009429067373275757,1,0
1596,3.799617290496826,0.11614324897527695,1,0
1597,3.6187498569488525,0.12344398349523544,1,0
1598,3.7747111320495605,0.004347062204033136,1,0
1599,3.413818836212158,0.07835124433040619,1,0
1600,3.541076421737671,0.0005553815863095224,1,0
1601,3.730875253677368,0.14132021367549896,1,0
1602,3.773914337158203,0.35365989804267883,1,0
1603,3.6973304748535156,0.1369359940290451,1,0
1604,3.888340711593628,3.922740143025294e-05,1,0
1605,3.893998622894287,0.062372781336307526,1,0
1606,3.824517250061035,0.2447131723165512,1,0
1607,3.739671468734741,0.05230262875556946,1,0
1608,3.491395950317383,0.022441478446125984,1,0
1609,3.3031680583953857,0.12110207229852676,1,0
1610,3.6290154457092285,0.28469353914260864,1,0
1611,3.836245536804199,0.0008926928276196122,1,0
1612,3.3306124210357666,0.1700219362974167,1,0
1613,3.091160535812378,0.012490857392549515,1,0
1614,2.9133799076080322,0.0040728384628891945,1,0
1615,3.418036460876465,0.040226902812719345,1,0
1616,3.886265754699707,0.14393702149391174,1,0
1617,3.7072670459747314,0.006081774830818176,1,0
1618,3.522597074508667,0.25699901580810547,1,0
1619,3.4773526191711426,0.12829184532165527,1,0
1620,3.381345748901367,0.02578425407409668,1,0
1621,3.3285558223724365,0.008488559164106846,1,0
1622,3.5303103923797607,0.003174156416207552,1,0
1623,3.4087026119232178,0.0017891348106786609,1,0
1624,3.5144917964935303,0.03902054950594902,1,0
1625,3.698478937149048,0.059415269643068314,1,0
1626,4.2652459144592285,0.06727123260498047,1,0
1627,3.4473037719726562,0.04170350357890129,1,0
1628,3.2889320850372314,0.020884966477751732,1,0
1629,4.0587158203125,0.29117682576179504,1,0
1630,3.697788953781128,0.04240009933710098,1,0
1631,3.707104206085205,0.01459851861000061,1,0
1632,3.3152709007263184,0.06540706008672714,1,0
1633,3.62481951713562,0.11031794548034668,1,0
1634,3.9621756076812744,0.06381751596927643,1,0
1635,4.016354084014893,0.03787762671709061,1,0
1636,3.9869494438171387,0.18259789049625397,1,0
1637,3.513174533843994,0.1258973330259323,1,0
1638,4.03742790222168,0.09353454411029816,1,0
1639,4.49307107925415,0.004445601254701614,1,0
1640,3.9573817253112793,0.02458668313920498,1,0
1641,4.175530910491943,0.1993277370929718,1,0
1642,4.064026355743408,0.020083900541067123,1,0
1643,3.7585320472717285,0.029571054503321648,1,0
1644,4.132682800292969,0.035715650767087936,1,0
1645,3.779714345932007,0.06422284990549088,1,0
1646,4.179088592529297,0.00010503865632927045,1,0
1647,3.9832956790924072,0.05412357673048973,1,0
1648,4.147343158721924,0.001789951347745955,1,0
1649,3.853986978530884,0.00045775334001518786,1,0
1650,3.8537542819976807,0.03779502958059311,1,0
1651,4.306808948516846,0.0845414325594902,1,0
1652,3.901376247406006,0.006857659667730331,1,0
1653,4.1463541984558105,0.09843149036169052,1,0
1654,4.260623931884766,0.01835576444864273,1,0
1655,4.603615760803223,0.01919674314558506,1,0
1656,4.432985782623291,0.4491921067237854,1,0
1657,4.506241798400879,0.06708613783121109,1,0
1658,4.443822860717773,0.007863875478506088,1,0
1659,4.048673629760742,0.06029355525970459,1,0
1660,4.262439727783203,0.02864248864352703,1,0
1661,4.090420246124268,0.057497382164001465,1,0
1662,4.641560077667236,0.0042295195162296295,1,0
1663,3.965137004852295,0.3126382529735565,1,0
1664,4.057044506072998,0.021100295707583427,1,0
1665,4.008302211761475,0.01269880123436451,1,0
1666,4.630908966064453,0.009067141450941563,1,0
1667,4.0353899002075195,0.22482608258724213,1,0
1668,4.408382415771484,0.004090101458132267,1,0
1669,4.314276218414307,0.08307748287916183,1,0
1670,3.8932011127471924,0.06189168244600296,1,0
1671,4.659209728240967,0.19501686096191406,1,0
1672,3.8390746116638184,0.13189788162708282,1,0
1673,3.1517677307128906,0.004300104919821024,1,0
1674,3.3562350273132324,0.1134750247001648,1,0
1675,3.440491199493408,6.904089968884364e-05,1,0
1676,3.4651129245758057,0.009596608579158783,1,0
1677,3.8310816287994385,7.564667612314224e-06,1,0
1678,3.8892905712127686,0.0002739229239523411,1,0
1679,3.1310269832611084,0.002549386117607355,1,0
1680,3.518883228302002,0.00550747849047184,1,0
1681,3.813913345336914,0.0010111392475664616,1,0
1682,4.013054847717285,0.044654928147792816,1,0
1683,4.176896572113037,0.11748236417770386,1,0
1684,3.357680082321167,0.004463636316359043,1,0
1685,1.750442385673523,0.0004956730990670621,1,0
1686,2.7811503410339355,0.21478240191936493,1,0
1687,3.092162609100342,0.000377387652406469,1,0
1688,3.3808393478393555,0.07000676542520523,1,0
1689,3.3225276470184326,0.0774892121553421,1,0
1690,3.0705082416534424,0.021443728357553482,1,0
1691,3.7506039142608643,0.14053043723106384,1,0
1692,3.741361379623413,0.002427122090011835,1,0
1693,4.363775253295898,0.03879212960600853,1,0
1694,3.732520341873169,0.11490338295698166,1,0
1695,3.7290306091308594,0.003203584346920252,1,0
1696,3.5968241691589355,0.0702214166522026,1,0
1697,3.9551796913146973,0.06832157075405121,1,0
1698,3.4735114574432373,0.01985207200050354,1,0
1699,3.637525796890259,0.21203617751598358,1,0
1700,3.1978001594543457,0.01895681954920292,1,0
1701,3.7317538261413574,0.00017659078002907336,1,0
1702,3.927513599395752,0.039709847420454025,1,0
1703,3.5947089195251465,0.0006905504851602018,1,0
1704,3.847299575805664,0.16068316996097565,1,0
1705,2.8903629779815674,0.06556511670351028,1,0
1706,2.9250471591949463,0.03068324364721775,1,0
1707,3.4547977447509766,0.01878977008163929,1,0
1708,3.716033458709717,0.013177379034459591,1,0
1709,3.5908186435699463,0.20966100692749023,1,0
1710,4.446567058563232,0.16623903810977936,1,0
1711,3.6882903575897217,3.898600334650837e-05,1,0
1712,4.0698347091674805,0.017467236146330833,1,0
1713,3.790752649307251,0.12710553407669067,1,0
1714,3.8016717433929443,0.018626093864440918,1,0
1715,3.5533955097198486,0.03138023614883423,1,0
1716,3.9990086555480957,0.09355225414037704,1,0
1717,3.678168773651123,0.10413739830255508,1,0
1718,3.669356107711792,0.03804308548569679,1,0
1719,3.745293378829956,0.006859257817268372,1,0
1720,3.692800521850586,0.38176780939102173,1,0
1721,4.223716735839844,0.04288635030388832,1,0
1722,3.7152812480926514,0.15938600897789001,1,0
1723,3.786721706390381,0.02810281328856945,1,0
1724,3.4233009815216064,0.5177402496337891,1,0
1725,4.177557468414307,0.05465472489595413,1,0
1726,4.031332492828369,0.03764508664608002,1,0
1727,3.7441649436950684,4.180706980605464e-07,1,0
1728,4.268594264984131,0.40660664439201355,1,0
1729,2.838921546936035,0.09926284104585648,1,0
1730,3.9912381172180176,0.3511277735233307,1,0
1731,4.022821426391602,0.08257755637168884,1,0
1732,3.9042794704437256,0.006809793412685394,1,0
1733,4.318792343139648,0.020177006721496582,1,0
1734,3.498762369155884,0.06817030161619186,1,0
1735,3.9583253860473633,0.01161376852542162,1,0
1736,3.5086302757263184,2.2361055584951828e-07,1,0
1737,4.121352195739746,0.0652097687125206,1,0
1738,3.8094534873962402,0.26527389883995056,1,0
1739,3.443647623062134,0.021872635930776596,1,0
1740,4.020725727081299,1.2069940567016602e-05,1,0
1741,2.9587559700012207,0.010620899498462677,1,0
1742,3.076357126235962,0.023220116272568703,1,0
1743,3.3577961921691895,0.001555641065351665,1,0
1744,3.1885552406311035,0.13453254103660583,1,0
1745,3.795433521270752,0.005487443413585424,1,0
1746,3.670344352722168,0.27712374925613403,1,0
1747,3.7658841609954834,0.011332608759403229,1,0
1748,3.1119439601898193,0.029867185279726982,1,0
1749,3.6744346618652344,0.005397737957537174,1,0
1750,3.0599899291992188,0.0011552575742825866,1,0
1751,2.9058048725128174,0.0021591992117464542,1,0
1752,4.0183796882629395,0.11437404155731201,1,0
1753,3.9788360595703125,0.23517413437366486,1,0
1754,4.534774303436279,0.06309793144464493,1,0
1755,4.135395526885986,0.09983526915311813,1,0
1756,3.3993093967437744,0.005603865720331669,1,0
1757,3.653268814086914,0.005355280824005604,1,0
1758,3.5897185802459717,0.07088788598775864,1,0
1759,3.879014730453491,0.030342722311615944,1,0
1760,3.81777286529541,0.11576861143112183,1,0
1761,3.749725580215454,0.002801904920488596,1,0
1762,3.6020307540893555,0.11422395706176758,1,0
1763,3.7417688369750977,0.0864035114645958,1,0
1764,3.658381462097168,0.01366029679775238,1,0
1765,3.8781700134277344,0.001794036477804184,1,0
1766,3.4697389602661133,0.06562443822622299,1,0
1767,4.066622734069824,0.12263156473636627,1,0
1768,3.60309100151062,0.040801871567964554,1,0
1769,4.098824501037598,0.028417540714144707,1,0
1770,4.508758544921875,0.018702564761042595,1,0
1771,4.243528366088867,0.002118140459060669,1,0
1772,4.326542854309082,0.059025418013334274,1,0
1773,4.257572174072266,0.018623461946845055,1,0
1774,3.8818671703338623,0.07516437023878098,1,0
1775,4.361870765686035,0.07808133959770203,1,0
1776,4.401554107666016,0.12046482414007187,1,0
1777,4.188438415527344,0.008880647830665112,1,0
1778,4.249411106109619,0.010579168796539307,1,0
1779,4.32498836517334,0.038439393043518066,1,0
1780,4.123875617980957,0.008389268070459366,1,0
1781,4.048959732055664,0.023482613265514374,1,0
1782,4.151708602905273,0.0074901641346514225,1,0
1783,4.021523475646973,0.3117539584636688,1,0
1784,3.929564952850342,0.021401353180408478,1,0
1785,3.871403455734253,0.0694308802485466,1,0
1786,3.7687015533447266,0.13433438539505005,1,0
1787,4.144269943237305,0.11570952087640762,1,0
1788,3.8550126552581787,0.1116940900683403,1,0
1789,4.028021812438965,0.025945667177438736,1,0
1790,3.581460475921631,0.02826806902885437,1,0
1791,3.9876792430877686,0.06855888664722443,1,0
1792,3.7899532318115234,0.002027634298428893,1,0
1793,3.1097331047058105,0.0076463185250759125,1,0
1794,3.367220163345337,0.03317982330918312,1,0
1795,3.442064046859741,0.4016741216182709,1,0
1796,3.5440971851348877,0.20225095748901367,1,0
1797,3.6264820098876953,0.0020581670105457306,1,0
1798,4.273243427276611,0.1289009302854538,1,0
1799,3.9454150199890137,0.00924814771860838,1,0
1800,3.495969295501709,0.00022635619097854942,1,0
1801,3.375777006149292,0.0003319740353617817,1,0
1802,3.807157516479492,0.28112098574638367,1,0
1803,3.9410459995269775,3.614369916249416e-06,1,0
1804,3.949568033218384,0.8896843194961548,1,0
1805,4.495981216430664,0.01435930747538805,1,0
1806,3.6894354820251465,0.09431535005569458,1,0
1807,4.065542221069336,0.07245870679616928,1,0
1808,4.437980651855469,0.06779789179563522,1,0
1809,3.9929864406585693,0.027793053537607193,1,0
1810,3.8485238552093506,0.011512070894241333,1,0
1811,4.302700519561768,0.35686954855918884,1,0
1812,4.2957377433776855,0.05187094211578369,1,0
1813,3.969374895095825,0.1569909304380417,1,0
1814,3.7765631675720215,0.04149092733860016,1,0
1815,4.169986724853516,0.011997530236840248,1,0
1816,4.235833644866943,0.11033076047897339,1,0
1817,3.5492260456085205,0.02494814805686474,1,0
1818,3.7812838554382324,0.004435312002897263,1,0
1819,4.143664836883545,0.06876624375581741,1,0
1820,3.9996142387390137,0.0004118875658605248,1,0
1821,2.7688093185424805,0.008110537193715572,1,0
1822,3.1127102375030518,0.10235130786895752,1,0
1823,3.6128573417663574,0.0637492761015892,1,0
1824,3.642643690109253,0.3653011918067932,1,0
1825,3.8159339427948,0.016595778986811638,1,0
1826,3.545213460922241,0.0015693738823756576,1,0
1827,4.199817180633545,0.21767234802246094,1,0
1828,3.908543586730957,0.0031883083283901215,1,0
1829,3.8208184242248535,0.0304942037910223,1,0
1830,3.6580779552459717,0.0002845659910235554,1,0
1831,3.85333251953125,0.13444052636623383,1,0
1832,3.6239826679229736,1.682201400399208e-05,1,0
1833,3.340484380722046,0.053100187331438065,1,0
1834,3.4896740913391113,0.23173299431800842,1,0
1835,3.55202054977417,0.012391827069222927,1,0
1836,3.6997270584106445,0.03285016492009163,1,0
1837,3.5923402309417725,0.06832661479711533,1,0
1838,3.1110434532165527,0.0875190868973732,1,0
1839,3.7059407234191895,0.018850671127438545,1,0
1840,3.1593785285949707,0.06955808401107788,1,0
1841,3.3631138801574707,0.4282909035682678,1,0
1842,3.6346402168273926,0.384802907705307,1,0
1843,3.1778318881988525,0.04303036630153656,1,0
1844,3.45287823677063,0.023904485628008842,1,0
1845,3.14662504196167,0.16716893017292023,1,0
1846,3.5067298412323,0.0020042359828948975,1,0
1847,3.0243427753448486,0.040642183274030685,1,0
1848,3.5383667945861816,0.2387632429599762,1,0
1849,3.924687385559082,0.3292904794216156,1,0
1850,3.240309715270996,0.16564148664474487,1,0
1851,3.950564384460449,0.02314077503979206,1,0
1852,3.601640462875366,0.013882264494895935,1,0
1853,3.2859246730804443,0.03819381818175316,1,0
1854,3.710271120071411,0.004287457559257746,1,0
1855,3.807957887649536,0.04396020248532295,1,0
1856,4.233011245727539,0.002446176949888468,1,0
1857,3.918764352798462,0.07259386032819748,1,0
1858,3.9402034282684326,0.06590161472558975,1,0
1859,3.573434591293335,0.1963060349225998,1,0
1860,3.7920260429382324,0.13932470977306366,1,0
1861,4.545724391937256,0.008997436612844467,1,0
1862,4.169470310211182,0.051113247871398926,1,0
1863,3.838787794113159,0.020790239796042442,1,0
1864,4.421825885772705,0.23999086022377014,1,0
1865,3.0703670978546143,0.11932869255542755,1,0
1866,3.0177483558654785,0.0832778811454773,1,0
1867,3.497135877609253,0.00010385513451183215,1,0
1868,3.203216314315796,0.3736542761325836,1,0
1869,3.3187496662139893,0.029970679432153702,1,0
1870,3.5944268703460693,0.36418217420578003,1,0
1871,3.6707956790924072,0.07001187652349472,1,0
1872,3.8055524826049805,0.2073870748281479,1,0
1873,3.398930549621582,0.18123134970664978,1,0
1874,3.525939702987671,0.011394333094358444,1,0
1875,3.666844129562378,0.00022490658739116043,1,0
1876,4.054322719573975,0.10947974771261215,1,0
1877,4.062985897064209,0.01965404860675335,1,0
1878,3.5482614040374756,0.02097432129085064,1,0
1879,3.332354784011841,0.008592012338340282,1,0
1880,3.189157485961914,0.057109273970127106,1,0
1881,3.0861356258392334,0.015066280961036682,1,0
1882,3.4962260723114014,0.014387075789272785,1,0
1883,3.74760103225708,0.040560510009527206,1,0
1884,3.1216413974761963,0.049245547503232956,1,0
1885,3.6508567333221436,0.3318539261817932,1,0
1886,3.834888219833374,0.00949665904045105,1,0
1887,3.397158145904541,0.02383291907608509,1,0
1888,3.7812583446502686,0.26990655064582825,1,0
1889,3.659431219100952,0.0007120170630514622,1,0
1890,3.9630284309387207,0.14151617884635925,1,0
1891,3.672250747680664,0.00115919706877321,1,0
1892,3.3989837169647217,0.05184457451105118,1,0
1893,3.776963949203491,0.08472111076116562,1,0
1894,3.724543809890747,0.014922112226486206,1,0
1895,3.8980166912078857,0.051954496651887894,1,0
1896,3.917046070098877,0.0013412931002676487,1,0
1897,3.7418065071105957,0.03502596542239189,1,0
1898,3.9164435863494873,0.019462401047348976,1,0
1899,4.007194519042969,0.001063350704498589,1,0
1900,3.3731343746185303,0.008431750349700451,1,0
1901,3.4005868434906006,0.06108761951327324,1,0
1902,3.548375129699707,0.030995070934295654,1,0
1903,3.855696678161621,0.006199747323989868,1,0
1904,3.4137959480285645,0.032581355422735214,1,0
1905,3.949594259262085,0.025759467855095863,1,0
1906,4.087095737457275,0.011138254776597023,1,0
1907,3.793966054916382,0.043673351407051086,1,0
1908,4.195376873016357,0.009012089110910892,1,0
1909,4.109400272369385,0.03914264962077141,1,0
1910,3.9284157752990723,0.048117052763700485,1,0
1911,3.823481321334839,0.03310954570770264,1,0
1912,4.115896224975586,0.047829583287239075,1,0
1913,4.0241780281066895,0.0019153788452968001,1,0
1914,3.8450562953948975,0.03644153103232384,1,0
1915,3.853423833847046,0.15608982741832733,1,0
1916,3.8274054527282715,2.3097172743291594e-05,1,0
1917,3.8131635189056396,6.808200851082802e-05,1,0
1918,3.84059476852417,0.021080676466226578,1,0
1919,3.810594320297241,0.012361764907836914,1,0
1920,3.8227174282073975,0.13083456456661224,1,0
1921,3.6156210899353027,0.11666347086429596,1,0
1922,3.494593381881714,0.012687928043305874,1,0
1923,3.688821315765381,0.07528083771467209,1,0
1924,3.9972498416900635,0.13879209756851196,1,0
1925,3.6909494400024414,0.0007816226570867002,1,0
1926,4.697328567504883,0.04051388055086136,1,0
1927,4.330415725708008,0.16846564412117004,1,0
1928,4.045742511749268,0.1636834740638733,1,0
1929,4.180811405181885,0.027625983580946922,1,0
1930,3.9044604301452637,0.004219483584165573,1,0
1931,3.779240369796753,0.04519492760300636,1,0
1932,4.365841865539551,0.010692629031836987,1,0
1933,4.380832672119141,0.010762596502900124,1,0
1934,3.947613477706909,0.17888084053993225,1,0
1935,4.429177761077881,0.027127796784043312,1,0
1936,4.199141979217529,0.01405563484877348,1,0
1937,3.9646244049072266,0.008624245412647724,1,0
1938,3.9892992973327637,0.009371057152748108,1,0
1939,3.9103050231933594,2.5474373614997603e-05,1,0
1940,4.479860305786133,0.07126867771148682,1,0
1941,4.314821720123291,0.01614142581820488,1,0
1942,4.013286590576172,6.415881443899707e-07,1,0
1943,3.9136006832122803,0.1972135454416275,1,0
1944,3.648851156234741,0.09701961278915405,1,0
1945,3.7994539737701416,0.021446553990244865,1,0
1946,3.527775287628174,0.054240383207798004,1,0
1947,3.917637586593628,0.0018533803522586823,1,0
1948,4.132997512817383,0.10131656378507614,1,0
1949,3.922973155975342,0.23544564843177795,1,0
1950,3.7998175621032715,0.09082727879285812,1,0
1951,3.8543171882629395,0.023639632388949394,1,0
1952,3.591644525527954,0.031247034668922424,1,0
1953,3.7097175121307373,0.720839262008667,1,0
1954,3.4307103157043457,0.012796863913536072,1,0
1955,4.006750106811523,1.5982426475602551e-06,1,0
1956,3.030118942260742,0.1975565403699875,1,0
1957,3.5418131351470947,0.2318909615278244,1,0
1958,2.5461084842681885,0.08627874404191971,1,0
1959,2.543017864227295,0.13943280279636383,1,0
1960,2.9267287254333496,0.0030952715314924717,1,0
1961,2.87919282913208,0.025106925517320633,1,0
1962,2.9723145961761475,0.15431813895702362,1,0
1963,3.3583552837371826,0.015223047696053982,1,0
1964,3.6526923179626465,0.12833333015441895,1,0
1965,3.3620784282684326,0.24655938148498535,1,0
1966,3.2972824573516846,0.22393010556697845,1,0
1967,3.414105176925659,0.01130591332912445,1,0
1968,3.8939037322998047,0.009668592363595963,1,0
1969,3.6113669872283936,0.008162766695022583,1,0
1970,3.704552173614502,0.013124257326126099,1,0
1971,3.461953639984131,0.02588663063943386,1,0
1972,3.4208741188049316,0.022988349199295044,1,0
1973,3.362215042114258,0.046172622591257095,1,0
1974,3.278986692428589,0.08657380193471909,1,0
1975,3.6552395820617676,0.07911486178636551,1,0
1976,3.932798147201538,0.0014960825210437179,1,0
1977,3.13555645942688,2.8070155167370103e-05,1,0
1978,3.5143613815307617,0.0008967341273091733,1,0
1979,3.5267632007598877,0.328902930021286,1,0
1980,3.3254222869873047,0.017185235396027565,1,0
1981,3.106834888458252,0.04071614518761635,1,0
1982,3.3956263065338135,0.11324109137058258,1,0
1983,4.011032581329346,0.05666733533143997,1,0
1984,3.7983641624450684,0.005170460790395737,1,0
1985,3.726116180419922,0.12166693061590195,1,0
1986,3.763575792312622,0.13735055923461914,1,0
1987,3.3947155475616455,0.1526319831609726,1,0
1988,3.8236374855041504,0.41798335313796997,1,0
1989,2.9058849811553955,0.014745806343853474,1,0
1990,3.898305892944336,0.0689283013343811,1,0
1991,3.509197950363159,0.139367938041687,1,0
1992,3.8328702449798584,0.09895902127027512,1,0
1993,3.954192876815796,0.0008944236906245351,1,0
1994,3.6309561729431152,0.029703963547945023,1,0
1995,3.3390815258026123,0.202859029173851,1,0
1996,3.539113759994507,0.013514059595763683,1,0
1997,4.246364116668701,0.06790850311517715,1,0
1998,3.665595293045044,0.23386557400226593,1,0
1999,3.9095654487609863,0.021282928064465523,1,0
2000,3.9259116649627686,0.1767078936100006,1,0
2001,3.421834707260132,0.1337549388408661,1,0
2002,3.282555341720581,9.822929132496938e-05,1,0
2003,3.776186943054199,0.001072812476195395,1,0
2004,3.5347907543182373,0.16825972497463226,1,0
2005,3.687802314758301,0.00029276395798660815,1,0
2006,3.05818510055542,0.2635767161846161,1,0
2007,3.1324398517608643,0.02069017104804516,1,0
2008,3.5364162921905518,0.089621402323246,1,0
2009,3.943939685821533,0.12881086766719818,1,0
2010,3.9447460174560547,0.044134389609098434,1,0
2011,3.534799575805664,0.12802237272262573,1,0
2012,3.670029401779175,0.008761007338762283,1,0
2013,3.6918282508850098,0.029418572783470154,1,0
2014,3.6846251487731934,0.07284368574619293,1,0
2015,3.331179141998291,0.004371274262666702,1,0
2016,3.5458896160125732,0.04102830961346626,1,0
2017,3.8819997310638428,0.021855510771274567,1,0
2018,3.1979639530181885,0.00010228752944385633,1,0
2019,3.7097811698913574,0.035293783992528915,1,0
2020,3.820556163787842,0.026326343417167664,1,0
2021,4.6270575523376465,0.05891761928796768,1,0
2022,3.0171327590942383,0.1445527821779251,1,0
2023,3.917201519012451,3.922740143025294e-05,1,0
2024,3.3920533657073975,0.05065609887242317,1,0
2025,3.1357691287994385,0.13818874955177307,1,0
2026,3.126199245452881,2.5355257093906403e-06,1,0
2027,3.3789587020874023,0.0020520424004644156,1,0
2028,3.265446662902832,0.1695050150156021,1,0
2029,4.187164783477783,0.0068864598870277405,1,0
2030,3.8424012660980225,0.004814574494957924,1,0
2031,3.7507100105285645,0.05631868913769722,1,0
2032,3.367811441421509,0.07708141207695007,1,0
2033,3.9084994792938232,0.013355224393308163,1,0
2034,3.259437322616577,0.02597987651824951,1,0
2035,3.6079893112182617,0.03373409062623978,1,0
2036,3.1932506561279297,0.13367024064064026,1,0
2037,3.31770658493042,0.0005622254102490842,1,0
2038,3.772636651992798,0.10065414011478424,1,0
2039,3.0723037719726562,0.006686125881969929,1,0
2040,3.7725141048431396,0.22935128211975098,1,0
2041,3.6612284183502197,0.00858843419700861,1,0
2042,3.5138015747070312,0.09606608003377914,1,0
2043,3.2959413528442383,0.13430608808994293,1,0
2044,4.008355140686035,0.007315796799957752,1,0
2045,3.270843267440796,0.2486530989408493,1,0
2046,3.600382089614868,0.09047279506921768,1,0
2047,3.5346949100494385,0.14558196067810059,1,0
2048,3.3695406913757324,0.0393567830324173,1,0
2049,3.552436590194702,0.17249803245067596,1,0
2050,3.595264196395874,0.0010671303607523441,1,0
2051,2.964500904083252,0.0035099051892757416,1,0
2052,2.9668054580688477,0.011659573763608932,1,0
2053,3.56221079826355,0.19411443173885345,1,0
2054,3.952085018157959,0.148788183927536,1,0
2055,3.7507803440093994,0.0008703441708348691,1,0
2056,3.4630448818206787,0.0004154205380473286,1,0
2057,3.91169810295105,0.06290414184331894,1,0
2058,3.6824028491973877,0.01965404860675335,1,0
2059,3.8769562244415283,0.14521397650241852,1,0
2060,3.226174831390381,0.018935566768050194,1,0
2061,3.659588575363159,0.009326268918812275,1,0
2062,3.6547868251800537,0.20230305194854736,1,0
2063,3.9217946529388428,0.022101592272520065,1,0
2064,3.8171255588531494,0.0016553938621655107,1,0
2065,3.538667678833008,0.020723501220345497,1,0
2066,3.6619794368743896,0.026088876649737358,1,0
2067,3.809988260269165,0.02395225502550602,1,0
2068,4.166445732116699,0.00010444605868542567,1,0
2069,3.9475252628326416,0.1211625337600708,1,0
2070,3.774739980697632,0.08879128098487854,1,0
2071,2.874372720718384,0.0412788987159729,1,0
2072,3.2722506523132324,0.020388664677739143,1,0
2073,3.4425714015960693,0.002616085112094879,1,0
2074,2.8910529613494873,0.00013366379425860941,1,0
2075,3.3758609294891357,0.1624675840139389,1,0
2076,3.0993518829345703,0.009744655340909958,1,0
2077,3.1235909461975098,0.10293257236480713,1,0
2078,2.9672749042510986,0.027934813871979713,1,0
2079,3.288599967956543,0.0083380788564682,1,0
2080,3.560436964035034,0.12900489568710327,1,0
2081,3.424936532974243,0.004511475563049316,1,0
2082,3.8241074085235596,0.07355909794569016,1,0
2083,3.999565362930298,0.1319960355758667,1,0
2084,4.238933563232422,0.018983403220772743,1,0
2085,3.909195899963379,0.15602120757102966,1,0
2086,3.983325481414795,0.018274789676070213,1,0
2087,4.279674530029297,0.0015465193428099155,1,0
2088,4.056059837341309,0.001089949277229607,1,0
2089,3.1844635009765625,0.05443384870886803,1,0
2090,3.140761137008667,0.006221042014658451,1,0
2091,3.4158835411071777,0.019084591418504715,1,0
2092,3.4376046657562256,0.0199937354773283,1,0
2093,3.321847915649414,0.0030546009074896574,1,0
2094,3.360273838043213,2.776421570160892e-05,1,0
2095,3.471710681915283,7.934206951176748e-05,1,0
2096,3.0015337467193604,0.029029235243797302,1,0
2097,3.3834736347198486,0.0009770618053153157,1,0
2098,3.6730191707611084,0.001167096197605133,1,0
2099,3.7334773540496826,0.01276195328682661,1,0
2100,3.774287462234497,0.07221991568803787,1,0
2101,4.013747215270996,0.04176659137010574,1,0
2102,3.773258924484253,0.010250236839056015,1,0
2103,4.135961055755615,0.025821460410952568,1,0
2104,3.5536813735961914,0.28270941972732544,1,0
2105,3.228849411010742,0.16210989654064178,1,0
2106,4.282610893249512,0.265900582075119,1,0
2107,3.6673576831817627,0.003403241280466318,1,0
2108,3.9302642345428467,0.002767276018857956,1,0
2109,3.295658826828003,0.013579207472503185,1,0
2110,3.6313278675079346,0.0957074835896492,1,0
2111,3.5824577808380127,0.06472764164209366,1,0
2112,3.841714382171631,0.09070516377687454,1,0
2113,3.349323272705078,0.00789814442396164,1,0
2114,3.547196865081787,0.40909653902053833,1,0
2115,3.5362839698791504,0.051796238869428635,1,0
2116,3.824233293533325,0.0787082239985466,1,0
2117,3.417198896408081,0.05065609887242317,1,0
2118,3.5434348583221436,0.14449408650398254,1,0
2119,3.914114236831665,0.05151548981666565,1,0
2120,3.93160343170166,0.007041080389171839,1,0
2121,3.7205660343170166,0.019518988206982613,1,0
2122,2.977593421936035,0.00017864862456917763,1,0
2123,3.646268606185913,0.1516006588935852,1,0
2124,3.7592852115631104,0.02108347788453102,1,0
2125,3.8878366947174072,0.07241715490818024,1,0
2126,3.3944876194000244,0.019969182088971138,1,0
2127,3.3680639266967773,0.1537197381258011,1,0
2128,3.5100581645965576,0.003313759807497263,1,0
2129,3.4917123317718506,0.014317706227302551,1,0
2130,2.5393435955047607,0.0020068292506039143,1,0
2131,3.0936553478240967,0.008129668422043324,1,0
2132,3.585693359375,0.0003762636333703995,1,0
2133,3.213404655456543,0.0007369527011178434,1,0
2134,2.994506359100342,0.16825972497463226,1,0
2135,3.186983346939087,0.25121980905532837,1,0
2136,3.5231738090515137,0.12852701544761658,1,0
2137,2.6854519844055176,0.08996263146400452,1,0
2138,3.808952808380127,0.40618830919265747,1,0
2139,3.227872371673584,0.0006397851975634694,1,0
2140,3.705263376235962,0.02260368876159191,1,0
2141,2.803147554397583,0.5996131300926208,1,0
2142,2.767568826675415,0.04780004173517227,1,0
2143,3.0074477195739746,0.0398445725440979,1,0
2144,2.411700487136841,0.21312187612056732,1,0
2145,2.2065513134002686,0.010139155201613903,1,0
2146,2.652116537094116,0.038020502775907516,1,0
2147,3.605771780014038,0.4455516040325165,1,0
2148,3.196643590927124,0.1723858118057251,1,0
2149,3.146115303039551,0.10390084236860275,1,0
2150,3.441781520843506,0.0031752437353134155,1,0
2151,3.592623472213745,0.005255466792732477,1,0
2152,3.1716439723968506,0.028865043073892593,1,0
2153,3.5280559062957764,0.1865781992673874,1,0
2154,3.980178117752075,0.14393702149391174,1,0
2155,4.209394931793213,0.07843770831823349,1,0
2156,3.582681655883789,0.012220538221299648,1,0
2157,3.481457471847534,0.00020207176567055285,1,0
2158,3.7441229820251465,0.0029227142222225666,1,0
2159,3.8029325008392334,0.04019594192504883,1,0
2160,3.6052541732788086,0.0058728717267513275,1,0
2161,4.076837539672852,0.025917693972587585,1,0
2162,3.7204766273498535,0.07135114073753357,1,0
2163,3.8173677921295166,0.13504981994628906,1,0
2164,4.200936317443848,0.005399155896157026,1,0
2165,3.5001189708709717,0.030349446460604668,1,0
2166,3.3475534915924072,0.36296018958091736,1,0
2167,3.7750966548919678,0.09765791893005371,1,0
2168,3.7499802112579346,0.05448339134454727,1,0
2169,3.742219924926758,0.00920735765248537,1,0
2170,3.1717729568481445,0.08180288225412369,1,0
2171,3.9043679237365723,0.02226257137954235,1,0
2172,3.934901714324951,0.01274233777076006,1,0
2173,3.4649367332458496,0.013217289932072163,1,0
2174,3.1995439529418945,0.018139364197850227,1,0
2175,3.2423555850982666,0.06029829382896423,1,0
2176,3.9668405055999756,0.08978325873613358,1,0
2177,3.622386932373047,0.014933903701603413,1,0
2178,3.451565742492676,0.29245927929878235,1,0
2179,4.119163513183594,0.004244595766067505,1,0
2180,3.603196859359741,0.005073767155408859,1,0
2181,3.8586416244506836,4.787827128893696e-05,1,0
2182,3.926622152328491,0.036158379167318344,1,0
2183,3.5121588706970215,0.006604310125112534,1,0
2184,3.757528305053711,0.00010111965093528852,1,0
2185,3.5336856842041016,0.01026001013815403,1,0
2186,4.179378032684326,0.36612993478775024,1,0
2187,3.7549073696136475,0.005982837174087763,1,0
2188,3.7161688804626465,0.08740492910146713,1,0
2189,3.5162582397460938,0.001035837922245264,1,0
2190,3.640394449234009,0.026615247130393982,1,0
2191,3.7261977195739746,0.08178632706403732,1,0
2192,3.6281533241271973,0.02632947638630867,1,0
2193,3.4352753162384033,0.029810506850481033,1,0
2194,3.886812448501587,0.27249982953071594,1,0
2195,3.518244504928589,0.13726474344730377,1,0
2196,3.0200514793395996,0.13395266234874725,1,0
2197,3.6516292095184326,0.004961658269166946,1,0
2198,3.8575916290283203,0.08638082444667816,1,0
2199,3.642390489578247,0.066507488489151,1,0
2200,3.5542256832122803,0.06470800191164017,1,0
2201,3.6174216270446777,0.2942363917827606,1,0
2202,3.114501953125,0.0711965560913086,1,0
2203,3.60602068901062,0.07782267779111862,1,0
2204,3.6020686626434326,0.06694623082876205,1,0
2205,3.448742628097534,0.03981761261820793,1,0
2206,3.2379393577575684,0.016136521473526955,1,0
2207,3.081321954727173,0.002089810324832797,1,0
2208,3.4487569332122803,0.003381881630048156,1,0
2209,3.4345953464508057,0.04501047357916832,1,0
2210,3.5608930587768555,0.0830162987112999,1,0
2211,3.388113498687744,0.0053581059910357,1,0
2212,3.85394549369812,0.04385504871606827,1,0
2213,3.3833553791046143,0.0006310277967713773,1,0
2214,3.5732791423797607,0.024324089288711548,1,0
2215,3.7868690490722656,0.06998633593320847,1,0
2216,3.88659405708313,0.04070446267724037,1,0
2217,3.5469253063201904,0.00021886909962631762,1,0
2218,3.212076187133789,0.07068248838186264,1,0
2219,3.503096580505371,0.031206106767058372,1,0
2220,3.261444330215454,0.01952168345451355,1,0
2221,3.375702142715454,0.024378305301070213,1,0
2222,3.6139395236968994,0.0025503605138510466,1,0
2223,3.2130658626556396,0.00819418579339981,1,0
2224,3.662677526473999,0.22436873614788055,1,0
2225,3.672194242477417,0.004053154028952122,1,0
2226,3.8647913932800293,0.10067863762378693,1,0
2227,4.046196937561035,0.018927598372101784,1,0
2228,3.825042963027954,0.06139330938458443,1,0
2229,3.702927350997925,0.0076801106333732605,1,0
2230,4.056596279144287,0.0828995630145073,1,0
2231,4.121071815490723,0.02955114282667637,1,0
2232,4.061851978302002,0.023202473297715187,1,0
2233,4.465390682220459,0.09040894359350204,1,0
2234,3.968747138977051,0.0038781396578997374,1,0
2235,4.336024761199951,0.08436194062232971,1,0
2236,3.6863980293273926,0.1452360451221466,1,0
2237,2.800708532333374,0.003832599613815546,1,0
2238,3.094604730606079,0.06685138493776321,1,0
2239,2.5268657207489014,0.005802088417112827,1,0
2240,2.7569851875305176,0.001448684954084456,1,0
2241,2.7662386894226074,2.655722164490726e-05,1,0
2242,3.082972526550293,9.358767783851363e-06,1,0
2243,2.5474367141723633,0.013982506468892097,1,0
2244,3.0462074279785156,0.08286621421575546,1,0
2245,2.8391668796539307,0.11250833421945572,1,0
2246,2.7659950256347656,0.0030984939076006413,1,0
2247,3.0629734992980957,0.024662403389811516,1,0
2248,2.502532720565796,0.011375798843801022,1,0
2249,3.0524404048919678,0.16882231831550598,1,0
2250,2.782989025115967,0.28949204087257385,1,0
2251,3.154855251312256,0.10509252548217773,1,0
2252,2.8297340869903564,0.0053581059910357,1,0
2253,2.635408878326416,0.05513406917452812,1,0
2254,2.680906057357788,0.0046223425306379795,1,0
2255,3.167631149291992,0.02727741375565529,1,0
2256,3.706599473953247,0.005687980446964502,1,0
2257,3.646862268447876,0.0016171381575986743,1,0
2258,2.935858964920044,0.07844851911067963,1,0
2259,3.705789566040039,0.11089565604925156,1,0
2260,3.6385815143585205,0.29007387161254883,1,0
2261,3.5314455032348633,0.05979223921895027,1,0
2262,4.387336254119873,0.004680261015892029,1,0
2263,4.663313388824463,0.019624294713139534,1,0
2264,4.812856674194336,0.06788336485624313,1,0
2265,5.036014080047607,0.06979244202375412,1,0
2266,5.0240044593811035,0.18509715795516968,1,0
2267,3.655092716217041,0.0054489076137542725,1,0
2268,3.473755121231079,0.028983214870095253,1,0
2269,3.4071881771087646,0.07463614642620087,1,0
2270,3.527529716491699,0.09868598729372025,1,0
2271,3.913193702697754,0.034389521926641464,1,0
2272,3.8966901302337646,0.03400760516524315,1,0
2273,3.7453854084014893,0.005466017872095108,1,0
2274,4.110988616943359,0.01636781357228756,1,0
2275,4.218128681182861,0.019143296405673027,1,0
2276,3.5350239276885986,0.016925610601902008,1,0
2277,3.860027551651001,0.39241907000541687,1,0
2278,4.111291885375977,0.031716201454401016,1,0
2279,4.177299499511719,0.015620924532413483,1,0
2280,3.8660004138946533,0.021198539063334465,1,0
2281,4.054877281188965,0.0009417906403541565,1,0
2282,3.78930401802063,0.014579868875443935,1,0
2283,3.6159043312072754,0.05085612088441849,1,0
2284,3.991205930709839,0.007839932106435299,1,0
2285,3.81449818611145,0.08459755033254623,1,0
2286,4.8405232429504395,0.021311094984412193,1,0
2287,3.3013715744018555,0.012899689376354218,1,0
2288,4.266195774078369,0.16268548369407654,1,0
2289,3.644753932952881,0.2612137794494629,1,0
2290,3.691892623901367,0.04729500412940979,1,0
2291,3.682900905609131,0.009274151176214218,1,0
2292,3.8776893615722656,0.003721103072166443,1,0
2293,3.522998809814453,0.0246896892786026,1,0
2294,2.5139071941375732,0.19835518300533295,1,0
2295,2.5042176246643066,0.026351405307650566,1,0
2296,2.6596994400024414,0.08046147227287292,1,0
2297,3.0994932651519775,0.0021529258228838444,1,0
2298,3.02620530128479,0.0011265728389844298,1,0
2299,2.9853835105895996,0.036840543150901794,1,0
2300,3.302464485168457,0.05091271921992302,1,0
2301,3.1898350715637207,0.00043572569848038256,1,0
2302,3.038099527359009,0.1383107602596283,1,0
2303,3.145918369293213,0.106820248067379,1,0
2304,3.7574448585510254,0.0013427071971818805,1,0
2305,3.224818706512451,0.03355353698134422,1,0
2306,3.566077709197998,0.2616874873638153,1,0
2307,3.41230845451355,0.1162024512887001,1,0
2308,3.53320050239563,0.09702562540769577,1,0
2309,3.4656617641448975,0.014661552384495735,1,0
2310,3.34100079536438,0.01590200699865818,1,0
2311,4.030118465423584,0.15621185302734375,1,0
2312,3.228119373321533,0.21280121803283691,1,0
2313,2.8665077686309814,0.002367586363106966,1,0
2314,3.355053424835205,0.07016005367040634,1,0
2315,3.3327999114990234,0.31001055240631104,1,0
2316,3.2394919395446777,0.03071705996990204,1,0
2317,3.4569411277770996,0.015970228239893913,1,0
2318,3.1341185569763184,0.015992188826203346,1,0
2319,3.4276394844055176,0.028174040839076042,1,0
2320,3.591230869293213,0.0002612941898405552,1,0
2321,3.513585329055786,0.034953758120536804,1,0
2322,3.552361249923706,0.032724350690841675,1,0
2323,3.4851267337799072,0.0010677609825506806,1,0
2324,3.3799920082092285,0.0017469339072704315,1,0
2325,3.5462231636047363,0.027722308412194252,1,0
2326,3.6847448348999023,0.008136630989611149,1,0
2327,3.34761118888855,0.041802097111940384,1,0
2328,2.927755355834961,0.03226509317755699,1,0
2329,3.6467223167419434,0.010454471223056316,1,0
2330,3.4164350032806396,0.9202543497085571,1,0
2331,3.488797426223755,0.564584493637085,1,0
2332,3.5843658447265625,6.840089190518484e-05,1,0
2333,3.4840445518493652,0.18529650568962097,1,0
2334,3.5593833923339844,0.039521604776382446,1,0
2335,3.4433200359344482,0.07236521691083908,1,0
2336,3.4598517417907715,0.0008121327846311033,1,0
2337,4.098452091217041,0.03766006603837013,1,0
2338,4.0928144454956055,0.008866102434694767,1,0
2339,4.273342609405518,0.027437031269073486,1,0
2340,3.840014696121216,0.06508167833089828,1,0
2341,4.122509479522705,0.02350628189742565,1,0
2342,3.5637316703796387,0.08925198763608932,1,0
2343,2.7202696800231934,0.016541121527552605,1,0
2344,3.1018166542053223,0.018141964450478554,1,0
2345,3.8014659881591797,0.012314599007368088,1,0
2346,3.82649302482605,0.03739086911082268,1,0
2347,4.055961608886719,0.012637972831726074,1,0
2348,3.745316505432129,0.06263335794210434,1,0
2349,4.305359840393066,0.19000361859798431,1,0
2350,4.332938194274902,0.07529142498970032,1,0
2351,4.147324085235596,0.11045260727405548,1,0
2352,3.601238965988159,0.02178708277642727,1,0
2353,4.362183570861816,0.03405745327472687,1,0
2354,4.1237077713012695,7.695341628277674e-05,1,0
2355,3.8939037322998047,2.9415265089483e-05,1,0
2356,4.271200656890869,0.002801904920488596,1,0
2357,4.398695945739746,0.008626038208603859,1,0
2358,3.778459310531616,0.006657748017460108,1,0
2359,3.802633285522461,0.0389748141169548,1,0
2360,3.9760639667510986,0.32774171233177185,1,0
2361,3.937880277633667,0.06933429092168808,1,0
2362,3.6788206100463867,0.2663784921169281,1,0
2363,3.3242130279541016,0.016837839037179947,1,0
2364,3.5093994140625,0.00839280430227518,1,0
2365,3.8768467903137207,0.053100187331438065,1,0
2366,3.144941568374634,0.011722180992364883,1,0
2367,3.3004019260406494,0.0007249508053064346,1,0
2368,3.5398242473602295,0.037461813539266586,1,0
2369,2.820117950439453,0.15808641910552979,1,0
2370,3.7554290294647217,0.01348490733653307,1,0
2371,3.67866849899292,0.002892532153055072,1,0
2372,3.4605510234832764,0.004486877471208572,1,0
2373,3.7037556171417236,0.16726364195346832,1,0
2374,3.326815605163574,0.0271055456250906,1,0
2375,3.2125043869018555,0.019980093464255333,1,0
2376,3.6920692920684814,0.06303007155656815,1,0
2377,3.8118555545806885,0.06060200557112694,1,0
2378,3.637071132659912,0.00950230285525322,1,0
2379,3.479733467102051,0.0701344907283783,1,0
2380,3.2991151809692383,0.006865653675049543,1,0
2381,3.4365837574005127,0.0026936535723507404,1,0
2382,3.721081256866455,0.0003064606280531734,1,0
2383,3.1238791942596436,0.04693470895290375,1,0
2384,3.333928346633911,0.070579893887043,1,0
2385,3.717857599258423,0.02690255641937256,1,0
2386,3.2853376865386963,0.035526227205991745,1,0
2387,3.0580430030822754,0.0004815939755644649,1,0
2388,3.7009191513061523,0.09490308165550232,1,0
2389,3.4437501430511475,0.01708165369927883,1,0
2390,3.232393264770508,0.045474376529455185,1,0
2391,3.622870922088623,0.01322172861546278,1,0
2392,3.5936522483825684,0.00017736107110977173,1,0
2393,3.2507503032684326,0.0008409866131842136,1,0
2394,3.6560776233673096,0.3884151875972748,1,0
2395,3.375697374343872,0.0015870094066485763,1,0
2396,3.613525629043579,0.00398341566324234,1,0
2397,3.9280924797058105,0.00982484221458435,1,0
2398,3.572441816329956,0.07469943165779114,1,0
2399,3.347102403640747,0.0010893121361732483,1,0
2400,3.558865785598755,0.07039029896259308,1,0
2401,3.516355514526367,0.08135084807872772,1,0
2402,3.8083038330078125,0.007199055049568415,1,0
2403,3.709782361984253,0.032074689865112305,1,0
2404,3.0810353755950928,0.00031359726563096046,1,0
2405,3.34909725189209,0.004245853517204523,1,0
2406,3.321685314178467,0.0008309417753480375,1,0
2407,3.330641508102417,0.003554642666131258,1,0
2408,3.0395522117614746,0.01741625741124153,1,0
2409,3.0190975666046143,0.00969898235052824,1,0
2410,3.2700908184051514,0.16122519969940186,1,0
2411,3.483250379562378,0.00037290164618752897,1,0
2412,3.7635498046875,0.013852717354893684,1,0
2413,3.4402177333831787,0.0020678103901445866,1,0
2414,3.667994737625122,0.04501456767320633,1,0
2415,3.6184325218200684,0.020940791815519333,1,0
2416,3.546656847000122,0.00032324055791832507,1,0
2417,3.7452569007873535,0.016635585576295853,1,0
2418,3.4718074798583984,0.18994472920894623,1,0
2419,3.514153480529785,0.030811849981546402,1,0
2420,3.5936765670776367,0.00019446248188614845,1,0
2421,3.727752923965454,0.005953016225248575,1,0
2422,3.5005364418029785,0.02380908839404583,1,0
2423,3.5803728103637695,0.053318340331315994,1,0
2424,3.479701042175293,0.17830170691013336,1,0
2425,3.8220696449279785,0.11757500469684601,1,0
2426,3.584681510925293,0.02179563045501709,1,0
2427,3.8669488430023193,0.3391878604888916,1,0
2428,4.070497989654541,0.0007296354742720723,1,0
2429,3.63623309135437,0.19279858469963074,1,0
2430,3.9222664833068848,0.03522130101919174,1,0
2431,4.1499433517456055,0.009630672633647919,1,0
2432,4.144655704498291,0.09773031622171402,1,0
2433,4.268068790435791,0.03829195722937584,1,0
2434,5.067355632781982,0.3375711143016815,1,0
2435,3.4218802452087402,0.17071501910686493,1,0
2436,3.4233217239379883,0.06567388772964478,1,0
2437,3.5139262676239014,0.012777221389114857,1,0
2438,3.6519041061401367,0.04696816951036453,1,0
2439,2.9363291263580322,0.006221042014658451,1,0
2440,3.9245169162750244,0.10124285519123077,1,0
2441,3.23475980758667,0.017233343794941902,1,0
2442,4.0779128074646,0.055125005543231964,1,0
2443,3.5896573066711426,0.019178027287125587,1,0
2444,3.8255579471588135,0.152843177318573,1,0
2445,3.878159284591675,0.013150805607438087,1,0
2446,3.789698839187622,0.3684108257293701,1,0
2447,3.5441014766693115,0.012508121319115162,1,0
2448,3.4164185523986816,0.0056255594827234745,1,0
2449,3.1647651195526123,0.005864000413566828,1,0
2450,3.2682058811187744,0.0034269278403371572,1,0
2451,3.2332510948181152,0.01146035734564066,1,0
2452,3.1742777824401855,0.04861793667078018,1,0
2453,2.6071481704711914,0.01118107233196497,1,0
2454,3.8971645832061768,0.05413255840539932,1,0
2455,4.010054111480713,0.047026749700307846,1,0
2456,3.500208854675293,0.0062301792204380035,1,0
2457,3.251563787460327,0.0021128139924257994,1,0
2458,3.2961130142211914,0.01842905767261982,1,0
2459,3.437044620513916,0.010336398147046566,1,0
2460,3.659978151321411,0.11279337853193283,1,0
2461,3.961714267730713,0.019475867971777916,1,0
2462,3.6635868549346924,0.13262085616588593,1,0
2463,3.557302713394165,0.018692007288336754,1,0
2464,2.9280712604522705,0.016565954312682152,1,0
2465,3.3046908378601074,0.0023097172379493713,1,0
2466,2.902940273284912,0.8964512944221497,1,0
2467,3.5965192317962646,0.10402530431747437,1,0
2468,3.192570209503174,0.019610777497291565,1,0
2469,3.9571290016174316,1.0910675525665283,1,0
2470,4.153210163116455,0.01551255863159895,1,0
2471,3.4748806953430176,0.00021038661361671984,1,0
2472,3.061572790145874,0.08967341482639313,1,0
2473,3.807032823562622,0.0002182983880629763,1,0
2474,3.763828992843628,0.023595141246914864,1,0
2475,3.6945648193359375,0.024502016603946686,1,0
2476,3.271749973297119,0.13255761563777924,1,0
2477,3.8451242446899414,0.025830764323472977,1,0
2478,3.7264811992645264,0.011193321086466312,1,0
2479,3.7980687618255615,0.055747587233781815,1,0
2480,4.146292209625244,0.026618395000696182,1,0
2481,2.8710880279541016,0.0032441322691738605,1,0
2482,3.9331412315368652,0.0019391038222238421,1,0
2483,3.301952838897705,0.21038632094860077,1,0
2484,3.74436354637146,0.001378302345983684,1,0
2485,2.707429885864258,0.02260078489780426,1,0
2486,3.4157931804656982,0.057307787239551544,1,0
2487,3.0581798553466797,0.01951359584927559,1,0
2488,3.4144821166992188,0.00033833421184681356,1,0
2489,3.4239413738250732,0.05206013470888138,1,0
2490,3.3722288608551025,0.019681116566061974,1,0
2491,3.613095998764038,0.09753129631280899,1,0
2492,3.4194884300231934,0.13006077706813812,1,0
2493,3.0446650981903076,0.007809200324118137,1,0
2494,3.743520736694336,0.16726364195346832,1,0
2495,4.191675186157227,0.0007548750727437437,1,0
2496,3.6424920558929443,0.002272762358188629,1,0
2497,3.550891160964966,0.02997736446559429,1,0
2498,3.6382107734680176,0.03133922442793846,1,0
2499,4.015000343322754,0.00664830207824707,1,0
2500,3.843165397644043,3.362074707524698e-08,1,0
2501,2.8467843532562256,0.12055863440036774,1,0
2502,3.139145612716675,0.22146177291870117,1,0
2503,3.4948084354400635,0.04721948131918907,1,0
2504,3.0600955486297607,0.061661411076784134,1,0
2505,3.3465118408203125,0.027738377451896667,1,0
2506,3.4685733318328857,0.24093733727931976,1,0
2507,3.530165195465088,0.03852647915482521,1,0
2508,3.851661443710327,0.13467416167259216,1,0
2509,3.6812403202056885,0.04253135249018669,1,0
2510,3.917067050933838,0.005355280824005604,1,0
2511,2.8780763149261475,0.006816165987402201,1,0
2512,3.8853883743286133,0.15866249799728394,1,0
2513,3.5965771675109863,0.0001720042055239901,1,0
2514,3.9237537384033203,0.0039663794450461864,1,0
2515,3.9573590755462646,0.008352184668183327,1,0
2516,3.5894343852996826,0.005392067134380341,1,0
2517,3.7741849422454834,0.02308795414865017,1,0
2518,3.815607786178589,0.008840677328407764,1,0
2519,3.979879379272461,0.011640824377536774,1,0
2520,3.6736817359924316,0.09300404042005539,1,0
2521,3.6519718170166016,0.08657380193471909,1,0
2522,4.1931023597717285,0.21821299195289612,1,0
2523,3.785663604736328,0.05740485340356827,1,0
2524,3.619964838027954,0.08322218805551529,1,0
2525,3.539846658706665,0.5292611718177795,1,0
2526,3.8267593383789062,0.03301829472184181,1,0
2527,4.044930934906006,0.18626151978969574,1,0
2528,3.950333595275879,0.033137645572423935,1,0
2529,3.757169723510742,0.03080507554113865,1,0
2530,4.468942165374756,0.0003807697503361851,1,0
2531,3.787625312805176,0.33145377039909363,1,0
2532,3.9574708938598633,0.17555765807628632,1,0
2533,3.9468257427215576,0.025223275646567345,1,0
2534,3.919065237045288,0.031049463897943497,1,0
2535,4.2145795822143555,0.16822806000709534,1,0
2536,3.674300193786621,0.008442386984825134,1,0
2537,3.550154447555542,0.01945432461798191,1,0
2538,4.054628372192383,0.05452394485473633,1,0
2539,3.7544140815734863,0.11318913847208023,1,0
2540,3.7450478076934814,0.0024806633591651917,1,0
2541,4.032941818237305,0.003449562704190612,1,0
2542,3.406965732574463,0.027430638670921326,1,0
2543,2.993950843811035,0.0002625436463858932,1,0
2544,2.9122042655944824,0.036500509828329086,1,0
2545,3.3258447647094727,0.0012251668376848102,1,0
2546,3.0703821182250977,0.0042899856343865395,1,0
2547,2.8292665481567383,0.032410867512226105,1,0
2548,3.4974234104156494,0.014713011682033539,1,0
2549,3.1888036727905273,0.3692782521247864,1,0
2550,3.2638540267944336,0.0008743345970287919,1,0
2551,2.459685802459717,0.05271394923329353,1,0
2552,3.326674699783325,0.01100017037242651,1,0
2553,3.6289384365081787,0.2608785033226013,1,0
2554,3.3482666015625,0.18811535835266113,1,0
2555,3.0097217559814453,0.021514445543289185,1,0
2556,3.4182651042938232,0.0795552060008049,1,0
2557,3.2613203525543213,0.014858521521091461,1,0
2558,3.385288715362549,0.4158647060394287,1,0
2559,3.6663782596588135,0.007044319994747639,1,0
2560,3.4594526290893555,0.0016909204423427582,1,0
2561,3.610280990600586,0.04618506506085396,1,0
2562,3.425307035446167,0.7151152491569519,1,0
2563,3.513706922531128,0.007615969516336918,1,0
2564,3.4757537841796875,0.0002688356616999954,1,0
2565,2.9096500873565674,0.001873376197181642,1,0
2566,3.1694869995117188,0.008581280708312988,1,0
2567,3.6370389461517334,0.0025464631617069244,1,0
2568,3.3349552154541016,0.17410500347614288,1,0
2569,3.79190731048584,0.347124844789505,1,0
2570,3.5991008281707764,0.00768857030197978,1,0
2571,3.486851692199707,0.004517959896475077,1,0
2572,3.213609457015991,0.41159406304359436,1,0
2573,3.716566324234009,0.2170424461364746,1,0
2574,3.4210386276245117,0.06935461610555649,1,0
2575,3.22511887550354,0.00029408643604256213,1,0
2576,3.452998161315918,0.14284072816371918,1,0
2577,3.6960978507995605,0.011873122304677963,1,0
2578,3.514693260192871,0.02019346132874489,1,0
2579,3.5549304485321045,0.15340207517147064,1,0
2580,3.5566720962524414,0.014188666827976704,1,0
2581,3.5413219928741455,0.006749403662979603,1,0
2582,3.929136276245117,0.05701245740056038,1,0
2583,3.6530723571777344,0.09246329963207245,1,0
2584,3.512993574142456,0.004281140863895416,1,0
2585,3.764469861984253,0.0033538788557052612,1,0
2586,4.064175605773926,0.01552458107471466,1,0
2587,3.8655643463134766,0.10185176134109497,1,0
2588,3.6164069175720215,0.008889744058251381,1,0
2589,4.0789265632629395,0.006105882115662098,1,0
2590,3.5192008018493652,0.00252217217348516,1,0
2591,3.6629676818847656,0.0065839351154863834,1,0
2592,3.8405210971832275,0.012637972831726074,1,0
2593,3.373728036880493,0.11888904869556427,1,0
2594,3.5693299770355225,0.008004851639270782,1,0
2595,3.763956308364868,0.010436716489493847,1,0
2596,3.709960460662842,0.0393185019493103,1,0
2597,3.9275481700897217,0.03945256769657135,1,0
2598,3.6207056045532227,0.004918248392641544,1,0
2599,3.395728349685669,0.08068061619997025,1,0
2600,4.271198272705078,0.0031318888068199158,1,0
2601,3.7934818267822266,0.0001642465649638325,1,0
2602,3.3333141803741455,0.07336553931236267,1,0
2603,3.9043726921081543,0.0006659213686361909,1,0
2604,4.026855945587158,0.04725303873419762,1,0
2605,3.750070333480835,0.00790500734001398,1,0
2606,3.8832719326019287,0.0001212471179314889,1,0
2607,3.585174798965454,0.030460510402917862,1,0
2608,3.689528465270996,0.0007649842882528901,1,0
2609,3.930773973464966,0.08700025081634521,1,0
2610,3.8094494342803955,0.0694257989525795,1,0
2611,4.289735794067383,0.011183112859725952,1,0
2612,3.881107807159424,0.011586743406951427,1,0
2613,3.850059747695923,0.029690658673644066,1,0
2614,3.8903720378875732,0.059858329594135284,1,0
2615,3.6421704292297363,0.0359128974378109,1,0
2616,3.9239940643310547,0.1689571589231491,1,0
2617,4.379437446594238,0.030622417107224464,1,0
2618,3.7961418628692627,0.04498590528964996,1,0
2619,3.805558443069458,0.06108761951327324,1,0
2620,3.8417086601257324,0.02434215508401394,1,0
2621,3.244993209838867,0.20802922546863556,1,0
2622,3.713167428970337,0.25911685824394226,1,0
2623,3.1448001861572266,0.03023858740925789,1,0
2624,3.7417197227478027,0.11099852621555328,1,0
2625,3.5664994716644287,0.001153290388174355,1,0
2626,3.299922227859497,0.0021039515268057585,1,0
2627,3.6012470722198486,0.5985972881317139,1,0
2628,3.2606613636016846,0.11644601821899414,1,0
2629,3.9499828815460205,0.015371051616966724,1,0
2630,3.6710519790649414,0.02727103792130947,1,0
2631,3.6238019466400146,6.431350630009547e-05,1,0
2632,3.620800733566284,0.003980979789048433,1,0
2633,3.2011375427246094,0.004903370048850775,1,0
2634,2.891068696975708,0.03224429115653038,1,0
2635,2.5515146255493164,0.13178575038909912,1,0
2636,3.6822621822357178,0.06774764508008957,1,0
2637,3.1188125610351562,0.0020862824749201536,1,0
2638,3.4520092010498047,0.043142542243003845,1,0
2639,3.27618670463562,5.521811544895172e-05,1,0
2640,3.5781736373901367,0.07280201464891434,1,0
2641,3.720338821411133,0.004512771964073181,1,0
2642,3.225390911102295,0.03735355660319328,1,0
2643,3.801607608795166,0.04530167579650879,1,0
2644,3.4623281955718994,0.006021715700626373,1,0
2645,3.149960517883301,0.2474226951599121,1,0
2646,3.931271553039551,0.059872496873140335,1,0
2647,3.877392053604126,0.055697470903396606,1,0
2648,3.056264638900757,0.013606210239231586,1,0
2649,1.7555125951766968,0.02655859850347042,1,0
2650,2.427389621734619,0.1120685338973999,1,0
2651,2.594775676727295,0.0072745829820632935,1,0
2652,3.0392351150512695,0.09983526915311813,1,0
2653,3.5080151557922363,0.0437217652797699,1,0
2654,3.1333630084991455,0.006873652338981628,1,0
2655,3.648489475250244,0.010203392244875431,1,0
2656,2.8984415531158447,0.6474142074584961,1,0
2657,3.415977954864502,0.03513079881668091,1,0
2658,3.535679340362549,0.013332928530871868,1,0
2659,3.4977309703826904,0.0062317028641700745,1,0
2660,3.463228464126587,0.29246971011161804,1,0
2661,3.2688136100769043,0.1866365522146225,1,0
2662,3.7813308238983154,0.0064732106402516365,1,0
2663,2.83711576461792,0.013606210239231586,1,0
2664,3.4340999126434326,3.568465035641566e-05,1,0
2665,2.97189998626709,0.01348490733653307,1,0
2666,3.330111026763916,0.11624851077795029,1,0
2667,3.476226329803467,0.07101642340421677,1,0
2668,3.577807664871216,0.08384138345718384,1,0
2669,3.7867236137390137,0.04344776272773743,1,0
2670,3.5397112369537354,0.00713043799623847,1,0
2671,3.864176034927368,0.13241009414196014,1,0
2672,3.464217185974121,0.13225561380386353,1,0
2673,3.615103006362915,0.043479956686496735,1,0
2674,3.505688428878784,0.00012103468179702759,1,0
2675,4.006868362426758,0.08316095918416977,1,0
2676,3.4004197120666504,0.0003170245327055454,1,0
2677,3.920703172683716,0.0238269604742527,1,0
2678,3.2867329120635986,0.001296434667892754,1,0
2679,3.8967533111572266,0.01832178607583046,1,0
2680,3.9194324016571045,0.000951887050177902,1,0
2681,3.3546266555786133,0.019405897706747055,1,0
2682,3.550199270248413,0.003129728836938739,1,0
2683,3.87723708152771,0.010905232280492783,1,0
2684,3.7452499866485596,0.016136521473526955,1,0
2685,3.973186492919922,0.03183317929506302,1,0
2686,3.1792359352111816,0.4159393906593323,1,0
2687,3.757012128829956,0.0018775556236505508,1,0
2688,4.31272554397583,0.010462366044521332,1,0
2689,3.875944137573242,0.0019425050122663379,1,0
2690,2.8711559772491455,0.014537948183715343,1,0
2691,3.450972080230713,0.015304123051464558,1,0
2692,2.7679975032806396,0.08104834705591202,1,0
2693,3.0819685459136963,0.005005259066820145,1,0
2694,3.213038682937622,0.08271072059869766,1,0
2695,2.957934856414795,0.020651323720812798,1,0
2696,3.010873317718506,0.01102447509765625,1,0
2697,3.072317361831665,0.03904343023896217,1,0
2698,3.347811698913574,0.014582199044525623,1,0
2699,3.2508533000946045,0.11668983846902847,1,0
2700,2.598144054412842,0.07784422487020493,1,0
2701,2.8763864040374756,0.0011572265066206455,1,0
2702,2.9153575897216797,0.006343425251543522,1,0
2703,3.4049134254455566,0.04259904846549034,1,0
2704,2.699070930480957,0.06272999942302704,1,0
2705,3.0540170669555664,0.10156245529651642,1,0
2706,2.6554105281829834,0.20190392434597015,1,0
2707,2.827951669692993,0.10418722778558731,1,0
2708,2.9784226417541504,0.13244520127773285,1,0
2709,3.015878438949585,0.0337660014629364,1,0
2710,3.055997610092163,0.021438075229525566,1,0
2711,3.3459832668304443,0.033236097544431686,1,0
2712,3.195560932159424,0.0007649842882528901,1,0
2713,3.7029061317443848,0.008167999796569347,1,0
2714,3.9527337551116943,0.21289026737213135,1,0
2715,3.4108965396881104,0.03660383075475693,1,0
2716,4.351298809051514,0.006045703776180744,1,0
2717,3.8760898113250732,0.14270944893360138,1,0
2718,4.110319137573242,0.010961741209030151,1,0
2719,3.801654815673828,0.10541187971830368,1,0
2720,4.215152740478516,0.007286111358553171,1,0
2721,3.741664171218872,0.029418572783470154,1,0
2722,4.07485294342041,0.00768857030197978,1,0
2723,3.771226406097412,0.010953660123050213,1,0
2724,3.95485258102417,0.08303854614496231,1,0
2725,4.089073181152344,0.16868752241134644,1,0
2726,3.668825149536133,9.127892553806305e-05,1,0
2727,3.9833433628082275,0.031541138887405396,1,0
2728,3.8829293251037598,0.0001341104507446289,1,0
2729,4.4531121253967285,0.021758604794740677,1,0
2730,3.7141177654266357,0.037342365831136703,1,0
2731,3.2945473194122314,0.00022317320690490305,1,0
2732,3.615669012069702,0.01507812924683094,1,0
2733,3.4734859466552734,0.05342981964349747,1,0
2734,2.3633110523223877,0.13465999066829681,1,0
2735,3.1902430057525635,0.006660898216068745,1,0
2736,3.1374895572662354,0.12996333837509155,1,0
2737,3.5318562984466553,0.00461578369140625,1,0
2738,3.3893094062805176,0.014375502243638039,1,0
2739,3.072640895843506,0.19912098348140717,1,0
2740,3.222809076309204,0.0007837825687602162,1,0
2741,3.884801149368286,0.05218351632356644,1,0
2742,3.533108949661255,0.015729667618870735,1,0
2743,3.471679449081421,0.007946246303617954,1,0
2744,3.4203150272369385,0.24644438922405243,1,0
2745,3.151395797729492,0.2186279296875,1,0
2746,3.1289443969726562,0.013664809055626392,1,0
2747,3.213926076889038,0.01795009709894657,1,0
2748,3.666322946548462,0.5532142519950867,1,0
2749,3.7703232765197754,0.005869913846254349,1,0
2750,3.921078681945801,0.02049076370894909,1,0
2751,4.190547943115234,0.08484474569559097,1,0
2752,3.96215558052063,0.0283687561750412,1,0
2753,4.0473432540893555,0.030315831303596497,1,0
2754,3.9445154666900635,0.2836954593658447,1,0
2755,3.443747043609619,0.00012209871783852577,1,0
2756,3.7013604640960693,0.31253036856651306,1,0
2757,3.981336832046509,0.02263852208852768,1,0
2758,4.1418538093566895,0.3173395097255707,1,0
2759,4.207949638366699,0.008638590574264526,1,0
2760,4.46774435043335,0.02683611772954464,1,0
2761,3.50222110748291,0.03828440234065056,1,0
2762,4.139256000518799,0.015211142599582672,1,0
2763,4.097290515899658,0.0710730105638504,1,0
2764,4.109081268310547,0.070027194917202,1,0
2765,3.987288475036621,0.17458854615688324,1,0
2766,3.963538885116577,0.006087797228246927,1,0
2767,3.8240559101104736,0.024720026180148125,1,0
2768,3.810131072998047,0.05337183550000191,1,0
2769,3.157731294631958,5.914270786888665e-06,1,0
2770,3.2854115962982178,0.004939929582178593,1,0
2771,3.248595952987671,0.11936869472265244,1,0
2772,4.202754020690918,0.10140873491764069,1,0
2773,3.3909595012664795,0.16583006083965302,1,0
2774,3.0416603088378906,0.11923535913228989,1,0
2775,2.9136531352996826,0.21159203350543976,1,0
2776,3.357039451599121,0.07913114875555038,1,0
2777,3.1238820552825928,0.033922236412763596,1,0
2778,3.2357594966888428,0.48029303550720215,1,0
2779,2.9075450897216797,0.11700653284788132,1,0
2780,2.961550235748291,0.16262321174144745,1,0
2781,3.274278402328491,0.029114797711372375,1,0
2782,3.2318179607391357,0.020289570093154907,1,0
2783,3.632725238800049,0.056300368160009384,1,0
2784,2.8780152797698975,0.2551920413970947,1,0
2785,3.0204875469207764,0.15761099755764008,1,0
2786,3.0339560508728027,0.16221094131469727,1,0
2787,2.7779107093811035,0.3578041195869446,1,0
2788,2.9042139053344727,0.2144247591495514,1,0
2789,2.9798030853271484,0.03106987476348877,1,0
2790,2.9222774505615234,0.688053548336029,1,0
2791,2.8160297870635986,0.12658309936523438,1,0
2792,2.818228244781494,0.1416977494955063,1,0
2793,3.0182809829711914,0.010579168796539307,1,0
2794,2.770176887512207,0.13812418282032013,1,0
2795,2.9982728958129883,0.5299915671348572,1,0
2796,3.0696794986724854,0.0612976960837841,1,0
2797,3.163714647293091,0.1649274230003357,1,0
2798,3.5938820838928223,0.14011108875274658,1,0
2799,3.689519166946411,0.0015110507374629378,1,0
2800,3.5378122329711914,0.016585832461714745,1,0
2801,4.1661529541015625,0.013027148321270943,1,0
2802,3.8934714794158936,0.0444268137216568,1,0
2803,3.6954708099365234,0.01933336816728115,1,0
2804,3.780465841293335,0.261085569858551,1,0
2805,3.5336830615997314,0.001229900517500937,1,0
2806,3.668753147125244,0.00677162129431963,1,0
2807,3.77079176902771,0.0017132163047790527,1,0
2808,3.4962363243103027,0.007863875478506088,1,0
2809,3.8831584453582764,0.0847267210483551,1,0
2810,3.577348470687866,0.007295999675989151,1,0
2811,4.05790376663208,0.26668739318847656,1,0
2812,3.7616779804229736,0.2234462946653366,1,0
2813,4.189219951629639,0.06312702596187592,1,0
2814,3.8313915729522705,0.04558969661593437,1,0
2815,4.197219371795654,0.13923828303813934,1,0
2816,3.4937922954559326,0.012969933450222015,1,0
2817,3.446826934814453,0.014938621781766415,1,0
2818,3.9387311935424805,0.0028987638652324677,1,0
2819,3.2432451248168945,0.00839634146541357,1,0
2820,3.16629958152771,0.03748422861099243,1,0
2821,3.7440025806427,0.29621848464012146,1,0
2822,3.0150458812713623,0.05141478404402733,1,0
2823,3.74337100982666,0.005572123918682337,1,0
2824,3.749750852584839,0.07059015333652496,1,0
2825,4.4596357345581055,0.12357964366674423,1,0
2826,3.4868295192718506,0.00033091986551880836,1,0
2827,3.785196304321289,0.010306984186172485,1,0
2828,3.1398770809173584,0.03084574081003666,1,0
2829,3.7196242809295654,0.30862581729888916,1,0
2830,3.828449249267578,0.09646131843328476,1,0
2831,4.327573299407959,0.01565471664071083,1,0
2832,3.5118672847747803,0.00010034479055320844,1,0
2833,3.920881986618042,3.3975579754041974e-06,1,0
2834,4.218481540679932,0.00191622378770262,1,0
2835,4.294374465942383,0.04904871806502342,1,0
2836,4.2574543952941895,0.12532272934913635,1,0
2837,3.9937455654144287,0.038020502775907516,1,0
2838,3.7390506267547607,0.011753547005355358,1,0
2839,4.150999069213867,0.06673666089773178,1,0
2840,3.950030565261841,0.008771850727498531,1,0
2841,3.8506832122802734,0.027706241235136986,1,0
2842,4.08345890045166,0.1281605213880539,1,0
2843,3.7355234622955322,0.05841739848256111,1,0
2844,3.74288010597229,0.05765484645962715,1,0
2845,3.965606212615967,0.03174370527267456,1,0
2846,3.7017054557800293,0.09993898123502731,1,0
2847,4.3947296142578125,0.07713501155376434,1,0
2848,3.826148509979248,0.024110833182930946,1,0
2849,3.9975647926330566,0.010644782334566116,1,0
2850,4.1519880294799805,0.13278961181640625,1,0
2851,3.6904170513153076,0.00038454533205367625,1,0
2852,3.602461576461792,0.01008287351578474,1,0
2853,3.735750913619995,2.984050752274925e-06,1,0
2854,3.6616811752319336,0.1422431915998459,1,0
2855,3.762324571609497,0.02433011122047901,1,0
2856,3.8490421772003174,0.0007548750727437437,1,0
2857,3.725327730178833,0.05948586016893387,1,0
2858,3.7167906761169434,0.014161092229187489,1,0
2859,3.416710615158081,0.0011572265066206455,1,0
2860,3.4400336742401123,0.2829147279262543,1,0
2861,3.3999569416046143,0.34847939014434814,1,0
2862,3.61033296585083,0.09275110810995102,1,0
2863,3.81864333152771,0.07227179408073425,1,0
2864,3.5651051998138428,6.47787019261159e-05,1,0
2865,3.787489891052246,0.06399805098772049,1,0
2866,3.5400445461273193,0.13240306079387665,1,0
2867,3.6738290786743164,0.0005266521475277841,1,0
2868,3.05086350440979,0.1653745174407959,1,0
2869,3.2968664169311523,0.027909010648727417,1,0
2870,3.8404791355133057,0.003360588802024722,1,0
2871,3.328186273574829,0.0005765021196566522,1,0
2872,3.0979175567626953,0.06042158603668213,1,0
2873,3.271190643310547,3.814697265625e-05,1,0
2874,3.424915075302124,0.02596743404865265,1,0
2875,3.7738373279571533,0.03500068560242653,1,0
2876,3.598776340484619,0.010909263975918293,1,0
2877,3.625486135482788,0.014262332580983639,1,0
2878,3.6473240852355957,0.022900640964508057,1,0
2879,3.3915247917175293,0.016279039904475212,1,0
2880,3.2353625297546387,0.04294232651591301,1,0
2881,3.455803632736206,0.15346255898475647,1,0
2882,3.1495604515075684,0.014211666770279408,1,0
2883,3.684081554412842,0.02890440635383129,1,0
2884,3.5437355041503906,0.28603389859199524,1,0
2885,3.7390477657318115,0.1558687686920166,1,0
2886,3.6567511558532715,0.017625750973820686,1,0
2887,3.768805503845215,0.2508910000324249,1,0
2888,3.3606271743774414,0.009164810180664062,1,0
2889,3.8754665851593018,0.23256996273994446,1,0
2890,3.8341808319091797,0.0678129717707634,1,0
2891,3.520451068878174,0.371651291847229,1,0
2892,3.097745656967163,0.0010721803409978747,1,0
2893,3.3724446296691895,0.14755487442016602,1,0
2894,3.502207040786743,0.10990804433822632,1,0
2895,3.504356861114502,0.029857179149985313,1,0
2896,3.178086757659912,0.02412881888449192,1,0
2897,3.146324872970581,6.262212991714478e-05,1,0
2898,3.4648725986480713,0.011617928743362427,1,0
2899,2.9927682876586914,0.005431824363768101,1,0
2900,3.7329752445220947,0.02445068396627903,1,0
2901,3.6272284984588623,0.02183268964290619,1,0
2902,3.5317697525024414,8.229166269302368e-05,1,0
2903,3.197565793991089,0.04327895864844322,1,0
2904,3.6757612228393555,0.09542705118656158,1,0
2905,3.4700205326080322,0.23533327877521515,1,0
2906,3.4960458278656006,0.11979585886001587,1,0
2907,3.57082200050354,0.5553697943687439,1,0
2908,3.675513505935669,0.9476920366287231,1,0
2909,4.00274133682251,0.549874484539032,1,0
2910,3.2182140350341797,0.11550607532262802,1,0
2911,3.892437219619751,0.04145948216319084,1,0
2912,3.452925682067871,0.014886768534779549,1,0
2913,4.2343974113464355,0.004401954356580973,1,0
2914,3.8433406352996826,0.03410377725958824,1,0
2915,4.2506937980651855,0.020523931831121445,1,0
2916,4.011489391326904,2.0954757928848267e-06,1,0
2917,3.758343458175659,0.00013839091116096824,1,0
2918,3.706850290298462,0.005201038904488087,1,0
2919,3.8727171421051025,0.027625983580946922,1,0
2920,3.7810468673706055,1.2612343198270537e-05,1,0
2921,3.7354021072387695,0.0022553130984306335,1,0
2922,4.041437149047852,0.03787011280655861,1,0
2923,3.6335487365722656,0.03328185901045799,1,0
2924,3.5588533878326416,0.2240762710571289,1,0
2925,3.672015428543091,0.054912228137254715,1,0
2926,4.246872425079346,0.09199436753988266,1,0
2927,4.16171932220459,0.00989383552223444,1,0
2928,4.079533100128174,0.0011896226787939668,1,0
2929,3.9067726135253906,0.09595843404531479,1,0
2930,3.8400440216064453,0.007226921617984772,1,0
2931,3.916390895843506,0.0034235387574881315,1,0
2932,4.082882404327393,0.054776620119810104,1,0
2933,4.010180473327637,0.038913872092962265,1,0
2934,4.062920093536377,0.0016569647705182433,1,0
2935,3.7228903770446777,0.3340144455432892,1,0
2936,3.956271171569824,0.010187800973653793,1,0
2937,4.109691143035889,0.09629353880882263,1,0
2938,3.8746273517608643,0.14313995838165283,1,0
2939,3.752415657043457,0.07260426133871078,1,0
2940,3.8157076835632324,0.0252784825861454,1,0
2941,3.6414918899536133,0.06289446353912354,1,0
2942,3.774479389190674,0.04160502180457115,1,0
2943,3.9791030883789062,0.09454073011875153,1,0
2944,3.9021718502044678,0.0801442414522171,1,0
2945,3.8670880794525146,0.08195752650499344,1,0
2946,3.143164873123169,0.030822014436125755,1,0
2947,3.6819169521331787,0.012631463818252087,1,0
2948,3.9573428630828857,0.02781236171722412,1,0
2949,3.4975132942199707,0.0006456570117734373,1,0
2950,3.473322629928589,0.05468631535768509,1,0
2951,3.5435686111450195,0.05957062169909477,1,0
2952,3.5480525493621826,0.013266152702271938,1,0
2953,3.1575214862823486,9.477232197241392e-06,1,0
2954,3.3438150882720947,0.005616876762360334,1,0
2955,3.888707399368286,0.0026220118161290884,1,0
2956,3.715437173843384,0.00015860656276345253,1,0
2957,3.10075044631958,0.18160951137542725,1,0
2958,3.695295810699463,0.03158571943640709,1,0
2959,3.532891035079956,0.059429384768009186,1,0
2960,3.494494676589966,0.28175580501556396,1,0
2961,4.062795162200928,0.037577711045742035,1,0
2962,3.521198272705078,0.030447036027908325,1,0
2963,3.3248119354248047,0.10418722778558731,1,0
2964,3.583498954772949,0.0035627023316919804,1,0
2965,3.591379165649414,0.04614359512925148,1,0
2966,3.133646011352539,0.006173938978463411,1,0
2967,4.00252628326416,9.656325346441008e-06,1,0
2968,2.409212350845337,0.03024865686893463,1,0
2969,2.678790330886841,0.03172651678323746,1,0
2970,3.3762569427490234,0.04792672023177147,1,0
2971,3.4666788578033447,0.05669490620493889,1,0
2972,3.3523707389831543,0.003823046339675784,1,0
2973,3.163503646850586,0.03482397645711899,1,0
2974,3.7696456909179688,1.5655532479286194e-05,1,0
2975,3.1346652507781982,0.003014199435710907,1,0
2976,3.1739046573638916,0.015021301805973053,1,0
2977,3.5823583602905273,0.28448760509490967,1,0
2978,3.238187551498413,0.0002581835724413395,1,0
2979,3.5462286472320557,0.11671622097492218,1,0
2980,3.5781314373016357,0.032741811126470566,1,0
2981,3.998647451400757,0.05139727517962456,1,0
2982,3.5831668376922607,0.0391579270362854,1,0
2983,3.695727586746216,0.055793166160583496,1,0
2984,2.8593640327453613,0.03928789123892784,1,0
2985,3.2036705017089844,0.10911603271961212,1,0
2986,3.142828941345215,0.03276626393198967,1,0
2987,3.8658604621887207,0.0833335891366005,1,0
2988,3.6962833404541016,0.03121974878013134,1,0
2989,3.0504047870635986,0.020879389718174934,1,0
2990,3.673616409301758,0.007865587249398232,1,0
2991,3.7380545139312744,0.021895477548241615,1,0
2992,4.101691722869873,0.2646976411342621,1,0
2993,4.330991268157959,0.00272983661852777,1,0
2994,3.891282796859741,0.01580965332686901,1,0
2995,3.4020509719848633,0.00494399992749095,1,0
2996,3.321889877319336,0.02358328364789486,1,0
2997,3.3491647243499756,0.01782618835568428,1,0
2998,2.9120264053344727,0.0012482443125918508,1,0
2999,3.7417919635772705,0.004159518517553806,1,0
3000,3.3975515365600586,0.0002694689610507339,1,0
3001,3.781311511993408,0.002851159079000354,1,0
3002,3.7965219020843506,0.00046897082938812673,1,0
3003,3.6955010890960693,0.09834068268537521,1,0
3004,3.656511068344116,0.002459559589624405,1,0
3005,2.8630542755126953,0.7699405550956726,1,0
3006,2.8651320934295654,0.30833637714385986,1,0
3007,2.7692840099334717,0.72418612241745,1,0
3008,2.858799695968628,1.4082190990447998,1,0
3009,3.6807808876037598,0.19058457016944885,1,0
3010,3.436352491378784,0.013303971849381924,1,0
3011,3.7386085987091064,0.17061136662960052,1,0
3012,3.5381546020507812,0.49359962344169617,1,0
3013,3.986186981201172,0.09802015870809555,1,0
3014,3.9628701210021973,0.003351643681526184,1,0
3015,3.3767476081848145,0.7103897333145142,1,0
3016,3.209010601043701,0.03787762671709061,1,0
3017,3.78993558883667,0.33176496624946594,1,0
3018,3.637087821960449,0.05368442088365555,1,0
3019,4.171138286590576,0.04563916474580765,1,0
3020,3.856131076812744,0.031582288444042206,1,0
3021,3.913377046585083,0.009727515280246735,1,0
3022,4.121744155883789,0.0010111392475664616,1,0
3023,3.732651472091675,0.07234964519739151,1,0
3024,3.549912452697754,0.03271736949682236,1,0
3025,3.9187352657318115,0.010144987143576145,1,0
3026,3.9185616970062256,0.05939174443483353,1,0
3027,3.7614336013793945,0.004688187036663294,1,0
3028,3.2822916507720947,0.03232058510184288,1,0
3029,3.232152223587036,0.2686645984649658,1,0
3030,3.476381540298462,0.0004103221872355789,1,0
3031,3.5291807651519775,0.03180907666683197,1,0
3032,3.7970056533813477,0.0002098270779242739,1,0
3033,3.438765048980713,0.023743612691760063,1,0
3034,3.5257723331451416,0.015018937177956104,1,0
3035,3.987339735031128,0.021539932116866112,1,0
3036,3.629415273666382,0.09772428125143051,1,0
3037,3.558077096939087,0.11422395706176758,1,0
3038,3.749572992324829,0.012361764907836914,1,0
3039,3.5270166397094727,0.06747663766145706,1,0
3040,3.3855085372924805,0.02658376656472683,1,0
3041,3.6319446563720703,0.11719145625829697,1,0
3042,3.3427586555480957,0.010106143541634083,1,0
3043,3.359328269958496,0.011889953166246414,1,0
3044,3.5551586151123047,0.14900416135787964,1,0
3045,3.7643303871154785,0.00030174851417541504,1,0
3046,3.549226760864258,0.025861794129014015,1,0
3047,3.4926352500915527,0.2098996937274933,1,0
3048,3.609245538711548,0.0009989016689360142,1,0
3049,3.8009607791900635,0.0095493970438838,1,0
3050,3.825193166732788,0.017380615696310997,1,0
3051,3.6375739574432373,3.143781941616908e-05,1,0
3052,3.215501308441162,0.010211192071437836,1,0
3053,3.3645224571228027,0.0042988392524421215,1,0
3054,3.3362791538238525,0.20324170589447021,1,0
3055,3.9181106090545654,0.15254902839660645,1,0
3056,3.618112325668335,0.08492910116910934,1,0
3057,3.5798685550689697,0.010458418168127537,1,0
3058,3.465939998626709,0.004327994771301746,1,0
3059,3.2099571228027344,0.0036193763371556997,1,0
3060,3.8596031665802,0.0600237213075161,1,0
3061,3.6839451789855957,0.01822003908455372,1,0
3062,3.410339593887329,0.043536316603422165,1,0
3063,4.072454929351807,0.0019912959542125463,1,0
3064,3.3273468017578125,0.001447950373403728,1,0
3065,3.4292497634887695,2.508619763830211e-05,1,0
3066,3.854813814163208,0.14821545779705048,1,0
3067,3.430994749069214,0.2831714153289795,1,0
3068,3.4941020011901855,0.17926470935344696,1,0
3069,3.299975633621216,0.03843561187386513,1,0
3070,3.129293918609619,0.16288796067237854,1,0
3071,3.48099946975708,0.0534476637840271,1,0
3072,3.316359043121338,0.07854586094617844,1,0
3073,3.155454158782959,0.2828325927257538,1,0
3074,3.322387933731079,0.12937258183956146,1,0
3075,3.56048321723938,0.007194142788648605,1,0
3076,3.4279167652130127,0.003009962383657694,1,0
3077,3.7234814167022705,0.02866862714290619,1,0
3078,3.3429150581359863,0.19517885148525238,1,0
3079,3.508456230163574,0.024583658203482628,1,0
3080,3.6771509647369385,0.013959692791104317,1,0
3081,3.5932085514068604,0.008410495705902576,1,0
3082,3.6784119606018066,0.04627636447548866,1,0
3083,3.5131032466888428,0.0001891166903078556,1,0
3084,3.7855260372161865,0.13765116035938263,1,0
3085,3.9264402389526367,0.006635718047618866,1,0
3086,4.014554977416992,0.01904461532831192,1,0
3087,3.482131004333496,0.030832180753350258,1,0
3088,2.957460403442383,0.3106019198894501,1,0
3089,3.9154932498931885,0.11072861403226852,1,0
3090,3.4259393215179443,0.0015450016362592578,1,0
3091,3.7792880535125732,0.17656998336315155,1,0
3092,3.438703775405884,0.3913799524307251,1,0
3093,3.521611452102661,0.13422122597694397,1,0
3094,3.4662675857543945,0.00850279163569212,1,0
3095,3.604072332382202,0.002824426395818591,1,0
3096,3.1288912296295166,0.0001801998441806063,1,0
3097,3.4729866981506348,0.33912041783332825,1,0
3098,3.707644462585449,0.10137801617383957,1,0
3099,3.5200347900390625,0.14212673902511597,1,0
3100,3.7880680561065674,0.0924515649676323,1,0
3101,4.1936445236206055,0.08747341483831406,1,0
3102,3.642666816711426,0.0019204504787921906,1,0
3103,3.33197283744812,0.11167474091053009,1,0
3104,3.6103708744049072,0.11293601989746094,1,0
3105,3.899078845977783,0.11797904968261719,1,0
3106,3.5783801078796387,0.1359023153781891,1,0
3107,3.775251626968384,0.14470691978931427,1,0
3108,3.0422635078430176,0.0421065054833889,1,0
3109,3.2585785388946533,0.0017364624654874206,1,0
3110,3.837249994277954,0.031599439680576324,1,0
3111,3.833965301513672,0.0694461390376091,1,0
3112,4.390556335449219,0.00033762454404495656,1,0
3113,3.8031575679779053,0.05692031979560852,1,0
3114,3.100735902786255,0.00970848836004734,1,0
3115,3.7091917991638184,0.007891285233199596,1,0
3116,3.6224286556243896,0.05536998435854912,1,0
3117,3.9934041500091553,0.02351219952106476,1,0
3118,3.8134639263153076,0.15266214311122894,1,0
3119,4.463026523590088,0.047656673938035965,1,0
3120,3.958660364151001,0.021494632586836815,1,0
3121,3.879268169403076,0.00250958651304245,1,0
3122,3.249488353729248,0.0026746541261672974,1,0
3123,3.520663022994995,0.0034779608249664307,1,0
3124,3.5997986793518066,0.01754896156489849,1,0
3125,3.446384906768799,0.007249911315739155,1,0
3126,3.6075360774993896,0.001983551774173975,1,0
3127,3.3580474853515625,0.17412111163139343,1,0
3128,3.305081844329834,0.1346033364534378,1,0
3129,2.8115313053131104,0.3669128119945526,1,0
3130,2.9818170070648193,0.1452360451221466,1,0
3131,3.2646920680999756,0.038549214601516724,1,0
3132,3.0253312587738037,0.0035190589260309935,1,0
3133,3.4754767417907715,0.02932264842092991,1,0
3134,3.5313870906829834,0.02044658176600933,1,0
3135,3.440901756286621,0.01730436086654663,1,0
3136,3.538287878036499,0.04364915192127228,1,0
3137,3.9187045097351074,0.06759702414274216,1,0
3138,3.5639240741729736,0.01454493124037981,1,0
3139,3.9441308975219727,0.02653343975543976,1,0
3140,3.5069832801818848,0.05085612088441849,1,0
3141,3.933290481567383,0.025660434737801552,1,0
3142,3.781869649887085,0.30534276366233826,1,0
3143,4.174256801605225,0.00629279762506485,1,0
3144,3.7523696422576904,0.09937232732772827,1,0
3145,3.927025318145752,0.05071258544921875,1,0
3146,4.071553707122803,0.000515198742505163,1,0
3147,3.44706654548645,0.004067912697792053,1,0
3148,3.8294246196746826,0.029940614476799965,1,0
3149,2.709462881088257,0.033454619348049164,1,0
3150,3.3282930850982666,0.01400990691035986,1,0
3151,3.205622673034668,0.0905250534415245,1,0
3152,3.5390772819519043,0.0022424987982958555,1,0
3153,3.552910566329956,0.29587194323539734,1,0
3154,3.293818473815918,1.642853021621704e-05,1,0
3155,3.3144614696502686,0.10089923441410065,1,0
3156,3.2423458099365234,0.09057732671499252,1,0
3157,2.9846482276916504,0.036759089678525925,1,0
3158,3.4884355068206787,0.031182244420051575,1,0
3159,3.4972786903381348,0.07214731723070145,1,0
3160,3.279853105545044,0.18215279281139374,1,0
3161,3.663773536682129,0.03607401251792908,1,0
3162,3.118175983428955,0.40430840849876404,1,0
3163,3.438310146331787,0.03102906048297882,1,0
3164,3.0531229972839355,0.08797647804021835,1,0
3165,3.5633468627929688,0.0039919475093483925,1,0
3166,3.6255199909210205,0.007929050363600254,1,0
3167,3.37272572517395,0.013700932264328003,1,0
3168,3.532130718231201,0.009936116635799408,1,0
3169,3.314345359802246,0.04802818223834038,1,0
3170,3.7002670764923096,0.00541760865598917,1,0
3171,3.9701647758483887,0.17331664264202118,1,0
3172,3.2298128604888916,0.36602482199668884,1,0
3173,3.8491392135620117,0.0029603992588818073,1,0
3174,3.449871063232422,0.005366586148738861,1,0
3175,3.610217571258545,0.026464318856596947,1,0
3176,3.7919833660125732,0.33923283219337463,1,0
3177,3.3020215034484863,1.074318289756775,1,0
3178,3.5944418907165527,0.010917329229414463,1,0
3179,3.332252025604248,0.09643134474754333,1,0
3180,3.70220685005188,0.012318883091211319,1,0
3181,3.1799662113189697,0.04305439069867134,1,0
3182,4.00618314743042,0.4113712012767792,1,0
3183,3.208777904510498,0.012186422944068909,1,0
3184,3.5788512229919434,0.0016491174465045333,1,0
3185,3.974653720855713,0.0002861962711904198,1,0
3186,3.1619324684143066,0.0002495729422662407,1,0
3187,3.242156505584717,0.09575525671243668,1,0
3188,3.2321994304656982,0.08064772933721542,1,0
3189,3.2095048427581787,0.1017901673913002,1,0
3190,3.1259074211120605,0.06836698204278946,1,0
3191,3.427978754043579,0.10986325889825821,1,0
3192,3.816734552383423,0.0016024246579036117,1,0
3193,3.6649789810180664,0.01168668270111084,1,0
3194,3.2357866764068604,0.012926009483635426,1,0
3195,3.6851041316986084,0.07169181853532791,1,0
3196,4.212740421295166,0.026978587731719017,1,0
3197,3.87591552734375,0.0031904883217066526,1,0
3198,3.6591639518737793,0.14365889132022858,1,0
3199,3.661205530166626,0.011375798843801022,1,0
3200,3.745514392852783,0.00893712230026722,1,0
3201,3.80368709564209,0.028063997626304626,1,0
3202,3.616514205932617,0.007233486510813236,1,0
3203,3.680661678314209,0.0002501831331755966,1,0
3204,3.5982277393341064,2.2361055584951828e-07,1,0
3205,3.7344882488250732,0.1477699726819992,1,0
3206,3.6907975673675537,0.013728057034313679,1,0
3207,3.8718984127044678,0.000589082483202219,1,0
3208,3.737311840057373,0.0024614743888378143,1,0
3209,3.816592216491699,1.658536530158017e-05,1,0
3210,3.640284776687622,0.15048299729824066,1,0
3211,3.557766914367676,0.029016081243753433,1,0
3212,3.466688632965088,0.10516762733459473,1,0
3213,3.6103086471557617,0.026020336896181107,1,0
3214,3.6952202320098877,0.19308684766292572,1,0
3215,3.545448064804077,0.07449910789728165,1,0
3216,3.248169183731079,0.001609385828487575,1,0
3217,3.235280990600586,0.015127941034734249,1,0
3218,3.596078395843506,0.05360395461320877,1,0
3219,3.7047181129455566,0.0014722883934155107,1,0
3220,4.017711162567139,0.1565476953983307,1,0
3221,3.777426242828369,0.002402462065219879,1,0
3222,3.99484920501709,0.02326425537467003,1,0
3223,3.932481050491333,0.036404695361852646,1,0
3224,3.7930262088775635,0.1898774355649948,1,0
3225,3.7123799324035645,0.004634160082787275,1,0
3226,4.214970588684082,0.027433836832642555,1,0
3227,3.69236159324646,0.03867816552519798,1,0
3228,3.7457361221313477,0.00011166790500283241,1,0
3229,4.013103485107422,0.027150053530931473,1,0
3230,4.0728325843811035,0.1043243333697319,1,0
3231,4.063156604766846,0.013058006763458252,1,0
3232,3.0690066814422607,0.09744090586900711,1,0
3233,3.4719531536102295,0.0016155861085280776,1,0
3234,3.366065502166748,0.000990379718132317,1,0
3235,3.883815288543701,0.04307441785931587,1,0
3236,3.7698614597320557,0.3030965328216553,1,0
3237,4.290653705596924,0.012614116072654724,1,0
3238,4.400288105010986,0.21047484874725342,1,0
3239,4.054351806640625,0.3023744225502014,1,0
3240,3.218797206878662,0.06853867322206497,1,0
3241,3.869405508041382,0.14450876414775848,1,0
3242,3.44108510017395,0.00023131967463996261,1,0
3243,3.510392189025879,0.13790906965732574,1,0
3244,3.026791572570801,0.043190665543079376,1,0
3245,3.8476407527923584,0.13799510896205902,1,0
3246,3.3431804180145264,0.018562927842140198,1,0
3247,3.401902437210083,0.037398334592580795,1,0
3248,3.7428338527679443,0.28232982754707336,1,0
3249,3.2323710918426514,0.00440707802772522,1,0
3250,3.159677505493164,0.22426818311214447,1,0
3251,3.9307518005371094,0.004798517096787691,1,0
3252,3.9375109672546387,0.02310848794877529,1,0
3253,3.6045730113983154,0.046384379267692566,1,0
3254,3.1267635822296143,0.1038324236869812,1,0
3255,3.807884931564331,0.014271554537117481,1,0
3256,3.7432034015655518,0.017692437395453453,1,0
3257,3.7201974391937256,0.0022709225304424763,1,0
3258,3.907238245010376,0.06280737370252609,1,0
3259,4.122715473175049,0.06928347796201706,1,0
3260,3.4354665279388428,0.09622766822576523,1,0
3261,3.467679023742676,0.008150565437972546,1,0
3262,3.789663314819336,5.6371467508142814e-05,1,0
3263,3.60717511177063,0.10935205221176147,1,0
3264,3.9060211181640625,0.051174361258745193,1,0
3265,3.488650321960449,0.060047365725040436,1,0
3266,3.58785343170166,0.183580681681633,1,0
3267,3.927968740463257,3.7790185160702094e-05,1,0
3268,3.5414669513702393,0.06107331067323685,1,0
3269,3.981257438659668,0.0005427185678854585,1,0
3270,3.925827980041504,5.961302576906746e-06,1,0
3271,3.521332263946533,0.03534456714987755,1,0
3272,3.7770490646362305,0.1004827618598938,1,0
3273,3.5386452674865723,0.1088929995894432,1,0
3274,3.68857741355896,5.1552058721426874e-05,1,0
3275,3.3769545555114746,0.2566860020160675,1,0
3276,3.5544328689575195,0.00010248283069813624,1,0
3277,4.194193363189697,0.019186047837138176,1,0
3278,4.28196907043457,0.1689571589231491,1,0
3279,4.503798007965088,1.3932567834854126,1,0
3280,3.979896306991577,0.47587570548057556,1,0
3281,3.62514591217041,0.09675527364015579,1,0
3282,2.934652090072632,0.15010885894298553,1,0
3283,3.686267852783203,0.08769618719816208,1,0
3284,3.524977445602417,0.10612118244171143,1,0
3285,3.5228922367095947,0.005247074645012617,1,0
3286,3.277946710586548,0.09960366785526276,1,0
3287,3.2321465015411377,0.10637912899255753,1,0
3288,3.939872980117798,0.11305280774831772,1,0
3289,3.853210687637329,0.047947850078344345,1,0
3290,3.278787612915039,0.07682441920042038,1,0
3291,3.3710014820098877,0.07503213733434677,1,0
3292,1.9589591026306152,0.0018641982460394502,1,0
3293,2.543267250061035,0.03226509317755699,1,0
3294,3.750880718231201,0.10837135463953018,1,0
3295,3.8523573875427246,0.04810435324907303,1,0
3296,3.7533023357391357,0.039729077368974686,1,0
3297,3.7374796867370605,0.046575795859098434,1,0
3298,3.8640401363372803,0.008820726536214352,1,0
3299,3.7006399631500244,0.07512205094099045,1,0
3300,3.6250948905944824,0.06889790296554565,1,0
3301,3.6019527912139893,0.18881921470165253,1,0
3302,3.4037740230560303,0.015490931458771229,1,0
3303,3.6948018074035645,0.03992166742682457,1,0
3304,3.1453676223754883,0.12197007983922958,1,0
3305,3.8848235607147217,0.3020242750644684,1,0
3306,4.220435619354248,0.014181770384311676,1,0
3307,3.533926486968994,0.08963295817375183,1,0
3308,3.5555059909820557,0.012847132049500942,1,0
3309,3.614276885986328,0.02361886575818062,1,0
3310,3.7737836837768555,0.011091453023254871,1,0
3311,3.2334258556365967,0.11139756441116333,1,0
3312,3.811964511871338,0.044703882187604904,1,0
3313,3.2154743671417236,0.022609492763876915,1,0
3314,3.461387872695923,0.002449996769428253,1,0
3315,3.6900742053985596,0.009402847848832607,1,0
3316,3.4691171646118164,0.09056570380926132,1,0
3317,3.872507333755493,0.05677766352891922,1,0
3318,3.276796817779541,0.05651582032442093,1,0
3319,3.6323835849761963,0.05815644934773445,1,0
3320,3.2779347896575928,0.1650763899087906,1,0
3321,3.6060643196105957,9.220326319336891e-05,1,0
3322,4.273138523101807,0.07765047997236252,1,0
3323,3.1581599712371826,0.36403074860572815,1,0
3324,3.5462403297424316,0.006697177886962891,1,0
3325,3.2574188709259033,0.7348355054855347,1,0
3326,3.367457866668701,0.09076911956071854,1,0
3327,2.8553526401519775,0.02540137805044651,1,0
3328,3.092987298965454,0.06790348142385483,1,0
3329,2.921193838119507,0.04988149553537369,1,0
3330,3.7419981956481934,0.13115589320659637,1,0
3331,3.9427244663238525,0.07290100306272507,1,0
3332,4.187203407287598,0.03784382343292236,1,0
3333,4.183351516723633,0.04327092692255974,1,0
3334,4.170683860778809,0.0038517415523529053,1,0
3335,3.6983039379119873,0.02711826004087925,1,0
3336,3.418111801147461,0.022886039689183235,1,0
3337,3.6289050579071045,0.04380656033754349,1,0
3338,3.615248918533325,0.01383455004543066,1,0
3339,3.6943111419677734,0.009376662783324718,1,0
3340,3.6091184616088867,0.4533931314945221,1,0
3341,3.617035388946533,0.09574928134679794,1,0
3342,3.873272180557251,0.8002088665962219,1,0
3343,3.52955961227417,0.02610134892165661,1,0
3344,3.413522243499756,0.041075240820646286,1,0
3345,4.227781772613525,0.12915052473545074,1,0
3346,3.8933913707733154,0.033851176500320435,1,0
3347,3.554192066192627,0.0384129099547863,1,0
3348,3.9365921020507812,0.009034089744091034,1,0
3349,3.9317095279693604,0.050469476729631424,1,0
3350,3.675584316253662,0.10051947087049484,1,0
3351,3.962975263595581,0.5220823287963867,1,0
3352,3.8486573696136475,0.13068102300167084,1,0
3353,4.32231330871582,0.0030631409026682377,1,0
3354,3.3823697566986084,0.05760851129889488,1,0
3355,3.649911880493164,0.04408574104309082,1,0
3356,4.106005668640137,0.04263092204928398,1,0
3357,3.619683027267456,0.0005844072438776493,1,0
3358,3.607118606567383,0.017147302627563477,1,0
3359,3.7539010047912598,0.024942051619291306,1,0
3360,4.132739543914795,0.0003386893367860466,1,0
3361,3.7502803802490234,0.01921011507511139,1,0
3362,3.758004665374756,0.06837202608585358,1,0
3363,3.529228448867798,0.010509801097214222,1,0
3364,3.8656129837036133,0.012169383466243744,1,0
3365,3.970222234725952,0.08697178959846497,1,0
3366,3.7332351207733154,0.04683440923690796,1,0
3367,4.175724029541016,0.07921804487705231,1,0
3368,3.7064549922943115,0.18855929374694824,1,0
3369,3.7200071811676025,0.05692492797970772,1,0
3370,3.624337673187256,0.22610914707183838,1,0
3371,3.6022112369537354,0.017939753830432892,1,0
3372,2.1130542755126953,0.03475557267665863,1,0
3373,3.241641044616699,0.0500713475048542,1,0
3374,3.4336748123168945,0.3605455756187439,1,0
3375,3.8098132610321045,0.0037352449726313353,1,0
3376,3.6759514808654785,0.0017997637623921037,1,0
3377,3.794853448867798,2.3544766918348614e-06,1,0
3378,3.2142717838287354,0.007263064384460449,1,0
3379,3.701230049133301,0.0005034380592405796,1,0
3380,3.4571378231048584,0.0014042191905900836,1,0
3381,3.7598724365234375,0.0027288279961794615,1,0
3382,3.1653566360473633,0.052767135202884674,1,0
3383,3.292447805404663,0.019854791462421417,1,0
3384,3.3546431064605713,0.04517441615462303,1,0
3385,3.93851900100708,0.19351962208747864,1,0
3386,3.237034559249878,0.0338902473449707,1,0
3387,3.109963893890381,0.0014878817601129413,1,0
3388,3.592224597930908,3.922740143025294e-05,1,0
3389,3.642421007156372,0.009311363101005554,1,0
3390,3.3359673023223877,0.029743894934654236,1,0
3391,3.4006505012512207,0.0002465331053826958,1,0
3392,3.6941001415252686,0.09204121679067612,1,0
3393,4.129765510559082,0.133747860789299,1,0
3394,3.1453006267547607,0.018032941967248917,1,0
3395,3.7268848419189453,0.006828919984400272,1,0
3396,3.7809579372406006,0.010065438225865364,1,0
3397,4.237884044647217,0.033908020704984665,1,0
3398,3.9018449783325195,0.038735125213861465,1,0
3399,4.149185657501221,0.22317266464233398,1,0
3400,3.377098560333252,0.10207980126142502,1,0
3401,4.019068717956543,0.12301035970449448,1,0
3402,3.588223695755005,0.06334543228149414,1,0
3403,3.5226736068725586,0.003938470967113972,1,0
3404,3.6836299896240234,0.03695176541805267,1,0
3405,3.7621092796325684,0.00018964792252518237,1,0
3406,3.4208567142486572,3.4654513001441956e-05,1,0
3407,3.625521183013916,0.0007655182271264493,1,0
3408,3.8478434085845947,0.0005253241397440434,1,0
3409,3.6959404945373535,0.0613885298371315,1,0
3410,3.4702277183532715,0.000636372365988791,1,0
3411,3.671572208404541,0.03622814640402794,1,0
3412,3.4761321544647217,0.0015877783298492432,1,0
3413,2.994426965713501,0.002459559589624405,1,0
3414,3.3393945693969727,0.010490023531019688,1,0
3415,2.8765392303466797,0.002130594803020358,1,0
3416,3.0704214572906494,0.313296914100647,1,0
3417,3.724783420562744,0.056690312922000885,1,0
3418,3.4593918323516846,0.02091286890208721,1,0
3419,3.789170503616333,0.004284930415451527,1,0
3420,3.7098183631896973,0.006335741374641657,1,0
3421,3.8564929962158203,0.0008287177770398557,1,0
3422,4.358713150024414,0.014903256669640541,1,0
3423,3.7759616374969482,0.025833865627646446,1,0
3424,3.553982973098755,0.007585680577903986,1,0
3425,3.1788623332977295,0.008846121840178967,1,0
3426,3.167695999145508,0.0009429756901226938,1,0
3427,3.6653521060943604,0.11944873631000519,1,0
3428,3.8011326789855957,0.04852435365319252,1,0
3429,3.776550531387329,0.05759924277663231,1,0
3430,3.9319512844085693,0.048537109047174454,1,0
3431,2.984126329421997,0.16668002307415009,1,0
3432,3.4401917457580566,0.011936299502849579,1,0
3433,3.6401069164276123,0.0029499069787561893,1,0
3434,3.6006593704223633,0.036996301263570786,1,0
3435,4.1167755126953125,0.005520377308130264,1,0
3436,3.2986772060394287,0.004494638182222843,1,0
3437,3.838663101196289,0.0002634827105794102,1,0
3438,3.948237657546997,0.23735065758228302,1,0
3439,3.774716377258301,0.0648750439286232,1,0
3440,3.7904770374298096,0.2989560067653656,1,0
3441,3.4185712337493896,0.13889998197555542,1,0
3442,3.373331308364868,1.498702049255371,1,0
3443,3.2413597106933594,0.00401270529255271,1,0
3444,3.8759024143218994,0.16087664663791656,1,0
3445,3.823391914367676,0.036729488521814346,1,0
3446,3.878608226776123,0.013172948732972145,1,0
3447,3.9922871589660645,0.08817695826292038,1,0
3448,3.497159957885742,0.07968591898679733,1,0
3449,3.412498712539673,0.7658644318580627,1,0
3450,3.105292558670044,0.00019824887567665428,1,0
3451,4.078975200653076,0.00033514658571220934,1,0
3452,3.9943065643310547,0.01945432461798191,1,0
3453,3.749934673309326,0.0017875023186206818,1,0
3454,3.5495662689208984,0.4370891749858856,1,0
3455,3.563823699951172,0.19352810084819794,1,0
3456,3.0822556018829346,0.0013412931002676487,1,0
3457,3.4950361251831055,0.10208596289157867,1,0
3458,3.802942991256714,0.004515365697443485,1,0
3459,3.6545708179473877,0.009059791453182697,1,0
3460,3.9540507793426514,0.15741948783397675,1,0
3461,3.2606723308563232,0.01047618966549635,1,0
3462,3.8599259853363037,0.003450696123763919,1,0
3463,3.7438578605651855,0.20983779430389404,1,0
3464,4.086154460906982,0.11244360357522964,1,0
3465,3.7177436351776123,0.0694664940237999,1,0
3466,3.2306835651397705,0.019876554608345032,1,0
3467,2.9577958583831787,0.1597946733236313,1,0
3468,3.997936964035034,0.01859186589717865,1,0
3469,4.002368450164795,0.00018175775767304003,1,0
3470,3.4382669925689697,0.1898774355649948,1,0
3471,2.9032559394836426,0.005242881365120411,1,0
3472,2.827716588973999,0.025064129382371902,1,0
3473,2.942680835723877,0.2818172872066498,1,0
3474,3.000962972640991,0.8269309997558594,1,0
3475,3.663529634475708,0.7811076641082764,1,0
3476,3.661669969558716,0.08618806302547455,1,0
3477,3.456347942352295,0.019811300560832024,1,0
3478,3.8740241527557373,0.010117788799107075,1,0
3479,4.044923782348633,0.05629120394587517,1,0
3480,3.9506075382232666,0.4083808362483978,1,0
3481,3.7680163383483887,0.1259521245956421,1,0
3482,3.9298038482666016,0.10915428400039673,1,0
3483,3.7345147132873535,0.02581525780260563,1,0
3484,4.060543537139893,0.0037234581541270018,1,0
3485,4.287803649902344,0.044614147394895554,1,0
3486,3.7381787300109863,0.07273953408002853,1,0
3487,3.7565176486968994,0.020729057490825653,1,0
3488,3.934063196182251,0.08738210052251816,1,0
3489,3.822158098220825,0.07322967797517776,1,0
3490,3.7750346660614014,0.04734538495540619,1,0
3491,3.3944149017333984,0.0015724338591098785,1,0
3492,4.4018120765686035,0.06828626245260239,1,0
3493,3.1449813842773438,0.06417883932590485,1,0
3494,3.795016050338745,0.04857964441180229,1,0
3495,3.9513890743255615,0.17281882464885712,1,0
3496,3.9624907970428467,0.004028615541756153,1,0
3497,3.642791509628296,8.726715896045789e-05,1,0
3498,3.7179627418518066,0.03751787170767784,1,0
3499,3.3492624759674072,0.03147947043180466,1,0
3500,4.102431774139404,0.0006060675950720906,1,0
3501,3.6352243423461914,0.029677359387278557,1,0
3502,3.4444963932037354,0.1162024512887001,1,0
3503,2.87821888923645,0.3004564344882965,1,0
3504,2.9586164951324463,0.24614743888378143,1,0
3505,3.4101016521453857,0.017479993402957916,1,0
3506,3.393062114715576,0.03073059394955635,1,0
3507,3.434312343597412,0.01346698310226202,1,0
3508,3.7885689735412598,0.14484645426273346,1,0
3509,2.753154993057251,0.02521407976746559,1,0
3510,2.9178295135498047,0.014154202304780483,1,0
3511,3.2788233757019043,0.0007422016351483762,1,0
3512,2.995037317276001,0.03352172300219536,1,0
3513,3.593601703643799,0.07899004220962524,1,0
3514,3.895928144454956,0.0006674164324067533,1,0
3515,3.3657002449035645,0.13725759088993073,1,0
3516,2.9345908164978027,0.06624891608953476,1,0
3517,2.8867056369781494,0.00036881305277347565,1,0
3518,3.4185924530029297,0.01044855173677206,1,0
3519,3.3367037773132324,0.026085758581757545,1,0
3520,2.9726321697235107,0.0006213681190274656,1,0
3521,3.00063419342041,4.6552067942684516e-05,1,0
3522,3.5680289268493652,0.14665913581848145,1,0
3523,3.7384941577911377,0.011123999953269958,1,0
3524,3.6035351753234863,0.009382271207869053,1,0
3525,3.2318034172058105,0.06968540698289871,1,0
3526,3.718640089035034,0.08980061113834381,1,0
3527,3.4164085388183594,0.0014968292089179158,1,0
3528,3.504309892654419,8.980966958915815e-05,1,0
3529,3.892017364501953,0.1142500564455986,1,0
3530,3.2389068603515625,0.014526315033435822,1,0
3531,3.9236576557159424,0.05110452324151993,1,0
3532,3.9982290267944336,0.0009141573100350797,1,0
3533,3.975480556488037,0.09556423127651215,1,0
3534,4.102350234985352,0.12206446379423141,1,0
3535,4.0618815422058105,0.03250127658247948,1,0
3536,3.5026774406433105,0.0018533803522586823,1,0
3537,3.7821624279022217,0.00574928242713213,1,0
3538,2.950644016265869,0.0801934227347374,1,0
3539,3.4034841060638428,0.10077665001153946,1,0
3540,3.7106571197509766,0.0033326749689877033,1,0
3541,3.800748586654663,0.04428048059344292,1,0
3542,3.4585647583007812,0.0048871650360524654,1,0
3543,3.2210137844085693,0.0828995630145073,1,0
3544,2.8619582653045654,0.004443028010427952,1,0
3545,3.667819023132324,0.0004973934264853597,1,0
3546,3.6056110858917236,0.010788642801344395,1,0
3547,3.315664768218994,0.008458355441689491,1,0
3548,3.498324394226074,0.0667266845703125,1,0
3549,3.8495631217956543,0.0034291879273951054,1,0
3550,3.397833824157715,0.007010342087596655,1,0
3551,3.7754857540130615,0.15379542112350464,1,0
3552,3.558159112930298,0.08110880106687546,1,0
3553,3.894484281539917,0.03984842821955681,1,0
3554,3.6503829956054688,0.27936357259750366,1,0
3555,3.386833667755127,0.06145070865750313,1,0
3556,3.8327651023864746,0.04937412589788437,1,0
3557,3.2934958934783936,0.00569380447268486,1,0
3558,3.5460081100463867,0.09433906525373459,1,0
3559,3.3100881576538086,0.024000072851777077,1,0
3560,3.7500710487365723,0.07141818106174469,1,0
3561,3.5655934810638428,0.0014201761223375797,1,0
3562,3.4993133544921875,0.0001390729157719761,1,0
3563,3.6194419860839844,0.025370627641677856,1,0
3564,3.712221622467041,0.06404200196266174,1,0
3565,3.7148520946502686,0.01375973504036665,1,0
3566,3.61205792427063,0.01766677387058735,1,0
3567,3.516403913497925,0.0363384410738945,1,0
3568,3.9010488986968994,0.00872310996055603,1,0
3569,3.6397833824157715,0.32600921392440796,1,0
3570,3.9031710624694824,0.10988885164260864,1,0
3571,3.721440553665161,0.002516359556466341,1,0
3572,3.8451623916625977,0.030443668365478516,1,0
3573,4.109128952026367,0.006594902370125055,1,0
3574,4.068332672119141,0.03613268956542015,1,0
3575,3.355473518371582,0.02226257137954235,1,0
3576,2.9690680503845215,0.06458041071891785,1,0
3577,3.212895393371582,0.23885755240917206,1,0
3578,2.9848427772521973,0.016085073351860046,1,0
3579,3.3963401317596436,0.036655545234680176,1,0
3580,3.1066548824310303,0.16752423346042633,1,0
3581,2.68349027633667,0.03417153283953667,1,0
3582,3.9786763191223145,0.11856982856988907,1,0
3583,3.4759466648101807,0.0019938803743571043,1,0
3584,3.1244993209838867,0.0008794785826466978,1,0
3585,2.8683149814605713,0.02767091430723667,1,0
3586,3.781517505645752,0.13231879472732544,1,0
3587,3.34552001953125,0.09671325236558914,1,0
3588,3.5423426628112793,0.00677162129431963,1,0
3589,3.8754498958587646,0.003894985420629382,1,0
3590,4.067234039306641,0.16520972549915314,1,0
3591,3.644322156906128,6.52455710223876e-05,1,0
3592,4.361328601837158,0.009116831235587597,1,0
3593,4.1583662033081055,0.00020871023298241198,1,0
3594,3.7206971645355225,0.006268323864787817,1,0
3595,3.9831509590148926,0.027973536401987076,1,0
3596,4.279407024383545,0.06778784841299057,1,0
3597,4.29001522064209,0.07963689416646957,1,0
3598,4.602694034576416,0.011048807762563229,1,0
3599,4.290590763092041,0.003439367515966296,1,0
3600,4.046750068664551,0.0036858655512332916,1,0
3601,3.1429202556610107,0.20155715942382812,1,0
3602,3.3117597103118896,0.025149760767817497,1,0
3603,2.9821150302886963,0.021443728357553482,1,0
3604,3.3061068058013916,0.38379785418510437,1,0
3605,2.8159165382385254,0.0031817727722227573,1,0
3606,3.5490026473999023,0.0027036801911890507,1,0
3607,3.0718207359313965,0.02919389307498932,1,0
3608,3.6240737438201904,0.011601291596889496,1,0
3609,3.293464183807373,0.004345789551734924,1,0
3610,3.3205389976501465,0.0005485796718858182,1,0
3611,3.6720964908599854,0.05387241393327713,1,0
3612,3.3643476963043213,9.387880709255114e-05,1,0
3613,3.504995822906494,0.11309175938367844,1,0
3614,3.5747711658477783,0.01606305129826069,1,0
3615,3.7933359146118164,0.09852235019207001,1,0
3616,3.510385036468506,2.4223700734182785e-07,1,0
3617,4.153079986572266,0.21104195713996887,1,0
3618,4.663619041442871,0.00562121719121933,1,0
3619,4.111942291259766,0.029147742316126823,1,0
3620,3.604402542114258,0.25672513246536255,1,0
3621,3.648726224899292,0.0010037877364084125,1,0
3622,3.3788864612579346,0.09603617340326309,1,0
3623,3.4973087310791016,0.005869913846254349,1,0
3624,3.587456703186035,0.001321573625318706,1,0
3625,3.584750175476074,0.01040322333574295,1,0
3626,3.720330238342285,0.04404522478580475,1,0
3627,3.86911678314209,0.058983225375413895,1,0
3628,3.1197986602783203,0.17290709912776947,1,0
3629,3.695707082748413,0.10592635720968246,1,0
3630,3.5217230319976807,0.0022242560517042875,1,0
3631,3.4041802883148193,0.0424080453813076,1,0
3632,4.010476589202881,0.027000784873962402,1,0
3633,3.3778371810913086,0.003492774209007621,1,0
3634,3.1651852130889893,0.034647710621356964,1,0
3635,3.114630937576294,0.34095498919487,1,0
3636,3.9462482929229736,0.0011500153923407197,1,0
3637,3.607769250869751,0.004245853517204523,1,0
3638,3.725253105163574,7.426822412526235e-05,1,0
3639,4.1030426025390625,0.1273120492696762,1,0
3640,4.238053798675537,0.24800868332386017,1,0
3641,4.161523818969727,0.014285392127931118,1,0
3642,4.11448860168457,0.09295695275068283,1,0
3643,3.7916007041931152,0.004571306984871626,1,0
3644,3.9830591678619385,0.09358177334070206,1,0
3645,3.602928876876831,0.09884976595640182,1,0
3646,4.033813953399658,0.002990931970998645,1,0
3647,3.544281482696533,0.0008909636526368558,1,0
3648,4.2205986976623535,2.6656780391931534e-05,1,0
3649,3.64082932472229,0.14913830161094666,1,0
3650,3.76397705078125,0.11411961168050766,1,0
3651,3.958791494369507,0.0208180770277977,1,0
3652,3.714451313018799,0.3635185658931732,1,0
3653,4.077567100524902,5.379319190979004e-05,1,0
3654,4.091797351837158,0.2245333194732666,1,0
3655,4.237155914306641,0.05845005437731743,1,0
3656,3.9114277362823486,0.04201546311378479,1,0
3657,3.958548069000244,0.017273908481001854,1,0
3658,4.246123790740967,0.6461104154586792,1,0
3659,4.2841267585754395,0.026073290035128593,1,0
3660,3.9014053344726562,0.15584591031074524,1,0
3661,4.331717014312744,0.039548467844724655,1,0
3662,4.306972026824951,0.007946246303617954,1,0
3663,4.047984600067139,0.4493861794471741,1,0
3664,4.234741687774658,0.08614840358495712,1,0
3665,4.249602317810059,0.16565720736980438,1,0
3666,3.988407611846924,0.03782880678772926,1,0
3667,4.206401824951172,0.30929097533226013,1,0
3668,4.302846908569336,0.011690856888890266,1,0
3669,4.4333953857421875,0.0791039988398552,1,0
3670,4.02089786529541,0.1204514279961586,1,0
3671,4.057632923126221,0.005104058422148228,1,0
3672,4.15009880065918,0.00014575208479072899,1,0
3673,3.7136805057525635,0.03136998042464256,1,0
3674,3.8835582733154297,0.10908415168523788,1,0
3675,4.0923027992248535,0.016940681263804436,1,0
3676,4.525041580200195,0.05053453519940376,1,0
3677,3.1031391620635986,0.031589146703481674,1,0
3678,3.610156297683716,0.015101837925612926,1,0
3679,3.317835807800293,0.0038637295365333557,1,0
3680,2.7535510063171387,0.075758196413517,1,0
3681,3.7802822589874268,0.0006300584645941854,1,0
3682,3.7600739002227783,0.25255659222602844,1,0
3683,3.8441991806030273,0.034622564911842346,1,0
3684,3.212090253829956,0.004325455520302057,1,0
3685,3.417487382888794,0.00839634146541357,1,0
3686,3.7256932258605957,0.02249644696712494,1,0
3687,3.7307584285736084,0.0777311772108078,1,0
3688,3.6867730617523193,0.032188862562179565,1,0
3689,3.306828737258911,0.034132298082113266,1,0
3690,3.9513368606567383,0.023070363327860832,1,0
3691,4.089151382446289,0.0332149900496006,1,0
3692,4.03755521774292,0.04200755059719086,1,0
3693,3.98301100730896,0.03602270781993866,1,0
3694,3.8365590572357178,0.02157110534608364,1,0
3695,3.5869719982147217,0.0035950324963778257,1,0
3696,3.5709195137023926,0.03940274938941002,1,0
3697,3.784280300140381,0.05486248806118965,1,0
3698,3.7845563888549805,0.01719282753765583,1,0
3699,3.6586763858795166,0.00231621484272182,1,0
3700,4.178973197937012,0.01078062504529953,1,0
3701,3.8563544750213623,0.0008409866131842136,1,0
3702,4.01113748550415,0.14459680020809174,1,0
3703,3.855508327484131,1.1269003508118658e-08,1,0
3704,3.612243175506592,0.00341000035405159,1,0
3705,3.8648343086242676,0.020045623183250427,1,0
3706,3.8452274799346924,0.00044626378803513944,1,0
3707,3.889911651611328,0.030811849981546402,1,0
3708,4.11235237121582,0.12159289419651031,1,0
3709,3.8250503540039062,0.022621100768446922,1,0
3710,3.835237741470337,0.15361382067203522,1,0
3711,3.7983906269073486,0.042822420597076416,1,0
3712,3.793654680252075,0.23520222306251526,1,0
3713,3.780277967453003,0.1679985523223877,1,0
3714,4.006715297698975,0.034579481929540634,1,0
3715,4.282742500305176,0.013624227605760098,1,0
3716,4.035403728485107,0.031644057482481,1,0
3717,3.9634509086608887,7.3015689849853516e-06,1,0
3718,3.8982596397399902,0.12660370767116547,1,0
3719,4.048656940460205,0.0036952458322048187,1,0
3720,3.920868396759033,0.01155560091137886,1,0
3721,3.851585626602173,0.32389673590660095,1,0
3722,4.281414031982422,0.2821042537689209,1,0
3723,3.595792055130005,0.08674425631761551,1,0
3724,3.5326592922210693,0.0006456570117734373,1,0
3725,3.8555474281311035,0.00983441062271595,1,0
3726,3.1646053791046143,0.000496532884426415,1,0
3727,3.279937267303467,0.025927016511559486,1,0
3728,2.3950133323669434,0.0059470608830451965,1,0
3729,3.4266490936279297,0.05169525742530823,1,0
3730,3.9257140159606934,0.0059054577723145485,1,0
3731,3.997702121734619,0.002658706856891513,1,0
3732,3.075610637664795,0.11323459446430206,1,0
3733,3.664220094680786,0.19292573630809784,1,0
3734,3.9450771808624268,0.08661924302577972,1,0
3735,3.9598546028137207,0.02338511124253273,1,0
3736,3.8785035610198975,0.06913115084171295,1,0
3737,3.5745246410369873,0.07999131828546524,1,0
3738,3.61692476272583,0.006198227871209383,1,0
3739,3.780817747116089,7.163071859395131e-05,1,0
3740,4.134452819824219,0.009159267880022526,1,0
3741,3.3772976398468018,0.0019408039515838027,1,0
3742,4.005645751953125,0.0008944236906245351,1,0
3743,3.5207550525665283,0.000470644241431728,1,0
3744,4.0681538581848145,0.016521267592906952,1,0
3745,3.4181838035583496,0.009517360478639603,1,0
3746,3.5575129985809326,0.043536316603422165,1,0
3747,3.9737191200256348,0.05885673314332962,1,0
3748,3.0131585597991943,1.7461274183006026e-05,1,0
3749,3.7061543464660645,0.03172995150089264,1,0
3750,4.001114368438721,0.0697108805179596,1,0
3751,3.5096585750579834,0.08409306406974792,1,0
3752,3.134340524673462,0.025481421500444412,1,0
3753,3.5789690017700195,0.12742915749549866,1,0
3754,3.6452505588531494,0.18850062787532806,1,0
3755,3.1239161491394043,0.12141796201467514,1,0
3756,3.5829079151153564,0.12284117937088013,1,0
3757,3.4657235145568848,0.1103564128279686,1,0
3758,3.91442608833313,0.000535994884558022,1,0
3759,3.0921244621276855,0.005224728956818581,1,0
3760,3.24590802192688,0.0031362108420580626,1,0
3761,3.4563913345336914,0.018573448061943054,1,0
3762,3.70893931388855,0.04714401438832283,1,0
3763,3.473698854446411,0.07599212974309921,1,0
3764,3.5833334922790527,0.16363662481307983,1,0
3765,3.2386627197265625,0.2019212543964386,1,0
3766,3.1006598472595215,0.1460905522108078,1,0
3767,3.944366931915283,0.358485609292984,1,0
3768,3.730131149291992,0.14164690673351288,1,0
3769,4.166882038116455,0.024826353415846825,1,0
3770,3.94340443611145,0.042276982218027115,1,0
3771,3.6280081272125244,0.08657380193471909,1,0
3772,4.194939613342285,0.00905611738562584,1,0
3773,3.7407875061035156,0.04266679286956787,1,0
3774,4.419489860534668,0.021807029843330383,1,0
3775,4.260451316833496,0.06170935183763504,1,0
3776,3.209040880203247,0.028694776818156242,1,0
3777,3.320422410964966,0.05352801829576492,1,0
3778,3.697791576385498,0.11061304062604904,1,0
3779,3.4644620418548584,0.12860313057899475,1,0
3780,3.595741033554077,0.0035259320866316557,1,0
3781,3.375061511993408,0.09929324686527252,1,0
3782,3.686927556991577,0.012054678983986378,1,0
3783,3.568171262741089,0.02253989316523075,1,0
3784,3.8953731060028076,0.1283886581659317,1,0
3785,3.4199888706207275,0.0031817727722227573,1,0
3786,3.914111852645874,0.0385151170194149,1,0
3787,3.8704957962036133,0.015416550450026989,1,0
3788,3.598029613494873,0.14185763895511627,1,0
3789,3.7991580963134766,0.14230142533779144,1,0
3790,3.872868299484253,0.2721976339817047,1,0
3791,3.7634122371673584,0.0048736813478171825,1,0
3792,2.97540545463562,0.01245636772364378,1,0
3793,3.245360851287842,0.04558969661593437,1,0
3794,3.226090908050537,0.20252883434295654,1,0
3795,3.4561614990234375,0.5513639450073242,1,0
3796,3.9111626148223877,0.07766123861074448,1,0
3797,4.017481327056885,0.014158794656395912,1,0
3798,3.425034999847412,0.033236097544431686,1,0
3799,3.7842929363250732,0.23123152554035187,1,0
3800,3.616441011428833,0.00013658042007591575,1,0
3801,3.322911262512207,0.25885164737701416,1,0
3802,3.2228646278381348,0.0013412931002676487,1,0
3803,3.683112382888794,0.06551570445299149,1,0
3804,3.886845588684082,0.0022015576250851154,1,0
3805,3.6377971172332764,0.0009855263633653522,1,0
3806,4.0995259284973145,0.0935286432504654,1,0
3807,4.1319966316223145,0.0017204139148816466,1,0
3808,3.8171112537384033,0.01353650726377964,1,0
3809,4.062943935394287,0.04057217389345169,1,0
3810,3.6943607330322266,0.04478554055094719,1,0
3811,2.91336727142334,0.0008601249428465962,1,0
3812,2.5303072929382324,0.06505706161260605,1,0
3813,2.795898199081421,0.03887199983000755,1,0
3814,3.329606533050537,0.03031919337809086,1,0
3815,3.1933860778808594,0.02955777943134308,1,0
3816,3.2477598190307617,0.19339227676391602,1,0
3817,3.067471504211426,0.0001216725431731902,1,0
3818,3.431058168411255,6.936201680218801e-05,1,0
3819,3.5259649753570557,0.004498520866036415,1,0
3820,3.6142163276672363,0.0037920810282230377,1,0
3821,3.4359912872314453,0.012921621091663837,1,0
3822,3.6875100135803223,0.038481034338474274,1,0
3823,3.736480474472046,0.020767981186509132,1,0
3824,3.714268922805786,0.004117302596569061,1,0
3825,4.077113628387451,0.07375291734933853,1,0
3826,3.958035707473755,0.0005160752916708589,1,0
3827,4.012442111968994,0.21635961532592773,1,0
3828,3.5742077827453613,0.018287839367985725,1,0
3829,3.6534664630889893,0.017730966210365295,1,0
3830,3.5250651836395264,0.06338915973901749,1,0
3831,4.03565788269043,0.07616247981786728,1,0
3832,3.5424044132232666,0.06394434720277786,1,0
3833,3.9598348140716553,0.0018467389745637774,1,0
3834,3.446643829345703,0.02380908839404583,1,0
3835,3.548164129257202,0.10049499571323395,1,0
3836,3.9453041553497314,0.008492115885019302,1,0
3837,3.7670371532440186,1.7225742112714215e-06,1,0
3838,3.4920427799224854,0.004614472389221191,1,0
3839,3.6807403564453125,0.0014715478755533695,1,0
3840,3.668652296066284,0.021038660779595375,1,0
3841,3.446829080581665,0.014635855332016945,1,0
3842,4.030337810516357,0.006275966763496399,1,0
3843,3.2478888034820557,0.08680111169815063,1,0
3844,3.5634658336639404,0.021047061309218407,1,0
3845,3.3044495582580566,0.12309160083532333,1,0
3846,3.8032798767089844,0.03742446377873421,1,0
3847,3.435460090637207,0.033755362033843994,1,0
3848,3.4221537113189697,0.01659080572426319,1,0
3849,3.8070356845855713,0.005828581750392914,1,0
3850,3.59244441986084,0.0060923160053789616,1,0
3851,3.83842396736145,0.00014482150436379015,1,0
3852,3.242762327194214,1.2957398212165572e-05,1,0
3853,3.267608404159546,9.632566798245534e-05,1,0
3854,3.7999327182769775,0.013737103901803493,1,0
3855,3.6358954906463623,0.10326723009347916,1,0
3856,3.7687137126922607,0.17915032804012299,1,0
3857,4.321429252624512,0.08186914771795273,1,0
3858,3.4631409645080566,0.13456085324287415,1,0
3859,3.4803950786590576,0.21501503884792328,1,0
3860,3.6951937675476074,0.16129496693611145,1,0
3861,4.1112060546875,2.1547171854763292e-05,1,0
3862,4.0192790031433105,0.011520355939865112,1,0
3863,3.906212568283081,0.16694805026054382,1,0
3864,3.4534499645233154,0.0019561394583433867,1,0
3865,3.776085138320923,0.004444314632564783,1,0
3866,3.814016819000244,0.009986202232539654,1,0
3867,3.3894028663635254,0.0002523247094359249,1,0
3868,3.3180198669433594,0.0021110400557518005,1,0
3869,3.4134697914123535,0.14614218473434448,1,0
3870,3.6546061038970947,0.004455902613699436,1,0
3871,4.300657272338867,0.14071862399578094,1,0
3872,3.4569826126098633,0.018633997067809105,1,0
3873,3.34645938873291,0.039994969964027405,1,0
3874,3.0671639442443848,0.08315538614988327,1,0
3875,3.9019155502319336,0.04779160022735596,1,0
3876,3.7151591777801514,2.8377771741361357e-05,1,0
3877,3.4594736099243164,0.01746213622391224,1,0
3878,3.6730895042419434,0.048639219254255295,1,0
3879,3.5522782802581787,0.025487584993243217,1,0
3880,3.742539644241333,0.09733850508928299,1,0
3881,3.3273468017578125,0.0005603962927125394,1,0
3882,3.8749451637268066,0.12873467803001404,1,0
3883,4.086757659912109,0.027523422613739967,1,0
3884,3.6067614555358887,0.06019880995154381,1,0
3885,3.990064859390259,0.18198807537555695,1,0
3886,3.4411346912384033,0.021852657198905945,1,0
3887,4.013786315917969,0.03318685293197632,1,0
3888,3.505607843399048,0.16142676770687103,1,0
3889,4.016836643218994,0.11070292443037033,1,0
3890,3.5835299491882324,0.2680346965789795,1,0
3891,3.6204721927642822,0.010452496819198132,1,0
3892,3.7523882389068604,0.03357475623488426,1,0
3893,4.01095724105835,0.019971909001469612,1,0
3894,4.140521049499512,0.04910857975482941,1,0
3895,4.0155816078186035,0.46986332535743713,1,0
3896,3.3219072818756104,0.18024669587612152,1,0
3897,3.734745740890503,0.005399155896157026,1,0
3898,4.056127548217773,0.08279956132173538,1,0
3899,3.8309502601623535,0.15670810639858246,1,0
3900,3.9239392280578613,0.29461345076560974,1,0
3901,3.2176146507263184,0.00016301209689117968,1,0
3902,3.2257111072540283,0.005948549602180719,1,0
3903,3.5295190811157227,0.07740326970815659,1,0
3904,3.6434760093688965,0.01107113528996706,1,0
3905,3.681039571762085,1.1408701539039612e-07,1,0
3906,3.7554190158843994,0.20011265575885773,1,0
3907,3.6805083751678467,0.1837957352399826,1,0
3908,3.7783021926879883,0.006770032923668623,1,0
3909,2.912142276763916,0.0048011913895606995,1,0
3910,3.626939535140991,0.17905229330062866,1,0
3911,3.7457504272460938,0.026552308350801468,1,0
3912,3.6672229766845703,0.036103349179029465,1,0
3913,3.279789924621582,0.09368807822465897,1,0
3914,3.622976303100586,0.4073207974433899,1,0
3915,4.44937801361084,0.08520493656396866,1,0
3916,4.192966461181641,1.669812798500061,1,0
3917,4.3098015785217285,0.26439985632896423,1,0
3918,4.608109474182129,0.06752678751945496,1,0
3919,4.002471446990967,0.004163253586739302,1,0
3920,3.9582042694091797,0.18819908797740936,1,0
3921,3.0406858921051025,0.003118940396234393,1,0
3922,3.602795124053955,0.00466442946344614,1,0
3923,3.4658684730529785,0.040366385132074356,1,0
3924,3.6965715885162354,0.043126508593559265,1,0
3925,3.3464531898498535,0.03642679378390312,1,0
3926,3.299405336380005,0.002564024878665805,1,0
3927,2.656522035598755,0.030524546280503273,1,0
3928,3.298675298690796,0.01426002662628889,1,0
3929,3.3267855644226074,0.000225775787839666,1,0
3930,3.3408565521240234,0.011373739689588547,1,0
3931,3.498999834060669,0.0043407017365098,1,0
3932,3.2629377841949463,0.04949428141117096,1,0
3933,2.9003219604492188,0.005145509727299213,1,0
3934,2.8911170959472656,0.07831882685422897,1,0
3935,2.797705888748169,0.006154239177703857,1,0
3936,2.9825804233551025,0.053376294672489166,1,0
3937,2.489126682281494,0.01595315895974636,1,0
3938,2.8700952529907227,0.3045007884502411,1,0
3939,2.8896641731262207,0.6096685528755188,1,0
3940,3.875965118408203,0.0014804460806772113,1,0
3941,3.5220069885253906,0.0002578735293354839,1,0
3942,3.678645372390747,0.015761151909828186,1,0
3943,3.6175382137298584,0.03396846354007721,1,0
3944,3.3068623542785645,0.03170245513319969,1,0
3945,3.954450845718384,0.05631868913769722,1,0
3946,3.7778005599975586,0.06277834624052048,1,0
3947,3.5967352390289307,0.0016514696180820465,1,0
3948,3.799999237060547,0.058114565908908844,1,0
3949,3.4592912197113037,0.018079625442624092,1,0
3950,2.8540096282958984,0.005576447118073702,1,0
3951,3.4498796463012695,0.2805788516998291,1,0
3952,3.7049272060394287,0.014519336633384228,1,0
3953,3.4942760467529297,0.0013682887656614184,1,0
3954,3.708416223526001,0.4770614206790924,1,0
3955,3.2726452350616455,1.9706786247297714e-07,1,0
3956,3.7145445346832275,0.012471451424062252,1,0
3957,3.6508967876434326,0.07155751436948776,1,0
3958,3.7249398231506348,0.010020949877798557,1,0
3959,3.739253044128418,0.01423238217830658,1,0
3960,3.378438711166382,0.002203369280323386,1,0
3961,3.2750277519226074,0.03535182401537895,1,0
3962,3.5598304271698,0.09893473982810974,1,0
3963,3.8455088138580322,0.2609080970287323,1,0
3964,3.7169525623321533,0.18604500591754913,1,0
3965,3.784672737121582,0.08000224083662033,1,0
3966,3.7735633850097656,0.08746200054883957,1,0
3967,3.394660472869873,0.11460261791944504,1,0
3968,3.7787699699401855,0.0002691522240638733,1,0
3969,3.5031044483184814,0.034428905695676804,1,0
3970,3.444268226623535,0.0013412931002676487,1,0
3971,3.584894895553589,0.024176811799407005,1,0
3972,3.596435308456421,0.0015739649534225464,1,0
3973,3.92189884185791,0.024680592119693756,1,0
3974,3.6581273078918457,0.001555641065351665,1,0
3975,3.5832619667053223,0.0035627023316919804,1,0
3976,3.843987464904785,0.14125491678714752,1,0
3977,3.5248806476593018,0.0008932696073316038,1,0
3978,3.6367337703704834,0.008145338855683804,1,0
3979,3.755429267883301,0.061565596610307693,1,0
3980,3.845172166824341,8.950009799946201e-08,1,0
3981,4.02681303024292,0.003440499771386385,1,0
3982,3.6635916233062744,0.04183762148022652,1,0
3983,3.957106113433838,0.0006310277967713773,1,0
3984,3.58855938911438,0.0662836953997612,1,0
3985,4.167964935302734,0.04467124119400978,1,0
3986,3.75553297996521,0.05572480708360672,1,0
3987,3.4088902473449707,0.04318264126777649,1,0
3988,3.769930839538574,0.0008680680184625089,1,0
3989,3.84832501411438,0.10835864394903183,1,0
3990,3.3705737590789795,0.024098847061395645,1,0
3991,3.6516616344451904,0.48181912302970886,1,0
3992,3.9113516807556152,0.023859743028879166,1,0
3993,3.4415295124053955,0.05504799634218216,1,0
3994,3.097219228744507,3.568465035641566e-05,1,0
3995,3.5071511268615723,0.04026562720537186,1,0
3996,3.791116952896118,0.017890669405460358,1,0
3997,3.742328643798828,0.02101626992225647,1,0
3998,3.5139784812927246,0.054393328726291656,1,0
3999,3.9809036254882812,0.14612005650997162,1,0
4000,3.7821390628814697,0.1878475695848465,1,0
4001,3.571209192276001,0.021075071766972542,1,0
4002,3.6327030658721924,0.005104058422148228,1,0
4003,3.964611768722534,0.07044664025306702,1,0
4004,4.038962364196777,0.09586279839277267,1,0
4005,4.485586166381836,0.004889864008873701,1,0
4006,4.430229187011719,0.08288844674825668,1,0
4007,3.8817570209503174,0.23345504701137543,1,0
4008,3.8812081813812256,0.019384393468499184,1,0
4009,4.177438259124756,0.07003740966320038,1,0
4010,3.4959332942962646,0.026880402117967606,1,0
4011,3.9984591007232666,0.0464966855943203,1,0
4012,3.5654754638671875,0.022274089977145195,1,0
4013,3.1745500564575195,0.10294496268033981,1,0
4014,3.5571398735046387,0.00011913115304196253,1,0
4015,3.9011831283569336,7.780231680953875e-05,1,0
4016,3.677788734436035,0.0167253240942955,1,0
4017,3.517948627471924,0.0010551844025030732,1,0
4018,3.556244134902954,0.030511057004332542,1,0
4019,3.803118944168091,0.02122102491557598,1,0
4020,3.802140951156616,0.03551895543932915,1,0
4021,3.8150784969329834,0.0173551794141531,1,0
4022,4.081765651702881,0.006065228953957558,1,0
4023,3.4607596397399902,0.42243748903274536,1,0
4024,3.7764055728912354,0.0009915948612615466,1,0
4025,3.3355729579925537,0.0013790189987048507,1,0
4026,4.036360740661621,0.024626044556498528,1,0
4027,3.850412607192993,0.011176991276443005,1,0
4028,3.9160373210906982,0.045441459864377975,1,0
4029,3.443018674850464,0.009170354343950748,1,0
4030,3.560650587081909,0.0882858857512474,1,0
4031,4.05397367477417,0.009196248836815357,1,0
4032,3.5775978565216064,0.0003654845932032913,1,0
4033,3.8028066158294678,0.09951841086149216,1,0
4034,3.722989082336426,0.0022700026165694,1,0
4035,4.001987934112549,0.5152296423912048,1,0
4036,3.3472108840942383,0.033957794308662415,1,0
4037,3.9255237579345703,0.04042845591902733,1,0
4038,3.7387828826904297,0.011835296638309956,1,0
4039,3.330437183380127,0.12374254316091537,1,0
4040,3.397522449493408,3.165463203913532e-05,1,0
4041,3.387547731399536,0.25571882724761963,1,0
4042,3.6225411891937256,0.0939718708395958,1,0
4043,3.4682068824768066,0.015052069909870625,1,0
4044,4.019265651702881,0.002658706856891513,1,0
4045,3.7650973796844482,0.007713977247476578,1,0
4046,3.7811238765716553,0.0029656521510332823,1,0
4047,3.167555332183838,0.08506977558135986,1,0
4048,3.4001200199127197,1.2316741049289703e-06,1,0
4049,3.5358715057373047,0.15443189442157745,1,0
4050,3.6001811027526855,0.13097421824932098,1,0
4051,3.488511323928833,0.13847589492797852,1,0
4052,3.9296696186065674,0.09921419620513916,1,0
4053,3.2892537117004395,0.01904195360839367,1,0
4054,3.89376163482666,0.02890440635383129,1,0
4055,3.3324100971221924,3.079185262322426e-05,1,0
4056,3.4844319820404053,0.11102425307035446,1,0
4057,3.2793571949005127,0.0563095286488533,1,0
4058,3.7496519088745117,0.0022967492695897818,1,0
4059,3.0186731815338135,0.004875028971582651,1,0
4060,3.920201539993286,0.23128722608089447,1,0
4061,3.295889377593994,0.0020599185954779387,1,0
4062,3.438066005706787,0.017908746376633644,1,0
4063,3.7605788707733154,0.005334115121513605,1,0
4064,3.1533594131469727,0.027274226769804955,1,0
4065,3.9516289234161377,0.0019018873572349548,1,0
4066,3.744863510131836,0.00626679603010416,1,0
4067,3.884549617767334,0.008460130542516708,1,0
4068,4.005218982696533,0.003888965118676424,1,0
4069,3.296510934829712,0.0010135957272723317,1,0
4070,4.223258972167969,0.11987604200839996,1,0
4071,3.8500351905822754,0.143856480717659,1,0
4072,3.8825430870056152,0.07567322254180908,1,0
4073,3.604642868041992,0.0010627213632687926,1,0
4074,4.25583028793335,0.09240461885929108,1,0
4075,3.3059632778167725,0.04811282083392143,1,0
4076,3.5126583576202393,0.02633887343108654,1,0
4077,3.461285352706909,0.016675440594553947,1,0
4078,3.489295721054077,0.010295229963958263,1,0
4079,3.901792049407959,0.1433371901512146,1,0
4080,3.4212374687194824,0.19403789937496185,1,0
4081,3.704453945159912,0.001055811415426433,1,0
4082,3.6600146293640137,0.031049463897943497,1,0
4083,3.8728623390197754,0.03404320776462555,1,0
4084,3.4784317016601562,0.12894251942634583,1,0
4085,3.7374155521392822,0.22279898822307587,1,0
4086,3.729754686355591,0.15276019275188446,1,0
4087,3.474518060684204,0.003123253583908081,1,0
4088,3.5450782775878906,0.012008103542029858,1,0
4089,3.1623141765594482,0.0732453465461731,1,0
4090,3.667335033416748,0.09145074337720871,1,0
4091,4.121063232421875,0.0055577256716787815,1,0
4092,4.253918647766113,0.02596743404865265,1,0
4093,3.619832992553711,0.05367548018693924,1,0
4094,3.50830078125,0.6731497645378113,1,0
4095,3.9245755672454834,0.014253114350140095,1,0
4096,3.453481435775757,0.2847244441509247,1,0
4097,3.6412851810455322,0.07938110083341599,1,0
4098,3.797305107116699,0.05016208440065384,1,0
4099,3.700336217880249,0.009479738771915436,1,0
4100,3.850630760192871,0.0022434131242334843,1,0
4101,3.616042375564575,0.002021554857492447,1,0
4102,3.225095510482788,0.028753656893968582,1,0
4103,3.900341272354126,0.09702562540769577,1,0
4104,3.605593681335449,0.17684583365917206,1,0
4105,3.2992749214172363,0.03085930086672306,1,0
4106,3.4556212425231934,0.09388905018568039,1,0
4107,3.6269876956939697,0.25946083664894104,1,0
4108,3.969803810119629,0.12355928868055344,1,0
4109,2.936857223510742,0.11683493852615356,1,0
4110,3.452995538711548,0.1573888510465622,1,0
4111,3.63303279876709,0.06742651015520096,1,0
4112,3.873859405517578,0.07441484183073044,1,0
4113,3.373717784881592,0.0010099121136590838,1,0
4114,3.84769344329834,0.09401920437812805,1,0
4115,3.857375383377075,0.0026150979101657867,1,0
4116,3.6145904064178467,0.0036975927650928497,1,0
4117,3.3639376163482666,0.005426135845482349,1,0
4118,3.533006191253662,0.3309650123119354,1,0
4119,3.539592981338501,0.15177355706691742,1,0
4120,3.343970537185669,0.26587069034576416,1,0
4121,3.6068480014801025,0.021302642300724983,1,0
4122,3.514761209487915,0.059081703424453735,1,0
4123,3.2291579246520996,0.02303226664662361,1,0
4124,3.634080410003662,0.02663414180278778,1,0
4125,3.6353578567504883,0.002984602004289627,1,0
4126,4.1090006828308105,0.041471272706985474,1,0
4127,3.8699450492858887,0.00011105686280643567,1,0
4128,3.70571231842041,0.1926375925540924,1,0
4129,3.8185582160949707,0.17398421466350555,1,0
4130,3.3015716075897217,0.0005324260564520955,1,0
4131,3.589355945587158,0.09020014852285385,1,0
4132,2.9559450149536133,0.006623146124184132,1,0
4133,3.586836338043213,0.014489118941128254,1,0
4134,3.581005334854126,0.30276724696159363,1,0
4135,3.546635866165161,0.030413368716835976,1,0
4136,3.1783556938171387,0.09659924358129501,1,0
4137,3.4158236980438232,0.08978325873613358,1,0
4138,3.254157304763794,0.06139330938458443,1,0
4139,3.65791916847229,0.043050386011600494,1,0
4140,3.7572267055511475,0.038655396550893784,1,0
4141,2.7738051414489746,0.038065679371356964,1,0
4142,2.885014057159424,0.19207043945789337,1,0
4143,3.166905641555786,0.0008055457146838307,1,0
4144,3.8124821186065674,0.02071794494986534,1,0
4145,3.5803256034851074,0.04866475984454155,1,0
4146,3.7950692176818848,0.32054418325424194,1,0
4147,2.484006881713867,1.869201696536038e-05,1,0
4148,2.3820550441741943,0.012246155180037022,1,0
4149,2.979707717895508,0.03137682005763054,1,0
4150,3.320683240890503,0.04203524813055992,1,0
4151,3.1683881282806396,0.010098383761942387,1,0
4152,3.665181875228882,0.04269072040915489,1,0
4153,3.3230350017547607,0.13164566457271576,1,0
4154,3.016296863555908,0.09164346009492874,1,0
4155,3.6869966983795166,0.531679093837738,1,0
4156,3.6778929233551025,0.011283350177109241,1,0
4157,3.056865930557251,0.05330051854252815,1,0
4158,3.9520347118377686,0.06657719612121582,1,0
4159,4.005738735198975,0.05161191150546074,1,0
4160,3.6666743755340576,0.0005182699533179402,1,0
4161,3.930637836456299,0.010656733997166157,1,0
4162,3.7360687255859375,0.22052721679210663,1,0
4163,3.944918632507324,0.009023086167871952,1,0
4164,3.8412535190582275,0.001192286959849298,1,0
4165,3.781032085418701,0.003012080444023013,1,0
4166,3.2688651084899902,0.0357886403799057,1,0
4167,3.318115711212158,0.05008862167596817,1,0
4168,3.661992073059082,0.18342357873916626,1,0
4169,4.181229591369629,0.004884466994553804,1,0
4170,3.9882256984710693,0.039127375930547714,1,0
4171,3.093437671661377,0.034364473074674606,1,0
4172,3.6700031757354736,0.31146305799484253,1,0
4173,3.9337127208709717,0.000920587801374495,1,0
4174,3.818250894546509,0.09589865058660507,1,0
4175,3.6991689205169678,0.5637001395225525,1,0
4176,4.409839153289795,0.12252344191074371,1,0
4177,3.844640016555786,0.0001487970439484343,1,0
4178,3.633634328842163,0.18367163836956024,1,0
4179,3.4773049354553223,0.17023687064647675,1,0
4180,3.663808822631836,0.012972131371498108,1,0
4181,3.728154182434082,0.0027998618315905333,1,0
4182,3.625230550765991,0.0058610448613762856,1,0
4183,3.479146718978882,0.04406953603029251,1,0
4184,3.436488389968872,0.11586057394742966,1,0
4185,3.7536442279815674,0.2695557177066803,1,0
4186,3.7070343494415283,0.01281215250492096,1,0
4187,3.1044890880584717,0.016770286485552788,1,0
4188,3.249162197113037,0.024632101878523827,1,0
4189,4.0442962646484375,0.0001595803623786196,1,0
4190,3.8444607257843018,0.02499084733426571,1,0
4191,4.064162254333496,0.016183137893676758,1,0
4192,3.7374234199523926,0.07377912849187851,1,0
4193,3.8765709400177,0.28874480724334717,1,0
4194,4.373417854309082,0.044211458414793015,1,0
4195,3.9131269454956055,0.09486740827560425,1,0
4196,3.601396322250366,8.10706042102538e-05,1,0
4197,3.412214517593384,0.20511679351329803,1,0
4198,3.4426991939544678,0.2733972668647766,1,0
4199,3.83571457862854,0.17502431571483612,1,0
4200,3.531898021697998,0.13596636056900024,1,0
4201,4.046614170074463,0.00012209871783852577,1,0
4202,3.6666393280029297,0.0011376128531992435,1,0
4203,3.6174943447113037,8.369833085453138e-05,1,0
4204,3.912842035293579,0.1531527042388916,1,0
4205,3.597221612930298,0.04778316244482994,1,0
4206,3.786090135574341,0.0006744154961779714,1,0
4207,3.6409592628479004,0.011843697167932987,1,0
4208,3.970271348953247,0.01620524376630783,1,0
4209,3.4014039039611816,0.01850774697959423,1,0
4210,3.7225852012634277,0.02291817031800747,1,0
4211,3.8930952548980713,0.00043733874917961657,1,0
4212,4.026419639587402,0.5193107724189758,1,0
4213,3.458125352859497,0.05562916398048401,1,0
4214,3.6463799476623535,0.00028881439357064664,1,0
4215,3.430635929107666,0.0035684648901224136,1,0
4216,3.7357358932495117,0.039863839745521545,1,0
4217,4.234226226806641,0.026899391785264015,1,0
4218,3.941624879837036,0.03585439547896385,1,0
4219,3.5236361026763916,0.0017891348106786609,1,0
4220,4.0242600440979,0.17086657881736755,1,0
4221,4.02315092086792,0.010094504803419113,1,0
4222,4.165396213531494,0.00828529056161642,1,0
4223,3.1822972297668457,0.0006784313591197133,1,0
4224,3.132434368133545,0.007360437419265509,1,0
4225,3.4571104049682617,0.034881629049777985,1,0
4226,3.1824817657470703,0.04066164046525955,1,0
4227,3.3403398990631104,0.01697838306427002,1,0
4228,2.9503653049468994,0.007853609509766102,1,0
4229,3.194634437561035,0.24201856553554535,1,0
4230,3.4604668617248535,0.031788427382707596,1,0
4231,3.095588207244873,0.104904904961586,1,0
4232,3.4772229194641113,0.03147604689002037,1,0
4233,3.2084646224975586,0.21842943131923676,1,0
4234,3.346506357192993,0.02664359286427498,1,0
4235,3.3277900218963623,0.131596639752388,1,0
4236,3.521125078201294,0.09287457913160324,1,0
4237,3.856165885925293,0.22334595024585724,1,0
4238,3.8112876415252686,0.007609233260154724,1,0
4239,3.6430745124816895,0.005389233119785786,1,0
4240,3.918665647506714,0.3691023290157318,1,0
4241,3.9154441356658936,0.07899004220962524,1,0
4242,3.8140785694122314,0.005386399570852518,1,0
4243,4.361029624938965,0.012237613089382648,1,0
4244,3.9604437351226807,0.00036474698572419584,1,0
4245,4.282153606414795,0.025106925517320633,1,0
4246,4.06840181350708,0.0037754594814032316,1,0
4247,4.375948905944824,0.0032982230186462402,1,0
4248,4.109903335571289,2.1547171854763292e-05,1,0
4249,3.963975429534912,0.0317196398973465,1,0
4250,4.291241645812988,0.03555169701576233,1,0
4251,3.5956027507781982,0.07642904669046402,1,0
4252,4.232372283935547,0.13170169293880463,1,0
4253,3.3104419708251953,0.06788838654756546,1,0
4254,4.044713020324707,0.13250140845775604,1,0
4255,3.5057437419891357,0.001901045790873468,1,0
4256,3.46553635597229,0.09274522215127945,1,0
4257,3.927525281906128,0.06683142483234406,1,0
4258,3.80747389793396,0.12155923992395401,1,0
4259,4.088773250579834,0.11575549095869064,1,0
4260,3.702711582183838,0.011205576360225677,1,0
4261,3.669250726699829,0.16628625988960266,1,0
4262,3.6485166549682617,0.08275514096021652,1,0
4263,3.5251846313476562,0.39007696509361267,1,0
4264,2.9923205375671387,9.880401421469287e-07,1,0
4265,3.1337685585021973,0.3942953944206238,1,0
4266,3.060246229171753,1.2749806046485901e-05,1,0
4267,2.976613759994507,0.00022346164041664451,1,0
4268,3.4832918643951416,0.009423445910215378,1,0
4269,3.9856979846954346,0.04734538495540619,1,0
4270,3.5570788383483887,0.055907201021909714,1,0
4271,3.834554433822632,0.17281079292297363,1,0
4272,3.6723387241363525,0.07770427316427231,1,0
4273,3.6113786697387695,0.03420364856719971,1,0
4274,3.306516408920288,0.02632947638630867,1,0
4275,3.4485249519348145,0.0013271928764879704,1,0
4276,3.2029266357421875,0.0049888864159584045,1,0
4277,3.2397348880767822,0.016048377379775047,1,0
4278,3.3574719429016113,0.2915935516357422,1,0
4279,3.2922356128692627,0.004080232232809067,1,0
4280,3.3159968852996826,0.03895195201039314,1,0
4281,3.247225761413574,0.0034711346961557865,1,0
4282,3.5722713470458984,0.12283442169427872,1,0
4283,3.3075735569000244,0.050677817314863205,1,0
4284,3.245473861694336,6.697177741443738e-05,1,0
4285,3.2655153274536133,0.04224127158522606,1,0
4286,2.9224798679351807,0.005119237583130598,1,0
4287,3.1676483154296875,0.04332313686609268,1,0
4288,2.976914882659912,0.01829305849969387,1,0
4289,2.913334608078003,0.09546878933906555,1,0
4290,3.5059876441955566,0.003784953150898218,1,0
4291,4.069449424743652,0.00271976157091558,1,0
4292,3.189478635787964,0.00585513561964035,1,0
4293,3.336144208908081,0.029127974063158035,1,0
4294,3.0268681049346924,0.012165125459432602,1,0
4295,3.2320854663848877,0.14939182996749878,1,0
4296,3.3801772594451904,0.013022742234170437,1,0
4297,3.1407783031463623,0.21326445043087006,1,0
4298,3.3818562030792236,0.015059174969792366,1,0
4299,3.0524141788482666,0.0032156126108020544,1,0
4300,3.1717581748962402,0.0029761723708361387,1,0
4301,2.9219167232513428,0.001999054802581668,1,0
4302,3.178016185760498,0.008015216328203678,1,0
4303,2.9160990715026855,0.1508575975894928,1,0
4304,3.292515993118286,0.015950722619891167,1,0
4305,3.456192970275879,0.002892532153055072,1,0
4306,3.4485273361206055,1.5276018530130386e-05,1,0
4307,3.202845811843872,0.310139536857605,1,0
4308,3.196260690689087,4.3191110307816416e-05,1,0
4309,3.2837870121002197,0.05411459133028984,1,0
4310,3.3107635974884033,0.0864943191409111,1,0
4311,3.5364465713500977,0.07167115062475204,1,0
4312,3.5612316131591797,0.02498779445886612,1,0
4313,3.4449031352996826,0.02740187756717205,1,0
4314,4.048568248748779,0.017508074641227722,1,0
4315,4.355968475341797,0.06206465885043144,1,0
4316,3.961061477661133,0.03265804424881935,1,0
4317,3.692617893218994,1.481596827507019,1,0
4318,3.4302408695220947,0.01663060672581196,1,0
4319,3.4463837146759033,0.06425709277391434,1,0
4320,4.010920524597168,0.13662192225456238,1,0
4321,3.616971969604492,0.0011493609054014087,1,0
4322,3.614245891571045,0.06901448220014572,1,0
4323,3.4917850494384766,0.00624847412109375,1,0
4324,3.9265217781066895,0.20460139214992523,1,0
4325,3.9582009315490723,0.03625018894672394,1,0
4326,3.602146625518799,0.052855849266052246,1,0
4327,3.397150754928589,0.03164062649011612,1,0
4328,3.3620212078094482,0.3972824513912201,1,0
4329,3.6364657878875732,0.000563141074962914,1,0
4330,3.5947425365448,0.00969518069177866,1,0
4331,3.689940929412842,0.09238114953041077,1,0
4332,3.5858163833618164,0.0029206275939941406,1,0
4333,3.288050413131714,0.06950210779905319,1,0
4334,3.3038525581359863,0.24812403321266174,1,0
4335,3.189183473587036,0.01194473635405302,1,0
4336,3.0536065101623535,0.07692074030637741,1,0
4337,3.15053391456604,0.026747658848762512,1,0
4338,2.859360694885254,0.011636659502983093,1,0
4339,3.0545074939727783,0.007565521635115147,1,0
4340,2.6364238262176514,0.025493746623396873,1,0
4341,3.252462387084961,0.10477366298437119,1,0
4342,2.8281407356262207,0.0723859891295433,1,0
4343,3.072873592376709,0.017334843054413795,1,0
4344,2.8887901306152344,0.029584331437945366,1,0
4345,2.365216016769409,0.053988952189683914,1,0
4346,2.6579556465148926,0.03257090225815773,1,0
4347,2.5158777236938477,0.10780660063028336,1,0
4348,2.829949378967285,0.06645772606134415,1,0
4349,2.7536890506744385,0.0494084432721138,1,0
4350,3.3329381942749023,0.00021150792599655688,1,0
4351,3.000896453857422,0.025908375158905983,1,0
4352,2.793623208999634,0.022213639691472054,1,0
4353,2.794283390045166,0.01842643693089485,1,0
4354,3.9877095222473145,0.012495172210037708,1,0
4355,4.002788066864014,0.01161376852542162,1,0
4356,3.550323963165283,0.08934426307678223,1,0
4357,4.291651725769043,0.002258063992485404,1,0
4358,3.9494690895080566,0.007805789355188608,1,0
4359,3.7208735942840576,0.7949171662330627,1,0
4360,3.956822633743286,0.09399553388357162,1,0
4361,4.0897016525268555,0.0055433460511267185,1,0
4362,4.391064643859863,1.0192087888717651,1,0
4363,4.127519130706787,0.014266942627727985,1,0
4364,4.1045918464660645,0.2268991321325302,1,0
4365,3.540465831756592,0.09242221713066101,1,0
4366,4.313628196716309,0.09033931791782379,1,0
4367,4.411988258361816,0.022592080757021904,1,0
4368,2.9079339504241943,0.0409892238676548,1,0
4369,2.8790929317474365,0.010915311984717846,1,0
4370,4.159979820251465,0.008216914720833302,1,0
4371,3.520991086959839,0.4041979908943176,1,0
4372,3.236781358718872,0.03456512838602066,1,0
4373,3.385112762451172,0.04424393177032471,1,0
4374,3.4736621379852295,0.09811081737279892,1,0
4375,3.4907846450805664,0.19625471532344818,1,0
4376,3.0016472339630127,0.0710730105638504,1,0
4377,3.5192995071411133,0.03363136574625969,1,0
4378,3.4323275089263916,0.0012359999818727374,1,0
4379,3.5467238426208496,0.1748305708169937,1,0
4380,3.6199395656585693,0.025604812428355217,1,0
4381,3.3000292778015137,0.12926845252513885,1,0
4382,2.7836315631866455,0.19900040328502655,1,0
4383,3.292585611343384,0.08672720193862915,1,0
4384,3.314208745956421,0.33633869886398315,1,0
4385,3.3799657821655273,0.007997945882380009,1,0
4386,3.0783777236938477,0.022015592083334923,1,0
4387,2.9678761959075928,0.006629430688917637,1,0
4388,3.1217386722564697,0.047211091965436935,1,0
4389,3.0160574913024902,0.04554849490523338,1,0
4390,3.462322473526001,0.04383484274148941,1,0
4391,3.056367874145508,0.011514142155647278,1,0
4392,3.1798343658447266,0.0015970207750797272,1,0
4393,3.349622964859009,0.019111264497041702,1,0
4394,3.3340578079223633,0.007295999675989151,1,0
4395,2.9701449871063232,6.093172550201416,1,0
4396,2.87117338180542,0.292626291513443,1,0
4397,3.0643270015716553,0.021187299862504005,1,0
4398,2.9129080772399902,0.006953895092010498,1,0
4399,3.197321653366089,0.0063311331905424595,1,0
4400,3.210177183151245,0.09508154541254044,1,0
4401,3.506542205810547,0.021764298900961876,1,0
4402,3.0896997451782227,0.48242220282554626,1,0
4403,3.6900322437286377,1.6194675481528975e-05,1,0
4404,3.4199657440185547,0.07418861240148544,1,0
4405,3.824922800064087,0.0022967492695897818,1,0
4406,3.524507999420166,0.0011949542677029967,1,0
4407,3.93642258644104,0.003212329698726535,1,0
4408,4.342574119567871,0.15456846356391907,1,0
4409,3.4103145599365234,0.7251390814781189,1,0
4410,3.3885421752929688,0.29939940571784973,1,0
4411,3.296440839767456,0.5259525179862976,1,0
4412,3.4515132904052734,0.05622253939509392,1,0
4413,4.034260272979736,1.9280705600976944e-05,1,0
4414,3.58589243888855,5.012750534660881e-06,1,0
4415,3.938222885131836,0.006521439645439386,1,0
4416,3.5090880393981934,0.04115350916981697,1,0
4417,4.027543067932129,0.2661992311477661,1,0
4418,3.975985050201416,0.022754833102226257,1,0
4419,3.865997791290283,0.2238205224275589,1,0
4420,3.591996669769287,0.017859702929854393,1,0
4421,3.1504225730895996,0.04450821503996849,1,0
4422,3.710294723510742,0.04543323069810867,1,0
4423,3.688796281814575,0.04715239629149437,1,0
4424,3.7270843982696533,0.052771568298339844,1,0
4425,3.789428472518921,0.07121715694665909,1,0
4426,3.598553419113159,0.1754121035337448,1,0
4427,3.520819902420044,0.006526116281747818,1,0
4428,4.030545711517334,0.10683286190032959,1,0
4429,3.6965394020080566,0.08437315374612808,1,0
4430,3.5500314235687256,0.3364170491695404,1,0
4431,3.769571542739868,0.0036182149779051542,1,0
4432,3.7902915477752686,0.005627007223665714,1,0
4433,3.841174364089966,0.03267199918627739,1,0
4434,3.786165714263916,0.03166809678077698,1,0
4435,3.3916943073272705,0.015775693580508232,1,0
4436,3.8389413356781006,4.0445571357849985e-05,1,0
4437,3.5180585384368896,0.0005751126445829868,1,0
4438,3.1855084896087646,0.027889668941497803,1,0
4439,3.696154832839966,0.03536996990442276,1,0
4440,3.542249917984009,0.10010989755392075,1,0
4441,3.8654587268829346,0.2676151692867279,1,0
4442,3.7417542934417725,0.04837566241621971,1,0
4443,2.7926948070526123,0.3110431134700775,1,0
4444,3.1861584186553955,0.07843770831823349,1,0
4445,3.709585428237915,0.06043107435107231,1,0
4446,3.411560297012329,0.004719957709312439,1,0
4447,3.6518681049346924,0.10450519621372223,1,0
4448,3.70478892326355,0.15150298178195953,1,0
4449,3.989410638809204,0.10419344902038574,1,0
4450,3.549386739730835,0.10293876379728317,1,0
4451,3.413999080657959,0.12665177881717682,1,0
4452,3.547858953475952,0.04428048059344292,1,0
4453,3.729325532913208,0.0033471756614744663,1,0
4454,3.1828815937042236,0.16142676770687103,1,0
4455,3.565136432647705,0.0011572265066206455,1,0
4456,3.4649155139923096,0.0076142847537994385,1,0
4457,4.01084041595459,0.0029898767825216055,1,0
4458,3.70440673828125,0.09949405491352081,1,0
4459,4.2460761070251465,0.0016861617332324386,1,0
4460,4.1019439697265625,0.017556631937623024,1,0
4461,3.8194026947021484,0.04119659215211868,1,0
4462,4.038661956787109,0.01221627090126276,1,0
4463,3.1515698432922363,0.045063719153404236,1,0
4464,3.4779741764068604,0.0163628738373518,1,0
4465,3.4743926525115967,0.022661760449409485,1,0
4466,3.58329439163208,0.011770293116569519,1,0
4467,3.4243345260620117,0.0029698580037802458,1,0
4468,3.679790496826172,0.05877247452735901,1,0
4469,4.127121925354004,0.018962135538458824,1,0
4470,3.9657857418060303,0.009468466974794865,1,0
4471,3.523860454559326,0.05241304263472557,1,0
4472,3.6903791427612305,2.151727812815807e-06,1,0
4473,3.765573024749756,0.08221190422773361,1,0
4474,3.972313404083252,0.004590902477502823,1,0
4475,3.703709125518799,0.04418305680155754,1,0
4476,3.5460691452026367,0.0005508423200808465,1,0
4477,3.977712869644165,0.011014345102012157,1,0
4478,3.6328201293945312,0.012873398140072823,1,0
4479,4.042839050292969,2.414081336610252e-06,1,0
4480,3.5168204307556152,0.2472883015871048,1,0
4481,3.9903476238250732,0.028740568086504936,1,0
4482,4.374026775360107,0.0011181668378412724,1,0
4483,4.460047721862793,0.010422918945550919,1,0
4484,4.44413423538208,0.019920116290450096,1,0
4485,4.1650214195251465,0.09329857677221298,1,0
4486,4.34317684173584,0.0016016521258279681,1,0
4487,4.6968560218811035,0.041455551981925964,1,0
4488,3.7589669227600098,0.0001026783138513565,1,0
4489,4.275336265563965,0.019991008564829826,1,0
4490,4.58579158782959,0.07052862644195557,1,0
4491,3.0008513927459717,0.4924341142177582,1,0
4492,3.4677700996398926,0.001208335510455072,1,0
4493,3.391770124435425,0.0076463185250759125,1,0
4494,3.925568103790283,0.006301987450569868,1,0
4495,3.9020650386810303,0.00917220301926136,1,0
4496,3.8780086040496826,0.04989011585712433,1,0
4497,3.999786615371704,0.001645200769416988,1,0
4498,4.230739593505859,0.3283829092979431,1,0
4499,4.273111343383789,7.560486119473353e-05,1,0
4500,3.7683136463165283,0.16195452213287354,1,0
4501,3.3223581314086914,0.1134815365076065,1,0
4502,3.55511736869812,0.03547167778015137,1,0
4503,3.8810031414031982,0.008477892726659775,1,0
4504,3.847848892211914,0.19055086374282837,1,0
4505,3.3500804901123047,0.005209393799304962,1,0
4506,2.8845632076263428,0.013621973805129528,1,0
4507,3.0477383136749268,0.017882926389575005,1,0
4508,2.7092058658599854,0.049847014248371124,1,0
4509,2.9074411392211914,0.0018809024477377534,1,0
4510,3.1317920684814453,0.026082640513777733,1,0
4511,3.5848207473754883,0.012447752058506012,1,0
4512,3.9699723720550537,0.16197006404399872,1,0
4513,3.945089340209961,0.033025309443473816,1,0
4514,4.0887064933776855,0.0049290829338133335,1,0
4515,3.584143877029419,0.08345063775777817,1,0
4516,3.3944833278656006,0.15387111902236938,1,0
4517,3.019130229949951,0.6032654643058777,1,0
4518,3.5951642990112305,0.041349515318870544,1,0
4519,3.9239768981933594,0.01723841205239296,1,0
4520,3.2095818519592285,0.022985422983765602,1,0
4521,4.2729363441467285,0.029640793800354004,1,0
4522,3.728287935256958,0.03669620677828789,1,0
4523,4.216638565063477,0.2328120321035385,1,0
4524,4.340585708618164,0.006477870047092438,1,0
4525,3.994312047958374,0.06477184593677521,1,0
4526,4.246117115020752,0.03125385940074921,1,0
4527,4.025268077850342,0.0005364418029785156,1,0
4528,3.7063283920288086,0.0142438979819417,1,0
4529,4.3443098068237305,0.1489892601966858,1,0
4530,3.607534170150757,0.01586308889091015,1,0
4531,4.074760437011719,0.0007213176577351987,1,0
4532,3.910982370376587,0.020253846421837807,1,0
4533,3.5793986320495605,0.12002978473901749,1,0
4534,4.3260297775268555,0.1721855252981186,1,0
4535,4.303981781005859,0.012075879611074924,1,0
4536,4.284948348999023,0.1874963939189911,1,0
4537,4.380683422088623,0.328482449054718,1,0
4538,3.5941033363342285,0.06934445351362228,1,0
4539,3.9901092052459717,0.21525676548480988,1,0
4540,3.812826156616211,0.021178871393203735,1,0
4541,3.807189702987671,0.012781585566699505,1,0
4542,3.631457805633545,0.09712184220552444,1,0
4543,3.283590078353882,5.231145678408211e-06,1,0
4544,3.811755657196045,0.14284072816371918,1,0
4545,3.68738055229187,0.1828123778104782,1,0
4546,3.924302101135254,0.012361764907836914,1,0
4547,3.4091389179229736,0.030950913205742836,1,0
4548,3.534064292907715,0.07724761962890625,1,0
4549,3.7771458625793457,0.03940657898783684,1,0
4550,3.930201768875122,0.00013861805200576782,1,0
4551,4.1753950119018555,0.0028305843006819487,1,0
4552,3.9272568225860596,0.006301987450569868,1,0
4553,4.023906230926514,0.0061784894205629826,1,0
4554,4.492996692657471,0.0029289782978594303,1,0
4555,4.316032886505127,0.008735734038054943,1,0
4556,4.2433390617370605,0.011791243217885494,1,0
4557,3.816776752471924,0.11079283803701401,1,0
4558,4.113742351531982,0.07279681414365768,1,0
4559,4.204516410827637,0.0034269278403371572,1,0
4560,4.066335201263428,0.1218218207359314,1,0
4561,4.270583629608154,0.03228936344385147,1,0
4562,4.254117965698242,0.033893804997205734,1,0
4563,4.063943862915039,0.00011004218686139211,1,0
4564,3.8178412914276123,0.013104364275932312,1,0
4565,4.064603805541992,0.0036054556258022785,1,0
4566,3.523582696914673,0.011718002147972584,1,0
4567,4.258826732635498,0.1982950121164322,1,0
4568,4.325547695159912,0.07132021337747574,1,0
4569,4.147914409637451,0.19351962208747864,1,0
4570,3.5068771839141846,0.27260059118270874,1,0
4571,2.959660530090332,0.018821531906723976,1,0
4572,3.3243682384490967,0.00015378231182694435,1,0
4573,3.2834784984588623,0.0066545987501740456,1,0
4574,3.1110243797302246,0.016580862924456596,1,0
4575,3.2012009620666504,0.02517731487751007,1,0
4576,3.4007747173309326,0.022061437368392944,1,0
4577,3.063863515853882,0.0009352863999083638,1,0
4578,3.321850538253784,0.03341226652264595,1,0
4579,3.248760223388672,0.022314436733722687,1,0
4580,3.4053149223327637,0.04770725220441818,1,0
4581,3.690138339996338,0.12874852120876312,1,0
4582,3.592372417449951,0.0005970731726847589,1,0
4583,3.1267244815826416,0.018813589587807655,1,0
4584,3.8810465335845947,0.010810705833137035,1,0
4585,3.899772882461548,0.010369784198701382,1,0
4586,3.8783175945281982,0.030154738575220108,1,0
4587,3.6820623874664307,0.06654731929302216,1,0
4588,3.4433693885803223,0.05757608637213707,1,0
4589,3.683741807937622,0.04080967232584953,1,0
4590,2.8227806091308594,1.4328563213348389,1,0
4591,3.519528865814209,0.06925299018621445,1,0
4592,3.340902328491211,0.09458227455615997,1,0
4593,3.7807650566101074,0.2952738106250763,1,0
4594,3.663679599761963,0.1129879280924797,1,0
4595,3.603904962539673,0.0012137088924646378,1,0
4596,3.3592076301574707,0.015736930072307587,1,0
4597,3.0721514225006104,0.0008253873675130308,1,0
4598,3.787715196609497,0.17177730798721313,1,0
4599,3.4793448448181152,0.025358332321047783,1,0
4600,3.8112199306488037,0.1088293120265007,1,0
4601,3.9272778034210205,0.8551804423332214,1,0
4602,3.425525426864624,0.010660719126462936,1,0
4603,3.6854023933410645,0.08362357318401337,1,0
4604,4.01027250289917,0.05909108743071556,1,0
4605,3.9430203437805176,0.029319344088435173,1,0
4606,3.9213671684265137,0.030615661293268204,1,0
4607,4.1973748207092285,0.12603433430194855,1,0
4608,4.087120056152344,0.03147947043180466,1,0
4609,3.8306009769439697,0.059867776930332184,1,0
4610,3.7915098667144775,0.06292351335287094,1,0
4611,4.125051975250244,0.06632842123508453,1,0
4612,4.00167179107666,0.31939780712127686,1,0
4613,4.123586654663086,0.04284239560365677,1,0
4614,3.912907123565674,0.004129696637392044,1,0
4615,3.677471876144409,0.08030277490615845,1,0
4616,3.412935256958008,0.029797179624438286,1,0
4617,3.652853488922119,0.030121231451630592,1,0
4618,3.5260703563690186,0.00029243380413390696,1,0
4619,3.4301908016204834,0.23063790798187256,1,0
4620,3.8494415283203125,0.1584780514240265,1,0
4621,3.5846216678619385,0.0029279335867613554,1,0
4622,4.049389362335205,0.04683023318648338,1,0
4623,3.592845916748047,0.05592089518904686,1,0
4624,3.9651834964752197,6.27749614068307e-05,1,0
4625,3.356971263885498,0.0020827576518058777,1,0
4626,2.9410533905029297,0.0076834941282868385,1,0
4627,1.8975785970687866,0.04743782803416252,1,0
4628,3.028231143951416,0.015142187476158142,1,0
4629,3.266857624053955,0.0829106792807579,1,0
4630,3.4867897033691406,0.021844100207090378,1,0
4631,3.4912116527557373,0.016466734930872917,1,0
4632,3.357666492462158,0.1922227293252945,1,0
4633,3.266861915588379,0.16585364937782288,1,0
4634,3.564537763595581,0.07122231274843216,1,0
4635,3.8748512268066406,0.0007794657140038908,1,0
4636,3.751072645187378,0.011860507540404797,1,0
4637,3.7078909873962402,0.0037376047112047672,1,0
4638,3.5944714546203613,0.013426695950329304,1,0
4639,3.619508981704712,0.07356957346200943,1,0
4640,3.516223907470703,0.03543533757328987,1,0
4641,4.2200927734375,0.0014158153207972646,1,0
4642,4.011260032653809,0.010818734765052795,1,0
4643,4.280108451843262,0.001038324204273522,1,0
4644,4.057681083679199,8.316943421959877e-05,1,0
4645,4.052523136138916,0.05725235491991043,1,0
4646,3.9810469150543213,0.0002182983880629763,1,0
4647,4.284195423126221,0.08634679764509201,1,0
4648,4.349947929382324,0.023052776232361794,1,0
4649,3.9375436305999756,0.06290414184331894,1,0
4650,3.6164069175720215,0.07402048259973526,1,0
4651,3.0768229961395264,0.14304505288600922,1,0
4652,3.4818596839904785,0.09349322319030762,1,0
4653,3.301778793334961,0.005647295154631138,1,0
4654,3.685122489929199,0.001974107464775443,1,0
4655,3.3224425315856934,0.08459755033254623,1,0
4656,3.40716552734375,0.11266376823186874,1,0
4657,3.4924187660217285,0.027111902832984924,1,0
4658,3.3824079036712646,0.13767264783382416,1,0
4659,3.4386799335479736,0.0833224430680275,1,0
4660,3.350923776626587,0.0377650186419487,1,0
4661,3.46614670753479,0.0005544722080230713,1,0
4662,3.2290406227111816,0.015225428156554699,1,0
4663,3.5416300296783447,0.05562461167573929,1,0
4664,4.147456169128418,0.003936048597097397,1,0
4665,3.450700044631958,0.07995311170816422,1,0
4666,4.228099346160889,0.3247651159763336,1,0
4667,3.9929463863372803,0.056405749171972275,1,0
4668,4.013576030731201,0.005831529386341572,1,0
4669,3.658756732940674,0.012555656023323536,1,0
4670,4.189235687255859,0.006784333381801844,1,0
4671,3.9728291034698486,0.01606794260442257,1,0
4672,4.087143421173096,0.0005613104440271854,1,0
4673,4.315121173858643,0.11057452112436295,1,0
4674,4.042444229125977,0.010597043670713902,1,0
4675,2.5144665241241455,8.777622497291304e-06,1,0
4676,3.080022096633911,0.01980043761432171,1,0
4677,2.9257266521453857,0.025183439254760742,1,0
4678,3.103609800338745,0.20758049190044403,1,0
4679,3.1432876586914062,0.2048022300004959,1,0
4680,3.0377655029296875,0.02108347788453102,1,0
4681,3.176426649093628,0.10190104693174362,1,0
4682,3.3013975620269775,0.003290468594059348,1,0
4683,2.842744827270508,0.2221253365278244,1,0
4684,3.4862020015716553,0.03033599816262722,1,0
4685,2.954413414001465,0.02086823433637619,1,0
4686,3.184542655944824,0.0007628504536114633,1,0
4687,2.2427263259887695,0.05741410329937935,1,0
4688,2.9354491233825684,7.577277574455366e-05,1,0
4689,3.4863219261169434,0.0005858078948222101,1,0
4690,3.7320716381073,0.0031221751123666763,1,0
4691,3.6705098152160645,0.13404451310634613,1,0
4692,3.0690500736236572,0.0007633836357854307,1,0
4693,2.9220023155212402,0.00037888894439674914,1,0
4694,3.1527745723724365,0.052055735141038895,1,0
4695,3.027841567993164,0.000404090533265844,1,0
4696,3.106894016265869,0.1488700956106186,1,0
4697,3.347947597503662,0.013288392685353756,1,0
4698,3.162520408630371,0.00642825523391366,1,0
4699,2.767899990081787,0.12298327684402466,1,0
4700,2.4306743144989014,0.1012735590338707,1,0
4701,2.687788248062134,0.02500000037252903,1,0
4702,3.462625503540039,0.020651323720812798,1,0
4703,3.443005323410034,0.011353164911270142,1,0
4704,3.2458865642547607,0.024942051619291306,1,0
4705,3.2043633460998535,0.008141854777932167,1,0
4706,3.1557953357696533,0.06144114211201668,1,0
4707,3.719558000564575,0.019004683941602707,1,0
4708,3.9428999423980713,0.004853490740060806,1,0
4709,4.04375696182251,0.0021101534366607666,1,0
4710,3.9744057655334473,0.004773147404193878,1,0
4711,3.8019280433654785,0.02884209156036377,1,0
4712,3.998879909515381,0.016521267592906952,1,0
4713,3.8929283618927,0.0215767752379179,1,0
4714,4.1599440574646,5.820766091346741e-08,1,0
4715,3.599461317062378,0.03721938654780388,1,0
4716,3.4611616134643555,0.040591612458229065,1,0
4717,3.7297041416168213,0.03297271952033043,1,0
4718,3.110776424407959,0.21998372673988342,1,0
4719,3.237342357635498,0.0032915757037699223,1,0
4720,3.89263653755188,0.11607090383768082,1,0
4721,3.409149646759033,7.617846222274238e-06,1,0
4722,4.042112827301025,0.0004991167224943638,1,0
4723,4.1521220207214355,0.003163291607052088,1,0
4724,3.4268627166748047,0.0744885727763176,1,0
4725,3.181502103805542,0.0005095192464068532,1,0
4726,3.7117414474487305,0.0046223425306379795,1,0
4727,3.6737301349639893,0.04834170266985893,1,0
4728,3.6937203407287598,0.00017531067715026438,1,0
4729,3.4818787574768066,0.058212317526340485,1,0
4730,3.7218799591064453,0.00015715147310402244,1,0
4731,4.16768741607666,0.003987071104347706,1,0
4732,3.6404078006744385,0.010156654752790928,1,0
4733,3.5230400562286377,0.031117523089051247,1,0
4734,3.65463924407959,0.20072615146636963,1,0
4735,4.394059658050537,0.35383209586143494,1,0
4736,3.9894859790802,0.287108451128006,1,0
4737,3.7950942516326904,0.041483066976070404,1,0
4738,3.935903310775757,0.05241304263472557,1,0
4739,3.9982783794403076,0.009903437457978725,1,0
4740,4.141110420227051,0.18674497306346893,1,0
4741,4.014923095703125,0.055238354951143265,1,0
4742,3.947282552719116,0.00021094689145684242,1,0
4743,3.3535351753234863,0.23572669923305511,1,0
4744,3.2207765579223633,0.0019187591969966888,1,0
4745,3.40394926071167,0.023317275568842888,1,0
4746,3.0638363361358643,2.889419010898564e-05,1,0
4747,2.9268953800201416,0.39214104413986206,1,0
4748,2.7631940841674805,0.001344122109003365,1,0
4749,3.5490736961364746,0.010782629251480103,1,0
4750,3.126225471496582,9.331861656391993e-05,1,0
4751,3.59039568901062,0.00964204128831625,1,0
4752,3.364133358001709,0.0012715370394289494,1,0
4753,1.937294602394104,0.003314871108159423,1,0
4754,3.1050779819488525,0.0006456570117734373,1,0
4755,3.524475336074829,0.13108600676059723,1,0
4756,3.2403836250305176,0.22664177417755127,1,0
4757,3.4695217609405518,0.08019889146089554,1,0
4758,3.5655338764190674,0.04261498153209686,1,0
4759,3.20249080657959,0.006294328719377518,1,0
4760,3.4301047325134277,0.11322160065174103,1,0
4761,3.6448721885681152,0.19426751136779785,1,0
4762,3.4849979877471924,0.09054828435182571,1,0
4763,3.8442842960357666,0.0526430681347847,1,0
4764,3.3796839714050293,4.069144051754847e-05,1,0
4765,3.951998233795166,0.08617673069238663,1,0
4766,3.8933486938476562,0.15718217194080353,1,0
4767,3.6202409267425537,0.017177646979689598,1,0
4768,3.6982433795928955,0.0500713475048542,1,0
4769,3.6177234649658203,0.022372139617800713,1,0
4770,3.032787322998047,0.09427978843450546,1,0
4771,3.7921342849731445,0.12352537363767624,1,0
4772,3.3357720375061035,0.14186491072177887,1,0
4773,3.6735823154449463,0.002070444170385599,1,0
4774,3.2740797996520996,0.0772637128829956,1,0
4775,3.380178213119507,0.03819381818175316,1,0
4776,2.8803842067718506,0.2992304563522339,1,0
4777,3.0692646503448486,0.24931763112545013,1,0
4778,3.204134941101074,0.01736789382994175,1,0
4779,3.435076951980591,0.06419839709997177,1,0
4780,3.5166196823120117,0.14980988204479218,1,0
4781,3.3144423961639404,0.003479099366813898,1,0
4782,2.665478229522705,0.17010152339935303,1,0
4783,3.5433082580566406,0.06483571976423264,1,0
4784,3.4029078483581543,0.3632974624633789,1,0
4785,3.069035053253174,0.000900205341167748,1,0
4786,3.0440056324005127,0.07933759689331055,1,0
4787,3.6730093955993652,0.0710935965180397,1,0
4788,3.269674777984619,0.00030950913787819445,1,0
4789,3.177259683609009,0.010929432697594166,1,0
4790,3.4501328468322754,0.04111827537417412,1,0
4791,3.9560744762420654,0.0038302100729197264,1,0
4792,4.134015083312988,0.036833133548498154,1,0
4793,3.6787309646606445,0.36311134696006775,1,0
4794,3.9778635501861572,0.17261026799678802,1,0
4795,3.68479585647583,0.040560510009527206,1,0
4796,3.9552643299102783,0.046800997108221054,1,0
4797,4.171635627746582,0.05708160623908043,1,0
4798,4.381831169128418,0.006263740360736847,1,0
4799,3.846153497695923,0.0004511699953582138,1,0
4800,3.6174097061157227,0.003145946655422449,1,0
4801,4.195596218109131,0.0347231961786747,1,0
4802,3.599175214767456,0.017849387601017952,1,0
4803,3.4296305179595947,0.1510375589132309,1,0
4804,3.291581630706787,0.2342577427625656,1,0
4805,3.349440336227417,0.21189402043819427,1,0
4806,3.4442155361175537,0.004418617580085993,1,0
4807,3.143868923187256,0.017846809700131416,1,0
4808,2.675525665283203,0.008280020207166672,1,0
4809,3.438354969024658,0.3829493522644043,1,0
4810,3.5346407890319824,0.0007411503465846181,1,0
4811,3.2963361740112305,0.02460787259042263,1,0
4812,3.5593976974487305,0.11116577684879303,1,0
4813,3.4517982006073,0.07280722260475159,1,0
4814,2.4293923377990723,0.014741119928658009,1,0
4815,3.4945297241210938,0.00017251084500458091,1,0
4816,3.217771291732788,0.011860507540404797,1,0
4817,3.979095220565796,0.3191905915737152,1,0
4818,3.6772308349609375,0.03664815425872803,1,0
4819,3.5113437175750732,0.013987070880830288,1,0
4820,3.5357747077941895,0.0012224660022184253,1,0
4821,3.777534246444702,1.3519172171072569e-05,1,0
4822,3.8265540599823,0.003360588802024722,1,0
4823,4.110558032989502,0.23827306926250458,1,0
4824,3.6551783084869385,0.011283350177109241,1,0
4825,3.662226915359497,0.00869609136134386,1,0
4826,3.759856700897217,0.2582039535045624,1,0
4827,3.170227289199829,0.005051793996244669,1,0
4828,3.0768508911132812,0.011854201555252075,1,0
4829,2.7530510425567627,5.224729102337733e-05,1,0
4830,3.2174131870269775,0.04343971610069275,1,0
4831,2.6598942279815674,0.10637912899255753,1,0
4832,2.500851631164551,1.0948004722595215,1,0
4833,2.9802663326263428,0.002847038209438324,1,0
4834,2.4300453662872314,0.15225517749786377,1,0
4835,2.7668397426605225,0.15396200120449066,1,0
4836,2.796410083770752,0.00461578369140625,1,0
4837,2.7960457801818848,0.02934909425675869,1,0
4838,2.8283205032348633,0.0001891166903078556,1,0
4839,3.00954270362854,0.09999389946460724,1,0
4840,4.091309070587158,0.24274073541164398,1,0
4841,3.3796679973602295,0.003238637698814273,1,0
4842,3.705609083175659,0.050643064081668854,1,0
4843,3.109076499938965,0.004834684077650309,1,0
4844,3.3776485919952393,0.012426227331161499,1,0
4845,3.1768181324005127,0.0009602421196177602,1,0
4846,3.539093494415283,0.14855746924877167,1,0
4847,3.6888175010681152,0.004555660765618086,1,0
4848,3.773392915725708,0.011649155989289284,1,0
4849,3.5377418994903564,0.01750296913087368,1,0
4850,3.5684783458709717,0.14873607456684113,1,0
4851,3.850367307662964,0.03241434320807457,1,0
4852,3.2780449390411377,0.0034870728850364685,1,0
4853,4.168402194976807,2.3469701773137785e-05,1,0
4854,3.0614757537841797,0.00624847412109375,1,0
4855,3.6145970821380615,0.04323078691959381,1,0
4856,3.27068829536438,0.14150165021419525,1,0
4857,3.891892433166504,0.004889864008873701,1,0
4858,3.826953411102295,0.009803809225559235,1,0
4859,3.8158180713653564,0.0005017073126509786,1,0
4860,3.5236644744873047,0.5795915126800537,1,0
4861,3.1898555755615234,0.3820779323577881,1,0
4862,3.352476119995117,0.18938153982162476,1,0
4863,3.6797451972961426,0.13953371345996857,1,0
4864,3.5885708332061768,0.043673351407051086,1,0
4865,3.7790207862854004,0.2136746644973755,1,0
4866,3.856740951538086,0.1374364197254181,1,0
4867,3.7713205814361572,0.01877918839454651,1,0
4868,3.2501163482666016,0.3746578097343445,1,0
4869,3.4839565753936768,0.04022303223609924,1,0
4870,4.068538665771484,0.00029474878101609647,1,0
4871,3.718580961227417,0.002690649125725031,1,0
4872,3.7136831283569336,0.0040029301308095455,1,0
4873,3.949840545654297,0.004358522593975067,1,0
4874,3.997742176055908,0.05444736033678055,1,0
4875,3.604987621307373,0.030057618394494057,1,0
4876,3.6668076515197754,0.003480237675830722,1,0
4877,3.79941987991333,0.1604975312948227,1,0
4878,3.568472385406494,0.0801442414522171,1,0
4879,3.8411409854888916,0.22800374031066895,1,0
4880,3.6838347911834717,0.015749039128422737,1,0
4881,3.4546353816986084,0.07622641324996948,1,0
4882,3.1113927364349365,0.001950168632902205,1,0
4883,3.9201698303222656,0.009555056691169739,1,0
4884,3.72818660736084,0.02273736707866192,1,0
4885,3.7292919158935547,0.02202991396188736,1,0
4886,3.801313877105713,0.11938203871250153,1,0
4887,3.7503485679626465,0.0022865855135023594,1,0
4888,3.518925189971924,0.027963852509856224,1,0
4889,3.537968397140503,0.04709374159574509,1,0
4890,3.5325257778167725,0.000225775787839666,1,0
4891,3.828336715698242,0.0591239333152771,1,0
4892,3.337914228439331,0.02629190683364868,1,0
4893,3.8681540489196777,1.0576937711448409e-05,1,0
4894,3.897001028060913,0.011638741940259933,1,0
4895,3.466503620147705,0.00336954602971673,1,0
4896,3.709017753601074,0.043222762644290924,1,0
4897,3.8350977897644043,0.028051067143678665,1,0
4898,3.5062415599823,0.06958863139152527,1,0
4899,4.368988990783691,0.040304362773895264,1,0
4900,3.3292014598846436,0.28640565276145935,1,0
4901,4.1040263175964355,0.03540264815092087,1,0
4902,3.439296245574951,0.011215793900191784,1,0
4903,3.7625648975372314,0.34066200256347656,1,0
4904,3.9791786670684814,0.09948187321424484,1,0
4905,3.416987180709839,0.010218995623290539,1,0
4906,3.3579554557800293,0.00023043985129334033,1,0
4907,3.5486016273498535,0.08891785889863968,1,0
4908,3.620539426803589,0.18518851697444916,1,0
4909,3.586425542831421,0.009901516139507294,1,0
4910,3.8670461177825928,0.027960626408457756,1,0
4911,3.483184576034546,0.48010578751564026,1,0
4912,3.7034051418304443,0.0004528113640844822,1,0
4913,3.50656795501709,0.0009692345047369599,1,0
4914,3.8594143390655518,0.003227662993595004,1,0
4915,3.2402498722076416,0.12171407043933868,1,0
4916,3.93347430229187,0.03325721248984337,1,0
4917,3.3325040340423584,0.0006141722551546991,1,0
4918,3.836209774017334,0.00022926936799194664,1,0
4919,3.7695043087005615,0.014900900423526764,1,0
4920,3.1338326930999756,0.29061469435691833,1,0
4921,4.148935794830322,0.01848674565553665,1,0
4922,4.248361110687256,0.006354190409183502,1,0
4923,4.19923210144043,0.05352354794740677,1,0
4924,3.5595366954803467,0.01819920353591442,1,0
4925,3.6695008277893066,0.2428453415632248,1,0
4926,4.112236976623535,0.10792069882154465,1,0
4927,3.304905652999878,0.08226724714040756,1,0
4928,3.165713310241699,0.0746677815914154,1,0
4929,3.740267276763916,0.2298877090215683,1,0
4930,3.293567419052124,0.01325281709432602,1,0
4931,3.3088293075561523,0.0036251842975616455,1,0
4932,3.6332967281341553,1.0576937711448409e-05,1,0
4933,3.5433268547058105,0.14040745794773102,1,0
4934,3.5535566806793213,0.006020218133926392,1,0
4935,3.4741599559783936,2.0398199922055937e-05,1,0
4936,3.8556182384490967,3.990624009020394e-06,1,0
4937,3.6171319484710693,0.037197045981884,1,0
4938,3.8292183876037598,0.0008055457146838307,1,0
4939,3.5035858154296875,0.017508074641227722,1,0
4940,4.048095226287842,0.013355224393308163,1,0
4941,3.812260150909424,0.0011175215477123857,1,0
4942,3.7945704460144043,0.02847939543426037,1,0
4943,4.578112602233887,0.00857770536094904,1,0
4944,4.282988548278809,0.031946923583745956,1,0
4945,4.396987438201904,0.0015670809661969543,1,0
4946,4.3691606521606445,0.0669262632727623,1,0
4947,3.9979894161224365,0.009162962436676025,1,0
4948,3.917987108230591,0.0006184847443364561,1,0
4949,4.05389928817749,0.042280953377485275,1,0
4950,4.320624828338623,0.15827833116054535,1,0
4951,4.466817855834961,0.0028141781222075224,1,0
4952,2.985971689224243,0.04071614518761635,1,0
4953,3.7437727451324463,0.16118645668029785,1,0
4954,4.1401047706604,0.050469476729631424,1,0
4955,3.5378453731536865,0.0038302100729197264,1,0
4956,3.8546290397644043,0.31363192200660706,1,0
4957,3.4765384197235107,0.011636659502983093,1,0
4958,3.896477222442627,0.05328714847564697,1,0
4959,3.422726631164551,0.16093085706233978,1,0
4960,4.193697929382324,0.029418572783470154,1,0
4961,3.4408624172210693,0.007010342087596655,1,0
4962,3.630505323410034,0.015887407585978508,1,0
4963,3.8077471256256104,0.016775285825133324,1,0
4964,3.650878667831421,6.52455710223876e-05,1,0
4965,3.5246341228485107,0.017615502700209618,1,0
4966,3.7975552082061768,0.0635642260313034,1,0
4967,3.4956226348876953,0.0005820766091346741,1,0
4968,3.298947811126709,0.07142850011587143,1,0
4969,3.7673587799072266,0.021443728357553482,1,0
4970,3.7372703552246094,0.00819593295454979,1,0
4971,3.574131488800049,0.045260604470968246,1,0
4972,3.2142021656036377,0.08518803119659424,1,0
4973,3.3970134258270264,0.000529757235199213,1,0
4974,3.6100847721099854,0.00030984877957962453,1,0
4975,3.708961009979248,0.07321401685476303,1,0
4976,3.638044834136963,0.025088578462600708,1,0
4977,3.7606992721557617,0.01678028516471386,1,0
4978,3.9166107177734375,0.02761956863105297,1,0
4979,4.117353916168213,0.00978279858827591,1,0
4980,3.478775978088379,0.19925878942012787,1,0
4981,3.1786046028137207,0.02681083045899868,1,0
4982,3.5448050498962402,0.0001072258673957549,1,0
4983,3.358513593673706,0.06714614480733871,1,0
4984,3.5211946964263916,0.09517084062099457,1,0
4985,3.178903102874756,0.04102830961346626,1,0
4986,3.3233323097229004,0.01285150833427906,1,0
4987,2.8989875316619873,0.008375131525099277,1,0
4988,3.3747520446777344,0.030629172921180725,1,0
4989,3.205815076828003,0.007153274025768042,1,0
4990,3.083860397338867,0.02350923977792263,1,0
4991,3.836467742919922,0.19395288825035095,1,0
4992,3.369426965713501,0.013619722798466682,1,0
4993,3.499730110168457,0.002648764057084918,1,0
4994,3.3822407722473145,0.13975009322166443,1,0
4995,3.5991971492767334,0.14628241956233978,1,0
4996,3.8859174251556396,0.08495160192251205,1,0
4997,3.3501343727111816,0.22948069870471954,1,0
4998,3.736722469329834,0.091398224234581,1,0
4999,3.755246639251709,0.03581785783171654,1,0
5000,3.554441213607788,0.05782180652022362,1,0
5001,3.599228858947754,0.005477439612150192,1,0
5002,3.8780157566070557,0.03733863681554794,1,0
5003,3.397888660430908,0.19733355939388275,1,0
5004,3.851437568664551,0.13240306079387665,1,0
5005,3.1278140544891357,0.005810912698507309,1,0
5006,3.6737594604492188,0.022624004632234573,1,0
5007,3.24094295501709,0.040537189692258835,1,0
5008,3.368555784225464,0.00416449923068285,1,0
5009,4.010895252227783,0.019955545663833618,1,0
5010,3.672157049179077,0.11852329969406128,1,0
5011,3.937675714492798,0.014759873040020466,1,0
5012,3.666473865509033,0.0208180770277977,1,0
5013,4.022220611572266,0.22546716034412384,1,0
5014,3.768247127532959,0.039686769247055054,1,0
5015,3.9660630226135254,0.009771347977221012,1,0
5016,3.7027175426483154,0.04021142050623894,1,0
5017,3.9018008708953857,0.021347738802433014,1,0
5018,3.8040690422058105,0.008244931697845459,1,0
5019,3.4965710639953613,0.0049888864159584045,1,0
5020,3.3056373596191406,0.005471727345138788,1,0
5021,4.186819076538086,0.008320464752614498,1,0
5022,3.759212017059326,1.4785676967221661e-06,1,0
5023,4.529485702514648,0.15402258932590485,1,0
5024,2.8027408123016357,0.08131781965494156,1,0
5025,2.8862826824188232,0.13316264748573303,1,0
5026,3.1297719478607178,0.08394760638475418,1,0
5027,3.124178647994995,0.019405897706747055,1,0
5028,2.8051915168762207,0.029790515080094337,1,0
5029,3.134261131286621,0.026880402117967606,1,0
5030,2.9345574378967285,0.006916925311088562,1,0
5031,2.8031139373779297,0.0059843300841748714,1,0
5032,2.7451305389404297,0.0023180730640888214,1,0
5033,3.219906806945801,0.04543323069810867,1,0
5034,3.5268301963806152,0.03191932663321495,1,0
5035,3.8334507942199707,0.0483926422894001,1,0
5036,3.2448363304138184,0.25782158970832825,1,0
5037,3.2586610317230225,0.003996826708316803,1,0
5038,3.658447027206421,0.010754588060081005,1,0
5039,4.076648235321045,0.024647248908877373,1,0
5040,3.8032708168029785,0.011014345102012157,1,0
5041,3.9867136478424072,0.03239002451300621,1,0
5042,4.104297161102295,0.0202703308314085,1,0
5043,4.0917558670043945,0.003599663032218814,1,0
5044,4.310232162475586,0.011672082357108593,1,0
5045,3.276122570037842,0.03333117067813873,1,0
5046,3.2294812202453613,0.1003359779715538,1,0
5047,3.6171135902404785,0.07561483234167099,1,0
5048,3.494983434677124,0.02841428853571415,1,0
5049,3.63110089302063,0.0007301568984985352,1,0
5050,3.992880344390869,0.00039598383591510355,1,0
5051,3.074136257171631,0.14976507425308228,1,0
5052,3.735476016998291,0.18355585634708405,1,0
5053,3.261033296585083,0.0008370731375180185,1,0
5054,3.7265474796295166,0.10707272589206696,1,0
5055,3.5163164138793945,0.005718590226024389,1,0
5056,3.575572967529297,0.025610988959670067,1,0
5057,3.561706066131592,0.008915239945054054,1,0
5058,3.6659486293792725,0.015149313025176525,1,0
5059,3.6529219150543213,0.02828429639339447,1,0
5060,3.8519115447998047,0.0027998618315905333,1,0
5061,3.405505895614624,0.06551570445299149,1,0
5062,3.759223461151123,0.015824217349290848,1,0
5063,3.480003595352173,0.0004118875658605248,1,0
5064,3.9757630825042725,0.22554965317249298,1,0
5065,3.4818806648254395,0.016212616115808487,1,0
5066,3.8945887088775635,0.08129580318927765,1,0
5067,3.7218246459960938,0.005599531810730696,1,0
5068,3.6304900646209717,0.20219889283180237,1,0
5069,3.9208459854125977,0.18362201750278473,1,0
5070,3.768298625946045,0.0006946140201762319,1,0
5071,3.251880407333374,0.342952698469162,1,0
5072,3.7306857109069824,0.02113114856183529,1,0
5073,3.791501998901367,0.0007270310306921601,1,0
5074,3.7959532737731934,0.04145948216319084,1,0
5075,4.090949058532715,0.014103728346526623,1,0
5076,4.000061988830566,5.680704634869471e-05,1,0
5077,3.4215316772460938,2.384185791015625e-06,1,0
5078,3.985321283340454,0.003304877085611224,1,0
5079,3.5182833671569824,0.02405093051493168,1,0
5080,3.579204559326172,0.18536297976970673,1,0
5081,2.944458246231079,0.019025975838303566,1,0
5082,3.677018642425537,0.08660220354795456,1,0
5083,3.611032009124756,0.1336984634399414,1,0
5084,3.445189952850342,0.00026316949515603483,1,0
5085,3.4612925052642822,0.0002934248186647892,1,0
5086,3.678774356842041,0.0007875696173869073,1,0
5087,3.435662269592285,0.040537189692258835,1,0
5088,3.4706363677978516,0.05493484064936638,1,0
5089,3.3192968368530273,0.02076519839465618,1,0
5090,2.967644691467285,0.09181883186101913,1,0
5091,2.863942861557007,0.0017631053924560547,1,0
5092,3.542482852935791,0.006569847464561462,1,0
5093,3.29921293258667,0.06608011573553085,1,0
5094,3.699176549911499,0.04559381678700447,1,0
5095,3.755768299102783,0.011826898902654648,1,0
5096,3.44185471534729,0.016797790303826332,1,0
5097,3.6850106716156006,0.025174254551529884,1,0
5098,3.6480939388275146,0.05789143964648247,1,0
5099,4.057634353637695,0.020579269155859947,1,0
5100,3.645533800125122,0.018792416900396347,1,0
5101,3.8921542167663574,0.047286611050367355,1,0
5102,3.9585793018341064,0.04426423832774162,1,0
5103,3.7253568172454834,0.30217278003692627,1,0
5104,4.30405330657959,0.019121937453746796,1,0
5105,4.088779926300049,0.00022144653485156596,1,0
5106,3.61745023727417,0.15924732387065887,1,0
5107,4.3320536613464355,0.00020262086763978004,1,0
5108,4.609275817871094,0.02796708047389984,1,0
5109,4.190271854400635,0.049537234008312225,1,0
5110,3.6909072399139404,0.15977151691913605,1,0
5111,3.5654654502868652,0.0003695547638926655,1,0
5112,3.733522415161133,0.09894081205129623,1,0
5113,3.3996822834014893,0.11886242777109146,1,0
5114,3.8387701511383057,0.07462560385465622,1,0
5115,3.3013415336608887,0.03481677174568176,1,0
5116,3.4997167587280273,1.032734326145146e-05,1,0
5117,3.422480583190918,0.05194569751620293,1,0
5118,3.724764585494995,0.11074787378311157,1,0
5119,3.800625801086426,0.23967893421649933,1,0
5120,3.414231538772583,0.008786317892372608,1,0
5121,3.737745761871338,0.049215566366910934,1,0
5122,3.5844180583953857,0.03738340362906456,1,0
5123,3.6001362800598145,0.020812509581446648,1,0
5124,3.7156853675842285,0.025840071961283684,1,0
5125,4.240866661071777,0.12670673429965973,1,0
5126,3.686331033706665,0.04906582087278366,1,0
5127,3.858088731765747,0.0013811701210215688,1,0
5128,4.137754917144775,0.03038644604384899,1,0
5129,4.2935895919799805,0.00667981430888176,1,0
5130,3.701385974884033,0.04956300929188728,1,0
5131,3.8317532539367676,0.14483176171779633,1,0
5132,3.3126986026763916,0.12383761256933212,1,0
5133,3.518129587173462,0.005612538196146488,1,0
5134,3.7243258953094482,0.07460451126098633,1,0
5135,3.9636318683624268,0.06156080588698387,1,0
5136,4.130876541137695,0.06295740604400635,1,0
5137,3.8176162242889404,0.06460003554821014,1,0
5138,3.8477606773376465,0.09722413122653961,1,0
5139,4.274551868438721,0.0012632914585992694,1,0
5140,3.7921082973480225,0.062247514724731445,1,0
5141,3.9789986610412598,0.035504404455423355,1,0
5142,3.8879964351654053,0.16000305116176605,1,0
5143,3.468597888946533,0.016990961506962776,1,0
5144,3.7202858924865723,0.05058661848306656,1,0
5145,3.6307461261749268,0.01954326406121254,1,0
5146,3.644089698791504,0.01395513117313385,1,0
5147,3.9919519424438477,0.3846113681793213,1,0
5148,3.90993070602417,0.01789841614663601,1,0
5149,3.751699447631836,0.029121384024620056,1,0
5150,3.843111038208008,0.09226386249065399,1,0
5151,3.8968873023986816,0.038152337074279785,1,0
5152,3.3352420330047607,0.016126714646816254,1,0
5153,3.482262372970581,0.09300991892814636,1,0
5154,3.7470030784606934,0.10388840734958649,1,0
5155,3.8023290634155273,0.016785284504294395,1,0
5156,3.331265687942505,0.16283343732357025,1,0
5157,3.7292535305023193,0.03725290298461914,1,0
5158,4.080211639404297,0.19583597779273987,1,0
5159,3.8990635871887207,0.14848308265209198,1,0
5160,3.368705987930298,0.697725236415863,1,0
5161,4.048511028289795,0.4800923764705658,1,0
5162,3.350615978240967,0.00045775334001518786,1,0
5163,3.519068956375122,1.5508472919464111,1,0
5164,3.297602415084839,0.28891077637672424,1,0
5165,3.388585329055786,0.0017744697397574782,1,0
5166,3.4269769191741943,0.0933811292052269,1,0
5167,3.835402727127075,0.0014722883934155107,1,0
5168,3.5311713218688965,0.39784225821495056,1,0
5169,3.4640305042266846,1.0451767593622208e-05,1,0
5170,3.729492664337158,0.3622976839542389,1,0
5171,3.708031415939331,0.04452857747673988,1,0
5172,4.233744144439697,0.0033740289509296417,1,0
5173,3.859891653060913,0.2423035204410553,1,0
5174,3.8082759380340576,0.018115976825356483,1,0
5175,4.16441535949707,0.0013293031370267272,1,0
5176,3.9781365394592285,4.344517583376728e-05,1,0
5177,4.286722660064697,0.009939964860677719,1,0
5178,3.996119260787964,0.011659573763608932,1,0
5179,4.142614841461182,0.0770706981420517,1,0
5180,3.9033052921295166,0.0054888734593987465,1,0
5181,4.252628326416016,0.008269486017525196,1,0
5182,3.9908530712127686,0.005708377808332443,1,0
5183,4.4536824226379395,0.0006510630482807755,1,0
5184,4.005916118621826,0.052519142627716064,1,0
5185,4.086529731750488,0.17605940997600555,1,0
5186,4.19609260559082,0.41527992486953735,1,0
5187,4.345144748687744,0.00044830478145740926,1,0
5188,3.500382423400879,0.03186073526740074,1,0
5189,3.082425355911255,0.09379445016384125,1,0
5190,3.5264697074890137,0.21339817345142365,1,0
5191,3.1936912536621094,0.03246648609638214,1,0
5192,3.4661738872528076,0.007197417318820953,1,0
5193,3.9212493896484375,0.034164395183324814,1,0
5194,3.6846721172332764,0.026700330898165703,1,0
5195,3.800640344619751,0.06564421951770782,1,0
5196,3.583507776260376,5.058655733591877e-05,1,0
5197,3.7515339851379395,1.394578456878662,1,0
5198,3.655385971069336,0.15099255740642548,1,0
5199,4.051990509033203,0.18048439919948578,1,0
5200,4.473334312438965,0.11991613358259201,1,0
5201,3.715726137161255,0.04514570161700249,1,0
5202,3.4209463596343994,0.6996127963066101,1,0
5203,3.3397159576416016,0.0037140422500669956,1,0
5204,3.400972843170166,0.00466442946344614,1,0
5205,3.151442050933838,0.06042158603668213,1,0
5206,3.3616549968719482,0.09628156572580338,1,0
5207,3.5960144996643066,0.12898410856723785,1,0
5208,3.2619266510009766,0.008248437196016312,1,0
5209,3.0757877826690674,0.0014267299557104707,1,0
5210,3.080662727355957,0.004661793354898691,1,0
5211,2.884256601333618,0.003655462060123682,1,0
5212,3.387648105621338,0.14260739088058472,1,0
5213,3.4531121253967285,0.004667066037654877,1,0
5214,3.642127513885498,0.00850279163569212,1,0
5215,3.992230176925659,0.008831605315208435,1,0
5216,3.356959581375122,0.06714113801717758,1,0
5217,3.8211164474487305,0.003732886165380478,1,0
5218,3.7099556922912598,0.14169049263000488,1,0
5219,3.753833532333374,0.0462348572909832,1,0
5220,3.9131951332092285,0.17336486279964447,1,0
5221,3.920435905456543,0.30897974967956543,1,0
5222,4.202269077301025,0.01319067645817995,1,0
5223,3.662468194961548,0.02422185055911541,1,0
5224,3.7435429096221924,0.08517113327980042,1,0
5225,3.953110456466675,0.04088378697633743,1,0
5226,3.9624266624450684,0.07722616195678711,1,0
5227,3.838308334350586,0.09396003931760788,1,0
5228,3.8890674114227295,0.0007843230268917978,1,0
5229,3.8202474117279053,0.0027916976250708103,1,0
5230,3.770132541656494,0.0008806237019598484,1,0
5231,3.4487595558166504,0.019025975838303566,1,0
5232,3.725811004638672,0.022597884759306908,1,0
5233,4.0089616775512695,0.038020502775907516,1,0
5234,4.117778301239014,0.015116073191165924,1,0
5235,3.421262741088867,0.02658376656472683,1,0
5236,3.8751273155212402,0.011119929142296314,1,0
5237,4.286810398101807,0.007020041346549988,1,0
5238,3.602775812149048,0.0008376316400244832,1,0
5239,3.877873182296753,0.16289573907852173,1,0
5240,3.4930810928344727,0.040731724351644516,1,0
5241,3.76712703704834,0.1187426820397377,1,0
5242,3.558004379272461,0.04268673062324524,1,0
5243,4.155055522918701,0.0021466612815856934,1,0
5244,3.606180429458618,0.1260206401348114,1,0
5245,3.6984918117523193,0.013437881134450436,1,0
5246,3.8344173431396484,0.17085061967372894,1,0
5247,4.323670864105225,0.007120662834495306,1,0
5248,4.031752586364746,0.020640229806303978,1,0
5249,3.2604775428771973,0.035250283777713776,1,0
5250,3.7175209522247314,0.15265458822250366,1,0
5251,3.4939746856689453,0.14806689321994781,1,0
5252,3.6334593296051025,0.09439834952354431,1,0
5253,3.57204270362854,0.003443896770477295,1,0
5254,3.7049355506896973,0.06571346521377563,1,0
5255,2.9509499073028564,0.06390531361103058,1,0
5256,3.2408130168914795,0.034507736563682556,1,0
5257,3.2952041625976562,0.02653658390045166,1,0
5258,3.5073654651641846,0.014603182673454285,1,0
5259,3.622434377670288,0.04404522478580475,1,0
5260,3.6955690383911133,0.03370928019285202,1,0
5261,3.537288188934326,0.008855201303958893,1,0
5262,3.486574172973633,0.005411927588284016,1,0
5263,3.3813865184783936,0.04712725430727005,1,0
5264,3.19405460357666,0.004547847900539637,1,0
5265,3.613124370574951,0.058268215507268906,1,0
5266,3.5984227657318115,0.21992941200733185,1,0
5267,2.875781536102295,0.004371274262666702,1,0
5268,3.3345606327056885,0.07408876717090607,1,0
5269,3.653878688812256,0.07052862644195557,1,0
5270,3.1389503479003906,0.0024922124575823545,1,0
5271,3.124202013015747,0.2968701124191284,1,0
5272,3.4875214099884033,0.15399228036403656,1,0
5273,3.423901081085205,0.007958294823765755,1,0
5274,3.812769889831543,0.10839041322469711,1,0
5275,3.648911476135254,0.00012770677858497947,1,0
5276,3.928542375564575,0.002641815459355712,1,0
5277,3.6165099143981934,0.1985873430967331,1,0
5278,3.082404375076294,0.15817852318286896,1,0
5279,3.40865421295166,0.0765785202383995,1,0
5280,3.1975998878479004,0.009272292256355286,1,0
5281,3.1320877075195312,0.2964496314525604,1,0
5282,3.191431760787964,0.04377424716949463,1,0
5283,3.288193702697754,0.020460382103919983,1,0
5284,3.5025463104248047,0.00019662166596390307,1,0
5285,3.428558588027954,0.01403733529150486,1,0
5286,3.0168330669403076,0.0393376424908638,1,0
5287,3.3162178993225098,0.03303232416510582,1,0
5288,3.3455939292907715,0.01764369197189808,1,0
5289,2.855720043182373,0.0013349388027563691,1,0
5290,3.2160446643829346,0.06387604027986526,1,0
5291,3.4824094772338867,0.0235655028373003,1,0
5292,3.4588112831115723,0.029048968106508255,1,0
5293,3.480816125869751,0.09352273494005203,1,0
5294,3.3779706954956055,0.0016001075273379683,1,0
5295,3.43601131439209,0.00436107162386179,1,0
5296,3.2626523971557617,0.07094442844390869,1,0
5297,3.438751697540283,0.026251239702105522,1,0
5298,3.017808198928833,0.0026497577782720327,1,0
5299,3.455138921737671,0.0074284859001636505,1,0
5300,3.5744991302490234,0.05887078121304512,1,0
5301,3.405282735824585,0.007212162017822266,1,0
5302,3.40301251411438,0.022560181096196175,1,0
5303,3.4505386352539062,0.06111624836921692,1,0
5304,3.6952192783355713,0.056465357542037964,1,0
5305,3.266580820083618,0.34601131081581116,1,0
5306,3.782569408416748,0.22178888320922852,1,0
5307,3.4763565063476562,0.01263363379985094,1,0
5308,3.060065507888794,0.1282365471124649,1,0
5309,3.5091445446014404,0.6026359796524048,1,0
5310,3.400768518447876,0.0007432536222040653,1,0
5311,3.5236361026763916,6.872052472317591e-05,1,0
5312,3.261650800704956,0.00010782629396999255,1,0
5313,3.0772225856781006,0.0006734133930876851,1,0
5314,3.5652456283569336,0.032745301723480225,1,0
5315,3.7427735328674316,0.008394571952521801,1,0
5316,4.146246433258057,0.007084876298904419,1,0
5317,3.6623001098632812,0.01064079999923706,1,0
5318,2.7286829948425293,0.006498080678284168,1,0
5319,3.239072322845459,0.010877032764256,1,0
5320,3.601731061935425,0.00012683580280281603,1,0
5321,3.515549898147583,1.6506854080944322e-05,1,0
5322,3.6719775199890137,0.03607034683227539,1,0
5323,3.5258898735046387,0.10796508938074112,1,0
5324,4.025422096252441,0.47578248381614685,1,0
5325,3.683529853820801,0.003866129321977496,1,0
5326,3.5156662464141846,0.3641122877597809,1,0
5327,3.8748676776885986,0.048528607934713364,1,0
5328,3.577414035797119,0.09642535448074341,1,0
5329,3.323585271835327,4.814574640477076e-05,1,0
5330,3.0792126655578613,0.012169383466243744,1,0
5331,3.6298704147338867,0.050643064081668854,1,0
5332,3.642717123031616,0.014910327270627022,1,0
5333,4.150564670562744,0.03508378565311432,1,0
5334,3.1752851009368896,0.09113001078367233,1,0
5335,3.5007238388061523,0.029127974063158035,1,0
5336,3.1356022357940674,0.20959030091762543,1,0
5337,3.9578652381896973,0.0821012482047081,1,0
5338,4.011467933654785,0.22059066593647003,1,0
5339,3.2348594665527344,0.3700997531414032,1,0
5340,3.79526948928833,0.10216615349054337,1,0
5341,3.1281332969665527,5.319807769410545e-06,1,0
5342,3.644568681716919,0.07572632282972336,1,0
5343,3.048360586166382,0.008909773081541061,1,0
5344,3.495302677154541,0.014579868875443935,1,0
5345,3.3048508167266846,0.00040486687794327736,1,0
5346,2.9368674755096436,0.00021602297783829272,1,0
5347,2.9060792922973633,0.024287981912493706,1,0
5348,3.348706007003784,0.01057321485131979,1,0
5349,3.308260440826416,0.031582288444042206,1,0
5350,3.8758702278137207,0.018313949927687645,1,0
5351,3.3881282806396484,0.08130130916833878,1,0
5352,3.3737072944641113,0.034626156091690063,1,0
5353,3.6731183528900146,0.23300762474536896,1,0
5354,2.850308895111084,0.01881094090640545,1,0
5355,3.972440719604492,0.013624227605760098,1,0
5356,4.487861156463623,0.002203369280323386,1,0
5357,4.073714733123779,0.003249631030485034,1,0
5358,4.4186930656433105,0.04655080661177635,1,0
5359,4.16489315032959,0.2111838310956955,1,0
5360,2.9347801208496094,0.029994074255228043,1,0
5361,3.3573317527770996,0.002237018197774887,1,0
5362,3.4108664989471436,0.016333261504769325,1,0
5363,3.893961191177368,0.01095567923039198,1,0
5364,3.607900857925415,9.880401421469287e-07,1,0
5365,3.5747807025909424,0.005090278573334217,1,0
5366,4.108121871948242,0.0855884775519371,1,0
5367,3.8559279441833496,0.009752278216183186,1,0
5368,3.8448028564453125,0.004881769418716431,1,0
5369,4.214427947998047,0.04930981621146202,1,0
5370,3.9587271213531494,0.01822785474359989,1,0
5371,3.8761792182922363,0.0025270208716392517,1,0
5372,3.901484489440918,0.1956224888563156,1,0
5373,4.069485664367676,0.0003618040063884109,1,0
5374,4.016495704650879,0.04769882187247276,1,0
5375,3.7575631141662598,0.006314251106232405,1,0
5376,3.6547634601593018,0.046567466109991074,1,0
5377,4.353173732757568,0.024698790162801743,1,0
5378,3.424027919769287,0.005650196224451065,1,0
5379,4.0076751708984375,0.029743894934654236,1,0
5380,3.764716625213623,8.299350884044543e-05,1,0
5381,3.9102282524108887,0.043379396200180054,1,0
5382,3.632446765899658,0.09171359241008759,1,0
5383,3.7077863216400146,0.015950722619891167,1,0
5384,4.348024845123291,0.07402573525905609,1,0
5385,4.0984416007995605,0.007637882139533758,1,0
5386,4.265434741973877,0.01773867756128311,1,0
5387,3.60825252532959,0.004149565938860178,1,0
5388,3.65283465385437,0.00021319548250176013,1,0
5389,3.759310722351074,0.11796579509973526,1,0
5390,3.6050307750701904,0.008786317892372608,1,0
5391,3.7717881202697754,0.0011117220856249332,1,0
5392,4.0448527336120605,0.0020792358554899693,1,0
5393,4.10774564743042,0.000792452075984329,1,0
5394,3.8167805671691895,0.2683545649051666,1,0
5395,3.8294291496276855,0.0406344011425972,1,0
5396,3.925804615020752,0.018821531906723976,1,0
5397,3.8755943775177,0.24905748665332794,1,0
5398,3.869161367416382,0.0007708677439950407,1,0
5399,3.7428317070007324,0.029266489669680595,1,0
5400,3.7067174911499023,0.03718959912657738,1,0
5401,3.906278371810913,2.083638719341252e-05,1,0
5402,3.507227897644043,0.45189976692199707,1,0
5403,4.225579738616943,0.15619659423828125,1,0
5404,4.017954349517822,0.0009346962324343622,1,0
5405,3.96236515045166,0.02893722988665104,1,0
5406,3.6512064933776855,0.004693474620580673,1,0
5407,3.7669389247894287,0.08336701989173889,1,0
5408,3.9452028274536133,0.07264586538076401,1,0
5409,3.6668386459350586,0.034493397921323776,1,0
5410,3.4269721508026123,0.04607728123664856,1,0
5411,3.960550546646118,0.05724773555994034,1,0
5412,3.6528267860412598,0.0003891006053891033,1,0
5413,3.291973352432251,0.3690788745880127,1,0
5414,4.238738536834717,0.00031359726563096046,1,0
5415,3.854264259338379,0.024498997256159782,1,0
5416,3.9443986415863037,0.0009447545744478703,1,0
5417,3.621985673904419,0.21547172963619232,1,0
5418,3.7751266956329346,0.2778455913066864,1,0
5419,3.498575210571289,0.017700139433145523,1,0
5420,3.9805119037628174,0.20985546708106995,1,0
5421,3.8012256622314453,0.008761007338762283,1,0
5422,3.9412429332733154,0.030241942033171654,1,0
5423,3.737403631210327,0.027092838659882545,1,0
5424,3.560302972793579,0.03478796407580376,1,0
5425,3.7694568634033203,0.008042887784540653,1,0
5426,3.444763660430908,0.022685011848807335,1,0
5427,3.9093475341796875,0.005702546332031488,1,0
5428,3.6934499740600586,0.03315170109272003,1,0
5429,3.4666781425476074,0.0002764844393823296,1,0
5430,3.604677438735962,0.0013611585600301623,1,0
5431,3.8436691761016846,0.0097732562571764,1,0
5432,3.8149547576904297,0.29477059841156006,1,0
5433,2.6329538822174072,0.00934864953160286,1,0
5434,3.4352235794067383,0.02173583395779133,1,0
5435,3.337902307510376,0.0001151621327153407,1,0
5436,2.9912631511688232,0.008435294963419437,1,0
5437,2.9914119243621826,0.0007312003872357309,1,0
5438,3.0386645793914795,0.09125823527574539,1,0
5439,2.440284490585327,0.028691506013274193,1,0
5440,1.948818564414978,0.009643936529755592,1,0
5441,2.652616500854492,0.0003281169629190117,1,0
5442,2.7964284420013428,0.006803424097597599,1,0
5443,2.3604001998901367,0.0033170939423143864,1,0
5444,2.663008689880371,0.009876564145088196,1,0
5445,2.7211573123931885,0.059839438647031784,1,0
5446,2.4083938598632812,0.02082364819943905,1,0
5447,3.259305477142334,0.08867629617452621,1,0
5448,3.055772542953491,0.03394356742501259,1,0
5449,2.9022586345672607,0.12317287921905518,1,0
5450,3.276055335998535,0.02051287144422531,1,0
5451,2.9957287311553955,0.017641128972172737,1,0
5452,3.0546979904174805,0.22900016605854034,1,0
5453,3.1977486610412598,0.01637275330722332,1,0
5454,2.736548662185669,0.23889529705047607,1,0
5455,2.937040328979492,0.052519142627716064,1,0
5456,2.72442889213562,0.04437800869345665,1,0
5457,3.1379315853118896,0.00011004218686139211,1,0
5458,3.1978540420532227,0.0007161432295106351,1,0
5459,2.700817584991455,0.024275949224829674,1,0
5460,2.53680682182312,0.03053129091858864,1,0
5461,3.274794101715088,0.06073511764407158,1,0
5462,2.526461601257324,0.05466374754905701,1,0
5463,3.14607572555542,0.16110123693943024,1,0
5464,3.4282171726226807,7.460126653313637e-05,1,0
5465,2.7107582092285156,0.0012455180985853076,1,0
5466,3.1132469177246094,0.08123528212308884,1,0
5467,3.1878106594085693,0.0010937758488580585,1,0
5468,3.3709421157836914,0.0248385202139616,1,0
5469,3.3259646892547607,0.01817837916314602,1,0
5470,2.8397834300994873,0.0028059929609298706,1,0
5471,3.3930399417877197,0.16197006404399872,1,0
5472,3.1976938247680664,0.12994246184825897,1,0
5473,3.255230665206909,0.0748683363199234,1,0
5474,2.7414731979370117,0.002038076985627413,1,0
5475,3.720607280731201,0.015089981257915497,1,0
5476,3.1431069374084473,0.00034798766137100756,1,0
5477,3.327692985534668,0.009161114692687988,1,0
5478,2.590522050857544,0.00032602259307168424,1,0
5479,3.2771549224853516,0.03823909908533096,1,0
5480,3.1511337757110596,2.5571882360964082e-05,1,0
5481,3.642831325531006,0.014133542776107788,1,0
5482,3.6940197944641113,0.00137686962261796,1,0
5483,3.6499879360198975,0.013642256148159504,1,0
5484,4.218653202056885,0.12809835374355316,1,0
5485,3.7895402908325195,0.029527921229600906,1,0
5486,3.8352725505828857,0.00022635619097854942,1,0
5487,3.458820343017578,0.0018071405356749892,1,0
5488,3.3291563987731934,0.0016972757875919342,1,0
5489,3.5198941230773926,0.08397556841373444,1,0
5490,3.422931671142578,0.024009043350815773,1,0
5491,3.3858697414398193,0.030794912949204445,1,0
5492,3.490631341934204,0.00024562477483414114,1,0
5493,3.684534788131714,0.11428920179605484,1,0
5494,4.072140216827393,0.08063127845525742,1,0
5495,3.448662042617798,0.06707613915205002,1,0
5496,3.5527191162109375,0.19645142555236816,1,0
5497,3.680850028991699,0.026439204812049866,1,0
5498,4.048324108123779,0.30647435784339905,1,0
5499,3.8001646995544434,0.0012400747509673238,1,0
5500,3.6128623485565186,0.002177173737436533,1,0
5501,3.4305765628814697,0.21832118928432465,1,0
5502,3.960069179534912,0.00022461722255684435,1,0
5503,3.7847237586975098,0.7126038670539856,1,0
5504,3.5209829807281494,0.0035834691952914,1,0
5505,3.6978507041931152,0.2717446982860565,1,0
5506,3.098686456680298,0.0041135880164802074,1,0
5507,3.350482702255249,0.06286542862653732,1,0
5508,4.131499290466309,0.04233653470873833,1,0
5509,3.4095027446746826,0.07092901319265366,1,0
5510,2.9162747859954834,5.6371467508142814e-05,1,0
5511,3.2595865726470947,0.1091797947883606,1,0
5512,3.4789812564849854,0.030615661293268204,1,0
5513,3.138871192932129,0.007495176047086716,1,0
5514,3.54876708984375,0.005380734801292419,1,0
5515,2.90201473236084,0.030312472954392433,1,0
5516,3.430163860321045,0.07415182143449783,1,0
5517,3.317901134490967,0.00729105481877923,1,0
5518,3.393673896789551,0.000610828516073525,1,0
5519,3.2611896991729736,0.00039944806485436857,1,0
5520,3.4988672733306885,0.015676457434892654,1,0
5521,3.7350575923919678,0.041656214743852615,1,0
5522,3.8014564514160156,0.2631013095378876,1,0
5523,3.590447425842285,0.42989659309387207,1,0
5524,3.7983455657958984,0.03625018894672394,1,0
5525,3.492969512939453,0.007403553929179907,1,0
5526,3.990126371383667,0.0798930898308754,1,0
5527,4.257862091064453,0.005280682817101479,1,0
5528,3.889341354370117,0.02843381278216839,1,0
5529,3.325120210647583,0.0032937906216830015,1,0
5530,4.220396995544434,0.040560510009527206,1,0
5531,3.7702698707580566,0.12240187078714371,1,0
5532,4.393860340118408,0.04050999507308006,1,0
5533,4.244653224945068,0.17232170701026917,1,0
5534,3.942786455154419,0.06610491871833801,1,0
5535,3.734593152999878,0.007659826427698135,1,0
5536,3.2739243507385254,2.3845210307626985e-05,1,0
5537,2.8814868927001953,0.015604043379426003,1,0
5538,3.6699371337890625,0.15603645145893097,1,0
5539,3.744198799133301,0.0008731935522519052,1,0
5540,3.9664947986602783,0.0024375931825488806,1,0
5541,3.174069404602051,0.1875465363264084,1,0
5542,3.2138671875,0.0014671088429167867,1,0
5543,3.6532135009765625,0.039763711392879486,1,0
5544,3.358445167541504,0.0172029510140419,1,0
5545,3.3959672451019287,0.21104195713996887,1,0
5546,3.4312567710876465,0.04607728123664856,1,0
5547,3.339449644088745,0.2031112164258957,1,0
5548,3.180917978286743,0.014223173260688782,1,0
5549,3.58241868019104,0.07118625938892365,1,0
5550,3.294302463531494,0.011423195712268353,1,0
5551,3.7951059341430664,0.2010548859834671,1,0
5552,3.9037859439849854,0.10748996585607529,1,0
5553,2.8759658336639404,0.016717836260795593,1,0
5554,2.920330762863159,0.00015378231182694435,1,0
5555,3.5478861331939697,0.006269852165132761,1,0
5556,3.2867796421051025,0.011470690369606018,1,0
5557,3.5640745162963867,0.01590687595307827,1,0
5558,3.231332540512085,0.09177204966545105,1,0
5559,3.1624903678894043,0.006301987450569868,1,0
5560,3.302551507949829,0.00011703381460392848,1,0
5561,3.736269235610962,0.01346698310226202,1,0
5562,3.799527645111084,0.021170446649193764,1,0
5563,3.666738986968994,0.01174099650233984,1,0
5564,4.091591835021973,0.03929554298520088,1,0
5565,3.6729331016540527,0.1727706789970398,1,0
5566,3.3693430423736572,0.3116030991077423,1,0
5567,2.972609281539917,0.06775769591331482,1,0
5568,3.1435859203338623,0.01979500614106655,1,0
5569,2.7099976539611816,0.018850671127438545,1,0
5570,3.199538230895996,0.03460820019245148,1,0
5571,3.5322272777557373,0.0019314620876684785,1,0
5572,3.2865920066833496,0.0028914944268763065,1,0
5573,2.6437458992004395,0.043988537043333054,1,0
5574,3.4551658630371094,0.1792156845331192,1,0
5575,3.3508150577545166,0.4271422326564789,1,0
5576,3.3148691654205322,0.4920279085636139,1,0
5577,3.3889083862304688,0.19207043945789337,1,0
5578,3.7262747287750244,0.5184209942817688,1,0
5579,3.143524408340454,0.00043170611024834216,1,0
5580,3.5241003036499023,0.36449670791625977,1,0
5581,3.089428663253784,0.026899391785264015,1,0
5582,3.483928680419922,0.026382744312286377,1,0
5583,3.231022357940674,0.03141443803906441,1,0
5584,3.45001220703125,0.43475714325904846,1,0
5585,3.5768778324127197,0.1328599601984024,1,0
5586,3.385760545730591,0.13125377893447876,1,0
5587,3.6619646549224854,0.001498323050327599,1,0
5588,2.318143606185913,0.19787409901618958,1,0
5589,3.3359761238098145,0.030723825097084045,1,0
5590,3.802985668182373,0.2612926959991455,1,0
5591,3.8854544162750244,0.012258973903954029,1,0
5592,3.4341206550598145,0.03067309968173504,1,0
5593,3.6963508129119873,0.020679069682955742,1,0
5594,3.8108742237091064,0.017955269664525986,1,0
5595,4.012352466583252,0.10274069756269455,1,0
5596,3.743659496307373,0.0900842472910881,1,0
5597,4.09690523147583,0.22176161408424377,1,0
5598,3.956739902496338,0.03381922468543053,1,0
5599,3.9535553455352783,0.019239554181694984,1,0
5600,4.42940092086792,0.12872081995010376,1,0
5601,3.956557273864746,0.12722253799438477,1,0
5602,3.9055192470550537,0.14000996947288513,1,0
5603,4.033572196960449,0.016501426696777344,1,0
5604,3.9278645515441895,0.16338688135147095,1,0
5605,4.346245288848877,0.297838419675827,1,0
5606,4.6278395652771,0.35967689752578735,1,0
5607,4.005585670471191,0.04387526214122772,1,0
5608,4.040534019470215,0.04885655269026756,1,0
5609,4.292665481567383,0.364834725856781,1,0
5610,4.127819538116455,0.004124736879020929,1,0
5611,4.475727081298828,0.002934203250333667,1,0
5612,4.327383041381836,0.008348657749593258,1,0
5613,3.9204955101013184,0.01464986801147461,1,0
5614,4.270290851593018,0.0008066417067311704,1,0
5615,4.749349117279053,0.8635002970695496,1,0
5616,3.9769184589385986,0.07925064116716385,1,0
5617,3.977735757827759,0.008866102434694767,1,0
5618,4.038583278656006,0.0477367639541626,1,0
5619,3.892199993133545,0.20011265575885773,1,0
5620,3.706655979156494,0.00016573407629039139,1,0
5621,4.019007205963135,0.0715007334947586,1,0
5622,4.240509033203125,0.13837537169456482,1,0
5623,4.4139862060546875,0.1899951994419098,1,0
5624,3.902688503265381,0.029790515080094337,1,0
5625,3.5496058464050293,0.0039154901169240475,1,0
5626,4.338832378387451,0.21514037251472473,1,0
5627,2.5672154426574707,0.10870837420225143,1,0
5628,3.2246594429016113,0.1715134233236313,1,0
5629,2.8367137908935547,0.021838394924998283,1,0
5630,3.6932241916656494,0.0036542953457683325,1,0
5631,3.3851945400238037,0.02751701883971691,1,0
5632,3.674415111541748,0.004605299327522516,1,0
5633,3.995954990386963,0.0019382539903745055,1,0
5634,3.878979444503784,0.0988740399479866,1,0
5635,4.2061309814453125,0.06915145367383957,1,0
5636,4.703704357147217,0.892143726348877,1,0
5637,3.2476093769073486,0.010273699648678303,1,0
5638,3.5181849002838135,0.021173253655433655,1,0
5639,3.417015552520752,0.015534202568233013,1,0
5640,4.624967575073242,0.12114910036325455,1,0
5641,3.8429906368255615,0.0006407619803212583,1,0
5642,3.433711528778076,0.11667665094137192,1,0
5643,3.537247657775879,0.1369931399822235,1,0
5644,3.1433982849121094,0.02342349849641323,1,0
5645,3.2227604389190674,0.0233408585190773,1,0
5646,3.2372617721557617,0.0029572495259344578,1,0
5647,4.101468563079834,0.1495560109615326,1,0
5648,4.041939735412598,0.06399316340684891,1,0
5649,2.7149126529693604,0.09290987998247147,1,0
5650,3.4641780853271484,0.1498696655035019,1,0
5651,3.3451650142669678,0.0038254335522651672,1,0
5652,3.221754789352417,0.0016148105496540666,1,0
5653,3.944772720336914,0.0754556879401207,1,0
5654,3.275522470474243,0.0019416544819250703,1,0
5655,3.5639429092407227,0.026310687884688377,1,0
5656,4.114763259887695,0.052267324179410934,1,0
5657,3.9982213973999023,0.2869223356246948,1,0
5658,3.0932540893554688,0.020418992266058922,1,0
5659,3.753474235534668,0.026410967111587524,1,0
5660,3.557354688644409,0.1589394062757492,1,0
5661,3.4910500049591064,0.14735476672649384,1,0
5662,4.309502124786377,0.2075629085302353,1,0
5663,3.841444253921509,0.033239614218473434,1,0
5664,3.4908275604248047,0.12858237326145172,1,0
5665,3.434324264526367,0.08761047571897507,1,0
5666,3.8089420795440674,0.010009360499680042,1,0
5667,4.48177433013916,0.13422122597694397,1,0
5668,3.1601004600524902,0.23380957543849945,1,0
5669,3.175837993621826,0.0005306461243890226,1,0
5670,3.4679768085479736,0.008935297839343548,1,0
5671,3.3654427528381348,0.038065679371356964,1,0
5672,3.767240524291992,0.011232152581214905,1,0
5673,3.8249876499176025,0.03409308195114136,1,0
5674,3.7323718070983887,0.0694970116019249,1,0
5675,3.766970157623291,0.7298967242240906,1,0
5676,3.698254108428955,0.05134915933012962,1,0
5677,3.594768524169922,0.0045778341591358185,1,0
5678,3.9468021392822266,0.07887616753578186,1,0
5679,3.722169876098633,0.026313820853829384,1,0
5680,3.449577808380127,0.08400913327932358,1,0
5681,3.4557435512542725,0.08256646245718002,1,0
5682,3.6198039054870605,0.013188458979129791,1,0
5683,3.495117664337158,0.12241537868976593,1,0
5684,3.736877202987671,0.5657307505607605,1,0
5685,3.5134284496307373,0.0022498168982565403,1,0
5686,3.519138813018799,0.2063862532377243,1,0
5687,3.067233085632324,0.3493686616420746,1,0
5688,3.529038190841675,0.047387391328811646,1,0
5689,3.7737340927124023,0.21706044673919678,1,0
5690,4.018685340881348,0.4383661448955536,1,0
5691,3.6975340843200684,0.000348708126693964,1,0
5692,4.065126895904541,0.16656184196472168,1,0
5693,3.9198193550109863,0.01343564409762621,1,0
5694,3.858566999435425,0.01100219413638115,1,0
5695,4.126534461975098,0.005170460790395737,1,0
5696,3.2471070289611816,0.05678686127066612,1,0
5697,3.7730889320373535,0.013058006763458252,1,0
5698,3.4748151302337646,0.0005431682802736759,1,0
5699,3.9506449699401855,0.11696691811084747,1,0
5700,3.851339101791382,0.014250809326767921,1,0
5701,3.3589377403259277,2.2452417397289537e-05,1,0
5702,3.367011547088623,0.012012333609163761,1,0
5703,3.589855194091797,0.024923764169216156,1,0
5704,3.6135218143463135,0.013124257326126099,1,0
5705,3.6946003437042236,0.03966370224952698,1,0
5706,3.7413809299468994,0.04213027283549309,1,0
5707,2.9052982330322266,0.01789325289428234,1,0
5708,3.4795103073120117,0.8530043959617615,1,0
5709,4.094831943511963,0.03354646638035774,1,0
5710,3.5101318359375,0.05089530348777771,1,0
5711,3.2430226802825928,0.10707272589206696,1,0
5712,3.620112895965576,0.18347318470478058,1,0
5713,3.7317495346069336,0.07677092403173447,1,0
5714,3.456256151199341,0.24405479431152344,1,0
5715,3.2086286544799805,0.058105260133743286,1,0
5716,3.658665895462036,0.031661227345466614,1,0
5717,3.4586188793182373,0.06927331537008286,1,0
5718,3.0656914710998535,0.011864711530506611,1,0
5719,3.788541316986084,0.02498474530875683,1,0
5720,3.610590934753418,0.005612538196146488,1,0
5721,3.6929216384887695,0.7175328731536865,1,0
5722,3.6700613498687744,0.00413962546736002,1,0
5723,3.7684013843536377,0.22912025451660156,1,0
5724,3.7474210262298584,0.20460139214992523,1,0
5725,3.3149304389953613,0.04822295531630516,1,0
5726,3.1228418350219727,0.5693513751029968,1,0
5727,3.6303844451904297,0.0008066417067311704,1,0
5728,4.049450874328613,0.008433522656559944,1,0
5729,3.4052796363830566,0.019020652398467064,1,0
5730,3.593353509902954,0.21104195713996887,1,0
5731,3.7094690799713135,0.001356889377348125,1,0
5732,3.1506540775299072,0.08272182196378708,1,0
5733,3.322439432144165,0.14249078929424286,1,0
5734,3.353266954421997,0.16358979046344757,1,0
5735,3.5741841793060303,0.09347552061080933,1,0
5736,4.0635247230529785,0.009986202232539654,1,0
5737,3.438565492630005,0.17455630004405975,1,0
5738,3.903627872467041,0.2883404791355133,1,0
5739,3.357346534729004,0.28419944643974304,1,0
5740,4.331965446472168,0.04721948131918907,1,0
5741,3.700670003890991,0.054591573774814606,1,0
5742,3.618044853210449,0.044491928070783615,1,0
5743,3.659764289855957,0.2051343023777008,1,0
5744,3.462751626968384,0.10770522803068161,1,0
5745,3.7785470485687256,0.15904714167118073,1,0
5746,4.279454708099365,0.551607608795166,1,0
5747,4.2309088706970215,0.03669990226626396,1,0
5748,3.8676350116729736,0.02969731204211712,1,0
5749,4.129137992858887,0.45714375376701355,1,0
5750,3.5292553901672363,0.05982999876141548,1,0
5751,3.8201942443847656,0.0206014271825552,1,0
5752,3.365110158920288,0.3387271463871002,1,0
5753,3.2593600749969482,0.04287436231970787,1,0
5754,3.6410439014434814,0.09553439915180206,1,0
5755,2.6194260120391846,0.4749840199947357,1,0
5756,3.2116410732269287,0.05507969856262207,1,0
5757,3.2383861541748047,0.15033328533172607,1,0
5758,2.663487195968628,0.12007659673690796,1,0
5759,2.93019437789917,0.1033540889620781,1,0
5760,2.9682705402374268,0.009052444249391556,1,0
5761,2.300413131713867,0.3533156216144562,1,0
5762,2.474576234817505,0.00860633049160242,1,0
5763,2.7999672889709473,0.02289479970932007,1,0
5764,2.8370018005371094,0.002045053755864501,1,0
5765,2.9635274410247803,0.0004556909261737019,1,0
5766,2.5210177898406982,0.024644220247864723,1,0
5767,2.794154405593872,0.1015501543879509,1,0
5768,2.6570346355438232,0.20365957915782928,1,0
5769,2.6817169189453125,0.15726636350154877,1,0
5770,2.729862689971924,0.10260462760925293,1,0
5771,2.5190649032592773,0.33283308148384094,1,0
5772,2.8540866374969482,0.12035097181797028,1,0
5773,2.598450183868408,0.04617677256464958,1,0
5774,2.9129748344421387,0.3660481870174408,1,0
5775,3.0897276401519775,0.01721308007836342,1,0
5776,2.9426939487457275,0.41815805435180664,1,0
5777,2.682464122772217,0.3202929198741913,1,0
5778,2.6896605491638184,0.20389483869075775,1,0
5779,2.9685747623443604,0.013545490801334381,1,0
5780,2.771296739578247,0.10158705711364746,1,0
5781,2.8067452907562256,0.035123564302921295,1,0
5782,2.99177622795105,0.026098227128386497,1,0
5783,3.8108456134796143,0.11287765949964523,1,0
5784,3.4225311279296875,0.4240573048591614,1,0
5785,2.7565181255340576,3.0143344402313232,1,0
5786,3.0331478118896484,0.05334508419036865,1,0
5787,3.732119560241699,0.01956755481660366,1,0
5788,2.726069450378418,0.016087522730231285,1,0
5789,2.890537977218628,0.21191178262233734,1,0
5790,3.14608097076416,0.0038361852057278156,1,0
5791,2.9364607334136963,0.0035488910507410765,1,0
5792,3.1267592906951904,0.00526386545971036,1,0
5793,3.198195695877075,0.003278300864621997,1,0
5794,3.4999897480010986,0.07665332406759262,1,0
5795,3.5204317569732666,0.1790032982826233,1,0
5796,3.783421516418457,0.02192404679954052,1,0
5797,3.607523202896118,0.03473758324980736,1,0
5798,3.6248650550842285,0.02655859850347042,1,0
5799,3.946864128112793,0.00017378070333506912,1,0
5800,4.072640895843506,0.029445065185427666,1,0
5801,3.517451047897339,9.957291331375018e-05,1,0
5802,3.6041603088378906,0.006501192692667246,1,0
5803,3.738905906677246,0.053738098591566086,1,0
5804,3.260983943939209,0.2114500105381012,1,0
5805,3.393320083618164,0.08677836507558823,1,0
5806,3.5430591106414795,0.03953311964869499,1,0
5807,3.62876033782959,0.002605237066745758,1,0
5808,3.3192028999328613,0.03894052654504776,1,0
5809,3.326003313064575,0.05440232902765274,1,0
5810,3.350187063217163,0.05610361322760582,1,0
5811,3.9126687049865723,0.00017736107110977173,1,0
5812,3.747196912765503,0.11250833421945572,1,0
5813,3.7260842323303223,0.02694689668715,1,0
5814,2.9659907817840576,0.02775445394217968,1,0
5815,3.0749151706695557,0.016161048784852028,1,0
5816,3.655261278152466,0.09901367872953415,1,0
5817,3.4556703567504883,0.00908552948385477,1,0
5818,3.6660420894622803,0.060535501688718796,1,0
5819,3.879182815551758,0.040374141186475754,1,0
5820,3.8412344455718994,0.027385903522372246,1,0
5821,4.097592353820801,0.010965783149003983,1,0
5822,3.6980319023132324,0.0603836365044117,1,0
5823,3.4198453426361084,0.009037759155035019,1,0
5824,3.990964889526367,0.13321898877620697,1,0
5825,3.531153678894043,0.005539035890251398,1,0
5826,3.9021975994110107,0.011634577997028828,1,0
5827,3.9137680530548096,0.1299981325864792,1,0
5828,3.8503634929656982,0.08479415625333786,1,0
5829,3.749868869781494,0.02153710089623928,1,0
5830,3.97408127784729,0.008150565437972546,1,0
5831,3.0095739364624023,0.012182162143290043,1,0
5832,3.3687901496887207,0.00825545098632574,1,0
5833,4.044471740722656,0.05385449528694153,1,0
5834,3.297452926635742,0.0016925082309171557,1,0
5835,3.7170166969299316,0.0038745347410440445,1,0
5836,2.8764748573303223,0.2639930844306946,1,0
5837,3.934547185897827,0.01836360991001129,1,0
5838,3.8114845752716064,0.009845897555351257,1,0
5839,1.9989893436431885,0.019497422501444817,1,0
5840,2.8776605129241943,0.00046855295659042895,1,0
5841,4.052605152130127,0.07318790256977081,1,0
5842,3.754789113998413,0.005270869471132755,1,0
5843,3.924659252166748,0.11404138803482056,1,0
5844,3.3270950317382812,0.18268036842346191,1,0
5845,4.312480926513672,0.07090844959020615,1,0
5846,4.163167476654053,0.06617441028356552,1,0
5847,4.00007438659668,0.0329972580075264,1,0
5848,4.3130669593811035,0.09852235019207001,1,0
5849,3.8737056255340576,0.05949527025222778,1,0
5850,4.350351810455322,0.12417745590209961,1,0
5851,4.371588230133057,6.744647544110194e-05,1,0
5852,4.054910182952881,0.02007295936346054,1,0
5853,3.7537646293640137,0.002827504649758339,1,0
5854,3.747483730316162,0.01169294398277998,1,0
5855,3.1014039516448975,0.006843282375484705,1,0
5856,3.420524835586548,0.060954123735427856,1,0
5857,3.827526330947876,0.004435312002897263,1,0
5858,3.370278835296631,0.0219354797154665,1,0
5859,3.7509727478027344,0.0002790578582789749,1,0
5860,3.799971580505371,0.4164125621318817,1,0
5861,3.4296875,0.008477892726659775,1,0
5862,3.5798745155334473,0.011597134172916412,1,0
5863,3.4837143421173096,0.0006545149954035878,1,0
5864,3.838479995727539,4.841396730626002e-05,1,0
5865,3.848376750946045,0.007282816804945469,1,0
5866,3.7777276039123535,0.0034847937058657408,1,0
5867,3.148592233657837,0.008957204408943653,1,0
5868,3.615837574005127,0.024647248908877373,1,0
5869,3.591005802154541,0.03801297768950462,1,0
5870,3.6274542808532715,0.0014908612938597798,1,0
5871,3.7149782180786133,0.024006051942706108,1,0
5872,3.70481276512146,0.0010848575038835406,1,0
5873,4.008592128753662,8.387500565731898e-05,1,0
5874,3.0978426933288574,0.016990961506962776,1,0
5875,3.579990863800049,0.007148377597332001,1,0
5876,3.395648956298828,0.026014110073447227,1,0
5877,3.1756889820098877,0.4869774878025055,1,0
5878,3.839188575744629,0.036500509828329086,1,0
5879,4.173657417297363,0.09802619367837906,1,0
5880,3.6876041889190674,0.07242754101753235,1,0
5881,3.9830846786499023,0.028229141607880592,1,0
5882,3.3260788917541504,2.1235086933302227e-06,1,0
5883,3.5883419513702393,0.003676497144624591,1,0
5884,3.824373483657837,0.0346548967063427,1,0
5885,3.33319091796875,0.08160427212715149,1,0
5886,3.5016963481903076,0.12267211824655533,1,0
5887,2.949756383895874,4.3191110307816416e-05,1,0
5888,3.399460554122925,0.010397317819297314,1,0
5889,3.0927517414093018,0.03145892545580864,1,0
5890,3.3385751247406006,0.0135252820327878,1,0
5891,3.618208885192871,0.008161023259162903,1,0
5892,3.734156608581543,0.007470132317394018,1,0
5893,3.3189494609832764,0.0210498608648777,1,0
5894,3.8554599285125732,0.04963608458638191,1,0
5895,4.045093059539795,0.001906941062770784,1,0
5896,4.211407661437988,0.011439704336225986,1,0
5897,3.674025297164917,0.14939182996749878,1,0
5898,4.5794501304626465,0.3664686679840088,1,0
5899,3.72575044631958,3.922740143025294e-05,1,0
5900,4.177908420562744,0.001726022339425981,1,0
5901,4.106963157653809,0.024131817743182182,1,0
5902,4.0344648361206055,0.21148550510406494,1,0
5903,4.190393924713135,0.05492579564452171,1,0
5904,4.206511497497559,0.10568151623010635,1,0
5905,3.6775753498077393,0.002717748750001192,1,0
5906,3.7626819610595703,0.012930397875607014,1,0
5907,4.001185417175293,0.006551087833940983,1,0
5908,3.752964496612549,0.1246267557144165,1,0
5909,4.312403202056885,0.002467223210260272,1,0
5910,4.093430995941162,0.02130546048283577,1,0
5911,3.8296010494232178,0.0006204062374308705,1,0
5912,3.19062876701355,0.07906600832939148,1,0
5913,3.7762815952301025,0.0411221943795681,1,0
5914,3.851327896118164,0.03923435136675835,1,0
5915,3.9601938724517822,0.00438404455780983,1,0
5916,3.563352584838867,0.0016585364937782288,1,0
5917,3.8221352100372314,0.017385704442858696,1,0
5918,4.263298988342285,0.11015132814645767,1,0
5919,2.807297945022583,0.05486248806118965,1,0
5920,3.7178561687469482,0.0020880461670458317,1,0
5921,3.9374961853027344,0.00934678316116333,1,0
5922,3.9115536212921143,0.015618512406945229,1,0
5923,3.706719398498535,0.044321104884147644,1,0
5924,3.2661399841308594,0.022473294287919998,1,0
5925,3.1647260189056396,0.32609736919403076,1,0
5926,3.9976322650909424,0.0416286438703537,1,0
5927,3.7415685653686523,0.010218995623290539,1,0
5928,3.7168946266174316,0.6234293580055237,1,0
5929,3.6978511810302734,0.0693851187825203,1,0
5930,3.730384349822998,0.017725827172398567,1,0
5931,3.8519511222839355,0.02036111429333687,1,0
5932,3.927917242050171,0.028812600299715996,1,0
5933,3.8837530612945557,0.002065178006887436,1,0
5934,3.885683298110962,0.05835210904479027,1,0
5935,3.830659866333008,0.07763972133398056,1,0
5936,3.1771411895751953,0.004175716545432806,1,0
5937,3.839430093765259,0.4894859492778778,1,0
5938,4.347800254821777,0.022519612684845924,1,0
5939,3.5060999393463135,0.005874351132661104,1,0
5940,3.865291118621826,0.008015216328203678,1,0
5941,3.539351224899292,0.24267418682575226,1,0
5942,4.019906044006348,0.0033404789865016937,1,0
5943,3.6925809383392334,0.07884906977415085,1,0
5944,3.7640349864959717,0.051410406827926636,1,0
5945,3.86128830909729,0.0029331580735743046,1,0
5946,3.4434287548065186,0.015161193907260895,1,0
5947,2.9679336547851562,0.06276383996009827,1,0
5948,3.472304344177246,0.0028501288034021854,1,0
5949,3.0072367191314697,0.00553042022511363,1,0
5950,3.694805145263672,0.00679069384932518,1,0
5951,2.9836459159851074,0.04402497410774231,1,0
5952,2.784958600997925,0.0010050111450254917,1,0
5953,2.7650694847106934,0.005644394550472498,1,0
5954,3.1559059619903564,0.0500454381108284,1,0
5955,3.221583843231201,0.14966051280498505,1,0
5956,3.881345510482788,0.03136998042464256,1,0
5957,3.7879905700683594,0.04341156408190727,1,0
5958,3.3830149173736572,0.034622564911842346,1,0
5959,3.7943220138549805,0.0066137248650193214,1,0
5960,3.091850996017456,0.4282151162624359,1,0
5961,3.602787733078003,0.03386538103222847,1,0
5962,3.645961046218872,0.1326560229063034,1,0
5963,4.046150207519531,0.013832280412316322,1,0
5964,3.5602049827575684,0.03073059394955635,1,0
5965,3.599574565887451,0.0016530387802049518,1,0
5966,4.405694961547852,0.037130068987607956,1,0
5967,3.8230090141296387,0.00644528865814209,1,0
5968,3.665339708328247,0.03562816604971886,1,0
5969,3.881112813949585,0.3611948490142822,1,0
5970,3.520749568939209,0.004502405412495136,1,0
5971,4.065168380737305,0.02220788598060608,1,0
5972,4.194705009460449,0.00024411464983131737,1,0
5973,4.1526360511779785,0.3826746940612793,1,0
5974,4.311521530151367,0.008204671554267406,1,0
5975,3.628187417984009,0.00039444901631213725,1,0
5976,4.006988525390625,0.09037413448095322,1,0
5977,3.9793782234191895,0.05562461167573929,1,0
5978,3.964437484741211,0.02877657115459442,1,0
5979,3.899094343185425,0.022505132481455803,1,0
5980,3.9039788246154785,0.012207739055156708,1,0
5981,3.7393031120300293,0.0024662648793309927,1,0
5982,3.9823720455169678,0.18880243599414825,1,0
5983,3.989637851715088,0.04517441615462303,1,0
5984,3.0912065505981445,0.08971387147903442,1,0
5985,3.374793291091919,0.22278077900409698,1,0
5986,3.1969003677368164,0.033716365694999695,1,0
5987,3.442702054977417,0.002031981945037842,1,0
5988,3.8250927925109863,0.03545350953936577,1,0
5989,3.4847640991210938,0.10027485340833664,1,0
5990,3.7166974544525146,0.005784459412097931,1,0
5991,3.614431381225586,0.10402530431747437,1,0
5992,3.8691368103027344,0.023997081443667412,1,0
5993,3.2004802227020264,0.010788642801344395,1,0
5994,3.9251480102539062,0.008315183222293854,1,0
5995,3.975597620010376,2.4318787836818956e-05,1,0
5996,3.66628098487854,0.008185452781617641,1,0
5997,3.7383086681365967,0.21020929515361786,1,0
5998,3.4609627723693848,0.009350515902042389,1,0
5999,3.883239984512329,0.011443833820521832,1,0
6000,3.5971577167510986,0.004001709166914225,1,0
6001,3.4084317684173584,0.017692437395453453,1,0
6002,4.116907119750977,0.015313674695789814,1,0
6003,3.4612491130828857,0.025908375158905983,1,0
6004,4.139279842376709,0.11874933540821075,1,0
6005,3.427257537841797,0.003274986520409584,1,0
6006,3.8013505935668945,0.03156856819987297,1,0
6007,3.833545684814453,0.9696890711784363,1,0
6008,4.030453681945801,0.028430556878447533,1,0
6009,3.6195576190948486,0.036862775683403015,1,0
6010,3.7928521633148193,0.025235537439584732,1,0
6011,4.048060894012451,0.13878491520881653,1,0
6012,3.945876121520996,0.34242165088653564,1,0
6013,3.4259374141693115,0.034192945808172226,1,0
6014,3.7674596309661865,0.005849229637533426,1,0
6015,3.7821085453033447,0.00869609136134386,1,0
6016,3.9722483158111572,0.10921168327331543,1,0
6017,3.7242000102996826,0.06131681427359581,1,0
6018,3.292346715927124,0.10396306961774826,1,0
6019,3.427858591079712,0.1380811482667923,1,0
6020,4.017253875732422,0.09160840511322021,1,0
6021,3.7970006465911865,0.1054244190454483,1,0
6022,4.4797821044921875,0.05723849684000015,1,0
6023,3.7017629146575928,0.004095040261745453,1,0
6024,3.356508731842041,0.005426135845482349,1,0
6025,3.4688968658447266,0.018032941967248917,1,0
6026,3.2555506229400635,0.21518512070178986,1,0
6027,3.726799964904785,0.007624393794685602,1,0
6028,3.8283421993255615,0.0018310133600607514,1,0
6029,3.7253143787384033,0.04757244512438774,1,0
6030,3.920366048812866,0.0011585400206968188,1,0
6031,3.008620262145996,0.0012049832148477435,1,0
6032,2.783289909362793,0.0967852994799614,1,0
6033,3.3169667720794678,0.043895479291677475,1,0
6034,2.7826731204986572,0.007498518563807011,1,0
6035,2.9786598682403564,0.05317581817507744,1,0
6036,2.9895617961883545,0.0012763593113049865,1,0
6037,2.8260436058044434,0.0020774758886545897,1,0
6038,3.0171122550964355,0.0015028089983388782,1,0
6039,3.6241869926452637,0.00033727000118233263,1,0
6040,3.989163637161255,0.14830465614795685,1,0
6041,3.2907493114471436,0.016692889854311943,1,0
6042,3.125650644302368,0.00014112899953033775,1,0
6043,3.4771578311920166,0.05192370340228081,1,0
6044,2.742863416671753,0.009756091050803661,1,0
6045,2.8394994735717773,0.18729586899280548,1,0
6046,3.2706305980682373,0.02352404035627842,1,0
6047,2.971802234649658,0.013022742234170437,1,0
6048,3.099566698074341,0.13156162202358246,1,0
6049,3.214937686920166,0.04045174643397331,1,0
6050,3.2584476470947266,0.06352043151855469,1,0
6051,2.762873649597168,0.00027744806720875204,1,0
6052,2.942258358001709,0.00048711607814766467,1,0
6053,3.192365884780884,0.04577120766043663,1,0
6054,3.05613112449646,0.03678499534726143,1,0
6055,3.233212471008301,0.1326560229063034,1,0
6056,3.046812057495117,0.2555919587612152,1,0
6057,3.4446756839752197,0.12370181083679199,1,0
6058,3.1313514709472656,0.005752209573984146,1,0
6059,3.1683061122894287,0.16004936397075653,1,0
6060,3.3331048488616943,0.04616018384695053,1,0
6061,3.415656089782715,0.022568879649043083,1,0
6062,3.10642671585083,0.0699659213423729,1,0
6063,3.3843233585357666,0.13140065968036652,1,0
6064,2.94462513923645,0.1940038949251175,1,0
6065,2.5997445583343506,0.041494857519865036,1,0
6066,2.8893167972564697,0.0018359720706939697,1,0
6067,3.0608441829681396,0.07407825440168381,1,0
6068,3.1044580936431885,0.2698363959789276,1,0
6069,3.7772908210754395,0.02198982611298561,1,0
6070,3.656320095062256,0.05843139439821243,1,0
6071,4.148388385772705,4.5244491047924384e-05,1,0
6072,4.223811626434326,0.005736118648201227,1,0
6073,3.9481425285339355,0.003268362721428275,1,0
6074,3.85920786857605,0.0924515649676323,1,0
6075,3.9190526008605957,0.14297936856746674,1,0
6076,3.9881210327148438,0.010772611014544964,1,0
6077,4.094184875488281,0.2626461088657379,1,0
6078,3.602717399597168,0.14799264073371887,1,0
6079,4.2437357902526855,0.00934305228292942,1,0
6080,3.043614387512207,0.3471930921077728,1,0
6081,3.415856122970581,0.02041347697377205,1,0
6082,3.5427744388580322,0.032720860093832016,1,0
6083,2.8014168739318848,0.01169294398277998,1,0
6084,3.121887683868408,0.12614399194717407,1,0
6085,3.2807071208953857,0.13366317749023438,1,0
6086,3.8298349380493164,0.008968167938292027,1,0
6087,3.9292664527893066,0.009801898151636124,1,0
6088,3.636577606201172,1.8253922462463379e-06,1,0
6089,3.339423894882202,0.05282479152083397,1,0
6090,3.431638240814209,0.06868022680282593,1,0
6091,3.6424965858459473,0.07183142006397247,1,0
6092,3.889960765838623,0.011586743406951427,1,0
6093,3.8199963569641113,0.007785339839756489,1,0
6094,3.804427146911621,0.010628857649862766,1,0
6095,3.4759247303009033,0.12355250120162964,1,0
6096,3.490290641784668,0.006749403662979603,1,0
6097,3.3367393016815186,0.008428205735981464,1,0
6098,2.96687912940979,0.013705451972782612,1,0
6099,2.5213050842285156,0.07835124433040619,1,0
6100,3.7315165996551514,0.13502144813537598,1,0
6101,3.7131707668304443,0.00938975065946579,1,0
6102,3.924121141433716,0.041416265070438385,1,0
6103,3.761077404022217,0.08278290182352066,1,0
6104,4.222706317901611,0.044012825936079025,1,0
6105,3.807576894760132,0.040416814386844635,1,0
6106,4.129486560821533,6.839726211183006e-06,1,0
6107,4.129894256591797,0.0001654856896493584,1,0
6108,4.147739887237549,0.01926097832620144,1,0
6109,3.751880407333374,7.88271427154541e-05,1,0
6110,3.9243218898773193,0.09142156690359116,1,0
6111,4.6860175132751465,0.03059540130198002,1,0
6112,4.852996349334717,0.23586729168891907,1,0
6113,4.001153469085693,0.1369217038154602,1,0
6114,3.9768002033233643,0.38191092014312744,1,0
6115,4.30775785446167,0.001461200532503426,1,0
6116,3.721569538116455,0.07342829555273056,1,0
6117,3.9826133251190186,0.00022926936799194664,1,0
6118,4.273299694061279,0.028135178610682487,1,0
6119,3.955705404281616,0.01645187847316265,1,0
6120,4.166808128356934,0.14879563450813293,1,0
6121,3.9401016235351562,0.07250547409057617,1,0
6122,3.549820899963379,0.11609720438718796,1,0
6123,4.103856086730957,0.0021270327270030975,1,0
6124,4.275473594665527,0.011054894886910915,1,0
6125,3.583125114440918,0.047336988151073456,1,0
6126,3.033930778503418,0.002354456577450037,1,0
6127,3.004182815551758,0.001026540994644165,1,0
6128,3.549009323120117,0.008103585802018642,1,0
6129,3.610985517501831,0.037398334592580795,1,0
6130,3.357132911682129,0.049027349799871445,1,0
6131,3.744800329208374,1.189205818263872e-06,1,0
6132,3.5132617950439453,9.5367431640625e-06,1,0
6133,3.6551201343536377,0.28885892033576965,1,0
6134,3.2769296169281006,0.002484510187059641,1,0
6135,3.084562063217163,0.0490829199552536,1,0
6136,3.495088815689087,0.14723624289035797,1,0
6137,4.0873637199401855,0.0005691111437045038,1,0
6138,3.412536859512329,0.03991780802607536,1,0
6139,3.3136682510375977,0.0013483711518347263,1,0
6140,3.55379056930542,0.0033471756614744663,1,0
6141,3.4507272243499756,0.003039684845134616,1,0
6142,3.313730001449585,0.05296684056520462,1,0
6143,3.2171690464019775,0.1274704933166504,1,0
6144,3.1161489486694336,0.023675257340073586,1,0
6145,3.0024733543395996,0.08162632584571838,1,0
6146,2.9689111709594727,0.05789608508348465,1,0
6147,3.5068445205688477,0.06416905671358109,1,0
6148,3.2134013175964355,0.010828775353729725,1,0
6149,3.535905122756958,0.0488608181476593,1,0
6150,3.5133872032165527,0.12326773256063461,1,0
6151,3.800381660461426,0.022685011848807335,1,0
6152,3.1230008602142334,0.07530201971530914,1,0
6153,4.415916442871094,0.001063350704498589,1,0
6154,4.558954238891602,0.7773082852363586,1,0
6155,3.445807933807373,0.21167194843292236,1,0
6156,2.7381601333618164,0.19956909120082855,1,0
6157,2.9397451877593994,0.014064788818359375,1,0
6158,3.2199642658233643,0.0066137248650193214,1,0
6159,2.849606513977051,0.08779338002204895,1,0
6160,3.0294668674468994,0.25002166628837585,1,0
6161,3.0257792472839355,0.0018252365989610553,1,0
6162,3.1466469764709473,0.03124021366238594,1,0
6163,3.4246959686279297,0.14210490882396698,1,0
6164,3.3200173377990723,0.024626044556498528,1,0
6165,2.653420925140381,0.025759467855095863,1,0
6166,2.9957633018493652,0.24647314846515656,1,0
6167,3.6723740100860596,0.013900463469326496,1,0
6168,3.592099905014038,0.016518786549568176,1,0
6169,3.336876630783081,0.0024157247971743345,1,0
6170,3.25331449508667,0.02927309274673462,1,0
6171,3.4000632762908936,0.0033561147283762693,1,0
6172,3.5888113975524902,0.04396020248532295,1,0
6173,3.4936506748199463,0.027127796784043312,1,0
6174,3.6717770099639893,0.003417894709855318,1,0
6175,3.629848003387451,0.03222350403666496,1,0
6176,3.2487196922302246,0.0054489076137542725,1,0
6177,3.624626398086548,0.004528344608843327,1,0
6178,3.667886257171631,0.037615131586790085,1,0
6179,3.686980724334717,0.29267850518226624,1,0
6180,3.6648011207580566,4.466716291062767e-06,1,0
6181,3.9710543155670166,0.40628671646118164,1,0
6182,3.6043105125427246,0.0023311011027544737,1,0
6183,4.026554107666016,0.0025076530873775482,1,0
6184,4.038905620574951,0.025303035974502563,1,0
6185,3.688403606414795,0.007047560065984726,1,0
6186,3.5892696380615234,0.08594458550214767,1,0
6187,3.663414239883423,0.05386345461010933,1,0
6188,3.9748566150665283,0.48692360520362854,1,0
6189,3.9286792278289795,0.04104785993695259,1,0
6190,3.4204938411712646,0.057905375957489014,1,0
6191,3.8653244972229004,0.030646061524748802,1,0
6192,3.6751320362091064,0.0006436967523768544,1,0
6193,3.373335123062134,0.025986099615693092,1,0
6194,3.775120735168457,0.015814505517482758,1,0
6195,3.441190719604492,0.026345137506723404,1,0
6196,3.8412721157073975,7.695341628277674e-05,1,0
6197,3.682724714279175,0.001999054802581668,1,0
6198,3.8742260932922363,0.14043639600276947,1,0
6199,3.655195713043213,0.12833333015441895,1,0
6200,3.8775792121887207,0.15240584313869476,1,0
6201,4.029497146606445,0.2057904452085495,1,0
6202,3.798496723175049,0.06168058514595032,1,0
6203,3.941873073577881,0.02718186378479004,1,0
6204,3.716233968734741,0.01569821499288082,1,0
6205,3.297337293624878,0.10502997785806656,1,0
6206,3.8326845169067383,0.06639803200960159,1,0
6207,3.938386917114258,0.0046407319605350494,1,0
6208,3.4040725231170654,6.415881443899707e-07,1,0
6209,3.3227133750915527,2.2178888684720732e-05,1,0
6210,3.4465909004211426,2.414081336610252e-06,1,0
6211,3.5650599002838135,0.21333575248718262,1,0
6212,3.3667478561401367,0.0001722574234008789,1,0
6213,3.2125771045684814,0.08048336952924728,1,0
6214,3.276629686355591,0.15173596143722534,1,0
6215,3.1257169246673584,0.04279845952987671,1,0
6216,3.578803062438965,0.02104146033525467,1,0
6217,3.7426400184631348,0.08218976110219955,1,0
6218,3.3619697093963623,0.17161735892295837,1,0
6219,3.7505242824554443,0.023541806265711784,1,0
6220,3.4223389625549316,0.013352992944419384,1,0
6221,3.1595256328582764,0.006535475142300129,1,0
6222,3.5134706497192383,0.0013314151437953115,1,0
6223,3.708240509033203,0.08324446529150009,1,0
6224,3.444032907485962,0.09071097522974014,1,0
6225,4.204326629638672,0.0012023047311231494,1,0
6226,4.264494895935059,0.108072929084301,1,0
6227,4.341867923736572,0.0062301792204380035,1,0
6228,2.5648422241210938,0.029458314180374146,1,0
6229,2.1508214473724365,0.01886127144098282,1,0
6230,3.4017550945281982,0.03910447284579277,1,0
6231,3.512096881866455,0.0004896753816865385,1,0
6232,3.0011165142059326,0.0091555742546916,1,0
6233,3.3552181720733643,0.15938600897789001,1,0
6234,3.631898880004883,0.06124992296099663,1,0
6235,3.3592634201049805,0.022528303787112236,1,0
6236,3.7960498332977295,0.11202976852655411,1,0
6237,3.706075668334961,0.036655545234680176,1,0
6238,4.3770060539245605,0.029016081243753433,1,0
6239,4.08305025100708,0.12240187078714371,1,0
6240,3.911956310272217,0.07874613255262375,1,0
6241,3.8525712490081787,0.032808199524879456,1,0
6242,4.1205525398254395,0.016968324780464172,1,0
6243,3.396700859069824,0.017016129568219185,1,0
6244,3.8009769916534424,0.07438325136899948,1,0
6245,4.257741451263428,0.1738312840461731,1,0
6246,4.303712844848633,0.16348831355571747,1,0
6247,4.273190021514893,0.02434215508401394,1,0
6248,4.390194892883301,0.006166358478367329,1,0
6249,4.265717506408691,0.034744780510663986,1,0
6250,4.1284027099609375,0.003346059238538146,1,0
6251,3.8865232467651367,0.013397636823356152,1,0
6252,3.969691514968872,0.022722817957401276,1,0
6253,3.9792120456695557,0.00014856169582344592,1,0
6254,4.340238571166992,0.11948875337839127,1,0
6255,4.0962300300598145,0.001344829797744751,1,0
6256,3.9989101886749268,0.00251345569267869,1,0
6257,3.7797601222991943,0.132712259888649,1,0
6258,3.894853353500366,0.0002240390604129061,1,0
6259,4.353528022766113,0.01264665462076664,1,0
6260,4.143651485443115,0.09409023821353912,1,0
6261,4.118992805480957,0.007508549839258194,1,0
6262,4.2072978019714355,0.002853220794349909,1,0
6263,4.009422302246094,0.0012339651584625244,1,0
6264,4.230479717254639,0.001913689891807735,1,0
6265,4.308488845825195,4.130937304580584e-05,1,0
6266,3.8587417602539062,0.09390679746866226,1,0
6267,4.313798904418945,0.03265455737709999,1,0
6268,4.176095485687256,0.20810845494270325,1,0
6269,3.747805118560791,0.01795009709894657,1,0
6270,4.201287269592285,0.034903258085250854,1,0
6271,3.8903419971466064,0.014736433513462543,1,0
6272,4.060337066650391,0.13077174127101898,1,0
6273,4.052950382232666,0.03747301921248436,1,0
6274,4.2654709815979,0.004856180399656296,1,0
6275,2.9244203567504883,0.02372577041387558,1,0
6276,2.814075231552124,0.019271692261099815,1,0
6277,3.725980043411255,0.003360588802024722,1,0
6278,3.053964614868164,0.10939035564661026,1,0
6279,3.836766004562378,0.025964325293898582,1,0
6280,4.144049644470215,0.00048371413140557706,1,0
6281,3.4785406589508057,0.021077873185276985,1,0
6282,4.013097286224365,0.02888472191989422,1,0
6283,4.013601779937744,0.09847994893789291,1,0
6284,3.902509927749634,0.01490797009319067,1,0
6285,4.357285976409912,0.0024081417359411716,1,0
6286,4.374754905700684,0.0016837849980220199,1,0
6287,4.0623297691345215,0.30665603280067444,1,0
6288,4.330731391906738,0.0004556909261737019,1,0
6289,3.873462438583374,0.07227179408073425,1,0
6290,3.4518511295318604,0.01275977399200201,1,0
6291,2.9459705352783203,0.027889668941497803,1,0
6292,3.5421528816223145,0.043536316603422165,1,0
6293,4.1595611572265625,0.005035345442593098,1,0
6294,3.756645917892456,0.01734755001962185,1,0
6295,3.3046746253967285,0.03604469448328018,1,0
6296,3.999811887741089,0.06551570445299149,1,0
6297,3.4395463466644287,0.0001151621327153407,1,0
6298,3.6551923751831055,0.0021057226695120335,1,0
6299,4.444876194000244,0.04320671036839485,1,0
6300,3.491525650024414,0.022113069891929626,1,0
6301,2.8404321670532227,0.01323060691356659,1,0
6302,3.6285438537597656,9.313225746154785e-05,1,0
6303,3.316736936569214,0.12268563359975815,1,0
6304,3.9218289852142334,0.003405493451282382,1,0
6305,3.1194753646850586,0.04428048059344292,1,0
6306,3.518430233001709,0.032178472727537155,1,0
6307,3.568363666534424,0.021744370460510254,1,0
6308,3.2282323837280273,3.541354089975357e-06,1,0
6309,3.506983995437622,0.06036467105150223,1,0
6310,3.853452444076538,0.13279664516448975,1,0
6311,4.506823539733887,0.0967852994799614,1,0
6312,3.773933172225952,0.0008276068838313222,1,0
6313,4.060173988342285,0.03992552310228348,1,0
6314,3.981135129928589,0.032216574996709824,1,0
6315,4.2159552574157715,0.0027107098139822483,1,0
6316,3.818657636642456,0.124000683426857,1,0
6317,3.83903169631958,0.001446481910534203,1,0
6318,4.090137004852295,0.015567898750305176,1,0
6319,4.230665683746338,8.003124821698293e-05,1,0
6320,4.000843048095703,0.0006714113987982273,1,0
6321,3.7748029232025146,0.017127089202404022,1,0
6322,4.236812114715576,0.15024350583553314,1,0
6323,3.9898412227630615,0.01412207167595625,1,0
6324,4.533215522766113,0.0015525975031778216,1,0
6325,4.186336994171143,0.03049757517874241,1,0
6326,4.254641056060791,0.000404090533265844,1,0
6327,4.14646577835083,0.019909223541617393,1,0
6328,4.180181503295898,0.0019621197134256363,1,0
6329,4.219118118286133,5.867425443284446e-06,1,0
6330,4.413095951080322,0.07210066169500351,1,0
6331,3.994703531265259,0.18041881918907166,1,0
6332,3.6600639820098877,0.0034461624454706907,1,0
6333,3.4881129264831543,0.034903258085250854,1,0
6334,3.8404293060302734,0.13895033299922943,1,0
6335,4.0937933921813965,0.008815288543701172,1,0
6336,3.823643922805786,0.19327346980571747,1,0
6337,2.7566630840301514,0.0736062228679657,1,0
6338,2.7272396087646484,0.06653735786676407,1,0
6339,3.170076608657837,0.049395572394132614,1,0
6340,3.766474962234497,0.021554099395871162,1,0
6341,3.8133809566497803,0.09706170111894608,1,0
6342,3.9827818870544434,0.004504995886236429,1,0
6343,4.239068508148193,0.0033617080189287663,1,0
6344,3.607787609100342,0.016802793368697166,1,0
6345,3.1313118934631348,0.00123532151337713,1,0
6346,3.187213897705078,0.10883568972349167,1,0
6347,3.1010892391204834,0.010591084137558937,1,0
6348,3.5451619625091553,0.10122442245483398,1,0
6349,3.2332730293273926,0.021176062524318695,1,0
6350,3.4728751182556152,0.02153710089623928,1,0
6351,3.0018081665039062,0.11892898380756378,1,0
6352,3.274752616882324,0.19038240611553192,1,0
6353,3.005286455154419,0.004976624622941017,1,0
6354,3.0818610191345215,0.022107331082224846,1,0
6355,3.1656923294067383,0.03439309820532799,1,0
6356,3.345402479171753,0.002626955509185791,1,0
6357,3.1624720096588135,0.19828641414642334,1,0
6358,3.4126996994018555,0.025660434737801552,1,0
6359,3.1242239475250244,0.042320650070905685,1,0
6360,3.324805974960327,0.024923764169216156,1,0
6361,2.930861473083496,0.001730034127831459,1,0
6362,3.051887273788452,0.008148822002112865,1,0
6363,3.1831016540527344,0.0010050111450254917,1,0
6364,3.245483875274658,0.10933291167020798,1,0
6365,3.2928967475891113,0.05298905447125435,1,0
6366,3.3360514640808105,0.000362171238521114,1,0
6367,3.3139073848724365,0.008308145217597485,1,0
6368,2.994354009628296,0.09324552863836288,1,0
6369,3.0951955318450928,0.021562600508332253,1,0
6370,3.341580629348755,0.011847898364067078,1,0
6371,3.316814422607422,0.008048081770539284,1,0
6372,3.2776710987091064,0.0160068366676569,1,0
6373,3.2577009201049805,0.0005984888412058353,1,0
6374,3.3269829750061035,0.0006679151556454599,1,0
6375,3.8774991035461426,0.15508489310741425,1,0
6376,3.313140630722046,0.08909060806035995,1,0
6377,3.187959671020508,0.004302636720240116,1,0
6378,3.269218921661377,0.009832496754825115,1,0
6379,3.4045956134796143,0.0006070183007977903,1,0
6380,3.439824104309082,0.08699455857276917,1,0
6381,3.4135406017303467,0.0030354298651218414,1,0
6382,3.6553471088409424,0.009594717994332314,1,0
6383,3.240811824798584,0.06287510693073273,1,0
6384,3.1539981365203857,0.005920299328863621,1,0
6385,3.5705604553222656,0.006784333381801844,1,0
6386,3.42266845703125,0.004787826910614967,1,0
6387,3.6081371307373047,0.09458821266889572,1,0
6388,3.6848978996276855,0.017426446080207825,1,0
6389,3.5979819297790527,0.004191946238279343,1,0
6390,3.960073471069336,0.05507969856262207,1,0
6391,3.6557869911193848,0.048656247556209564,1,0
6392,3.5635952949523926,0.021438075229525566,1,0
6393,3.7103044986724854,0.009311363101005554,1,0
6394,3.3982348442077637,0.06244993209838867,1,0
6395,3.757197141647339,0.0007601873367093503,1,0
6396,3.3656411170959473,0.043050386011600494,1,0
6397,3.641184091567993,0.07075434178113937,1,0
6398,3.8268015384674072,0.013117625378072262,1,0
6399,3.5959057807922363,0.1032424196600914,1,0
6400,3.341840982437134,0.004482999909669161,1,0
6401,3.297774076461792,0.15835513174533844,1,0
6402,3.535053253173828,0.1412186473608017,1,0
6403,4.02988862991333,0.16946528851985931,1,0
6404,3.8485231399536133,0.017564306035637856,1,0
6405,3.6958811283111572,0.19810597598552704,1,0
6406,3.8927619457244873,0.04572992026805878,1,0
6407,3.424917697906494,0.2973014712333679,1,0
6408,3.5211966037750244,0.01456821896135807,1,0
6409,3.3874127864837646,0.028070464730262756,1,0
6410,3.7485342025756836,0.03884536772966385,1,0
6411,3.7601733207702637,0.03682202100753784,1,0
6412,3.7672157287597656,0.06437946856021881,1,0
6413,3.2437949180603027,0.1060771718621254,1,0
6414,3.5469226837158203,0.09479014575481415,1,0
6415,3.3501129150390625,0.023217177018523216,1,0
6416,3.878570318222046,0.05191491171717644,1,0
6417,3.657578229904175,0.056593846529722214,1,0
6418,3.338819980621338,0.0038373805582523346,1,0
6419,3.2794435024261475,0.13051360845565796,1,0
6420,3.1038780212402344,0.00010015154111897573,1,0
6421,3.6101155281066895,0.006513648666441441,1,0
6422,3.0996410846710205,0.0005714157014153898,1,0
6423,3.1383955478668213,0.9495531320571899,1,0
6424,3.663846015930176,0.016615675762295723,1,0
6425,3.75105619430542,0.04949428141117096,1,0
6426,3.5022757053375244,0.2679148018360138,1,0
6427,3.918696880340576,0.14910848438739777,1,0
6428,4.154921054840088,0.3088831901550293,1,0
6429,3.547199010848999,0.008004851639270782,1,0
6430,3.783351182937622,0.0008387492271140218,1,0
6431,3.4402709007263184,0.0014245436759665608,1,0
6432,3.5573532581329346,0.000862390676047653,1,0
6433,3.6519668102264404,0.22324562072753906,1,0
6434,3.271580219268799,0.017061477527022362,1,0
6435,3.9350576400756836,0.021838394924998283,1,0
6436,3.850856304168701,0.0443129800260067,1,0
6437,3.046365261077881,0.0848897323012352,1,0
6438,2.9783921241760254,0.03273133561015129,1,0
6439,3.816828489303589,0.008220414631068707,1,0
6440,4.047451019287109,0.16254538297653198,1,0
6441,3.585134267807007,0.15896247327327728,1,0
6442,3.584768295288086,0.20265045762062073,1,0
6443,3.0269412994384766,0.034461140632629395,1,0
6444,4.4400811195373535,0.08605211973190308,1,0
6445,3.8768858909606934,0.002421420067548752,1,0
6446,3.84462308883667,0.023482613265514374,1,0
6447,4.4085516929626465,0.009318814612925053,1,0
6448,3.6395092010498047,0.21962176263332367,1,0
6449,3.646552562713623,0.03139049932360649,1,0
6450,3.8529629707336426,0.4063359200954437,1,0
6451,4.032994270324707,0.03365260362625122,1,0
6452,4.453465461730957,0.0978691428899765,1,0
6453,3.7532026767730713,0.0069474587216973305,1,0
6454,3.9440157413482666,0.12372896820306778,1,0
6455,4.379120826721191,0.15001913905143738,1,0
6456,4.48069429397583,0.0036694786977022886,1,0
6457,3.963512659072876,0.05114380270242691,1,0
6458,4.03931188583374,0.20439191162586212,1,0
6459,3.9291114807128906,0.06917174905538559,1,0
6460,3.949225902557373,0.009681882336735725,1,0
6461,4.4659013748168945,0.02775445394217968,1,0
6462,4.672012805938721,0.022929860278964043,1,0
6463,3.956794500350952,0.002940479665994644,1,0
6464,4.33976936340332,0.017561746761202812,1,0
6465,3.334749460220337,9.035924449563026e-05,1,0
6466,3.7485618591308594,0.0019094705348834395,1,0
6467,4.014680862426758,0.03200214356184006,1,0
6468,3.504053831100464,0.19007091224193573,1,0
6469,3.994194984436035,0.0003618040063884109,1,0
6470,3.1559908390045166,0.06463928520679474,1,0
6471,3.321388006210327,0.03492489829659462,1,0
6472,3.2999563217163086,0.02552149072289467,1,0
6473,3.301815986633301,0.04417494311928749,1,0
6474,3.5373780727386475,0.0061512114480137825,1,0
6475,3.7817471027374268,0.011266954243183136,1,0
6476,3.262193202972412,0.007381980307400227,1,0
6477,3.4355452060699463,0.08762189745903015,1,0
6478,3.9175424575805664,0.00016998509818222374,1,0
6479,3.5974273681640625,0.11063871532678604,1,0
6480,3.515427589416504,0.12865158915519714,1,0
6481,3.7862298488616943,0.021866926923394203,1,0
6482,3.861842632293701,0.0001178705133497715,1,0
6483,3.8277814388275146,0.03230670839548111,1,0
6484,4.159323692321777,0.0016877473099157214,1,0
6485,3.487914800643921,0.00759408762678504,1,0
6486,3.9957077503204346,0.025694454088807106,1,0
6487,3.7938694953918457,0.008708694949746132,1,0
6488,3.2245829105377197,0.00017659078002907336,1,0
6489,3.5115058422088623,0.00894989911466837,1,0
6490,2.876147985458374,0.0044533261097967625,1,0
6491,3.023625135421753,0.1254047304391861,1,0
6492,2.990128517150879,0.30014970898628235,1,0
6493,3.349029302597046,0.011826898902654648,1,0
6494,2.9576785564422607,0.08713123947381973,1,0
6495,3.269087314605713,0.019849352538585663,1,0
6496,3.7083683013916016,0.036855366080999374,1,0
6497,2.9996113777160645,0.1564713418483734,1,0
6498,2.955544948577881,0.07387876510620117,1,0
6499,3.632373571395874,0.021449381485581398,1,0
6500,2.9149534702301025,0.02271409146487713,1,0
6501,3.236058235168457,0.2170514613389969,1,0
6502,3.6133530139923096,0.00010092565935337916,1,0
6503,2.7602410316467285,0.2508910000324249,1,0
6504,3.257749557495117,0.0002471395710017532,1,0
6505,3.025940179824829,0.0021163641940802336,1,0
6506,2.8633811473846436,0.003676497144624591,1,0
6507,2.697411298751831,0.22271700203418732,1,0
6508,3.0785233974456787,0.314432293176651,1,0
6509,3.147364616394043,0.30627137422561646,1,0
6510,2.984128475189209,0.018771255388855934,1,0
6511,2.886650323867798,0.09062960743904114,1,0
6512,3.4311654567718506,0.04002971574664116,1,0
6513,3.261226177215576,0.0656936764717102,1,0
6514,2.619367837905884,0.10964584350585938,1,0
6515,3.177031993865967,0.30900120735168457,1,0
6516,3.381939649581909,0.005290505476295948,1,0
6517,3.071265459060669,0.010363887995481491,1,0
6518,3.761981248855591,0.01087904628366232,1,0
6519,2.783466339111328,0.2671361267566681,1,0
6520,2.9412176609039307,0.17555765807628632,1,0
6521,2.9531924724578857,0.07465723901987076,1,0
6522,3.3168420791625977,2.3190024876384996e-05,1,0
6523,3.3908727169036865,0.22867701947689056,1,0
6524,3.224151372909546,0.21376387774944305,1,0
6525,3.3092117309570312,0.02191833220422268,1,0
6526,2.83669114112854,0.06216086819767952,1,0
6527,3.2901251316070557,0.001577796065248549,1,0
6528,3.2661795616149902,0.004866946488618851,1,0
6529,3.5088677406311035,0.010983981192111969,1,0
6530,3.8234150409698486,0.12710553407669067,1,0
6531,4.0531182289123535,0.0056255594827234745,1,0
6532,3.598708152770996,0.2870050370693207,1,0
6533,3.884261131286621,0.01638263277709484,1,0
6534,3.7111802101135254,0.025373701006174088,1,0
6535,3.9566566944122314,0.07942461222410202,1,0
6536,3.8767712116241455,0.143147274851799,1,0
6537,3.8669936656951904,0.027437031269073486,1,0
6538,4.0406341552734375,0.0033326749689877033,1,0
6539,3.960559844970703,0.004708031192421913,1,0
6540,3.662714958190918,0.017071565613150597,1,0
6541,3.5410900115966797,0.12990768253803253,1,0
6542,3.916356325149536,0.06480623781681061,1,0
6543,3.8318674564361572,0.00041424119262956083,1,0
6544,4.23966121673584,0.564584493637085,1,0
6545,3.834432363510132,0.14974266290664673,1,0
6546,3.84397029876709,2.691522205111596e-08,1,0
6547,4.222531318664551,0.056759268045425415,1,0
6548,4.126130104064941,0.041145678609609604,1,0
6549,3.8138537406921387,0.2242407649755478,1,0
6550,4.487063884735107,0.05714156851172447,1,0
6551,4.04456901550293,0.2567055821418762,1,0
6552,3.703972101211548,0.04290634021162987,1,0
6553,3.82629132270813,0.021784234791994095,1,0
6554,3.7082812786102295,0.2731954753398895,1,0
6555,4.189280033111572,0.011197405867278576,1,0
6556,3.81770658493042,0.07268749177455902,1,0
6557,3.99145245552063,0.001431107521057129,1,0
6558,4.619747161865234,0.2327934056520462,1,0
6559,4.278633117675781,0.0025057203602045774,1,0
6560,3.6246912479400635,0.021257592365145683,1,0
6561,3.4690709114074707,0.006006747484207153,1,0
6562,3.5942893028259277,0.051270462572574615,1,0
6563,3.622400999069214,0.0009662323864176869,1,0
6564,3.612652063369751,0.1303393542766571,1,0
6565,3.3805220127105713,0.03358182683587074,1,0
6566,3.36913800239563,0.0288978423923254,1,0
6567,3.5358242988586426,8.316943421959877e-05,1,0
6568,3.774623394012451,0.2808242738246918,1,0
6569,3.6059048175811768,0.020242860540747643,1,0
6570,4.058800220489502,0.0001796820288291201,1,0
6571,3.835291624069214,0.05860414728522301,1,0
6572,3.7127797603607178,0.10488615185022354,1,0
6573,3.762996196746826,0.21005003154277802,1,0
6574,3.4166555404663086,0.007089751306921244,1,0
6575,3.579329252243042,0.02423687092959881,1,0
6576,3.6454081535339355,0.0003337347006890923,1,0
6577,3.912902593612671,0.026975421234965324,1,0
6578,3.399907350540161,0.02689306251704693,1,0
6579,3.4513978958129883,0.010422918945550919,1,0
6580,3.7963223457336426,0.00812096893787384,1,0
6581,3.566664218902588,0.02020168863236904,1,0
6582,3.558485269546509,0.012469295412302017,1,0
6583,3.5236690044403076,0.028034904971718788,1,0
6584,3.5862464904785156,0.004130937159061432,1,0
6585,3.893860101699829,0.00036622295738197863,1,0
6586,4.1301398277282715,0.04455301910638809,1,0
6587,3.783916473388672,0.1508350968360901,1,0
6588,3.78385329246521,0.025024419650435448,1,0
6589,3.559678792953491,2.324953811694286e-06,1,0
6590,3.6033244132995605,0.0202703308314085,1,0
6591,2.9727044105529785,0.06491437554359436,1,0
6592,3.3920388221740723,0.0023582042194902897,1,0
6593,3.2358877658843994,0.08917127549648285,1,0
6594,3.3114380836486816,0.14331527054309845,1,0
6595,3.6693546772003174,0.14701414108276367,1,0
6596,4.000555515289307,0.09156167507171631,1,0
6597,3.280017375946045,0.07690467685461044,1,0
6598,3.5940682888031006,0.002786600962281227,1,0
6599,3.4908792972564697,0.015066280961036682,1,0
6600,3.4963722229003906,0.013133103959262371,1,0
6601,3.209407091140747,0.031482893973588943,1,0
6602,3.8299496173858643,4.631373940355843e-06,1,0
6603,3.5069186687469482,0.037070587277412415,1,0
6604,3.001607656478882,0.000133440742501989,1,0
6605,3.7904417514801025,0.22070853412151337,1,0
6606,4.144896507263184,0.0019408039515838027,1,0
6607,3.7359542846679688,0.168988898396492,1,0
6608,3.4617321491241455,0.27537888288497925,1,0
6609,3.627652883529663,0.054384320974349976,1,0
6610,3.2923734188079834,6.0352031141519547e-05,1,0
6611,2.857847213745117,0.10227721929550171,1,0
6612,3.1888880729675293,0.034701623022556305,1,0
6613,2.7529385089874268,0.03285016492009163,1,0
6614,2.9490764141082764,0.0002070405607810244,1,0
6615,2.9224276542663574,0.0008921162225306034,1,0
6616,2.893817663192749,0.009350515902042389,1,0
6617,2.7931041717529297,0.008656539022922516,1,0
6618,2.5633203983306885,0.012525396421551704,1,0
6619,2.7398877143859863,0.07231330871582031,1,0
6620,2.773554801940918,0.00518712867051363,1,0
6621,3.04814076423645,0.17844843864440918,1,0
6622,2.6421217918395996,0.006086291279643774,1,0
6623,3.0837762355804443,0.005272270645946264,1,0
6624,3.329836845397949,0.12752562761306763,1,0
6625,3.2500908374786377,0.009832496754825115,1,0
6626,3.0900352001190186,0.03793023154139519,1,0
6627,2.8232057094573975,0.1275463104248047,1,0
6628,2.6885769367218018,0.00030815237550996244,1,0
6629,2.979123115539551,0.04597790166735649,1,0
6630,2.830507516860962,0.0030599371530115604,1,0
6631,2.7970926761627197,0.07009872049093246,1,0
6632,3.0654237270355225,0.03379438444972038,1,0
6633,3.004319429397583,0.026861419901251793,1,0
6634,3.4391467571258545,0.2743467390537262,1,0
6635,3.192110538482666,0.030339360237121582,1,0
6636,2.873765468597412,0.031185654923319817,1,0
6637,3.020021677017212,0.00019527078256942332,1,0
6638,3.268998146057129,0.008938946761190891,1,0
6639,3.844503402709961,4.922310108668171e-05,1,0
6640,3.1737499237060547,0.07355386763811111,1,0
6641,3.3039119243621826,0.06712114065885544,1,0
6642,3.81416654586792,0.26227036118507385,1,0
6643,3.9590587615966797,0.010656733997166157,1,0
6644,3.9706947803497314,0.030258730053901672,1,0
6645,3.431861639022827,0.00893712230026722,1,0
6646,3.0209689140319824,0.014041908085346222,1,0
6647,3.1994051933288574,0.02353588305413723,1,0
6648,3.3333816528320312,0.019632406532764435,1,0
6649,3.3249032497406006,0.07381583005189896,1,0
6650,3.8056998252868652,0.14768093824386597,1,0
6651,3.6358835697174072,0.03363136574625969,1,0
6652,3.8297207355499268,0.05329160764813423,1,0
6653,3.654093027114868,0.005066895391792059,1,0
6654,3.7925384044647217,0.04724884033203125,1,0
6655,3.9650542736053467,0.0010539308423176408,1,0
6656,3.4807183742523193,0.14198124408721924,1,0
6657,3.7073922157287598,4.7080313379410654e-05,1,0
6658,3.6215996742248535,0.6438627243041992,1,0
6659,3.182333469390869,0.008481447584927082,1,0
6660,3.685375452041626,0.19114109873771667,1,0
6661,3.6656253337860107,0.1109856590628624,1,0
6662,3.9165563583374023,0.0049507878720760345,1,0
6663,3.9256958961486816,0.01399848610162735,1,0
6664,3.466942310333252,0.019395142793655396,1,0
6665,3.6229655742645264,0.7231680750846863,1,0
6666,3.9615705013275146,0.04248359799385071,1,0
6667,3.575209856033325,7.79726542532444e-05,1,0
6668,3.724090099334717,0.00821866374462843,1,0
6669,3.6183345317840576,0.02699127234518528,1,0
6670,3.728390693664551,0.0034643150866031647,1,0
6671,3.8089540004730225,0.0651949867606163,1,0
6672,3.832695245742798,0.00021347739675547928,1,0
6673,3.932779550552368,0.15154807269573212,1,0
6674,3.9648032188415527,0.029920578002929688,1,0
6675,3.557284116744995,0.3237210214138031,1,0
6676,3.69228196144104,0.04777472838759422,1,0
6677,4.139165878295898,0.012020796537399292,1,0
6678,3.7305214405059814,0.1135205551981926,1,0
6679,3.9742119312286377,0.03749917820096016,1,0
6680,3.762972593307495,0.00015402176359202713,1,0
6681,3.7999703884124756,0.03731998801231384,1,0
6682,4.04817533493042,0.11384593695402145,1,0
6683,3.2409965991973877,0.28967899084091187,1,0
6684,3.321974992752075,0.048997439444065094,1,0
6685,3.487657308578491,0.003909453749656677,1,0
6686,3.0038347244262695,0.03636787831783295,1,0
6687,3.8278396129608154,0.18188928067684174,1,0
6688,4.038493633270264,0.19480383396148682,1,0
6689,3.795555591583252,0.009233304299414158,1,0
6690,3.5764384269714355,0.01587524451315403,1,0
6691,3.473287343978882,0.10478615760803223,1,0
6692,3.7661421298980713,0.05578405410051346,1,0
6693,3.920102119445801,0.004730571992695332,1,0
6694,3.3052821159362793,0.0035419955383986235,1,0
6695,3.8819735050201416,0.007653071079403162,1,0
6696,3.4661970138549805,0.0075991349294781685,1,0
6697,3.449765205383301,0.005431824363768101,1,0
6698,3.971964120864868,0.2683545649051666,1,0
6699,4.421749114990234,0.022891879081726074,1,0
6700,4.011560440063477,0.00018620827177073807,1,0
6701,4.229598045349121,0.0021359436213970184,1,0
6702,3.7699642181396484,0.06385164707899094,1,0
6703,3.8540103435516357,8.817100751912221e-05,1,0
6704,3.6083285808563232,0.001045800861902535,1,0
6705,3.950352907180786,0.0028295577503740788,1,0
6706,3.868379592895508,0.00043090441613458097,1,0
6707,3.8399035930633545,0.250968337059021,1,0
6708,4.298081398010254,0.043729837983846664,1,0
6709,4.311816692352295,0.04822295531630516,1,0
6710,3.7610254287719727,0.037226833403110504,1,0
6711,3.978808641433716,0.05831947550177574,1,0
6712,3.7092177867889404,0.02759711816906929,1,0
6713,3.929744005203247,0.06500784307718277,1,0
6714,3.7363057136535645,0.006762094795703888,1,0
6715,4.002591133117676,0.06745157390832901,1,0
6716,4.04835844039917,0.01306241936981678,1,0
6717,3.572751522064209,0.0004948140121996403,1,0
6718,3.6064531803131104,7.985867705428973e-05,1,0
6719,3.6334517002105713,0.17441116273403168,1,0
6720,4.060493469238281,0.0162347424775362,1,0
6721,3.372441291809082,0.2572730481624603,1,0
6722,3.4351792335510254,0.03005427122116089,1,0
6723,4.0242204666137695,0.15838585793972015,1,0
6724,3.4289584159851074,0.015094724483788013,1,0
6725,3.8691835403442383,0.042019423097372055,1,0
6726,3.625420331954956,0.0039239488542079926,1,0
6727,3.4031827449798584,0.02667195536196232,1,0
6728,3.8134021759033203,0.006303519941866398,1,0
6729,3.6963202953338623,0.014677914790809155,1,0
6730,3.727604627609253,0.013390935957431793,1,0
6731,3.430854320526123,0.028947079554200172,1,0
6732,3.824322462081909,0.0013504981761798263,1,0
6733,3.1452035903930664,0.0061784894205629826,1,0
6734,3.2747323513031006,0.01897808536887169,1,0
6735,3.5091781616210938,0.03097468614578247,1,0
6736,3.7217977046966553,0.02281310223042965,1,0
6737,3.828361988067627,0.0026886470150202513,1,0
6738,3.6998820304870605,0.008878828957676888,1,0
6739,3.312875270843506,0.019143296405673027,1,0
6740,4.068018436431885,0.2322256863117218,1,0
6741,3.643862009048462,0.0074268220923841,1,0
6742,3.9995810985565186,0.0027490302454680204,1,0
6743,3.4856436252593994,0.18079613149166107,1,0
6744,3.7483134269714355,0.17001396417617798,1,0
6745,3.937413215637207,0.22816966474056244,1,0
6746,3.9443671703338623,0.19278162717819214,1,0
6747,3.7643349170684814,0.0197624322026968,1,0
6748,4.160783290863037,0.00812096893787384,1,0
6749,3.788353443145752,0.015390201471745968,1,0
6750,3.7485039234161377,0.07290100306272507,1,0
6751,3.8210644721984863,0.0017858706414699554,1,0
6752,4.013461112976074,0.030930543318390846,1,0
6753,3.9176909923553467,6.186077371239662e-05,1,0
6754,3.5911190509796143,0.002966703614220023,1,0
6755,3.806753158569336,0.041711386293172836,1,0
6756,3.7613332271575928,0.009721805341541767,1,0
6757,4.080515384674072,0.008948072791099548,1,0
6758,3.8839926719665527,0.026145020499825478,1,0
6759,3.124344825744629,0.17704881727695465,1,0
6760,2.895158529281616,0.12435435503721237,1,0
6761,2.8265695571899414,0.5084909796714783,1,0
6762,3.014408826828003,6.98450967320241e-05,1,0
6763,3.4799063205718994,0.06550582498311996,1,0
6764,3.0857508182525635,0.013964253477752209,1,0
6765,3.263831853866577,0.005277878139168024,1,0
6766,3.1936960220336914,0.08196305483579636,1,0
6767,3.9318814277648926,0.0500454381108284,1,0
6768,3.853041887283325,0.3503047823905945,1,0
6769,3.474100112915039,0.7674698829650879,1,0
6770,4.2652788162231445,0.015970228239893913,1,0
6771,4.4259419441223145,0.06097794696688652,1,0
6772,3.5439682006835938,0.009399103932082653,1,0
6773,3.210399627685547,0.017903579398989677,1,0
6774,3.1076793670654297,0.12619884312152863,1,0
6775,3.583240509033203,0.14916066825389862,1,0
6776,3.376952648162842,0.034946542233228683,1,0
6777,3.1961474418640137,0.10337890684604645,1,0
6778,3.631629228591919,0.08032465726137161,1,0
6779,3.523179531097412,0.0002764844393823296,1,0
6780,3.114903688430786,0.05139290168881416,1,0
6781,3.414785146713257,0.03284316882491112,1,0
6782,3.1869747638702393,0.18629483878612518,1,0
6783,3.7585842609405518,0.07056964188814163,1,0
6784,3.5389723777770996,0.6616079211235046,1,0
6785,3.6942758560180664,0.04246371239423752,1,0
6786,3.1741104125976562,0.007408536970615387,1,0
6787,3.7384402751922607,0.05164699628949165,1,0
6788,3.4722378253936768,0.11481180042028427,1,0
6789,3.7604072093963623,0.008946247398853302,1,0
6790,3.568124771118164,0.14423006772994995,1,0
6791,3.374850273132324,0.0005686507793143392,1,0
6792,3.7133736610412598,0.006320387125015259,1,0
6793,3.694380760192871,0.0020206873305141926,1,0
6794,3.179913282394409,0.043094452470541,1,0
6795,2.807234525680542,0.009602281264960766,1,0
6796,3.7411751747131348,0.053890328854322433,1,0
6797,4.077434062957764,7.831388938939199e-05,1,0
6798,3.1518707275390625,0.05627289041876793,1,0
6799,3.9422361850738525,0.08116378635168076,1,0
6800,3.723416328430176,0.07707605510950089,1,0
6801,2.6661107540130615,0.003376271575689316,1,0
6802,3.022578001022339,0.0020042359828948975,1,0
6803,3.3458995819091797,0.15322069823741913,1,0
6804,3.715704917907715,0.004320379346609116,1,0
6805,3.8374571800231934,0.005444634240120649,1,0
6806,3.708711624145508,0.012670541182160378,1,0
6807,4.025914192199707,0.020122213289141655,1,0
6808,3.2816567420959473,0.03088982217013836,1,0
6809,3.3409295082092285,0.13422122597694397,1,0
6810,3.6880221366882324,0.003251831978559494,1,0
6811,3.63600754737854,0.03417867049574852,1,0
6812,3.9798014163970947,0.0024138279259204865,1,0
6813,2.995882272720337,0.002091575413942337,1,0
6814,3.669034481048584,0.011079260148108006,1,0
6815,3.2842304706573486,0.006205827929079533,1,0
6816,3.3515443801879883,0.027715880423784256,1,0
6817,3.2729268074035645,0.034518491476774216,1,0
6818,3.217547655105591,0.265403151512146,1,0
6819,3.541867256164551,0.027089660987257957,1,0
6820,3.564587116241455,0.01897808536887169,1,0
6821,3.342527151107788,0.014570548199117184,1,0
6822,3.5552120208740234,6.020218279445544e-05,1,0
6823,3.4538028240203857,0.16245202720165253,1,0
6824,3.7098608016967773,0.10190720856189728,1,0
6825,3.5898735523223877,0.04034312069416046,1,0
6826,3.946789026260376,0.0057463557459414005,1,0
6827,3.219954490661621,0.0058995261788368225,1,0
6828,3.5370516777038574,0.05708160623908043,1,0
6829,3.148171901702881,0.045957211405038834,1,0
6830,3.0650556087493896,0.00707350904121995,1,0
6831,3.2947659492492676,0.023964203894138336,1,0
6832,3.3565807342529297,0.025125280022621155,1,0
6833,3.305858612060547,0.0001639992988202721,1,0
6834,2.8235764503479004,0.05132291838526726,1,0
6835,3.1892919540405273,0.0011059377575293183,1,0
6836,3.4555182456970215,0.00029078582883812487,1,0
6837,3.7538363933563232,0.0013089739950373769,1,0
6838,3.844088554382324,0.2056766301393509,1,0
6839,3.47428035736084,0.004038421902805567,1,0
6840,3.5534310340881348,0.027523422613739967,1,0
6841,3.690131664276123,0.17286697030067444,1,0
6842,3.6640472412109375,0.019228845834732056,1,0
6843,3.303480863571167,0.1498696655035019,1,0
6844,3.6432559490203857,0.03018490970134735,1,0
6845,3.3607559204101562,0.01517783384770155,1,0
6846,3.5945215225219727,0.027038857340812683,1,0
6847,3.43145751953125,0.003448429051786661,1,0
6848,3.370558261871338,0.0058995261788368225,1,0
6849,3.148616075515747,0.08804518729448318,1,0
6850,3.095771551132202,0.0019052558345720172,1,0
6851,3.5284793376922607,0.03503680229187012,1,0
6852,3.935105562210083,0.008804419077932835,1,0
6853,4.0195136070251465,0.0006714113987982273,1,0
6854,3.5757222175598145,0.11736331135034561,1,0
6855,3.608764886856079,0.0889236107468605,1,0
6856,3.43056321144104,0.24097521603107452,1,0
6857,3.7803242206573486,0.023595141246914864,1,0
6858,3.6204674243927,0.00027360356762073934,1,0
6859,3.617586851119995,0.01782103441655636,1,0
6860,3.1679136753082275,0.0012197681935504079,1,0
6861,3.775251865386963,0.0015617371536791325,1,0
6862,3.2964189052581787,0.02693105675280094,1,0
6863,3.372631311416626,0.1746530681848526,1,0
6864,3.799269437789917,0.14179222285747528,1,0
6865,3.1029231548309326,0.3084006905555725,1,0
6866,3.567931890487671,0.11472026258707047,1,0
6867,3.485060691833496,0.0044481754302978516,1,0
6868,3.180069923400879,0.2425030767917633,1,0
6869,2.5320944786071777,0.01886127144098282,1,0
6870,3.157106399536133,0.0033987388014793396,1,0
6871,3.170907974243164,0.01881094090640545,1,0
6872,3.030524730682373,0.16596370935440063,1,0
6873,3.55346417427063,0.024632101878523827,1,0
6874,2.877922534942627,0.018665628507733345,1,0
6875,3.4223344326019287,0.00031565138488076627,1,0
6876,3.827300786972046,0.06445784866809845,1,0
6877,3.4422309398651123,0.00021602297783829272,1,0
6878,3.451979637145996,0.04335528239607811,1,0
6879,4.242176055908203,0.000851091870572418,1,0
6880,3.4333648681640625,0.09702562540769577,1,0
6881,3.6992900371551514,0.08171458542346954,1,0
6882,3.4828052520751953,0.12661056220531464,1,0
6883,3.4924750328063965,0.11607090383768082,1,0
6884,3.6939010620117188,0.25172311067581177,1,0
6885,3.8545877933502197,0.053711261600255966,1,0
6886,3.100865125656128,0.0758538469672203,1,0
6887,3.5985543727874756,0.017167529091238976,1,0
6888,3.6543474197387695,0.05093885213136673,1,0
6889,3.8678343296051025,0.00605170801281929,1,0
6890,3.542459726333618,0.12894944846630096,1,0
6891,3.7337067127227783,0.3326772153377533,1,0
6892,3.8376452922821045,0.0421619713306427,1,0
6893,3.3751158714294434,0.21563301980495453,1,0
6894,3.3059349060058594,0.12145831435918808,1,0
6895,3.501403331756592,0.23715324699878693,1,0
6896,3.838141918182373,0.040692783892154694,1,0
6897,3.145458698272705,0.01859976164996624,1,0
6898,3.9801156520843506,0.003955447115004063,1,0
6899,3.4228885173797607,0.021435251459479332,1,0
6900,3.9307594299316406,0.02146351896226406,1,0
6901,3.6105265617370605,0.003938470967113972,1,0
6902,3.2395317554473877,0.002024159301072359,1,0
6903,3.4850335121154785,0.0010570661397650838,1,0
6904,3.685490846633911,0.3994508683681488,1,0
6905,3.747523546218872,0.2821042537689209,1,0
6906,3.873579978942871,0.00763282272964716,1,0
6907,3.416100263595581,0.040049027651548386,1,0
6908,3.733259677886963,0.07064144313335419,1,0
6909,3.987757921218872,0.04820600152015686,1,0
6910,3.52548885345459,0.005212180316448212,1,0
6911,3.6952133178710938,0.168988898396492,1,0
6912,3.1016063690185547,0.024893304333090782,1,0
6913,3.4336931705474854,0.012135340832173824,1,0
6914,3.5868420600891113,0.006635718047618866,1,0
6915,3.363176107406616,0.0002970728965010494,1,0
6916,3.926166534423828,6.64987601339817e-05,1,0
6917,3.9147679805755615,0.08621639758348465,1,0
6918,3.633655071258545,0.10624068230390549,1,0
6919,3.6698861122131348,0.00864217896014452,1,0
6920,3.755065679550171,0.011238290928304195,1,0
6921,4.145543575286865,0.0010370806558057666,1,0
6922,3.407810688018799,0.07811370491981506,1,0
6923,3.682476282119751,0.038530267775058746,1,0
6924,3.883107900619507,0.02407488226890564,1,0
6925,3.8089981079101562,0.2265407145023346,1,0
6926,3.5327584743499756,0.003137292107567191,1,0
6927,3.4396820068359375,0.0023032284807413816,1,0
6928,3.6199631690979004,0.0027947579510509968,1,0
6929,3.7853317260742188,0.04758507013320923,1,0
6930,3.8836259841918945,0.14225773513317108,1,0
6931,3.7272355556488037,0.0012605489464476705,1,0
6932,4.159992694854736,0.000719245639629662,1,0
6933,3.9001197814941406,0.011123999953269958,1,0
6934,3.323483943939209,0.0011644602054730058,1,0
6935,4.152994155883789,9.538084123050794e-05,1,0
6936,4.166325092315674,0.1609463393688202,1,0
6937,4.350781440734863,0.22682559490203857,1,0
6938,4.173647880554199,0.03983302041888237,1,0
6939,4.131120681762695,0.1569221019744873,1,0
6940,3.876121759414673,0.1140805035829544,1,0
6941,3.9434118270874023,0.06135505437850952,1,0
6942,3.8284413814544678,0.012020796537399292,1,0
6943,3.8018088340759277,0.040649961680173874,1,0
6944,4.206234931945801,0.03797159343957901,1,0
6945,4.2066569328308105,0.0013740063877776265,1,0
6946,4.075528621673584,0.009617418050765991,1,0
6947,3.7635836601257324,0.002284739864990115,1,0
6948,3.958582878112793,4.799012003786629e-06,1,0
6949,3.7881500720977783,0.23057304322719574,1,0
6950,4.3164801597595215,0.06512107700109482,1,0
6951,3.6751132011413574,0.14652612805366516,1,0
6952,3.72505784034729,0.0005262093036435544,1,0
6953,3.7622931003570557,0.0036905542947351933,1,0
6954,4.023680210113525,0.09861930459737778,1,0
6955,4.064747333526611,0.08556588739156723,1,0
6956,3.503692150115967,0.1681963950395584,1,0
6957,3.34511399269104,0.2168087214231491,1,0
6958,2.8727917671203613,0.010792653076350689,1,0
6959,3.2732245922088623,0.00035668248892761767,1,0
6960,3.629530429840088,0.06682144850492477,1,0
6961,2.8555643558502197,0.041216179728507996,1,0
6962,2.859037160873413,0.11166828870773315,1,0
6963,2.996370792388916,0.03698516637086868,1,0
6964,3.2117438316345215,0.0013342336751520634,1,0
6965,3.648249864578247,0.015447720885276794,1,0
6966,3.1674270629882812,0.012008103542029858,1,0
6967,2.9635820388793945,0.04188501089811325,1,0
6968,3.771915912628174,0.022836429998278618,1,0
6969,3.643054485321045,0.0037956477608531713,1,0
6970,2.8317196369171143,0.022084377706050873,1,0
6971,3.1909377574920654,0.08401472866535187,1,0
6972,4.02569055557251,0.09741681069135666,1,0
6973,3.488197088241577,0.12499497085809708,1,0
6974,3.521717071533203,0.0030354298651218414,1,0
6975,3.6719489097595215,0.018235674127936363,1,0
6976,3.2765870094299316,0.09536147117614746,1,0
6977,3.374842643737793,0.029207084327936172,1,0
6978,3.421159505844116,0.2131931632757187,1,0
6979,3.601919651031494,0.04051388055086136,1,0
6980,3.5229084491729736,0.34347283840179443,1,0
6981,4.205958843231201,0.0506734736263752,1,0
6982,3.7027251720428467,0.007977246306836605,1,0
6983,3.599618673324585,0.10832687467336655,1,0
6984,3.694519519805908,0.017695004120469093,1,0
6985,4.410120964050293,0.21240074932575226,1,0
6986,3.5602288246154785,0.05258994176983833,1,0
6987,3.905081272125244,0.12263156473636627,1,0
6988,3.493063449859619,0.002325513167306781,1,0
6989,3.357163429260254,0.0569755919277668,1,0
6990,3.5718095302581787,0.007372033782303333,1,0
6991,3.6934096813201904,0.005964935757219791,1,0
6992,3.417951822280884,0.022973719984292984,1,0
6993,3.709045648574829,0.13830356299877167,1,0
6994,3.248974084854126,0.005705461837351322,1,0
6995,3.361994504928589,0.0003024194447789341,1,0
6996,4.095913887023926,0.02851523458957672,1,0
6997,3.763261079788208,0.02808016538619995,1,0
6998,4.192468166351318,0.002834693295881152,1,0
6999,4.039613723754883,0.019395142793655396,1,0
7000,3.814375400543213,0.13400916755199432,1,0
7001,3.2454068660736084,0.03147947043180466,1,0
7002,3.933513879776001,0.054321326315402985,1,0
7003,4.213542938232422,0.004081465303897858,1,0
7004,3.9115397930145264,0.20076940953731537,1,0
7005,3.5378310680389404,0.003443896770477295,1,0
7006,3.713078022003174,0.04949428141117096,1,0
7007,3.964036226272583,0.0012069940567016602,1,0
7008,4.354203224182129,0.13882087171077728,1,0
7009,4.232945919036865,0.050335146486759186,1,0
7010,4.240787029266357,0.08493471890687943,1,0
7011,4.093896389007568,0.039671391248703,1,0
7012,3.8170526027679443,0.003315982175990939,1,0
7013,4.066847801208496,0.009391620755195618,1,0
7014,3.8975753784179688,0.016615675762295723,1,0
7015,3.8399899005889893,0.0013526269467547536,1,0
7016,3.3382158279418945,0.04167591407895088,1,0
7017,3.527817964553833,0.006175455637276173,1,0
7018,3.4327311515808105,0.009963070042431355,1,0
7019,3.6690659523010254,0.11230126768350601,1,0
7020,3.340963125228882,0.02240101806819439,1,0
7021,3.593017101287842,0.02504579722881317,1,0
7022,3.5371925830841064,0.1175352931022644,1,0
7023,4.124734878540039,0.023880617693066597,1,0
7024,3.3897247314453125,0.1137547716498375,1,0
7025,3.8773727416992188,0.03727898746728897,1,0
7026,3.088899850845337,0.03456871584057808,1,0
7027,3.732074499130249,0.008086219429969788,1,0
7028,3.504798650741577,0.009116831235587597,1,0
7029,4.350241184234619,0.17727629840373993,1,0
7030,3.9796719551086426,0.01495749969035387,1,0
7031,3.7314555644989014,0.004930438008159399,1,0
7032,3.75858473777771,0.028388265520334244,1,0
7033,3.5472068786621094,0.0025581642985343933,1,0
7034,3.3159706592559814,0.01914863847196102,1,0
7035,3.164227247238159,0.0012265184195712209,1,0
7036,3.780959367752075,0.06913622468709946,1,0
7037,3.064495801925659,0.04703930392861366,1,0
7038,3.4293806552886963,0.06880674511194229,1,0
7039,3.9712867736816406,0.07092386484146118,1,0
7040,4.134461402893066,0.0009704366675578058,1,0
7041,3.823425531387329,0.0019425050122663379,1,0
7042,3.799625873565674,0.6263129115104675,1,0
7043,3.7597007751464844,0.11257956176996231,1,0
7044,3.759546995162964,0.19255289435386658,1,0
7045,3.383023262023926,0.003934837877750397,1,0
7046,3.53291916847229,0.13682173192501068,1,0
7047,3.897984743118286,0.003603138029575348,1,0
7048,3.70241117477417,0.03394712135195732,1,0
7049,4.461045742034912,0.047652460634708405,1,0
7050,4.6014404296875,0.21016505360603333,1,0
7051,3.8623671531677246,0.0013124678516760468,1,0
7052,3.895108938217163,0.017656512558460236,1,0
7053,3.0280160903930664,0.0009054247639141977,1,0
7054,3.846599578857422,0.13936074078083038,1,0
7055,3.016735076904297,0.03704458102583885,1,0
7056,2.9934589862823486,0.08723382651805878,1,0
7057,2.8758249282836914,0.05807734653353691,1,0
7058,2.7844154834747314,0.0014245436759665608,1,0
7059,3.3188116550445557,0.3688092529773712,1,0
7060,3.6152548789978027,0.012768496759235859,1,0
7061,3.752830982208252,0.3937017619609833,1,0
7062,3.5385565757751465,0.003933627158403397,1,0
7063,3.392678737640381,0.14547888934612274,1,0
7064,3.642779588699341,0.12394630908966064,1,0
7065,3.683067560195923,0.05652958154678345,1,0
7066,3.3508548736572266,0.05049549415707588,1,0
7067,3.068040609359741,0.07772041112184525,1,0
7068,3.955784320831299,0.6370663642883301,1,0
7069,3.9256322383880615,0.03532279655337334,1,0
7070,3.9112746715545654,0.5269608497619629,1,0
7071,3.0510051250457764,0.03709660470485687,1,0
7072,3.0638084411621094,0.017867444083094597,1,0
7073,3.3398892879486084,0.052860286086797714,1,0
7074,3.8809823989868164,0.006697177886962891,1,0
7075,3.640260934829712,0.0022260770201683044,1,0
7076,3.847193717956543,0.22389356791973114,1,0
7077,3.7663779258728027,0.08561106771230698,1,0
7078,3.644868850708008,0.11983595043420792,1,0
7079,3.7411434650421143,0.18851739168167114,1,0
7080,3.8120126724243164,0.14806689321994781,1,0
7081,3.9675774574279785,0.1263154298067093,1,0
7082,3.5576305389404297,0.11328655481338501,1,0
7083,3.744776964187622,0.005156591534614563,1,0
7084,3.760662317276001,0.01275541353970766,1,0
7085,3.696943998336792,0.062011778354644775,1,0
7086,3.822273015975952,0.006835301406681538,1,0
7087,3.936647653579712,0.10699695348739624,1,0
7088,3.7079412937164307,0.017406068742275238,1,0
7089,3.5943479537963867,0.16305159032344818,1,0
7090,3.8785877227783203,0.010686642490327358,1,0
7091,3.5662190914154053,0.05542450025677681,1,0
7092,3.4512014389038086,0.004635474178940058,1,0
7093,3.7350053787231445,0.020124949514865875,1,0
7094,3.454113721847534,0.003582314122468233,1,0
7095,3.045799732208252,0.013734841719269753,1,0
7096,3.8506357669830322,0.3272336423397064,1,0
7097,3.3260180950164795,0.33871588110923767,1,0
7098,3.8661766052246094,0.07286973297595978,1,0
7099,3.6716670989990234,0.002655722200870514,1,0
7100,3.8881916999816895,0.001855042646639049,1,0
7101,3.7577126026153564,0.008474338799715042,1,0
7102,3.598504066467285,0.1278359740972519,1,0
7103,4.116652011871338,0.08259974420070648,1,0
7104,3.888288736343384,0.045696910470724106,1,0
7105,4.107117176055908,0.035639092326164246,1,0
7106,3.9596216678619385,0.0029383867513388395,1,0
7107,3.4072091579437256,0.11531592905521393,1,0
7108,3.165450096130371,0.04889495298266411,1,0
7109,2.8460826873779297,0.002217888832092285,1,0
7110,3.9215610027313232,0.09557615965604782,1,0
7111,4.068424224853516,0.0008663628250360489,1,0
7112,3.6598989963531494,0.0010345958871766925,1,0
7113,3.3219127655029297,0.024814190343022346,1,0
7114,3.7866005897521973,0.007161438465118408,1,0
7115,3.6318678855895996,0.00019446248188614845,1,0
7116,3.512878894805908,0.05458255484700203,1,0
7117,3.8979814052581787,0.26987648010253906,1,0
7118,3.9844377040863037,0.0001923152303788811,1,0
7119,3.7417407035827637,0.0006324831629171968,1,0
7120,3.5277774333953857,0.001029635313898325,1,0
7121,3.2380218505859375,0.007977246306836605,1,0
7122,3.0885672569274902,0.4566480219364166,1,0
7123,2.599897861480713,0.03941040858626366,1,0
7124,3.4120676517486572,0.05451042577624321,1,0
7125,3.118457794189453,0.4024328887462616,1,0
7126,3.3203604221343994,0.11365064233541489,1,0
7127,3.1984798908233643,0.060526009649038315,1,0
7128,3.469532012939453,0.020963141694664955,1,0
7129,3.0478355884552,0.07089303433895111,1,0
7130,3.373633623123169,0.3410564064979553,1,0
7131,3.4241957664489746,0.004194445908069611,1,0
7132,3.1173033714294434,0.006822541356086731,1,0
7133,3.1078038215637207,0.2961554527282715,1,0
7134,2.7270922660827637,0.07075434178113937,1,0
7135,3.334909439086914,0.0174519345164299,1,0
7136,2.6706442832946777,0.0017760962946340442,1,0
7137,3.14467453956604,0.15291109681129456,1,0
7138,3.157576322555542,0.08646025508642197,1,0
7139,3.624185562133789,0.1393967717885971,1,0
7140,3.2338051795959473,0.01855241134762764,1,0
7141,3.3624801635742188,0.24873009324073792,1,0
7142,3.001173973083496,0.0032860413193702698,1,0
7143,3.2081031799316406,0.028131937608122826,1,0
7144,3.4588370323181152,0.003341594710946083,1,0
7145,3.452646255493164,0.23706865310668945,1,0
7146,3.6100897789001465,0.22398491203784943,1,0
7147,2.6051888465881348,0.17133761942386627,1,0
7148,2.644928216934204,0.042384203523397446,1,0
7149,3.671015739440918,0.5147171020507812,1,0
7150,3.4894421100616455,0.022418353706598282,1,0
7151,4.116642951965332,0.0011272208066657186,1,0
7152,3.874631404876709,0.05624084547162056,1,0
7153,3.2549002170562744,0.26280438899993896,1,0
7154,3.596057415008545,0.021114317700266838,1,0
7155,3.3794453144073486,0.02246461622416973,1,0
7156,3.5273241996765137,0.0035293714608997107,1,0
7157,3.775184154510498,0.0006117829470895231,1,0
7158,4.2505927085876465,0.5527836680412292,1,0
7159,4.460604667663574,0.0032960064709186554,1,0
7160,4.554201126098633,0.23248617351055145,1,0
7161,4.065860271453857,0.08053813874721527,1,0
7162,3.9648244380950928,0.0026141111738979816,1,0
7163,3.9629335403442383,6.344262601487571e-06,1,0
7164,4.458812236785889,0.031647492200136185,1,0
7165,3.61169695854187,0.014211666770279408,1,0
7166,4.162296772003174,0.019250264391303062,1,0
7167,3.708933115005493,0.014140427112579346,1,0
7168,3.482184648513794,0.006072747055441141,1,0
7169,3.3492302894592285,0.11750882863998413,1,0
7170,3.663928747177124,0.1864781677722931,1,0
7171,3.5281968116760254,0.20082993805408478,1,0
7172,3.5755867958068848,0.03638260439038277,1,0
7173,4.025083541870117,0.18399439752101898,1,0
7174,4.005837917327881,0.009266718290746212,1,0
7175,4.2014336585998535,0.008663724176585674,1,0
7176,3.550868034362793,0.4274829030036926,1,0
7177,3.7742884159088135,0.13042299449443817,1,0
7178,3.8444032669067383,0.001772844116203487,1,0
7179,3.2846813201904297,0.10380132496356964,1,0
7180,4.140290260314941,0.058534082025289536,1,0
7181,3.5103776454925537,0.45360109210014343,1,0
7182,3.758272409439087,0.024905486032366753,1,0
7183,3.4774696826934814,0.1070348396897316,1,0
7184,3.7812087535858154,0.28135642409324646,1,0
7185,4.344874382019043,0.5283769369125366,1,0
7186,4.434374809265137,0.048002805560827255,1,0
7187,4.265632629394531,0.005772721953690052,1,0
7188,3.660792112350464,0.12284795194864273,1,0
7189,4.283720016479492,0.07912028580904007,1,0
7190,3.3406877517700195,0.09548071771860123,1,0
7191,3.4286746978759766,0.08097144216299057,1,0
7192,2.741382598876953,0.06111624836921692,1,0
7193,3.2256264686584473,0.23519285023212433,1,0
7194,2.993004083633423,0.019330685958266258,1,0
7195,3.361459255218506,0.012895305640995502,1,0
7196,3.1824584007263184,0.010917329229414463,1,0
7197,3.4705159664154053,0.03873132914304733,1,0
7198,3.6109495162963867,0.10949891060590744,1,0
7199,4.114602088928223,0.002734880894422531,1,0
7200,3.5761165618896484,0.07926150411367416,1,0
7201,3.9353678226470947,0.016466734930872917,1,0
7202,4.215628147125244,0.012097098864614964,1,0
7203,3.2173476219177246,0.040833067148923874,1,0
7204,2.295839786529541,0.005369414575397968,1,0
7205,2.862269401550293,0.08464246988296509,1,0
7206,3.74106502532959,0.034795165061950684,1,0
7207,3.8412113189697266,0.08293291181325912,1,0
7208,3.526251792907715,0.0038829490076750517,1,0
7209,3.2984580993652344,0.025927016511559486,1,0
7210,3.960700273513794,9.861225407803431e-05,1,0
7211,3.252032995223999,1.6742944353609346e-05,1,0
7212,3.451305389404297,6.789341711055386e-08,1,0
7213,3.3690502643585205,0.15490251779556274,1,0
7214,3.197953939437866,0.022317320108413696,1,0
7215,3.659390687942505,0.07072354108095169,1,0
7216,3.4863624572753906,0.0188771802932024,1,0
7217,3.7866485118865967,0.1780165731906891,1,0
7218,3.483523368835449,3.4654513001441956e-05,1,0
7219,4.031903266906738,0.028789669275283813,1,0
7220,4.014342308044434,4.385504780657357e-06,1,0
7221,3.6360599994659424,0.012562143616378307,1,0
7222,3.8289811611175537,0.07425697892904282,1,0
7223,3.5665931701660156,3.0046701795072295e-05,1,0
7224,3.7488489151000977,0.017569420859217644,1,0
7225,3.892457962036133,0.001747740781866014,1,0
7226,3.872076988220215,0.00657297670841217,1,0
7227,3.772264003753662,0.00918329693377018,1,0
7228,3.640232563018799,0.10315561294555664,1,0
7229,3.5810983180999756,0.011626251973211765,1,0
7230,3.903757333755493,0.04991598427295685,1,0
7231,3.8008205890655518,0.055016305297613144,1,0
7232,3.61311411857605,0.026461178436875343,1,0
7233,3.601407051086426,4.71482053399086e-06,1,0
7234,3.9691162109375,0.0680091381072998,1,0
7235,4.065825462341309,6.216475594555959e-05,1,0
7236,3.8220911026000977,0.00039253468276001513,1,0
7237,3.9242241382598877,6.055925041437149e-06,1,0
7238,4.188294410705566,0.05066043883562088,1,0
7239,3.266847610473633,0.022274089977145195,1,0
7240,4.428418159484863,0.0017614848911762238,1,0
7241,3.507777690887451,0.008618868887424469,1,0
7242,3.9878978729248047,0.0002295617014169693,1,0
7243,3.973623514175415,0.0001285807229578495,1,0
7244,4.43546724319458,0.028947079554200172,1,0
7245,4.113011837005615,0.02197551727294922,1,0
7246,3.449131727218628,0.16605022549629211,1,0
7247,3.7684667110443115,5.1552058721426874e-05,1,0
7248,4.190459251403809,0.008458355441689491,1,0
7249,3.6493871212005615,0.013413280248641968,1,0
7250,3.3107852935791016,0.04360077902674675,1,0
7251,3.2863128185272217,0.1944291889667511,1,0
7252,3.8589649200439453,0.054096635431051254,1,0
7253,3.9732446670532227,0.10178401321172714,1,0
7254,3.4656121730804443,0.03846588730812073,1,0
7255,3.6907427310943604,0.004009038209915161,1,0
7256,3.515836715698242,0.000944161438383162,1,0
7257,3.3849709033966064,0.16498230397701263,1,0
7258,3.3229401111602783,0.20591305196285248,1,0
7259,3.5588133335113525,0.014603182673454285,1,0
7260,3.522481679916382,0.03094412200152874,1,0
7261,3.0044162273406982,0.0007913657464087009,1,0
7262,3.305995464324951,0.01715235970914364,1,0
7263,3.5827577114105225,0.010379613377153873,1,0
7264,2.318169355392456,0.11996960639953613,1,0
7265,3.1353468894958496,0.0001347818470094353,1,0
7266,3.528231143951416,0.09534358978271484,1,0
7267,3.6737234592437744,0.007548742927610874,1,0
7268,3.6919913291931152,0.012464985251426697,1,0
7269,3.924349069595337,0.02487807907164097,1,0
7270,3.524395227432251,0.04227301478385925,1,0
7271,3.4267592430114746,0.14849796891212463,1,0
7272,4.133594512939453,0.03919612988829613,1,0
7273,3.890937566757202,0.0032331482507288456,1,0
7274,4.280577182769775,0.009756091050803661,1,0
7275,3.9627223014831543,0.024462757632136345,1,0
7276,3.526151180267334,0.06409574300050735,1,0
7277,3.327681303024292,0.062247514724731445,1,0
7278,2.8286726474761963,0.021958354860544205,1,0
7279,3.477937936782837,0.8505105376243591,1,0
7280,3.218513011932373,0.07312525808811188,1,0
7281,3.6357383728027344,1.069841742515564,1,0
7282,3.787322521209717,0.09218179434537888,1,0
7283,4.19456148147583,0.09870418161153793,1,0
7284,4.294800281524658,0.05728468298912048,1,0
7285,3.8018088340759277,0.00317959557287395,1,0
7286,3.6067123413085938,0.052196748554706573,1,0
7287,3.9375529289245605,0.17537978291511536,1,0
7288,3.4890799522399902,0.0002062082348857075,1,0
7289,3.987271547317505,0.05532912164926529,1,0
7290,3.9940476417541504,0.14052319526672363,1,0
7291,3.915879487991333,0.14718441665172577,1,0
7292,3.513753652572632,0.03020503558218479,1,0
7293,3.687744379043579,0.01836360991001129,1,0
7294,4.055919170379639,0.001242794911377132,1,0
7295,3.364725351333618,0.0030845426954329014,1,0
7296,3.34409236907959,0.006087797228246927,1,0
7297,4.152256488800049,0.002684645354747772,1,0
7298,3.915435314178467,0.08515986800193787,1,0
7299,3.329900026321411,0.13416466116905212,1,0
7300,3.365459680557251,0.08790779113769531,1,0
7301,3.62847900390625,0.003866129321977496,1,0
7302,3.554941177368164,0.0011770077981054783,1,0
7303,3.4450149536132812,0.00021801330149173737,1,0
7304,3.208772897720337,0.002980385674163699,1,0
7305,3.369400978088379,0.10767356306314468,1,0
7306,3.5779194831848145,0.01630367338657379,1,0
7307,3.5717315673828125,0.07427801936864853,1,0
7308,3.724550247192383,0.02659635618329048,1,0
7309,3.763383626937866,0.16523326933383942,1,0
7310,3.3889312744140625,0.0056967176496982574,1,0
7311,3.850644588470459,0.022251052781939507,1,0
7312,3.9061484336853027,2.356329969188664e-05,1,0
7313,4.086184978485107,0.04907864332199097,1,0
7314,3.995952606201172,0.0008961562416516244,1,0
7315,3.5850589275360107,0.08467616885900497,1,0
7316,3.1082944869995117,0.0001684785820543766,1,0
7317,3.751138210296631,0.039617590606212616,1,0
7318,3.728785753250122,0.013603958301246166,1,0
7319,3.4840445518493652,0.004770481027662754,1,0
7320,3.344003677368164,0.0011690751416608691,1,0
7321,3.394479990005493,0.017728397622704506,1,0
7322,3.2436060905456543,0.019419342279434204,1,0
7323,3.8700942993164062,0.027545839548110962,1,0
7324,3.365485429763794,0.016960782930254936,1,0
7325,3.4972381591796875,0.017759248614311218,1,0
7326,3.875363826751709,0.1040128618478775,1,0
7327,3.4845614433288574,0.01726122573018074,1,0
7328,3.7856624126434326,0.01697838306427002,1,0
7329,3.8225045204162598,0.07933759689331055,1,0
7330,3.6602749824523926,0.3034047782421112,1,0
7331,3.7972588539123535,0.01966487430036068,1,0
7332,3.4248507022857666,0.007851898670196533,1,0
7333,3.5214314460754395,0.029710618779063225,1,0
7334,3.812758684158325,0.0003316224610898644,1,0
7335,3.508404493331909,0.025889737531542778,1,0
7336,3.8526346683502197,0.16235089302062988,1,0
7337,3.6878139972686768,0.04883522167801857,1,0
7338,3.38694429397583,0.08037389814853668,1,0
7339,3.278456926345825,0.0005867425352334976,1,0
7340,3.0438125133514404,0.15687625110149384,1,0
7341,3.3765647411346436,0.10988245159387589,1,0
7342,3.710261344909668,0.24156300723552704,1,0
7343,3.5375728607177734,0.24470363557338715,1,0
7344,3.9064342975616455,0.15520653128623962,1,0
7345,3.9181900024414062,0.039364442229270935,1,0
7346,4.1042070388793945,0.029207084327936172,1,0
7347,3.9711132049560547,0.012690101750195026,1,0
7348,3.43080472946167,9.519243758404627e-05,1,0
7349,4.014921188354492,0.013597207143902779,1,0
7350,3.7610836029052734,0.010543465614318848,1,0
7351,3.9254255294799805,0.014246202073991299,1,0
7352,3.8277220726013184,4.922310108668171e-05,1,0
7353,4.612974643707275,0.0010099121136590838,1,0
7354,3.6184847354888916,0.019988277927041054,1,0
7355,3.8403897285461426,0.030893215909600258,1,0
7356,4.013494968414307,0.0005130106001161039,1,0
7357,3.762136459350586,0.004092570394277573,1,0
7358,4.031880855560303,0.002575766295194626,1,0
7359,3.832778215408325,6.170906272018328e-05,1,0
7360,3.841007947921753,0.013341844081878662,1,0
7361,3.832244634628296,0.01645187847316265,1,0
7362,3.6124467849731445,9.299815246777143e-06,1,0
7363,3.727277994155884,0.017800426110625267,1,0
7364,3.8706793785095215,0.02879294566810131,1,0
7365,3.9739654064178467,0.0029133304487913847,1,0
7366,4.04868745803833,0.09316892176866531,1,0
7367,3.730875015258789,0.05802619457244873,1,0
7368,4.058877944946289,0.09061218053102493,1,0
7369,3.8039286136627197,0.02251092530786991,1,0
7370,3.777357816696167,0.0014260009629651904,1,0
7371,3.9735631942749023,0.06565410643815994,1,0
7372,4.292471408843994,0.021333640441298485,1,0
7373,3.8167121410369873,0.01321285218000412,1,0
7374,3.9111034870147705,0.008768235333263874,1,0
7375,3.8827545642852783,0.029177403077483177,1,0
7376,3.8133089542388916,0.029950633645057678,1,0
7377,3.871601104736328,0.1122559905052185,1,0
7378,3.866098403930664,0.00021206970268394798,1,0
7379,4.036288738250732,0.06684639304876328,1,0
7380,3.0079526901245117,0.10963945835828781,1,0
7381,3.1669983863830566,0.019153980538249016,1,0
7382,2.6472251415252686,0.06008994206786156,1,0
7383,3.345956563949585,0.04078627750277519,1,0
7384,3.014601469039917,0.00012618453183677047,1,0
7385,3.3800530433654785,0.013750679790973663,1,0
7386,3.4044137001037598,0.0574834942817688,1,0
7387,3.0407633781433105,0.0035259320866316557,1,0
7388,3.3652968406677246,0.028551099821925163,1,0
7389,3.37546968460083,0.06990466266870499,1,0
7390,3.0725858211517334,0.19456538558006287,1,0
7391,3.2481167316436768,0.008108798414468765,1,0
7392,3.394871473312378,0.01998554915189743,1,0
7393,2.988544464111328,0.0242038294672966,1,0
7394,3.335358142852783,0.043504104018211365,1,0
7395,3.128422260284424,0.0028059929609298706,1,0
7396,3.0452895164489746,0.07049787789583206,1,0
7397,3.0706586837768555,0.07495813816785812,1,0
7398,3.2108256816864014,0.0007485249079763889,1,0
7399,2.962561845779419,0.008041157387197018,1,0
7400,3.4486827850341797,0.013588204979896545,1,0
7401,3.1343467235565186,0.04214216023683548,1,0
7402,3.256890296936035,0.1278497874736786,1,0
7403,3.4087820053100586,1.9149439334869385,1,0
7404,2.8899433612823486,0.04397234320640564,1,0
7405,3.8509793281555176,0.10310602188110352,1,0
7406,3.5804994106292725,0.005988810211420059,1,0
7407,3.397127628326416,0.07046201080083847,1,0
7408,3.4959166049957275,0.002580666681751609,1,0
7409,3.668405294418335,0.07588575035333633,1,0
7410,3.6763052940368652,0.000370668713003397,1,0
7411,3.6824734210968018,0.010620899498462677,1,0
7412,3.5412724018096924,0.0029457153286784887,1,0
7413,3.875629425048828,0.010840829461812973,1,0
7414,2.384324073791504,0.0009329267777502537,1,0
7415,2.3357176780700684,0.15442430973052979,1,0
7416,3.721388101577759,0.08514860272407532,1,0
7417,3.7222907543182373,0.06723619997501373,1,0
7418,3.5188488960266113,0.033169277012348175,1,0
7419,4.22057580947876,0.13940398395061493,1,0
7420,3.2757418155670166,0.4255542755126953,1,0
7421,3.826012134552002,0.17823652923107147,1,0
7422,3.457075595855713,0.009261145256459713,1,0
7423,3.5486693382263184,0.010462366044521332,1,0
7424,3.0705549716949463,0.09246329963207245,1,0
7425,3.5397238731384277,0.023746585473418236,1,0
7426,3.6143105030059814,0.015308898873627186,1,0
7427,3.3280770778656006,0.31354543566703796,1,0
7428,3.733415126800537,0.0038063570391386747,1,0
7429,3.875319719314575,0.00046189213753677905,1,0
7430,3.864152193069458,0.059260111302137375,1,0
7431,3.738454580307007,0.00341000035405159,1,0
7432,3.6303822994232178,0.0037932698614895344,1,0
7433,3.613665819168091,0.2726711332798004,1,0
7434,4.116116046905518,0.17154540121555328,1,0
7435,4.580991744995117,0.040397416800260544,1,0
7436,2.889697551727295,9.406590834259987e-05,1,0
7437,3.440828800201416,0.052753835916519165,1,0
7438,3.79438853263855,0.020840361714363098,1,0
7439,3.6484038829803467,0.0017388761043548584,1,0
7440,3.4695801734924316,0.06804940849542618,1,0
7441,3.438260078430176,0.07195045053958893,1,0
7442,3.5525143146514893,0.019357530400156975,1,0
7443,3.3036861419677734,0.12588363885879517,1,0
7444,3.3808698654174805,0.007146745920181274,1,0
7445,3.4346818923950195,0.1644652932882309,1,0
7446,3.3773844242095947,0.009107619524002075,1,0
7447,2.940847635269165,0.21024468541145325,1,0
7448,3.9747931957244873,0.24485640227794647,1,0
7449,3.5559065341949463,0.11182314157485962,1,0
7450,3.0333030223846436,0.0018666990799829364,1,0
7451,3.647190570831299,0.017116988077759743,1,0
7452,3.6886470317840576,0.04443494975566864,1,0
7453,3.631603240966797,0.4308335781097412,1,0
7454,4.031658172607422,0.08935580402612686,1,0
7455,3.635113477706909,0.01519924309104681,1,0
7456,3.6609432697296143,0.10830147564411163,1,0
7457,3.7307913303375244,0.13318376243114471,1,0
7458,3.6220054626464844,0.04063829407095909,1,0
7459,3.6578431129455566,0.0010747098131105304,1,0
7460,3.6334590911865234,0.21880845725536346,1,0
7461,3.4607813358306885,0.04325888305902481,1,0
7462,2.780386209487915,0.0050435662269592285,1,0
7463,4.286839485168457,0.017759248614311218,1,0
7464,3.5572094917297363,0.005397737957537174,1,0
7465,3.6429600715637207,0.045203134417533875,1,0
7466,3.5482213497161865,0.0022351928055286407,1,0
7467,3.9507205486297607,0.13787323236465454,1,0
7468,2.664903163909912,0.0061179534532129765,1,0
7469,2.925550699234009,8.387500565731898e-05,1,0
7470,3.407758951187134,0.014943340793251991,1,0
7471,3.854565143585205,0.025432148948311806,1,0
7472,3.4053854942321777,0.00040993132279254496,1,0
7473,3.7754974365234375,0.008246684446930885,1,0
7474,3.716061592102051,0.04451636224985123,1,0
7475,3.897089719772339,0.07659988850355148,1,0
7476,3.7486650943756104,0.06294772028923035,1,0
7477,3.7139532566070557,0.02171591855585575,1,0
7478,3.401886224746704,0.08085065335035324,1,0
7479,3.657047748565674,0.06778281927108765,1,0
7480,3.9247775077819824,0.009679983370006084,1,0
7481,3.9215080738067627,0.05765947699546814,1,0
7482,3.7081491947174072,0.09749513119459152,1,0
7483,3.3603646755218506,0.06452646851539612,1,0
7484,3.8441905975341797,0.016011720523238182,1,0
7485,4.077887535095215,0.0035869365092366934,1,0
7486,3.2035739421844482,0.029253283515572548,1,0
7487,4.048643589019775,0.008230917155742645,1,0
7488,3.5496809482574463,0.006860856898128986,1,0
7489,3.734443426132202,0.006420520134270191,1,0
7490,3.749516725540161,0.005807970650494099,1,0
7491,4.315119743347168,0.06985364109277725,1,0
7492,3.6914331912994385,0.03720448911190033,1,0
7493,3.457824945449829,0.10619036108255386,1,0
7494,3.851229429244995,0.037585195153951645,1,0
7495,3.603902578353882,0.027706241235136986,1,0
7496,4.1638712882995605,0.10864473879337311,1,0
7497,4.144579887390137,0.07854586094617844,1,0
7498,2.6802096366882324,0.6185925602912903,1,0
7499,3.885676145553589,0.1334092617034912,1,0
7500,4.213862895965576,0.012508121319115162,1,0
7501,3.5390961170196533,0.1003604307770729,1,0
7502,3.6263961791992188,0.16305936872959137,1,0
7503,3.892709970474243,0.00014762218052055687,1,0
7504,3.2457823753356934,0.09985356777906418,1,0
7505,3.777024030685425,0.08060935884714127,1,0
7506,3.6178669929504395,0.0002675713039934635,1,0
7507,3.19936466217041,0.022577578201889992,1,0
7508,3.9275906085968018,0.06415439397096634,1,0
7509,4.303023815155029,0.027137333527207375,1,0
7510,3.8169772624969482,0.01105895359069109,1,0
7511,3.7007546424865723,0.029494762420654297,1,0
7512,3.799440622329712,0.012650995515286922,1,0
7513,4.21037483215332,0.013275046832859516,1,0
7514,3.7074570655822754,0.0029195845127105713,1,0
7515,4.331562042236328,0.014280778355896473,1,0
7516,4.118017673492432,0.1425490826368332,1,0
7517,3.8566129207611084,0.04882242903113365,1,0
7518,3.956359386444092,0.08617673069238663,1,0
7519,4.131058216094971,0.11831076443195343,1,0
7520,4.331900596618652,0.0030226826202124357,1,0
7521,4.1352858543396,0.0019595555495470762,1,0
7522,3.7191500663757324,0.017116988077759743,1,0
7523,4.322965621948242,0.009636356495320797,1,0
7524,2.9728314876556396,0.0356718935072422,1,0
7525,3.6797688007354736,0.001855042646639049,1,0
7526,3.6434991359710693,0.14443539083003998,1,0
7527,3.8293142318725586,0.16235868632793427,1,0
7528,3.4055228233337402,0.023889565840363503,1,0
7529,3.311307191848755,0.03343343734741211,1,0
7530,3.6463589668273926,0.10929461568593979,1,0
7531,2.600628614425659,0.01522781141102314,1,0
7532,2.80509877204895,0.0018014017259702086,1,0
7533,3.675534963607788,0.0018219397170469165,1,0
7534,3.7334342002868652,0.022331740707159042,1,0
7535,3.977280378341675,0.1591087281703949,1,0
7536,3.6103549003601074,0.035602666437625885,1,0
7537,3.486013889312744,0.004655206575989723,1,0
7538,3.171417474746704,0.08252210170030594,1,0
7539,3.2855513095855713,0.006411244161427021,1,0
7540,3.771311044692993,0.18276287615299225,1,0
7541,3.290717124938965,0.022807270288467407,1,0
7542,3.7774739265441895,0.06689631193876266,1,0
7543,3.658416986465454,0.0005728006362915039,1,0
7544,3.6303915977478027,0.33167603611946106,1,0
7545,3.9255659580230713,0.012884348630905151,1,0
7546,3.5587880611419678,0.09142156690359116,1,0
7547,3.7444775104522705,0.23384690284729004,1,0
7548,3.2205729484558105,0.14732514321804047,1,0
7549,4.120131492614746,0.02399110235273838,1,0
7550,3.750239610671997,0.14211945235729218,1,0
7551,3.671470880508423,0.015690959990024567,1,0
7552,4.130013465881348,0.037349823862314224,1,0
7553,4.274019718170166,0.023601070046424866,1,0
7554,3.6674022674560547,0.026712948456406593,1,0
7555,3.4527058601379395,0.004333075135946274,1,0
7556,3.75002121925354,0.08937888592481613,1,0
7557,3.899648666381836,0.12211841344833374,1,0
7558,3.5359864234924316,0.02122665010392666,1,0
7559,3.4206738471984863,0.03894052654504776,1,0
7560,3.4721901416778564,0.007498518563807011,1,0
7561,3.178760528564453,0.09047859907150269,1,0
7562,3.465867519378662,0.006306584924459457,1,0
7563,3.4816153049468994,0.041075240820646286,1,0
7564,3.6450295448303223,3.068484511459246e-05,1,0
7565,3.675161361694336,0.01990649849176407,1,0
7566,3.5540759563446045,0.03759641572833061,1,0
7567,3.4234488010406494,0.0036940728314220905,1,0
7568,3.6253721714019775,0.012996325269341469,1,0
7569,3.37473464012146,0.028573930263519287,1,0
7570,3.58994197845459,0.006160297431051731,1,0
7571,3.68269681930542,0.00714185182005167,1,0
7572,3.2435922622680664,0.053769420832395554,1,0
7573,3.7797274589538574,0.033957794308662415,1,0
7574,4.251927852630615,0.033851176500320435,1,0
7575,3.5948071479797363,0.00575660215690732,1,0
7576,3.615900993347168,0.004853490740060806,1,0
7577,3.545915365219116,0.03110390342772007,1,0
7578,3.918109178543091,0.13246628642082214,1,0
7579,3.628488540649414,0.05474048852920532,1,0
7580,3.3597939014434814,0.0023404292296618223,1,0
7581,3.785414457321167,0.0589691661298275,1,0
7582,3.9765467643737793,0.009924576617777348,1,0
7583,3.4432973861694336,4.814574640477076e-05,1,0
7584,3.6977884769439697,0.07118625938892365,1,0
7585,3.8998188972473145,0.00016129166760947555,1,0
7586,3.6714508533477783,0.2951584458351135,1,0
7587,3.97727370262146,0.25802743434906006,1,0
7588,3.9654459953308105,0.17584890127182007,1,0
7589,2.9118077754974365,0.00010842839401448146,1,0
7590,3.4333770275115967,0.07768275588750839,1,0
7591,3.7598648071289062,0.15659351646900177,1,0
7592,3.152277946472168,0.07444117218255997,1,0
7593,3.349773406982422,0.0119616175070405,1,0
7594,3.4522459506988525,0.26123353838920593,1,0
7595,3.8119120597839355,0.14059555530548096,1,0
7596,3.628007650375366,0.0027916976250708103,1,0
7597,3.377680540084839,0.043118491768836975,1,0
7598,3.3730051517486572,0.01776953972876072,1,0
7599,3.6399083137512207,0.0006079697050154209,1,0
7600,3.6765167713165283,0.009733227081596851,1,0
7601,3.7385828495025635,0.0016405069036409259,1,0
7602,3.032660961151123,0.1817082315683365,1,0
7603,3.5649876594543457,0.027013475075364113,1,0
7604,3.5470452308654785,0.025654250755906105,1,0
7605,3.0750157833099365,0.2628439664840698,1,0
7606,3.028510808944702,0.023853780701756477,1,0
7607,2.9945785999298096,0.002295824233442545,1,0
7608,3.249023675918579,0.006300455424934626,1,0
7609,4.118603706359863,0.001906941062770784,1,0
7610,3.664058208465576,0.004037195350974798,1,0
7611,3.9482054710388184,0.0012265184195712209,1,0
7612,3.505434989929199,0.008126188069581985,1,0
7613,3.9061765670776367,0.11968900263309479,1,0
7614,3.1568522453308105,0.4167115390300751,1,0
7615,3.4653513431549072,0.028766751289367676,1,0
7616,2.9327454566955566,3.934837877750397e-05,1,0
7617,3.3040926456451416,0.023017622530460358,1,0
7618,3.4698920249938965,0.09107174724340439,1,0
7619,3.620120048522949,0.0016249091131612659,1,0
7620,3.975424289703369,0.03038308024406433,1,0
7621,4.103236675262451,0.10211062431335449,1,0
7622,3.923107624053955,0.0017084263963624835,1,0
7623,3.50600266456604,0.009153726510703564,1,0
7624,4.126643657684326,0.18852578103542328,1,0
7625,3.7557871341705322,0.04294632747769356,1,0
7626,3.3342466354370117,0.0941849872469902,1,0
7627,3.29144549369812,0.0014143631560727954,1,0
7628,3.4664292335510254,0.01272709108889103,1,0
7629,3.5618245601654053,0.001873376197181642,1,0
7630,3.716670513153076,0.02898978628218174,1,0
7631,3.5577356815338135,0.0002510998456273228,1,0
7632,3.4368081092834473,0.0731513574719429,1,0
7633,3.3472321033477783,0.0029467628337442875,1,0
7634,3.7643139362335205,0.041821833699941635,1,0
7635,3.680539131164551,0.004262218717485666,1,0
7636,3.891199827194214,0.022302906960248947,1,0
7637,3.8933537006378174,0.009668592363595963,1,0
7638,4.066568374633789,0.009596608579158783,1,0
7639,3.3987369537353516,0.009974632412195206,1,0
7640,3.7349178791046143,0.38489872217178345,1,0
7641,3.3023812770843506,0.00022926936799194664,1,0
7642,3.385406255722046,0.0020862824749201536,1,0
7643,3.5946364402770996,0.08686936646699905,1,0
7644,3.8917157649993896,0.04051388055086136,1,0
7645,3.7099575996398926,0.15023601055145264,1,0
7646,3.7786107063293457,0.02897007204592228,1,0
7647,3.6573846340179443,0.003960303962230682,1,0
7648,4.291004180908203,0.012052560225129128,1,0
7649,3.3987302780151367,0.029750553891062737,1,0
7650,3.5304205417633057,0.0058197439648211,1,0
7651,3.6970345973968506,0.012969933450222015,1,0
7652,3.4848480224609375,0.18155193328857422,1,0
7653,3.167471408843994,0.0214409027248621,1,0
7654,3.9019036293029785,0.03476276993751526,1,0
7655,3.916466474533081,0.0013187684817239642,1,0
7656,4.3506879806518555,0.005259665194898844,1,0
7657,3.9254496097564697,0.013868624344468117,1,0
7658,3.6158106327056885,0.0018260612851008773,1,0
7659,3.8779218196868896,0.01479506678879261,1,0
7660,3.5632827281951904,0.004181955009698868,1,0
7661,3.819796323776245,0.011601291596889496,1,0
7662,4.088136672973633,0.10529911518096924,1,0
7663,4.0613813400268555,0.038375090807676315,1,0
7664,3.914118766784668,3.2419339390798996e-07,1,0
7665,3.5492913722991943,0.3474319577217102,1,0
7666,3.7691397666931152,0.011501719243824482,1,0
7667,3.3317618370056152,0.08730224519968033,1,0
7668,3.883180618286133,0.044769201427698135,1,0
7669,3.3921732902526855,0.06877131015062332,1,0
7670,3.724081516265869,0.00457000220194459,1,0
7671,3.365182638168335,0.05802619457244873,1,0
7672,4.0527729988098145,0.054051753133535385,1,0
7673,3.748826742172241,0.013027148321270943,1,0
7674,4.044013977050781,0.034317970275878906,1,0
7675,3.659071922302246,0.03420008346438408,1,0
7676,3.6618118286132812,0.14926503598690033,1,0
7677,4.070217132568359,0.006724056787788868,1,0
7678,4.464049339294434,0.01975429244339466,1,0
7679,4.0822625160217285,0.0242038294672966,1,0
7680,3.617309808731079,0.06568378210067749,1,0
7681,4.501533508300781,0.06011832877993584,1,0
7682,4.465613842010498,0.22609078884124756,1,0
7683,3.4853391647338867,0.24214200675487518,1,0
7684,3.8016226291656494,0.04746305197477341,1,0
7685,4.104496955871582,0.039230525493621826,1,0
7686,3.0361270904541016,0.027165958657860756,1,0
7687,3.9826087951660156,0.07225104421377182,1,0
7688,3.428539752960205,0.030703529715538025,1,0
7689,4.1040263175964355,0.0295113418251276,1,0
7690,3.9872560501098633,0.011091453023254871,1,0
7691,4.0251288414001465,0.0006247404962778091,1,0
7692,3.6686835289001465,0.0345723032951355,1,0
7693,4.374412536621094,0.21095328032970428,1,0
7694,4.248740196228027,0.005315805319696665,1,0
7695,3.916984796524048,0.048801105469465256,1,0
7696,3.4138927459716797,0.018489370122551918,1,0
7697,4.369106769561768,0.34581834077835083,1,0
7698,4.15449857711792,0.0025914632715284824,1,0
7699,3.5116729736328125,0.028196722269058228,1,0
7700,3.252828598022461,0.13780157268047333,1,0
7701,3.7459661960601807,0.021713076159358025,1,0
7702,3.36895489692688,0.0374431349337101,1,0
7703,4.008669853210449,0.040642183274030685,1,0
7704,4.153811931610107,0.026880402117967606,1,0
7705,3.983220338821411,4.6026802010601386e-05,1,0
7706,3.909205913543701,0.01291723269969225,1,0
7707,3.7541141510009766,0.0009495065896771848,1,0
7708,4.037557125091553,0.027947718277573586,1,0
7709,3.441171884536743,0.08476605266332626,1,0
7710,3.289445400238037,0.020103050395846367,1,0
7711,3.6789231300354004,0.01406707800924778,1,0
7712,3.6733970642089844,0.026429791003465652,1,0
7713,2.967674493789673,0.017008576542139053,1,0
7714,3.716512680053711,0.19338379800319672,1,0
7715,3.9293441772460938,0.0005253241397440434,1,0
7716,3.340374231338501,0.14581771194934845,1,0
7717,3.6576154232025146,0.016333261504769325,1,0
7718,3.559751510620117,0.07929954677820206,1,0
7719,4.090278625488281,0.2739425003528595,1,0
7720,3.7117884159088135,0.06611981242895126,1,0
7721,3.6131396293640137,0.04753035306930542,1,0
7722,3.4014034271240234,0.14360038936138153,1,0
7723,3.527292013168335,0.00016104662790894508,1,0
7724,3.6378326416015625,0.02131391130387783,1,0
7725,3.4238789081573486,0.49480724334716797,1,0
7726,3.4621365070343018,0.0748947486281395,1,0
7727,3.879256248474121,0.006835301406681538,1,0
7728,3.42531418800354,0.0004079797363374382,1,0
7729,3.830544948577881,0.014350058510899544,1,0
7730,4.140532970428467,0.020171524956822395,1,0
7731,3.777240753173828,0.03689984232187271,1,0
7732,3.985042095184326,0.09335754066705704,1,0
7733,4.65401554107666,0.000804997980594635,1,0
7734,3.915611982345581,0.05957062169909477,1,0
7735,4.22450590133667,0.08110880106687546,1,0
7736,3.6901698112487793,0.01840810291469097,1,0
7737,3.655893325805664,0.15820156037807465,1,0
7738,4.041051864624023,0.041865259408950806,1,0
7739,3.2792651653289795,0.1406317502260208,1,0
7740,3.63051176071167,0.0097732562571764,1,0
7741,4.176148414611816,0.04071614518761635,1,0
7742,4.033387660980225,0.0791039988398552,1,0
7743,4.000701427459717,0.05622253939509392,1,0
7744,3.79710054397583,0.0005368889542296529,1,0
7745,3.6588797569274902,0.0023741647601127625,1,0
7746,3.5658233165740967,0.0014042191905900836,1,0
7747,3.4863884449005127,0.034260787069797516,1,0
7748,3.635573625564575,0.016855375841259956,1,0
7749,3.5409321784973145,0.0052764760330319405,1,0
7750,3.8757410049438477,0.036851655691862106,1,0
7751,3.7514028549194336,0.10060516744852066,1,0
7752,3.682070732116699,0.007548742927610874,1,0
7753,4.787991523742676,0.01835576444864273,1,0
7754,3.791640043258667,0.07521729916334152,1,0
7755,3.5987436771392822,0.06256574392318726,1,0
7756,3.7922348976135254,0.0026229999493807554,1,0
7757,3.71797513961792,0.0005975448875688016,1,0
7758,3.9187915325164795,0.07868114858865738,1,0
7759,3.984452486038208,0.0443129800260067,1,0
7760,4.1471662521362305,7.406249551422661e-06,1,0
7761,3.7097904682159424,0.016165954992175102,1,0
7762,3.7081358432769775,0.0006127380765974522,1,0
7763,3.871515989303589,0.4340701699256897,1,0
7764,4.258578777313232,0.23237453401088715,1,0
7765,3.9761881828308105,0.10462378710508347,1,0
7766,4.083473205566406,0.0008264967473223805,1,0
7767,3.6930737495422363,0.11868947744369507,1,0
7768,3.818620204925537,0.06113056093454361,1,0
7769,3.7396504878997803,0.0003211618459317833,1,0
7770,3.9152305126190186,0.23770812153816223,1,0
7771,3.843062162399292,0.02299712970852852,1,0
7772,3.8613507747650146,0.023728743195533752,1,0
7773,4.109376907348633,0.08299961686134338,1,0
7774,4.123349666595459,0.18474026024341583,1,0
7775,3.821051836013794,0.001812888658605516,1,0
7776,3.942030429840088,0.08639784902334213,1,0
7777,3.9662528038024902,0.002229721052572131,1,0
7778,4.018587589263916,0.0011252776021137834,1,0
7779,3.86112380027771,0.101833276450634,1,0
7780,3.267347812652588,0.03654477000236511,1,0
7781,3.267690896987915,0.17965717613697052,1,0
7782,3.6711926460266113,0.18967564404010773,1,0
7783,4.0915846824646,0.14717701077461243,1,0
7784,3.8686068058013916,0.005631351377815008,1,0
7785,3.689201831817627,0.0065417177975177765,1,0
7786,3.533597707748413,0.0007919088238850236,1,0
7787,3.832599401473999,0.033250175416469574,1,0
7788,3.6280629634857178,0.0008680680184625089,1,0
7789,3.71399188041687,0.0020854012109339237,1,0
7790,3.4736998081207275,0.0013926707906648517,1,0
7791,3.7053537368774414,0.0012908809585496783,1,0
7792,3.397124767303467,0.020548824220895767,1,0
7793,3.637061834335327,0.1408272385597229,1,0
7794,3.086409091949463,0.012471451424062252,1,0
7795,3.5297200679779053,0.4410409927368164,1,0
7796,3.8915228843688965,0.08080127090215683,1,0
7797,3.877767324447632,0.11426962912082672,1,0
7798,3.684242010116577,0.004856180399656296,1,0
7799,3.9813790321350098,0.008476115763187408,1,0
7800,4.422145843505859,0.10412494093179703,1,0
7801,4.034313678741455,8.049980351643171e-06,1,0
7802,4.195007801055908,0.035482585430145264,1,0
7803,3.481872320175171,0.019556758925318718,1,0
7804,3.3862802982330322,0.007440134882926941,1,0
7805,3.6859805583953857,0.00015234957390930504,1,0
7806,3.6503005027770996,0.061546441167593,1,0
7807,4.11496114730835,0.0980745479464531,1,0
7808,4.011626720428467,0.09195925295352936,1,0
7809,3.5333638191223145,0.053608424961566925,1,0
7810,3.956087589263916,0.03185039758682251,1,0
7811,3.666297674179077,0.003338248236104846,1,0
7812,3.5987305641174316,0.01855766959488392,1,0
7813,3.592508316040039,0.0010135957272723317,1,0
7814,3.803741216659546,0.01555345393717289,1,0
7815,3.6616358757019043,0.0010721803409978747,1,0
7816,3.827085494995117,0.006351113319396973,1,0
7817,3.820931911468506,0.0007789269438944757,1,0
7818,3.6610543727874756,0.02855762280523777,1,0
7819,3.3906383514404297,0.0046868654899299145,1,0
7820,3.426652669906616,0.11268968880176544,1,0
7821,3.7043263912200928,0.0013187684817239642,1,0
7822,3.6695618629455566,0.012490857392549515,1,0
7823,3.7768867015838623,0.017955269664525986,1,0
7824,3.8685595989227295,0.004092570394277573,1,0
7825,3.782911777496338,0.1540907621383667,1,0
7826,3.1384270191192627,0.12059884518384933,1,0
7827,3.137683868408203,0.003783765947446227,1,0
7828,3.4676742553710938,5.196864003664814e-05,1,0
7829,3.443657636642456,0.0033874958753585815,1,0
7830,3.3906097412109375,0.21230290830135345,1,0
7831,3.839042901992798,0.32786327600479126,1,0
7832,3.645815849304199,0.012426227331161499,1,0
7833,3.7213082313537598,0.08165942132472992,1,0
7834,4.080218315124512,0.12847165763378143,1,0
7835,4.09071683883667,7.526958506787196e-05,1,0
7836,3.8104634284973145,0.001101449248380959,1,0
7837,3.9532153606414795,0.06275900453329086,1,0
7838,4.190215110778809,0.009019419550895691,1,0
7839,3.9510183334350586,2.012495087910793e-06,1,0
7840,3.937131404876709,0.006364964880049229,1,0
7841,3.309931755065918,0.0036321603693068027,1,0
7842,3.391641616821289,0.1191820502281189,1,0
7843,3.720245122909546,0.004436597693711519,1,0
7844,3.6820077896118164,0.006728805601596832,1,0
7845,3.981471061706543,0.16903649270534515,1,0
7846,3.7545511722564697,0.04685111716389656,1,0
7847,3.8319947719573975,0.16984687745571136,1,0
7848,4.3019118309021,0.0010470495326444507,1,0
7849,4.0313286781311035,0.083696149289608,1,0
7850,4.03391170501709,0.0010963306995108724,1,0
7851,3.960292339324951,0.07531260699033737,1,0
7852,3.601257562637329,0.03237612918019295,1,0
7853,4.224489212036133,0.0021807774901390076,1,0
7854,3.558135747909546,0.04871587082743645,1,0
7855,4.075842380523682,0.05302460119128227,1,0
7856,3.9856374263763428,0.007243338972330093,1,0
7857,4.260849952697754,0.010903216898441315,1,0
7858,4.266481399536133,0.10986965149641037,1,0
7859,4.369886875152588,0.09121159464120865,1,0
7860,3.9331555366516113,0.0002710554690565914,1,0
7861,3.973676919937134,8.636796701466665e-05,1,0
7862,4.138899803161621,0.20309381186962128,1,0
7863,3.8446929454803467,0.1245245710015297,1,0
7864,3.8939616680145264,0.0026786483358591795,1,0
7865,3.8381078243255615,0.005226124078035355,1,0
7866,2.7670459747314453,0.07415182143449783,1,0
7867,3.60105562210083,0.005209393799304962,1,0
7868,4.072502613067627,0.002114588860422373,1,0
7869,4.132167339324951,0.30604708194732666,1,0
7870,4.065469741821289,0.008098374120891094,1,0
7871,3.1109671592712402,0.009719902649521828,1,0
7872,3.043355941772461,0.01811857335269451,1,0
7873,2.203481912612915,0.0037861408200114965,1,0
7874,2.732182025909424,0.003300440264865756,1,0
7875,3.137260913848877,0.0022755234967917204,1,0
7876,3.456275463104248,0.1465335190296173,1,0
7877,3.3189902305603027,0.09865567088127136,1,0
7878,3.627444267272949,0.036892425268888474,1,0
7879,3.7172045707702637,0.042138200253248215,1,0
7880,3.730220317840576,0.2552505433559418,1,0
7881,3.449352741241455,0.0007187281153164804,1,0
7882,3.5377578735351562,0.007315796799957752,1,0
7883,3.8618974685668945,0.15045304596424103,1,0
7884,3.723200559616089,0.03671839460730553,1,0
7885,3.2596137523651123,0.0007783883484080434,1,0
7886,3.6049978733062744,0.00011997530236840248,1,0
7887,3.5937185287475586,0.0499504916369915,1,0
7888,4.007308483123779,0.01981401816010475,1,0
7889,3.849931240081787,0.026735035702586174,1,0
7890,4.087068557739258,0.00038341069011949003,1,0
7891,3.769118309020996,0.06555523723363876,1,0
7892,3.582796335220337,0.02115359902381897,1,0
7893,4.269073486328125,0.0001212471179314889,1,0
7894,3.7657618522644043,0.029590969905257225,1,0
7895,3.343657970428467,0.008545558899641037,1,0
7896,3.6100337505340576,0.27755066752433777,1,0
7897,3.3777801990509033,0.011164750903844833,1,0
7898,3.6497323513031006,0.0002868496812880039,1,0
7899,3.575317144393921,0.0006271549500524998,1,0
7900,3.711015224456787,0.024029983207583427,1,0
7901,3.0389955043792725,0.14493462443351746,1,0
7902,3.3767642974853516,0.00022839345911052078,1,0
7903,3.667227268218994,0.07556706666946411,1,0
7904,3.379575490951538,0.0941731408238411,1,0
7905,3.458218812942505,0.011140291579067707,1,0
7906,3.7532286643981934,0.0015465193428099155,1,0
7907,3.397085189819336,0.008166255429387093,1,0
7908,3.5630993843078613,0.0311447661370039,1,0
7909,2.829902172088623,0.004567393101751804,1,0
7910,3.01940655708313,0.0003483477921690792,1,0
7911,3.7316675186157227,0.004296308849006891,1,0
7912,4.3233842849731445,0.010121672414243221,1,0
7913,3.691908597946167,0.07964233309030533,1,0
7914,2.503253698348999,0.018053682520985603,1,0
7915,2.957275390625,0.014382446184754372,1,0
7916,3.906283378601074,0.00033127106144092977,1,0
7917,3.895113468170166,0.00013839091116096824,1,0
7918,3.107144355773926,0.9472599029541016,1,0
7919,3.488614320755005,0.0030738324858248234,1,0
7920,3.4604954719543457,0.026807669550180435,1,0
7921,3.659658670425415,0.0004409789980854839,1,0
7922,3.4628989696502686,0.004832000471651554,1,0
7923,3.8776350021362305,0.05457353591918945,1,0
7924,3.9570040702819824,5.867425443284446e-06,1,0
7925,3.5519092082977295,0.199845090508461,1,0
7926,3.1445252895355225,0.030433565378189087,1,0
7927,3.208585023880005,0.007138589862734079,1,0
7928,3.4277327060699463,0.09457633644342422,1,0
7929,3.5236966609954834,0.045309893786907196,1,0
7930,3.929246664047241,9.299815246777143e-06,1,0
7931,3.5802712440490723,0.09470102936029434,1,0
7932,3.7037227153778076,0.31984519958496094,1,0
7933,3.9309585094451904,0.03915029019117355,1,0
7934,3.7992336750030518,0.00023073294141795486,1,0
7935,3.6888232231140137,0.004832000471651554,1,0
7936,3.67472505569458,0.0003051105886697769,1,0
7937,3.7688262462615967,0.0011428267462179065,1,0
7938,3.2559640407562256,0.00443017203360796,1,0
7939,3.5908215045928955,0.07381583005189896,1,0
7940,3.4697928428649902,0.6318699717521667,1,0
7941,3.8598344326019287,0.33347925543785095,1,0
7942,3.5837206840515137,0.4486231505870819,1,0
7943,3.3560805320739746,0.07857831567525864,1,0
7944,3.95198392868042,0.3200198709964752,1,0
7945,3.4469432830810547,0.057035502046346664,1,0
7946,3.91642165184021,0.003058869391679764,1,0
7947,3.717174530029297,0.5376346707344055,1,0
7948,4.60952091217041,0.2293882668018341,1,0
7949,4.741059303283691,0.18989425897598267,1,0
7950,4.320643424987793,0.013637748546898365,1,0
7951,4.973941802978516,0.041333820670843124,1,0
7952,3.7168095111846924,0.04798589274287224,1,0
7953,3.154374122619629,0.010905232280492783,1,0
7954,4.14230489730835,0.6426863074302673,1,0
7955,4.159924030303955,0.06689131259918213,1,0
7956,4.024711608886719,0.017746390774846077,1,0
7957,4.370711803436279,0.0022626519203186035,1,0
7958,4.124178409576416,0.005293313413858414,1,0
7959,4.311842918395996,0.003676497144624591,1,0
7960,4.559556484222412,0.013022742234170437,1,0
7961,3.6525015830993652,0.1294836848974228,1,0
7962,3.5096492767333984,0.16988666355609894,1,0
7963,3.4650776386260986,0.000901943480130285,1,0
7964,4.562286376953125,0.000515198742505163,1,0
7965,4.076584339141846,0.027838120236992836,1,0
7966,4.000025749206543,0.02199268899857998,1,0
7967,4.1506667137146,0.005167685449123383,1,0
7968,4.376913547515869,0.0817035511136055,1,0
7969,4.317759037017822,0.1161235123872757,1,0
7970,4.356868267059326,0.041656214743852615,1,0
7971,4.286165237426758,0.1931886225938797,1,0
7972,5.158394813537598,0.014698969200253487,1,0
7973,3.9782683849334717,0.006233226507902145,1,0
7974,3.144110679626465,0.020155079662799835,1,0
7975,3.231696128845215,0.2699165940284729,1,0
7976,3.73909068107605,0.13727903366088867,1,0
7977,3.577759027481079,0.15878553688526154,1,0
7978,3.2767932415008545,0.0008823428652249277,1,0
7979,3.2626895904541016,0.011609609238803387,1,0
7980,3.443729877471924,0.5499460101127625,1,0
7981,2.6035726070404053,0.010941542685031891,1,0
7982,3.990569591522217,0.02372577041387558,1,0
7983,3.3746941089630127,0.6667200922966003,1,0
7984,3.4166643619537354,0.053626298904418945,1,0
7985,3.5621402263641357,0.004476540721952915,1,0
7986,3.387251138687134,0.10519266128540039,1,0
7987,3.239966869354248,0.3249741494655609,1,0
7988,3.2660152912139893,0.003012080444023013,1,0
7989,3.4117419719696045,0.24316886067390442,1,0
7990,3.1186788082122803,0.1455230563879013,1,0
7991,3.768125295639038,0.0025377050042152405,1,0
7992,3.54925274848938,0.6185925602912903,1,0
7993,3.232318639755249,0.03826174512505531,1,0
7994,2.9507193565368652,0.07028280943632126,1,0
7995,3.295713186264038,0.03347580134868622,1,0
7996,3.831303834915161,0.16205552220344543,1,0
7997,4.184147357940674,4.168236773693934e-05,1,0
7998,3.3120365142822266,0.10109551250934601,1,0
7999,3.5357704162597656,0.00024351189495064318,1,0
8000,3.69327449798584,0.06210313364863396,1,0
8001,4.004284381866455,0.04149879142642021,1,0
8002,3.891383409500122,0.01184159703552723,1,0
8003,4.013731002807617,0.03740952908992767,1,0
8004,3.6350483894348145,0.029893875122070312,1,0
8005,3.5094637870788574,0.005447483155876398,1,0
8006,3.6569950580596924,0.05363970994949341,1,0
8007,3.7643942832946777,0.017101839184761047,1,0
8008,3.922133445739746,0.06802927702665329,1,0
8009,3.666980504989624,0.017528511583805084,1,0
8010,3.933480739593506,0.07871904969215393,1,0
8011,3.9297139644622803,0.005231706891208887,1,0
8012,2.9568893909454346,0.0003822777362074703,1,0
8013,3.472712993621826,0.037115197628736496,1,0
8014,3.8410675525665283,0.014115191996097565,1,0
8015,3.753377676010132,0.034694429486989975,1,0
8016,3.2607617378234863,0.0019399538869038224,1,0
8017,2.876772880554199,0.17077085375785828,1,0
8018,2.633176326751709,0.14163236320018768,1,0
8019,2.707916498184204,0.031328972429037094,1,0
8020,2.89827561378479,0.03057515062391758,1,0
8021,3.238950729370117,0.07798969000577927,1,0
8022,3.687181234359741,0.03420008346438408,1,0
8023,3.0551116466522217,0.0008465931750833988,1,0
8024,3.3875882625579834,0.007545389235019684,1,0
8025,3.4412271976470947,0.01590200699865818,1,0
8026,2.5424349308013916,0.032745301723480225,1,0
8027,3.099999189376831,0.009840153157711029,1,0
8028,3.61887526512146,0.004520555026829243,1,0
8029,3.728562116622925,0.05385001376271248,1,0
8030,3.8374924659729004,0.001508051180280745,1,0
8031,3.4326541423797607,0.00031291405321098864,1,0
8032,3.198361873626709,0.14717701077461243,1,0
8033,3.9815263748168945,0.026020336896181107,1,0
8034,3.725717067718506,0.06921744346618652,1,0
8035,3.5120327472686768,0.0005404726834967732,1,0
8036,3.492952346801758,0.1751939207315445,1,0
8037,3.4904842376708984,0.005474583245813847,1,0
8038,3.688209056854248,0.0018767192959785461,1,0
8039,3.4829423427581787,0.0013611585600301623,1,0
8040,3.5252881050109863,0.0051123350858688354,1,0
8041,3.628063440322876,0.3712983727455139,1,0
8042,3.4962117671966553,0.0019323102897033095,1,0
8043,3.705583095550537,0.01276195328682661,1,0
8044,3.544654130935669,0.07439378648996353,1,0
8045,3.6395373344421387,0.06179088354110718,1,0
8046,3.638216257095337,0.042766522616147995,1,0
8047,3.227736473083496,0.1338890790939331,1,0
8048,3.196434736251831,0.15564024448394775,1,0
8049,3.278242826461792,0.03199869021773338,1,0
8050,4.057422161102295,0.17378300428390503,1,0
8051,3.5145788192749023,0.0009542704792693257,1,0
8052,3.539395809173584,0.08951742202043533,1,0
8053,3.285708427429199,0.02053222618997097,1,0
8054,3.9180195331573486,0.06565410643815994,1,0
8055,3.7685508728027344,0.23662717640399933,1,0
8056,3.5947728157043457,0.006225609686225653,1,0
8057,2.8408756256103516,0.011197405867278576,1,0
8058,3.465026378631592,0.0135252820327878,1,0
8059,3.623197317123413,0.007929050363600254,1,0
8060,3.160724401473999,1.4457479664997663e-05,1,0
8061,3.7593750953674316,0.00466442946344614,1,0
8062,3.4300713539123535,0.1830105036497116,1,0
8063,3.370756149291992,0.2181408703327179,1,0
8064,3.2359731197357178,0.00018541897588875145,1,0
8065,3.6294469833374023,0.012041967362165451,1,0
8066,3.796354293823242,0.022725729271769524,1,0
8067,3.278862476348877,0.10292018949985504,1,0
8068,3.3431947231292725,0.003120018634945154,1,0
8069,3.4870221614837646,0.000927628600038588,1,0
8070,3.921226978302002,0.003331560641527176,1,0
8071,3.708271026611328,0.018718404695391655,1,0
8072,3.4108779430389404,0.06061151251196861,1,0
8073,3.9447946548461914,0.010203392244875431,1,0
8074,2.790480375289917,1.5655533047720382e-07,1,0
8075,3.656162738800049,0.041514523327350616,1,0
8076,3.5689644813537598,0.002652738941833377,1,0
8077,3.151028633117676,0.02091566100716591,1,0
8078,3.403310775756836,0.18783921003341675,1,0
8079,4.029815673828125,0.029035812243819237,1,0
8080,3.558295965194702,0.002711714943870902,1,0
8081,3.042556047439575,0.001008685794658959,1,0
8082,3.8467562198638916,0.29104146361351013,1,0
8083,3.485034704208374,0.002567935734987259,1,0
8084,3.819199323654175,0.003747050417587161,1,0
8085,3.845533609390259,0.12917132675647736,1,0
8086,3.3675224781036377,0.02607952430844307,1,0
8087,3.467736005783081,0.04400068148970604,1,0
8088,4.1751790046691895,0.009100253693759441,1,0
8089,4.090296268463135,0.0681803822517395,1,0
8090,3.774749517440796,0.006591768004000187,1,0
8091,3.7272307872772217,0.0012326095020398498,1,0
8092,3.4450879096984863,0.03226509317755699,1,0
8093,3.7899820804595947,0.16235868632793427,1,0
8094,3.8128767013549805,0.06861954182386398,1,0
8095,3.882624864578247,0.0016616821521893144,1,0
8096,3.769789934158325,0.01710941269993782,1,0
8097,3.710409164428711,0.00137686962261796,1,0
8098,2.9593591690063477,0.004786491394042969,1,0
8099,3.7879793643951416,0.0027642310597002506,1,0
8100,3.407243251800537,0.09506963938474655,1,0
8101,3.56001615524292,0.00013299519196152687,1,0
8102,3.7869040966033936,0.05339859053492546,1,0
8103,3.0886313915252686,0.022325972095131874,1,0
8104,3.530325174331665,0.0894019678235054,1,0
8105,3.602637529373169,0.0027855820953845978,1,0
8106,3.520719528198242,0.007833097130060196,1,0
8107,4.089323043823242,0.15627288818359375,1,0
8108,3.8520286083221436,0.0075991349294781685,1,0
8109,3.600884199142456,0.11656460911035538,1,0
8110,4.0130181312561035,0.01900734379887581,1,0
8111,3.781782627105713,0.006036702543497086,1,0
8112,3.9559648036956787,0.03866298496723175,1,0
8113,3.7301025390625,0.035876329988241196,1,0
8114,3.4396393299102783,0.064139723777771,1,0
8115,3.702120542526245,0.003330446779727936,1,0
8116,3.2618088722229004,0.023225998505949974,1,0
8117,3.2569572925567627,0.00024021007993724197,1,0
8118,3.3885598182678223,1.7785374438972212e-05,1,0
8119,2.9922261238098145,0.11670302599668503,1,0
8120,2.9975028038024902,0.07713501155376434,1,0
8121,3.897390604019165,0.03298323228955269,1,0
8122,3.4540138244628906,4.498520866036415e-05,1,0
8123,3.9422454833984375,0.07301568984985352,1,0
8124,3.3837647438049316,0.0185024943202734,1,0
8125,3.740262985229492,0.011759825982153416,1,0
8126,3.769885778427124,0.05002385005354881,1,0
8127,3.639583110809326,0.02220788598060608,1,0
8128,4.130799293518066,0.00018071840167976916,1,0
8129,3.891434907913208,0.10963945835828781,1,0
8130,4.063971996307373,0.00838043075054884,1,0
8131,4.049821376800537,0.004470086190849543,1,0
8132,3.917369842529297,0.3936896324157715,1,0
8133,3.79677414894104,0.14436204731464386,1,0
8134,4.125662326812744,0.1267479658126831,1,0
8135,3.734621286392212,0.11590657383203506,1,0
8136,3.5834851264953613,0.029657412320375443,1,0
8137,3.5907938480377197,0.03328185901045799,1,0
8138,3.52970027923584,0.013814126141369343,1,0
8139,3.5813469886779785,0.00033021802664734423,1,0
8140,3.2048215866088867,0.0002752021828200668,1,0
8141,3.4680824279785156,0.0017631053924560547,1,0
8142,3.629453659057617,0.045342765748500824,1,0
8143,3.672865152359009,0.06405665725469589,1,0
8144,3.590665340423584,1.1213962352485396e-05,1,0
8145,3.7011780738830566,0.10232660919427872,1,0
8146,3.270925760269165,0.021864071488380432,1,0
8147,3.2946176528930664,0.002612137934193015,1,0
8148,4.009835243225098,0.006594902370125055,1,0
8149,3.6443874835968018,0.00018489370995666832,1,0
8150,3.478449821472168,0.006676659919321537,1,0
8151,3.7521371841430664,0.18058280646800995,1,0
8152,2.9069156646728516,0.037663813680410385,1,0
8153,2.7369000911712646,0.0743885263800621,1,0
8154,3.463087797164917,1.885928213596344e-07,1,0
8155,3.9275155067443848,0.03078475408256054,1,0
8156,3.708768606185913,0.00917220301926136,1,0
8157,4.036548137664795,0.1634024828672409,1,0
8158,4.284084320068359,0.010832793079316616,1,0
8159,3.956019401550293,0.1761080026626587,1,0
8160,3.402667760848999,0.003642637049779296,1,0
8161,3.8460371494293213,6.739143373124534e-06,1,0
8162,3.5264267921447754,0.05594371631741524,1,0
8163,2.907609462738037,0.0027611874975264072,1,0
8164,3.167917013168335,0.02604524791240692,1,0
8165,3.9947762489318848,0.03522854670882225,1,0
8166,3.770430088043213,0.025475261732935905,1,0
8167,3.270594835281372,0.1836881935596466,1,0
8168,4.1112871170043945,0.00992073118686676,1,0
8169,3.4746546745300293,0.166483074426651,1,0
8170,2.9002177715301514,0.0026229999493807554,1,0
8171,3.500999689102173,0.11008727550506592,1,0
8172,3.700336217880249,0.07500042766332626,1,0
8173,3.263258934020996,0.0628267154097557,1,0
8174,3.1911072731018066,0.027274226769804955,1,0
8175,3.225740909576416,0.029230177402496338,1,0
8176,3.7852532863616943,0.004264739342033863,1,0
8177,3.651959180831909,1.9450579202384688e-05,1,0
8178,3.7156715393066406,0.014218570664525032,1,0
8179,4.056180477142334,0.023058636114001274,1,0
8180,3.5387768745422363,0.0781460776925087,1,0
8181,3.605626344680786,4.146341325395042e-06,1,0
8182,3.8155224323272705,0.09414945542812347,1,0
8183,4.311141490936279,0.03537723049521446,1,0
8184,3.7872323989868164,0.13012342154979706,1,0
8185,3.507169008255005,0.04726142808794975,1,0
8186,4.273955345153809,0.006187595427036285,1,0
8187,4.243289947509766,0.000603219959884882,1,0
8188,3.9390687942504883,0.007942805998027325,1,0
8189,3.4762182235717773,0.02137312851846218,1,0
8190,3.524846076965332,0.017482547089457512,1,0
8191,3.68430495262146,0.021849805489182472,1,0
8192,3.5700833797454834,0.00406422046944499,1,0
8193,3.7085180282592773,0.007725848350673914,1,0
8194,3.4449052810668945,0.1560288369655609,1,0
8195,3.854644298553467,0.09668924659490585,1,0
8196,3.7573111057281494,0.058398742228746414,1,0
8197,4.192494869232178,0.03966370224952698,1,0
8198,3.7986860275268555,0.003503047628328204,1,0
8199,3.8149616718292236,0.007535333279520273,1,0
8200,3.46529221534729,0.007167973555624485,1,0
8201,3.506019115447998,0.04137307032942772,1,0
8202,3.1005682945251465,0.5942150354385376,1,0
8203,3.155768871307373,5.294717993820086e-05,1,0
8204,3.5481715202331543,0.037264078855514526,1,0
8205,3.42706298828125,0.3835587501525879,1,0
8206,3.5229134559631348,0.015332788228988647,1,0
8207,3.1245317459106445,0.046567466109991074,1,0
8208,3.823864221572876,0.007325705140829086,1,0
8209,3.6333110332489014,0.010042214766144753,1,0
8210,3.3963205814361572,0.20462758839130402,1,0
8211,4.16377067565918,0.25643181800842285,1,0
8212,3.6476075649261475,0.06913115084171295,1,0
8213,3.558401107788086,0.052077751606702805,1,0
8214,3.002519369125366,0.13017913699150085,1,0
8215,3.464193820953369,0.001000122050754726,1,0
8216,3.4817240238189697,0.02802520990371704,1,0
8217,4.000168800354004,0.007289406843483448,1,0
8218,3.3452162742614746,0.12802927196025848,1,0
8219,3.430342435836792,0.005126144737005234,1,0
8220,3.5436766147613525,0.12391233444213867,1,0
8221,4.359736442565918,0.009978488087654114,1,0
8222,3.811880111694336,0.005170460790395737,1,0
8223,3.485896348953247,0.32225117087364197,1,0
8224,3.2289328575134277,0.002857346087694168,1,0
8225,4.090920925140381,0.008357477374374866,1,0
8226,3.7570109367370605,0.036740586161613464,1,0
8227,3.933505058288574,0.0968453511595726,1,0
8228,3.350891590118408,0.06672170013189316,1,0
8229,3.3727664947509766,0.414583683013916,1,0
8230,3.4331538677215576,0.011046778410673141,1,0
8231,3.6008524894714355,0.05169087275862694,1,0
8232,4.04759407043457,0.11962890625,1,0
8233,3.705220937728882,0.003235343610867858,1,0
8234,3.6310641765594482,0.23112015426158905,1,0
8235,3.4635848999023438,0.10363350063562393,1,0
8236,4.006613254547119,0.2224893420934677,1,0
8237,3.441873073577881,0.1815437227487564,1,0
8238,3.6253342628479004,0.06648758053779602,1,0
8239,3.7969281673431396,0.021895477548241615,1,0
8240,3.4452168941497803,0.046060711145401,1,0
8241,3.430056571960449,0.016695385798811913,1,0
8242,3.357184410095215,0.00317959557287395,1,0
8243,3.687485694885254,0.04853285476565361,1,0
8244,2.900998115539551,0.03977140784263611,1,0
8245,3.4398913383483887,0.011751455254852772,1,0
8246,3.344071388244629,0.05655711889266968,1,0
8247,3.2460901737213135,0.018290448933839798,1,0
8248,2.946842908859253,0.17487092316150665,1,0
8249,3.5044639110565186,0.0007058502524159849,1,0
8250,3.639751434326172,0.0014656306011602283,1,0
8251,2.21921706199646,0.014948059804737568,1,0
8252,2.371486186981201,0.015418948605656624,1,0
8253,2.640028476715088,0.0281384140253067,1,0
8254,2.759138584136963,0.14901161193847656,1,0
8255,2.97477126121521,0.22500915825366974,1,0
8256,3.469703435897827,0.013882264494895935,1,0
8257,3.15421199798584,0.4064343571662903,1,0
8258,3.0627403259277344,0.0029268895741552114,1,0
8259,2.855029582977295,0.0028946087695658207,1,0
8260,2.6811983585357666,0.0003139391483273357,1,0
8261,3.172450304031372,0.0033751502633094788,1,0
8262,3.3876454830169678,3.9834158087614924e-05,1,0
8263,3.881373167037964,0.006493413355201483,1,0
8264,3.492644786834717,0.05341643840074539,1,0
8265,3.5071771144866943,0.008134889416396618,1,0
8266,3.966695547103882,0.02163919247686863,1,0
8267,3.8712098598480225,0.057719744741916656,1,0
8268,4.122731685638428,0.0840538963675499,1,0
8269,4.391741752624512,0.0003316224610898644,1,0
8270,3.7075860500335693,0.026063943281769753,1,0
8271,4.214162826538086,0.00964204128831625,1,0
8272,3.975858211517334,0.027523422613739967,1,0
8273,3.960983991622925,0.02666565217077732,1,0
8274,2.471484661102295,0.00416449923068285,1,0
8275,3.6613712310791016,0.000685487815644592,1,0
8276,3.514568567276001,0.002577725797891617,1,0
8277,3.360975742340088,2.5355257093906403e-06,1,0
8278,3.461970329284668,0.2248626947402954,1,0
8279,3.5775773525238037,0.21684467792510986,1,0
8280,2.2667741775512695,0.06625884771347046,1,0
8281,3.819204807281494,0.034239355474710464,1,0
8282,3.699230432510376,0.0009596440941095352,1,0
8283,3.2350926399230957,0.03432154655456543,1,0
8284,3.7840232849121094,0.4685676693916321,1,0
8285,3.5480237007141113,0.0001285807229578495,1,0
8286,3.6858673095703125,0.04111436381936073,1,0
8287,3.8761019706726074,0.0033471756614744663,1,0
8288,3.3793370723724365,0.2704181969165802,1,0
8289,3.3148481845855713,0.003282722784206271,1,0
8290,3.5782532691955566,0.0012009666534140706,1,0
8291,3.51774525642395,0.004193196073174477,1,0
8292,3.5907437801361084,0.04385100677609444,1,0
8293,3.622065544128418,0.02064577490091324,1,0
8294,3.703927755355835,0.06930380314588547,1,0
8295,3.7373573780059814,0.07244832068681717,1,0
8296,4.204107761383057,0.04463861510157585,1,0
8297,3.7719881534576416,0.23019321262836456,1,0
8298,3.5205187797546387,0.027302920818328857,1,0
8299,3.902193307876587,0.007583999540656805,1,0
8300,4.518775463104248,0.002012886106967926,1,0
8301,4.0637078285217285,0.17249803245067596,1,0
8302,3.790008783340454,0.1466221809387207,1,0
8303,4.123751640319824,0.041439834982156754,1,0
8304,3.64180064201355,0.003839772194623947,1,0
8305,3.6175384521484375,0.11170699447393417,1,0
8306,4.2966532707214355,0.02247908152639866,1,0
8307,4.018104076385498,0.04366931691765785,1,0
8308,3.988874673843384,0.012705326080322266,1,0
8309,3.7159461975097656,0.02722962014377117,1,0
8310,4.155325889587402,0.0020774758886545897,1,0
8311,4.351953029632568,0.004408359527587891,1,0
8312,4.0023274421691895,1.5579256796627305e-05,1,0
8313,3.700695753097534,0.00796690583229065,1,0
8314,3.7332777976989746,0.18306003510951996,1,0
8315,4.177104949951172,0.003831404959782958,1,0
8316,4.200826168060303,0.006897676270455122,1,0
8317,4.440460205078125,0.09636542946100235,1,0
8318,4.089745998382568,0.030433565378189087,1,0
8319,4.183464527130127,0.04541677236557007,1,0
8320,4.236067771911621,0.014577537775039673,1,0
8321,4.346841335296631,0.0962216854095459,1,0
8322,4.196413993835449,1.1408701539039612e-07,1,0
8323,4.349510669708252,0.03835618868470192,1,0
8324,3.6214022636413574,0.012158739380538464,1,0
8325,4.155282974243164,0.297164648771286,1,0
8326,3.209134578704834,0.17790257930755615,1,0
8327,3.0173161029815674,0.009721805341541767,1,0
8328,3.20750093460083,3.386372918612324e-05,1,0
8329,3.0504331588745117,0.03718959912657738,1,0
8330,3.428539752960205,0.055715691298246384,1,0
8331,3.523733615875244,0.013035960495471954,1,0
8332,3.4498090744018555,0.002984602004289627,1,0
8333,3.6106643676757812,0.038058146834373474,1,0
8334,3.8256137371063232,0.008304626680910587,1,0
8335,3.885700225830078,0.00978852715343237,1,0
8336,4.379184722900391,0.03806944191455841,1,0
8337,3.865691900253296,0.012276075780391693,1,0
8338,4.302643299102783,0.12517927587032318,1,0
8339,4.055663108825684,0.18507224321365356,1,0
8340,3.844377279281616,1.7461274183006026e-05,1,0
8341,3.4425606727600098,0.0596507303416729,1,0
8342,3.616866111755371,0.019448941573500633,1,0
8343,3.3374407291412354,0.003491633338853717,1,0
8344,3.4879603385925293,0.014177173376083374,1,0
8345,3.781108856201172,0.034694429486989975,1,0
8346,3.2982757091522217,5.7098364777630195e-05,1,0
8347,3.5454790592193604,0.06744154542684555,1,0
8348,3.8724756240844727,0.0826718732714653,1,0
8349,3.86700177192688,0.022551484405994415,1,0
8350,3.7970755100250244,0.03668881207704544,1,0
8351,3.3654816150665283,0.04839688539505005,1,0
8352,3.628143548965454,0.03162689134478569,1,0
8353,3.420318365097046,0.0023930110037326813,1,0
8354,3.452315330505371,0.016655506566166878,1,0
8355,3.4192404747009277,0.014896188862621784,1,0
8356,3.655907392501831,0.020391421392560005,1,0
8357,3.3737423419952393,0.09948187321424484,1,0
8358,3.747645616531372,0.3154504895210266,1,0
8359,3.4289634227752686,0.013854989781975746,1,0
8360,3.0764529705047607,0.0057639265432953835,1,0
8361,2.94895076751709,0.0008556024404242635,1,0
8362,3.0846261978149414,0.33090949058532715,1,0
8363,2.605132818222046,0.06839220970869064,1,0
8364,2.6019184589385986,0.009453448466956615,1,0
8365,3.4172937870025635,0.7298473119735718,1,0
8366,3.6505565643310547,0.006953895092010498,1,0
8367,4.3760294914245605,0.0058906348422169685,1,0
8368,4.864656448364258,0.03540990874171257,1,0
8369,3.4547665119171143,0.08563365787267685,1,0
8370,4.018070697784424,0.02893722988665104,1,0
8371,4.3520331382751465,0.022136038169264793,1,0
8372,3.7373046875,0.003030115505680442,1,0
8373,3.229339838027954,0.029339177533984184,1,0
8374,3.1341397762298584,0.1379520744085312,1,0
8375,3.8103256225585938,0.0075991349294781685,1,0
8376,3.6747303009033203,0.18000094592571259,1,0
8377,3.3833844661712646,0.0017196134431287646,1,0
8378,3.728092908859253,0.09270995855331421,1,0
8379,3.7708730697631836,0.010258055292069912,1,0
8380,3.281879425048828,0.002134159905835986,1,0
8381,3.727273941040039,0.013768792152404785,1,0
8382,3.992055654525757,0.0012687855632975698,1,0
8383,3.8097457885742188,0.024408450350165367,1,0
8384,3.924579381942749,0.08446848392486572,1,0
8385,4.03637170791626,0.00399438664317131,1,0
8386,3.886230945587158,0.0009662323864176869,1,0
8387,3.781029224395752,0.2655821740627289,1,0
8388,3.0132555961608887,0.07329236716032028,1,0
8389,3.4739139080047607,0.06827112287282944,1,0
8390,3.527808904647827,0.1589394062757492,1,0
8391,3.5525009632110596,0.08914246410131454,1,0
8392,3.5643601417541504,0.2764332592487335,1,0
8393,3.687556028366089,0.026157507672905922,1,0
8394,3.8151798248291016,0.10849211364984512,1,0
8395,3.6181223392486572,0.23947110772132874,1,0
8396,3.167923927307129,0.03462974727153778,1,0
8397,3.6846184730529785,0.011136217974126339,1,0
8398,3.7523279190063477,0.003911867737770081,1,0
8399,3.9288456439971924,0.0980745479464531,1,0
8400,3.7508840560913086,0.09399553388357162,1,0
8401,3.6906604766845703,0.12420465797185898,1,0
8402,3.469276189804077,0.009263002313673496,1,0
8403,3.6193904876708984,0.008237923495471478,1,0
8404,3.429537773132324,0.014087689109146595,1,0
8405,3.34429931640625,0.13559652864933014,1,0
8406,3.6049063205718994,0.00040486687794327736,1,0
8407,3.796126127243042,0.0980805903673172,1,0
8408,3.4645779132843018,0.0004552789905574173,1,0
8409,3.182405710220337,0.013719012029469013,1,0
8410,4.695931911468506,0.544520378112793,1,0
8411,3.7435269355773926,0.004837368614971638,1,0
8412,3.7241549491882324,0.028310272842645645,1,0
8413,3.8881611824035645,0.0005603962927125394,1,0
8414,3.3054094314575195,0.014661552384495735,1,0
8415,3.4459240436553955,0.18390332162380219,1,0
8416,3.5145719051361084,0.001462676445953548,1,0
8417,3.581868886947632,0.0024090891238301992,1,0
8418,3.5035808086395264,0.07269790023565292,1,0
8419,3.611978054046631,0.018813589587807655,1,0
8420,3.4746532440185547,0.05559730529785156,1,0
8421,4.291863918304443,0.04776206985116005,1,0
8422,3.473341464996338,0.03798287734389305,1,0
8423,3.930462598800659,0.006301987450569868,1,0
8424,3.474436044692993,0.07150589674711227,1,0
8425,3.621835947036743,0.0019715353846549988,1,0
8426,3.41707181930542,0.06685637682676315,1,0
8427,4.012432098388672,0.038020502775907516,1,0
8428,3.614509105682373,0.1086701899766922,1,0
8429,3.920428514480591,0.11466143280267715,1,0
8430,3.943936347961426,0.15487973392009735,1,0
8431,3.891775369644165,0.048388395458459854,1,0
8432,4.261569499969482,0.015936098992824554,1,0
8433,3.9367713928222656,0.43897971510887146,1,0
8434,3.5643668174743652,0.0012414344819262624,1,0
8435,3.5722756385803223,0.002177173737436533,1,0
8436,3.6087260246276855,0.047909822314977646,1,0
8437,3.8536133766174316,0.001966396812349558,1,0
8438,3.5696418285369873,0.001447950373403728,1,0
8439,3.632896661758423,0.08786201477050781,1,0
8440,3.4626877307891846,0.008181960321962833,1,0
8441,3.9416489601135254,0.08012238889932632,1,0
8442,3.1915647983551025,0.01285807229578495,1,0
8443,3.6450998783111572,0.05191930755972862,1,0
8444,3.4944541454315186,0.30018144845962524,1,0
8445,3.9379427433013916,0.0030877594836056232,1,0
8446,4.1100053787231445,0.045767076313495636,1,0
8447,3.4965527057647705,0.16904443502426147,1,0
8448,3.517162799835205,0.017273908481001854,1,0
8449,4.068414211273193,0.00778193399310112,1,0
8450,3.8232593536376953,0.021864071488380432,1,0
8451,3.8945529460906982,0.10979928821325302,1,0
8452,3.5472359657287598,0.005007990635931492,1,0
8453,3.136929512023926,0.008357477374374866,1,0
8454,3.6115403175354004,0.03242824226617813,1,0
8455,3.5169882774353027,0.0012729138834401965,1,0
8456,3.6867544651031494,0.029903888702392578,1,0
8457,3.7769951820373535,0.1247289776802063,1,0
8458,3.911663293838501,0.016432078555226326,1,0
8459,3.7900760173797607,0.2832741439342499,1,0
8460,4.122050762176514,0.024444647133350372,1,0
8461,3.345552921295166,0.0011168763739988208,1,0
8462,4.03370475769043,0.00018568188534118235,1,0
8463,3.5956759452819824,0.07186763733625412,1,0
8464,3.7751457691192627,0.051357902586460114,1,0
8465,3.7493436336517334,0.0016577504575252533,1,0
8466,3.726644277572632,0.018555041402578354,1,0
8467,3.7575883865356445,1.0080729225592222e-05,1,0
8468,3.6999969482421875,0.019502811133861542,1,0
8469,4.273094177246094,0.0016342587769031525,1,0
8470,3.127312660217285,0.08787345886230469,1,0
8471,3.703517436981201,0.01706399954855442,1,0
8472,3.5334346294403076,2.4128798031597398e-05,1,0
8473,3.489849328994751,0.0002875038480851799,1,0
8474,3.693258285522461,0.016573406755924225,1,0
8475,3.5035994052886963,0.010226801037788391,1,0
8476,3.4950790405273438,0.001151324831880629,1,0
8477,3.6224403381347656,0.004042102489620447,1,0
8478,3.785461187362671,0.0457010343670845,1,0
8479,3.814969301223755,0.00908185075968504,1,0
8480,3.504972219467163,0.04663413017988205,1,0
8481,3.2905843257904053,0.017792701721191406,1,0
8482,3.5187370777130127,0.0054147676564753056,1,0
8483,3.2744526863098145,0.16500581800937653,1,0
8484,3.174222469329834,0.21064312756061554,1,0
8485,4.29101037979126,0.003140535904094577,1,0
8486,3.769775152206421,0.004185700323432684,1,0
8487,3.464517831802368,0.0036391429603099823,1,0
8488,3.684843063354492,0.11578831821680069,1,0
8489,2.993967294692993,0.029183998703956604,1,0
8490,2.973320484161377,0.048511601984500885,1,0
8491,3.326927423477173,0.022049972787499428,1,0
8492,3.9318490028381348,0.5039318203926086,1,0
8493,3.8005528450012207,0.001332824002020061,1,0
8494,3.5332446098327637,0.007491834461688995,1,0
8495,3.508150339126587,0.028551099821925163,1,0
8496,3.5695102214813232,0.08621639758348465,1,0
8497,3.730132579803467,3.4654513569876144e-07,1,0
8498,3.3157246112823486,0.1282503753900528,1,0
8499,2.9237987995147705,0.06639803200960159,1,0
8500,3.754216432571411,0.004912835545837879,1,0
8501,3.6512739658355713,4.498520866036415e-05,1,0
8502,4.063052177429199,0.000928216555621475,1,0
8503,3.8038814067840576,0.05236002802848816,1,0
8504,4.059113025665283,0.06557994335889816,1,0
8505,4.051476955413818,0.133797287940979,1,0
8506,4.018100261688232,0.007486823480576277,1,0
8507,3.7897231578826904,0.028300529345870018,1,0
8508,4.1997809410095215,0.033610131591558456,1,0
8509,3.8075897693634033,0.1129554882645607,1,0
8510,4.28927755355835,0.29624998569488525,1,0
8511,3.9576523303985596,0.046517495065927505,1,0
8512,3.8127200603485107,0.09600626677274704,1,0
8513,3.941128969192505,0.07913657277822495,1,0
8514,4.079806327819824,0.04732019081711769,1,0
8515,3.950248956680298,0.003813505172729492,1,0
8516,3.923954486846924,0.0602082796394825,1,0
8517,3.7533435821533203,0.013239489868283272,1,0
8518,3.8489747047424316,0.23044328391551971,1,0
8519,3.884330987930298,0.0994088351726532,1,0
8520,3.717369318008423,0.001359734800644219,1,0
8521,3.7622454166412354,0.03108348324894905,1,0
8522,3.769874095916748,0.09795369952917099,1,0
8523,3.712599515914917,0.27071937918663025,1,0
8524,3.4682440757751465,0.18187282979488373,1,0
8525,4.17922306060791,8.817100751912221e-05,1,0
8526,3.957810401916504,0.08823428303003311,1,0
8527,3.687568426132202,9.313225884932663e-11,1,0
8528,3.5465781688690186,0.0002960757410619408,1,0
8529,3.6083405017852783,0.004227009601891041,1,0
8530,3.8977272510528564,0.0003883395402226597,1,0
8531,3.9192254543304443,5.319807769410545e-06,1,0
8532,3.7311904430389404,0.008171488530933857,1,0
8533,3.207953691482544,0.023314327001571655,1,0
8534,3.009178400039673,0.004939929582178593,1,0
8535,2.1639764308929443,0.3156781792640686,1,0
8536,2.750396966934204,0.2392444610595703,1,0
8537,3.2159698009490967,0.0427745096385479,1,0
8538,3.9991343021392822,0.06778784841299057,1,0
8539,3.5571391582489014,0.11696691811084747,1,0
8540,3.4885094165802,0.036552149802446365,1,0
8541,3.6103413105010986,0.009763717651367188,1,0
8542,3.5654335021972656,0.010375681333243847,1,0
8543,3.5540270805358887,0.030372990295290947,1,0
8544,3.620532989501953,0.00032185399322770536,1,0
8545,4.093783378601074,0.008831605315208435,1,0
8546,3.4187655448913574,0.004930438008159399,1,0
8547,3.582083225250244,0.04616018384695053,1,0
8548,3.6257545948028564,0.20131459832191467,1,0
8549,3.076014995574951,0.000576038786675781,1,0
8550,3.300658702850342,0.10451143980026245,1,0
8551,3.615377187728882,0.0035627023316919804,1,0
8552,3.3526344299316406,0.0067193093709647655,1,0
8553,3.737105369567871,0.020634684711694717,1,0
8554,3.2812507152557373,0.1993277370929718,1,0
8555,3.788278818130493,0.008352184668183327,1,0
8556,3.74084210395813,0.06200697645545006,1,0
8557,3.492398262023926,0.011766105890274048,1,0
8558,3.7603304386138916,0.019497422501444817,1,0
8559,3.666670560836792,0.03052791953086853,1,0
8560,3.661984920501709,0.005606755614280701,1,0
8561,3.652226448059082,0.05300682783126831,1,0
8562,3.964712381362915,0.010786637663841248,1,0
8563,4.159747123718262,0.001318067661486566,1,0
8564,3.335209369659424,0.022970793768763542,1,0
8565,3.457010269165039,0.0032672591041773558,1,0
8566,3.8095173835754395,0.00046855295659042895,1,0
8567,3.992316246032715,0.01423007994890213,1,0
8568,3.5301902294158936,0.04675925523042679,1,0
8569,4.011266708374023,0.004272305406630039,1,0
8570,3.72114634513855,0.00019017989689018577,1,0
8571,3.3208189010620117,0.008264221251010895,1,0
8572,3.5678980350494385,0.017584776505827904,1,0
8573,3.642806053161621,0.06971597671508789,1,0
8574,3.708345651626587,0.0038302100729197264,1,0
8575,3.779517650604248,0.0392267070710659,1,0
8576,3.9982874393463135,0.002711714943870902,1,0
8577,3.946242094039917,0.2690148651599884,1,0
8578,3.7307381629943848,0.010533559136092663,1,0
8579,3.858609437942505,0.026899391785264015,1,0
8580,3.561844825744629,0.08830883353948593,1,0
8581,3.443843126296997,0.00010092565935337916,1,0
8582,3.8250222206115723,0.020155079662799835,1,0
8583,3.61635160446167,0.3704990744590759,1,0
8584,3.9943315982818604,0.027889668941497803,1,0
8585,4.034030914306641,0.23974506556987762,1,0
8586,3.8099863529205322,0.9385823607444763,1,0
8587,3.6329708099365234,0.6881815791130066,1,0
8588,2.906473398208618,0.04154205322265625,1,0
8589,2.342514753341675,0.07861077785491943,1,0
8590,2.3450253009796143,0.0008449092856608331,1,0
8591,2.9252943992614746,0.05964130908250809,1,0
8592,3.7041351795196533,0.037652578204870224,1,0
8593,3.7471208572387695,0.01008287351578474,1,0
8594,2.7587952613830566,0.020155079662799835,1,0
8595,3.8957371711730957,0.03019832633435726,1,0
8596,3.9130783081054688,0.003834989620372653,1,0
8597,3.56783390045166,0.04172715172171593,1,0
8598,3.0373592376708984,0.08300518244504929,1,0
8599,3.5064592361450195,4.218230242258869e-05,1,0
8600,3.411526679992676,0.06336000561714172,1,0
8601,3.3139452934265137,0.0876561775803566,1,0
8602,3.5141048431396484,0.013893636874854565,1,0
8603,3.695565700531006,0.009037759155035019,1,0
8604,3.7705178260803223,0.14642271399497986,1,0
8605,3.4270262718200684,0.00476248562335968,1,0
8606,3.706895589828491,0.0008967341273091733,1,0
8607,3.457482099533081,0.0012049832148477435,1,0
8608,3.4305152893066406,0.058398742228746414,1,0
8609,3.453482151031494,0.07367955148220062,1,0
8610,3.3493521213531494,0.013328472152352333,1,0
8611,3.492039442062378,0.02264433167874813,1,0
8612,3.527636766433716,0.00032497794018127024,1,0
8613,3.7296302318573,0.05226290971040726,1,0
8614,4.088372230529785,0.011795434169471264,1,0
8615,3.2341301441192627,6.968388333916664e-05,1,0
8616,3.7910706996917725,0.011320284567773342,1,0
8617,2.9249672889709473,0.03106987476348877,1,0
8618,3.5736963748931885,0.10468622297048569,1,0
8619,3.5670273303985596,0.018235674127936363,1,0
8620,3.719754695892334,0.026924723759293556,1,0
8621,3.8422048091888428,0.004520555026829243,1,0
8622,3.803615093231201,0.014722378924489021,1,0
8623,3.9640893936157227,0.07620509713888168,1,0
8624,4.042057037353516,0.18938994407653809,1,0
8625,3.521817922592163,0.14840130507946014,1,0
8626,3.4352171421051025,0.1711060106754303,1,0
8627,3.892040491104126,0.794314980506897,1,0
8628,4.084054470062256,0.014910327270627022,1,0
8629,3.566077709197998,0.008946247398853302,1,0
8630,3.980457067489624,0.0014376865001395345,1,0
8631,4.097678184509277,0.05462765321135521,1,0
8632,4.295310974121094,0.002395844552665949,1,0
8633,4.1280412673950195,0.023898517712950706,1,0
8634,4.230652809143066,0.22678883373737335,1,0
8635,3.901836633682251,0.0008231708197854459,1,0
8636,3.304515838623047,0.051331665366888046,1,0
8637,3.961393117904663,0.011557675898075104,1,0
8638,3.2132019996643066,0.2171144038438797,1,0
8639,3.943265199661255,0.05482180789113045,1,0
8640,3.018101930618286,0.09314535558223724,1,0
8641,3.2834951877593994,0.06856393814086914,1,0
8642,3.5377414226531982,0.017508074641227722,1,0
8643,3.4992010593414307,0.2194228172302246,1,0
8644,3.5734846591949463,0.010585125535726547,1,0
8645,3.3279101848602295,0.06895871460437775,1,0
8646,3.697073221206665,0.13747934997081757,1,0
8647,3.4834537506103516,0.0015564024215564132,1,0
8648,3.7483930587768555,0.008926177397370338,1,0
8649,4.048621654510498,0.014285392127931118,1,0
8650,3.282407283782959,0.009974632412195206,1,0
8651,3.303692102432251,0.002089810324832797,1,0
8652,3.2025773525238037,0.0025659799575805664,1,0
8653,2.944281816482544,0.07394173741340637,1,0
8654,3.067713975906372,0.13834665715694427,1,0
8655,3.143094778060913,0.00019071261340286583,1,0
8656,2.341710329055786,0.008829792030155659,1,0
8657,2.9012253284454346,0.0013103709788993,1,0
8658,2.456430673599243,0.1591395139694214,1,0
8659,3.1877033710479736,0.00809316337108612,1,0
8660,2.5776212215423584,0.00022346164041664451,1,0
8661,3.244952440261841,0.0028008834924548864,1,0
8662,2.4384193420410156,0.35020196437835693,1,0
8663,3.219984769821167,0.00036107012419961393,1,0
8664,3.108992576599121,0.00043331171036697924,1,0
8665,2.682030439376831,0.0010608346201479435,1,0
8666,3.1002986431121826,0.0014634147519245744,1,0
8667,2.9629275798797607,0.03612535446882248,1,0
8668,2.801767587661743,0.032043587416410446,1,0
8669,2.9019832611083984,0.019713623449206352,1,0
8670,2.9290881156921387,0.013500601053237915,1,0
8671,2.825835704803467,0.007637882139533758,1,0
8672,3.285127878189087,0.14961571991443634,1,0
8673,3.727271795272827,0.013987070880830288,1,0
8674,2.9352614879608154,0.00644528865814209,1,0
8675,3.1359832286834717,0.005423292517662048,1,0
8676,3.2843477725982666,0.0010874018771573901,1,0
8677,3.3583855628967285,0.052749402821063995,1,0
8678,3.800539016723633,0.2044529914855957,1,0
8679,3.7945821285247803,0.007710587233304977,1,0
8680,4.004007816314697,0.003911867737770081,1,0
8681,3.4382164478302,0.00100807286798954,1,0
8682,4.110955238342285,0.09154415875673294,1,0
8683,3.568979263305664,0.005506046116352081,1,0
8684,3.763058662414551,0.000563141074962914,1,0
8685,3.433419942855835,0.06458041071891785,1,0
8686,3.4350128173828125,0.0022379313595592976,1,0
8687,3.4535789489746094,0.00995921716094017,1,0
8688,3.7184767723083496,0.0012729138834401965,1,0
8689,3.84613037109375,0.07567322254180908,1,0
8690,3.284221887588501,0.039732925593853,1,0
8691,3.6125786304473877,0.10762923210859299,1,0
8692,3.672133684158325,0.0023610168136656284,1,0
8693,3.863626003265381,0.01747744344174862,1,0
8694,3.7838566303253174,0.1484905332326889,1,0
8695,3.29034161567688,0.05084741860628128,1,0
8696,3.3450686931610107,0.1001221090555191,1,0
8697,3.898484230041504,0.010071247816085815,1,0
8698,3.1126770973205566,0.005088901612907648,1,0
8699,2.6869659423828125,0.040665533393621445,1,0
8700,3.62754225730896,0.039177026599645615,1,0
8701,4.025380611419678,0.016940681263804436,1,0
8702,3.3402464389801025,1.280232310295105,1,0
8703,3.4955451488494873,0.011965840123593807,1,0
8704,3.53094482421875,0.08172561973333359,1,0
8705,3.684610366821289,0.141095370054245,1,0
8706,3.317122220993042,0.05197649821639061,1,0
8707,3.586909532546997,0.34489959478378296,1,0
8708,3.7078182697296143,0.005093032959848642,1,0
8709,3.5868585109710693,0.012363910675048828,1,0
8710,3.8157663345336914,0.00667981430888176,1,0
8711,3.7967233657836914,0.19712784886360168,1,0
8712,3.6652801036834717,0.01623966172337532,1,0
8713,3.543649435043335,0.15342475473880768,1,0
8714,3.744504690170288,0.0018608663231134415,1,0
8715,3.794142723083496,0.25388720631599426,1,0
8716,3.5728695392608643,0.05612189695239067,1,0
8717,4.01509952545166,1.580864227435086e-05,1,0
8718,3.492267608642578,0.003984633833169937,1,0
8719,3.1516542434692383,4.472667569643818e-05,1,0
8720,3.375082015991211,0.012447752058506012,1,0
8721,2.8698883056640625,0.0017396811163052917,1,0
8722,2.8191285133361816,0.07700641453266144,1,0
8723,2.5669920444488525,0.014486796222627163,1,0
8724,3.586789608001709,0.06318522989749908,1,0
8725,3.542867660522461,0.009970777668058872,1,0
8726,3.584596633911133,0.005658904556185007,1,0
8727,3.4919519424438477,0.0002345600223634392,1,0
8728,3.2859389781951904,0.03234140947461128,1,0
8729,3.5401668548583984,0.004806542303413153,1,0
8730,3.4751932621002197,0.08477167785167694,1,0
8731,3.6509058475494385,0.13592366874217987,1,0
8732,4.000796794891357,0.09344601631164551,1,0
8733,3.9837679862976074,0.011328499764204025,1,0
8734,4.31314754486084,0.059957534074783325,1,0
8735,4.300914764404297,0.2880503535270691,1,0
8736,3.92380428314209,0.0020995275117456913,1,0
8737,3.0713977813720703,0.057858940213918686,1,0
8738,3.6091105937957764,0.06578275561332703,1,0
8739,4.167299270629883,0.0013955534668639302,1,0
8740,3.6214377880096436,0.04517441615462303,1,0
8741,3.5676655769348145,0.025263139978051186,1,0
8742,3.0533974170684814,0.03650788590312004,1,0
8743,3.7089319229125977,0.06292835623025894,1,0
8744,3.3126633167266846,0.09983526915311813,1,0
8745,3.6058871746063232,0.015669209882616997,1,0
8746,4.2413411140441895,0.0015178107423707843,1,0
8747,2.8710153102874756,0.2570870816707611,1,0
8748,3.7384395599365234,0.027013475075364113,1,0
8749,4.139982223510742,0.287398099899292,1,0
8750,2.8216898441314697,0.014863227494060993,1,0
8751,3.9096598625183105,0.10085631906986237,1,0
8752,3.7123405933380127,0.08583710342645645,1,0
8753,3.3932173252105713,0.10648617893457413,1,0
8754,3.79866623878479,0.03745807707309723,1,0
8755,4.608159065246582,0.007927331142127514,1,0
8756,3.569152355194092,0.029571054503321648,1,0
8757,3.676270008087158,0.6751782298088074,1,0
8758,3.2690529823303223,0.020501816645264626,1,0
8759,4.375812530517578,0.002354456577450037,1,0
8760,3.2664897441864014,0.24302609264850616,1,0
8761,3.6255085468292236,0.04949428141117096,1,0
8762,3.7633275985717773,0.0017420969670638442,1,0
8763,4.150867938995361,0.1989143192768097,1,0
8764,3.6892056465148926,0.004145836923271418,1,0
8765,4.204034805297852,0.11637357622385025,1,0
8766,3.6543238162994385,0.025186503306031227,1,0
8767,3.785839319229126,0.001359734800644219,1,0
8768,3.8677823543548584,0.006496524903923273,1,0
8769,3.742887258529663,0.008206420578062534,1,0
8770,3.7446799278259277,0.10831417888402939,1,0
8771,3.783323287963867,0.01374162919819355,1,0
8772,3.7997190952301025,0.02617623843252659,1,0
8773,3.668630599975586,0.1934262365102768,1,0
8774,3.369389057159424,0.665034830570221,1,0
8775,3.5900332927703857,0.003585780505090952,1,0
8776,3.556884765625,0.12360000610351562,1,0
8777,2.881409168243408,0.0002884864807128906,1,0
8778,3.521833658218384,8.405186235904694e-05,1,0
8779,3.5002970695495605,0.022988349199295044,1,0
8780,4.013940811157227,0.023761460557579994,1,0
8781,3.7179949283599854,0.0026636854745447636,1,0
8782,3.7260031700134277,0.010706603527069092,1,0
8783,4.13361930847168,0.3264281451702118,1,0
8784,2.6649010181427,0.004319110885262489,1,0
8785,3.432196855545044,0.009974632412195206,1,0
8786,3.837676525115967,0.168988898396492,1,0
8787,3.6394097805023193,0.028122229501605034,1,0
8788,3.7870001792907715,0.057035502046346664,1,0
8789,3.7845609188079834,0.0026746541261672974,1,0
8790,3.1261684894561768,0.6326526999473572,1,0
8791,3.1800754070281982,0.014484472572803497,1,0
8792,4.022861003875732,0.01110975444316864,1,0
8793,3.061406135559082,0.030074352398514748,1,0
8794,3.6507980823516846,0.00914449617266655,1,0
8795,3.6473419666290283,0.10492991656064987,1,0
8796,3.3781185150146484,0.14168322086334229,1,0
8797,3.429201602935791,0.09751322120428085,1,0
8798,3.5987229347229004,0.05139727517962456,1,0
8799,3.5631136894226074,0.03454718738794327,1,0
8800,3.2081756591796875,0.04421551898121834,1,0
8801,3.412419319152832,0.33336779475212097,1,0
8802,3.3154296875,0.5932483077049255,1,0
8803,3.3036048412323,0.04641764238476753,1,0
8804,3.7691915035247803,0.02541060745716095,1,0
8805,4.143497943878174,0.06302037835121155,1,0
8806,3.241098642349243,0.0006041684537194669,1,0
8807,3.632430076599121,0.05538815259933472,1,0
8808,3.834094762802124,0.03139391541481018,1,0
8809,3.949821710586548,0.0008533456712029874,1,0
8810,3.9476358890533447,0.7680956721305847,1,0
8811,3.3321166038513184,0.00593813369050622,1,0
8812,4.376309871673584,0.16645945608615875,1,0
8813,3.51462721824646,0.18473196029663086,1,0
8814,3.8472111225128174,0.6075003743171692,1,0
8815,3.553765296936035,0.15592209994792938,1,0
8816,3.7768547534942627,0.00836100708693266,1,0
8817,3.7409355640411377,0.0366370715200901,1,0
8818,3.5329067707061768,0.032105810940265656,1,0
8819,3.503108263015747,0.0037069879472255707,1,0
8820,4.083514213562012,0.0032672591041773558,1,0
8821,4.193253993988037,0.22054533660411835,1,0
8822,3.322052240371704,0.20758049190044403,1,0
8823,4.019758701324463,0.45595699548721313,1,0
8824,3.86387300491333,0.3587283194065094,1,0
8825,3.511486768722534,0.009296469390392303,1,0
8826,3.8730967044830322,2.377157688140869,1,0
8827,3.931680917739868,0.01374162919819355,1,0
8828,4.449589729309082,0.01346698310226202,1,0
8829,4.766371250152588,0.13084153831005096,1,0
8830,3.9225564002990723,0.0034088734537363052,1,0
8831,3.630275011062622,0.03536633774638176,1,0
8832,3.9052584171295166,0.028525013476610184,1,0
8833,3.3503289222717285,0.01158882211893797,1,0
8834,3.6245548725128174,0.008103585802018642,1,0
8835,3.634298086166382,0.02044106088578701,1,0
8836,3.5951106548309326,0.0877133309841156,1,0
8837,3.7994511127471924,0.005869913846254349,1,0
8838,3.677293300628662,0.02957437001168728,1,0
8839,3.981574773788452,0.00015860656276345253,1,0
8840,4.2346014976501465,0.027421051636338234,1,0
8841,3.945513963699341,0.1624053567647934,1,0
8842,3.989537477493286,0.016043487936258316,1,0
8843,3.9612679481506348,0.28661224246025085,1,0
8844,3.384835958480835,0.0025057203602045774,1,0
8845,3.7165944576263428,0.018313949927687645,1,0
8846,3.418677806854248,0.1573888510465622,1,0
8847,4.011816501617432,0.09445173293352127,1,0
8848,4.153604507446289,0.07992582768201828,1,0
8849,3.8601889610290527,0.00893712230026722,1,0
8850,3.7498221397399902,0.04751772806048393,1,0
8851,3.6421849727630615,0.004114826209843159,1,0
8852,3.867462635040283,0.0006639305502176285,1,0
8853,3.881469249725342,0.004939929582178593,1,0
8854,4.116131782531738,0.09315124899148941,1,0
8855,4.011403560638428,0.11200393736362457,1,0
8856,3.9015121459960938,0.1217544674873352,1,0
8857,3.7807371616363525,0.00359271839261055,1,0
8858,3.6780478954315186,0.006460793316364288,1,0
8859,3.644454002380371,0.033879589289426804,1,0
8860,3.881486654281616,0.23567984998226166,1,0
8861,4.335595607757568,0.01023070514202118,1,0
8862,3.8305306434631348,0.04084086790680885,1,0
8863,3.4791927337646484,0.002305081579834223,1,0
8864,4.00344181060791,0.20291118323802948,1,0
8865,3.842057466506958,0.0005909578176215291,1,0
8866,4.039397716522217,0.026722414419054985,1,0
8867,4.153480052947998,0.1738634705543518,1,0
8868,3.8305342197418213,0.0014759936602786183,1,0
8869,4.141082763671875,0.06854372471570969,1,0
8870,4.318240642547607,0.11398924887180328,1,0
8871,4.367531776428223,0.9139329195022583,1,0
8872,4.2017693519592285,0.01719282753765583,1,0
8873,4.248030185699463,0.06695123016834259,1,0
8874,3.9121007919311523,0.00033514658571220934,1,0
8875,3.815227508544922,0.22139818966388702,1,0
8876,3.6405222415924072,0.030957704409956932,1,0
8877,3.9531869888305664,0.07465723901987076,1,0
8878,3.74411940574646,0.15686094760894775,1,0
8879,3.6763956546783447,0.02033633552491665,1,0
8880,3.788829803466797,0.01868145354092121,1,0
8881,3.6121273040771484,0.012152356095612049,1,0
8882,3.9466500282287598,0.00460398942232132,1,0
8883,3.572801113128662,0.07349629700183868,1,0
8884,3.956618547439575,0.04102830961346626,1,0
8885,3.348881244659424,6.728805601596832e-07,1,0
8886,3.197277784347534,0.13238900899887085,1,0
8887,2.5533699989318848,0.0004978239885531366,1,0
8888,3.591622829437256,0.0038290158845484257,1,0
8889,3.925092935562134,0.06325802206993103,1,0
8890,3.579054117202759,0.07977856695652008,1,0
8891,3.537386417388916,0.00014785677194595337,1,0
8892,3.4672796726226807,0.28634366393089294,1,0
8893,3.4344377517700195,0.03266502171754837,1,0
8894,2.788771152496338,6.856061372673139e-05,1,0
8895,3.4206607341766357,0.026042133569717407,1,0
8896,3.9216294288635254,0.09242221713066101,1,0
8897,3.5245869159698486,0.0037754594814032316,1,0
8898,3.860543966293335,0.1443253755569458,1,0
8899,4.132129669189453,0.127932608127594,1,0
8900,4.335165500640869,0.08944814652204514,1,0
8901,4.2436604499816895,0.005656001158058643,1,0
8902,3.8361384868621826,0.05572480708360672,1,0
8903,3.817922830581665,0.16388657689094543,1,0
8904,3.9496588706970215,0.09709778428077698,1,0
8905,3.8174500465393066,0.0880967378616333,1,0
8906,3.9692957401275635,0.04211442917585373,1,0
8907,3.9347903728485107,0.013547738082706928,1,0
8908,3.9691758155822754,0.014115191996097565,1,0
8909,4.39588737487793,0.001675874344073236,1,0
8910,4.159440994262695,4.1185412555933e-05,1,0
8911,3.855233907699585,0.006569847464561462,1,0
8912,3.845073699951172,0.09543301165103912,1,0
8913,3.8507091999053955,0.14132021367549896,1,0
8914,4.446780204772949,0.01836622692644596,1,0
8915,4.2871198654174805,0.025033582001924515,1,0
8916,3.8773834705352783,0.060973186045885086,1,0
8917,4.005764961242676,0.0208292193710804,1,0
8918,4.442041873931885,0.01835576444864273,1,0
8919,3.8668127059936523,0.0017220154404640198,1,0
8920,3.772336959838867,0.018225250765681267,1,0
8921,3.856574058532715,0.11634724587202072,1,0
8922,3.9395861625671387,0.07554584741592407,1,0
8923,4.19465446472168,0.010344248265028,1,0
8924,4.282015323638916,0.1150866374373436,1,0
8925,3.8542563915252686,0.10120600461959839,1,0
8926,4.014982223510742,0.07303133606910706,1,0
8927,4.263323783874512,0.00014575208479072899,1,0
8928,3.722640037536621,0.01700102537870407,1,0
8929,3.853804588317871,0.00024050931097008288,1,0
8930,3.924999237060547,1.8525495761423372e-05,1,0
8931,3.9109365940093994,0.05052151903510094,1,0
8932,3.837360382080078,0.020062023773789406,1,0
8933,4.123520374298096,0.10647987574338913,1,0
8934,3.9404797554016113,0.10075213760137558,1,0
8935,4.082535743713379,0.07027768343687057,1,0
8936,3.909853219985962,0.00569380447268486,1,0
8937,3.5313451290130615,0.05098242312669754,1,0
8938,3.7659544944763184,0.11973574012517929,1,0
8939,4.021874904632568,0.0006754183559678495,1,0
8940,3.4535698890686035,0.0032672591041773558,1,0
8941,4.028165340423584,0.13959139585494995,1,0
8942,4.284045696258545,0.533397376537323,1,0
8943,4.1399993896484375,0.02173583395779133,1,0
8944,3.768993616104126,0.043508131057024,1,0
8945,3.9736552238464355,0.14782190322875977,1,0
8946,3.8528006076812744,0.007315796799957752,1,0
8947,3.623676061630249,0.016109561547636986,1,0
8948,3.9295995235443115,0.013408809900283813,1,0
8949,3.425055742263794,0.08911364525556564,1,0
8950,3.959367513656616,0.008724913001060486,1,0
8951,3.234398126602173,0.0017404862446710467,1,0
8952,3.3739943504333496,0.033137645572423935,1,0
8953,2.8982479572296143,0.018649809062480927,1,0
8954,2.4911675453186035,0.0346548967063427,1,0
8955,3.2681987285614014,0.5341448187828064,1,0
8956,3.0537898540496826,0.07750532776117325,1,0
8957,4.128821849822998,0.029870523139834404,1,0
8958,3.489363193511963,0.004754497203975916,1,0
8959,3.5479211807250977,0.0469890832901001,1,0
8960,3.412933111190796,0.19378291070461273,1,0
8961,2.9819130897521973,0.011948955245316029,1,0
8962,3.1192269325256348,0.0031687214504927397,1,0
8963,3.581303596496582,0.0016845770878717303,1,0
8964,3.269324779510498,0.003765977919101715,1,0
8965,3.001403331756592,0.04177447780966759,1,0
8966,3.6389660835266113,0.0032112360931932926,1,0
8967,3.5214004516601562,0.0998108834028244,1,0
8968,3.450908660888672,0.03841669484972954,1,0
8969,3.759887933731079,0.008422890678048134,1,0
8970,3.3513667583465576,0.05541541054844856,1,0
8971,3.0515053272247314,0.02219925820827484,1,0
8972,3.574199676513672,0.017723258584737778,1,0
8973,3.263915538787842,0.07951166480779648,1,0
8974,3.404672384262085,0.00038114647031761706,1,0
8975,3.4569873809814453,0.1937149614095688,1,0
8976,3.5716493129730225,0.07344397902488708,1,0
8977,3.5610363483428955,0.09059475362300873,1,0
8978,3.871753215789795,0.005721509922295809,1,0
8979,3.388047933578491,0.09454666823148727,1,0
8980,3.6307930946350098,0.00788271427154541,1,0
8981,3.4907755851745605,0.013029350899159908,1,0
8982,3.736670970916748,0.008800797164440155,1,0
8983,3.215749740600586,0.14183583855628967,1,0
8984,3.8548126220703125,0.09366445243358612,1,0
8985,4.214669704437256,0.0209659356623888,1,0
8986,3.8489367961883545,0.18242472410202026,1,0
8987,3.958315849304199,0.0011936202645301819,1,0
8988,3.8664255142211914,0.05852473899722099,1,0
8989,3.611149787902832,0.004968458320945501,1,0
8990,3.8089983463287354,0.04434548690915108,1,0
8991,3.788215160369873,0.0017997637623921037,1,0
8992,3.9890992641448975,0.03877692297101021,1,0
8993,3.7610678672790527,0.0388643853366375,1,0
8994,3.9990921020507812,0.0005427185678854585,1,0
8995,3.857846736907959,0.0020634240936487913,1,0
8996,4.078760623931885,0.04502684995532036,1,0
8997,3.8902854919433594,0.05159437656402588,1,0
8998,3.801065444946289,0.019792288541793823,1,0
8999,3.5168886184692383,0.1255277842283249,1,0
9000,3.6165106296539307,0.19494016468524933,1,0
9001,3.806248664855957,0.18498091399669647,1,0
9002,3.742079257965088,0.00042690717964433134,1,0
9003,3.714573621749878,0.013208416290581226,1,0
9004,3.805896282196045,0.13940398395061493,1,0
9005,3.536574125289917,0.184077188372612,1,0
9006,3.635369300842285,0.023276031017303467,1,0
9007,3.5782055854797363,0.0011559136910364032,1,0
9008,3.850895404815674,6.441865025408333e-06,1,0
9009,3.4891722202301025,0.1406317502260208,1,0
9010,3.4447290897369385,0.01038748025894165,1,0
9011,3.166987895965576,0.09762776643037796,1,0
9012,3.4167187213897705,0.006945849861949682,1,0
9013,3.9073190689086914,0.08422184735536575,1,0
9014,3.788424491882324,0.006160297431051731,1,0
9015,3.390732765197754,0.014458931982517242,1,0
9016,3.7052407264709473,0.28728431463241577,1,0
9017,4.327780246734619,0.0006093982956372201,1,0
9018,4.102051258087158,0.00018227855616714805,1,0
9019,4.171172618865967,0.001332824002020061,1,0
9020,4.368051528930664,0.005322843790054321,1,0
9021,4.112005233764648,0.11268968880176544,1,0
9022,4.102928161621094,0.045067816972732544,1,0
9023,4.221521377563477,0.004247111268341541,1,0
9024,3.580421209335327,0.1653745174407959,1,0
9025,3.603915214538574,0.025462940335273743,1,0
9026,3.8500816822052,0.12753252685070038,1,0
9027,3.893047332763672,0.00936918891966343,1,0
9028,3.4510841369628906,0.19230735301971436,1,0
9029,3.7208354473114014,0.0014034960186108947,1,0
9030,4.032192707061768,0.01794750988483429,1,0
9031,3.4229655265808105,0.004885816015303135,1,0
9032,3.5558888912200928,0.130402073264122,1,0
9033,4.032630443572998,0.010466314852237701,1,0
9034,3.8594138622283936,0.0004569278098642826,1,0
9035,3.511695384979248,0.00203285226598382,1,0
9036,3.8193912506103516,0.0020337223540991545,1,0
9037,3.9460902214050293,0.003916698042303324,1,0
9038,3.6918163299560547,0.07227179408073425,1,0
9039,3.871647834777832,1.6194675481528975e-05,1,0
9040,3.729173421859741,0.10553097724914551,1,0
9041,3.4797592163085938,0.00045857959776185453,1,0
9042,3.739520311355591,0.2750548720359802,1,0
9043,4.009222030639648,0.0005872101755812764,1,0
9044,4.044687271118164,0.017101839184761047,1,0
9045,4.02194881439209,0.04540443420410156,1,0
9046,4.147310256958008,0.385785311460495,1,0
9047,3.9751806259155273,0.08593892306089401,1,0
9048,4.158491611480713,0.02545062080025673,1,0
9049,3.801589250564575,0.12370181083679199,1,0
9050,3.979478359222412,0.0058965617790818214,1,0
9051,3.9940967559814453,0.0225862804800272,1,0
9052,3.9897007942199707,0.070267453789711,1,0
9053,3.613050699234009,0.0017100222175940871,1,0
9054,4.52224588394165,0.4753699004650116,1,0
9055,3.1073386669158936,0.6947137117385864,1,0
9056,3.39780592918396,2.083638719341252e-05,1,0
9057,3.895116090774536,0.021181680262088776,1,0
9058,3.5773096084594727,0.019362902268767357,1,0
9059,4.112570762634277,0.245554119348526,1,0
9060,3.3603434562683105,0.13313446938991547,1,0
9061,3.247499465942383,0.04846059903502464,1,0
9062,3.594372510910034,0.07643971592187881,1,0
9063,3.714859962463379,0.06503737717866898,1,0
9064,3.758195400238037,0.016536157578229904,1,0
9065,3.6210923194885254,0.13410811126232147,1,0
9066,3.9425220489501953,0.0030216218437999487,1,0
9067,3.461322069168091,0.013029350899159908,1,0
9068,3.5657033920288086,0.024899393320083618,1,0
9069,3.8016252517700195,0.023052776232361794,1,0
9070,3.279336452484131,0.042571164667606354,1,0
9071,3.241046190261841,0.07734420895576477,1,0
9072,3.3522143363952637,0.14674046635627747,1,0
9073,3.730865001678467,0.06293319910764694,1,0
9074,4.266738414764404,0.029650762677192688,1,0
9075,3.723539352416992,0.000684477505274117,1,0
9076,3.8238441944122314,0.03524303436279297,1,0
9077,3.363313674926758,0.13891437649726868,1,0
9078,3.911558151245117,0.07082623988389969,1,0
9079,3.7260310649871826,0.013597207143902779,1,0
9080,4.061659336090088,0.046600788831710815,1,0
9081,3.9995124340057373,0.017510628327727318,1,0
9082,3.9160895347595215,0.02387465350329876,1,0
9083,3.922717571258545,0.0013725758763030171,1,0
9084,3.5496551990509033,3.762636424653465e-06,1,0
9085,3.151418447494507,0.0007946268888190389,1,0
9086,4.205767631530762,0.0017687830841168761,1,0
9087,4.131929397583008,0.014216269366443157,1,0
9088,4.120205879211426,0.014133542776107788,1,0
9089,4.072243690490723,0.029230177402496338,1,0
9090,4.416446685791016,0.0003000744618475437,1,0
9091,4.218028545379639,0.001069022691808641,1,0
9092,3.6979169845581055,0.014549587853252888,1,0
9093,3.5268003940582275,0.0835845097899437,1,0
9094,3.9767024517059326,0.15007895231246948,1,0
9095,4.122488975524902,0.03336641937494278,1,0
9096,3.4985580444335938,0.015251638367772102,1,0
9097,3.5441396236419678,0.007942805998027325,1,0
9098,4.38303279876709,0.011547303758561611,1,0
9099,4.136055946350098,0.0036391429603099823,1,0
9100,4.02942419052124,0.001792401890270412,1,0
9101,4.116886615753174,0.0026457849889993668,1,0
9102,4.12455940246582,0.12209143489599228,1,0
9103,4.138696670532227,0.11186187714338303,1,0
9104,3.7336843013763428,0.1019749864935875,1,0
9105,4.207148551940918,0.10078277438879013,1,0
9106,4.3285088539123535,0.02819996513426304,1,0
9107,4.182150363922119,0.11106926202774048,1,0
9108,3.999910354614258,0.0036205374635756016,1,0
9109,4.268264293670654,0.002664681524038315,1,0
9110,4.357778072357178,0.012611949816346169,1,0
9111,4.247804641723633,0.2615196704864502,1,0
9112,4.7951178550720215,0.014514686539769173,1,0
9113,4.417138576507568,0.007795561105012894,1,0
9114,4.199157238006592,0.0689992681145668,1,0
9115,4.246423244476318,0.2019646167755127,1,0
9116,4.415919780731201,0.08742775768041611,1,0
9117,4.599165439605713,0.14988461136817932,1,0
9118,3.895372152328491,6.308117735898122e-05,1,0
9119,4.721308708190918,0.11004885286092758,1,0
9120,4.664178848266602,0.03851890191435814,1,0
9121,4.433824062347412,0.00950606632977724,1,0
9122,5.022097110748291,0.00016325862088706344,1,0
9123,4.098852157592773,0.06518019735813141,1,0
9124,4.246809005737305,0.04291033744812012,1,0
9125,4.3324432373046875,0.15638737380504608,1,0
9126,4.199812889099121,0.0480535663664341,1,0
9127,4.2174859046936035,0.0005038712406530976,1,0
9128,4.577558994293213,0.009930345229804516,1,0
9129,4.398434162139893,0.028655556961894035,1,0
9130,4.873537540435791,0.008566983044147491,1,0
9131,3.546135187149048,0.0003979065513703972,1,0
9132,3.6853511333465576,0.11695372313261032,1,0
9133,4.0213541984558105,0.011381975375115871,1,0
9134,4.22195291519165,0.03528653085231781,1,0
9135,3.915743827819824,0.09361720085144043,1,0
9136,4.21060848236084,0.0021039515268057585,1,0
9137,3.574986696243286,3.2419339390798996e-07,1,0
9138,3.8616116046905518,0.0685134157538414,1,0
9139,3.5124704837799072,0.0009411984356120229,1,0
9140,3.8357577323913574,0.0001891166903078556,1,0
9141,3.6754953861236572,0.004259699024260044,1,0
9142,3.9532549381256104,0.1311768740415573,1,0
9143,4.202840805053711,0.015688544139266014,1,0
9144,3.8360612392425537,0.029002932831645012,1,0
9145,4.209242820739746,0.00014950419426895678,1,0
9146,4.226022243499756,0.008732126094400883,1,0
9147,4.17331600189209,0.02625749446451664,1,0
9148,3.5812203884124756,0.07566791027784348,1,0
9149,4.377584457397461,0.040537189692258835,1,0
9150,3.7999465465545654,0.0008449092856608331,1,0
9151,3.7332632541656494,0.3116030991077423,1,0
9152,3.744694948196411,0.05026155710220337,1,0
9153,3.8705861568450928,0.21330010890960693,1,0
9154,3.5797414779663086,0.0005499366670846939,1,0
9155,3.4434690475463867,0.02867843024432659,1,0
9156,4.087414264678955,0.009716096334159374,1,0
9157,3.3270788192749023,0.07151621580123901,1,0
9158,3.7735016345977783,0.0016264654695987701,1,0
9159,4.038984298706055,0.00023812065774109215,1,0
9160,4.043825149536133,0.1699741929769516,1,0
9161,3.693140983581543,0.05604419857263565,1,0
9162,4.156205654144287,0.008768235333263874,1,0
9163,4.151340484619141,0.03652263805270195,1,0
9164,3.7333569526672363,0.012901881709694862,1,0
9165,3.5966861248016357,0.09766395390033722,1,0
9166,3.9849789142608643,0.04755981266498566,1,0
9167,3.685330390930176,0.04344776272773743,1,0
9168,3.8019914627075195,0.02307622693479061,1,0
9169,3.6815013885498047,0.0006098748417571187,1,0
9170,3.9256932735443115,0.004725263454020023,1,0
9171,3.765136957168579,0.01346026360988617,1,0
9172,3.8063411712646484,0.029857179149985313,1,0
9173,3.8368148803710938,0.15025846660137177,1,0
9174,4.166145324707031,0.25688162446022034,1,0
9175,3.8950045108795166,0.07102156430482864,1,0
9176,3.161180257797241,0.3015471398830414,1,0
9177,3.2014763355255127,0.028411034494638443,1,0
9178,3.637815475463867,0.05744185671210289,1,0
9179,3.30485463142395,0.28806072473526,1,0
9180,3.672736167907715,0.09840121865272522,1,0
9181,3.537294626235962,0.03141101822257042,1,0
9182,3.4481794834136963,6.10351571594947e-06,1,0
9183,3.5392374992370605,0.0989711657166481,1,0
9184,3.6883225440979004,0.30412814021110535,1,0
9185,3.8268163204193115,0.18071407079696655,1,0
9186,3.5736536979675293,0.14647440612316132,1,0
9187,3.8123605251312256,0.01136550772935152,1,0
9188,3.6959164142608643,0.012690101750195026,1,0
9189,3.703246593475342,0.012321025133132935,1,0
9190,4.001747131347656,0.0012265184195712209,1,0
9191,4.342191696166992,0.19645142555236816,1,0
9192,3.035036087036133,0.0027369000017642975,1,0
9193,3.2093820571899414,0.021554099395871162,1,0
9194,3.7780842781066895,0.0015800967812538147,1,0
9195,4.106150150299072,0.0594717375934124,1,0
9196,3.6848723888397217,0.015466918237507343,1,0
9197,3.328716278076172,0.09574331343173981,1,0
9198,3.4712793827056885,0.08056552708148956,1,0
9199,3.3278331756591797,0.02658376656472683,1,0
9200,3.134948253631592,0.38637298345565796,1,0
9201,3.4529123306274414,0.031871069222688675,1,0
9202,3.4861185550689697,0.11388500779867172,1,0
9203,3.5731289386749268,0.12353215366601944,1,0
9204,3.123631477355957,0.007223640568554401,1,0
9205,3.6526687145233154,0.051218029111623764,1,0
9206,3.3494012355804443,0.032895658165216446,1,0
9207,3.4700825214385986,0.2518586814403534,1,0
9208,3.787970781326294,0.014220872893929482,1,0
9209,3.332612991333008,0.22298124432563782,1,0
9210,3.3987927436828613,0.048371415585279465,1,0
9211,3.3434293270111084,0.21967604756355286,1,0
9212,3.214268207550049,0.0101410998031497,1,0
9213,3.5067403316497803,0.39750146865844727,1,0
9214,2.882967710494995,0.47958430647850037,1,0
9215,2.5304250717163086,0.02167895995080471,1,0
9216,3.502023458480835,0.05461863428354263,1,0
9217,3.7885642051696777,0.10496743023395538,1,0
9218,3.735008955001831,0.008703292347490788,1,0
9219,3.7603209018707275,0.30863651633262634,1,0
9220,3.344498634338379,0.010160545818507671,1,0
9221,3.442312002182007,0.0072482675313949585,1,0
9222,3.4619252681732178,0.04507191479206085,1,0
9223,3.2723991870880127,0.0018186457455158234,1,0
9224,3.2698967456817627,0.09118827432394028,1,0
9225,3.7477879524230957,0.00024835477233864367,1,0
9226,3.702512502670288,0.05892230197787285,1,0
9227,3.9992380142211914,0.011545228771865368,1,0
9228,3.6662650108337402,5.593756213784218e-05,1,0
9229,3.4509756565093994,0.9647917151451111,1,0
9230,3.91638445854187,0.4586326777935028,1,0
9231,4.237555027008057,0.01726883463561535,1,0
9232,4.0001444816589355,0.021593788638710976,1,0
9233,3.9093306064605713,0.029880529269576073,1,0
9234,4.355368614196777,0.06730127334594727,1,0
9235,4.101663589477539,0.11370270699262619,1,0
9236,3.62724232673645,0.0011337102623656392,1,0
9237,4.023436546325684,0.571640133857727,1,0
9238,3.776980400085449,0.048282310366630554,1,0
9239,3.9549694061279297,2.2819731384515762e-05,1,0
9240,3.8712499141693115,0.09140989184379578,1,0
9241,3.6151344776153564,0.05247492343187332,1,0
9242,3.7406225204467773,0.015021301805973053,1,0
9243,3.7086048126220703,0.047081172466278076,1,0
9244,3.6762635707855225,0.01966487430036068,1,0
9245,3.46120548248291,0.060697074979543686,1,0
9246,3.6646862030029297,0.0004293032980058342,1,0
9247,3.8021657466888428,0.009794256649911404,1,0
9248,4.02178430557251,0.14978747069835663,1,0
9249,4.197571754455566,0.00989767536520958,1,0
9250,4.500970840454102,0.03612535446882248,1,0
9251,3.805605411529541,0.003748232265934348,1,0
9252,3.610607624053955,0.16448093950748444,1,0
9253,3.2174062728881836,0.004942642990499735,1,0
9254,4.1405792236328125,0.0808287039399147,1,0
9255,3.5199835300445557,0.0069072977639734745,1,0
9256,3.7497153282165527,0.042051076889038086,1,0
9257,3.876901388168335,0.1316806674003601,1,0
9258,4.275448322296143,0.21153877675533295,1,0
9259,3.688674211502075,0.08040673285722733,1,0
9260,3.963679552078247,0.03643416240811348,1,0
9261,3.7684147357940674,0.011626251973211765,1,0
9262,3.543349027633667,0.04981685429811478,1,0
9263,3.7697646617889404,0.04281044006347656,1,0
9264,3.964604139328003,0.180009126663208,1,0
9265,3.612748861312866,0.07893580943346024,1,0
9266,3.5557637214660645,0.033088475465774536,1,0
9267,3.764315605163574,0.03437162563204765,1,0
9268,4.335590362548828,0.0038373805582523346,1,0
9269,4.030651092529297,0.43169546127319336,1,0
9270,4.487035751342773,0.02392239309847355,1,0
9271,4.057199478149414,0.029052257537841797,1,0
9272,4.162580490112305,0.09874662756919861,1,0
9273,3.8679392337799072,0.007476806640625,1,0
9274,4.544222831726074,0.010744582861661911,1,0
9275,4.088112831115723,0.0668114647269249,1,0
9276,3.6296474933624268,0.0030738324858248234,1,0
9277,3.5257325172424316,0.04759349301457405,1,0
9278,4.442718982696533,0.006695598363876343,1,0
9279,4.195323944091797,0.4090224802494049,1,0
9280,4.080016613006592,3.241933882236481e-05,1,0
9281,4.274648189544678,0.018048495054244995,1,0
9282,3.8585989475250244,0.022084377706050873,1,0
9283,4.319088459014893,0.08509229868650436,1,0
9284,3.742743730545044,0.05312242731451988,1,0
9285,4.468535900115967,0.03136998042464256,1,0
9286,4.611502170562744,0.00020372132712509483,1,0
9287,3.89408016204834,0.011701293289661407,1,0
9288,4.39560079574585,0.05604419857263565,1,0
9289,3.775024652481079,0.20167849957942963,1,0
9290,4.040952205657959,0.0005613104440271854,1,0
9291,4.116318702697754,0.0006127380765974522,1,0
9292,4.636582374572754,0.15932436287403107,1,0
9293,4.651571273803711,0.5568522810935974,1,0
9294,3.719210624694824,8.494034773320891e-06,1,0
9295,3.3294410705566406,0.0033070966601371765,1,0
9296,3.7461352348327637,0.12047822773456573,1,0
9297,3.5416908264160156,0.0005613104440271854,1,0
9298,3.454448699951172,0.000470644241431728,1,0
9299,3.443054437637329,0.06884725391864777,1,0
9300,3.270232677459717,0.03621712327003479,1,0
9301,3.080263137817383,0.01655850186944008,1,0
9302,3.0510311126708984,0.0009270408190786839,1,0
9303,3.1241931915283203,0.007315796799957752,1,0
9304,2.8460259437561035,0.01668291725218296,1,0
9305,3.2527103424072266,0.0009364673169329762,1,0
9306,3.251420021057129,0.05675007030367851,1,0
9307,3.5110509395599365,0.0076025002636015415,1,0
9308,3.526987314224243,0.005541909020394087,1,0
9309,3.930755853652954,0.03339463099837303,1,0
9310,3.9371166229248047,0.09597637504339218,1,0
9311,2.4144413471221924,0.00661058584228158,1,0
9312,3.8636534214019775,0.0187606792896986,1,0
9313,3.670386791229248,0.00016104662790894508,1,0
9314,3.845341682434082,0.009395362809300423,1,0
9315,3.810816764831543,0.01688295044004917,1,0
9316,3.917814016342163,0.0019442066550254822,1,0
9317,4.083345413208008,0.16594013571739197,1,0
9318,3.6578621864318848,0.006716145668178797,1,0
9319,3.5483710765838623,0.03088643029332161,1,0
9320,4.182534694671631,0.0008852118044160306,1,0
9321,3.693800210952759,0.01639745943248272,1,0
9322,2.881714344024658,0.06437946856021881,1,0
9323,3.58382511138916,0.042328592389822006,1,0
9324,3.7941882610321045,0.002941526472568512,1,0
9325,3.932387113571167,0.0007989854784682393,1,0
9326,3.9125454425811768,0.020062023773789406,1,0
9327,4.760655879974365,0.011458291672170162,1,0
9328,3.634079694747925,0.1624131202697754,1,0
9329,3.80173659324646,0.058436062186956406,1,0
9330,3.421916961669922,0.026785552501678467,1,0
9331,3.584986448287964,0.7214128971099854,1,0
9332,3.7354085445404053,0.22912025451660156,1,0
9333,3.9520480632781982,0.0013512076111510396,1,0
9334,3.6990532875061035,0.05493484064936638,1,0
9335,3.244450807571411,0.04109479859471321,1,0
9336,3.502992868423462,0.14614218473434448,1,0
9337,4.003810882568359,0.0607113353908062,1,0
9338,3.801997423171997,0.06024143844842911,1,0
9339,3.64894437789917,0.028401276096701622,1,0
9340,4.107589244842529,0.006145157851278782,1,0
9341,3.704813003540039,0.010652749799191952,1,0
9342,3.952552080154419,0.013923229649662971,1,0
9343,4.001171112060547,4.787827128893696e-05,1,0
9344,3.5062296390533447,0.03535182401537895,1,0
9345,3.3658456802368164,0.1332753598690033,1,0
9346,3.416637897491455,0.06823078542947769,1,0
9347,3.141812324523926,0.0008264967473223805,1,0
9348,3.6849372386932373,0.007036222610622644,1,0
9349,3.7614564895629883,0.021271666511893272,1,0
9350,3.587315559387207,0.22623765468597412,1,0
9351,3.50273060798645,0.033369943499565125,1,0
9352,3.372230291366577,7.294351235032082e-05,1,0
9353,4.026622772216797,0.0009048440842889249,1,0
9354,3.0073745250701904,0.002427122090011835,1,0
9355,3.073280096054077,0.04731179401278496,1,0
9356,3.4477765560150146,0.059891391545534134,1,0
9357,3.651362419128418,0.1533113718032837,1,0
9358,3.5197551250457764,0.028070464730262756,1,0
9359,3.846243143081665,0.05032215639948845,1,0
9360,3.677609443664551,0.08619939535856247,1,0
9361,2.9162395000457764,0.020380398258566856,1,0
9362,3.141514539718628,0.17450790107250214,1,0
9363,3.4354758262634277,0.03382277116179466,1,0
9364,3.3476181030273438,0.003046073019504547,1,0
9365,3.266932725906372,0.013110994361341,1,0
9366,3.535571336746216,0.40086719393730164,1,0
9367,3.3763749599456787,0.2974172532558441,1,0
9368,2.712064504623413,0.01007899735122919,1,0
9369,3.3944196701049805,0.13338811695575714,1,0
9370,3.4079041481018066,0.05769192799925804,1,0
9371,3.7565038204193115,0.009122361429035664,1,0
9372,3.2590439319610596,0.05538361147046089,1,0
9373,3.3751323223114014,0.03489604592323303,1,0
9374,3.939746379852295,0.2800270617008209,1,0
9375,3.579212188720703,0.1738956719636917,1,0
9376,3.628465175628662,0.04444308951497078,1,0
9377,3.809934616088867,0.06935461610555649,1,0
9378,3.550536632537842,0.006554212421178818,1,0
9379,3.541624069213867,0.10172244161367416,1,0
9380,3.296499013900757,0.0431746207177639,1,0
9381,3.374373197555542,5.564922685152851e-05,1,0
9382,3.495875597000122,0.016988445073366165,1,0
9383,3.981996774673462,0.008631416596472263,1,0
9384,3.891714572906494,0.030329275876283646,1,0
9385,4.06619930267334,0.0037873282562941313,1,0
9386,3.955920934677124,0.2315843403339386,1,0
9387,3.57680606842041,0.016825318336486816,1,0
9388,3.634031295776367,0.06096365675330162,1,0
9389,3.4367196559906006,0.11767429113388062,1,0
9390,4.181411266326904,0.30803635716438293,1,0
9391,3.5408873558044434,0.08742775768041611,1,0
9392,4.167701721191406,0.2204275131225586,1,0
9393,3.445512533187866,0.10774324089288712,1,0
9394,3.5195987224578857,0.017903579398989677,1,0
9395,4.479180335998535,0.03207814693450928,1,0
9396,4.156832695007324,3.1189063065539813e-06,1,0
9397,3.6263809204101562,0.0023441656958311796,1,0
9398,4.277457237243652,0.0006266717100515962,1,0
9399,4.399972915649414,0.03378728777170181,1,0
9400,3.9131124019622803,0.0025796859990805387,1,0
9401,3.724107265472412,0.020695725455880165,1,0
9402,3.8711910247802734,0.02754904329776764,1,0
9403,3.2906274795532227,0.008458355441689491,1,0
9404,3.8004207611083984,0.008458355441689491,1,0
9405,3.547734022140503,0.00011620009172474965,1,0
9406,3.653310775756836,0.04071224853396416,1,0
9407,3.9563183784484863,0.12474943697452545,1,0
9408,3.674623489379883,0.012293189764022827,1,0
9409,3.8381729125976562,0.1425490826368332,1,0
9410,3.4053118228912354,0.2795982360839844,1,0
9411,3.9730868339538574,0.0035465918481349945,1,0
9412,3.963325023651123,0.017124563455581665,1,0
9413,3.3505797386169434,0.07748383283615112,1,0
9414,3.4659671783447266,0.07306785881519318,1,0
9415,3.5450873374938965,0.2735789716243744,1,0
9416,3.952383041381836,0.02826482430100441,1,0
9417,4.137448787689209,0.050469476729631424,1,0
9418,3.96844744682312,0.017564306035637856,1,0
9419,3.9146475791931152,7.77849982114276e-06,1,0
9420,3.642287254333496,0.28188902139663696,1,0
9421,3.788912773132324,0.007659826427698135,1,0
9422,3.209850549697876,0.004185700323432684,1,0
9423,3.730802059173584,0.05693874508142471,1,0
9424,2.7339582443237305,0.038095809519290924,1,0
9425,2.263556718826294,0.0188771802932024,1,0
9426,2.6400928497314453,0.0030333034228533506,1,0
9427,2.6761834621429443,0.0924750342965126,1,0
9428,2.6911120414733887,0.060839809477329254,1,0
9429,2.9970364570617676,0.11736331135034561,1,0
9430,3.4267172813415527,0.03630901128053665,1,0
9431,3.837744951248169,0.10743935406208038,1,0
9432,3.527892827987671,0.20945778489112854,1,0
9433,3.6965770721435547,0.030403269454836845,1,0
9434,3.46053409576416,0.040801871567964554,1,0
9435,3.7346534729003906,0.27483221888542175,1,0
9436,3.641392469406128,0.023684168234467506,1,0
9437,3.1320533752441406,4.466716291062767e-06,1,0
9438,2.156625747680664,0.022783957421779633,1,0
9439,2.8113789558410645,0.0038745347410440445,1,0
9440,3.5610744953155518,0.003701114794239402,1,0
9441,3.0619797706604004,0.010148875415325165,1,0
9442,2.9896559715270996,0.00472791725769639,1,0
9443,3.188079357147217,0.4763418138027191,1,0
9444,3.2940828800201416,0.11879589408636093,1,0
9445,2.544997215270996,0.05808200314640999,1,0
9446,2.506895065307617,0.002712719840928912,1,0
9447,3.052541732788086,0.04683440923690796,1,0
9448,3.221163749694824,0.004102454520761967,1,0
9449,2.643852949142456,0.12644580006599426,1,0
9450,2.5630011558532715,0.027274226769804955,1,0
9451,2.8406119346618652,0.07225104421377182,1,0
9452,2.9780125617980957,0.12919214367866516,1,0
9453,2.7599635124206543,0.0002688356616999954,1,0
9454,3.3085548877716064,0.01722574234008789,1,0
9455,2.867083787918091,0.004741197917610407,1,0
9456,2.9725489616394043,0.2568718492984772,1,0
9457,2.793429374694824,0.26781490445137024,1,0
9458,3.2441787719726562,0.5787543058395386,1,0
9459,3.2103254795074463,0.0012985203647986054,1,0
9460,3.2268314361572266,0.056021351367235184,1,0
9461,2.721377372741699,0.002169974846765399,1,0
9462,2.440411329269409,0.00436107162386179,1,0
9463,2.907806158065796,0.000508648285176605,1,0
9464,3.1469335556030273,0.0231554564088583,1,0
9465,1.9434309005737305,0.0010013432474806905,1,0
9466,3.8291563987731934,0.0028326385654509068,1,0
9467,3.5432021617889404,0.001559449709020555,1,0
9468,3.4520256519317627,0.3049376308917999,1,0
9469,3.6189606189727783,0.1843588501214981,1,0
9470,2.9303245544433594,0.14041469991207123,1,0
9471,3.705348014831543,0.002734880894422531,1,0
9472,3.6344261169433594,0.3146054744720459,1,0
9473,3.9408161640167236,0.010597043670713902,1,0
9474,3.4495716094970703,0.004682902246713638,1,0
9475,2.9206275939941406,0.07602404803037643,1,0
9476,3.52612566947937,0.02585248462855816,1,0
9477,3.4348862171173096,0.17123377323150635,1,0
9478,3.860846519470215,0.019626999273896217,1,0
9479,3.7163989543914795,5.7683235354488716e-05,1,0
9480,3.7542030811309814,0.000496532884426415,1,0
9481,3.5621840953826904,0.10102801769971848,1,0
9482,3.508277654647827,0.22700946033000946,1,0
9483,3.5708863735198975,0.05950939655303955,1,0
9484,3.4310758113861084,0.02653343975543976,1,0
9485,3.343409538269043,0.10875928401947021,1,0
9486,3.541440486907959,0.027070606127381325,1,0
9487,3.277970552444458,0.0005346551770344377,1,0
9488,3.0443336963653564,0.050556231290102005,1,0
9489,3.2564640045166016,0.00033585363416932523,1,0
9490,3.155872344970703,0.14067517220973969,1,0
9491,3.685358762741089,0.04822295531630516,1,0
9492,3.2872989177703857,0.017602695152163506,1,0
9493,3.367194175720215,0.1266380399465561,1,0
9494,3.4409377574920654,0.0009940274758264422,1,0
9495,3.6765201091766357,0.14966797828674316,1,0
9496,3.7707176208496094,0.019004683941602707,1,0
9497,4.2146830558776855,0.04648003727197647,1,0
9498,3.9841651916503906,0.42767220735549927,1,0
9499,3.507385730743408,0.001792401890270412,1,0
9500,3.49314284324646,0.19488903880119324,1,0
9501,3.4668805599212646,0.0006515556015074253,1,0
9502,3.4718146324157715,0.003287147730588913,1,0
9503,3.5975840091705322,0.005682159215211868,1,0
9504,3.9440391063690186,0.25319716334342957,1,0
9505,3.285263776779175,0.012547005899250507,1,0
9506,3.8316879272460938,0.24678945541381836,1,0
9507,3.6085290908813477,0.003732886165380478,1,0
9508,3.6202030181884766,0.13054150342941284,1,0
9509,3.618004560470581,0.06586693972349167,1,0
9510,3.8746285438537598,0.09934799373149872,1,0
9511,4.140505790710449,0.0785999521613121,1,0
9512,3.6642730236053467,0.07266667485237122,1,0
9513,3.6942570209503174,0.0013356440467759967,1,0
9514,3.569424867630005,0.0739627331495285,1,0
9515,3.0981500148773193,0.022268330678343773,1,0
9516,3.2599775791168213,0.45529255270957947,1,0
9517,3.891826868057251,0.20218153297901154,1,0
9518,3.99468994140625,0.0007805437780916691,1,0
9519,3.5480546951293945,0.0008471548790112138,1,0
9520,3.453860282897949,0.00251345569267869,1,0
9521,3.2848310470581055,0.022859768941998482,1,0
9522,3.8583216667175293,0.030662959441542625,1,0
9523,3.584913492202759,0.00796690583229065,1,0
9524,3.612790107727051,0.4403107166290283,1,0
9525,3.5505056381225586,0.01259461510926485,1,0
9526,3.8509292602539062,0.006513648666441441,1,0
9527,3.5402801036834717,0.014322325587272644,1,0
9528,4.209700107574463,0.017746390774846077,1,0
9529,3.728520393371582,0.07498456537723541,1,0
9530,3.790699005126953,0.145928293466568,1,0
9531,4.04595422744751,0.0003979065513703972,1,0
9532,3.1138930320739746,0.017559191212058067,1,0
9533,2.9567697048187256,0.03861745819449425,1,0
9534,3.246090888977051,0.25255659222602844,1,0
9535,4.235002517700195,0.00708812614902854,1,0
9536,3.692793607711792,0.06054500490427017,1,0
9537,3.5372204780578613,0.005908424500375986,1,0
9538,3.635915756225586,0.15167582035064697,1,0
9539,3.5248541831970215,0.04489180073142052,1,0
9540,3.4425406455993652,0.07495813816785812,1,0
9541,3.587402105331421,0.036729488521814346,1,0
9542,3.590691328048706,0.030117882415652275,1,0
9543,3.4354820251464844,0.010634827427566051,1,0
9544,3.9173223972320557,0.09730839729309082,1,0
9545,3.2227699756622314,0.23720024526119232,1,0
9546,3.429395914077759,0.0008932696073316038,1,0
9547,3.631911516189575,0.023901499807834625,1,0
9548,3.2083258628845215,0.0016893334686756134,1,0
9549,3.4906575679779053,0.009936116635799408,1,0
9550,3.7042763233184814,0.01263363379985094,1,0
9551,3.5583200454711914,0.035011518746614456,1,0
9552,3.543523073196411,0.24126902222633362,1,0
9553,3.421193838119507,0.00029940615058876574,1,0
9554,3.326277494430542,0.0001875274901976809,1,0
9555,3.5617222785949707,0.008864285424351692,1,0
9556,3.385317087173462,0.05333171412348747,1,0
9557,3.7495229244232178,0.08493471890687943,1,0
9558,3.533592462539673,0.07558829337358475,1,0
9559,3.563721179962158,0.031685274094343185,1,0
9560,3.412297248840332,0.014352369122207165,1,0
9561,3.5169565677642822,0.1450081169605255,1,0
9562,3.524569511413574,0.016192961484193802,1,0
9563,3.543644428253174,0.13809548318386078,1,0
9564,3.454906702041626,0.002036334713920951,1,0
9565,3.6315696239471436,0.13161765038967133,1,0
9566,4.4397358894348145,0.03570835664868355,1,0
9567,3.6501471996307373,0.10864473879337311,1,0
9568,2.95283842086792,3.319317693240009e-05,1,0
9569,3.4085240364074707,0.0006997102173045278,1,0
9570,3.014129877090454,0.38594117760658264,1,0
9571,3.2745745182037354,0.19981057941913605,1,0
9572,3.190197467803955,0.0022042752243578434,1,0
9573,3.6103177070617676,0.15054289996623993,1,0
9574,3.5010628700256348,0.057910021394491196,1,0
9575,2.8086185455322266,0.06277834624052048,1,0
9576,2.9685816764831543,0.08211231231689453,1,0
9577,3.380235433578491,0.04620995745062828,1,0
9578,3.343522071838379,0.04387122020125389,1,0
9579,3.4367713928222656,0.023886581882834435,1,0
9580,3.3843958377838135,0.020018307492136955,1,0
9581,3.662614583969116,0.037491705268621445,1,0
9582,2.449132204055786,0.04236830770969391,1,0
9583,2.4618964195251465,0.0541595034301281,1,0
9584,3.3106751441955566,0.01201021857559681,1,0
9585,4.045907020568848,0.09725421667098999,1,0
9586,3.643068552017212,0.29911431670188904,1,0
9587,3.496706008911133,0.2966388165950775,1,0
9588,3.7136852741241455,0.05894104391336441,1,0
9589,3.2351925373077393,0.009575821459293365,1,0
9590,3.3694422245025635,0.10021374374628067,1,0
9591,3.512998342514038,0.21267656981945038,1,0
9592,3.5044922828674316,0.0020774758886545897,1,0
9593,3.542489528656006,0.09079238027334213,1,0
9594,4.202272891998291,0.07913657277822495,1,0
9595,3.6484873294830322,0.09185393154621124,1,0
9596,3.4166481494903564,0.08319991827011108,1,0
9597,4.235304832458496,0.08365147560834885,1,0
9598,3.686846971511841,0.016121814027428627,1,0
9599,3.816287040710449,0.00025694453506730497,1,0
9600,3.356105089187622,0.0034961968194693327,1,0
9601,3.687321186065674,0.0020354636944830418,1,0
9602,3.4705560207366943,0.18541283905506134,1,0
9603,3.454723596572876,0.21563301980495453,1,0
9604,3.7726521492004395,0.03888341411948204,1,0
9605,3.6632802486419678,0.4597967267036438,1,0
9606,3.3556337356567383,0.17414526641368866,1,0
9607,2.9392001628875732,0.027844561263918877,1,0
9608,3.2888500690460205,0.008638590574264526,1,0
9609,3.478353261947632,2.766260877251625e-05,1,0
9610,3.4295477867126465,0.03232058510184288,1,0
9611,3.5540220737457275,0.08934426307678223,1,0
9612,3.7486321926116943,0.015466918237507343,1,0
9613,2.390310525894165,0.06145070865750313,1,0
9614,3.452265977859497,0.07090844959020615,1,0
9615,3.6663293838500977,0.006120973266661167,1,0
9616,3.9482040405273438,0.0756838396191597,1,0
9617,3.539639472961426,0.02341759018599987,1,0
9618,3.525639533996582,0.1615198403596878,1,0
9619,3.5051815509796143,0.02625436522066593,1,0
9620,3.417860984802246,0.0407395176589489,1,0
9621,3.7328505516052246,0.47393375635147095,1,0
9622,3.9127070903778076,0.16008798778057098,1,0
9623,3.9761037826538086,0.05964130908250809,1,0
9624,3.464794158935547,0.06887257844209671,1,0
9625,3.5983872413635254,0.0025601170491427183,1,0
9626,3.9132349491119385,0.011647072620689869,1,0
9627,4.33217716217041,0.005310177803039551,1,0
9628,4.026397705078125,0.00021659070625901222,1,0
9629,3.988647222518921,0.0743095800280571,1,0
9630,3.978637456893921,0.001542726531624794,1,0
9631,3.613192319869995,0.13529108464717865,1,0
9632,4.11911153793335,0.04301435127854347,1,0
9633,3.6764400005340576,0.0823669284582138,1,0
9634,3.3541557788848877,0.000348708126693964,1,0
9635,3.255509614944458,0.04918560013175011,1,0
9636,2.8247036933898926,0.03823154792189598,1,0
9637,3.543149471282959,0.09159672260284424,1,0
9638,3.550386428833008,0.00510957557708025,1,0
9639,3.7636961936950684,0.024896347895264626,1,0
9640,3.0565500259399414,0.9685870409011841,1,0
9641,3.8357038497924805,0.0022608160506933928,1,0
9642,3.0279459953308105,0.07396798580884933,1,0
9643,3.7269816398620605,0.08539659529924393,1,0
9644,3.6387689113616943,0.3444463312625885,1,0
9645,3.484586238861084,0.16622328758239746,1,0
9646,3.672214984893799,0.15923193097114563,1,0
9647,3.9276068210601807,0.0011350103886798024,1,0
9648,3.6272530555725098,0.047690387815237045,1,0
9649,3.6136527061462402,0.16686919331550598,1,0
9650,3.645735025405884,0.04892056807875633,1,0
9651,3.4560670852661133,0.030332637950778008,1,0
9652,3.7470531463623047,0.011868916451931,1,0
9653,3.853118658065796,0.3051934838294983,1,0
9654,3.3870456218719482,0.004743856377899647,1,0
9655,3.468898057937622,0.21182294189929962,1,0
9656,3.388129234313965,0.15905484557151794,1,0
9657,3.2609410285949707,0.0009364673169329762,1,0
9658,2.9923601150512695,0.06922759860754013,1,0
9659,3.5337588787078857,0.0162347424775362,1,0
9660,3.510610580444336,0.042750559747219086,1,0
9661,3.477302312850952,0.04595307633280754,1,0
9662,3.6785075664520264,0.0034756846725940704,1,0
9663,3.4035868644714355,0.02461695671081543,1,0
9664,3.829235076904297,0.009487257339060307,1,0
9665,3.6825501918792725,0.04846484586596489,1,0
9666,3.5551533699035645,0.027523422613739967,1,0
9667,3.452214002609253,0.0018153548007830977,1,0
9668,3.777430534362793,0.7210686802864075,1,0
9669,3.4658455848693848,0.08509229868650436,1,0
9670,3.4878041744232178,0.0425671823322773,1,0
9671,3.4619293212890625,0.27736765146255493,1,0
9672,3.330317735671997,0.206965371966362,1,0
9673,3.566206216812134,0.003271673573181033,1,0
9674,3.350827217102051,0.0011493609054014087,1,0
9675,3.2972190380096436,0.0241618100553751,1,0
9676,3.6054720878601074,0.003390867030248046,1,0
9677,3.4454281330108643,0.03377309441566467,1,0
9678,3.689457893371582,0.16979120671749115,1,0
9679,3.7602782249450684,0.12090736627578735,1,0
9680,3.471252679824829,0.026735035702586174,1,0
9681,3.0806546211242676,0.02263561822474003,1,0
9682,2.923713207244873,0.003193760057911277,1,0
9683,3.6320056915283203,0.012301751412451267,1,0
9684,3.537614583969116,0.036066681146621704,1,0
9685,3.1332035064697266,0.11908213049173355,1,0
9686,3.3065598011016846,0.06497832387685776,1,0
9687,3.3716588020324707,0.0031060189940035343,1,0
9688,3.5980536937713623,0.05717848613858223,1,0
9689,2.997654914855957,0.0010370806558057666,1,0
9690,3.2751829624176025,0.03426435962319374,1,0
9691,3.569676399230957,0.05536090210080147,1,0
9692,3.2493813037872314,0.003016319125890732,1,0
9693,3.558966636657715,0.04545791447162628,1,0
9694,3.306755542755127,0.008714099414646626,1,0
9695,3.6873977184295654,0.031647492200136185,1,0
9696,3.325435161590576,0.16203998029232025,1,0
9697,3.541281223297119,0.01078062504529953,1,0
9698,3.225818395614624,0.004746515303850174,1,0
9699,3.629671335220337,0.00519547238945961,1,0
9700,3.136073350906372,0.015213523991405964,1,0
9701,3.455017566680908,0.006274437997490168,1,0
9702,3.3392298221588135,0.028385013341903687,1,0
9703,3.547473192214966,0.1166832447052002,1,0
9704,3.558870315551758,0.004619718529284,1,0
9705,3.572643756866455,0.03475557267665863,1,0
9706,3.8427014350891113,0.14231598377227783,1,0
9707,3.638664484024048,0.004464925732463598,1,0
9708,3.813938856124878,0.15920113027095795,1,0
9709,3.7294297218322754,0.05385001376271248,1,0
9710,3.6069326400756836,0.05374704673886299,1,0
9711,3.78714656829834,0.08580318093299866,1,0
9712,2.9844462871551514,9.406590834259987e-05,1,0
9713,3.529802083969116,0.0013342336751520634,1,0
9714,3.2779853343963623,0.0748419314622879,1,0
9715,3.913630962371826,0.003599663032218814,1,0
9716,4.283200740814209,0.1363081932067871,1,0
9717,3.622992515563965,0.0002861962711904198,1,0
9718,4.163249969482422,0.07580070942640305,1,0
9719,4.71989631652832,0.10160551220178604,1,0
9720,4.006279468536377,0.1076672226190567,1,0
9721,4.395503520965576,0.4848516881465912,1,0
9722,3.703787326812744,0.0006814510561525822,1,0
9723,3.8853845596313477,0.04823991283774376,1,0
9724,4.057452201843262,0.004264739342033863,1,0
9725,4.14235258102417,0.014398652128875256,1,0
9726,3.651456356048584,0.05766874551773071,1,0
9727,4.235142230987549,0.023916421458125114,1,0
9728,3.9282898902893066,0.08462001383304596,1,0
9729,3.2665274143218994,0.01296553760766983,1,0
9730,3.6091763973236084,0.010252191685140133,1,0
9731,2.3715462684631348,0.08907908201217651,1,0
9732,2.736243963241577,2.645785025379155e-05,1,0
9733,2.656856060028076,0.0007296354742720723,1,0
9734,3.178870677947998,0.0003333821950946003,1,0
9735,3.394418716430664,0.03350759297609329,1,0
9736,3.2810568809509277,0.015486127696931362,1,0
9737,3.2236578464508057,0.00217807455919683,1,0
9738,2.471001148223877,0.014438052661716938,1,0
9739,3.0588111877441406,0.09515892714262009,1,0
9740,3.118359088897705,0.00412225816398859,1,0
9741,3.0316357612609863,0.12137088924646378,1,0
9742,3.118586540222168,0.0011149421334266663,1,0
9743,3.0628669261932373,0.022499343380331993,1,0
9744,3.0642249584198,0.170212984085083,1,0
9745,2.8754568099975586,0.1011691689491272,1,0
9746,2.645341634750366,0.00030074352980591357,1,0
9747,3.0423998832702637,0.0004103221872355789,1,0
9748,3.882373571395874,0.5322139859199524,1,0
9749,3.159863233566284,0.012672713957726955,1,0
9750,3.1425838470458984,0.03674798831343651,1,0
9751,2.531431198120117,0.11051676422357559,1,0
9752,3.607276439666748,0.20479349792003632,1,0
9753,3.486685276031494,0.011543155647814274,1,0
9754,3.417616128921509,2.4318787836818956e-05,1,0
9755,3.8948745727539062,0.05934471637010574,1,0
9756,2.906852960586548,0.09293930232524872,1,0
9757,3.3634278774261475,0.004842739552259445,1,0
9758,3.293848991394043,0.037570226937532425,1,0
9759,3.96907377243042,0.020018307492136955,1,0
9760,3.9988367557525635,0.0524616613984108,1,0
9761,3.879673480987549,0.40984994173049927,1,0
9762,3.933393716812134,0.10529911518096924,1,0
9763,3.3346359729766846,0.01976514421403408,1,0
9764,3.2773518562316895,0.0815601721405983,1,0
9765,3.509533643722534,0.037122633308172226,1,0
9766,3.6226792335510254,0.009953439235687256,1,0
9767,3.9020726680755615,0.073884017765522,1,0
9768,3.7981746196746826,0.030057618394494057,1,0
9769,3.518505573272705,0.0928628221154213,1,0
9770,3.4991116523742676,0.10473618656396866,1,0
9771,3.181913137435913,3.755325451493263e-05,1,0
9772,3.4396779537200928,0.034300100058317184,1,0
9773,4.044926166534424,0.019672993570566177,1,0
9774,3.800522804260254,0.026975421234965324,1,0
9775,3.201519250869751,0.05958947166800499,1,0
9776,3.367396354675293,0.019207440316677094,1,0
9777,3.4326541423797607,0.005355280824005604,1,0
9778,3.1753103733062744,0.07044664025306702,1,0
9779,3.792396068572998,0.013588204979896545,1,0
9780,3.5469930171966553,0.0791800245642662,1,0
9781,3.8749096393585205,0.0007453599246218801,1,0
9782,3.2651662826538086,0.04820600152015686,1,0
9783,3.8310630321502686,0.001132410834543407,1,0
9784,4.066257476806641,0.03427865356206894,1,0
9785,3.6706161499023438,0.002841891488060355,1,0
9786,3.0261526107788086,0.1172311082482338,1,0
9787,4.032744884490967,0.05784037336707115,1,0
9788,4.186182022094727,0.2441692352294922,1,0
9789,3.9965381622314453,0.032836176455020905,1,0
9790,3.4022533893585205,0.05282922461628914,1,0
9791,3.9656476974487305,0.018943533301353455,1,0
9792,3.6939189434051514,0.021002283319830894,1,0
9793,3.761892318725586,0.034636933356523514,1,0
9794,4.0174994468688965,0.004701411817222834,1,0
9795,3.943983793258667,0.0005862751277163625,1,0
9796,3.623642683029175,0.01645435206592083,1,0
9797,3.1752820014953613,0.015454918146133423,1,0
9798,3.8377208709716797,0.03245953097939491,1,0
9799,2.80710768699646,0.008674506098031998,1,0
9800,4.024108409881592,0.1609850376844406,1,0
9801,3.8616364002227783,0.03522130101919174,1,0
9802,2.349186420440674,0.01675029657781124,1,0
9803,3.754901885986328,0.005528985057026148,1,0
9804,3.5949795246124268,0.046093858778476715,1,0
9805,3.8549511432647705,2.1457672971791908e-07,1,0
9806,3.897425413131714,0.12366785854101181,1,0
9807,3.6352202892303467,0.08054909110069275,1,0
9808,3.9164347648620605,0.003588092280551791,1,0
9809,3.2485578060150146,0.08157119154930115,1,0
9810,3.7234272956848145,0.0976518914103508,1,0
9811,3.539924144744873,0.23842382431030273,1,0
9812,3.8110053539276123,0.09241048246622086,1,0
9813,3.648150682449341,4.180707037448883e-05,1,0
9814,4.423698425292969,0.004573917482048273,1,0
9815,3.117252826690674,0.09844966232776642,1,0
9816,3.99985933303833,0.2116808444261551,1,0
9817,4.12276554107666,0.0023292377591133118,1,0
9818,3.3977105617523193,0.0006476202397607267,1,0
9819,3.5203020572662354,0.1156635656952858,1,0
9820,3.648225784301758,0.004253402817994356,1,0
9821,3.7657687664031982,2.852175384759903e-06,1,0
9822,3.728942632675171,0.033288899809122086,1,0
9823,3.4531404972076416,0.0001581207907292992,1,0
9824,4.131525039672852,0.007899859920144081,1,0
9825,3.4890832901000977,0.4210837483406067,1,0
9826,3.720125913619995,0.027022991329431534,1,0
9827,3.8745474815368652,0.0013455377193167806,1,0
9828,3.5251624584198,0.018684091046452522,1,0
9829,4.006427764892578,8.440613601123914e-05,1,0
9830,4.068447113037109,0.01711951196193695,1,0
9831,4.336529731750488,0.42473626136779785,1,0
9832,4.065013885498047,0.10491116344928741,1,0
9833,3.182537794113159,0.05470888689160347,1,0
9834,3.903517007827759,0.004381489008665085,1,0
9835,4.532073020935059,0.2440357208251953,1,0
9836,3.4513046741485596,0.03426435962319374,1,0
9837,3.633627414703369,0.03216809034347534,1,0
9838,4.02506685256958,0.03455077484250069,1,0
9839,3.699923038482666,0.03247344121336937,1,0
9840,3.797330856323242,0.15169838070869446,1,0
9841,3.940248727798462,0.005397737957537174,1,0
9842,4.067398548126221,0.20230305194854736,1,0
9843,3.590442419052124,0.4986296594142914,1,0
9844,3.905108690261841,0.029121384024620056,1,0
9845,4.1425933837890625,0.07956065237522125,1,0
9846,3.694558620452881,0.0002557084953878075,1,0
9847,3.8876590728759766,0.0029951557517051697,1,0
9848,3.4900639057159424,0.0023497759830206633,1,0
9849,3.436356544494629,0.0017948541790246964,1,0
9850,3.970018148422241,0.05885673314332962,1,0
9851,3.597594738006592,0.03457589074969292,1,0
9852,3.7427585124969482,0.0004285038448870182,1,0
9853,3.7810280323028564,0.004427602980285883,1,0
9854,3.3173489570617676,0.040903300046920776,1,0
9855,3.4581711292266846,0.026870910078287125,1,0
9856,3.452683925628662,0.0006490945816040039,1,0
9857,4.058990955352783,0.016595778986811638,1,0
9858,3.8952081203460693,0.0031210966408252716,1,0
9859,3.71079421043396,0.283294677734375,1,0
9860,3.768718719482422,0.11363762617111206,1,0
9861,3.7065696716308594,0.028570670634508133,1,0
9862,3.717639446258545,0.0025708710309118032,1,0
9863,3.9465620517730713,0.027555450797080994,1,0
9864,3.7534801959991455,0.0004413844144437462,1,0
9865,3.353893756866455,0.12209143489599228,1,0
9866,3.7517764568328857,0.010656733997166157,1,0
9867,4.276047706604004,0.10195650160312653,1,0
9868,3.9150729179382324,0.4067789614200592,1,0
9869,4.188467502593994,0.00743514159694314,1,0
9870,3.353184461593628,0.001325084245763719,1,0
9871,3.611152410507202,0.029319344088435173,1,0
9872,3.2652602195739746,0.011211707256734371,1,0
9873,3.765298843383789,0.15093256533145905,1,0
9874,4.071249008178711,0.025765663012862206,1,0
9875,3.628403902053833,3.330446998006664e-05,1,0
9876,3.340991973876953,0.262586772441864,1,0
9877,2.899181604385376,0.05298905447125435,1,0
9878,3.7256014347076416,0.023287812247872353,1,0
9879,2.652008533477783,0.0023741647601127625,1,0
9880,3.2748019695281982,0.21104195713996887,1,0
9881,3.5033624172210693,0.011083323508501053,1,0
9882,3.122608184814453,0.09228730946779251,1,0
9883,3.3620383739471436,0.1519390195608139,1,0
9884,3.418626070022583,0.1565476953983307,1,0
9885,3.5182669162750244,0.06138374283909798,1,0
9886,3.0231831073760986,0.01346474327147007,1,0
9887,3.681781768798828,0.11902884393930435,1,0
9888,3.846503496170044,0.05344320461153984,1,0
9889,3.550920009613037,0.0861370712518692,1,0
9890,3.616105079650879,0.10494867712259293,1,0
9891,3.800354242324829,0.013737103901803493,1,0
9892,4.467470645904541,0.041341666132211685,1,0
9893,3.3846473693847656,0.007707198150455952,1,0
9894,3.4937779903411865,0.0027530796360224485,1,0
9895,3.615319013595581,0.15641026198863983,1,0
9896,3.487285614013672,0.037892650812864304,1,0
9897,3.6024863719940186,0.07153686136007309,1,0
9898,3.6491196155548096,0.36590805649757385,1,0
9899,3.645986557006836,0.002987766405567527,1,0
9900,3.2501797676086426,0.004717306233942509,1,0
9901,3.9439640045166016,0.12408224493265152,1,0
9902,3.364581823348999,0.17544445395469666,1,0
9903,2.5977320671081543,0.04396829754114151,1,0
9904,3.4716384410858154,0.021271666511893272,1,0
9905,3.6829710006713867,0.003425797913223505,1,0
9906,3.5140061378479004,0.003009962383657694,1,0
9907,3.92116641998291,0.03236570954322815,1,0
9908,3.4322850704193115,0.07397323101758957,1,0
9909,3.5685324668884277,0.041169174015522,1,0
9910,3.4818968772888184,0.0003979065513703972,1,0
9911,3.9255387783050537,0.006774798035621643,1,0
9912,3.2178783416748047,0.24677026271820068,1,0
9913,3.7485768795013428,0.26334887742996216,1,0
9914,3.5827362537384033,0.023299595341086388,1,0
9915,3.8842244148254395,0.00023337910533882678,1,0
9916,3.4416489601135254,0.3279074728488922,1,0
9917,3.3590633869171143,0.037600159645080566,1,0
9918,3.0953919887542725,0.07486305385828018,1,0
9919,3.4048776626586914,0.0008572969818487763,1,0
9920,3.2427477836608887,0.1275738924741745,1,0
9921,3.368605613708496,0.7395418882369995,1,0
9922,3.8202857971191406,0.008753783069550991,1,0
9923,3.486084461212158,0.009613633155822754,1,0
9924,3.855644702911377,0.03658536821603775,1,0
9925,3.038891077041626,0.04147913679480553,1,0
9926,3.6782050132751465,0.08721102029085159,1,0
9927,3.701972723007202,0.059603601694107056,1,0
9928,3.8203911781311035,0.06506198644638062,1,0
9929,3.187649965286255,0.11005526036024094,1,0
9930,2.8936665058135986,5.196864003664814e-05,1,0
9931,3.4304285049438477,0.004556963685899973,1,0
9932,3.4278793334960938,5.8271085435990244e-05,1,0
9933,3.5704545974731445,0.029144445434212685,1,0
9934,3.592463254928589,0.036294300109148026,1,0
9935,3.6143882274627686,0.04496544227004051,1,0
9936,3.1020545959472656,0.14174862205982208,1,0
9937,3.569462299346924,0.04917275905609131,1,0
9938,3.97312593460083,0.00022810185328125954,1,0
9939,3.860548257827759,0.0024318788200616837,1,0
9940,3.394036293029785,0.1975737065076828,1,0
9941,3.4155590534210205,0.013914120383560658,1,0
9942,3.2704384326934814,0.033362891525030136,1,0
9943,3.5325229167938232,0.0032982230186462402,1,0
9944,3.7282299995422363,0.2646678686141968,1,0
9945,3.749711751937866,7.032985013211146e-05,1,0
9946,3.688995599746704,0.037892650812864304,1,0
9947,4.405460357666016,0.00021858364925719798,1,0
9948,3.583946704864502,0.0011816475307568908,1,0
9949,3.999082088470459,0.025487584993243217,1,0
9950,3.6125450134277344,0.0007058502524159849,1,0
9951,3.0777533054351807,0.00032463009119965136,1,0
9952,3.514756202697754,0.03877692297101021,1,0
9953,3.408782482147217,0.009547512046992779,1,0
9954,3.913846015930176,0.1762700378894806,1,0
9955,3.7339322566986084,0.001299911760725081,1,0
9956,3.5047881603240967,0.03066634014248848,1,0
9957,3.2064719200134277,0.008862468414008617,1,0
9958,3.2738840579986572,0.0007559360237792134,1,0
9959,3.3697164058685303,0.10721172392368317,1,0
9960,3.5462288856506348,0.03668881207704544,1,0
9961,3.556241989135742,1.4238153198675718e-05,1,0
9962,3.675504446029663,0.18865150213241577,1,0
9963,3.468165159225464,0.035177845507860184,1,0
9964,3.8339121341705322,0.04290234297513962,1,0
9965,3.537323474884033,0.00045857959776185453,1,0
9966,3.0169777870178223,0.035134416073560715,1,0
9967,3.712590217590332,0.0015058034332469106,1,0
9968,3.4694337844848633,0.060654282569885254,1,0
9969,3.64159893989563,0.04199172928929329,1,0
9970,3.5843162536621094,0.043895479291677475,1,0
9971,3.5511951446533203,0.05858546122908592,1,0
9972,3.703439474105835,0.028943795710802078,1,0
9973,3.9005019664764404,0.19869057834148407,1,0
9974,4.061374664306641,0.06451176851987839,1,0
9975,3.940380573272705,1.4384184396476485e-05,1,0
9976,3.52113676071167,0.00017556632519699633,1,0
9977,3.470254421234131,0.01844215951859951,1,0
9978,4.016159534454346,0.02569754794239998,1,0
9979,3.7829601764678955,0.11404138803482056,1,0
9980,3.9684178829193115,0.007029748056083918,1,0
9981,3.9575841426849365,0.03189174830913544,1,0
9982,3.090373992919922,0.0031502784695476294,1,0
9983,3.8172812461853027,0.012672713957726955,1,0
9984,3.335996389389038,0.003784953150898218,1,0
9985,4.284984588623047,0.12085368484258652,1,0
9986,4.059704303741455,0.12033088505268097,1,0
9987,3.74920654296875,0.08227831870317459,1,0
9988,3.7106761932373047,0.0006199255585670471,1,0
9989,3.926919937133789,0.0173602644354105,1,0
9990,3.868084192276001,0.1412186473608017,1,0
9991,4.05587911605835,0.09241048246622086,1,0
9992,3.862112283706665,0.0779196247458458,1,0
9993,3.5186667442321777,0.039502423256635666,1,0
9994,3.6911137104034424,0.04280644655227661,1,0
9995,4.121053218841553,0.013719012029469013,1,0
9996,4.619321346282959,0.09576719999313354,1,0
9997,3.7519185543060303,0.006083280313760042,1,0
9998,3.550534725189209,0.10935844480991364,1,0
9999,3.654494285583496,0.6054561138153076,1,0
10000,3.5620148181915283,0.325590580701828,1,0
