activation_ancestry,entropy_alignment,phase_alignment,bifractal_consistency,attractor_density
0.9999967217445374,0.0,1.1786705255508423,602.9256591796875,29.910024642944336
