t,ce,conservation,gate_open,updated
1,3.5172712802886963,0.12359321117401123,1,1
2,3.4543545246124268,0.3721221089363098,1,1
3,3.477905750274658,0.45183491706848145,1,1
4,3.902743101119995,0.0030471384525299072,1,1
5,4.271913051605225,0.00793248787522316,1,1
6,4.1195197105407715,0.02200414054095745,1,1
7,4.193431377410889,0.029114797711372375,1,1
8,3.024920701980591,0.0036624670028686523,1,1
9,3.3290252685546875,0.07171248644590378,1,1
10,3.5972139835357666,0.036389969289302826,1,1
11,3.6906557083129883,0.15056537091732025,1,1
12,3.1191463470458984,0.0486903116106987,1,1
13,3.182433843612671,0.2185196429491043,1,1
14,3.9506053924560547,0.07106786221265793,1,1
15,3.658535957336426,0.0002278104511788115,1,1
16,3.504336357116699,0.14116786420345306,1,1
17,3.9395930767059326,0.1779107302427292,1,1
18,3.878875255584717,0.26446932554244995,1,1
19,3.117027997970581,0.07194527238607407,1,1
20,3.082463502883911,0.0032606429886072874,1,1
21,4.010087966918945,0.01824088767170906,1,1
22,3.682751417160034,0.0028141781222075224,1,1
23,3.390929937362671,0.10736977308988571,1,1
24,3.7740745544433594,0.5891079306602478,1,1
25,3.4110195636749268,0.19918988645076752,1,1
26,3.795758008956909,0.0009258658974431455,1,1
27,4.457847595214844,0.0023704045452177525,1,1
28,3.548370122909546,0.019446248188614845,1,1
29,3.9247496128082275,0.10755958408117294,1,1
30,4.102928638458252,0.02307915687561035,1,1
31,3.9082252979278564,0.0061179534532129765,1,1
32,3.483436107635498,0.049202725291252136,1,1
33,3.434154510498047,0.00011557676043594256,1,1
34,3.278433322906494,0.0759814903140068,1,1
35,3.251338243484497,0.02292693592607975,1,1
36,3.6888785362243652,0.24957790970802307,1,1
37,3.787383794784546,0.00494399992749095,1,1
38,3.553412675857544,0.027293354272842407,1,1
39,3.9464073181152344,0.22983220219612122,1,1
40,4.102281093597412,0.06679650396108627,1,1
41,4.082120418548584,0.3827224671840668,1,1
42,3.789778709411621,0.035781338810920715,1,1
43,3.8437860012054443,0.2919480502605438,1,1
44,4.130762100219727,0.016792787238955498,1,1
45,3.507530927658081,0.6597723960876465,1,1
46,3.7652719020843506,0.6393329501152039,1,1
47,3.18976092338562,0.5438512563705444,1,1
48,3.11891770362854,0.13420000672340393,1,1
49,3.6274213790893555,0.17447565495967865,1,1
50,3.9319827556610107,0.17614850401878357,1,1
51,2.6566102504730225,9.918808791553602e-05,0,0
52,3.143935203552246,0.04038965702056885,1,1
53,3.4500415325164795,0.002950955182313919,0,0
54,3.397660493850708,0.0007068761624395847,1,1
55,3.648851156234741,0.08703441917896271,0,0
56,3.496652126312256,0.04776629060506821,0,0
57,3.4518699645996094,0.3085293173789978,0,0
58,3.6752524375915527,0.05360395461320877,0,0
59,3.011215925216675,0.09248677641153336,0,0
60,2.670830488204956,0.23304489254951477,0,0
61,3.1037139892578125,0.0006634333403781056,0,0
62,2.8415634632110596,0.04091891646385193,1,1
63,2.7678980827331543,0.009828669019043446,0,0
64,3.120055675506592,0.1532735824584961,1,1
65,2.9237120151519775,0.05177867040038109,1,1
66,3.3188681602478027,0.025361403822898865,0,0
67,3.2205753326416016,0.09740475565195084,1,1
68,3.406236410140991,0.03209889307618141,1,1
69,3.217635154724121,0.0361693911254406,1,1
70,3.031085968017578,0.1555108278989792,0,0
71,2.4616808891296387,0.0989711657166481,1,1
72,2.972215175628662,0.006897676270455122,0,0
73,3.160839557647705,0.02535218372941017,0,0
74,3.2808468341827393,0.4244973361492157,0,0
75,3.611926317214966,0.08450775593519211,0,0
76,2.9180495738983154,0.0003408239281270653,0,0
77,3.5576720237731934,0.5446343421936035,1,1
78,3.8754489421844482,0.28912869095802307,1,1
79,3.780425548553467,0.06784816831350327,1,1
80,3.731567144393921,0.07918544858694077,0,0
81,3.486619710922241,0.25375106930732727,0,0
82,3.878767251968384,0.00016998509818222374,1,1
83,3.7865991592407227,0.013502843677997589,0,0
84,3.38021183013916,0.3864809572696686,1,1
85,3.2769367694854736,0.026937393471598625,0,0
86,3.436551332473755,0.05563827231526375,0,0
87,3.4930665493011475,0.39011314511299133,0,0
88,3.334930658340454,0.00440707802772522,0,0
89,2.461686849594116,0.0011078641982749104,0,0
90,2.89851975440979,0.01120149064809084,1,1
91,3.088829278945923,0.06574315577745438,0,0
92,3.3167355060577393,0.15498608350753784,0,0
93,3.4517228603363037,0.0242188461124897,1,1
94,3.6329505443573,0.02136748470366001,1,1
95,3.476335048675537,0.19116640090942383,1,1
96,2.837141990661621,0.004218230023980141,1,1
97,2.626756429672241,0.15593735873699188,1,1
98,3.600985527038574,0.0070378417149186134,0,0
99,3.7084035873413086,0.004528344608843327,1,1
100,3.79941725730896,0.021047061309218407,0,0
101,3.3839175701141357,0.005496025551110506,1,1
102,3.772366762161255,0.07056964188814163,0,0
103,2.849026679992676,0.03530828654766083,1,1
104,3.648271322250366,0.20839910209178925,1,1
105,3.0669636726379395,0.515492856502533,0,0
106,3.074531316757202,0.6452729105949402,0,0
107,3.4090323448181152,0.7090726494789124,0,0
108,3.945950984954834,0.35910990834236145,1,1
109,3.1253700256347656,0.5424287915229797,1,1
110,3.858827590942383,0.0933457463979721,0,0
111,3.4446568489074707,0.4239693284034729,1,1
112,3.6141273975372314,0.09626958519220352,1,1
113,4.153698444366455,0.12747739255428314,0,0
114,3.263792037963867,0.00938975065946579,1,1
115,3.6093602180480957,0.14449408650398254,1,1
116,4.044888973236084,0.0006113056442700326,1,1
117,2.7792153358459473,0.017656512558460236,0,0
118,2.912306785583496,0.7636701464653015,0,0
119,2.916776418685913,0.38127902150154114,0,0
120,3.0510141849517822,0.10274688154459,0,0
121,3.1164257526397705,0.10378888994455338,1,1
122,2.7206594944000244,0.6858139038085938,1,1
123,3.050023078918457,0.5073630213737488,0,0
124,2.986924886703491,0.0792941078543663,0,0
125,2.983442783355713,0.09342832118272781,1,1
126,3.452986717224121,0.3213314712047577,0,0
127,3.3189196586608887,0.022772306576371193,0,0
128,2.9160914421081543,0.20768602192401886,0,0
129,2.329108238220215,0.22635702788829803,1,1
130,2.730599880218506,0.6444823741912842,1,1
131,3.4736359119415283,0.17679715156555176,0,0
132,2.9939990043640137,0.001040190807543695,1,1
133,3.3223466873168945,0.002297674072906375,0,0
134,3.7629165649414062,0.0025816471315920353,0,0
135,3.481718063354492,0.04101267457008362,0,0
136,3.7588067054748535,0.06128814443945885,1,1
137,3.70182466506958,0.007929050363600254,0,0
138,3.8832781314849854,0.017411163076758385,1,1
139,3.645822525024414,0.22342805564403534,0,0
140,3.5054590702056885,0.2691049575805664,0,0
141,3.956716775894165,0.252653568983078,1,1
142,3.6792447566986084,0.3330335319042206,1,1
143,4.058173656463623,0.0523335337638855,0,0
144,3.611584186553955,0.04775785282254219,1,1
145,3.9084856510162354,0.15224765241146088,1,1
146,3.7022414207458496,0.03312359377741814,1,1
147,3.5627379417419434,0.12218587845563889,0,0
148,3.666219711303711,0.6979832649230957,1,1
149,3.7387454509735107,0.08231154084205627,0,0
150,3.6437056064605713,0.10163628309965134,1,1
151,3.789186716079712,0.010903216898441315,0,0
152,3.8486881256103516,0.0033830038737505674,1,1
153,3.619948625564575,0.23797166347503662,1,1
154,3.613837480545044,0.0018575374269858003,0,0
155,4.117483139038086,0.22018292546272278,0,0
156,3.936218023300171,0.2883819341659546,1,1
157,3.6066510677337646,0.08400353789329529,0,0
158,3.5877110958099365,0.15883168578147888,0,0
159,3.714582920074463,0.4450106620788574,0,0
160,3.4697813987731934,0.4890539348125458,1,1
161,3.591315984725952,0.016092417761683464,1,1
162,3.4315013885498047,0.001675874344073236,1,1
163,3.560547351837158,0.0026229999493807554,1,1
164,3.7475123405456543,0.011398454196751118,0,0
165,3.4405906200408936,0.04445122927427292,1,1
166,3.6724555492401123,0.027983222156763077,0,0
167,3.3565821647644043,0.28768789768218994,0,0
168,3.73036527633667,0.04813398793339729,0,0
169,3.7200472354888916,0.10970337688922882,1,1
170,4.175884246826172,0.23063790798187256,0,0
171,3.658465623855591,0.042304765433073044,0,0
172,3.8886542320251465,0.12710553407669067,0,0
173,3.7366886138916016,0.0007601873367093503,0,0
174,3.7539520263671875,0.1557011604309082,1,1
175,3.4205968379974365,0.002727820072323084,1,1
176,3.4725277423858643,0.00023961217084433883,1,1
177,3.5606491565704346,0.17872576415538788,0,0
178,3.290966749191284,0.0012619198532775044,0,0
179,3.576692819595337,0.011238290928304195,1,1
180,3.7067484855651855,0.25378021597862244,1,1
181,3.639270544052124,0.0018608663231134415,0,0
182,3.3569788932800293,0.4992840886116028,1,1
183,3.953854560852051,0.02082364819943905,1,1
184,4.157540798187256,0.014484472572803497,1,1
185,4.566574573516846,0.09971334785223007,1,1
186,4.360009670257568,0.05019235238432884,1,1
187,3.7010703086853027,0.05617678165435791,1,1
188,3.431199312210083,0.001378302345983684,0,0
189,3.56595778465271,0.35693874955177307,1,1
190,3.221498489379883,0.01184999942779541,1,1
191,3.5393779277801514,0.03751039132475853,0,0
192,3.2563204765319824,0.056025922298431396,1,1
193,3.493042230606079,0.26532360911369324,0,0
194,3.359304666519165,0.040817469358444214,1,1
195,3.59281063079834,0.2165302336215973,0,0
196,3.6977641582489014,0.06863471120595932,0,0
197,3.603858470916748,0.0016186907887458801,0,0
198,3.55002498626709,0.11606432497501373,0,0
199,3.6820006370544434,0.5060028433799744,0,0
200,3.54097056388855,0.18640315532684326,0,0
201,4.027869701385498,0.07295311987400055,0,0
202,3.723219633102417,0.07738178968429565,0,0
203,3.8854408264160156,0.11397621780633926,1,1
204,3.4955177307128906,0.07623707503080368,1,1
205,3.4592580795288086,0.08292734622955322,0,0
206,3.8682141304016113,0.08684661239385605,0,0
207,3.4725022315979004,0.023880617693066597,0,0
208,3.18735671043396,0.03940657898783684,0,0
209,3.3423361778259277,0.11525694280862808,0,0
210,3.159571409225464,0.08523310720920563,0,0
211,3.494737148284912,0.35707712173461914,0,0
212,3.308997869491577,0.009259287267923355,0,0
213,3.8418965339660645,0.00038265521288849413,0,0
214,3.742677927017212,0.01764625683426857,0,0
215,3.62842059135437,0.01044657826423645,0,0
216,3.8379344940185547,0.08729083836078644,0,0
217,4.032122611999512,0.10175322741270065,1,1
218,3.0239062309265137,0.07321401685476303,0,0
219,2.979126453399658,0.0002393134927842766,0,0
220,2.038313388824463,0.24468453228473663,1,1
221,2.1363255977630615,1.045052409172058,0,0
222,3.0729305744171143,0.09296872466802597,1,1
223,3.0030391216278076,0.0009495065896771848,0,0
224,2.9872164726257324,0.0004261099675204605,1,1
225,2.945810317993164,0.0263200830668211,1,1
226,2.86910080909729,0.000972241279669106,0,0
227,3.743262767791748,0.006039702333509922,1,1
228,3.330840826034546,0.17161735892295837,0,0
229,3.950885534286499,0.022783957421779633,0,0
230,3.931061267852783,0.0889236107468605,0,0
231,3.1144776344299316,0.1425490826368332,0,0
232,3.8593456745147705,0.045121099799871445,0,0
233,3.9648830890655518,0.038031794130802155,0,0
234,3.77146315574646,0.0038302100729197264,1,1
235,3.6226916313171387,0.023450089618563652,0,0
236,3.350933313369751,0.12355250120162964,0,0
237,3.4984984397888184,0.023684168234467506,1,1
238,3.7365429401397705,0.016417236998677254,1,1
239,3.5257744789123535,0.01512319315224886,1,1
240,3.685603380203247,0.011150479316711426,1,1
241,3.5018696784973145,0.007857031188905239,0,0
242,3.890407085418701,0.09345191717147827,0,0
243,3.9053282737731934,0.05507516860961914,0,0
244,3.597057342529297,2.356329969188664e-05,1,1
245,3.566746950149536,0.04476103186607361,1,1
246,3.69502592086792,0.11434141546487808,1,1
247,3.4635818004608154,0.0022690834011882544,1,1
248,3.530085563659668,0.00955883041024208,0,0
249,3.964554786682129,0.1856040358543396,0,0
250,3.3700063228607178,0.22766287624835968,1,1
251,3.548170328140259,0.017857125028967857,0,0
252,3.6161012649536133,0.013346304185688496,0,0
253,3.6537468433380127,0.03977140784263611,1,1
254,3.6846680641174316,0.037398334592580795,1,1
255,3.213371515274048,0.00016153688193298876,1,1
256,3.646249532699585,0.05482632666826248,0,0
257,4.267200946807861,0.28804001212120056,0,0
258,4.328901767730713,0.5489016771316528,0,0
259,4.27184534072876,0.08802228420972824,0,0
260,3.7108817100524902,0.309656023979187,0,0
261,3.606649398803711,0.155434712767601,0,0
262,3.678919792175293,0.2297026664018631,0,0
263,4.114774703979492,0.40123388171195984,0,0
264,4.000378608703613,0.744612991809845,0,0
265,3.79677677154541,0.23999086022377014,0,0
266,4.169365406036377,0.2616578936576843,0,0
267,3.4540984630584717,0.007678419351577759,0,0
268,3.7609055042266846,0.21313078701496124,0,0
269,3.6643118858337402,0.325546532869339,0,0
270,3.1706552505493164,0.02720414474606514,1,1
271,3.424708127975464,0.3411465883255005,0,0
272,3.4700191020965576,0.011626251973211765,1,1
273,3.544684410095215,0.694568932056427,0,0
274,3.4275739192962646,0.00270669162273407,1,1
275,3.2483808994293213,0.11327356100082397,1,1
276,3.758316993713379,0.0074651287868618965,0,0
277,3.4696340560913086,0.00014785677194595337,0,0
278,3.7567853927612305,0.04447157308459282,1,1
279,3.557710647583008,0.012847132049500942,0,0
280,3.44476056098938,0.2518780529499054,1,1
281,3.1351916790008545,0.08669879287481308,1,1
282,3.169294595718384,0.019982820376753807,0,0
283,3.4711697101593018,0.00894259661436081,0,0
284,3.970156669616699,0.008068873547017574,0,0
285,3.2161707878112793,0.012932593002915382,1,1
286,3.8146822452545166,0.19879381358623505,1,1
287,3.330857276916504,0.002421420067548752,1,1
288,3.2037618160247803,0.03486360237002373,0,0
289,3.286242961883545,0.044524505734443665,0,0
290,3.8710100650787354,0.0015739649534225464,1,1
291,3.4622771739959717,1.0203588008880615,0,0
292,3.3681535720825195,0.4131433665752411,1,1
293,3.7131786346435547,0.38031429052352905,0,0
294,3.773303747177124,0.11783987283706665,1,1
295,3.563441753387451,0.21428178250789642,0,0
296,3.477851390838623,0.6910666823387146,0,0
297,3.355191469192505,0.43199989199638367,1,1
298,3.5560362339019775,0.5633524656295776,0,0
299,3.6609489917755127,0.1309881955385208,0,0
300,3.3329830169677734,0.06875612586736679,0,0
301,3.5434505939483643,0.04212234914302826,0,0
302,3.7186243534088135,0.05162506923079491,1,1
303,3.9756851196289062,0.26499566435813904,0,0
304,3.744631290435791,0.09624563902616501,0,0
305,2.831087589263916,0.44409701228141785,1,1
306,3.120110273361206,0.19389338791370392,0,0
307,3.6249420642852783,0.877492368221283,0,0
308,3.0987749099731445,0.19329892098903656,1,1
309,3.9404866695404053,0.009337455965578556,1,1
310,4.05034875869751,1.1473987797216978e-05,1,1
311,4.031768798828125,0.020174264907836914,1,1
312,3.752127170562744,0.0015655532479286194,1,1
313,3.6442227363586426,0.26418155431747437,1,1
314,4.028669357299805,0.4533671438694,1,1
315,3.9902167320251465,0.019838478416204453,1,1
316,3.3786158561706543,0.004975263029336929,1,1
317,3.8099820613861084,0.24023675918579102,1,1
318,3.6081106662750244,0.10198115557432175,1,1
319,3.447587490081787,0.027019819244742393,0,0
320,3.2954366207122803,0.0689283013343811,1,1
321,4.233203411102295,0.12397348880767822,0,0
322,2.895303249359131,0.00718105211853981,1,1
323,2.7209527492523193,0.09329857677221298,1,1
324,3.274445056915283,0.42357978224754333,0,0
325,3.309159755706787,0.0941849872469902,0,0
326,3.4463937282562256,0.07844851911067963,0,0
327,3.5439255237579346,0.003885354846715927,1,1
328,3.05332350730896,0.06432560831308365,0,0
329,3.1272647380828857,0.09837700426578522,0,0
330,2.1396374702453613,0.0030674152076244354,1,1
331,2.71555757522583,1.5655532479286194e-05,0,0
332,3.245359182357788,0.028238872066140175,0,0
333,3.6609132289886475,0.001045800861902535,0,0
334,3.123241662979126,0.04834170266985893,1,1
335,2.90458083152771,0.2082669734954834,0,0
336,2.896960973739624,0.09129322320222855,1,1
337,3.4926059246063232,0.12225335091352463,0,0
338,3.4277901649475098,0.5052205920219421,0,0
339,3.719592332839966,0.07528083771467209,1,1
340,3.6092066764831543,0.007651382591575384,1,1
341,3.525980234146118,0.04303437098860741,1,1
342,3.7053349018096924,0.2256779968738556,1,1
343,2.9186623096466064,0.48455604910850525,0,0
344,3.227874517440796,0.1290118396282196,1,1
345,3.171306848526001,0.5664713978767395,0,0
346,3.0392215251922607,0.15605169534683228,0,0
347,2.9982845783233643,0.35453277826309204,0,0
348,3.523242950439453,0.4593125879764557,1,1
349,2.762617349624634,0.045482609421014786,0,0
350,2.9143869876861572,0.4180956780910492,0,0
351,3.2357337474823,0.396625816822052,0,0
352,2.8025119304656982,0.11682174354791641,0,0
353,3.563838481903076,0.09078074991703033,1,1
354,3.620365619659424,0.055980242788791656,1,1
355,3.6736013889312744,0.36787211894989014,1,1
356,3.790926933288574,0.0562133863568306,0,0
357,3.7543370723724365,3.2419339390798996e-07,0,0
358,3.260862112045288,0.0962875559926033,0,0
359,3.443962335586548,0.04858815297484398,1,1
360,4.080783843994141,0.07812449336051941,0,0
361,4.032010555267334,5.01755639561452e-05,1,1
362,3.8008062839508057,0.06428156048059464,1,1
363,3.404252767562866,0.03932998701930046,0,0
364,4.121343612670898,0.13531239330768585,1,1
365,3.442308187484741,0.034751977771520615,1,1
366,3.805464267730713,0.0034190230071544647,1,1
367,3.6476869583129883,0.016757789999246597,0,0
368,4.19650411605835,0.005142740905284882,1,1
369,3.5159056186676025,0.017248548567295074,1,1
370,4.085132122039795,0.12591104209423065,0,0
371,4.016825199127197,0.07342829555273056,1,1
372,3.8139195442199707,0.20110681653022766,0,0
373,3.762760877609253,0.17562235891819,1,1
374,3.3073763847351074,0.058109916746616364,1,1
375,3.894822835922241,0.052811481058597565,0,0
376,3.776745319366455,0.2466360628604889,0,0
377,3.5710179805755615,0.13683602213859558,1,1
378,3.651489496231079,0.08773619681596756,0,0
379,4.066499710083008,0.030737360939383507,0,0
380,3.899765729904175,0.013186243362724781,0,0
381,3.453972816467285,0.00780067453160882,1,1
382,3.6111812591552734,0.04595307633280754,0,0
383,3.036931276321411,0.03622814640402794,1,1
384,3.193930149078369,0.18486472964286804,0,0
385,3.458951711654663,0.15496329963207245,1,1
386,3.7274272441864014,0.5640770196914673,1,1
387,3.511753797531128,6.308117735898122e-05,1,1
388,3.721565008163452,0.06969049572944641,1,1
389,3.6943416595458984,0.017028719186782837,1,1
390,3.530477523803711,0.10144561529159546,0,0
391,3.4086461067199707,0.061742912977933884,0,0
392,3.5068297386169434,0.0026567168533802032,1,1
393,3.3516085147857666,0.06009940057992935,1,1
394,3.5300369262695312,0.3622860610485077,0,0
395,3.628077507019043,0.2331753522157669,0,0
396,3.265732765197754,0.011111789382994175,0,0
397,3.7977070808410645,0.2447131723165512,0,0
398,3.5504868030548096,0.012486543506383896,1,1
399,3.946707010269165,0.2619936764240265,0,0
400,3.412447452545166,0.3919597566127777,1,1
401,3.4658751487731934,0.23380957543849945,1,1
402,3.855846881866455,0.0064670005813241005,1,1
403,3.4661200046539307,0.2415345460176468,0,0
404,3.6560425758361816,0.05114816501736641,0,0
405,3.46327543258667,0.010094504803419113,0,0
406,3.335745334625244,0.11262489855289459,0,0
407,2.9610788822174072,0.03704829514026642,0,0
408,3.4681556224823,0.18880243599414825,1,1
409,3.5617129802703857,0.08363473415374756,1,1
410,3.1674551963806152,0.0023087896406650543,0,0
411,3.2446506023406982,0.0028956474270671606,1,1
412,3.545863389968872,0.08401472866535187,1,1
413,3.3264403343200684,0.02197551727294922,0,0
414,3.392648935317993,1.3948325431556441e-05,0,0
415,3.3121535778045654,0.021271666511893272,1,1
416,3.2504091262817383,0.015722407028079033,1,1
417,3.269455671310425,0.49490228295326233,1,1
418,3.4121620655059814,0.22159802913665771,0,0
419,3.3776357173919678,0.020168783143162727,0,0
420,4.207088947296143,0.04554849490523338,1,1
421,3.552013397216797,0.027433836832642555,1,1
422,3.6512343883514404,0.09674926847219467,1,1
423,3.6883344650268555,0.08783913403749466,0,0
424,3.832120656967163,0.00338412681594491,0,0
425,3.5724446773529053,0.22519230842590332,0,0
426,3.395951747894287,0.011789146810770035,1,1
427,3.657655715942383,0.0667266845703125,0,0
428,3.7426342964172363,0.06073511764407158,1,1
429,3.4827842712402344,0.051884133368730545,0,0
430,3.744187831878662,0.0547630749642849,0,0
431,3.562350273132324,0.043899521231651306,1,1
432,3.6352756023406982,0.015347132459282875,1,1
433,3.247572422027588,0.01146035734564066,0,0
434,2.964754104614258,0.0008990475325845182,1,1
435,3.1421284675598145,0.0006027460331097245,0,0
436,3.4885337352752686,0.019895607605576515,0,0
437,3.638502836227417,0.25311946868896484,1,1
438,2.552879810333252,0.2681746184825897,1,1
439,2.408379316329956,0.09292164444923401,1,1
440,2.737851619720459,0.0008231708197854459,0,0
441,2.8434858322143555,0.005958974361419678,0,0
442,2.5288360118865967,0.09891045838594437,1,1
443,2.949021577835083,0.04463453218340874,0,0
444,2.630551338195801,0.024771643802523613,1,1
445,2.366314649581909,0.0009164930670522153,0,0
446,2.859950065612793,0.005580771714448929,1,1
447,2.3981211185455322,0.08509229868650436,0,0
448,2.8241171836853027,0.04495725408196449,1,1
449,2.8574090003967285,0.0007400998147204518,1,1
450,2.6411569118499756,0.11546017229557037,1,1
451,3.091850996017456,0.38987207412719727,0,0
452,3.2626779079437256,0.04298633337020874,1,1
453,2.962179660797119,0.025456780567765236,0,0
454,2.9051780700683594,0.005002528429031372,0,0
455,2.959146499633789,0.089471235871315,0,0
456,2.6301136016845703,0.012039849534630775,1,1
457,2.766676902770996,0.00014204764738678932,1,1
458,2.579665422439575,0.16979916393756866,0,0
459,3.0663809776306152,0.0030920510180294514,1,1
460,3.058661460876465,0.07506915181875229,0,0
461,2.803178071975708,0.3130052983760834,0,0
462,2.070161819458008,0.35772329568862915,1,1
463,2.692544937133789,0.05327378585934639,1,1
464,3.0592262744903564,0.09483768790960312,0,0
465,2.8569211959838867,0.0357375405728817,0,0
466,3.5258617401123047,0.005298932082951069,0,0
467,2.9022746086120605,0.012862450443208218,1,1
468,3.3522651195526123,0.01384363230317831,1,1
469,3.3752553462982178,0.007410198450088501,0,0
470,3.139078140258789,0.06546137481927872,1,1
471,2.9839375019073486,0.24364498257637024,1,1
472,2.827148914337158,0.11595256626605988,0,0
473,2.387885332107544,0.03360305353999138,0,0
474,2.7546770572662354,0.20129728317260742,1,1
475,3.421229362487793,0.2021641731262207,0,0
476,3.359370470046997,0.5619046688079834,0,0
477,3.022831678390503,0.8822720646858215,1,1
478,3.3153302669525146,0.49522820115089417,0,0
479,3.5860486030578613,0.7507546544075012,0,0
480,3.147459030151367,0.7230039834976196,0,0
481,2.8875732421875,0.7903119921684265,0,0
482,3.40508770942688,0.7215113043785095,0,0
483,2.881856679916382,0.3839891850948334,0,0
484,3.4527065753936768,0.26494595408439636,1,1
485,3.6342830657958984,0.31392380595207214,1,1
486,3.741147756576538,0.4414640963077545,1,1
487,3.4344382286071777,0.029180703684687614,0,0
488,3.378666877746582,0.2591659724712372,1,1
489,3.1908531188964844,0.2490382194519043,0,0
490,3.2500462532043457,0.0569755919277668,1,1
491,3.4196672439575195,0.5610080361366272,1,1
492,3.3007616996765137,0.052607644349336624,1,1
493,3.7196528911590576,0.015304123051464558,1,1
494,3.3987317085266113,0.14129118621349335,1,1
495,3.516757011413574,0.717892587184906,1,1
496,3.2312698364257812,1.0340322256088257,1,1
497,3.683468818664551,0.2594313323497772,1,1
498,3.9917259216308594,0.0815160796046257,1,1
499,3.203303337097168,0.1795426607131958,0,0
500,3.267951488494873,0.5578321218490601,1,1
501,3.6128668785095215,0.3821256756782532,1,1
502,3.184457540512085,0.024710923433303833,1,1
503,3.863422393798828,0.4355592429637909,1,1
504,4.061591148376465,0.000832611694931984,0,0
505,3.916416883468628,0.03882254287600517,1,1
506,3.8170125484466553,0.13229773938655853,0,0
507,3.332120895385742,0.19255289435386658,1,1
508,3.6679468154907227,1.236283779144287,1,1
509,3.675600290298462,0.27177485823631287,0,0
510,4.044191360473633,0.6348807215690613,1,1
511,3.4645023345947266,0.5416330099105835,1,1
512,4.0091023445129395,0.0739784762263298,1,1
513,4.164196491241455,1.1672290563583374,0,0
514,3.9517722129821777,9.784707799553871e-05,1,1
515,3.8172647953033447,0.43144187331199646,1,1
516,3.9893832206726074,0.08081772923469543,1,1
517,3.50797963142395,0.16904443502426147,0,0
518,4.025507926940918,0.010589097626507282,1,1
519,3.6061549186706543,0.028541315346956253,0,0
520,4.130270004272461,0.039648331701755524,1,1
521,3.020855188369751,0.024086862802505493,0,0
522,2.923130512237549,0.4007449746131897,0,0
523,3.1758923530578613,0.06202620267868042,0,0
524,4.079484939575195,0.023648535832762718,1,1
525,3.3334803581237793,0.12464038282632828,0,0
526,2.6393914222717285,0.00860633049160242,1,1
527,2.7844650745391846,0.06380289047956467,0,0
528,2.078017234802246,0.06856899708509445,1,1
529,2.349015235900879,0.8106018304824829,0,0
530,2.8672971725463867,0.010887100361287594,1,1
531,3.240171432495117,0.09766998142004013,1,1
532,2.9947669506073,0.46387600898742676,0,0
533,2.628990650177002,0.0676974281668663,1,1
534,2.959033250808716,0.1874462515115738,1,1
535,3.293440580368042,0.0585060678422451,0,0
536,3.4737753868103027,0.4048117697238922,1,1
537,3.327584981918335,0.02308795414865017,1,1
538,3.4778428077697754,0.047656673938035965,1,1
539,3.086077928543091,0.0033248797990381718,0,0
540,3.502474308013916,0.012280353344976902,0,0
541,3.036438226699829,0.04891202971339226,1,1
542,3.453132390975952,0.1706831306219101,1,1
543,3.2153425216674805,0.07263026386499405,0,0
544,2.8285627365112305,0.016770286485552788,1,1
545,2.844529151916504,0.7333471775054932,1,1
546,3.4241409301757812,0.03655583783984184,0,0
547,3.663752317428589,0.007319098804146051,1,1
548,3.724483013153076,0.09118827432394028,0,0
549,3.327122688293457,0.00010563293471932411,0,0
550,3.247554302215576,0.00569380447268486,1,1
551,3.2186360359191895,0.008410495705902576,0,0
552,3.6354820728302,0.06856393814086914,1,1
553,3.7257819175720215,0.051139432936906815,1,1
554,3.2737581729888916,0.0018467389745637774,0,0
555,3.4769885540008545,0.01194684486836195,1,1
556,3.5639166831970215,0.06778784841299057,1,1
557,3.587235689163208,0.008513472974300385,0,0
558,3.249100685119629,0.1580633968114853,0,0
559,3.045018196105957,0.00029408643604256213,1,1
560,3.361015796661377,0.0013625831343233585,0,0
561,3.4702517986297607,0.008119230158627033,0,0
562,3.413405179977417,0.22469797730445862,0,0
563,3.703572988510132,0.03335936740040779,0,0
564,3.5920891761779785,0.13931749761104584,0,0
565,3.318749189376831,0.07101642340421677,0,0
566,3.896601915359497,0.05288247391581535,1,1
567,3.5158145427703857,0.29134348034858704,0,0
568,3.8164846897125244,0.04285437986254692,0,0
569,3.4868662357330322,0.050790853798389435,1,1
570,3.742363214492798,0.0007714037201367319,0,0
571,3.447652578353882,0.004832000471651554,1,1
572,3.6248371601104736,0.008739341981709003,1,1
573,3.69669246673584,0.0037175719626247883,1,1
574,3.6567938327789307,0.44624757766723633,1,1
575,3.4657678604125977,0.000278413383057341,0,0
576,3.842642307281494,1.329595923423767,1,1
577,3.5263500213623047,0.6525804400444031,1,1
578,3.6602563858032227,0.9834985136985779,0,0
579,3.233930826187134,0.1718573123216629,0,0
580,3.503934383392334,0.5578897595405579,1,1
581,3.326753854751587,0.07910943031311035,0,0
582,3.5024454593658447,0.1030440554022789,0,0
583,3.657625913619995,0.4756094515323639,1,1
584,3.7417685985565186,0.37950530648231506,1,1
585,3.2431423664093018,0.03996795415878296,0,0
586,2.632000684738159,0.04726142808794975,1,1
587,2.8911261558532715,0.2570870816707611,0,0
588,3.1565613746643066,0.42038264870643616,1,1
589,3.012397527694702,0.23817884922027588,0,0
590,3.010366201400757,0.26442959904670715,1,1
591,2.6584808826446533,0.0015163072384893894,1,1
592,3.020235300064087,6.216475594555959e-05,0,0
593,3.1816999912261963,0.17542828619480133,0,0
594,3.2251136302948,0.017294207587838173,0,0
595,2.9841253757476807,0.00463941739872098,0,0
596,3.076021432876587,0.4556182026863098,0,0
597,3.3909878730773926,0.19327346980571747,1,1
598,3.624274253845215,0.2275799810886383,0,0
599,3.7366323471069336,0.026722414419054985,0,0
600,3.6984121799468994,0.13589520752429962,1,1
601,3.8106331825256348,0.23976397514343262,0,0
602,3.9500577449798584,1.0357798337936401,1,1
603,2.685208559036255,0.027764100581407547,0,0
604,2.8742640018463135,0.02883226051926613,0,0
605,3.3956592082977295,3.2373695373535156,0,0
606,3.9609367847442627,0.17264233529567719,0,0
607,2.920740842819214,0.26342812180519104,0,0
608,3.234400510787964,0.270980566740036,1,1
609,3.895207405090332,0.6743379831314087,0,0
610,3.7123734951019287,0.23786811530590057,1,1
611,3.5658164024353027,0.09250438213348389,0,0
612,3.636920213699341,0.3847789764404297,1,1
613,3.4382190704345703,0.011489302851259708,0,0
614,3.3390486240386963,0.0025503605138510466,1,1
615,3.5212981700897217,0.0031883083283901215,1,1
616,3.754650354385376,0.03930319473147392,0,0
617,3.516806125640869,0.00019178027287125587,1,1
618,3.447559118270874,0.35077330470085144,0,0
619,2.967432737350464,0.02256597951054573,1,1
620,3.5342464447021484,0.01043474581092596,1,1
621,2.724348306655884,0.02389254979789257,0,0
622,3.2462542057037354,0.021282928064465523,1,1
623,3.5418577194213867,0.3544178605079651,1,1
624,4.218593120574951,0.15861637890338898,1,1
625,3.2875804901123047,0.3610672652721405,0,0
626,3.33609676361084,0.004984797444194555,1,1
627,2.7825307846069336,0.009170354343950748,1,1
628,2.8726537227630615,0.03297622129321098,1,1
629,3.283520221710205,0.8071820139884949,0,0
630,2.6392722129821777,0.005955995060503483,1,1
631,3.0508334636688232,0.6692914366722107,0,0
632,3.1852853298187256,0.48956695199012756,1,1
633,2.7607007026672363,0.299578994512558,0,0
634,3.0801661014556885,0.6052458882331848,0,0
635,2.976252794265747,0.7700929641723633,1,1
636,3.0641486644744873,0.229554682970047,1,1
637,2.921140432357788,0.5143710374832153,0,0
638,2.856959104537964,0.3072013556957245,1,1
639,3.0586516857147217,0.1346033364534378,0,0
640,3.446213722229004,1.9450579202384688e-05,1,1
641,3.244123697280884,0.009733227081596851,0,0
642,3.411864995956421,0.0033204294741153717,1,1
643,3.536668062210083,0.027140513062477112,0,0
644,4.2887773513793945,0.02001284621655941,0,0
645,3.285130262374878,0.040969688445329666,0,0
646,3.844261407852173,0.165971577167511,1,1
647,3.7963905334472656,0.0010352168465033174,0,0
648,3.592027187347412,0.10282113403081894,1,1
649,3.5476160049438477,0.0926453247666359,0,0
650,3.6920406818389893,0.013208416290581226,1,1
651,3.299839973449707,0.3568580150604248,0,0
652,3.7473573684692383,0.01304036844521761,0,0
653,3.6636860370635986,0.11405441910028458,1,1
654,3.8005220890045166,0.030635928735136986,1,1
655,4.00205659866333,0.0018800654215738177,0,0
656,3.760986089706421,0.12023047357797623,1,1
657,3.3327906131744385,0.6870612502098083,0,0
658,3.58467173576355,0.470710426568985,0,0
659,3.5001399517059326,0.0025973618030548096,0,0
660,3.175781011581421,0.06548112630844116,0,0
661,3.797494411468506,0.28593069314956665,1,1
662,3.209113597869873,0.38194671273231506,0,0
663,3.1960854530334473,0.8231092691421509,0,0
664,3.809584140777588,0.9069898724555969,1,1
665,3.5633702278137207,0.010024814866483212,1,1
666,3.6267545223236084,0.003868530038744211,0,0
667,3.4206297397613525,0.034845586866140366,1,1
668,3.184307098388672,0.00879717618227005,0,0
669,3.2513811588287354,0.009817191399633884,0,0
670,3.0326430797576904,0.0534476637840271,0,0
671,3.3838093280792236,0.1798781305551529,0,0
672,3.2497153282165527,0.3364170491695404,0,0
673,2.9506115913391113,0.5587983727455139,0,0
674,2.773827075958252,0.24124057590961456,0,0
675,2.9513492584228516,0.6039852499961853,0,0
676,2.9950125217437744,0.0429583303630352,0,0
677,3.134758234024048,0.5761435627937317,0,0
678,3.4028210639953613,0.11252128332853317,0,0
679,3.2642767429351807,0.05448789522051811,1,1
680,3.6507484912872314,0.062440283596515656,1,1
681,3.913088321685791,0.6606976985931396,0,0
682,3.1123945713043213,1.5534203052520752,0,0
683,4.1909027099609375,0.3515625,0,0
684,3.4205446243286133,0.18383711576461792,0,0
685,3.717506170272827,0.7577109932899475,0,0
686,3.9555625915527344,0.03252911567687988,1,1
687,3.806094169616699,0.000793539104051888,1,1
688,3.853801965713501,0.1154470443725586,0,0
689,4.011764049530029,0.045474376529455185,0,0
690,3.8562521934509277,0.0014597253175452352,1,1
691,3.458362340927124,0.11107569932937622,0,0
692,3.8207294940948486,0.04348800703883171,0,0
693,3.3692426681518555,0.06004263833165169,0,0
694,4.190093517303467,0.01597754657268524,0,0
695,4.043196201324463,0.1467922180891037,0,0
696,4.289529323577881,0.002948858542367816,0,0
697,3.6761627197265625,0.001208335510455072,1,1
698,4.18048620223999,0.5331718921661377,0,0
699,3.3686840534210205,0.43151792883872986,1,1
700,3.431995153427124,0.023435315117239952,1,1
701,3.1987555027008057,0.2501085102558136,0,0
702,3.02140212059021,0.06995570659637451,0,0
703,3.3952431678771973,0.11126875877380371,1,1
704,3.808675527572632,0.008325747214257717,1,1
705,3.5357277393341064,0.00035340935573913157,1,1
706,3.777738094329834,0.0015480377478525043,1,1
707,3.6134464740753174,0.05626831203699112,1,1
708,3.462153196334839,0.15049047768115997,1,1
709,3.334296941757202,0.015313674695789814,1,1
710,3.5359373092651367,0.02160797081887722,1,1
711,3.9585649967193604,0.0074617937207221985,0,0
712,4.314587116241455,0.5333128571510315,1,1
713,4.343726634979248,0.02515588141977787,1,1
714,4.190109729766846,0.09727829694747925,0,0
715,3.7298197746276855,0.010246329009532928,0,0
716,3.224398612976074,0.01699850894510746,1,1
717,3.548089027404785,0.005478868260979652,0,0
718,3.262824535369873,0.04892056807875633,1,1
719,3.467633008956909,0.2762100398540497,0,0
720,3.79024076461792,0.005403411574661732,0,0
721,3.4461681842803955,0.05573847517371178,1,1
722,3.555166482925415,0.02750101126730442,1,1
723,3.130044460296631,0.010722586885094643,0,0
724,2.7430474758148193,0.35867053270339966,1,1
725,3.5776236057281494,0.04128674417734146,0,0
726,3.2698628902435303,0.05162068083882332,1,1
727,3.2842395305633545,0.23146362602710724,1,1
728,3.3039302825927734,0.002519264817237854,1,1
729,3.4494316577911377,0.02264433167874813,1,1
730,3.3652639389038086,0.001824412145651877,0,0
731,3.3826730251312256,0.10775591433048248,1,1
732,3.185947895050049,0.26377496123313904,0,0
733,3.459181547164917,0.00018280009680893272,1,1
734,2.594444990158081,0.31713297963142395,1,1
735,2.2721102237701416,0.029820505529642105,1,1
736,3.027090072631836,0.22085364162921906,1,1
737,3.004473924636841,0.14630456268787384,0,0
738,3.119611978530884,0.13616572320461273,1,1
739,2.578697919845581,0.19616922736167908,0,0
740,2.25624418258667,0.013406574726104736,0,0
741,2.9755337238311768,0.0908854529261589,0,0
742,3.9353344440460205,0.022395240142941475,1,1
743,3.7541394233703613,0.00010092565935337916,1,1
744,3.6849451065063477,0.048916295170784,1,1
745,4.32282829284668,0.010211192071437836,1,1
746,4.006961345672607,0.07623707503080368,0,0
747,2.8756825923919678,0.005503182299435139,0,0
748,2.9795029163360596,0.010102263651788235,0,0
749,3.524318218231201,0.09135154634714127,1,1
750,2.887540578842163,0.00021886909962631762,0,0
751,3.292546033859253,0.1451992690563202,0,0
752,2.9692819118499756,0.041742924600839615,1,1
753,3.276958465576172,0.14873607456684113,1,1
754,3.27490234375,0.1609695553779602,0,0
755,2.9079859256744385,0.04085257276892662,1,1
756,2.5371057987213135,0.1769026666879654,1,1
757,2.7875919342041016,0.0029614493250846863,0,0
758,2.8622379302978516,0.1669953614473343,0,0
759,2.9277422428131104,0.0011117220856249332,1,1
760,2.9330856800079346,0.11251480877399445,0,0
761,2.9268598556518555,0.06380776315927505,0,0
762,3.3336095809936523,0.3019182085990906,0,0
763,3.118678569793701,0.40162521600723267,0,0
764,3.7999157905578613,0.0012881086440756917,0,0
765,3.5130057334899902,0.04226110875606537,0,0
766,3.5553605556488037,0.034611791372299194,1,1
767,3.4927921295166016,0.0006624394445680082,0,0
768,2.7175097465515137,0.39673522114753723,0,0
769,3.16758131980896,0.00046688326983712614,0,0
770,3.777780055999756,0.006332668941468,0,0
771,3.225402593612671,0.19163082540035248,1,1
772,3.6986804008483887,0.2518199384212494,0,0
773,3.6425182819366455,0.0502096489071846,0,0
774,3.6265547275543213,0.013301745057106018,1,1
775,3.6734862327575684,0.039859987795352936,1,1
776,3.801145553588867,0.09543301165103912,0,0
777,4.229621887207031,0.03017820417881012,1,1
778,3.9383978843688965,0.40067169070243835,1,1
779,3.3596811294555664,0.3332452178001404,0,0
780,2.949636220932007,0.4374209940433502,0,0
781,3.4908297061920166,0.452639639377594,0,0
782,3.3049628734588623,0.14005330204963684,0,0
783,3.8782992362976074,0.006620004773139954,0,0
784,3.742084503173828,0.4567001760005951,1,1
785,3.8288590908050537,0.006844879128038883,0,0
786,3.544572591781616,0.19491459429264069,1,1
787,3.76126766204834,0.15850108861923218,0,0
788,3.0466504096984863,0.27323582768440247,1,1
789,3.16294527053833,0.4578618109226227,1,1
790,3.3852474689483643,0.046943072229623795,1,1
791,3.395686149597168,0.021548433229327202,0,0
792,3.3132376670837402,0.03700372576713562,1,1
793,3.7772610187530518,0.03381567448377609,1,1
794,3.5497493743896484,0.1431107521057129,0,0
795,3.8870439529418945,0.0832890197634697,1,1
796,3.6016273498535156,0.03787011280655861,0,0
797,3.054675579071045,0.011419069953262806,1,1
798,3.436720848083496,0.24571672081947327,1,1
799,3.3388681411743164,0.007742822170257568,0,0
800,3.162445306777954,0.2988399267196655,1,1
801,3.8082120418548584,0.0882858857512474,0,0
802,3.868346691131592,0.020094841718673706,1,1
803,3.521557331085205,0.053738098591566086,0,0
804,3.5617592334747314,0.00270669162273407,1,1
805,3.5085206031799316,0.008818913251161575,0,0
806,3.431272029876709,0.01915932260453701,1,1
807,3.8125407695770264,0.07992037385702133,0,0
808,3.6077542304992676,0.00844948273152113,1,1
809,3.5239031314849854,0.16414451599121094,1,1
810,3.3330564498901367,0.01874482072889805,1,1
811,3.108064889907837,0.26008057594299316,1,1
812,3.5348596572875977,0.13494345545768738,1,1
813,3.4951131343841553,0.07065170258283615,0,0
814,3.4992458820343018,0.3546477258205414,1,1
815,3.3653013706207275,0.4165371060371399,1,1
816,3.108360528945923,0.012406870722770691,1,1
817,2.8513216972351074,0.5738896727561951,0,0
818,3.477483034133911,0.053738098591566086,1,1
819,3.517138719558716,0.3042026460170746,1,1
820,3.7860302925109863,0.024884168058633804,1,1
821,4.035210609436035,0.0739469826221466,0,0
822,3.280144214630127,0.018518252298235893,1,1
823,3.1444077491760254,0.001794036477804184,0,0
824,3.3488881587982178,0.02679818868637085,0,0
825,3.472587823867798,0.17402447760105133,0,0
826,3.521857738494873,0.015536608174443245,1,1
827,3.5757534503936768,0.05086047202348709,0,0
828,3.120887279510498,0.07488945871591568,0,0
829,3.4387705326080322,0.11017054319381714,1,1
830,3.9496428966522217,0.09940274804830551,1,1
831,3.526665449142456,0.060954123735427856,0,0
832,3.54410457611084,0.03543533757328987,0,0
833,3.10771107673645,4.1185412555933e-05,0,0
834,3.236529588699341,0.009828669019043446,0,0
835,3.3954005241394043,0.14453810453414917,0,0
836,3.3085520267486572,0.002139513147994876,1,1
837,3.428990602493286,0.016320928931236267,0,0
838,3.4164602756500244,0.06398828327655792,1,1
839,3.6442227363586426,0.19300203025341034,0,0
840,3.529855251312256,0.009161114692687988,0,0
841,3.960422992706299,0.03245257958769798,1,1
842,3.232137441635132,0.013868624344468117,1,1
843,3.8242270946502686,0.13990887999534607,0,0
844,3.8378591537475586,0.048809632658958435,0,0
845,3.4126477241516113,0.10644838958978653,0,0
846,3.845393180847168,0.0013257869286462665,1,1
847,3.7597506046295166,0.009643936529755592,1,1
848,3.721755266189575,0.005521811544895172,1,1
849,3.8424699306488037,0.19119171798229218,1,1
850,4.052513599395752,0.16555510461330414,1,1
851,4.241418361663818,0.003462043358013034,1,1
852,3.6978707313537598,0.009363585151731968,1,1
853,4.257522106170654,1.8608663594932295e-05,1,1
854,3.7862977981567383,0.003897394984960556,1,1
855,3.955247640609741,0.3327885568141937,0,0
856,3.8453269004821777,0.016136521473526955,1,1
857,3.5539562702178955,0.0282778050750494,1,1
858,3.410543918609619,0.028453344479203224,1,1
859,4.0039262771606445,0.022009866312146187,0,0
860,4.240281105041504,0.025303035974502563,1,1
861,3.306687593460083,0.22598986327648163,1,1
862,3.3620519638061523,0.3137832581996918,0,0
863,3.454385280609131,0.001006235252134502,1,1
864,3.3570306301116943,0.2981439530849457,1,1
865,2.7466037273406982,0.0232407096773386,1,1
866,2.984204053878784,0.1428844928741455,0,0
867,3.8164377212524414,0.05524289235472679,0,0
868,3.208411455154419,0.00038644010783173144,1,1
869,2.9546847343444824,0.045961350202560425,1,1
870,3.5166947841644287,0.0005691111437045038,0,0
871,3.39567494392395,0.20536163449287415,0,0
872,3.3801491260528564,0.24925017356872559,1,1
873,3.6489920616149902,0.025128338485956192,0,0
874,3.5425853729248047,0.3403353989124298,0,0
875,2.8402962684631348,0.15170589089393616,0,0
876,3.586977005004883,0.3421168029308319,1,1
877,3.232832431793213,0.5922378897666931,0,0
878,3.2645294666290283,0.22413109242916107,0,0
879,2.87270450592041,0.5359660387039185,0,0
880,3.0663726329803467,0.8373011946678162,0,0
881,2.657357692718506,0.18940673768520355,0,0
882,2.8087692260742188,0.21143226325511932,0,0
883,3.112438440322876,0.7872264385223389,0,0
884,3.2931177616119385,0.7817901372909546,0,0
885,3.7458903789520264,0.349733829498291,1,1
886,3.847717523574829,0.15165327489376068,0,0
887,4.028814792633057,0.24942365288734436,0,0
888,2.995072603225708,0.028193483129143715,0,0
889,3.5416085720062256,1.0300127267837524,1,1
890,3.57736873626709,0.10679501295089722,0,0
891,4.301374435424805,0.024856774136424065,0,0
892,3.826296806335449,0.03555169701576233,1,1
893,3.3848698139190674,0.12752562761306763,1,1
894,3.9590485095977783,0.0036438019014894962,1,1
895,4.328348159790039,0.28440526127815247,0,0
896,2.5245471000671387,0.004967098124325275,1,1
897,3.245483636856079,0.1312817484140396,0,0
898,3.3282430171966553,0.2001558393239975,0,0
899,2.9456403255462646,0.06360315531492233,0,0
900,3.2694344520568848,0.036530014127492905,0,0
901,3.274111747741699,0.0037093386054039,0,0
902,3.057356357574463,0.004741197917610407,1,1
903,2.875422239303589,0.1913267821073532,0,0
904,3.0243353843688965,0.008329269476234913,0,0
905,2.942462205886841,0.14177767932415009,1,1
906,3.012830972671509,0.1931886225938797,0,0
907,2.51501202583313,0.19363002479076385,0,0
908,2.8003296852111816,0.09795369952917099,1,1
909,2.6447079181671143,1.4903727769851685,0,0
910,2.6238479614257812,0.00292167067527771,0,0
911,2.5462634563446045,0.03226509317755699,1,1
912,2.683824300765991,0.20433954894542694,0,0
913,3.0108232498168945,0.10248719900846481,0,0
914,3.08431339263916,0.19872498512268066,1,1
915,2.956864356994629,0.1910061091184616,0,0
916,3.090019941329956,0.0021012965589761734,0,0
917,2.9840826988220215,0.0694054588675499,1,1
918,2.970302104949951,0.04110262542963028,0,0
919,3.276296854019165,0.012348893098533154,1,1
920,3.301043748855591,0.03146577253937721,1,1
921,3.2998430728912354,0.0004511699953582138,1,1
922,3.3003439903259277,0.014661552384495735,1,1
923,3.306724786758423,0.005090278573334217,1,1
924,3.3178491592407227,0.1894235461950302,1,1
925,3.2650134563446045,0.0016047433018684387,1,1
926,3.1653921604156494,0.03229283168911934,1,1
927,3.427872896194458,0.0991291031241417,0,0
928,2.895367383956909,0.02937886118888855,1,1
929,2.943565607070923,0.09657525271177292,0,0
930,3.4969594478607178,0.21271219849586487,1,1
931,3.1079537868499756,0.10414985567331314,0,0
932,2.830793619155884,0.7925097942352295,0,0
933,3.106700897216797,0.997405469417572,0,0
934,2.986668348312378,1.7385958433151245,1,1
935,3.0205588340759277,0.03096110187470913,0,0
936,2.854755163192749,0.06439416110515594,0,0
937,3.107508420944214,0.08112529665231705,0,0
938,2.8267245292663574,0.3456481099128723,0,0
939,3.4007680416107178,0.22675207257270813,1,1
940,3.2077436447143555,0.6853664517402649,0,0
941,2.9731156826019287,0.4695987403392792,0,0
942,2.8002185821533203,0.09750115871429443,0,0
943,2.660568952560425,0.3219444453716278,0,0
944,3.014355421066284,1.0718190670013428,1,1
945,3.2945778369903564,1.091692566871643,1,1
946,3.1101014614105225,1.5674766302108765,1,1
947,3.0195720195770264,0.020940791815519333,0,0
948,2.886498212814331,0.18276287615299225,0,0
949,3.075763702392578,0.04478554055094719,1,1
950,2.5035462379455566,0.5344269275665283,1,1
951,2.372915744781494,0.20959030091762543,0,0
952,2.714952230453491,0.07173316925764084,1,1
953,2.9876675605773926,0.5155066847801208,0,0
954,4.017909049987793,0.25755706429481506,1,1
955,3.9511730670928955,0.3151903748512268,1,1
956,3.923821210861206,0.19615213572978973,0,0
957,2.9627439975738525,0.2762303352355957,0,0
958,3.3786022663116455,0.20167849957942963,1,1
959,3.879063129425049,0.07630103826522827,0,0
960,3.6485326290130615,0.026978587731719017,1,1
961,3.5624234676361084,0.003103867871686816,1,1
962,3.6268310546875,0.08476605266332626,0,0
963,3.8661952018737793,0.038443177938461304,1,1
964,3.979586124420166,0.045235972851514816,1,1
965,3.6228933334350586,0.07307307422161102,1,1
966,3.6208322048187256,0.0014916065847501159,0,0
967,3.7184228897094727,8.159279968822375e-05,0,0
968,3.758633852005005,0.028038138523697853,1,1
969,3.83566951751709,0.03412159904837608,1,1
970,3.663268566131592,0.00039253468276001513,1,1
971,3.991668462753296,0.055342741310596466,1,1
972,3.7823147773742676,0.33086511492729187,0,0
973,4.030281066894531,0.38114795088768005,0,0
974,4.326122760772705,7.443465437972918e-05,1,1
975,3.7625911235809326,0.10387595742940903,1,1
976,2.7278237342834473,0.00023633698583580554,1,1
977,3.3897945880889893,0.16148881614208221,0,0
978,3.834670066833496,0.12478351593017578,1,1
979,3.4318974018096924,0.009845897555351257,1,1
980,1.9689300060272217,0.06889790296554565,0,0
981,3.2875726222991943,0.11617614328861237,1,1
982,3.2573769092559814,0.23800933361053467,1,1
983,3.3698413372039795,0.026051480323076248,0,0
984,3.5353312492370605,0.004341973457485437,0,0
985,3.814052104949951,0.018792416900396347,0,0
986,3.6873233318328857,0.02279561385512352,0,0
987,3.433851957321167,0.07080055773258209,0,0
988,3.5065090656280518,0.00251345569267869,0,0
989,3.7481353282928467,0.00027137334109283984,1,1
990,3.9307892322540283,0.12305774539709091,0,0
991,4.07645320892334,0.016479119658470154,1,1
992,4.046257495880127,0.000394065777072683,0,0
993,3.496405839920044,0.007548742927610874,0,0
994,3.9105381965637207,0.13304997980594635,0,0
995,3.0712976455688477,0.002382636535912752,0,0
996,3.931190252304077,0.004680261015892029,0,0
997,4.07605504989624,0.018565557897090912,0,0
998,4.206933498382568,0.13202409446239471,1,1
999,3.36737060546875,0.06219937279820442,0,0
1000,2.822274923324585,0.046446751803159714,0,0
1001,3.5761091709136963,0.015970228239893913,1,1
1002,3.4367895126342773,0.0014252722030505538,0,0
1003,3.294236898422241,0.11982258409261703,1,1
1004,3.872328996658325,0.07132021337747574,0,0
1005,3.494235038757324,0.22704625129699707,1,1
1006,3.218859910964966,0.24719233810901642,1,1
1007,3.2665131092071533,0.056989412754774094,1,1
1008,3.6362357139587402,0.01685286872088909,0,0
1009,3.777374744415283,0.00025694453506730497,1,1
1010,3.7459490299224854,0.14144358038902283,0,0
1011,3.515833854675293,0.031462348997592926,1,1
1012,3.437772512435913,0.10859385877847672,1,1
1013,3.865567207336426,0.24038814008235931,0,0
1014,3.6575663089752197,0.14934708178043365,1,1
1015,3.6330783367156982,4.71482053399086e-06,0,0
1016,3.3449413776397705,0.09760364145040512,1,1
1017,3.006235122680664,0.5430828928947449,1,1
1018,3.5620265007019043,0.002897724974900484,1,1
1019,3.4139933586120605,0.11983595043420792,0,0
1020,3.7588751316070557,0.017388248816132545,0,0
1021,3.615633249282837,0.06500784307718277,0,0
1022,3.0337142944335938,0.022251052781939507,1,1
1023,4.106247901916504,0.013814126141369343,1,1
1024,3.791475296020508,0.04029661417007446,1,1
1025,3.872448205947876,0.009643936529755592,0,0
1026,3.8480167388916016,0.3079506754875183,0,0
1027,3.6981360912323,0.06849320977926254,0,0
1028,2.7805604934692383,0.03468004986643791,0,0
1029,3.093348741531372,0.049236979335546494,0,0
1030,3.2135934829711914,0.04751772806048393,0,0
1031,3.087313413619995,0.013471463695168495,0,0
1032,2.9786624908447266,0.578284502029419,0,0
1033,3.5972113609313965,0.550103485584259,1,1
1034,3.691464424133301,0.39887773990631104,1,1
1035,3.5779471397399902,0.5931442975997925,1,1
1036,3.474360466003418,0.0002171591913793236,0,0
1037,3.4887843132019043,0.0008215103298425674,0,0
1038,3.5222012996673584,0.05786822363734245,1,1
1039,3.103609800338745,0.023595141246914864,0,0
1040,3.3462321758270264,0.06164224073290825,0,0
1041,3.3296473026275635,0.001957847271114588,0,0
1042,3.387049436569214,0.015814505517482758,1,1
1043,3.3452701568603516,0.010486070066690445,0,0
1044,3.4282023906707764,0.023355605080723763,0,0
1045,3.374706506729126,0.11985599249601364,0,0
1046,3.578200101852417,0.07892496138811111,0,0
1047,2.4609005451202393,0.0019561394583433867,0,0
1048,3.074244976043701,0.012772858142852783,0,0
1049,3.2845981121063232,0.11296845972537994,1,1
1050,3.4425270557403564,0.1066436916589737,0,0
1051,3.2069497108459473,0.00948161818087101,1,1
1052,3.4276535511016846,0.312142014503479,0,0
1053,3.3969650268554688,0.13456085324287415,1,1
1054,3.632211446762085,0.034708812832832336,1,1
1055,3.782100200653076,0.04136521741747856,0,0
1056,2.9738261699676514,0.1198493167757988,1,1
1057,3.2839062213897705,0.022354820743203163,1,1
1058,3.437140703201294,0.00344163179397583,1,1
1059,2.93571400642395,0.0071549066342413425,1,1
1060,2.7636141777038574,0.5321717262268066,0,0
1061,3.4155502319335938,0.16921906173229218,0,0
1062,3.3762669563293457,0.02699127234518528,1,1
1063,3.2169225215911865,0.01782618835568428,1,1
1064,3.4451074600219727,0.13349388539791107,1,1
1065,3.51511287689209,0.035018742084503174,0,0
1066,3.9315264225006104,0.04284239560365677,1,1
1067,3.504824638366699,0.019207440316677094,1,1
1068,3.8309898376464844,0.10092375427484512,1,1
1069,3.119621753692627,0.04486726596951485,0,0
1070,2.825089454650879,0.015137438662350178,1,1
1071,3.3001935482025146,0.07981672883033752,0,0
1072,3.167020559310913,0.01690552942454815,1,1
1073,3.41032338142395,0.3672168552875519,1,1
1074,3.5337514877319336,0.1182510256767273,1,1
1075,2.8928380012512207,0.0006436967523768544,0,0
1076,3.0647811889648438,0.1198159009218216,1,1
1077,3.2319819927215576,0.0010835864813998342,1,1
1078,3.080519676208496,0.14952614903450012,1,1
1079,3.498708486557007,0.0001679779088590294,1,1
1080,3.009316921234131,0.022609492763876915,1,1
1081,2.644355058670044,0.00864038523286581,0,0
1082,3.5602121353149414,0.04153025150299072,0,0
1083,3.1862573623657227,0.20167849957942963,0,0
1084,3.103705644607544,0.20418253540992737,1,1
1085,2.0310120582580566,0.26721593737602234,1,1
1086,2.0515668392181396,0.13083456456661224,1,1
1087,2.5895557403564453,0.0020433084573596716,0,0
1088,2.985365152359009,0.25079432129859924,0,0
1089,3.223600387573242,0.1413564831018448,0,0
1090,3.4324605464935303,0.039368271827697754,1,1
1091,3.580465316772461,0.1641523391008377,0,0
1092,3.4275944232940674,0.32240456342697144,0,0
1093,3.595863103866577,0.21148550510406494,0,0
1094,3.4628214836120605,0.9158344268798828,0,0
1095,3.684091091156006,0.14371012151241302,0,0
1096,3.0558953285217285,0.5434669852256775,1,1
1097,3.4734110832214355,0.1711219847202301,1,1
1098,3.392005443572998,0.05762704089283943,0,0
1099,3.519562244415283,1.2318027019500732,0,0
1100,3.4424242973327637,0.6494347453117371,1,1
1101,3.403564929962158,0.13283884525299072,0,0
1102,2.747368097305298,0.005346809513866901,0,0
1103,2.984084367752075,0.05685586854815483,0,0
1104,2.7791311740875244,0.1264595240354538,1,1
1105,3.2221486568450928,0.19093863666057587,0,0
1106,3.274683952331543,0.2255679816007614,1,1
1107,2.5725345611572266,0.005146894138306379,0,0
1108,3.119878053665161,0.017610378563404083,0,0
1109,3.666090726852417,0.32822808623313904,0,0
1110,3.421712636947632,0.257488489151001,0,0
1111,3.6217267513275146,0.05867893248796463,1,1
1112,3.589359760284424,0.0844067931175232,0,0
1113,3.5318925380706787,0.05722003057599068,0,0
1114,3.4356207847595215,0.008986455388367176,1,1
1115,3.3472037315368652,0.019925566390156746,1,1
1116,3.0350520610809326,0.298175573348999,1,1
1117,3.4475743770599365,0.1088738963007927,1,1
1118,3.009939432144165,0.13969238102436066,0,0
1119,3.4318530559539795,0.005095788277685642,0,0
1120,3.5380632877349854,0.5728811621665955,0,0
1121,3.510938882827759,0.1796162724494934,0,0
1122,2.9531352519989014,0.0027247965335845947,0,0
1123,2.748126745223999,0.016825318336486816,1,1
1124,3.0733931064605713,0.07559891045093536,0,0
1125,3.606764554977417,0.2964916527271271,1,1
1126,3.1875016689300537,0.012220538221299648,1,1
1127,3.668508291244507,0.0011572265066206455,0,0
1128,3.2309811115264893,0.24685657024383545,0,0
1129,3.20725154876709,0.023779315873980522,0,0
1130,3.6346161365509033,0.1290118396282196,1,1
1131,3.7690906524658203,0.039127375930547714,0,0
1132,3.421328544616699,0.07141302525997162,1,1
1133,3.5473835468292236,0.0024557323195040226,0,0
1134,3.2728078365325928,0.0004052553267683834,0,0
1135,3.327094078063965,0.017426446080207825,0,0
1136,3.2317357063293457,0.040002692490816116,0,0
1137,2.9695534706115723,0.024486912414431572,1,1
1138,3.5445234775543213,0.06157517433166504,0,0
1139,3.748081922531128,0.010405192151665688,1,1
1140,3.578852415084839,0.002655722200870514,1,1
1141,2.529552936553955,0.00038265521288849413,0,0
1142,1.8197596073150635,0.41541677713394165,1,1
1143,2.621349811553955,0.009978488087654114,0,0
1144,3.008519172668457,0.15082760155200958,1,1
1145,3.269117593765259,0.28549739718437195,0,0
1146,3.346579074859619,0.22187979519367218,1,1
1147,3.139493942260742,0.009547512046992779,1,1
1148,3.4758362770080566,0.1587778478860855,1,1
1149,3.415647506713867,0.07995311170816422,0,0
1150,4.015260219573975,0.09937232732772827,1,1
1151,3.7038612365722656,0.007562164217233658,1,1
1152,3.460855007171631,0.09756746888160706,1,1
1153,3.667039632797241,0.008364536799490452,0,0
1154,3.690880298614502,0.017700139433145523,1,1
1155,3.421377420425415,0.20345059037208557,0,0
1156,3.373135566711426,0.09562390297651291,1,1
1157,3.542506694793701,0.16021156311035156,1,1
1158,3.5468084812164307,0.22656826674938202,1,1
1159,3.1358776092529297,0.5364183187484741,1,1
1160,3.8702471256256104,0.21001465618610382,1,1
1161,3.7368767261505127,0.06131681427359581,0,0
1162,3.146719455718994,0.26917505264282227,0,0
1163,3.531080484390259,0.7659657597541809,1,1
1164,3.511643171310425,0.48592743277549744,1,1
1165,3.3851478099823,0.0053397552110254765,1,1
1166,3.390665292739868,4.344517583376728e-05,0,0
1167,3.5172078609466553,0.00035704710171557963,0,0
1168,3.497459650039673,0.0290884580463171,1,1
1169,3.460441827774048,0.002454776084050536,0,0
1170,3.5601723194122314,0.10418722778558731,1,1
1171,3.6921842098236084,0.15165327489376068,0,0
1172,3.034925937652588,0.21790654957294464,1,1
1173,3.4810848236083984,0.024565503001213074,1,1
1174,2.909777879714966,0.2735183835029602,0,0
1175,2.985198736190796,0.013946013525128365,0,0
1176,3.530395030975342,0.17253009974956512,0,0
1177,3.2719736099243164,0.11296845972537994,1,1
1178,3.411867141723633,0.17576797306537628,1,1
1179,3.0412256717681885,0.0541595034301281,1,1
1180,3.3871054649353027,0.0662936270236969,1,1
1181,3.4480690956115723,0.082455575466156,1,1
1182,3.6570725440979004,0.0038829490076750517,1,1
1183,3.6630771160125732,0.032185401767492294,1,1
1184,3.219264030456543,0.1195688396692276,0,0
1185,3.31467866897583,0.2312222570180893,0,0
1186,3.441075563430786,0.003943317569792271,0,0
1187,3.813234806060791,0.24642522633075714,0,0
1188,3.4918313026428223,0.21686266362667084,0,0
1189,3.8593735694885254,0.08717112988233566,0,0
1190,3.6110286712646484,0.0003170245327055454,1,1
1191,2.613793134689331,0.0016506854444742203,1,1
1192,3.257700204849243,0.07062605023384094,0,0
1193,3.356910467147827,0.23329654335975647,1,1
1194,3.630415201187134,0.00010642791312420741,0,0
1195,2.1902003288269043,0.07918544858694077,0,0
1196,3.4414567947387695,0.022833511233329773,0,0
1197,3.4493467807769775,0.12286148220300674,1,1
1198,3.27653169631958,0.011006243526935577,1,1
1199,3.401106834411621,0.017172588035464287,1,1
1200,3.4381420612335205,0.06814006716012955,0,0
1201,3.2498433589935303,1.9450579202384688e-05,1,1
1202,3.4054691791534424,0.0868750512599945,1,1
1203,3.4063720703125,0.027735164389014244,1,1
1204,3.2657008171081543,0.055115945637226105,0,0
1205,3.772183656692505,0.12246940284967422,1,1
1206,3.511176109313965,0.03101886250078678,1,1
1207,3.401094436645508,0.00026505152345634997,0,0
1208,3.3701283931732178,0.04041293263435364,1,1
1209,3.4343268871307373,0.006604310125112534,0,0
1210,3.751512289047241,0.038152337074279785,1,1
1211,3.754242181777954,0.09504584223031998,0,0
1212,3.5626306533813477,0.10056843608617783,1,1
1213,3.5300142765045166,0.05259879305958748,0,0
1214,3.59963321685791,0.18309307098388672,1,1
1215,3.829144239425659,0.3299553394317627,0,0
1216,3.70497727394104,0.6463741660118103,1,1
1217,3.5661332607269287,0.22502747178077698,0,0
1218,3.724673271179199,0.05559730529785156,1,1
1219,3.6294562816619873,0.039016734808683395,0,0
1220,3.5526375770568848,0.03853784501552582,0,0
1221,3.4548866748809814,0.006036702543497086,1,1
1222,3.2487881183624268,0.16811725497245789,1,1
1223,3.489840030670166,0.006021715700626373,0,0
1224,3.6087419986724854,0.031623464077711105,0,0
1225,3.3004915714263916,0.0963774099946022,0,0
1226,3.1258137226104736,0.007874148897826672,0,0
1227,3.3188793659210205,0.3075437843799591,0,0
1228,3.581570863723755,0.22075386345386505,0,0
1229,3.3658323287963867,0.08916550874710083,1,1
1230,3.7042176723480225,0.0005677306326106191,1,1
1231,3.4375662803649902,0.36372804641723633,0,0
1232,3.2679903507232666,0.22208896279335022,1,1
1233,3.138406276702881,0.3254033923149109,0,0
1234,3.8561246395111084,0.9464711546897888,0,0
1235,3.2995052337646484,0.29919877648353577,0,0
1236,4.033473014831543,0.8223214149475098,0,0
1237,3.5256881713867188,0.7322732210159302,0,0
1238,3.6232943534851074,0.16917143762111664,1,1
1239,3.2398440837860107,0.14608316123485565,0,0
1240,3.699028253555298,0.1596943736076355,0,0
1241,3.236301898956299,0.505206823348999,0,0
1242,4.032532691955566,0.5245537161827087,0,0
1243,3.5583293437957764,0.2577235996723175,1,1
1244,3.507854700088501,0.11076072603464127,1,1
1245,3.201115131378174,0.009966923855245113,0,0
1246,3.8723840713500977,0.9403783082962036,0,0
1247,3.7722535133361816,0.6652552485466003,1,1
1248,3.264829397201538,0.376846581697464,0,0
1249,3.7862613201141357,0.7020365595817566,0,0
1250,4.106337547302246,0.3216926157474518,1,1
1251,3.297396421432495,0.0033070966601371765,1,1
1252,3.202326536178589,0.36596643924713135,0,0
1253,2.9113292694091797,0.802645206451416,0,0
1254,3.2034342288970947,0.2743972837924957,0,0
1255,3.3321375846862793,0.30175915360450745,1,1
1256,3.488529920578003,0.025561591610312462,1,1
1257,3.180485725402832,0.10224636644124985,0,0
1258,3.591761350631714,0.004794506821781397,1,1
1259,3.9295496940612793,0.3415299952030182,1,1
1260,3.9949088096618652,0.0017622951418161392,1,1
1261,3.31097149848938,0.192358136177063,0,0
1262,3.8821797370910645,0.2519943118095398,1,1
1263,3.2890188694000244,0.1057066097855568,0,0
1264,3.7686538696289062,0.0972181111574173,1,1
1265,4.109811782836914,0.014338499866425991,1,1
1266,2.872947931289673,0.27283239364624023,0,0
1267,3.1723148822784424,0.09167852252721786,0,0
1268,3.060575008392334,0.08619939535856247,1,1
1269,3.6348519325256348,0.14816346764564514,1,1
1270,3.5398271083831787,0.00809316337108612,1,1
1271,3.4889612197875977,0.5174903273582458,0,0
1272,3.3789918422698975,0.007975521497428417,1,1
1273,3.545398235321045,0.09192413836717606,1,1
1274,3.2339394092559814,0.00891159474849701,1,1
1275,3.5191333293914795,0.02365744113922119,1,1
1276,3.4262919425964355,0.04941702261567116,1,1
1277,3.3685219287872314,0.00839634146541357,0,0
1278,2.942540407180786,0.04309845715761185,1,1
1279,2.830669403076172,0.05870230868458748,0,0
1280,3.003361463546753,0.12160634994506836,1,1
1281,2.9539248943328857,0.00010983981337631121,0,0
1282,2.693152666091919,0.0028162263333797455,0,0
1283,2.976771354675293,0.017271369695663452,0,0
1284,3.755387544631958,0.08179184049367905,0,0
1285,3.2776906490325928,0.3821614682674408,1,1
1286,3.5503530502319336,0.03590558096766472,1,1
1287,3.3213272094726562,0.045030947774648666,1,1
1288,3.1824464797973633,0.027928361669182777,0,0
1289,3.7756664752960205,0.6720417141914368,0,0
1290,3.529582977294922,0.05945761874318123,1,1
1291,3.7393813133239746,0.6265420913696289,1,1
1292,2.9372119903564453,0.08827441930770874,1,1
1293,2.7928030490875244,0.12263156473636627,1,1
1294,3.4800565242767334,2.3939554012031294e-05,1,1
1295,3.7487640380859375,0.012566471472382545,1,1
1296,3.2051186561584473,0.007737728301435709,0,0
1297,3.112494945526123,0.08892937004566193,0,0
1298,3.739684820175171,0.1495634764432907,1,1
1299,3.333082675933838,0.024978643283247948,1,1
1300,3.6152145862579346,0.06804940849542618,0,0
1301,3.392101287841797,0.07784422487020493,1,1
1302,3.4053874015808105,0.0112505704164505,0,0
1303,3.2458994388580322,0.06472764164209366,0,0
1304,3.171478509902954,0.2710006535053253,0,0
1305,3.5699222087860107,0.07070301473140717,0,0
1306,3.0421483516693115,0.012075879611074924,0,0
1307,3.6545157432556152,0.009521126747131348,1,1
1308,3.5219411849975586,0.01854715310037136,0,0
1309,3.94362211227417,0.006439092103391886,1,1
1310,3.834980010986328,0.18184812366962433,1,1
1311,3.481896162033081,0.1714334934949875,1,1
1312,4.301050186157227,0.047677744179964066,1,1
1313,3.908402919769287,0.4639154374599457,0,0
1314,3.6657590866088867,0.1423378437757492,1,1
1315,4.050028324127197,0.00958526786416769,1,1
1316,4.466442584991455,0.007542036473751068,1,1
1317,3.6376359462738037,0.340560644865036,1,1
1318,4.152774333953857,0.05339859053492546,1,1
1319,3.477818489074707,0.36178669333457947,0,0
1320,3.5177979469299316,0.05667652562260628,0,0
1321,2.9975008964538574,0.028463110327720642,0,0
1322,4.098567962646484,0.07832422852516174,0,0
1323,4.322671413421631,0.021784234791994095,1,1
1324,2.981985092163086,0.04279845952987671,1,1
1325,3.0972306728363037,0.031565140932798386,0,0
1326,4.135979652404785,6.47787019261159e-05,1,1
1327,4.294966220855713,0.0013897911412641406,1,1
1328,3.887296199798584,7.77849982114276e-06,1,1
1329,3.767896890640259,0.056337010115385056,1,1
1330,3.9061100482940674,0.05223202705383301,0,0
1331,3.8493332862854004,0.04906582087278366,1,1
1332,4.005867004394531,0.0603504441678524,0,0
1333,3.98976731300354,0.0006368593312799931,1,1
1334,3.711970806121826,0.08029183745384216,0,0
1335,3.6460165977478027,0.009315088391304016,0,0
1336,3.941460609436035,0.3608933389186859,1,1
1337,4.0231428146362305,0.12991464138031006,1,1
1338,3.7642176151275635,0.049933236092329025,1,1
1339,3.7826054096221924,0.015824217349290848,1,1
1340,3.111970901489258,0.02683611772954464,1,1
1341,3.863246440887451,0.017569420859217644,1,1
1342,3.7916414737701416,0.0006739143282175064,0,0
1343,3.5474283695220947,0.12395989894866943,1,1
1344,3.844633102416992,0.03496458753943443,1,1
1345,3.957036256790161,0.0005324260564520955,0,0
1346,4.063196659088135,0.03320795297622681,1,1
1347,4.001554012298584,0.14302314817905426,0,0
1348,4.518790245056152,0.009107619524002075,1,1
1349,3.821672201156616,0.0006051176460459828,1,1
1350,3.815737247467041,0.13702170550823212,0,0
1351,3.6252899169921875,0.1256645917892456,1,1
1352,4.033919811248779,0.021114317700266838,1,1
1353,4.395310878753662,0.14290638267993927,0,0
1354,4.102650165557861,0.09362310916185379,0,0
1355,3.947197198867798,0.04019594192504883,0,0
1356,3.7928617000579834,0.026527151465415955,1,1
1357,3.7062108516693115,0.0029112473130226135,1,1
1358,4.085738658905029,0.12371539324522018,1,1
1359,3.71698260307312,0.2271382361650467,1,1
1360,3.9961841106414795,0.2628241777420044,1,1
1361,3.551889419555664,0.3813743591308594,0,0
1362,3.422494649887085,0.6933308839797974,0,0
1363,3.136406183242798,0.4516403377056122,0,0
1364,2.953145980834961,0.36742740869522095,0,0
1365,2.93399715423584,0.04373791441321373,1,1
1366,4.277516841888428,0.027408266440033913,0,0
1367,3.2840726375579834,0.3352425992488861,1,1
1368,3.1709835529327393,0.09629353880882263,1,1
1369,3.278780221939087,0.0637102946639061,0,0
1370,3.7317044734954834,0.017061477527022362,1,1
1371,3.440751791000366,0.051073987036943436,1,1
1372,3.2669970989227295,0.017944924533367157,1,1
1373,2.9439830780029297,0.20380769670009613,1,1
1374,3.2862179279327393,0.3122498691082001,1,1
1375,2.9871985912323,0.6101810336112976,0,0
1376,3.3546411991119385,0.061202164739370346,0,0
1377,3.609807014465332,0.06488487124443054,0,0
1378,3.4956564903259277,0.25156816840171814,0,0
1379,3.599238634109497,0.3716159760951996,1,1
1380,3.5376932621002197,0.08293291181325912,0,0
1381,4.05698299407959,0.006401974707841873,0,0
1382,3.4812989234924316,0.3214518129825592,1,1
1383,3.7703700065612793,0.160234734416008,0,0
1384,3.129969596862793,0.7164705991744995,1,1
1385,2.84078311920166,0.35228386521339417,0,0
1386,3.223731517791748,0.5288680791854858,1,1
1387,3.3012142181396484,0.8585929870605469,0,0
1388,2.5276811122894287,0.1359165459871292,0,0
1389,3.0184152126312256,0.09311001747846603,1,1
1390,3.356426477432251,0.031681835651397705,1,1
1391,3.2607619762420654,0.022988349199295044,1,1
1392,2.598270893096924,0.07255225628614426,0,0
1393,2.5983824729919434,0.02458970993757248,0,0
1394,3.0119335651397705,0.40133166313171387,0,0
1395,2.8336336612701416,0.078583724796772,1,1
1396,2.6931471824645996,0.11800557374954224,1,1
1397,2.7448062896728516,0.07346490770578384,0,0
1398,3.0554256439208984,0.007771721575409174,1,1
1399,3.606485366821289,0.18576206266880035,1,1
1400,2.7346577644348145,0.00574928242713213,1,1
1401,3.05806040763855,0.02642037905752659,1,1
1402,2.783853530883789,0.008920707739889622,1,1
1403,3.0959179401397705,0.0012798093957826495,1,1
1404,3.3715763092041016,0.003892576787620783,0,0
1405,3.2516770362854004,0.0009170774719677866,1,1
1406,3.382781744003296,1.5739351511001587e-06,0,0
1407,3.4451146125793457,0.20044954121112823,0,0
1408,3.2727713584899902,0.35568293929100037,0,0
1409,3.025597333908081,0.4944135844707489,0,0
1410,3.444999933242798,0.20705321431159973,0,0
1411,3.0950560569763184,0.28214526176452637,0,0
1412,3.3558759689331055,0.7396082282066345,0,0
1413,3.4636242389678955,0.05378732830286026,0,0
1414,3.519249439239502,0.0999450758099556,0,0
1415,3.6770477294921875,0.14779965579509735,0,0
1416,3.3672542572021484,0.05001089721918106,0,0
1417,3.7074174880981445,0.043238814920186996,1,1
1418,3.674438953399658,0.025364479050040245,0,0
1419,3.692638874053955,0.003155697137117386,1,1
1420,4.072371482849121,0.0018252365989610553,1,1
1421,4.041935920715332,0.07581664621829987,0,0
1422,1.4705625772476196,0.5143710374832153,1,1
1423,1.5049337148666382,0.059839438647031784,1,1
1424,1.7885363101959229,0.008732126094400883,0,0
1425,3.6282312870025635,0.0012029741192236543,1,1
1426,3.2368381023406982,0.1208939477801323,0,0
1427,3.026029109954834,0.39509567618370056,1,1
1428,3.0484869480133057,0.000613694021012634,1,1
1429,3.2397027015686035,0.005131673999130726,1,1
1430,3.1421058177948,0.034246500581502914,0,0
1431,3.012850761413574,0.015664376318454742,0,0
1432,3.7186336517333984,0.003773088101297617,0,0
1433,2.7313127517700195,0.51414954662323,0,0
1434,2.064338445663452,0.016521267592906952,0,0
1435,3.7884702682495117,0.0012414344819262624,1,1
1436,3.517805814743042,0.020631911233067513,0,0
1437,3.5661540031433105,0.02885192632675171,0,0
1438,3.796889066696167,0.07827021926641464,1,1
1439,3.9660496711730957,0.08669879287481308,1,1
1440,3.4655871391296387,0.017903579398989677,1,1
1441,3.7851791381835938,0.04041293263435364,1,1
1442,3.628377676010132,0.012075879611074924,1,1
1443,3.986159086227417,0.014470539055764675,0,0
1444,3.514866590499878,0.44097691774368286,1,1
1445,3.5570549964904785,0.012525396421551704,0,0
1446,3.3544487953186035,0.12201052904129028,0,0
1447,3.680394411087036,0.11258603632450104,1,1
1448,3.6728413105010986,0.0002855435886885971,0,0
1449,3.3605477809906006,0.0022782867308706045,0,0
1450,3.606449604034424,0.22774575650691986,0,0
1451,3.4075353145599365,0.021111512556672096,1,1
1452,3.470519781112671,0.054199934005737305,1,1
1453,3.820854425430298,0.055025357753038406,1,1
1454,3.47993803024292,0.03977140784263611,0,0
1455,3.807063102722168,0.00011661658209050074,0,0
1456,4.276300430297852,0.3944650888442993,1,1
1457,3.9727532863616943,0.013013933785259724,0,0
1458,3.5922560691833496,0.08316651731729507,1,1
1459,3.5564377307891846,0.33623793721199036,1,1
1460,3.592890739440918,0.020604196935892105,0,0
1461,3.6838834285736084,0.020507343113422394,1,1
1462,3.8013288974761963,0.02461998723447323,0,0
1463,3.6791346073150635,0.08826295286417007,0,0
1464,3.645933151245117,0.2618948817253113,0,0
1465,3.999368906021118,0.01901000551879406,1,1
1466,4.104367733001709,0.12956009805202484,0,0
1467,3.5320546627044678,0.00251345569267869,0,0
1468,3.301679849624634,0.045808374881744385,1,1
1469,3.5779781341552734,0.011213750578463078,1,1
1470,3.4613840579986572,0.49359962344169617,1,1
1471,4.109975337982178,0.00027456218958832324,1,1
1472,3.7015204429626465,0.05061700940132141,0,0
1473,3.626495838165283,0.1855541467666626,1,1
1474,3.6703603267669678,0.004252144135534763,1,1
1475,3.361414670944214,0.019727174192667007,0,0
1476,3.9187684059143066,0.0015343987615779042,1,1
1477,3.931889772415161,0.10619036108255386,1,1
1478,3.5593814849853516,0.0004438207542989403,1,1
1479,3.483708381652832,0.022447261959314346,0,0
1480,3.7358694076538086,0.12956009805202484,1,1
1481,3.6549954414367676,0.056337010115385056,1,1
1482,3.6592042446136475,0.030615661293268204,0,0
1483,3.3458893299102783,0.005151049233973026,0,0
1484,3.3990182876586914,0.043026361614465714,1,1
1485,3.637690544128418,0.029644116759300232,0,0
1486,3.2239325046539307,0.1105809360742569,0,0
1487,3.3971056938171387,0.01822003908455372,0,0
1488,3.329049825668335,0.0005130106001161039,0,0
1489,3.656918525695801,0.3601168692111969,1,1
1490,3.662344455718994,0.45427727699279785,0,0
1491,3.477419853210449,0.00024050931097008288,0,0
1492,3.6788902282714844,0.1615120768547058,1,1
1493,3.9392733573913574,0.02735716477036476,0,0
1494,2.849201202392578,0.44205424189567566,1,1
1495,3.6755778789520264,0.005815327633172274,1,1
1496,3.5815799236297607,0.06824087351560593,1,1
1497,3.342844247817993,0.0007464141817763448,1,1
1498,3.2970194816589355,0.12924765050411224,1,1
1499,3.7312448024749756,0.05816575884819031,1,1
1500,3.6936707496643066,0.09462382644414902,1,1
1501,3.6538639068603516,0.007240054197609425,1,1
1502,3.7893028259277344,0.00016747797781135887,1,1
1503,2.5644185543060303,0.11254071444272995,1,1
1504,3.670684576034546,0.4495026171207428,0,0
1505,3.6695473194122314,0.20809082686901093,0,0
1506,4.0008649826049805,0.05827752873301506,0,0
1507,3.5806474685668945,0.02163919247686863,0,0
1508,3.91837215423584,0.25309035181999207,1,1
1509,3.9293317794799805,0.038932908326387405,1,1
1510,3.7298130989074707,0.07861077785491943,0,0
1511,3.767869234085083,0.38453957438468933,1,1
1512,3.1477861404418945,0.0009746500290930271,0,0
1513,4.11507511138916,0.04587035998702049,1,1
1514,3.830345392227173,0.07082623988389969,1,1
1515,3.2760939598083496,0.19983647763729095,1,1
1516,3.7454543113708496,0.05109579488635063,0,0
1517,4.040933132171631,0.010652749799191952,1,1
1518,4.3222975730896,0.06850331276655197,1,1
1519,3.658860445022583,7.934206951176748e-05,1,1
1520,3.6343541145324707,0.07728517800569534,0,0
1521,3.1934804916381836,0.016461780294775963,1,1
1522,3.8262832164764404,0.1975308060646057,1,1
1523,3.6866626739501953,0.0002544754242990166,1,1
1524,3.1989986896514893,0.00014809156709816307,1,1
1525,3.7724149227142334,0.4407975375652313,1,1
1526,3.615370988845825,0.7869353890419006,1,1
1527,2.8893275260925293,0.16123294830322266,0,0
1528,3.7569634914398193,0.0007697963155806065,1,1
1529,3.118544101715088,0.1501462459564209,0,0
1530,3.751131534576416,0.2825247347354889,0,0
1531,3.898864507675171,0.043846964836120605,1,1
1532,3.5139081478118896,0.8759924173355103,1,1
1533,3.8707849979400635,3.1530857995676342e-06,0,0
1534,3.249539852142334,0.015014206059277058,0,0
1535,3.3684911727905273,3.995606675744057e-05,1,1
1536,3.422325849533081,0.19155478477478027,1,1
1537,2.8560352325439453,0.1003115177154541,0,0
1538,3.7010552883148193,0.15305453538894653,1,1
1539,3.343106985092163,0.22678883373737335,0,0
1540,3.395120859146118,0.349996417760849,1,1
1541,3.631649971008301,0.04205899313092232,1,1
1542,3.241248607635498,0.017058957368135452,1,1
1543,3.593534231185913,0.0016444179927930236,1,1
1544,2.7361669540405273,0.09928108751773834,0,0
1545,2.9176974296569824,0.0292400810867548,0,0
1546,3.273433208465576,0.8332088589668274,0,0
1547,3.179950714111328,0.004042102489620447,1,1
1548,2.9611222743988037,0.03273831680417061,0,0
1549,3.527588129043579,0.02863595448434353,1,1
1550,3.338637351989746,0.02775445394217968,1,1
1551,3.4711506366729736,0.12906037271022797,1,1
1552,3.6798131465911865,0.06775769591331482,1,1
1553,4.288031578063965,0.006974834483116865,1,1
1554,3.756545066833496,0.04777472838759422,0,0
1555,3.3683650493621826,0.14150892198085785,0,0
1556,3.544123411178589,0.5982837080955505,1,1
1557,3.1285173892974854,0.005331296008080244,1,1
1558,3.300952196121216,0.0657976046204567,0,0
1559,3.0792136192321777,3.499621743685566e-05,1,1
1560,3.116546869277954,0.262082576751709,1,1
1561,2.653904676437378,0.005443210247904062,0,0
1562,3.250971555709839,0.10464876145124435,0,0
1563,2.608581781387329,0.018113378435373306,0,0
1564,2.421084403991699,0.11546017229557037,0,0
1565,3.052133798599243,0.015089981257915497,0,0
1566,3.251274824142456,0.048916295170784,0,0
1567,3.790844202041626,0.012901881709694862,1,1
1568,3.4077775478363037,0.12056533247232437,0,0
1569,3.462900161743164,0.004825294483453035,0,0
1570,3.211130380630493,0.027860665693879128,0,0
1571,3.0550291538238525,0.18853415548801422,0,0
1572,3.256960868835449,0.07669607549905777,1,1
1573,3.635775089263916,0.021610809490084648,1,1
1574,3.484257221221924,0.22385704517364502,0,0
1575,3.3032548427581787,0.006798648741096258,0,0
1576,3.255558967590332,0.4780751168727875,1,1
1577,3.0152528285980225,0.2117341309785843,0,0
1578,3.2964584827423096,0.5110265612602234,1,1
1579,3.5764689445495605,0.20969633758068085,1,1
1580,3.447193145751953,0.0870571956038475,0,0
1581,3.4199604988098145,0.23506183922290802,1,1
1582,3.773054599761963,0.026549160480499268,1,1
1583,3.56050705909729,0.005893597844988108,1,1
1584,3.365196704864502,0.131120964884758,0,0
1585,3.159895896911621,0.005585098173469305,1,1
1586,3.5678343772888184,0.29131221771240234,1,1
1587,3.319134473800659,0.05293574929237366,1,1
1588,3.838223695755005,0.34111276268959045,1,1
1589,3.1980435848236084,0.5607478022575378,1,1
1590,3.523233413696289,0.23064719140529633,0,0
1591,3.6589267253875732,0.10447400063276291,1,1
1592,3.725421190261841,0.10184559971094131,1,1
1593,3.529376745223999,0.005214967764914036,1,1
1594,3.90527606010437,0.005423292517662048,1,1
1595,3.5877292156219482,0.002197031630203128,0,0
1596,3.787684679031372,0.014900900423526764,1,1
1597,3.5551199913024902,0.8403947949409485,1,1
1598,3.662842035293579,0.2626263201236725,1,1
1599,3.2576799392700195,0.12085368484258652,1,1
1600,3.4778947830200195,0.7753525972366333,1,1
1601,3.679577350616455,0.8174454569816589,1,1
1602,3.43569016456604,0.9844174385070801,0,0
1603,3.7417099475860596,0.34400469064712524,1,1
1604,3.778346300125122,0.1585395187139511,1,1
1605,3.862450361251831,0.16679035127162933,1,1
1606,3.594646453857422,0.17132164537906647,0,0
1607,3.643913745880127,0.023373305797576904,1,1
1608,3.261765241622925,0.1860283464193344,0,0
1609,3.2431766986846924,0.004549149423837662,1,1
1610,3.4724299907684326,0.0008771904977038503,1,1
1611,3.6272478103637695,0.24523858726024628,0,0
1612,3.253135919570923,0.8829429745674133,1,1
1613,3.0298986434936523,0.13419292867183685,1,1
1614,2.7247931957244873,0.45557910203933716,0,0
1615,3.266040802001953,0.027992909774184227,1,1
1616,3.645857810974121,9.958539521903731e-06,0,0
1617,3.6093320846557617,0.19935357570648193,1,1
1618,3.4883251190185547,0.4607657492160797,1,1
1619,3.350914239883423,0.24216102063655853,1,1
1620,3.4722249507904053,0.0027632161509245634,1,1
1621,3.259427309036255,0.0009946360951289535,1,1
1622,3.4654104709625244,0.14238880574703217,1,1
1623,3.2099673748016357,0.08609175682067871,0,0
1624,3.459552049636841,0.09898331016302109,1,1
1625,3.48997163772583,0.07637569308280945,0,0
1626,4.152008056640625,0.7154253721237183,1,1
1627,3.273879289627075,0.3065812289714813,0,0
1628,2.852407932281494,0.008469009771943092,0,0
1629,3.9398903846740723,0.6454123854637146,1,1
1630,3.365945339202881,0.009836324490606785,0,0
1631,3.6599769592285156,0.006140619516372681,1,1
1632,3.07220458984375,0.027780184522271156,0,0
1633,3.3866732120513916,0.025125280022621155,0,0
1634,3.803083658218384,0.055980242788791656,0,0
1635,3.7685441970825195,0.08525564521551132,0,0
1636,3.745856523513794,0.10341613739728928,0,0
1637,3.420154333114624,0.004536140710115433,1,1
1638,3.79601788520813,0.013453547842800617,0,0
1639,4.442321300506592,0.01880829595029354,1,1
1640,3.65531325340271,0.26951563358306885,0,0
1641,4.043919086456299,0.007642943412065506,1,1
1642,3.7397189140319824,0.13923107087612152,0,0
1643,3.7339694499969482,0.0985344648361206,1,1
1644,4.0830183029174805,0.09709778428077698,1,1
1645,3.563505172729492,0.0002842404937837273,0,0
1646,4.035284042358398,0.08655109256505966,1,1
1647,3.815783977508545,0.015962911769747734,0,0
1648,3.959652900695801,0.2129525989294052,0,0
1649,3.4682273864746094,0.009107619524002075,0,0
1650,3.814635753631592,0.01857081800699234,1,1
1651,3.982781410217285,0.015517367981374264,0,0
1652,3.664792776107788,0.011919436044991016,0,0
1653,3.709179401397705,3.198124613845721e-05,0,0
1654,4.245512962341309,0.04839688539505005,1,1
1655,4.364973068237305,0.23695588111877441,0,0
1656,4.262584686279297,0.4165869355201721,0,0
1657,4.210519313812256,0.07478386163711548,0,0
1658,4.261600494384766,0.1263977587223053,0,0
1659,3.972088575363159,0.1372075378894806,1,1
1660,4.05224609375,0.13213633000850677,0,0
1661,3.7908170223236084,0.07732810825109482,0,0
1662,4.3762383460998535,0.0011389151914045215,0,0
1663,3.4920382499694824,0.4388262927532196,0,0
1664,3.792980432510376,0.050582271069288254,0,0
1665,3.902953624725342,0.00027456218958832324,1,1
1666,4.61751127243042,0.260041207075119,1,1
1667,3.794426202774048,0.0690753385424614,0,0
1668,4.029521942138672,0.018126368522644043,0,0
1669,4.010895729064941,0.004872334189713001,0,0
1670,3.691272258758545,0.05218351632356644,0,0
1671,4.207219123840332,0.04463453218340874,0,0
1672,3.5020751953125,0.013534261845052242,0,0
1673,3.041379690170288,0.03362782299518585,1,1
1674,3.1536917686462402,0.0060697393491864204,0,0
1675,3.26493501663208,0.03478076681494713,0,0
1676,3.4261276721954346,0.01909792423248291,1,1
1677,3.721193313598633,0.005477439612150192,1,1
1678,3.692051410675049,8.817100751912221e-05,0,0
1679,3.0820584297180176,0.0694563165307045,1,1
1680,3.452068567276001,0.002162788063287735,1,1
1681,3.523076295852661,0.09209392219781876,0,0
1682,3.859499216079712,0.07753219455480576,1,1
1683,3.7978594303131104,0.39180269837379456,0,0
1684,3.1617989540100098,0.024107836186885834,0,0
1685,1.6588977575302124,0.00063054304337129,1,1
1686,2.6886019706726074,0.0005585701437667012,1,1
1687,2.868652820587158,0.02348852902650833,0,0
1688,3.2496378421783447,0.12023717164993286,1,1
1689,3.2844960689544678,0.027165958657860756,1,1
1690,3.019122838973999,0.00277642160654068,1,1
1691,3.5069029331207275,0.06925299018621445,0,0
1692,3.476123809814453,0.24055850505828857,0,0
1693,4.188436031341553,0.32293081283569336,0,0
1694,3.510920524597168,0.022580480203032494,0,0
1695,3.505117893218994,0.15538907051086426,0,0
1696,3.532853126525879,0.045244183391332626,1,1
1697,3.929070234298706,0.17876656353473663,1,1
1698,3.362861156463623,0.6219062805175781,1,1
1699,3.45024037361145,1.8762530088424683,0,0
1700,2.8929102420806885,0.6191239953041077,0,0
1701,3.555199146270752,0.7072373032569885,0,0
1702,3.939937114715576,1.8489631414413452,1,1
1703,3.413329839706421,0.31112921237945557,0,0
1704,3.7888238430023193,0.8641102910041809,1,1
1705,2.651728630065918,0.09232836216688156,0,0
1706,2.85624623298645,0.18711213767528534,1,1
1707,3.03291916847229,0.10723699629306793,0,0
1708,3.441812515258789,0.36305320262908936,0,0
1709,3.5368130207061768,0.01873953454196453,1,1
1710,4.357096195220947,0.3112584054470062,1,1
1711,3.554489850997925,0.11785975843667984,1,1
1712,3.9994750022888184,0.022551484405994415,1,1
1713,3.6555166244506836,0.030913574621081352,1,1
1714,3.6777565479278564,0.04574643075466156,1,1
1715,3.4770545959472656,0.6268935203552246,1,1
1716,3.768984794616699,1.2581838369369507,0,0
1717,3.565727949142456,0.9919001460075378,1,1
1718,3.4831278324127197,0.028466368094086647,0,0
1719,3.6337478160858154,0.23077698051929474,1,1
1720,3.4919564723968506,0.7480979561805725,0,0
1721,4.0917534828186035,0.2370404452085495,1,1
1722,3.6684112548828125,0.404959112405777,1,1
1723,3.4937539100646973,0.2091575711965561,0,0
1724,3.390702724456787,0.31304848194122314,1,1
1725,3.982051134109497,0.009032255969941616,0,0
1726,3.972489356994629,0.3391878604888916,1,1
1727,3.598583459854126,0.035199567675590515,1,1
1728,4.144569396972656,0.4577181339263916,1,1
1729,2.632885694503784,0.0327802412211895,0,0
1730,3.9489574432373047,0.05838008597493172,1,1
1731,3.9753384590148926,0.046575795859098434,1,1
1732,3.6113715171813965,0.10130427032709122,0,0
1733,4.27385139465332,0.07621575891971588,1,1
1734,3.2796056270599365,0.1055247113108635,0,0
1735,3.5493757724761963,0.24270270764827728,0,0
1736,3.2137715816497803,0.25036919116973877,0,0
1737,4.006001949310303,0.05868828296661377,1,1
1738,3.607469081878662,0.0023217916022986174,0,0
1739,3.196300983428955,0.03279421851038933,0,0
1740,3.606470823287964,0.333278626203537,0,0
1741,2.6031575202941895,0.7822680473327637,0,0
1742,2.963639736175537,0.9716668128967285,1,1
1743,2.7868566513061523,1.2762172222137451,0,0
1744,3.1354877948760986,0.620187520980835,1,1
1745,3.483945846557617,0.6941346526145935,0,0
1746,3.6040754318237305,0.2791391611099243,1,1
1747,3.6322124004364014,0.44084879755973816,1,1
1748,2.8505208492279053,0.7155559659004211,0,0
1749,3.4212849140167236,0.5565066337585449,0,0
1750,2.807037115097046,0.5476440191268921,0,0
1751,2.614583969116211,0.26078978180885315,0,0
1752,3.8110742568969727,0.0004261099675204605,0,0
1753,3.832362651824951,0.09389496594667435,1,1
1754,4.258516311645508,0.08231154084205627,0,0
1755,3.747357130050659,0.006902486085891724,0,0
1756,3.3999757766723633,1.104373574256897,1,1
1757,3.3500936031341553,0.2587141990661621,0,0
1758,3.61491060256958,0.17338897287845612,1,1
1759,3.6325080394744873,0.15295639634132385,0,0
1760,3.603743076324463,0.11772065609693527,0,0
1761,3.683828830718994,0.34230872988700867,1,1
1762,3.383415699005127,0.007563842926174402,0,0
1763,3.6424062252044678,0.5643669962882996,1,1
1764,3.353639602661133,0.06572335958480835,0,0
1765,3.597954511642456,0.006973222829401493,0,0
1766,3.4666905403137207,0.07712429016828537,1,1
1767,4.0736260414123535,0.07572101801633835,1,1
1768,3.459015130996704,0.26997676491737366,1,1
1769,4.060757637023926,0.47748813033103943,1,1
1770,4.2438764572143555,0.15390898287296295,0,0
1771,4.196191310882568,0.31459465622901917,1,1
1772,4.037400722503662,0.4361198842525482,0,0
1773,4.1307902336120605,0.2068951427936554,1,1
1774,3.766693353652954,0.5849672555923462,1,1
1775,4.20413875579834,0.27230843901634216,0,0
1776,4.1067681312561035,0.8390151858329773,0,0
1777,4.154293060302734,0.29965290427207947,1,1
1778,4.145730018615723,0.05436632037162781,1,1
1779,4.2568135261535645,0.23460352420806885,1,1
1780,4.0344085693359375,0.00015715147310402244,1,1
1781,3.9635512828826904,0.0017973080975934863,1,1
1782,3.887683629989624,0.3141076862812042,0,0
1783,4.009408950805664,0.06715614348649979,1,1
1784,3.8631865978240967,0.0806586891412735,1,1
1785,3.6065261363983154,0.3267369568347931,0,0
1786,3.761066436767578,0.28727397322654724,1,1
1787,3.9169907569885254,0.0037944584619253874,0,0
1788,3.6616859436035156,0.009395362809300423,0,0
1789,3.7156646251678467,0.2181769162416458,0,0
1790,3.526916027069092,0.0421619713306427,1,1
1791,3.966229200363159,0.01636534370481968,1,1
1792,3.641465187072754,0.03916938230395317,1,1
1793,2.7047507762908936,0.05866957828402519,0,0
1794,2.9843225479125977,0.36081215739250183,0,0
1795,3.0629031658172607,0.12015687674283981,0,0
1796,3.076568126678467,0.19877661764621735,0,0
1797,3.439840316772461,0.026076406240463257,0,0
1798,4.038615703582764,0.531116247177124,0,0
1799,3.8485515117645264,0.056094467639923096,1,1
1800,3.235384225845337,0.07731737941503525,0,0
1801,3.1434502601623535,0.018038125708699226,0,0
1802,3.349010705947876,0.1448832005262375,0,0
1803,3.766023635864258,0.048312004655599594,1,1
1804,3.6511855125427246,0.2941840589046478,0,0
1805,4.243526935577393,0.0448509156703949,0,0
1806,3.636876106262207,0.19501686096191406,1,1
1807,3.839674949645996,0.04525649547576904,0,0
1808,4.322012901306152,0.18709544837474823,1,1
1809,3.7930331230163574,8.583069188716763e-07,0,0
1810,3.5876169204711914,0.0009812895441427827,0,0
1811,3.901719331741333,0.11651847511529922,0,0
1812,4.09174919128418,0.05654793977737427,0,0
1813,3.8051042556762695,0.028616363182663918,1,1
1814,3.654710292816162,0.006196708418428898,1,1
1815,4.122674465179443,0.09174282103776932,1,1
1816,3.813397169113159,0.11503427475690842,0,0
1817,3.4097354412078857,0.0016988664865493774,1,1
1818,3.6128625869750977,0.0007848636596463621,1,1
1819,3.8400096893310547,0.14603890478610992,0,0
1820,3.640371799468994,0.05626373365521431,0,0
1821,2.6255760192871094,0.0023311011027544737,1,1
1822,3.030284881591797,0.4134038984775543,1,1
1823,3.164266586303711,0.10141488164663315,0,0
1824,3.5373899936676025,0.2674354910850525,1,1
1825,3.5281808376312256,0.02354772947728634,0,0
1826,3.405503749847412,0.00014950419426895678,1,1
1827,3.945551633834839,0.06965993344783783,0,0
1828,3.7842845916748047,0.025598634034395218,1,1
1829,3.710273504257202,0.04519492760300636,1,1
1830,3.5126712322235107,0.03771626949310303,1,1
1831,3.5479016304016113,0.00826597586274147,0,0
1832,3.480573892593384,0.02380313165485859,1,1
1833,3.1688826084136963,0.03378019109368324,1,1
1834,3.1888747215270996,0.2493465393781662,0,0
1835,3.431007146835327,0.0016972757875919342,1,1
1836,3.388902425765991,0.046604957431554794,0,0
1837,3.4486753940582275,0.010156654752790928,1,1
1838,2.975215435028076,0.2673356831073761,1,1
1839,3.4961788654327393,0.07509559392929077,0,0
1840,3.066833019256592,0.26027747988700867,1,1
1841,2.843888282775879,0.004366171546280384,0,0
1842,3.4092535972595215,0.1888359785079956,0,0
1843,2.7995944023132324,0.0001877918839454651,0,0
1844,3.335414409637451,0.05732164531946182,1,1
1845,3.0394763946533203,0.0022315443493425846,1,1
1846,3.240535259246826,0.04343167319893837,0,0
1847,2.464980125427246,0.01024437602609396,0,0
1848,3.118436813354492,0.014640524983406067,0,0
1849,3.587394952774048,0.16473153233528137,0,0
1850,2.8446996212005615,0.04402902349829674,0,0
1851,3.8217694759368896,0.002297674072906375,1,1
1852,3.539400577545166,8.211666863644496e-05,1,1
1853,2.9328978061676025,0.0051968637853860855,0,0
1854,3.515331983566284,0.016429603099822998,0,0
1855,3.591963052749634,0.12863774597644806,0,0
1856,4.029791355133057,0.0034269278403371572,0,0
1857,3.567373275756836,0.017800426110625267,0,0
1858,3.4436962604522705,0.05037412792444229,0,0
1859,3.3756167888641357,0.19240893423557281,0,0
1860,3.5362050533294678,0.08187466114759445,0,0
1861,4.226084232330322,0.00022001276374794543,0,0
1862,3.821110248565674,0.0018742118263617158,0,0
1863,3.481314182281494,0.07024698704481125,0,0
1864,4.184861660003662,0.017559191212058067,0,0
1865,2.7032244205474854,0.04172715172171593,0,0
1866,2.8832411766052246,0.01536148227751255,1,1
1867,3.091654062271118,0.09253373742103577,0,0
1868,2.8136537075042725,0.21294370293617249,0,0
1869,3.139677047729492,0.022609492763876915,1,1
1870,3.4267818927764893,0.20603568851947784,1,1
1871,3.3483636379241943,0.005609646439552307,0,0
1872,3.427001476287842,0.00015787818119861186,0,0
1873,3.142174005508423,0.005912876222282648,0,0
1874,3.385221004486084,0.03236223757266998,1,1
1875,3.5838117599487305,0.08474358171224594,1,1
1876,3.6591103076934814,0.07095985859632492,0,0
1877,3.89874005317688,0.023067429661750793,1,1
1878,3.1210339069366455,0.011454159393906593,0,0
1879,3.049440383911133,0.002070444170385599,0,0
1880,3.1010868549346924,0.019330685958266258,1,1
1881,2.9223694801330566,0.02491767145693302,1,1
1882,3.2217390537261963,8.437876203970518e-06,0,0
1883,3.482579469680786,0.021271666511893272,0,0
1884,2.999079704284668,0.022314436733722687,1,1
1885,3.5226519107818604,4.193196218693629e-05,1,1
1886,3.5441348552703857,0.04368545114994049,0,0
1887,3.2921721935272217,0.06976184993982315,1,1
1888,3.636181116104126,0.4083808362483978,1,1
1889,3.3494367599487305,0.06141244247555733,0,0
1890,3.753248453140259,0.18944035470485687,0,0
1891,3.344938039779663,0.004581752698868513,0,0
1892,3.238980531692505,0.36113688349723816,1,1
1893,3.584404468536377,0.22340069711208344,1,1
1894,3.495997428894043,0.06019407510757446,0,0
1895,3.7123301029205322,0.12117596715688705,1,1
1896,3.6819519996643066,0.00308668683283031,0,0
1897,3.7023532390594482,0.05089530348777771,1,1
1898,3.832578659057617,0.06574315577745438,1,1
1899,3.8043088912963867,0.0204935260117054,0,0
1900,3.265861749649048,0.21655717492103577,1,1
1901,3.1360270977020264,0.08195752650499344,0,0
1902,3.3971784114837646,0.014825602062046528,1,1
1903,3.588005781173706,0.010218995623290539,0,0
1904,3.2688844203948975,0.044548943638801575,1,1
1905,3.756962776184082,0.12902569770812988,1,1
1906,3.838848352432251,0.007107639219611883,0,0
1907,3.6919538974761963,0.007997945882380009,1,1
1908,3.945697784423828,0.054033804684877396,0,0
1909,3.9917314052581787,0.042718641459941864,1,1
1910,3.607877016067505,0.1004582867026329,0,0
1911,3.752753973007202,0.0029373408760875463,1,1
1912,3.8751542568206787,0.021514445543289185,0,0
1913,3.8302524089813232,0.0011651188833639026,1,1
1914,3.4717113971710205,0.036714695394039154,0,0
1915,3.7096774578094482,0.19023925065994263,1,1
1916,3.5361075401306152,0.00039100655703805387,0,0
1917,3.567683458328247,0.0044972263276577,0,0
1918,3.6135170459747314,0.32436925172805786,0,0
1919,3.2830541133880615,7.671211278648116e-06,0,0
1920,3.3451571464538574,0.16614460945129395,0,0
1921,3.378807783126831,0.32499614357948303,0,0
1922,3.1192030906677246,0.06305914372205734,0,0
1923,3.3780417442321777,0.035781338810920715,0,0
1924,3.7400403022766113,0.2520039975643158,0,0
1925,3.5598769187927246,0.015037866309285164,1,1
1926,4.383195400238037,0.3157106935977936,0,0
1927,4.2617411613464355,0.20921051502227783,1,1
1928,3.9581825733184814,0.09610197693109512,1,1
1929,4.044209003448486,0.023211294785141945,1,1
1930,3.660120725631714,3.755325451493263e-05,0,0
1931,3.7340292930603027,0.09020014852285385,1,1
1932,4.297474384307861,0.08318878710269928,1,1
1933,4.22868537902832,0.0011104353470727801,1,1
1934,3.8377785682678223,0.2602282464504242,1,1
1935,3.9443368911743164,0.0014538319082930684,0,0
1936,3.8934664726257324,0.011647072620689869,0,0
1937,3.706829309463501,0.023946281522512436,0,0
1938,3.9297304153442383,0.27697134017944336,1,1
1939,3.860384941101074,0.00036107012419961393,1,1
1940,4.0350799560546875,0.04968339949846268,0,0
1941,4.063907623291016,0.01895681954920292,0,0
1942,3.685784339904785,0.004891213960945606,0,0
1943,3.8404479026794434,0.05573391914367676,1,1
1944,3.5531349182128906,0.04849034547805786,1,1
1945,3.756852149963379,0.050105899572372437,1,1
1946,3.285698413848877,0.4634028971195221,0,0
1947,3.6640892028808594,0.1498248428106308,0,0
1948,3.901768922805786,0.013153018429875374,0,0
1949,3.7152647972106934,0.04556497558951378,1,1
1950,3.596097946166992,0.8355536460876465,1,1
1951,3.670847177505493,0.2860029339790344,1,1
1952,3.401026964187622,0.28413769602775574,1,1
1953,3.1923441886901855,1.106951117515564,0,0
1954,3.0953586101531982,0.043899521231651306,0,0
1955,3.644378185272217,0.3202601373195648,0,0
1956,2.8885133266448975,0.04150272533297539,1,1
1957,3.2195098400115967,0.004902018699795008,0,0
1958,2.3853960037231445,0.1317647397518158,1,1
1959,2.506187915802002,0.05399792268872261,1,1
1960,2.6604220867156982,0.021565435454249382,0,0
1961,2.7186992168426514,0.05915679410099983,1,1
1962,2.73995041847229,0.10453015565872192,0,0
1963,3.0945425033569336,0.023609966039657593,0,0
1964,3.39214825630188,0.017890669405460358,0,0
1965,3.297557830810547,0.004912835545837879,1,1
1966,3.271435499191284,0.09704967588186264,1,1
1967,3.277531862258911,0.06859932094812393,1,1
1968,3.6475462913513184,0.000990379718132317,0,0
1969,3.2780439853668213,0.0030354298651218414,0,0
1970,3.3929977416992188,0.0026091791223734617,0,0
1971,3.299221992492676,0.11682174354791641,1,1
1972,3.2409141063690186,1.0142102837562561e-05,1,1
1973,3.07663893699646,0.05360395461320877,0,0
1974,3.339092493057251,0.011406698264181614,1,1
1975,3.6337738037109375,0.18209512531757355,1,1
1976,3.6326956748962402,0.002717748750001192,0,0
1977,3.0702664852142334,0.036518946290016174,1,1
1978,3.2425456047058105,0.0026746541261672974,0,0
1979,3.16828989982605,0.011953175067901611,0,0
1980,3.257378578186035,0.05078215152025223,1,1
1981,2.8216147422790527,0.0012407545000314713,0,0
1982,3.1086764335632324,0.07267188280820847,0,0
1983,3.7592318058013916,0.0005328715196810663,0,0
1984,3.6680166721343994,0.014489118941128254,1,1
1985,3.6284587383270264,0.08494596928358078,1,1
1986,3.567601442337036,0.11254718154668808,1,1
1987,3.1042051315307617,0.0004349202790763229,0,0
1988,3.7028543949127197,0.36632847785949707,1,1
1989,2.789290428161621,0.036412060260772705,1,1
1990,3.6201236248016357,0.05236002802848816,0,0
1991,3.4283125400543213,0.1661210060119629,1,1
1992,3.5983073711395264,0.0016171381575986743,0,0
1993,3.821166753768921,0.010547429323196411,1,1
1994,3.5252652168273926,0.06993528455495834,1,1
1995,2.981257677078247,0.002605237066745758,0,0
1996,3.411811590194702,0.0012701608939096332,1,1
1997,4.037360668182373,0.016960782930254936,1,1
1998,3.460672378540039,0.026001660153269768,1,1
1999,3.793553113937378,0.04075120389461517,1,1
2000,3.6325931549072266,0.006979671306908131,0,0
2001,3.204270362854004,0.20261569321155548,0,0
2002,3.14459228515625,0.008880647830665112,1,1
2003,3.548039197921753,0.004783821292221546,0,0
2004,3.157137632369995,0.026861419901251793,0,0
2005,3.578965902328491,0.09396003931760788,1,1
2006,2.9545531272888184,0.34928882122039795,1,1
2007,3.0303258895874023,0.02361886575818062,1,1
2008,3.3536975383758545,0.042110469192266464,1,1
2009,3.8169710636138916,0.5104472041130066,1,1
2010,3.6269280910491943,0.007391933351755142,0,0
2011,3.3132975101470947,0.03542080521583557,0,0
2012,3.5182604789733887,0.1829196810722351,1,1
2013,3.4636662006378174,0.09750718623399734,0,0
2014,3.43001127243042,0.2762303352355957,0,0
2015,3.240501880645752,0.0025115206371992826,1,1
2016,3.2393059730529785,0.13309220969676971,0,0
2017,3.7428627014160156,0.05907232314348221,1,1
2018,2.816049098968506,0.008764620870351791,0,0
2019,3.5713489055633545,0.026599502190947533,1,1
2020,3.4648916721343994,0.031589146703481674,0,0
2021,4.312764644622803,0.030777979642152786,0,0
2022,2.7133946418762207,0.001808781991712749,0,0
2023,3.6496505737304688,0.1963573545217514,0,0
2024,3.170006513595581,0.23667411506175995,0,0
2025,3.054210662841797,0.16830722987651825,1,1
2026,2.961225986480713,0.1864948272705078,1,1
2027,3.067347526550293,0.0699608102440834,0,0
2028,3.065992593765259,0.10272832214832306,1,1
2029,3.8956475257873535,0.0324212908744812,0,0
2030,3.522305965423584,0.11862299591302872,0,0
2031,3.4518680572509766,0.00017378070333506912,0,0
2032,3.0596916675567627,0.32440221309661865,0,0
2033,3.8161447048187256,0.009738939814269543,1,1
2034,3.1050527095794678,0.3538665473461151,1,1
2035,3.5415141582489014,0.10967780649662018,1,1
2036,2.879021406173706,0.534920871257782,0,0
2037,3.017169237136841,0.08340045809745789,0,0
2038,3.402989149093628,0.02153143659234047,0,0
2039,3.0200397968292236,0.2219434231519699,1,1
2040,3.5843570232391357,0.03832973167300224,1,1
2041,3.6258697509765625,0.29693323373794556,1,1
2042,3.4916694164276123,0.029114797711372375,1,1
2043,3.1128861904144287,0.011254665441811085,1,1
2044,3.9810264110565186,0.22242562472820282,1,1
2045,3.0734527111053467,0.037633851170539856,1,1
2046,3.571645975112915,0.0018096029525622725,1,1
2047,3.2335562705993652,0.00048711607814766467,0,0
2048,3.2606775760650635,0.020094841718673706,1,1
2049,3.4661571979522705,0.38115987181663513,1,1
2050,3.3379807472229004,0.04824414849281311,0,0
2051,2.7893080711364746,0.021946914494037628,1,1
2052,2.735227346420288,0.10776858776807785,0,0
2053,3.2183218002319336,0.08653973788022995,0,0
2054,3.671800136566162,0.15835513174533844,0,0
2055,3.6829967498779297,0.20976705849170685,1,1
2056,3.223789930343628,0.0197353083640337,0,0
2057,3.887031316757202,0.2024940699338913,1,1
2058,3.3899717330932617,0.021209781989455223,0,0
2059,3.9073281288146973,0.008070606738328934,1,1
2060,3.153308629989624,0.004685544408857822,1,1
2061,3.413583517074585,0.008513472974300385,0,0
2062,3.3288989067077637,0.07403623312711716,0,0
2063,3.533306360244751,0.031131142750382423,0,0
2064,3.366337537765503,0.00018673540034797043,0,0
2065,3.329418420791626,0.00056543352548033,1,1
2066,3.40352725982666,0.009157421067357063,0,0
2067,3.668531656265259,0.024390360340476036,1,1
2068,3.7282555103302,0.03678129240870476,0,0
2069,3.7576847076416016,0.30982789397239685,1,1
2070,3.360886335372925,0.00238734926097095,0,0
2071,2.5158793926239014,0.03145892545580864,0,0
2072,3.2301218509674072,0.3740673363208771,1,1
2073,3.166018009185791,0.09515892714262009,0,0
2074,2.972744941711426,0.20837269723415375,1,1
2075,3.1427366733551025,0.2862403988838196,0,0
2076,3.110640287399292,0.20858418941497803,1,1
2077,2.914921998977661,0.4377274215221405,1,1
2078,2.662602663040161,6.52455710223876e-05,0,0
2079,3.2067325115203857,0.0046433620154857635,1,1
2080,3.5189638137817383,0.0009818942053243518,1,1
2081,3.151712656021118,0.029950633645057678,0,0
2082,3.410703659057617,0.46970459818840027,0,0
2083,3.8273465633392334,0.001396995852701366,1,1
2084,4.086976528167725,0.006488748826086521,1,1
2085,3.7119648456573486,0.26437005400657654,1,1
2086,3.6730144023895264,0.12504273653030396,0,0
2087,4.194243431091309,0.2089545726776123,1,1
2088,3.809732675552368,0.2713122069835663,0,0
2089,3.042097330093384,0.4183328151702881,1,1
2090,3.033494710922241,0.1433371901512146,1,1
2091,3.2990219593048096,0.2355767786502838,1,1
2092,3.238391876220703,0.02005109004676342,1,1
2093,3.093837261199951,0.026546016335487366,0,0
2094,2.9861257076263428,0.12326773256063461,0,0
2095,3.41528582572937,0.07075434178113937,1,1
2096,2.816784143447876,0.0014085621805861592,1,1
2097,3.1992409229278564,0.001197624602355063,1,1
2098,3.6098885536193848,0.009874646551907063,1,1
2099,3.632875680923462,0.013617469929158688,1,1
2100,3.4456632137298584,0.1284993290901184,0,0
2101,3.9215452671051025,0.153190478682518,1,1
2102,3.6878905296325684,8.67270864546299e-05,1,1
2103,3.858942747116089,0.016650525853037834,0,0
2104,3.511275053024292,0.07662125676870346,1,1
2105,3.1450140476226807,0.17778049409389496,1,1
2106,4.1552629470825195,0.27483221888542175,1,1
2107,3.3845458030700684,0.0006829634658060968,0,0
2108,3.8421006202697754,0.06502261012792587,1,1
2109,3.2318015098571777,0.2171863615512848,1,1
2110,3.381570816040039,0.35059043765068054,0,0
2111,3.353783369064331,0.04695980250835419,0,0
2112,3.803661823272705,0.02902594581246376,1,1
2113,3.1855783462524414,0.00330931693315506,1,1
2114,3.497915267944336,0.07407300919294357,1,1
2115,3.3812718391418457,0.14214129745960236,1,1
2116,3.5677247047424316,0.06310763210058212,0,0
2117,3.26669979095459,0.0037258141674101353,1,1
2118,3.362180709838867,0.10502997785806656,1,1
2119,3.7788875102996826,0.000708930310793221,1,1
2120,3.6046741008758545,0.02180418185889721,0,0
2121,3.580019950866699,0.017999261617660522,1,1
2122,2.8868415355682373,0.0032287598587572575,1,1
2123,3.2952756881713867,0.321999192237854,0,0
2124,3.483445882797241,0.37760528922080994,0,0
2125,3.375056743621826,0.1353052854537964,0,0
2126,3.1899540424346924,0.2303321361541748,0,0
2127,3.214909791946411,0.014962221495807171,1,1
2128,3.3553812503814697,0.007091376464813948,1,1
2129,3.060838460922241,0.05561095476150513,0,0
2130,2.407555341720581,0.014769253320991993,1,1
2131,2.8053884506225586,0.0049060736782848835,0,0
2132,3.4934020042419434,8.281776536023244e-05,1,1
2133,3.0005009174346924,0.16445745527744293,0,0
2134,3.0243775844573975,0.0009311590692959726,1,1
2135,3.1823971271514893,0.11934202164411545,1,1
2136,3.2809903621673584,0.044292666018009186,0,0
2137,2.670642375946045,0.20328521728515625,1,1
2138,3.536983013153076,0.3130916953086853,0,0
2139,3.1558148860931396,0.0053637586534023285,1,1
2140,3.612232208251953,0.007653071079403162,1,1
2141,2.770054340362549,0.05452845245599747,1,1
2142,2.5430121421813965,0.0034122548531740904,0,0
2143,3.0071661472320557,0.010254145599901676,1,1
2144,2.2798879146575928,0.010604992508888245,1,1
2145,2.171298027038574,0.20867232978343964,1,1
2146,2.3014328479766846,0.47026029229164124,0,0
2147,3.5278842449188232,0.017031239345669746,1,1
2148,3.160100221633911,0.2753991484642029,1,1
2149,2.902315855026245,0.191444993019104,0,0
2150,3.355806827545166,0.7613611221313477,1,1
2151,3.480870246887207,0.4887569844722748,1,1
2152,3.0473814010620117,0.36643362045288086,1,1
2153,3.2194087505340576,0.2509876787662506,0,0
2154,3.8348381519317627,0.30128222703933716,1,1
2155,4.154940128326416,0.8379548192024231,1,1
2156,3.6005361080169678,0.3489466905593872,1,1
2157,3.3128111362457275,0.04097750410437584,1,1
2158,3.3466336727142334,0.058716338127851486,0,0
2159,3.439866781234741,0.06380776315927505,0,0
2160,3.580181360244751,0.1012551337480545,1,1
2161,3.8486499786376953,0.0013314151437953115,0,0
2162,3.440534830093384,0.17882369458675385,0,0
2163,3.7325820922851562,0.00017916495562531054,1,1
2164,3.989778757095337,0.05865088105201721,0,0
2165,3.206611156463623,9.417906767339446e-06,0,0
2166,3.2748477458953857,0.26911497116088867,1,1
2167,3.603086471557617,0.0029972686897963285,1,1
2168,3.5216336250305176,0.30195003747940063,0,0
2169,3.47269606590271,0.11793265491724014,0,0
2170,3.0800085067749023,0.002068687928840518,1,1
2171,3.7138142585754395,0.6414799094200134,0,0
2172,3.678809642791748,0.14494197070598602,0,0
2173,3.150517225265503,0.06364210695028305,0,0
2174,3.119959831237793,0.8446289300918579,1,1
2175,3.144636631011963,0.07725298404693604,1,1
2176,3.6544153690338135,1.0154904127120972,0,0
2177,3.5735676288604736,0.9924384355545044,1,1
2178,3.411522626876831,0.4128332734107971,1,1
2179,3.750431776046753,1.0763797760009766,0,0
2180,3.389523983001709,0.8969995379447937,0,0
2181,3.742330551147461,1.1636451482772827,1,1
2182,3.657406806945801,0.7219375967979431,0,0
2183,3.213670015335083,0.8015389442443848,0,0
2184,3.4289979934692383,0.3508533239364624,0,0
2185,3.194417953491211,0.7673515677452087,0,0
2186,4.0916290283203125,2.493443250656128,1,1
2187,3.428330659866333,0.8844670653343201,0,0
2188,3.416990280151367,0.48533564805984497,0,0
2189,3.2116787433624268,0.3511163294315338,0,0
2190,3.467418670654297,0.2903026044368744,1,1
2191,3.4842593669891357,0.539220929145813,0,0
2192,3.3399899005889893,0.11847680062055588,0,0
2193,3.196984052658081,0.11179087311029434,0,0
2194,3.437453031539917,0.1720494031906128,0,0
2195,3.247318744659424,0.41342875361442566,0,0
2196,2.8211376667022705,0.5558157563209534,0,0
2197,3.6308932304382324,0.66079181432724,1,1
2198,3.7934086322784424,0.7393094897270203,1,1
2199,3.4728262424468994,0.3537517488002777,1,1
2200,3.2739598751068115,0.17145748436450958,0,0
2201,3.5428049564361572,0.7478642463684082,1,1
2202,2.945810079574585,0.09380627423524857,1,1
2203,3.303974151611328,0.12283442169427872,0,0
2204,3.584648609161377,0.05029618367552757,1,1
2205,3.2286741733551025,0.0051885186694562435,0,0
2206,2.661510467529297,0.03693321719765663,0,0
2207,2.917067050933838,7.627764716744423e-05,1,1
2208,3.2914865016937256,0.282135009765625,1,1
2209,3.148836374282837,0.02346782758831978,0,0
2210,3.2438127994537354,0.2675752341747284,0,0
2211,3.151803493499756,0.335153192281723,0,0
2212,3.476065158843994,0.02288896031677723,0,0
2213,3.329993963241577,0.004869639873504639,1,1
2214,3.361185073852539,0.4524708688259125,0,0
2215,3.60562801361084,0.36340218782424927,1,1
2216,3.494093894958496,0.08648296445608139,0,0
2217,3.1868045330047607,0.10773056745529175,0,0
2218,3.2094602584838867,0.4597313106060028,1,1
2219,3.2488317489624023,0.6283461451530457,0,0
2220,3.1825754642486572,0.5351750254631042,1,1
2221,3.1115376949310303,0.27268120646476746,0,0
2222,3.39776611328125,0.14366620779037476,0,0
2223,3.204474687576294,0.05925071984529495,1,1
2224,3.170731544494629,0.2077564001083374,0,0
2225,3.3455262184143066,0.6118406653404236,0,0
2226,3.7871694564819336,0.1894991546869278,1,1
2227,3.6501190662384033,1.0278981924057007,0,0
2228,3.5806968212127686,0.43610715866088867,0,0
2229,3.370525598526001,1.028407096862793,0,0
2230,3.7456107139587402,0.6999680399894714,0,0
2231,3.7648239135742188,1.6539134979248047,0,0
2232,3.8328497409820557,1.3829783201217651,0,0
2233,4.175934314727783,0.3027990758419037,0,0
2234,3.719576120376587,0.38712915778160095,0,0
2235,3.9336483478546143,0.5094823837280273,0,0
2236,3.4009323120117188,0.5613550543785095,0,0
2237,2.7235801219940186,0.7047073841094971,1,1
2238,2.783900499343872,0.5078855752944946,0,0
2239,2.2653231620788574,0.22940674424171448,0,0
2240,2.7367630004882812,1.2893770933151245,1,1
2241,2.543849468231201,0.33914288878440857,0,0
2242,2.716872453689575,0.5165882110595703,0,0
2243,2.5131313800811768,0.865600049495697,1,1
2244,2.7593460083007812,0.0016062901122495532,0,0
2245,2.7584331035614014,0.24884562194347382,1,1
2246,2.5570478439331055,0.01529457326978445,1,1
2247,2.6877284049987793,0.004026165697723627,0,0
2248,2.5125715732574463,0.0985284075140953,1,1
2249,2.9776487350463867,0.2559824287891388,1,1
2250,2.614177703857422,0.5032058954238892,1,1
2251,2.8849434852600098,0.6368045210838318,0,0
2252,2.4826860427856445,0.47004857659339905,0,0
2253,2.5375523567199707,0.13324718177318573,1,1
2254,2.590017557144165,0.05357715114951134,1,1
2255,2.863673210144043,0.02494814805686474,0,0
2256,3.4409725666046143,0.0020467997528612614,0,0
2257,3.7345950603485107,0.09155000001192093,1,1
2258,2.925473213195801,0.00017403523088432848,1,1
2259,3.504044771194458,0.40164968371391296,1,1
2260,3.634148597717285,0.7725339531898499,1,1
2261,3.55660343170166,0.03859090805053711,1,1
2262,4.124905586242676,0.0024404525756835938,0,0
2263,4.550316333770752,0.03655953332781792,1,1
2264,4.738667011260986,0.0029467628337442875,1,1
2265,4.866881370544434,0.04902307316660881,1,1
2266,4.778095245361328,0.015232575125992298,0,0
2267,3.6587424278259277,0.012529715895652771,1,1
2268,3.4040424823760986,0.07835664600133896,1,1
2269,3.3310675621032715,0.11221718788146973,1,1
2270,3.4395394325256348,0.1370931714773178,1,1
2271,3.8727169036865234,0.03454359993338585,1,1
2272,3.8575851917266846,0.041518453508615494,1,1
2273,3.483482837677002,0.08621072769165039,0,0
2274,3.9869158267974854,0.02206430397927761,1,1
2275,4.166526794433594,0.003650795668363571,1,1
2276,3.4814293384552,0.12143814563751221,1,1
2277,3.569826602935791,0.277855783700943,0,0
2278,3.9372751712799072,0.036360517144203186,1,1
2279,4.132413864135742,0.005670526064932346,1,1
2280,3.740388870239258,0.03874652087688446,1,1
2281,3.7791078090667725,0.05605333670973778,0,0
2282,3.692308187484741,0.016004396602511406,1,1
2283,3.5175931453704834,0.06763215363025665,1,1
2284,3.910031318664551,0.03951777145266533,1,1
2285,3.620417594909668,0.3249301314353943,0,0
2286,4.499566555023193,0.08666469156742096,0,0
2287,3.1352407932281494,0.9026753306388855,1,1
2288,4.195941925048828,0.0248385202139616,1,1
2289,3.551565408706665,0.0012387157185003161,1,1
2290,3.484097957611084,0.5463164448738098,0,0
2291,3.418651580810547,0.5109023451805115,0,0
2292,3.5751800537109375,0.20600064098834991,0,0
2293,3.1948230266571045,0.24290242791175842,0,0
2294,2.3841850757598877,0.5540903806686401,1,1
2295,2.2826435565948486,0.2224893420934677,0,0
2296,2.6197891235351562,0.01124647632241249,1,1
2297,2.6313531398773193,0.0025357608683407307,0,0
2298,2.913116931915283,0.02128574252128601,1,1
2299,2.8555569648742676,0.14965306222438812,1,1
2300,2.872723340988159,0.16035066545009613,0,0
2301,3.1597955226898193,0.0017485477728769183,1,1
2302,2.877117872238159,0.012430530972778797,1,1
2303,2.9429056644439697,0.019586458802223206,0,0
2304,3.5549068450927734,0.02113114856183529,0,0
2305,3.142791271209717,0.12662431597709656,1,1
2306,3.5651235580444336,0.04685111716389656,1,1
2307,3.082000255584717,0.2904898524284363,0,0
2308,3.4388227462768555,0.48797470331192017,1,1
2309,3.025358200073242,0.9718570709228516,0,0
2310,3.3405818939208984,0.7485153675079346,1,1
2311,3.9567642211914062,0.954053521156311,1,1
2312,3.182950973510742,0.493938684463501,1,1
2313,2.6714372634887695,0.6673348546028137,0,0
2314,3.249390125274658,0.7038813233375549,1,1
2315,3.1035120487213135,0.0027825271245092154,0,0
2316,3.0010719299316406,0.1811409741640091,0,0
2317,3.191757917404175,0.4269152283668518,0,0
2318,3.016714572906494,1.0015734434127808,1,1
2319,3.2601144313812256,0.08278290182352066,1,1
2320,3.604807138442993,0.0600237213075161,1,1
2321,3.2794859409332275,0.023767409846186638,0,0
2322,3.506035327911377,0.10433056205511093,1,1
2323,3.1704635620117188,0.0025689140893518925,0,0
2324,3.3047516345977783,0.002471059560775757,1,1
2325,3.476581335067749,0.010818734765052795,1,1
2326,3.296143054962158,0.0006218493217602372,0,0
2327,3.1827452182769775,0.08318322151899338,1,1
2328,2.845820665359497,0.008531291037797928,1,1
2329,3.215707778930664,0.12915052473545074,0,0
2330,3.4098775386810303,2.750901460647583,1,1
2331,3.2005624771118164,0.5189770460128784,0,0
2332,3.394725799560547,0.16564148664474487,0,0
2333,3.106854200363159,0.017061477527022362,0,0
2334,3.5149178504943848,0.10723699629306793,1,1
2335,3.209440231323242,0.033102523535490036,0,0
2336,3.4447669982910156,0.03414655849337578,1,1
2337,3.849782705307007,0.062011778354644775,0,0
2338,3.614020824432373,0.0011572265066206455,0,0
2339,4.218286514282227,0.1637459546327591,1,1
2340,3.613257646560669,0.020083900541067123,0,0
2341,4.024198055267334,0.09067609906196594,1,1
2342,3.4013960361480713,0.39040252566337585,1,1
2343,2.5815634727478027,0.005781523883342743,1,1
2344,2.979416608810425,0.03196762129664421,1,1
2345,3.5097334384918213,0.08684661239385605,0,0
2346,3.8236382007598877,0.39000463485717773,1,1
2347,3.892880439758301,0.1055874153971672,1,1
2348,3.7387638092041016,0.001063350704498589,1,1
2349,3.9280810356140137,0.583816409111023,0,0
2350,4.018444061279297,0.5110265612602234,0,0
2351,3.864732503890991,0.1762862354516983,0,0
2352,3.4982035160064697,0.18865150213241577,1,1
2353,3.9859204292297363,0.23173299431800842,0,0
2354,3.978452682495117,0.5842884182929993,1,1
2355,3.5849409103393555,0.5010039806365967,0,0
2356,4.161380767822266,0.15857025980949402,1,1
2357,4.289309978485107,0.07694215327501297,1,1
2358,3.515500068664551,0.3427831828594208,0,0
2359,3.645128011703491,1.1197201013565063,1,1
2360,3.508002519607544,0.7575430274009705,0,0
2361,3.7815451622009277,3.862530138576403e-05,1,1
2362,3.4269676208496094,0.1397717446088791,0,0
2363,3.076414108276367,0.06143157556653023,0,0
2364,3.2337286472320557,0.03354646638035774,0,0
2365,3.5931975841522217,0.020882178097963333,0,0
2366,2.882530927658081,0.07355909794569016,0,0
2367,2.984531879425049,0.0021377280354499817,0,0
2368,3.4598584175109863,0.08277734369039536,1,1
2369,2.5406901836395264,0.03960222378373146,0,0
2370,3.4478588104248047,0.016710352152585983,0,0
2371,3.5726161003112793,0.08013331145048141,1,1
2372,3.389462947845459,0.03329242393374443,1,1
2373,3.5977683067321777,0.43668094277381897,1,1
2374,3.2970046997070312,0.0004237228131387383,1,1
2375,3.1550633907318115,0.1745966076850891,1,1
2376,3.493267774581909,0.11688772588968277,0,0
2377,3.7362334728240967,0.16465319693088531,1,1
2378,3.5302982330322266,0.003221087157726288,1,1
2379,3.390045404434204,0.042312707751989365,1,1
2380,3.1232314109802246,0.003269466105848551,1,1
2381,3.1602694988250732,0.062170494347810745,0,0
2382,3.5870165824890137,0.04934410750865936,1,1
2383,3.0688042640686035,0.319877952337265,1,1
2384,3.2413651943206787,0.2948439419269562,1,1
2385,3.4368700981140137,0.044288601726293564,0,0
2386,3.1684892177581787,0.012348893098533154,1,1
2387,2.95455265045166,2.4893228328437544e-05,1,1
2388,3.360509157180786,0.20558035373687744,0,0
2389,3.188375949859619,0.051699645817279816,0,0
2390,3.1867451667785645,0.1313936561346054,1,1
2391,3.433187484741211,0.49696826934814453,0,0
2392,3.3612163066864014,0.16330108046531677,0,0
2393,3.1256604194641113,0.12393271923065186,1,1
2394,3.504469871520996,0.04489180073142052,1,1
2395,3.4079842567443848,0.0012400747509673238,1,1
2396,3.412843704223633,0.22733144462108612,0,0
2397,3.594444513320923,0.21217842400074005,0,0
2398,3.466818332672119,0.2514423429965973,1,1
2399,3.162933826446533,0.004693474620580673,0,0
2400,3.2730603218078613,0.6813616752624512,0,0
2401,3.448117733001709,0.0009465352050028741,1,1
2402,3.5117132663726807,0.01120149064809084,0,0
2403,3.450268268585205,0.3528798222541809,0,0
2404,3.117490530014038,0.1566469818353653,1,1
2405,3.2322189807891846,1.2204423910588957e-05,1,1
2406,3.0924997329711914,0.01264665462076664,0,0
2407,3.288526773452759,0.0037081632763147354,1,1
2408,2.781895875930786,0.06341832131147385,0,0
2409,2.7888576984405518,0.019789574667811394,0,0
2410,3.171553373336792,0.03245257958769798,1,1
2411,3.218189001083374,0.013153018429875374,0,0
2412,3.502454996109009,0.0017533935606479645,0,0
2413,3.15299916267395,0.02630755864083767,0,0
2414,3.4266140460968018,0.004770481027662754,0,0
2415,3.4612832069396973,0.03730134665966034,1,1
2416,3.5085320472717285,0.09593451768159866,1,1
2417,3.6252388954162598,0.11584743112325668,1,1
2418,3.2314960956573486,0.35004207491874695,0,0
2419,3.1717910766601562,0.10509878396987915,0,0
2420,3.4311740398406982,0.1088738963007927,1,1
2421,3.4738454818725586,0.0027328624855726957,0,0
2422,3.2139618396759033,0.07278119027614594,0,0
2423,3.5438966751098633,0.006902486085891724,1,1
2424,3.314429521560669,0.07169698923826218,1,1
2425,3.638011932373047,0.07417284697294235,0,0
2426,3.360503673553467,0.025970546528697014,0,0
2427,3.449599266052246,0.21454095840454102,0,0
2428,4.03860330581665,0.06798900663852692,1,1
2429,3.30161452293396,0.05840807035565376,0,0
2430,3.6096034049987793,0.08325560390949249,0,0
2431,4.148964881896973,0.030893215909600258,1,1
2432,3.9295778274536133,0.06468836963176727,0,0
2433,3.8034794330596924,0.11869613081216812,0,0
2434,4.73927640914917,0.3213970959186554,0,0
2435,3.397627353668213,0.41025781631469727,1,1
2436,3.0904483795166016,0.2460612803697586,0,0
2437,3.4271280765533447,0.0011836388148367405,1,1
2438,3.5447349548339844,0.06157517433166504,1,1
2439,2.662351131439209,0.0002659950405359268,0,0
2440,3.9251444339752197,0.00986697617918253,1,1
2441,3.2612428665161133,0.1326489895582199,1,1
2442,3.783287286758423,0.10009767860174179,0,0
2443,3.5748136043548584,0.08653973788022995,1,1
2444,3.6794869899749756,0.0008365148096345365,1,1
2445,3.7877814769744873,0.5050559639930725,1,1
2446,3.439720392227173,0.3509219288825989,0,0
2447,3.1655054092407227,0.138497456908226,0,0
2448,3.364823818206787,0.07099585235118866,1,1
2449,3.1952478885650635,0.003769532311707735,1,1
2450,3.2540273666381836,0.133747860789299,1,1
2451,3.100834846496582,0.15722043812274933,1,1
2452,3.1446053981781006,1.1869613445014693e-05,1,1
2453,2.6368870735168457,0.006078764796257019,1,1
2454,3.5881383419036865,0.22211623191833496,0,0
2455,3.602459669113159,0.05801224708557129,0,0
2456,3.4706785678863525,0.05740485340356827,1,1
2457,3.043287754058838,0.04669250175356865,0,0
2458,3.1777660846710205,7.443465437972918e-05,1,1
2459,3.149207830429077,0.10045217722654343,0,0
2460,3.275418519973755,0.020812509581446648,0,0
2461,3.659470319747925,0.002896685851737857,0,0
2462,3.5779523849487305,0.13633669912815094,1,1
2463,3.3976051807403564,0.004832000471651554,1,1
2464,2.5887622833251953,0.07981672883033752,0,0
2465,2.729374885559082,0.03692951053380966,0,0
2466,2.492330551147461,0.14530225098133087,0,0
2467,3.262197494506836,0.23401491343975067,0,0
2468,3.0886645317077637,0.2312222570180893,1,1
2469,3.5928280353546143,0.07116565853357315,0,0
2470,3.8490099906921387,0.0012063236208632588,0,0
2471,3.165487289428711,7.79726542532444e-05,0,0
2472,2.991020441055298,0.11954881250858307,1,1
2473,3.5517635345458984,0.001519315061159432,0,0
2474,3.6272096633911133,0.0070670172572135925,1,1
2475,3.637744188308716,9.957291331375018e-05,1,1
2476,2.9110498428344727,0.004043329507112503,0,0
2477,3.593895673751831,0.008663724176585674,0,0
2478,3.5267910957336426,0.00015618512406945229,0,0
2479,3.2682156562805176,0.022357705980539322,0,0
2480,3.7740745544433594,2.787355469990871e-06,0,0
2481,2.6280994415283203,0.013971096836030483,0,0
2482,3.8384745121002197,0.003443896770477295,1,1
2483,3.1189043521881104,0.3780561089515686,1,1
2484,3.6181561946868896,0.0038015954196453094,1,1
2485,2.6364235877990723,0.1433371901512146,1,1
2486,3.086550712585449,0.043709661811590195,0,0
2487,2.826688289642334,0.11363762617111206,0,0
2488,3.1152894496917725,0.0031167850829660892,0,0
2489,3.1189937591552734,0.011111789382994175,0,0
2490,3.0521974563598633,0.034777164459228516,0,0
2491,3.4573192596435547,0.005119237583130598,1,1
2492,3.0933868885040283,0.0004969630390405655,0,0
2493,2.9313368797302246,0.03046724759042263,1,1
2494,3.298292875289917,0.14335180819034576,0,0
2495,4.106089115142822,0.27834436297416687,1,1
2496,3.357186794281006,0.2670662999153137,0,0
2497,3.437955617904663,0.4485584795475006,1,1
2498,3.6007726192474365,0.17567896842956543,1,1
2499,3.9920082092285156,0.009780890308320522,1,1
2500,3.6981236934661865,0.007161438465118408,1,1
2501,2.6011998653411865,0.09163177758455276,0,0
2502,2.8827273845672607,0.12361357361078262,0,0
2503,3.443718671798706,0.034701623022556305,1,1
2504,2.8636434078216553,0.0699659213423729,0,0
2505,3.1652066707611084,0.019518988206982613,1,1
2506,3.3439691066741943,0.01517545711249113,1,1
2507,3.304154396057129,8.663628250360489e-06,0,0
2508,3.785635471343994,0.004977986216545105,1,1
2509,3.542097330093384,0.32141897082328796,1,1
2510,3.6088154315948486,0.24224650859832764,0,0
2511,2.797093391418457,0.4369870722293854,1,1
2512,3.523465394973755,0.6348192095756531,0,0
2513,3.5055091381073,0.6427481770515442,1,1
2514,3.644827365875244,0.8453208208084106,0,0
2515,3.6695454120635986,0.3759703040122986,0,0
2516,3.2359962463378906,0.16251425445079803,0,0
2517,3.5152626037597656,0.3205551207065582,0,0
2518,3.581096649169922,0.33944645524024963,0,0
2519,3.5778074264526367,0.9543929100036621,0,0
2520,3.580944538116455,0.1326489895582199,1,1
2521,3.316857099533081,0.30532145500183105,0,0
2522,3.919816493988037,0.4095040261745453,0,0
2523,3.6091156005859375,0.8096984028816223,1,1
2524,3.4412522315979004,0.09985356777906418,1,1
2525,3.489938974380493,0.010672680102288723,1,1
2526,3.7402734756469727,4.218230242258869e-05,1,1
2527,3.6617846488952637,0.05907232314348221,0,0
2528,3.832101345062256,0.002459559589624405,1,1
2529,3.553534507751465,0.013498358428478241,0,0
2530,4.115440368652344,0.005018923431634903,0,0
2531,3.5895087718963623,0.006717727519571781,0,0
2532,3.771365165710449,0.11893563717603683,1,1
2533,3.70572829246521,0.03599340841174126,0,0
2534,3.75335955619812,0.06391995400190353,1,1
2535,3.874598503112793,0.0030036121606826782,0,0
2536,3.37404465675354,0.018813589587807655,0,0
2537,3.4775900840759277,5.8271085435990244e-05,1,1
2538,3.6401712894439697,0.1688619703054428,0,0
2539,3.734097719192505,0.06299615651369095,1,1
2540,3.693535327911377,0.22478032112121582,1,1
2541,3.986809492111206,3.363946598256007e-05,1,1
2542,3.0706355571746826,0.0025057203602045774,0,0
2543,2.771653413772583,0.05500724911689758,0,0
2544,2.8254873752593994,0.08238354325294495,1,1
2545,3.0017569065093994,0.002334830118343234,0,0
2546,3.0269346237182617,0.28526023030281067,1,1
2547,2.6476657390594482,0.0031092469580471516,1,1
2548,3.44710373878479,0.01319067645817995,1,1
2549,2.6666743755340576,0.00839987862855196,0,0
2550,2.943164587020874,0.030325913801789284,0,0
2551,2.3787941932678223,0.10565642267465591,1,1
2552,3.1703076362609863,0.2278747409582138,1,1
2553,3.4133477210998535,0.04360884055495262,0,0
2554,3.128701686859131,0.02284226380288601,0,0
2555,2.6905808448791504,0.02325247973203659,0,0
2556,3.302976608276367,0.010557343252003193,1,1
2557,2.763767719268799,9.035924449563026e-05,0,0
2558,3.1826698780059814,0.008753783069550991,0,0
2559,3.2442173957824707,0.005057282745838165,0,0
2560,3.3854479789733887,0.017944924533367157,1,1
2561,3.2842164039611816,0.03382277116179466,0,0
2562,2.9553651809692383,0.049202725291252136,0,0
2563,3.2166800498962402,0.0026200355496257544,0,0
2564,3.339585304260254,0.0038051665760576725,1,1
2565,2.850198268890381,0.000951887050177902,1,1
2566,2.9660134315490723,0.24946220219135284,0,0
2567,3.3220460414886475,0.02617623843252659,0,0
2568,2.990488052368164,0.3815770149230957,0,0
2569,3.753614664077759,0.22276253998279572,1,1
2570,3.177198886871338,7.9514087701682e-05,0,0
2571,3.431325674057007,0.02940533496439457,1,1
2572,3.172746419906616,0.6720417141914368,1,1
2573,3.4186012744903564,0.059537649154663086,0,0
2574,3.2945666313171387,0.00950606632977724,1,1
2575,3.2000973224639893,0.052139438688755035,1,1
2576,3.206252098083496,0.143717423081398,0,0
2577,3.6393332481384277,0.012607614509761333,1,1
2578,3.1933505535125732,0.006957114674150944,0,0
2579,3.532027244567871,0.16274777054786682,1,1
2580,3.512857675552368,0.038220226764678955,1,1
2581,3.3343069553375244,3.990624009020394e-06,0,0
2582,3.8927018642425537,0.004937216639518738,1,1
2583,3.3537914752960205,0.0049155415035784245,0,0
2584,3.4505059719085693,0.2616578936576843,1,1
2585,3.7090559005737305,0.023880617693066597,1,1
2586,3.9562571048736572,0.34322401881217957,1,1
2587,3.779665946960449,0.18261437118053436,1,1
2588,3.5200021266937256,0.057933248579502106,1,1
2589,3.829798460006714,0.01161376852542162,0,0
2590,3.4361093044281006,0.01709679327905178,1,1
2591,3.524261236190796,0.09760364145040512,1,1
2592,3.6899898052215576,0.16349612176418304,1,1
2593,3.3862216472625732,0.34433305263519287,1,1
2594,3.5204007625579834,0.041341666132211685,1,1
2595,3.607278347015381,0.09231076389551163,1,1
2596,3.384474277496338,0.018855972215533257,0,0
2597,3.576982021331787,0.0005839407676830888,0,0
2598,3.520883083343506,0.01979500614106655,1,1
2599,3.0853240489959717,0.13553257286548615,0,0
2600,4.068995475769043,0.0050463080406188965,0,0
2601,3.521211862564087,0.0006098748417571187,0,0
2602,3.2269067764282227,0.0009094947017729282,1,1
2603,3.719717264175415,0.06488978862762451,1,1
2604,3.856994152069092,0.516296923160553,1,1
2605,3.6406586170196533,0.14018334448337555,1,1
2606,3.6171629428863525,0.5140111446380615,0,0
2607,3.2968099117279053,0.012890922836959362,0,0
2608,3.687612533569336,0.11138468235731125,1,1
2609,3.6156768798828125,0.15660879015922546,0,0
2610,3.7020978927612305,0.4446759819984436,1,1
2611,4.153599739074707,0.03492489829659462,1,1
2612,3.794062614440918,0.005727351177483797,1,1
2613,3.592038154602051,0.013172948732972145,0,0
2614,3.779055118560791,0.1092180609703064,1,1
2615,3.547158718109131,0.11157801002264023,1,1
2616,3.55391788482666,0.0011408701539039612,0,0
2617,4.238204002380371,0.12072622776031494,1,1
2618,3.825533866882324,0.03363136574625969,1,1
2619,3.4786462783813477,0.010250236839056015,0,0
2620,3.645320177078247,0.0024509523063898087,0,0
2621,2.6963295936584473,0.06364210695028305,0,0
2622,3.6551995277404785,0.2534109055995941,1,1
2623,2.9113247394561768,0.05490317940711975,0,0
2624,3.4859542846679688,0.004490756895393133,0,0
2625,3.341277837753296,0.05716463923454285,0,0
2626,3.0859925746917725,0.007565521635115147,0,0
2627,3.2937746047973633,0.000984314945526421,0,0
2628,3.0345427989959717,0.004399393685162067,0,0
2629,3.7643589973449707,0.17161735892295837,1,1
2630,3.5320777893066406,0.012376791797578335,1,1
2631,3.3685123920440674,0.046425960958004,0,0
2632,3.4631335735321045,0.012488700449466705,1,1
2633,2.9627232551574707,0.07275515049695969,0,0
2634,2.8656461238861084,0.0008829162688925862,1,1
2635,2.4595370292663574,0.26797473430633545,1,1
2636,3.3877904415130615,0.19453132152557373,0,0
2637,3.027637481689453,0.013579207472503185,1,1
2638,3.217900037765503,0.010332473553717136,0,0
2639,3.2242884635925293,0.0036193763371556997,1,1
2640,3.54158878326416,0.05742335319519043,1,1
2641,3.638174295425415,0.015301734209060669,1,1
2642,3.244863271713257,0.02115359902381897,1,1
2643,3.715182065963745,0.00689286831766367,1,1
2644,3.1691508293151855,0.00510957557708025,0,0
2645,3.112062454223633,0.036275919526815414,1,1
2646,3.786059617996216,0.18753819167613983,1,1
2647,3.8402204513549805,0.2869430184364319,1,1
2648,2.795445680618286,0.5700652003288269,0,0
2649,1.6186776161193848,0.42827826738357544,1,1
2650,2.1198132038116455,0.6815050840377808,0,0
2651,2.461090326309204,0.12460631132125854,1,1
2652,2.7838499546051025,0.22223451733589172,0,0
2653,3.410712480545044,0.034221500158309937,1,1
2654,2.9811947345733643,0.005935159511864185,1,1
2655,3.4935145378112793,0.20736949145793915,1,1
2656,2.677724838256836,0.07832963019609451,0,0
2657,3.062927484512329,0.13230475783348083,0,0
2658,3.34783673286438,0.062396883964538574,1,1
2659,3.3381190299987793,0.3205551207065582,1,1
2660,3.0415632724761963,0.01296553760766983,0,0
2661,3.198537588119507,0.4893508851528168,1,1
2662,3.370117664337158,0.10992083698511124,0,0
2663,2.838937759399414,0.06878649443387985,1,1
2664,3.054300546646118,0.015739351511001587,0,0
2665,3.017171859741211,0.10587611049413681,1,1
2666,3.0973846912384033,0.18997837603092194,0,0
2667,3.471764087677002,0.09218179434537888,1,1
2668,3.569817304611206,0.14564087986946106,1,1
2669,3.567197322845459,0.006883257068693638,0,0
2670,3.394347667694092,0.03780253231525421,1,1
2671,3.7353951930999756,0.17864416539669037,1,1
2672,3.472445011138916,0.00011004218686139211,1,1
2673,3.2953009605407715,0.04619751125574112,0,0
2674,3.4939823150634766,0.2839936912059784,1,1
2675,3.8005530834198,0.03991780802607536,0,0
2676,3.2890141010284424,0.043689485639333725,1,1
2677,3.634943723678589,0.00043010347872041166,0,0
2678,3.2646474838256836,0.006924954243004322,1,1
2679,3.7996702194213867,0.005473155062645674,1,1
2680,3.740247964859009,0.0024576454889029264,1,1
2681,3.1466989517211914,0.10293257236480713,0,0
2682,3.0432066917419434,0.053559280931949615,0,0
2683,3.8226304054260254,0.07140270620584488,1,1
2684,3.4079182147979736,0.31304848194122314,0,0
2685,3.7967991828918457,0.4048854410648346,1,1
2686,2.858402967453003,0.0581890344619751,0,0
2687,3.4095568656921387,0.5186989903450012,0,0
2688,4.356297016143799,0.19502538442611694,1,1
2689,3.606733560562134,0.1731559783220291,0,0
2690,2.7490038871765137,0.4622998833656311,1,1
2691,2.9729344844818115,0.00943469163030386,0,0
2692,2.617220163345337,0.05546540021896362,1,1
2693,2.7642171382904053,0.00463284645229578,0,0
2694,2.9288954734802246,0.0007538148202002048,0,0
2695,2.9063496589660645,0.02705155313014984,1,1
2696,2.764155626296997,0.06974145770072937,0,0
2697,2.7098007202148438,0.00554478308185935,0,0
2698,2.898195743560791,0.0352756530046463,0,0
2699,3.0754222869873047,0.046384379267692566,1,1
2700,2.34775447845459,0.1525716632604599,0,0
2701,2.859506607055664,0.22232548892498016,1,1
2702,2.6031253337860107,0.06782805174589157,0,0
2703,3.2772605419158936,0.13946162164211273,1,1
2704,2.6290955543518066,0.08548686653375626,1,1
2705,2.8038618564605713,0.01818878762423992,0,0
2706,2.5761940479278564,0.062396883964538574,1,1
2707,2.5711607933044434,0.012194947339594364,0,0
2708,2.8214223384857178,0.009013921022415161,1,1
2709,2.768519163131714,0.00995921716094017,0,0
2710,2.9381299018859863,0.0039797620847821236,1,1
2711,3.057673454284668,0.02246461622416973,0,0
2712,2.921196460723877,0.001609385828487575,0,0
2713,3.5499517917633057,0.07874070852994919,1,1
2714,3.9285643100738525,0.5689290761947632,1,1
2715,3.0710506439208984,0.006439092103391886,0,0
2716,4.269888877868652,0.04194032773375511,1,1
2717,3.848581552505493,0.1876719444990158,1,1
2718,3.9398531913757324,0.12280736118555069,1,1
2719,3.709188461303711,0.12589047849178314,1,1
2720,4.017424583435059,0.7166829705238342,0,0
2721,3.635270595550537,0.24270270764827728,1,1
2722,3.899759292602539,0.2738818824291229,1,1
2723,3.7846179008483887,0.0031687214504927397,1,1
2724,3.8181214332580566,0.024348177015781403,1,1
2725,3.8799667358398438,0.010160545818507671,0,0
2726,3.520326614379883,0.03809957578778267,1,1
2727,3.691537857055664,0.10750263184309006,0,0
2728,3.6476385593414307,0.05994808301329613,0,0
2729,4.353569030761719,0.22452418506145477,1,1
2730,3.3487932682037354,2.2452417397289537e-05,0,0
2731,3.1232893466949463,0.03724545240402222,1,1
2732,3.5831942558288574,0.02551840804517269,1,1
2733,3.288602590560913,0.0023479051887989044,0,0
2734,2.1171326637268066,0.000766586628742516,0,0
2735,3.139387845993042,0.05708160623908043,1,1
2736,2.9055984020233154,0.3425007164478302,0,0
2737,3.011737108230591,0.03942573815584183,0,0
2738,3.170269012451172,0.05979223921895027,0,0
2739,3.052626371383667,0.240255668759346,1,1
2740,3.1886422634124756,0.055615510791540146,1,1
2741,3.640035629272461,0.35255885124206543,0,0
2742,3.467641830444336,0.2455732375383377,1,1
2743,3.3813352584838867,0.06466381996870041,1,1
2744,2.897493362426758,0.17249803245067596,0,0
2745,3.1431050300598145,0.37231048941612244,1,1
2746,2.8390233516693115,0.03429652377963066,0,0
2747,2.8123276233673096,0.016134068369865417,0,0
2748,3.485078811645508,0.14882540702819824,0,0
2749,3.4173457622528076,0.0603836365044117,0,0
2750,3.7836763858795166,0.030568400397896767,1,1
2751,3.778625726699829,0.028212929144501686,0,0
2752,3.717302083969116,0.0010433056158944964,0,0
2753,3.907366991043091,0.009901516139507294,1,1
2754,3.6123132705688477,0.0024797022342681885,0,0
2755,3.350349187850952,0.01377558708190918,1,1
2756,3.4117074012756348,0.17074692249298096,0,0
2757,3.975759744644165,0.12662431597709656,1,1
2758,3.8189048767089844,0.04576294869184494,0,0
2759,4.037018299102783,0.07440431416034698,0,0
2760,4.0794243812561035,0.14260739088058472,0,0
2761,3.3512887954711914,0.0193655863404274,1,1
2762,3.951045513153076,0.059957534074783325,0,0
2763,3.7963898181915283,0.10668782144784927,0,0
2764,3.9656260013580322,0.011634577997028828,1,1
2765,3.724641799926758,0.057664114981889725,0,0
2766,3.688364028930664,0.07491058856248856,0,0
2767,3.3746819496154785,0.06342317909002304,0,0
2768,3.7189431190490723,0.1672794222831726,1,1
2769,2.9908125400543213,0.05229821801185608,1,1
2770,3.140064239501953,0.06602058559656143,1,1
2771,3.0119502544403076,0.35345330834388733,0,0
2772,3.8075027465820312,0.35995474457740784,0,0
2773,2.998058557510376,0.02681715227663517,0,0
2774,2.8970694541931152,0.6079668402671814,1,1
2775,2.6645421981811523,1.085530400276184,0,0
2776,3.3007278442382812,0.6462810635566711,1,1
2777,2.800670862197876,0.11075430363416672,0,0
2778,2.905189037322998,0.018392393365502357,0,0
2779,2.7858548164367676,0.12507687509059906,1,1
2780,2.7378835678100586,0.008880647830665112,0,0
2781,2.9642693996429443,0.13780874013900757,0,0
2782,3.013005018234253,0.08716543018817902,0,0
2783,3.2929608821868896,0.2896374464035034,0,0
2784,2.6253468990325928,0.01275541353970766,0,0
2785,2.80208420753479,0.19046662747859955,0,0
2786,2.8078460693359375,0.27118155360221863,0,0
2787,2.6892290115356445,0.23751996457576752,1,1
2788,2.640960454940796,0.19685371220111847,0,0
2789,2.9328510761260986,0.2632993459701538,1,1
2790,2.6167171001434326,0.022015592083334923,0,0
2791,2.678558826446533,0.011551451869308949,1,1
2792,2.5214154720306396,0.004087632987648249,0,0
2793,2.9746501445770264,0.033468738198280334,1,1
2794,2.645259141921997,0.24790294468402863,1,1
2795,2.9110465049743652,1.181325912475586,1,1
2796,2.9886157512664795,0.3452170491218567,1,1
2797,2.8842363357543945,1.2517404556274414,0,0
2798,3.2509500980377197,0.3046818673610687,0,0
2799,3.2039051055908203,0.5220544338226318,0,0
2800,3.3049063682556152,0.8520598411560059,0,0
2801,4.002650260925293,0.7711434960365295,1,1
2802,3.89540433883667,0.7037032246589661,1,1
2803,3.345158576965332,0.47385403513908386,0,0
2804,3.331378698348999,0.0783836618065834,0,0
2805,3.444329261779785,0.32682523131370544,1,1
2806,3.4536404609680176,0.7846769094467163,0,0
2807,3.7423205375671387,0.2530806362628937,1,1
2808,3.4273173809051514,0.17721128463745117,1,1
2809,3.682020902633667,0.1232135221362114,0,0
2810,3.512622833251953,0.16637283563613892,1,1
2811,3.8119139671325684,0.7290725111961365,0,0
2812,3.6833317279815674,0.3093124330043793,1,1
2813,4.117036819458008,0.08312755823135376,1,1
2814,3.6265549659729004,0.02584937773644924,0,0
2815,3.9203848838806152,0.012445598840713501,0,0
2816,3.4354324340820312,0.08075738698244095,1,1
2817,3.396918773651123,0.5847606062889099,1,1
2818,3.98191499710083,0.27999642491340637,1,1
2819,2.949517250061035,0.42705392837524414,0,0
2820,3.054527759552002,0.4293905198574066,1,1
2821,3.258190631866455,0.06731629371643066,0,0
2822,2.866624116897583,0.0023516477085649967,1,1
2823,3.541569232940674,0.017800426110625267,0,0
2824,3.460946559906006,0.006513648666441441,0,0
2825,4.305631160736084,0.010379613377153873,1,1
2826,3.282029628753662,0.01721308007836342,0,0
2827,3.7875962257385254,0.12519976496696472,1,1
2828,3.1033942699432373,0.00937479455024004,1,1
2829,3.5466506481170654,0.005964935757219791,1,1
2830,3.6503522396087646,0.010090626776218414,0,0
2831,4.249980926513672,0.008366301655769348,1,1
2832,3.467433452606201,0.2886618375778198,1,1
2833,3.8132646083831787,0.3076936602592468,1,1
2834,4.013225078582764,0.03851890191435814,0,0
2835,4.3205366134643555,0.002454776084050536,1,1
2836,4.0498151779174805,0.09336933493614197,0,0
2837,3.833075761795044,0.10107710212469101,1,1
2838,3.6429147720336914,0.07952799648046494,1,1
2839,3.996318817138672,0.06846290081739426,1,1
2840,3.6453826427459717,0.20726405084133148,0,0
2841,3.816732168197632,0.004461057484149933,1,1
2842,3.8524138927459717,0.40553662180900574,0,0
2843,3.7691612243652344,0.15144288539886475,1,1
2844,3.685436964035034,0.11485105007886887,1,1
2845,3.9990153312683105,0.049142803996801376,1,1
2846,3.449810743331909,0.022432804107666016,0,0
2847,4.345879554748535,0.27743881940841675,1,1
2848,3.6681270599365234,0.4616963863372803,1,1
2849,3.694754123687744,0.34096622467041016,0,0
2850,4.0427961349487305,0.2957249581813812,1,1
2851,3.6177456378936768,0.12667925655841827,1,1
2852,3.5495095252990723,0.013959692791104317,1,1
2853,3.448545217514038,0.11358558386564255,0,0
2854,3.599442481994629,0.1386842578649521,1,1
2855,3.464939832687378,0.009485377930104733,0,0
2856,3.7107622623443604,0.10536175966262817,1,1
2857,3.6364006996154785,0.007710587233304977,1,1
2858,3.4445481300354004,0.007946246303617954,0,0
2859,3.1833813190460205,0.001660895417444408,0,0
2860,3.0965030193328857,0.13156162202358246,0,0
2861,3.1262497901916504,0.11016414314508438,0,0
2862,3.352020025253296,4.130937304580584e-05,0,0
2863,3.5633323192596436,3.165463203913532e-05,0,0
2864,3.456876039505005,0.01301613450050354,1,1
2865,3.6653597354888916,0.020314320921897888,1,1
2866,3.2749316692352295,7.661515701329336e-05,0,0
2867,3.2274341583251953,0.06338915973901749,0,0
2868,2.8955395221710205,0.09456446766853333,1,1
2869,3.1028878688812256,0.0004782114119734615,0,0
2870,3.6977226734161377,0.011751455254852772,1,1
2871,3.1672215461730957,0.05252356454730034,1,1
2872,2.829192876815796,0.05051284655928612,0,0
2873,3.1807632446289062,0.10801582783460617,1,1
2874,3.397233486175537,0.006346500013023615,1,1
2875,3.578597068786621,0.0032595412340015173,0,0
2876,3.264429807662964,0.017810730263590813,0,0
2877,3.5951781272888184,0.0013912306167185307,1,1
2878,3.4091780185699463,0.003351643681526184,0,0
2879,3.3454031944274902,0.0004162076802458614,1,1
2880,2.81711483001709,0.038080740720033646,0,0
2881,3.3719921112060547,0.16179920732975006,1,1
2882,2.852036237716675,0.05931180715560913,0,0
2883,3.4361765384674072,0.09629353880882263,0,0
2884,3.3247108459472656,0.0020986429881304502,0,0
2885,3.4657318592071533,0.0001415879523847252,0,0
2886,3.589367389678955,0.28214526176452637,1,1
2887,3.6598103046417236,0.02342349849641323,1,1
2888,3.3257875442504883,0.019362902268767357,1,1
2889,3.70438814163208,0.12619884312152863,1,1
2890,3.8108866214752197,6.64987601339817e-05,1,1
2891,3.237844944000244,0.08880278468132019,0,0
2892,2.972696304321289,0.20751893520355225,1,1
2893,3.01670241355896,0.3875015377998352,0,0
2894,3.455117702484131,0.2939956486225128,1,1
2895,3.251370429992676,0.18614493310451508,0,0
2896,2.956026792526245,0.20978474617004395,0,0
2897,3.013242721557617,0.0694664940237999,1,1
2898,3.198871612548828,0.0185366403311491,0,0
2899,2.8031182289123535,0.007483483757823706,0,0
2900,3.6597232818603516,0.133846715092659,1,1
2901,3.3416197299957275,0.001669559278525412,0,0
2902,3.1187784671783447,0.11646578460931778,0,0
2903,3.134694814682007,0.040463387966156006,1,1
2904,3.5620784759521484,0.017520846799016,1,1
2905,3.333588123321533,0.13011646270751953,1,1
2906,3.1624321937561035,0.0021735727787017822,0,0
2907,3.2685070037841797,0.16334007680416107,0,0
2908,3.3308889865875244,0.29366084933280945,0,0
2909,3.817275285720825,0.02799936942756176,0,0
2910,3.1193697452545166,0.03366677090525627,1,1
2911,3.6260926723480225,0.025361403822898865,0,0
2912,3.3572771549224854,0.0016988664865493774,1,1
2913,3.9043338298797607,0.39915817975997925,0,0
2914,3.7954628467559814,0.1957591027021408,1,1
2915,4.20697546005249,0.4954999089241028,1,1
2916,3.9353954792022705,0.32417139410972595,1,1
2917,3.7234928607940674,0.28452879190444946,1,1
2918,3.4559378623962402,0.23586729168891907,0,0
2919,3.777306318283081,0.047173354774713516,1,1
2920,3.667813539505005,0.08919432759284973,1,1
2921,3.5717339515686035,0.014519336633384228,1,1
2922,3.7576985359191895,0.11139111965894699,0,0
2923,3.4076647758483887,0.0049209557473659515,0,0
2924,3.2632384300231934,0.32539236545562744,0,0
2925,3.6612915992736816,0.03646364435553551,1,1
2926,3.985696792602539,0.05663977190852165,0,0
2927,4.012271881103516,0.04737059026956558,1,1
2928,3.833622932434082,0.0002732844150159508,0,0
2929,3.791278123855591,0.09559407085180283,1,1
2930,3.6531012058258057,0.3300107717514038,0,0
2931,3.554340124130249,0.10876565426588058,0,0
2932,4.000452518463135,0.007946246303617954,1,1
2933,3.769874095916748,0.4447017312049866,0,0
2934,3.8670833110809326,0.2274695187807083,0,0
2935,3.5375962257385254,0.7592742443084717,1,1
2936,3.7804996967315674,0.3112368881702423,1,1
2937,3.9443600177764893,0.5308912396430969,1,1
2938,3.6220529079437256,0.0018666990799829364,0,0
2939,3.4686849117279053,0.4228641092777252,0,0
2940,3.7820706367492676,0.22885242104530334,1,1
2941,3.511471748352051,0.2460995763540268,1,1
2942,3.6665899753570557,0.2423415184020996,1,1
2943,3.6926510334014893,0.03052791953086853,0,0
2944,3.627452850341797,0.30665603280067444,0,0
2945,3.749800682067871,0.05446987971663475,1,1
2946,2.7000865936279297,0.09610197693109512,0,0
2947,3.5761139392852783,0.06523934006690979,1,1
2948,3.6934564113616943,0.08952897042036057,0,0
2949,3.382324695587158,0.040118586272001266,1,1
2950,3.3702797889709473,0.20502066612243652,1,1
2951,3.2909889221191406,0.008575918152928352,0,0
2952,3.53078556060791,0.07280722260475159,1,1
2953,3.0187995433807373,0.0015993356937542558,1,1
2954,3.1917998790740967,0.11622219532728195,1,1
2955,3.681633710861206,0.01147482544183731,0,0
2956,3.393127679824829,0.16107024252414703,0,0
2957,3.0061800479888916,0.2806606590747833,1,1
2958,3.3015966415405273,0.034346580505371094,0,0
2959,3.388011932373047,0.09685135632753372,1,1
2960,3.432842254638672,0.5886043906211853,1,1
2961,3.722813606262207,0.14522133767604828,0,0
2962,3.2495360374450684,0.10345959663391113,0,0
2963,3.1718578338623047,0.05944349989295006,1,1
2964,3.3327243328094482,0.13459625840187073,0,0
2965,3.2395730018615723,0.0020398199558258057,0,0
2966,3.1197104454040527,0.3947075605392456,1,1
2967,3.7457544803619385,0.14774028956890106,0,0
2968,2.2163240909576416,0.04262693598866463,0,0
2969,2.452848196029663,0.017324678599834442,0,0
2970,3.3298420906066895,0.18355585634708405,1,1
2971,3.4082109928131104,0.3655228614807129,1,1
2972,3.165217876434326,0.033440496772527695,0,0
2973,3.1104776859283447,0.009008425287902355,1,1
2974,3.5879595279693604,0.7616811990737915,0,0
2975,3.0164096355438232,0.2331753522157669,1,1
2976,3.1964597702026367,0.1672794222831726,1,1
2977,3.10164475440979,0.6344501376152039,0,0
2978,2.8724372386932373,0.011885744519531727,0,0
2979,3.456338405609131,0.0031578659545630217,1,1
2980,3.496255397796631,0.004900667350739241,1,1
2981,3.848560094833374,0.0005862751277163625,1,1
2982,3.4568369388580322,0.20824936032295227,1,1
2983,3.4841244220733643,0.34851357340812683,0,0
2984,2.838832378387451,0.46429678797721863,1,1
2985,3.030488967895508,0.5405823588371277,0,0
2986,3.05415940284729,0.060630518943071365,1,1
2987,3.553032636642456,0.007243338972330093,0,0
2988,3.6138312816619873,0.022941550239920616,1,1
2989,2.8770158290863037,0.3000968396663666,0,0
2990,3.2725446224212646,4.421183984959498e-05,0,0
2991,3.5077903270721436,0.12252344191074371,0,0
2992,4.063623905181885,0.7024409174919128,1,1
2993,4.307538986206055,0.048401132225990295,1,1
2994,3.6461470127105713,0.03165092691779137,0,0
2995,2.8694117069244385,0.03630901128053665,0,0
2996,3.240567684173584,0.07763972133398056,1,1
2997,3.186676502227783,0.05015344172716141,1,1
2998,2.8216171264648438,0.04140840843319893,1,1
2999,3.5015811920166016,0.00011126035678898916,0,0
3000,3.511335611343384,0.0015313760377466679,1,1
3001,3.55442214012146,0.010909263975918293,0,0
3002,3.6293580532073975,0.030081046745181084,0,0
3003,3.2704215049743652,0.08045599609613419,0,0
3004,3.3513150215148926,0.3252602517604828,0,0
3005,2.687242269515991,0.6236122250556946,0,0
3006,2.6764743328094482,0.3264501988887787,0,0
3007,2.6289215087890625,0.43533000349998474,1,1
3008,2.744058132171631,0.5026036500930786,1,1
3009,3.38541579246521,0.016087522730231285,0,0
3010,3.358933448791504,0.16968783736228943,1,1
3011,3.4783973693847656,0.016667962074279785,0,0
3012,3.3029913902282715,0.17466919124126434,0,0
3013,3.7543604373931885,0.0020801161881536245,0,0
3014,3.654214859008789,0.3426362872123718,0,0
3015,3.1113476753234863,0.0022242560517042875,0,0
3016,2.9314613342285156,0.3694072663784027,0,0
3017,3.1519391536712646,0.03526477888226509,0,0
3018,3.3401012420654297,0.5349632501602173,0,0
3019,3.9039833545684814,0.2212710678577423,0,0
3020,3.5294137001037598,0.17989450693130493,0,0
3021,3.6535592079162598,0.4075179100036621,0,0
3022,3.7425003051757812,0.4688980281352997,0,0
3023,3.485928535461426,0.9015204310417175,0,0
3024,3.245964527130127,0.3046392798423767,0,0
3025,3.909454822540283,0.1922396421432495,1,1
3026,3.822047472000122,0.5186433792114258,1,1
3027,3.327878952026367,1.109694242477417,0,0
3028,2.958446741104126,0.9249446988105774,0,0
3029,2.8522112369537354,0.8995057344436646,0,0
3030,3.2788257598876953,1.3065727949142456,0,0
3031,3.497549295425415,0.5198394656181335,1,1
3032,3.4836950302124023,1.100563645362854,0,0
3033,3.229098320007324,1.5529872179031372,0,0
3034,3.4696805477142334,1.187606692314148,1,1
3035,3.657581329345703,0.9944198727607727,0,0
3036,3.3779401779174805,0.3842523694038391,0,0
3037,3.533195734024048,0.20957262814044952,1,1
3038,3.7527096271514893,0.6196252703666687,1,1
3039,3.3121156692504883,1.0238125324249268,0,0
3040,3.1837992668151855,0.091398224234581,0,0
3041,3.4196207523345947,0.004062990192323923,0,0
3042,3.3131189346313477,0.10752793401479721,1,1
3043,3.347184658050537,0.18625319004058838,1,1
3044,3.3994390964508057,0.07286452502012253,1,1
3045,3.692253351211548,0.03400760516524315,1,1
3046,3.489656925201416,0.046151887625455856,1,1
3047,3.283372163772583,0.09894688427448273,0,0
3048,3.544018507003784,0.0007516966434195638,1,1
3049,3.650468111038208,0.006239323411136866,1,1
3050,3.550342321395874,0.11322160065174103,0,0
3051,3.5557925701141357,0.055570002645254135,1,1
3052,3.157205820083618,0.0017501622205600142,1,1
3053,3.3308863639831543,0.05157684162259102,1,1
3054,3.1471521854400635,0.14534638822078705,0,0
3055,3.646878480911255,0.3758046329021454,0,0
3056,3.563188314437866,0.28055843710899353,1,1
3057,3.5067498683929443,0.034132298082113266,1,1
3058,3.280198097229004,0.04035862907767296,1,1
3059,3.1795027256011963,0.010897171683609486,1,1
3060,3.4865293502807617,0.022021321579813957,0,0
3061,3.5270094871520996,0.229554682970047,1,1
3062,3.3688535690307617,0.0057463557459414005,1,1
3063,3.803678274154663,0.1731559783220291,0,0
3064,3.23003888130188,0.0036158934235572815,1,1
3065,3.403378486633301,0.01275977399200201,1,1
3066,3.6351444721221924,2.4893228328437544e-05,0,0
3067,3.330073118209839,0.01808481477200985,1,1
3068,3.289661169052124,3.198124613845721e-05,0,0
3069,2.8814711570739746,0.047673530876636505,0,0
3070,2.9975874423980713,0.45846277475357056,1,1
3071,3.3287160396575928,0.2917811870574951,1,1
3072,3.0154385566711426,0.45876336097717285,0,0
3073,3.0721709728240967,0.13049966096878052,1,1
3074,3.10811448097229,0.3809334933757782,0,0
3075,3.301539659500122,0.07445697486400604,0,0
3076,3.151156187057495,0.01423238217830658,0,0
3077,3.5501344203948975,0.017271369695663452,1,1
3078,3.0591816902160645,0.7722116708755493,0,0
3079,3.2747833728790283,0.24256959557533264,0,0
3080,3.529905319213867,0.054361820220947266,1,1
3081,3.144418478012085,0.3263178765773773,0,0
3082,3.5918514728546143,0.05775221064686775,1,1
3083,3.4564082622528076,0.10245013236999512,1,1
3084,3.712261438369751,2.2361055584951828e-07,1,1
3085,3.8180394172668457,0.0021879940759390593,1,1
3086,3.6554791927337646,0.2349308282136917,0,0
3087,3.386758327484131,0.4191446304321289,1,1
3088,2.954556465148926,0.009378532879054546,1,1
3089,3.775536298751831,0.029984047636389732,1,1
3090,3.2120468616485596,0.13655059039592743,0,0
3091,3.568542718887329,0.04305439069867134,0,0
3092,3.1448798179626465,2.6358664399595e-05,0,0
3093,3.424342393875122,0.09111252427101135,1,1
3094,3.358715057373047,0.12805691361427307,1,1
3095,3.2717018127441406,0.06178608536720276,0,0
3096,2.997575044631958,0.4703926742076874,1,1
3097,3.1293091773986816,0.9545814394950867,0,0
3098,3.4386422634124756,0.06523934006690979,0,0
3099,3.2995662689208984,0.6060269474983215,0,0
3100,3.584116220474243,0.21200063824653625,0,0
3101,3.9591753482818604,0.7070263028144836,0,0
3102,3.5234735012054443,0.2444363683462143,1,1
3103,3.132344961166382,0.02193262055516243,0,0
3104,3.3695881366729736,0.5448765158653259,0,0
3105,3.4910638332366943,0.02797999419271946,0,0
3106,3.2864224910736084,0.004135900642722845,0,0
3107,3.5670993328094482,0.15654005110263824,0,0
3108,3.0803349018096924,1.8515623878556653e-06,1,1
3109,3.138169288635254,0.009737036190927029,1,1
3110,3.6536850929260254,0.022807270288467407,1,1
3111,3.6460132598876953,0.011605449952185154,0,0
3112,4.235372543334961,2.083638719341252e-05,1,1
3113,3.5546505451202393,0.1925952434539795,0,0
3114,2.9071238040924072,0.0014693274861201644,0,0
3115,3.422139883041382,0.3849466145038605,0,0
3116,3.461280345916748,0.1359948366880417,1,1
3117,3.7608351707458496,0.23789635300636292,0,0
3118,3.7555458545684814,0.5420450568199158,1,1
3119,4.166046142578125,0.23932944238185883,0,0
3120,3.5552167892456055,0.3410789668560028,0,0
3121,3.636200428009033,0.2233641892671585,0,0
3122,3.1096367835998535,0.19688796997070312,1,1
3123,3.112550973892212,0.12618513405323029,0,0
3124,3.607541084289551,0.018022574484348297,1,1
3125,3.1762752532958984,0.1775120347738266,0,0
3126,3.3633100986480713,0.1607760190963745,0,0
3127,3.3928914070129395,0.18779738247394562,1,1
3128,3.1318891048431396,0.3937380909919739,1,1
3129,2.7193872928619385,0.3811717629432678,1,1
3130,2.7700390815734863,0.4136521518230438,0,0
3131,2.960395097732544,0.37527236342430115,0,0
3132,2.882962465286255,0.11038205772638321,1,1
3133,3.120762586593628,0.015502944588661194,0,0
3134,3.2057392597198486,0.015040232799947262,0,0
3135,3.175663948059082,0.14569981396198273,0,0
3136,3.3034815788269043,0.05728468298912048,0,0
3137,3.8393046855926514,0.3417781889438629,1,1
3138,3.1019392013549805,0.03005092777311802,0,0
3139,3.6310479640960693,0.027366742491722107,0,0
3140,3.2618672847747803,0.017541291192173958,0,0
3141,3.8066999912261963,4.385504780657357e-06,1,1
3142,3.5381107330322266,0.5654839873313904,0,0
3143,4.111804008483887,0.008697891607880592,1,1
3144,3.4059863090515137,0.6250152587890625,0,0
3145,3.9102306365966797,0.1297755390405655,1,1
3146,3.9379186630249023,0.027715880423784256,1,1
3147,3.3798608779907227,0.08732505887746811,1,1
3148,3.435112953186035,0.029016081243753433,0,0
3149,2.64984130859375,0.38232851028442383,1,1
3150,3.3057971000671387,0.5030826926231384,1,1
3151,3.0257725715637207,0.13544021546840668,1,1
3152,3.2694013118743896,0.1468217968940735,0,0
3153,3.3566057682037354,0.03217501565814018,0,0
3154,3.1537418365478516,0.00036474698572419584,1,1
3155,3.2939953804016113,0.024384332820773125,1,1
3156,2.9756503105163574,0.012943570502102375,0,0
3157,2.991687297821045,0.0013540469808503985,1,1
3158,3.0584609508514404,0.00985164474695921,0,0
3159,3.497516632080078,0.03436804935336113,1,1
3160,3.244480848312378,0.02412881888449192,1,1
3161,3.2896134853363037,9.97656024992466e-05,0,0
3162,3.049208641052246,0.24319739639759064,1,1
3163,3.2689363956451416,0.008280020207166672,1,1
3164,2.8560779094696045,0.1638396829366684,0,0
3165,3.3159255981445312,0.024272942915558815,0,0
3166,3.3593547344207764,0.04361286759376526,0,0
3167,3.3273887634277344,0.018747461959719658,1,1
3168,3.462313175201416,0.04429672658443451,1,1
3169,3.1234803199768066,0.019545963034033775,0,0
3170,3.4415571689605713,0.0013497889740392566,0,0
3171,3.3863513469696045,0.04061494767665863,0,0
3172,3.0074896812438965,0.036364197731018066,0,0
3173,3.7026913166046143,0.0003401116409804672,1,1
3174,3.2199862003326416,0.09460008144378662,0,0
3175,3.622652053833008,0.14192306995391846,1,1
3176,3.649812936782837,0.030571773648262024,1,1
3177,3.104464530944824,0.23795285820960999,0,0
3178,3.5684711933135986,0.09463570266962051,1,1
3179,3.079698085784912,0.04156172648072243,0,0
3180,3.650719165802002,0.00036881305277347565,1,1
3181,3.101592779159546,0.013075657188892365,1,1
3182,3.7337470054626465,0.08495160192251205,0,0
3183,3.131404161453247,0.0063896263018250465,1,1
3184,3.418210029602051,0.12656250596046448,1,1
3185,3.659175157546997,0.12353215366601944,0,0
3186,2.912217378616333,0.040568288415670395,0,0
3187,3.0731048583984375,0.0963534414768219,1,1
3188,3.2065820693969727,0.045482609421014786,1,1
3189,2.796020984649658,0.1662783920764923,0,0
3190,3.025963544845581,0.027064254507422447,1,1
3191,3.1344528198242188,0.21701548993587494,0,0
3192,3.7984492778778076,0.023041054606437683,1,1
3193,3.334974527359009,0.14215585589408875,0,0
3194,3.1244285106658936,0.0003921523748431355,1,1
3195,3.5765461921691895,0.010042214766144753,1,1
3196,3.886364698410034,0.00044748783693648875,0,0
3197,3.7825186252593994,0.0004369351954665035,1,1
3198,3.3081655502319336,0.1886347383260727,0,0
3199,3.5229227542877197,0.03296220302581787,1,1
3200,3.440722703933716,0.1528884619474411,0,0
3201,3.5284342765808105,0.004277353174984455,0,0
3202,3.515737295150757,0.11596571654081345,1,1
3203,3.592878580093384,0.05444285273551941,1,1
3204,3.348351240158081,0.018602395430207253,0,0
3205,3.6575305461883545,0.41860753297805786,1,1
3206,3.5659806728363037,0.0012550727697089314,1,1
3207,3.7105085849761963,9.803809371078387e-05,1,1
3208,3.652756452560425,0.1813957244157791,1,1
3209,3.7538652420043945,0.03702600672841072,1,1
3210,3.322481393814087,0.0036636353470385075,0,0
3211,3.3226211071014404,0.20705321431159973,0,0
3212,3.016486406326294,0.001192953553982079,0,0
3213,3.5306005477905273,0.3473750650882721,1,1
3214,3.4779605865478516,0.38392940163612366,0,0
3215,3.4415066242218018,0.010484093800187111,1,1
3216,2.9873955249786377,0.06103038787841797,0,0
3217,3.1569414138793945,0.24870121479034424,1,1
3218,3.296963930130005,0.061173517256975174,0,0
3219,3.298109531402588,0.07003229856491089,0,0
3220,3.699774980545044,0.021204158663749695,0,0
3221,3.511314868927002,0.07801663875579834,0,0
3222,3.8891489505767822,0.05159437656402588,1,1
3223,3.8467345237731934,0.0503784604370594,1,1
3224,3.7356321811676025,0.025936340913176537,1,1
3225,3.4471466541290283,0.007327356841415167,0,0
3226,4.0807085037231445,0.023482613265514374,1,1
3227,3.4597413539886475,0.2376328557729721,0,0
3228,3.719087839126587,0.05674087628722191,1,1
3229,3.995302677154541,0.016580862924456596,1,1
3230,3.8832876682281494,0.0090800104662776,0,0
3231,3.888645887374878,0.10223402082920074,1,1
3232,3.0169382095336914,0.1465926170349121,1,1
3233,3.011986017227173,0.035475313663482666,0,0
3234,3.1522557735443115,0.01291723269969225,0,0
3235,3.8021395206451416,0.21820397675037384,1,1
3236,3.363363742828369,0.2094666212797165,0,0
3237,4.001690864562988,0.002499926835298538,0,0
3238,4.0970001220703125,0.02458970993757248,0,0
3239,3.7949318885803223,0.005864000413566828,0,0
3240,3.219672203063965,0.002676650881767273,1,1
3241,3.5669121742248535,0.3430883586406708,0,0
3242,3.2228527069091797,0.0011285172076895833,0,0
3243,3.4686272144317627,0.06510137766599655,1,1
3244,2.9619345664978027,0.041691675782203674,1,1
3245,3.4047694206237793,0.34184589982032776,0,0
3246,3.111016273498535,0.18401923775672913,0,0
3247,3.220644474029541,0.2185918390750885,1,1
3248,3.3750104904174805,0.10245630890130997,0,0
3249,2.9387526512145996,0.1317577213048935,0,0
3250,3.118164300918579,0.42997249960899353,1,1
3251,3.586135149002075,0.026489442214369774,0,0
3252,3.727356433868408,0.004568697419017553,0,0
3253,3.5585179328918457,0.066966213285923,1,1
3254,3.1245367527008057,0.022696642205119133,1,1
3255,3.6129095554351807,0.005644394550472498,0,0
3256,3.5752861499786377,0.017329759895801544,1,1
3257,3.4386630058288574,0.018765967339277267,0,0
3258,3.918086051940918,0.02288312092423439,1,1
3259,3.817840099334717,0.0007827022345736623,0,0
3260,3.3361005783081055,0.09211735427379608,1,1
3261,3.395221710205078,0.07984399795532227,1,1
3262,3.5181996822357178,0.06026512384414673,0,0
3263,3.5077261924743652,0.05247492343187332,1,1
3264,3.6490983963012695,0.021328004077076912,0,0
3265,3.327363967895508,0.09580902010202408,1,1
3266,3.300673246383667,0.03405033051967621,0,0
3267,3.634786367416382,0.031114116311073303,0,0
3268,3.361954927444458,0.01026783138513565,1,1
3269,3.942301034927368,0.020226387307047844,1,1
3270,3.9055099487304688,0.027973536401987076,1,1
3271,3.1448705196380615,0.008517035283148289,0,0
3272,3.5529251098632812,0.04287835583090782,0,0
3273,3.318208694458008,0.16856864094734192,0,0
3274,3.281679391860962,0.0021654819138348103,0,0
3275,2.993652820587158,0.8769862055778503,0,0
3276,3.4363677501678467,1.6474165249746875e-06,1,1
3277,3.7937116622924805,0.1011507511138916,0,0
3278,3.8148841857910156,0.7099668383598328,0,0
3279,4.217845439910889,0.1881655901670456,0,0
3280,3.760495901107788,0.2153731882572174,0,0
3281,3.6004018783569336,0.0008077383972704411,1,1
3282,2.624494791030884,0.013159659691154957,0,0
3283,3.45857834815979,0.1467922180891037,0,0
3284,3.5426652431488037,0.008230917155742645,1,1
3285,3.384786605834961,0.026848766952753067,1,1
3286,3.2347729206085205,0.20355509221553802,1,1
3287,3.0581510066986084,0.023187777027487755,1,1
3288,3.834110975265503,0.009203653782606125,1,1
3289,3.613095998764038,0.36291366815567017,0,0
3290,3.177828550338745,0.2356330007314682,1,1
3291,3.2985336780548096,0.0005649746744893491,1,1
3292,1.748465657234192,0.08582579344511032,0,0
3293,2.4842045307159424,0.06853867322206497,1,1
3294,3.4179224967956543,0.0006417394615709782,0,0
3295,3.6022555828094482,0.04136521741747856,0,0
3296,3.6675291061401367,0.0974348783493042,1,1
3297,3.638432025909424,0.3444010019302368,1,1
3298,3.562370538711548,0.039863839745521545,0,0
3299,3.558210849761963,0.15450775623321533,1,1
3300,3.5612900257110596,0.10211680084466934,1,1
3301,3.338104009628296,0.16141901910305023,0,0
3302,3.3246653079986572,0.23614858090877533,1,1
3303,3.2861247062683105,0.00011849999282276258,0,0
3304,3.010406732559204,0.11438709497451782,1,1
3305,3.8234081268310547,0.0643598809838295,1,1
3306,3.98940110206604,0.024287981912493706,0,0
3307,3.3699820041656494,0.026014110073447227,1,1
3308,3.20356822013855,0.00010209241736447439,0,0
3309,3.492295265197754,0.10419968515634537,1,1
3310,3.496020555496216,0.008531291037797928,0,0
3311,2.956106424331665,6.247405053727562e-06,0,0
3312,3.6230697631835938,0.23113873600959778,1,1
3313,3.102844715118408,0.18656150996685028,1,1
3314,3.4047915935516357,0.03540264815092087,1,1
3315,3.4963672161102295,0.024899393320083618,0,0
3316,3.3110978603363037,0.08479415625333786,1,1
3317,3.6286582946777344,0.002727820072323084,0,0
3318,3.0270724296569824,2.917740630437038e-06,0,0
3319,3.258087396621704,0.06627871841192245,0,0
3320,3.120176076889038,0.02987719513475895,1,1
3321,3.2894134521484375,0.12012342363595963,0,0
3322,4.033046245574951,0.0014789612032473087,0,0
3323,2.669050455093384,0.2342764437198639,0,0
3324,3.322556972503662,0.07842689007520676,0,0
3325,2.8968441486358643,0.036401014775037766,0,0
3326,3.408071517944336,0.22491760551929474,1,1
3327,2.5925164222717285,0.18945714831352234,0,0
3328,3.005772113800049,0.007833097130060196,1,1
3329,2.819875717163086,0.20179985463619232,1,1
3330,3.615560531616211,0.02843381278216839,1,1
3331,3.7257957458496094,0.08852692693471909,0,0
3332,3.961000680923462,0.08495721966028214,0,0
3333,3.671102285385132,0.012389677576720715,0,0
3334,3.899559736251831,0.07951710373163223,0,0
3335,3.355717182159424,0.035978764295578,0,0
3336,3.356786012649536,0.01894884742796421,1,1
3337,3.448765277862549,0.001605516648851335,1,1
3338,3.3301923274993896,0.0014406152768060565,0,0
3339,3.631957769393921,0.0890214815735817,1,1
3340,3.235114097595215,0.3414510190486908,0,0
3341,3.4642436504364014,0.14259281754493713,1,1
3342,3.697032928466797,0.5746355652809143,1,1
3343,3.37255859375,0.06430602818727493,1,1
3344,3.3888676166534424,0.0003758893290068954,1,1
3345,3.8062398433685303,0.4579009711742401,0,0
3346,3.5822739601135254,0.010379613377153873,0,0
3347,3.3640809059143066,0.0037399649154394865,1,1
3348,3.635449171066284,0.06968540698289871,0,0
3349,3.8548033237457275,0.015459718182682991,1,1
3350,3.526374340057373,0.013597207143902779,1,1
3351,3.494457960128784,0.021872635930776596,0,0
3352,3.458075523376465,0.011826898902654648,0,0
3353,3.890878200531006,0.1328810602426529,0,0
3354,3.3714284896850586,0.05342536047101021,1,1
3355,3.5365705490112305,0.11793265491724014,1,1
3356,3.9124908447265625,0.20564162731170654,0,0
3357,3.5577492713928223,0.022693732753396034,1,1
3358,3.3414785861968994,0.00011495510261738673,0,0
3359,3.7104897499084473,0.14606104791164398,1,1
3360,4.092181205749512,0.0016750842332839966,1,1
3361,3.6774356365203857,0.0034870728850364685,1,1
3362,3.6311299800872803,0.10449271649122238,1,1
3363,3.37654709815979,0.005372243467718363,1,1
3364,3.7838857173919678,0.0004905299283564091,1,1
3365,3.8952174186706543,0.007605866529047489,1,1
3366,3.5716991424560547,4.3191110307816416e-05,1,1
3367,4.022347927093506,0.314984530210495,1,1
3368,3.4660990238189697,0.40118494629859924,0,0
3369,3.3734090328216553,0.008931648917496204,0,0
3370,3.535548686981201,0.04829927906394005,1,1
3371,3.3362135887145996,0.009840153157711029,0,0
3372,1.9171396493911743,0.041184838861227036,0,0
3373,2.8744029998779297,0.02362479828298092,0,0
3374,3.3869681358337402,0.08093848824501038,1,1
3375,3.5551891326904297,0.32086116075515747,0,0
3376,3.4630022048950195,0.007775125093758106,0,0
3377,3.7824547290802,0.2477780431509018,1,1
3378,3.2771358489990234,0.3805404603481293,1,1
3379,3.4475040435791016,0.10457384586334229,0,0
3380,3.384032964706421,0.1350427269935608,1,1
3381,3.521583318710327,0.04928838834166527,0,0
3382,3.157959461212158,0.42415785789489746,1,1
3383,3.033755302429199,0.2847656309604645,0,0
3384,3.307234287261963,0.46569186449050903,1,1
3385,3.604261636734009,0.00864217896014452,0,0
3386,3.172013759613037,0.00021206970268394798,1,1
3387,3.093254804611206,0.18335746228694916,1,1
3388,3.5258357524871826,0.001675874344073236,1,1
3389,3.398238182067871,0.022580480203032494,0,0
3390,3.0224878787994385,0.0014201761223375797,0,0
3391,3.35339093208313,0.010893142782151699,1,1
3392,3.530216693878174,0.18243297934532166,1,1
3393,3.635883092880249,0.3185366690158844,0,0
3394,3.0176568031311035,0.12751184403896332,1,1
3395,3.576953887939453,0.011318231001496315,1,1
3396,3.6398067474365234,0.022415462881326675,1,1
3397,3.7045421600341797,0.12811218202114105,0,0
3398,3.8837802410125732,0.07936478406190872,1,1
3399,3.675168991088867,0.20839031040668488,0,0
3400,3.1988720893859863,0.015089981257915497,1,1
3401,3.515063762664795,0.009376662783324718,0,0
3402,3.4177701473236084,0.008008305914700031,1,1
3403,3.143334150314331,0.2972909212112427,0,0
3404,3.6039979457855225,6.27749614068307e-05,1,1
3405,3.6300101280212402,0.1624053567647934,1,1
3406,3.322841167449951,0.2022683173418045,1,1
3407,3.1288986206054688,0.17646457254886627,0,0
3408,3.5466113090515137,0.15079762041568756,0,0
3409,3.481797933578491,0.09589267522096634,0,0
3410,3.249025821685791,0.528404951095581,0,0
3411,3.393946647644043,0.041235774755477905,0,0
3412,3.0050885677337646,0.2765246033668518,0,0
3413,2.8062148094177246,0.2658408582210541,1,1
3414,3.2282626628875732,0.6366658806800842,1,1
3415,2.6841750144958496,0.19153790175914764,0,0
3416,2.8321681022644043,0.8165034651756287,0,0
3417,3.5148539543151855,0.023043984547257423,0,0
3418,3.3783726692199707,0.01313752867281437,1,1
3419,3.429797649383545,0.06387604027986526,0,0
3420,3.7069756984710693,0.10117530822753906,1,1
3421,3.861929416656494,0.02652086690068245,1,1
3422,4.040437698364258,9.995848085964099e-05,0,0
3423,3.503572463989258,0.09013639390468597,0,0
3424,3.4730911254882812,0.10653656721115112,1,1
3425,3.0247790813446045,0.05863218382000923,1,1
3426,2.962494373321533,1.885928213596344e-07,0,0
3427,3.2528719902038574,0.10140873491764069,0,0
3428,3.6356213092803955,0.33564504981040955,1,1
3429,3.4798316955566406,0.340200275182724,0,0
3430,3.728536367416382,0.1786278635263443,0,0
3431,2.89009690284729,0.14513307809829712,1,1
3432,3.364872694015503,0.11709897965192795,1,1
3433,3.421494245529175,0.015454918146133423,0,0
3434,3.509702444076538,0.16884611546993256,1,1
3435,3.828263521194458,0.0007794657140038908,0,0
3436,3.2779946327209473,0.09178374707698822,1,1
3437,3.4603095054626465,0.010164436884224415,0,0
3438,3.8868918418884277,0.03466567397117615,1,1
3439,3.670508623123169,0.0577382929623127,1,1
3440,3.4848992824554443,0.10722436010837555,0,0
3441,3.3742218017578125,0.1285962164402008,1,1
3442,3.05684232711792,0.2920210361480713,0,0
3443,3.1431052684783936,0.00038871998549439013,1,1
3444,3.7014009952545166,0.05464118719100952,1,1
3445,3.612894058227539,5.058655733591877e-05,0,0
3446,3.559776544570923,0.43314239382743835,0,0
3447,3.8936214447021484,0.01995009370148182,1,1
3448,3.0997045040130615,0.09312178939580917,0,0
3449,3.1283392906188965,0.11004885286092758,0,0
3450,2.7605345249176025,0.06794875115156174,0,0
3451,3.831599473953247,0.557976245880127,0,0
3452,3.580977439880371,0.15461398661136627,0,0
3453,3.610022783279419,0.07701712101697922,1,1
3454,3.207176446914673,0.031035861000418663,0,0
3455,3.1248531341552734,0.014582199044525623,0,0
3456,2.9895687103271484,0.1375652402639389,1,1
3457,3.1521236896514893,0.018402865156531334,0,0
3458,3.4966015815734863,0.2918437421321869,0,0
3459,3.5888516902923584,0.09243395179510117,1,1
3460,3.603684186935425,0.011174949817359447,0,0
3461,3.0126640796661377,0.37880411744117737,0,0
3462,3.4484357833862305,0.37924379110336304,0,0
3463,3.3971712589263916,0.0043968334794044495,0,0
3464,3.7564613819122314,0.009615525603294373,0,0
3465,3.3580105304718018,0.18205395340919495,0,0
3466,3.0647199153900146,0.06275900453329086,1,1
3467,2.6649224758148193,0.0011585400206968188,0,0
3468,3.7032430171966553,0.007203968707472086,0,0
3469,3.662452220916748,0.02068462036550045,0,0
3470,2.997779607772827,0.029134562239050865,0,0
3471,2.8068292140960693,0.1360660195350647,1,1
3472,2.692652940750122,0.1606135368347168,1,1
3473,2.795959234237671,0.2627450227737427,1,1
3474,2.832779884338379,0.18464073538780212,1,1
3475,3.530754566192627,0.04019594192504883,1,1
3476,3.5876636505126953,0.016429603099822998,1,1
3477,3.1347076892852783,0.007639569230377674,0,0
3478,3.755645275115967,0.060355186462402344,1,1
3479,3.7459826469421387,0.23067498207092285,0,0
3480,3.7832846641540527,1.2000702619552612,1,1
3481,3.3221275806427,0.1300259679555893,0,0
3482,3.8265576362609863,0.39133164286613464,1,1
3483,3.5141053199768066,0.06486520916223526,0,0
3484,4.075107574462891,0.0010539308423176408,1,1
3485,4.0376057624816895,0.013669322244822979,0,0
3486,3.418593406677246,0.06486520916223526,0,0
3487,3.684394121170044,0.004158273804932833,1,1
3488,3.8517348766326904,0.04959309101104736,1,1
3489,3.6166911125183105,0.007795561105012894,0,0
3490,3.620957612991333,0.0018392816418781877,1,1
3491,3.180840253829956,0.11345552653074265,0,0
3492,4.06414270401001,0.06292835623025894,0,0
3493,3.1294667720794678,0.08154914528131485,1,1
3494,3.5470871925354004,0.16812515258789062,0,0
3495,3.69813871383667,0.2866329252719879,0,0
3496,3.7284085750579834,0.003254033625125885,0,0
3497,3.62322735786438,0.003551191184669733,1,1
3498,3.436591625213623,0.1796898990869522,0,0
3499,3.3000881671905518,0.03510909900069237,1,1
3500,3.7929391860961914,0.0014071137411519885,0,0
3501,3.4401583671569824,0.02208724617958069,1,1
3502,3.1438052654266357,0.2695757746696472,0,0
3503,2.650378704071045,0.8171314597129822,0,0
3504,2.87223219871521,0.025355255231261253,1,1
3505,3.129739761352539,0.17036432027816772,0,0
3506,3.308340072631836,0.5469586253166199,1,1
3507,3.249382972717285,0.5160611867904663,1,1
3508,3.5344271659851074,0.001073444727808237,0,0
3509,2.5482211112976074,0.002704683691263199,0,0
3510,2.7074310779571533,0.0018901213770732284,0,0
3511,3.0772151947021484,0.12329484522342682,1,1
3512,2.9300014972686768,0.030168145895004272,1,1
3513,3.5551271438598633,4.563480704433687e-09,1,1
3514,3.4340744018554688,0.050175052136182785,0,0
3515,3.3190181255340576,0.18763850629329681,1,1
3516,2.8032987117767334,0.05478113889694214,1,1
3517,2.797851800918579,0.0034665875136852264,1,1
3518,3.107006549835205,0.09610197693109512,0,0
3519,3.299335241317749,0.0041769640520215034,1,1
3520,2.9133031368255615,0.22162531316280365,1,1
3521,2.960742473602295,0.05729392170906067,1,1
3522,3.6463520526885986,0.06176210194826126,1,1
3523,3.621419668197632,0.08300518244504929,1,1
3524,3.4246277809143066,0.25220751762390137,1,1
3525,3.118091344833374,0.20818769931793213,1,1
3526,3.560899257659912,0.25570908188819885,1,1
3527,3.2584776878356934,0.2324955016374588,1,1
3528,3.253596067428589,0.008880647830665112,0,0
3529,3.893348217010498,0.00045734047307632864,1,1
3530,3.2455036640167236,0.0977846309542656,1,1
3531,3.731330156326294,0.26896482706069946,0,0
3532,3.7187976837158203,0.09259246289730072,0,0
3533,3.6941659450531006,0.035715650767087936,0,0
3534,3.759984016418457,0.06548606604337692,0,0
3535,3.931116819381714,0.04950287193059921,1,1
3536,3.4756813049316406,0.00021432424546219409,1,1
3537,3.673922061920166,0.015170702710747719,1,1
3538,2.9215564727783203,0.13848309218883514,1,1
3539,3.320929527282715,0.06573820859193802,1,1
3540,3.4911458492279053,0.016707856208086014,0,0
3541,3.589292049407959,0.15455327928066254,0,0
3542,3.3665125370025635,0.023701993748545647,1,1
3543,2.8619275093078613,0.042288888245821,0,0
3544,2.6951818466186523,0.318242609500885,1,1
3545,3.432784080505371,0.019145965576171875,0,0
3546,3.305875062942505,0.04588276147842407,0,0
3547,3.0494658946990967,0.005210787057876587,0,0
3548,3.3591666221618652,0.35258176922798157,1,1
3549,3.633568286895752,0.0015495569678023458,0,0
3550,3.0786261558532715,0.005840376019477844,0,0
3551,3.428589344024658,0.022836429998278618,0,0
3552,3.523242712020874,0.008877010084688663,1,1
3553,3.837249279022217,0.003020560834556818,1,1
3554,3.2275149822235107,0.34492227435112,0,0
3555,3.2611963748931885,0.0005904887220822275,1,1
3556,3.397047281265259,0.0070832520723342896,0,0
3557,3.341400623321533,0.000803356000687927,1,1
3558,3.329284429550171,0.047930944710969925,0,0
3559,3.129716634750366,0.037033434957265854,1,1
3560,3.376201868057251,0.2641616761684418,0,0
3561,3.41951847076416,0.14270944893360138,1,1
3562,3.3089542388916016,0.046705011278390884,1,1
3563,3.439208745956421,0.017587333917617798,1,1
3564,3.220754861831665,0.08507540076971054,0,0
3565,3.4569344520568848,0.0603836365044117,0,0
3566,3.575603485107422,0.012956748716533184,1,1
3567,3.445868492126465,0.02016604319214821,1,1
3568,3.6298749446868896,1.682201400399208e-05,0,0
3569,3.3990566730499268,0.05258109048008919,0,0
3570,3.7623450756073,0.1596018373966217,1,1
3571,3.4530718326568604,0.012160868383944035,0,0
3572,3.796086549758911,0.34685197472572327,1,1
3573,3.5910825729370117,0.07916372269392014,0,0
3574,3.7792465686798096,0.005923269782215357,0,0
3575,3.125699281692505,0.08608609437942505,0,0
3576,2.932644844055176,0.07743548601865768,1,1
3577,2.9558005332946777,0.006934594362974167,0,0
3578,2.897252082824707,0.3721103370189667,1,1
3579,3.3914825916290283,1.0191502571105957,1,1
3580,3.0388755798339844,0.6251220703125,1,1
3581,2.6328418254852295,0.14821545779705048,1,1
3582,3.4595041275024414,0.04355242848396301,0,0
3583,3.3263275623321533,0.09883155673742294,1,1
3584,2.861844301223755,0.04011085256934166,0,0
3585,2.571610450744629,0.026270005851984024,0,0
3586,3.16420316696167,0.07052862644195557,0,0
3587,2.999199151992798,0.022130293771624565,0,0
3588,3.2220544815063477,0.0008505288860760629,0,0
3589,3.5663981437683105,0.13293735682964325,0,0
3590,3.7606499195098877,0.10726860910654068,0,0
3591,3.5328783988952637,0.09239288419485092,1,1
3592,4.105844974517822,0.006271380465477705,0,0
3593,3.833868980407715,0.15537385642528534,0,0
3594,3.3532590866088867,0.025058016180992126,0,0
3595,3.7554540634155273,0.012677060440182686,0,0
3596,3.9610354900360107,0.14393702149391174,0,0
3597,4.145542144775391,0.014783330261707306,1,1
3598,4.348359107971191,0.0020372055005282164,0,0
3599,4.0315399169921875,0.024107836186885834,0,0
3600,3.776832342147827,0.0034973383881151676,0,0
3601,2.7516849040985107,0.3907161355018616,0,0
3602,3.0788369178771973,0.12903957068920135,0,0
3603,2.69148850440979,0.032909661531448364,0,0
3604,3.049515962600708,0.9933808445930481,0,0
3605,2.5647010803222656,0.23452873528003693,0,0
3606,3.399595022201538,0.05458255484700203,1,1
3607,2.704406976699829,0.0029572495259344578,0,0
3608,3.5040931701660156,0.038103342056274414,1,1
3609,2.9553661346435547,0.09878908842802048,0,0
3610,3.22676157951355,0.09226386249065399,1,1
3611,3.6183109283447266,0.09693547338247299,1,1
3612,3.3759829998016357,0.00010503865632927045,1,1
3613,3.424379825592041,0.14171956479549408,1,1
3614,3.3678557872772217,0.028770023956894875,1,1
3615,3.7122857570648193,0.5159086585044861,1,1
3616,3.45180606842041,0.050886597484350204,1,1
3617,3.9223692417144775,0.05687428265810013,0,0
3618,4.590756893157959,0.0022434131242334843,1,1
3619,3.856146812438965,0.14674046635627747,0,0
3620,3.6349005699157715,0.8169569373130798,1,1
3621,3.5927326679229736,0.004889864008873701,1,1
3622,3.323594093322754,0.03511632978916168,1,1
3623,3.2291600704193115,0.16184578835964203,0,0
3624,3.409137487411499,0.23815059661865234,1,1
3625,3.279618978500366,0.001643635332584381,0,0
3626,3.6099531650543213,0.12284795194864273,1,1
3627,3.621720790863037,0.03155485540628433,0,0
3628,3.1206674575805664,0.02683611772954464,1,1
3629,3.58392071723938,0.0006165662198327482,1,1
3630,3.0989201068878174,0.1638396829366684,0,0
3631,3.342625617980957,0.0016925082309171557,1,1
3632,3.699017286300659,0.019920116290450096,0,0
3633,3.089812755584717,0.32196635007858276,0,0
3634,2.9054253101348877,0.003138373140245676,0,0
3635,2.9462804794311523,0.28862035274505615,1,1
3636,3.6928281784057617,0.002952003851532936,0,0
3637,3.4970943927764893,0.00030747512937523425,1,1
3638,3.451815366744995,0.03801297768950462,0,0
3639,4.058586120605469,0.2749030292034149,1,1
3640,4.098796844482422,0.06863471120595932,1,1
3641,4.3162055015563965,0.13679318130016327,1,1
3642,3.8461360931396484,0.11699332296848297,0,0
3643,3.8269267082214355,0.5495023727416992,1,1
3644,3.6661324501037598,0.03884156048297882,0,0
3645,3.515547752380371,0.20549285411834717,1,1
3646,3.9928653240203857,0.1267479658126831,1,1
3647,3.5253374576568604,0.28753265738487244,1,1
3648,3.776555061340332,0.21594682335853577,0,0
3649,3.665066957473755,0.034860000014305115,1,1
3650,3.6789042949676514,0.00015330399037338793,1,1
3651,3.8322739601135254,0.01520876307040453,1,1
3652,3.5287930965423584,0.011822701431810856,1,1
3653,4.056368350982666,0.06336972117424011,1,1
3654,3.800568103790283,0.5479868650436401,0,0
3655,3.969247817993164,0.10386351495981216,0,0
3656,3.7472403049468994,0.03546440973877907,1,1
3657,3.5790493488311768,0.05832879617810249,0,0
3658,4.126285076141357,0.6357729434967041,1,1
3659,4.1032023429870605,0.0029362947680056095,1,1
3660,3.635087490081787,0.4345408082008362,0,0
3661,4.216416835784912,0.008227415382862091,1,1
3662,4.189474105834961,0.0740940198302269,1,1
3663,3.6600899696350098,0.4194571077823639,0,0
3664,4.074291229248047,0.0013342336751520634,1,1
3665,3.8758339881896973,0.098268061876297,0,0
3666,3.8913371562957764,0.027674123644828796,1,1
3667,3.753599166870117,0.04618506506085396,0,0
3668,4.03214168548584,0.01522781141102314,0,0
3669,4.171814918518066,0.06462947279214859,0,0
3670,3.635091781616211,0.02618248574435711,0,0
3671,3.9641919136047363,0.013020539656281471,1,1
3672,4.038806438446045,0.094362773001194,1,1
3673,3.563387870788574,0.18527989089488983,1,1
3674,3.5802881717681885,0.39302384853363037,0,0
3675,3.906121015548706,0.14863187074661255,1,1
3676,3.901994466781616,0.03887580335140228,0,0
3677,2.764582633972168,0.9687770009040833,0,0
3678,3.0709476470947266,0.6737040877342224,0,0
3679,2.996824264526367,0.2349308282136917,0,0
3680,2.804873466491699,0.7968284487724304,1,1
3681,3.4399330615997314,0.07311481982469559,0,0
3682,3.4075727462768555,1.1124610900878906,0,0
3683,3.5331294536590576,0.7061664462089539,0,0
3684,2.9952006340026855,0.3141076862812042,0,0
3685,3.1028406620025635,0.1847817450761795,0,0
3686,3.6382126808166504,0.1206323653459549,1,1
3687,3.4798173904418945,0.13770845532417297,0,0
3688,3.517451524734497,0.11063871532678604,1,1
3689,3.3295109272003174,3.3975579754041974e-06,1,1
3690,3.825627565383911,0.1126508116722107,1,1
3691,3.9774832725524902,0.03806191310286522,1,1
3692,3.8835391998291016,0.026899391785264015,1,1
3693,3.5559918880462646,0.05084741860628128,0,0
3694,3.6605749130249023,0.2506396770477295,1,1
3695,3.4525444507598877,0.45367908477783203,1,1
3696,3.3888237476348877,0.15737353265285492,1,1
3697,3.5980920791625977,0.36279740929603577,1,1
3698,3.735625743865967,0.014414869248867035,1,1
3699,3.4357242584228516,0.00237792800180614,0,0
3700,3.8707780838012695,0.0063865408301353455,0,0
3701,3.7667737007141113,0.02699127234518528,1,1
3702,3.8526554107666016,0.3239406943321228,1,1
3703,3.586050510406494,0.6417891383171082,0,0
3704,3.3406028747558594,0.19063512980937958,0,0
3705,3.724355459213257,0.02753623202443123,1,1
3706,3.611846446990967,0.4016129672527313,0,0
3707,3.5091452598571777,0.020314320921897888,0,0
3708,4.019429683685303,0.5034660696983337,1,1
3709,3.6262600421905518,0.06571346521377563,0,0
3710,3.592142343521118,0.020187975838780403,0,0
3711,3.716904640197754,0.22480778396129608,1,1
3712,3.5839855670928955,0.006538596004247665,0,0
3713,3.457944869995117,0.04395615682005882,0,0
3714,3.6522672176361084,0.12489944696426392,0,0
3715,4.042168617248535,0.1515781134366989,0,0
3716,3.5889461040496826,0.29759618639945984,0,0
3717,3.5625319480895996,0.21788851916790009,0,0
3718,3.5823001861572266,0.05656629800796509,0,0
3719,3.818453550338745,0.05054755136370659,0,0
3720,3.554150104522705,0.29752251505851746,0,0
3721,3.597649097442627,0.036504194140434265,0,0
3722,4.150713920593262,0.024704856798052788,1,1
3723,3.252279281616211,0.0015253395540639758,0,0
3724,3.434838056564331,0.15895478427410126,1,1
3725,3.5942881107330322,0.09761570394039154,0,0
3726,3.0057504177093506,0.5361921191215515,1,1
3727,3.3532464504241943,0.46642976999282837,1,1
3728,2.3387789726257324,0.15144288539886475,1,1
3729,3.190901517868042,0.00040370263741351664,0,0
3730,3.7853217124938965,0.07848095148801804,1,1
3731,3.9369053840637207,0.007552097085863352,1,1
3732,2.8999905586242676,0.015146938152611256,1,1
3733,3.5870792865753174,0.16267769038677216,1,1
3734,3.5116398334503174,0.19159702956676483,0,0
3735,3.6371490955352783,0.00475982204079628,0,0
3736,3.7298996448516846,0.028005827218294144,1,1
3737,3.446272134780884,0.23525838553905487,1,1
3738,3.3701975345611572,0.012323168106377125,0,0
3739,3.700981378555298,0.03689613565802574,1,1
3740,3.856935977935791,0.029943956062197685,0,0
3741,3.304189920425415,0.01668540947139263,1,1
3742,3.9775218963623047,0.008234419859945774,1,1
3743,3.4917280673980713,0.013164088129997253,1,1
3744,3.7288818359375,0.12168712913990021,0,0
3745,3.304370164871216,0.061517711728811264,1,1
3746,3.3306257724761963,4.10713255405426e-06,0,0
3747,3.676513433456421,0.03087286464869976,0,0
3748,2.950052261352539,0.05744647979736328,1,1
3749,3.4091713428497314,0.2509489953517914,0,0
3750,3.8452208042144775,0.15347768366336823,1,1
3751,3.1493868827819824,0.011221927590668201,0,0
3752,3.0959277153015137,0.10738874971866608,1,1
3753,3.444782018661499,0.1991640329360962,1,1
3754,3.4119489192962646,0.8145861029624939,0,0
3755,2.863722324371338,0.1968708485364914,0,0
3756,3.33323073387146,0.11222366243600845,0,0
3757,3.1522839069366455,0.21853768825531006,0,0
3758,3.9493649005889893,0.11034359037876129,1,1
3759,2.579038381576538,0.0011376128531992435,0,0
3760,3.134894847869873,0.06845279783010483,1,1
3761,3.187361717224121,0.045581456273794174,0,0
3762,3.6443071365356445,0.00509992241859436,1,1
3763,3.15224027633667,0.024077877402305603,0,0
3764,3.297919988632202,0.03257090225815773,0,0
3765,2.761575937271118,4.9494301492813975e-05,0,0
3766,2.9198126792907715,0.009721805341541767,1,1
3767,3.627815008163452,0.02472306229174137,0,0
3768,3.402242422103882,0.6764793395996094,0,0
3769,3.837630033493042,0.23187236487865448,0,0
3770,3.66439151763916,0.1350143551826477,0,0
3771,3.5700221061706543,0.248691588640213,1,1
3772,3.8825104236602783,0.037536561489105225,0,0
3773,3.5184261798858643,0.19972431659698486,1,1
3774,4.163142681121826,0.05637824535369873,0,0
3775,4.112944602966309,0.05765484645962715,1,1
3776,3.1399013996124268,0.015170702710747719,1,1
3777,3.2838850021362305,0.07317745685577393,1,1
3778,3.6193692684173584,0.005126144737005234,1,1
3779,3.2153611183166504,0.386648952960968,0,0
3780,3.4512810707092285,0.29999110102653503,1,1
3781,3.0487868785858154,0.5081607103347778,0,0
3782,3.301201343536377,0.021644871681928635,0,0
3783,3.5336642265319824,0.2179335653781891,1,1
3784,3.782714605331421,0.14449408650398254,1,1
3785,3.1209723949432373,0.3326326906681061,0,0
3786,3.808328866958618,0.09718801826238632,1,1
3787,3.4926598072052,0.2512681782245636,0,0
3788,3.242027997970581,0.1088929995894432,0,0
3789,3.705516815185547,0.23667411506175995,1,1
3790,3.6316277980804443,0.6572507619857788,0,0
3791,3.3828108310699463,0.005137206055223942,0,0
3792,2.6395797729492188,0.00460398942232132,0,0
3793,3.1447560787200928,0.1685052365064621,1,1
3794,2.824373960494995,0.06718616187572479,0,0
3795,3.240769147872925,0.34906071424484253,1,1
3796,3.8620338439941406,0.00021038661361671984,1,1
3797,3.7533860206604004,0.4597574770450592,0,0
3798,3.1676788330078125,0.306356817483902,0,0
3799,3.3435449600219727,0.007857031188905239,0,0
3800,3.370216131210327,0.2998431324958801,0,0
3801,2.963801622390747,0.005791801493614912,0,0
3802,2.9968888759613037,0.2730139195919037,0,0
3803,3.474466562271118,0.01924758590757847,1,1
3804,3.4276411533355713,0.037577711045742035,0,0
3805,3.2694387435913086,0.28544580936431885,0,0
3806,3.817070960998535,0.7650032043457031,0,0
3807,3.9965295791625977,0.3759821355342865,1,1
3808,3.4047327041625977,0.7139078974723816,0,0
3809,3.657153844833374,0.18968404829502106,0,0
3810,3.433506727218628,0.05443384870886803,0,0
3811,2.514122247695923,0.47305718064308167,0,0
3812,2.3207240104675293,0.0101410998031497,1,1
3813,2.5096848011016846,0.02800905704498291,0,0
3814,3.025484323501587,0.30021315813064575,0,0
3815,3.0881118774414062,0.0012184203369542956,1,1
3816,3.1352922916412354,0.01943548396229744,1,1
3817,2.9689950942993164,0.03667032718658447,1,1
3818,3.144716739654541,0.11336453258991241,0,0
3819,3.38547945022583,0.00677162129431963,1,1
3820,3.249286651611328,0.02822589874267578,0,0
3821,3.086721420288086,0.0317368283867836,0,0
3822,3.52927303314209,0.20997928082942963,1,1
3823,3.690047264099121,0.03987154737114906,1,1
3824,3.5950803756713867,0.0009770618053153157,1,1
3825,4.0191450119018555,0.03702600672841072,1,1
3826,3.924715995788574,0.00237228418700397,1,1
3827,3.526398181915283,0.3345724046230316,0,0
3828,3.397467613220215,0.0005503894062712789,1,1
3829,3.56919002532959,0.09938449412584305,1,1
3830,3.5398004055023193,0.013991636224091053,1,1
3831,3.795271396636963,0.0037376047112047672,0,0
3832,3.3564999103546143,0.08742775768041611,1,1
3833,3.8287248611450195,0.024680592119693756,1,1
3834,3.223895311355591,0.0007411503465846181,0,0
3835,3.5099775791168213,0.0036391429603099823,1,1
3836,3.8369593620300293,0.0005769656272605062,1,1
3837,3.64245343208313,0.018972767516970634,1,1
3838,3.188568353652954,0.03768254444003105,0,0
3839,3.4652469158172607,0.1387777179479599,1,1
3840,3.5391602516174316,0.0009394228691235185,1,1
3841,3.3944802284240723,0.03137682005763054,1,1
3842,3.9007911682128906,0.020135903730988503,1,1
3843,3.1028318405151367,0.046384379267692566,1,1
3844,3.2132227420806885,0.0016893334686756134,0,0
3845,3.083594799041748,0.0061906324699521065,0,0
3846,3.497321367263794,0.0398060567677021,0,0
3847,3.3015823364257812,8.853385224938393e-05,1,1
3848,3.289008378982544,0.038632627576589584,1,1
3849,3.3601765632629395,0.00039944806485436857,0,0
3850,3.3929507732391357,0.006555774714797735,1,1
3851,3.4993793964385986,0.06353502720594406,0,0
3852,3.085563898086548,0.04325486719608307,1,1
3853,3.041902780532837,0.15476581454277039,0,0
3854,3.44368839263916,0.06770747154951096,0,0
3855,3.275254726409912,0.025543078780174255,0,0
3856,3.6291935443878174,0.0587444007396698,1,1
3857,3.8346869945526123,0.005117856897413731,0,0
3858,3.3119382858276367,0.012980925850570202,1,1
3859,3.3005802631378174,0.003651962149888277,1,1
3860,3.4012081623077393,0.36300668120384216,0,0
3861,3.8455889225006104,0.17747138440608978,0,0
3862,3.6337811946868896,0.12176793813705444,0,0
3863,3.727627754211426,0.5079681277275085,1,1
3864,3.1861507892608643,0.04608142375946045,0,0
3865,3.2536780834198,0.05288247391581535,0,0
3866,3.4760138988494873,0.08609741926193237,0,0
3867,3.141617774963379,0.4245099127292633,0,0
3868,2.8166823387145996,0.3134157657623291,0,0
3869,3.1683688163757324,0.0257501732558012,0,0
3870,3.4102461338043213,0.12504957616329193,0,0
3871,3.9812171459198,0.38556957244873047,0,0
3872,3.3358821868896484,0.04507191479206085,1,1
3873,3.15897274017334,0.0280478335916996,1,1
3874,2.913760185241699,0.04265882074832916,1,1
3875,3.5337305068969727,0.40314337611198425,0,0
3876,3.5591537952423096,0.06642290204763412,1,1
3877,3.157285451889038,0.033278338611125946,0,0
3878,3.7607533931732178,0.1912592500448227,1,1
3879,3.333218812942505,0.05488961562514305,1,1
3880,3.832834482192993,0.1738312840461731,1,1
3881,3.213948965072632,8.32611749501666e-06,1,1
3882,3.57106351852417,0.27211710810661316,0,0
3883,3.9504997730255127,0.002254396677017212,1,1
3884,3.5544848442077637,0.06460984796285629,1,1
3885,3.6811845302581787,0.202702596783638,0,0
3886,3.5202484130859375,0.023925377056002617,1,1
3887,3.9996604919433594,0.012690101750195026,1,1
3888,3.4433364868164062,0.001642853021621704,1,1
3889,3.5960309505462646,0.0015731994062662125,0,0
3890,3.554722309112549,0.7104548215866089,1,1
3891,3.434807538986206,0.13926708698272705,1,1
3892,3.7721734046936035,0.4586326777935028,1,1
3893,3.728109121322632,0.05852007493376732,0,0
3894,4.044058322906494,0.03175058588385582,1,1
3895,4.01042366027832,0.13679318130016327,1,1
3896,3.1641154289245605,0.36255332827568054,1,1
3897,3.555854082107544,0.0039070406928658485,1,1
3898,3.995972156524658,0.003745869267731905,1,1
3899,3.697445869445801,0.006777975708246231,1,1
3900,3.7232871055603027,0.9363771677017212,1,1
3901,2.9112257957458496,0.47950416803359985,0,0
3902,3.217838764190674,0.20430465042591095,1,1
3903,3.3649675846099854,0.7632148265838623,1,1
3904,3.405038356781006,0.41104942560195923,0,0
3905,3.5936858654022217,0.12002978473901749,1,1
3906,3.524143695831299,0.6461259126663208,0,0
3907,3.5827322006225586,0.14411281049251556,1,1
3908,3.593111753463745,0.2953367233276367,1,1
3909,2.7690980434417725,0.07629037648439407,1,1
3910,3.545440196990967,0.10228957235813141,1,1
3911,3.5107266902923584,0.0003288165607955307,0,0
3912,3.595878839492798,0.01956755481660366,1,1
3913,3.064378261566162,0.00012945766502525657,1,1
3914,3.323767900466919,0.06536757946014404,0,0
3915,4.2206573486328125,0.07228735834360123,0,0
3916,3.8583860397338867,0.018660355359315872,0,0
3917,4.166839599609375,0.11705935001373291,1,1
3918,4.586431503295898,0.005554848350584507,1,1
3919,3.703453779220581,0.04732019081711769,0,0
3920,3.6892247200012207,0.04737478867173195,0,0
3921,2.831441640853882,0.0015647895634174347,1,1
3922,3.3099961280822754,0.14402490854263306,0,0
3923,3.1118972301483154,0.007548742927610874,0,0
3924,3.2605350017547607,0.029937276616692543,0,0
3925,2.98126482963562,0.5510773658752441,0,0
3926,3.0661044120788574,0.4729377329349518,0,0
3927,2.667449474334717,0.0844740942120552,1,1
3928,2.9444363117218018,0.4663638770580292,0,0
3929,3.32108473777771,0.3812313675880432,1,1
3930,3.3608570098876953,0.4267891049385071,1,1
3931,3.4906978607177734,0.3234904408454895,1,1
3932,2.8060967922210693,0.1559830904006958,0,0
3933,2.8329241275787354,0.3264501988887787,1,1
3934,2.6255857944488525,0.06562443822622299,0,0
3935,2.712404251098633,0.10719907283782959,1,1
3936,2.6677849292755127,0.10152554512023926,0,0
3937,2.54272723197937,0.011441769078373909,1,1
3938,2.568652629852295,0.412238210439682,0,0
3939,2.5766546726226807,0.007712282240390778,0,0
3940,3.4697680473327637,0.03769753500819206,0,0
3941,3.3098127841949463,0.28034377098083496,1,1
3942,3.38596248626709,0.23675863444805145,0,0
3943,3.263929843902588,0.44833874702453613,0,0
3944,3.155979871749878,0.38693705201148987,1,1
3945,3.7551982402801514,0.5340460538864136,1,1
3946,3.7050304412841797,0.05282479152083397,1,1
3947,3.473876714706421,0.005785927642136812,1,1
3948,3.48899507522583,0.030534664168953896,0,0
3949,3.319154977798462,0.00024562477483414114,1,1
3950,2.6920957565307617,0.22425904870033264,1,1
3951,3.209519147872925,0.0014179948484525084,0,0
3952,3.596402883529663,0.14826005697250366,1,1
3953,3.138333559036255,0.23298899829387665,0,0
3954,3.608079433441162,1.3076761960983276,1,1
3955,3.0979325771331787,0.1794690638780594,1,1
3956,3.3621644973754883,1.3411045607369942e-08,0,0
3957,3.323894500732422,0.010682651773095131,0,0
3958,3.3190371990203857,0.012286770157516003,0,0
3959,3.5160324573516846,0.00029144444852136075,0,0
3960,3.085139274597168,0.02260368876159191,0,0
3961,3.204824209213257,0.2015051692724228,1,1
3962,3.471611738204956,0.11033076047897339,1,1
3963,3.666020154953003,0.47525009512901306,1,1
3964,3.545156955718994,0.01090724766254425,1,1
3965,3.6579155921936035,0.06240170821547508,1,1
3966,3.4744277000427246,0.04179815202951431,0,0
3967,3.1668686866760254,0.06314157694578171,0,0
3968,3.3847899436950684,0.2634182274341583,0,0
3969,3.3699285984039307,0.1808864176273346,1,1
3970,3.271963596343994,0.1248176097869873,1,1
3971,3.3879432678222656,0.12656937539577484,1,1
3972,3.480639934539795,0.01234031468629837,1,1
3973,3.6455111503601074,0.0032529328018426895,0,0
3974,3.5941545963287354,0.037085454910993576,1,1
3975,3.3771512508392334,0.00035304660559631884,1,1
3976,3.7223246097564697,0.05408765748143196,1,1
3977,3.455364465713501,0.03205050155520439,1,1
3978,3.2235236167907715,0.13249437510967255,0,0
3979,3.68761944770813,0.08570144325494766,1,1
3980,3.3596906661987305,0.03900911286473274,0,0
3981,3.6615424156188965,0.02761956863105297,0,0
3982,3.317530632019043,0.09677328914403915,0,0
3983,3.80959153175354,0.027013475075364113,1,1
3984,3.5029001235961914,0.03994094952940941,1,1
3985,3.816823720932007,0.022380799055099487,0,0
3986,3.520313024520874,0.08118578046560287,0,0
3987,3.1834359169006348,0.004781151656061411,0,0
3988,3.7476303577423096,0.07191421091556549,1,1
3989,3.4659197330474854,0.04106350243091583,0,0
3990,3.307572603225708,0.08671015501022339,1,1
3991,3.435959577560425,0.4292134940624237,0,0
3992,3.8182473182678223,0.06198294833302498,1,1
3993,3.1936938762664795,0.08384697884321213,0,0
3994,3.0168797969818115,0.07196079939603806,1,1
3995,3.2099380493164062,0.02871766686439514,0,0
3996,3.67152738571167,0.03747301921248436,1,1
3997,3.541229009628296,0.3486047387123108,1,1
3998,3.2681634426116943,0.04415060579776764,0,0
3999,4.001824378967285,0.08511481434106827,1,1
4000,3.558769702911377,0.18752983212471008,0,0
4001,3.4114954471588135,0.00473322719335556,1,1
4002,3.5370185375213623,0.08755334466695786,1,1
4003,3.8195223808288574,0.08742775768041611,1,1
4004,3.7941641807556152,0.06103992462158203,0,0
4005,4.286495208740234,0.2610362470149994,1,1
4006,4.396544456481934,0.2451716959476471,1,1
4007,3.5992250442504883,0.04581250622868538,0,0
4008,3.7772152423858643,0.00026285648345947266,1,1
4009,3.9026713371276855,0.004614472389221191,0,0
4010,3.5581653118133545,1.431107557436917e-05,1,1
4011,3.879296064376831,0.22748792171478271,1,1
4012,3.4045302867889404,0.017127089202404022,1,1
4013,3.152916669845581,0.03650788590312004,1,1
4014,3.363567590713501,0.17635107040405273,0,0
4015,3.932035207748413,0.02422485314309597,1,1
4016,3.5730764865875244,0.034479063004255295,1,1
4017,3.1833696365356445,0.08569014072418213,0,0
4018,3.3966023921966553,0.025376776233315468,1,1
4019,3.3607606887817383,0.11826429516077042,0,0
4020,3.635424852371216,0.08417703956365585,1,1
4021,3.7388758659362793,0.002977225696668029,1,1
4022,3.8994412422180176,0.04647587612271309,1,1
4023,3.324697494506836,0.2951270043849945,1,1
4024,3.4721786975860596,0.032979726791381836,0,0
4025,3.2964847087860107,0.007338927127420902,1,1
4026,3.6829755306243896,0.06182447075843811,0,0
4027,3.6587963104248047,0.005320027936249971,0,0
4028,3.8445348739624023,0.03643416240811348,1,1
4029,3.2895171642303467,0.0015647895634174347,1,1
4030,3.4854471683502197,0.005170460790395737,1,1
4031,3.7765629291534424,0.10025040060281754,0,0
4032,3.429107904434204,0.00753365783020854,1,1
4033,3.6449813842773438,0.1788073629140854,1,1
4034,3.4913365840911865,0.06406154483556747,0,0
4035,3.6532540321350098,0.3205004632472992,0,0
4036,3.187441825866699,0.20728161931037903,1,1
4037,3.582127809524536,0.00044626378803513944,0,0
4038,3.727078676223755,0.0016656182706356049,1,1
4039,3.2330808639526367,0.18853415548801422,1,1
4040,3.273653745651245,0.0025066868402063847,1,1
4041,3.2672812938690186,0.0642179623246193,1,1
4042,3.344569206237793,0.05278043821454048,0,0
4043,3.24786114692688,0.010176115669310093,0,0
4044,3.658356189727783,0.0038051665760576725,0,0
4045,3.5869288444519043,0.04751772806048393,1,1
4046,3.5827014446258545,0.048520103096961975,0,0
4047,3.0235767364501953,0.007545389235019684,1,1
4048,3.309662103652954,0.002073079813271761,1,1
4049,3.3340213298797607,0.2808549702167511,0,0
4050,3.4812448024749756,0.013543245382606983,1,1
4051,3.1662135124206543,0.0002042726700892672,0,0
4052,3.7043190002441406,0.027022991329431534,0,0
4053,3.1646296977996826,0.18669493496418,1,1
4054,3.5179085731506348,0.05169087275862694,0,0
4055,3.207848310470581,0.007411859929561615,1,1
4056,3.220512628555298,0.09004370123147964,0,0
4057,3.1330742835998535,0.05503441020846367,1,1
4058,3.4590415954589844,0.00012145973596489057,0,0
4059,2.5159711837768555,0.029624182730913162,0,0
4060,3.4676060676574707,0.34781885147094727,0,0
4061,3.1106982231140137,0.06247887760400772,1,1
4062,3.279014825820923,2.8687063604593277e-05,1,1
4063,3.501725912094116,0.05470888689160347,0,0
4064,2.990217447280884,0.015522176399827003,1,1
4065,3.771862506866455,0.14736217260360718,1,1
4066,3.4805099964141846,0.15892401337623596,0,0
4067,3.743551254272461,0.5688708424568176,1,1
4068,3.8491687774658203,0.09868598729372025,1,1
4069,3.149081230163574,0.06930887699127197,1,1
4070,3.8580849170684814,0.00025478340103290975,0,0
4071,3.614521026611328,0.09246329963207245,0,0
4072,3.620694398880005,0.018797708675265312,0,0
4073,3.329188108444214,0.7746559977531433,0,0
4074,3.8108911514282227,0.5090967416763306,0,0
4075,3.2016806602478027,0.43144187331199646,1,1
4076,3.4679512977600098,0.007041080389171839,1,1
4077,3.369718074798584,0.011728450655937195,1,1
4078,3.0395874977111816,0.0056676194071769714,0,0
4079,3.817650079727173,0.06748165935277939,1,1
4080,3.2597508430480957,0.07338645309209824,1,1
4081,3.645583391189575,0.3096023499965668,1,1
4082,3.4432425498962402,0.20510807633399963,0,0
4083,3.5787272453308105,0.3640657067298889,0,0
4084,3.1604089736938477,0.08397556841373444,0,0
4085,3.59031081199646,0.11692731827497482,1,1
4086,3.3208377361297607,0.1978311687707901,0,0
4087,3.3262217044830322,0.6822382211685181,1,1
4088,3.3849000930786133,0.6556869149208069,1,1
4089,3.052837610244751,0.3846352994441986,1,1
4090,3.2923152446746826,0.6650033593177795,0,0
4091,3.8232834339141846,0.33070966601371765,0,0
4092,3.991258144378662,1.0244961977005005,0,0
4093,3.485200881958008,0.15150298178195953,1,1
4094,3.1629834175109863,0.020873812958598137,0,0
4095,3.77543306350708,0.1675795316696167,1,1
4096,3.296569347381592,0.06253678351640701,1,1
4097,3.223959445953369,0.03661860153079033,0,0
4098,3.5475523471832275,0.022366365417838097,0,0
4099,3.559634208679199,0.2053878754377365,1,1
4100,3.6100387573242188,0.022346163168549538,0,0
4101,3.4269862174987793,0.0001418177125742659,0,0
4102,2.8489763736724854,0.020679069682955742,0,0
4103,3.622901439666748,0.007028129883110523,0,0
4104,3.09012508392334,0.012527555227279663,0,0
4105,3.1151585578918457,0.0019331589573994279,1,1
4106,3.156921625137329,0.025266209617257118,0,0
4107,3.2165310382843018,0.20853130519390106,0,0
4108,3.6214792728424072,0.009721805341541767,0,0
4109,2.7926576137542725,0.28904566168785095,1,1
4110,3.263361692428589,0.4556051790714264,1,1
4111,3.3037211894989014,0.4096399247646332,0,0
4112,3.424114227294922,0.41545405983924866,0,0
4113,3.2435226440429688,0.047909822314977646,1,1
4114,3.732543706893921,0.11066439002752304,1,1
4115,3.4438767433166504,0.06249817833304405,0,0
4116,3.484621047973633,0.2015918344259262,1,1
4117,3.1625607013702393,0.007485153619199991,0,0
4118,3.1251609325408936,0.714168906211853,0,0
4119,3.131545305252075,0.24481821060180664,0,0
4120,3.056270122528076,0.2584884464740753,0,0
4121,3.360579252243042,0.0031081705819815397,0,0
4122,3.184858798980713,0.0005691111437045038,0,0
4123,2.971404790878296,0.010075122117996216,0,0
4124,3.41378116607666,0.09637141972780228,0,0
4125,3.638767719268799,0.13203109800815582,1,1
4126,3.9774675369262695,0.015332788228988647,1,1
4127,3.6464099884033203,0.0352720282971859,0,0
4128,3.6629621982574463,0.6834504008293152,1,1
4129,3.415186643600464,3.386372918612324e-05,0,0
4130,3.2577342987060547,0.17119383811950684,1,1
4131,3.3118224143981934,0.08297737687826157,0,0
4132,2.7892563343048096,0.01447982806712389,1,1
4133,3.276477336883545,0.06170935183763504,0,0
4134,3.3978235721588135,0.11034359037876129,1,1
4135,3.401665687561035,0.004443028010427952,1,1
4136,3.1572391986846924,0.011262857355177402,1,1
4137,3.332660675048828,0.16633348166942596,1,1
4138,3.0511279106140137,0.0048939138650894165,0,0
4139,3.5511791706085205,0.004556963685899973,1,1
4140,3.7014658451080322,0.13461749255657196,1,1
4141,2.5640757083892822,0.003780204802751541,0,0
4142,2.7612977027893066,0.02663729153573513,1,1
4143,2.818152904510498,0.1785789132118225,0,0
4144,3.7525382041931152,0.038765519857406616,1,1
4145,3.553405523300171,0.1679748296737671,1,1
4146,3.454190254211426,0.051252979785203934,0,0
4147,2.328199863433838,0.8622811436653137,1,1
4148,2.2904212474823,0.7454626560211182,1,1
4149,2.7678821086883545,0.974675178527832,0,0
4150,3.328084945678711,0.25992313027381897,1,1
4151,3.071474075317383,0.08240016549825668,1,1
4152,3.3740241527557373,0.23093461990356445,0,0
4153,3.0910251140594482,0.10818717628717422,0,0
4154,2.98777437210083,0.23966002464294434,1,1
4155,3.1603686809539795,0.27320554852485657,0,0
4156,3.2840778827667236,4.507601403247463e-08,0,0
4157,2.9473466873168945,0.26526397466659546,1,1
4158,3.9762794971466064,0.3404705226421356,1,1
4159,3.803467273712158,0.03978680446743965,0,0
4160,3.5860073566436768,0.0043356167152523994,1,1
4161,3.6722288131713867,0.04723206162452698,0,0
4162,3.4239418506622314,0.18992790579795837,0,0
4163,3.9797420501708984,0.0009293929906561971,1,1
4164,3.640869617462158,0.0504174530506134,0,0
4165,3.403557062149048,0.0931159034371376,0,0
4166,3.1487698554992676,0.01217364240437746,1,1
4167,3.044955253601074,0.23765166103839874,0,0
4168,3.5013837814331055,0.2777743935585022,1,1
4169,3.777942180633545,0.21335358917713165,0,0
4170,3.6960341930389404,0.25391635298728943,0,0
4171,3.026947259902954,0.0101410998031497,1,1
4172,3.5730834007263184,0.07819464057683945,1,1
4173,3.8759407997131348,0.20955495536327362,1,1
4174,3.7620954513549805,0.06219455599784851,1,1
4175,3.711878538131714,0.2977330982685089,1,1
4176,4.145041465759277,0.033468738198280334,0,0
4177,3.6628730297088623,0.4522761404514313,1,1
4178,3.3540735244750977,0.2604350745677948,0,0
4179,3.476919174194336,0.03589826449751854,1,1
4180,3.2475433349609375,0.32899150252342224,0,0
4181,3.538466691970825,0.12556882202625275,0,0
4182,3.563648223876953,0.004085165448486805,1,1
4183,3.273468494415283,0.009059791453182697,0,0
4184,3.2614121437072754,0.04542500153183937,1,1
4185,3.5541481971740723,0.38509032130241394,0,0
4186,3.522707462310791,0.019822170957922935,1,1
4187,3.0037572383880615,0.2301376312971115,1,1
4188,3.1430938243865967,0.20793238282203674,1,1
4189,3.957282543182373,0.14679960906505585,1,1
4190,3.7850475311279297,0.14237424731254578,1,1
4191,3.799140691757202,0.14685139060020447,0,0
4192,3.6995797157287598,0.02345895767211914,1,1
4193,3.7397983074188232,0.016531193628907204,1,1
4194,4.134590148925781,0.14238880574703217,0,0
4195,3.6513655185699463,0.2336602658033371,0,0
4196,3.448841094970703,2.5571882360964082e-05,1,1
4197,3.131746768951416,0.08251100778579712,0,0
4198,3.0998446941375732,0.005024394486099482,0,0
4199,3.532618999481201,0.17760150134563446,0,0
4200,3.463118076324463,0.07983309030532837,1,1
4201,3.921926259994507,0.0007301568984985352,1,1
4202,3.4266483783721924,0.06159912422299385,0,0
4203,3.556917428970337,0.09150328487157822,1,1
4204,3.802361249923706,0.03352172300219536,1,1
4205,3.3080544471740723,0.0007607195875607431,0,0
4206,3.6672894954681396,0.02273154817521572,1,1
4207,3.5171210765838623,0.0533941350877285,1,1
4208,3.6833250522613525,0.0023469701409339905,0,0
4209,3.263035774230957,0.10336649417877197,1,1
4210,3.6807498931884766,0.00032324055791832507,1,1
4211,3.6456308364868164,0.1798781305551529,0,0
4212,3.6837565898895264,0.04249553382396698,0,0
4213,3.3163866996765137,0.3922135531902313,1,1
4214,3.397580862045288,0.0022406713105738163,0,0
4215,3.367891550064087,0.0007628504536114633,1,1
4216,3.4190635681152344,0.01721308007836342,0,0
4217,4.107931137084961,0.11859641224145889,1,1
4218,3.713484287261963,0.007730938494205475,0,0
4219,3.4486372470855713,0.13542601466178894,1,1
4220,3.616847276687622,0.04251941293478012,0,0
4221,3.8839240074157715,0.08131231367588043,1,1
4222,3.9687509536743164,0.018528757616877556,0,0
4223,2.9895646572113037,0.027863888069987297,0,0
4224,3.0829217433929443,0.03426435962319374,1,1
4225,3.2985501289367676,0.1526923030614853,1,1
4226,3.1271910667419434,0.032209645956754684,1,1
4227,3.3185393810272217,0.006482531316578388,1,1
4228,2.9258060455322266,0.004085165448486805,1,1
4229,2.90242075920105,0.008917062543332577,0,0
4230,3.2865898609161377,0.002356329932808876,1,1
4231,2.858034372329712,0.027080131694674492,0,0
4232,3.458482027053833,0.10528659075498581,1,1
4233,2.928539752960205,0.3549925982952118,0,0
4234,3.2452244758605957,0.00497934827581048,1,1
4235,2.985232353210449,0.19050030410289764,0,0
4236,3.4573001861572266,0.02194119803607464,1,1
4237,3.483940601348877,0.009199950844049454,0,0
4238,3.7446391582489014,0.0008331687422469258,1,1
4239,3.396275043487549,0.09556423127651215,0,0
4240,3.8650007247924805,0.0036694786977022886,1,1
4241,3.3641586303710938,0.14840872585773468,0,0
4242,3.736689567565918,0.0658520758152008,1,1
4243,3.9421026706695557,0.3615429401397705,0,0
4244,3.7724108695983887,0.002630914095789194,0,0
4245,3.8912463188171387,0.02245304547250271,0,0
4246,4.0009846687316895,0.0038087391294538975,1,1
4247,4.030452251434326,0.014872642233967781,0,0
4248,3.759925127029419,0.05298016592860222,0,0
4249,3.8340401649475098,0.0003699258959386498,1,1
4250,3.949521064758301,0.0019612647593021393,0,0
4251,3.3075151443481445,0.07125837355852127,0,0
4252,3.9085097312927246,0.024814190343022346,0,0
4253,3.421252489089966,0.2002594769001007,1,1
4254,3.797147750854492,0.008802607655525208,0,0
4255,3.3189857006073,1.6474165249746875e-06,1,1
4256,3.438981533050537,0.05104345828294754,1,1
4257,3.589728832244873,0.08798220008611679,0,0
4258,3.4755029678344727,0.028459856286644936,0,0
4259,3.9502811431884766,0.00920550525188446,1,1
4260,3.2577435970306396,0.00035087400465272367,0,0
4261,3.4851882457733154,0.15007895231246948,1,1
4262,3.559168815612793,0.007215440273284912,1,1
4263,3.2721574306488037,0.0003115498402621597,0,0
4264,2.715731382369995,0.0029248015489429235,0,0
4265,2.6532647609710693,0.3293015658855438,0,0
4266,2.937905788421631,0.04751352593302727,1,1
4267,2.87282395362854,0.11631432920694351,1,1
4268,3.2594103813171387,0.0970376506447792,0,0
4269,3.510659694671631,0.33513087034225464,0,0
4270,3.535806655883789,0.007826265878975391,1,1
4271,3.5618605613708496,0.0738368034362793,0,0
4272,3.4948365688323975,0.015397384762763977,1,1
4273,3.337458610534668,0.018298281356692314,0,0
4274,3.040659189224243,0.28232982754707336,0,0
4275,3.153578996658325,0.2687046229839325,0,0
4276,2.8822667598724365,0.13135868310928345,0,0
4277,3.1144134998321533,0.070846788585186,1,1
4278,3.13002872467041,0.014007622376084328,0,0
4279,3.1983864307403564,0.1650763899087906,1,1
4280,3.238518238067627,0.11381988972425461,1,1
4281,2.8662257194519043,0.21365681290626526,0,0
4282,3.300321102142334,0.052192337810993195,0,0
4283,2.9643259048461914,0.03420722112059593,0,0
4284,3.143709897994995,2.151727812815807e-06,1,1
4285,2.9656107425689697,0.017011094838380814,0,0
4286,2.7851312160491943,0.003250731620937586,1,1
4287,2.9143810272216797,0.0025076530873775482,0,0
4288,2.792966604232788,0.07075947523117065,1,1
4289,2.750708818435669,0.12360000610351562,1,1
4290,3.1596970558166504,0.015872811898589134,0,0
4291,3.6726622581481934,0.036662936210632324,0,0
4292,2.9893550872802734,0.003800405655056238,0,0
4293,3.1721713542938232,0.19845835864543915,1,1
4294,2.776331663131714,0.07407825440168381,0,0
4295,2.9429099559783936,0.3421732187271118,0,0
4296,3.1581525802612305,0.046888723969459534,0,0
4297,3.177018404006958,0.04546203091740608,1,1
4298,2.9313161373138428,0.10866383463144302,0,0
4299,2.989285707473755,0.11776038259267807,1,1
4300,2.8635621070861816,0.0334828644990921,0,0
4301,2.825514316558838,0.1988971084356308,1,1
4302,2.8484888076782227,0.3201945722103119,0,0
4303,2.6781840324401855,0.4590771794319153,0,0
4304,2.9420366287231445,0.06987404823303223,0,0
4305,3.1063930988311768,0.10708536207675934,0,0
4306,3.0981781482696533,0.2364957332611084,0,0
4307,2.9042205810546875,0.024080872535705566,0,0
4308,2.957197666168213,0.16707424819469452,0,0
4309,2.982640504837036,0.09028131514787674,0,0
4310,3.011932849884033,0.008895204402506351,0,0
4311,3.2571160793304443,0.09228145331144333,0,0
4312,3.54728102684021,0.002892532153055072,1,1
4313,3.396177053451538,0.048946183174848557,1,1
4314,3.8535590171813965,0.01959456317126751,1,1
4315,3.965569257736206,0.047580864280462265,0,0
4316,3.436445474624634,0.09448139369487762,0,0
4317,3.3099751472473145,0.3684576749801636,0,0
4318,3.170081615447998,0.00037964069633744657,0,0
4319,3.2499632835388184,0.0008595589897595346,1,1
4320,3.6155519485473633,0.014933903701603413,0,0
4321,3.6132216453552246,0.0497436486184597,1,1
4322,3.630859136581421,0.002828530967235565,1,1
4323,3.409749984741211,0.023447135463356972,1,1
4324,3.7270097732543945,0.21065199375152588,0,0
4325,3.840932607650757,0.00891159474849701,1,1
4326,3.5998592376708984,0.19557128846645355,1,1
4327,3.215590000152588,0.10863838344812393,1,1
4328,3.2839925289154053,0.15382570028305054,1,1
4329,3.3866400718688965,4.7345554776256904e-05,0,0
4330,3.490145444869995,0.000660453864838928,1,1
4331,3.6279854774475098,0.0010614633793011308,1,1
4332,3.3601467609405518,0.29119762778282166,0,0
4333,3.1855902671813965,0.028688237071037292,1,1
4334,3.205869436264038,0.2869430184364319,1,1
4335,3.1905832290649414,0.0013725758763030171,1,1
4336,2.6357595920562744,0.23089753091335297,0,0
4337,2.7965846061706543,0.6761301755905151,0,0
4338,2.525625228881836,0.17005376517772675,0,0
4339,2.696084976196289,0.09018855541944504,0,0
4340,2.5422277450561523,0.015577534213662148,1,1
4341,2.9607317447662354,0.48157796263694763,0,0
4342,2.504417896270752,0.10397551208734512,0,0
4343,2.7091243267059326,0.0018120668828487396,0,0
4344,2.6572234630584717,0.012972131371498108,0,0
4345,2.295898199081421,0.013601708225905895,1,1
4346,2.3562753200531006,0.003315982175990939,0,0
4347,2.4208343029022217,0.037753764539957047,1,1
4348,2.5298657417297363,0.018731608986854553,0,0
4349,2.405599355697632,0.11601831018924713,0,0
4350,3.2375872135162354,0.0024347349535673857,1,1
4351,2.6982953548431396,0.0015533581608906388,0,0
4352,2.4147961139678955,0.19001202285289764,0,0
4353,2.761956214904785,0.005824162159115076,1,1
4354,3.627974033355713,0.0003204704262316227,0,0
4355,3.680609941482544,0.0029195845127105713,0,0
4356,3.528607130050659,0.06216086819767952,1,1
4357,4.077912330627441,0.1498248428106308,0,0
4358,3.940673351287842,0.0026388398837298155,1,1
4359,3.33455753326416,0.08132883161306381,0,0
4360,3.9380338191986084,0.04605242609977722,1,1
4361,3.7493057250976562,5.1413571782177314e-05,0,0
4362,4.024661064147949,0.7918570041656494,0,0
4363,3.8855652809143066,0.040064480155706406,0,0
4364,4.120729923248291,0.028910968452692032,1,1
4365,3.391348123550415,0.008518816903233528,1,1
4366,3.9923818111419678,0.008011761121451855,0,0
4367,4.156491756439209,0.06811487674713135,0,0
4368,2.826072931289673,0.00015909309149719775,1,1
4369,2.583664655685425,0.022685011848807335,0,0
4370,3.712374210357666,0.032022859901189804,0,0
4371,3.439124584197998,0.21790654957294464,1,1
4372,3.171706199645996,0.08104284852743149,1,1
4373,3.3394689559936523,0.12381044775247574,1,1
4374,3.1649575233459473,0.04187710955739021,0,0
4375,3.048719882965088,0.00020262086763978004,0,0
4376,2.9991204738616943,0.00766489515081048,1,1
4377,3.1700894832611084,0.028645753860473633,0,0
4378,3.3640801906585693,7.985867705428973e-05,1,1
4379,3.408797264099121,0.08923468738794327,1,1
4380,3.349531888961792,0.12707801163196564,0,0
4381,2.9417428970336914,0.03908921033143997,0,0
4382,2.583787441253662,0.32293081283569336,1,1
4383,2.9437336921691895,0.17292314767837524,0,0
4384,2.951589822769165,0.32594308257102966,0,0
4385,3.300490617752075,0.02109188586473465,1,1
4386,2.9203317165374756,0.049155641347169876,1,1
4387,2.8830301761627197,0.14328603446483612,1,1
4388,3.1022768020629883,0.08023715764284134,1,1
4389,2.803800344467163,0.03158571943640709,1,1
4390,3.432363271713257,0.11462875455617905,1,1
4391,2.964850902557373,0.1287623792886734,1,1
4392,3.000380754470825,0.07823242992162704,1,1
4393,3.0319643020629883,8.762814331930713e-07,0,0
4394,2.9596641063690186,0.019143296405673027,0,0
4395,2.323030710220337,5.111019611358643,0,0
4396,2.7718350887298584,0.6821584701538086,1,1
4397,2.794639825820923,0.4090718924999237,0,0
4398,2.7547709941864014,0.08428347110748291,1,1
4399,2.9172585010528564,0.14931724965572357,0,0
4400,2.9735920429229736,0.09920811653137207,0,0
4401,3.346332311630249,0.05763167142868042,1,1
4402,2.9138312339782715,0.31645944714546204,1,1
4403,3.5009801387786865,0.0617716982960701,1,1
4404,3.2872629165649414,0.4801459014415741,1,1
4405,3.669968605041504,0.42208629846572876,1,1
4406,3.267071485519409,0.7967767119407654,0,0
4407,4.0311689376831055,0.8701131939888,1,1
4408,4.219631195068359,0.29939940571784973,1,1
4409,3.174617290496826,0.018834775313735008,0,0
4410,3.3520827293395996,3.6846940929535776e-05,1,1
4411,3.0130016803741455,0.05139290168881416,0,0
4412,3.2036383152008057,0.05827752873301506,0,0
4413,3.9265739917755127,0.3744688034057617,1,1
4414,3.470405340194702,0.07414130866527557,1,1
4415,3.7177939414978027,0.10476741939783096,1,1
4416,3.3936946392059326,0.004580446518957615,1,1
4417,3.6692771911621094,0.16913174092769623,0,0
4418,3.8028831481933594,0.0033471756614744663,1,1
4419,3.7989108562469482,0.315960168838501,1,1
4420,3.2718544006347656,0.01772068813443184,0,0
4421,3.0997226238250732,0.11222366243600845,1,1
4422,3.5177533626556396,0.04495725408196449,1,1
4423,3.2765390872955322,0.19762519001960754,0,0
4424,3.5793135166168213,0.053693365305662155,1,1
4425,3.7008187770843506,0.017857125028967857,1,1
4426,3.4664196968078613,0.006201267242431641,1,1
4427,3.186467170715332,0.09512320905923843,0,0
4428,3.907266855239868,0.011018396355211735,1,1
4429,3.557788610458374,0.7184487581253052,1,1
4430,3.453047037124634,0.0367886982858181,1,1
4431,3.591679096221924,0.060407351702451706,1,1
4432,3.3615267276763916,0.19354508817195892,0,0
4433,3.619908094406128,0.038522690534591675,1,1
4434,3.4968299865722656,0.17866049706935883,0,0
4435,3.3000271320343018,0.04087207838892937,1,1
4436,3.712425708770752,0.024747347459197044,1,1
4437,3.4194164276123047,0.006272909231483936,1,1
4438,3.058074712753296,0.052953511476516724,1,1
4439,3.590043783187866,5.058655733591877e-05,1,1
4440,3.3658318519592285,0.5320450663566589,1,1
4441,3.5210163593292236,0.9038860201835632,0,0
4442,3.315577507019043,0.22432301938533783,0,0
4443,2.6665425300598145,0.4533671438694,1,1
4444,3.031137704849243,0.11101138591766357,1,1
4445,3.542802572250366,0.19941391050815582,1,1
4446,3.217181921005249,0.2786702811717987,1,1
4447,3.3402657508850098,0.06684639304876328,0,0
4448,3.4678730964660645,0.04472021013498306,0,0
4449,3.737929582595825,0.22638456523418427,0,0
4450,3.203523874282837,0.028707856312394142,0,0
4451,3.1105258464813232,0.00033127106144092977,0,0
4452,3.4343485832214355,0.06876624375581741,1,1
4453,3.5318448543548584,0.09821966290473938,1,1
4454,3.0104782581329346,0.18016475439071655,1,1
4455,3.4118058681488037,0.08163736015558243,1,1
4456,3.227613687515259,0.0009094947017729282,0,0
4457,3.5818965435028076,0.02680451050400734,0,0
4458,3.4550294876098633,0.02531532011926174,0,0
4459,3.85969877243042,0.05451944097876549,0,0
4460,3.8126797676086426,0.024783795699477196,0,0
4461,3.531874895095825,0.007112521678209305,0,0
4462,3.5299365520477295,0.004862907808274031,0,0
4463,3.052130699157715,0.005932185798883438,1,1
4464,3.066932201385498,0.02635767124593258,0,0
4465,3.2583038806915283,0.04829079285264015,1,1
4466,3.372978925704956,0.09033931791782379,1,1
4467,3.2284252643585205,0.06956826895475388,1,1
4468,3.3543787002563477,0.03942573815584183,0,0
4469,3.6680469512939453,0.01466622669249773,0,0
4470,3.8448688983917236,0.006873652338981628,1,1
4471,3.1891510486602783,0.26909494400024414,0,0
4472,3.5202560424804688,9.481618326390162e-05,1,1
4473,3.499823570251465,0.08891785889863968,0,0
4474,3.5923094749450684,0.005248473025858402,0,0
4475,3.5170249938964844,0.1274704933166504,1,1
4476,3.1574344635009766,0.07520141452550888,0,0
4477,3.723909378051758,0.1753474473953247,0,0
4478,3.421980857849121,0.0926453247666359,1,1
4479,3.8919827938079834,0.15772594511508942,1,1
4480,3.098346471786499,0.00024140812456607819,0,0
4481,3.6876375675201416,0.3931327760219574,0,0
4482,4.288915157318115,0.07657318562269211,1,1
4483,4.405183792114258,0.00022288496256805956,1,1
4484,4.318557262420654,0.07362192869186401,1,1
4485,4.022357940673828,0.01250380463898182,1,1
4486,4.047598838806152,0.009148187935352325,0,0
4487,4.325956344604492,0.042642876505851746,0,0
4488,3.767587423324585,0.11772065609693527,1,1
4489,4.112100601196289,0.0017509699100628495,1,1
4490,4.503875255584717,0.0053369347006082535,1,1
4491,2.79876446723938,0.04270268604159355,1,1
4492,3.3638343811035156,0.0030354298651218414,1,1
4493,2.949720859527588,0.36160096526145935,0,0
4494,3.408271074295044,0.1380811482667923,0,0
4495,3.5078437328338623,0.0007348583312705159,0,0
4496,3.714522361755371,0.13933192193508148,1,1
4497,3.7583634853363037,0.013870896771550179,0,0
4498,3.9400761127471924,0.032088518142700195,0,0
4499,3.972698926925659,0.022193508222699165,0,0
4500,3.5712125301361084,0.49751272797584534,1,1
4501,3.081113815307617,0.5064285397529602,0,0
4502,3.315532922744751,0.1488998830318451,0,0
4503,3.684870719909668,0.27009710669517517,1,1
4504,3.8950889110565186,0.8641999363899231,1,1
4505,2.8765761852264404,0.21798764169216156,0,0
4506,2.7793819904327393,0.0848897323012352,1,1
4507,2.6829402446746826,0.12499497085809708,0,0
4508,2.5646514892578125,0.17747138440608978,1,1
4509,2.6135737895965576,0.10290779918432236,0,0
4510,2.981726884841919,0.11760147660970688,1,1
4511,3.4868011474609375,0.029279697686433792,1,1
4512,3.714489459991455,0.006411244161427021,0,0
4513,3.7408041954040527,0.04482639208436012,0,0
4514,3.8158445358276367,0.1165580153465271,0,0
4515,3.273191213607788,0.034100212156772614,0,0
4516,3.125473976135254,0.1642853021621704,0,0
4517,2.859323024749756,0.5342717170715332,1,1
4518,3.383625030517578,0.00022926936799194664,0,0
4519,3.772958278656006,0.058147139847278595,1,1
4520,3.2003111839294434,0.12104163318872452,1,1
4521,4.0886945724487305,0.003009962383657694,1,1
4522,3.5804977416992188,0.01694570481777191,1,1
4523,3.878627300262451,0.12769800424575806,0,0
4524,4.155941963195801,0.11428920179605484,1,1
4525,3.8813042640686035,0.1491234004497528,1,1
4526,4.012686252593994,0.04469979926943779,0,0
4527,3.7980575561523438,0.02436625026166439,0,0
4528,3.650174617767334,0.048801105469465256,1,1
4529,4.273039817810059,0.11495572328567505,1,1
4530,3.576265573501587,0.005914360284805298,1,1
4531,3.9710233211517334,0.04983408376574516,1,1
4532,3.564335346221924,0.03796030953526497,0,0
4533,3.494868516921997,3.9138831198215485e-06,1,1
4534,3.975809335708618,0.09403104335069656,0,0
4535,4.209505558013916,0.08110330998897552,1,1
4536,4.1555705070495605,0.03244214877486229,1,1
4537,4.1455912590026855,0.06889283657073975,0,0
4538,3.31699800491333,4.922310108668171e-05,0,0
4539,3.4372360706329346,0.00019689240434672683,0,0
4540,3.805924892425537,0.06070658192038536,1,1
4541,3.5483806133270264,0.0735381618142128,0,0
4542,3.6125447750091553,0.0017760962946340442,1,1
4543,3.0129287242889404,0.17373473942279816,0,0
4544,3.6716625690460205,0.012318883091211319,1,1
4545,3.5100748538970947,0.06309793144464493,1,1
4546,3.8412363529205322,0.008202924393117428,1,1
4547,3.3591556549072266,0.0235655028373003,1,1
4548,3.2470529079437256,0.0004029273986816406,0,0
4549,3.4622914791107178,0.38655295968055725,0,0
4550,3.549686908721924,0.2509779930114746,0,0
4551,4.070250034332275,0.2646678686141968,1,1
4552,3.7895636558532715,0.04909147322177887,1,1
4553,3.7914938926696777,0.17839953303337097,0,0
4554,4.241957187652588,0.1635117381811142,0,0
4555,4.200948715209961,0.106089748442173,1,1
4556,4.0637431144714355,0.18377919495105743,1,1
4557,3.7708280086517334,0.10092375427484512,1,1
4558,3.9124197959899902,0.07527024298906326,0,0
4559,4.123199462890625,0.00021150792599655688,1,1
4560,3.658698558807373,0.040649961680173874,0,0
4561,4.142809867858887,0.033007774502038956,1,1
4562,4.129450798034668,0.03870853781700134,1,1
4563,3.839946985244751,0.03800921142101288,0,0
4564,3.7394015789031982,0.03522854670882225,1,1
4565,3.841013193130493,0.20382511615753174,0,0
4566,3.3721742630004883,0.01571030728518963,1,1
4567,4.125743865966797,0.2517037093639374,1,1
4568,4.019846439361572,0.028534794226288795,0,0
4569,4.08925724029541,0.07774731516838074,1,1
4570,3.1399214267730713,0.10580076277256012,0,0
4571,2.870713472366333,0.009333726018667221,1,1
4572,3.119584083557129,0.019164664670825005,0,0
4573,3.177251100540161,0.026842443272471428,1,1
4574,3.034438133239746,0.08242787420749664,1,1
4575,3.0735604763031006,0.19007091224193573,1,1
4576,3.1965975761413574,0.17152142524719238,0,0
4577,2.9292051792144775,0.005171848926693201,1,1
4578,3.152113914489746,0.023205412551760674,1,1
4579,3.0967042446136475,0.01776953972876072,1,1
4580,3.2477524280548096,0.08269407600164413,1,1
4581,3.40625,0.051218029111623764,0,0
4582,3.222871780395508,0.07854586094617844,0,0
4583,2.9739644527435303,0.004018820822238922,1,1
4584,3.6261112689971924,0.02020168863236904,0,0
4585,3.8761515617370605,0.23743529617786407,1,1
4586,3.6149449348449707,0.25835108757019043,0,0
4587,3.510751247406006,0.0032926832791417837,1,1
4588,3.4211666584014893,0.015751462429761887,1,1
4589,3.301954746246338,0.10935844480991364,0,0
4590,2.497419834136963,0.314432293176651,0,0
4591,2.9806320667266846,0.0005900198011659086,0,0
4592,3.2032971382141113,0.03864780440926552,1,1
4593,3.271074056625366,0.01980043761432171,0,0
4594,3.4486987590789795,0.6327294707298279,0,0
4595,3.4584801197052,0.1281052678823471,1,1
4596,3.231466293334961,0.027507413178682327,1,1
4597,2.8972227573394775,0.21075831353664398,1,1
4598,3.280254364013672,0.002449996769428253,0,0
4599,3.131315231323242,0.2763114869594574,0,0
4600,3.6834959983825684,0.12221961468458176,1,1
4601,3.4295291900634766,0.5838901400566101,0,0
4602,3.1779394149780273,0.0006555029540322721,0,0
4603,3.521416425704956,0.02030882053077221,1,1
4604,3.84187912940979,0.3062500059604645,1,1
4605,3.8787426948547363,0.2512488067150116,1,1
4606,3.768928050994873,0.03466567397117615,1,1
4607,4.072588920593262,0.024638159200549126,1,1
4608,3.7918355464935303,0.41243648529052734,0,0
4609,3.8089990615844727,0.030710294842720032,1,1
4610,3.635258913040161,0.3589826822280884,1,1
4611,3.908775568008423,0.035795945674180984,0,0
4612,3.9134938716888428,0.6195189356803894,1,1
4613,4.045041561126709,0.0005494841607287526,1,1
4614,3.817673444747925,0.013909568078815937,1,1
4615,3.722172737121582,0.0013897911412641406,1,1
4616,3.2830986976623535,0.00237228418700397,1,1
4617,3.682760238647461,0.007887856103479862,1,1
4618,3.205703020095825,0.19627182185649872,0,0
4619,3.291592836380005,0.030020821839571,1,1
4620,3.5177338123321533,0.10687072575092316,0,0
4621,3.4253437519073486,0.2551920413970947,1,1
4622,3.707773447036743,0.016350531950592995,0,0
4623,3.370795488357544,0.0034167661797255278,0,0
4624,3.782984495162964,0.360186368227005,1,1
4625,2.978149890899658,0.13602331280708313,0,0
4626,2.626861333847046,0.04968339949846268,0,0
4627,1.8322080373764038,0.10859385877847672,1,1
4628,2.718317747116089,0.004533541388809681,0,0
4629,2.919833183288574,6.789341711055386e-08,0,0
4630,3.3682782649993896,0.013800518587231636,1,1
4631,3.345364809036255,0.002152030123397708,1,1
4632,3.2089760303497314,0.08883154392242432,1,1
4633,3.0686657428741455,0.009337455965578556,0,0
4634,3.4883265495300293,0.0007432536222040653,1,1
4635,3.7454471588134766,0.09639538824558258,1,1
4636,3.524101972579956,0.0010963306995108724,0,0
4637,3.4289934635162354,0.0905018225312233,0,0
4638,3.615054130554199,0.11575549095869064,1,1
4639,3.5912084579467773,0.07536029070615768,1,1
4640,3.3236474990844727,0.37028762698173523,1,1
4641,4.0268354415893555,0.006101358216255903,1,1
4642,3.8790910243988037,0.02819996513426304,1,1
4643,4.109948635101318,0.019958272576332092,1,1
4644,4.020781517028809,0.3732532560825348,1,1
4645,3.977341651916504,0.07145429402589798,1,1
4646,3.665541887283325,0.01578296720981598,0,0
4647,4.314621448516846,0.09518274664878845,1,1
4648,4.184300422668457,0.034968193620443344,1,1
4649,3.9348697662353516,0.017172588035464287,1,1
4650,3.3542628288269043,0.14961571991443634,0,0
4651,2.737224817276001,0.010513759218156338,0,0
4652,3.120337724685669,0.003996826708316803,0,0
4653,3.1987240314483643,0.019681116566061974,1,1
4654,3.6069459915161133,0.0653725191950798,1,1
4655,3.0346450805664062,0.0023760460317134857,0,0
4656,3.193582057952881,0.08755334466695786,0,0
4657,3.3004086017608643,0.001063350704498589,0,0
4658,2.96616792678833,0.009617418050765991,0,0
4659,3.1335175037384033,0.0106746731325984,0,0
4660,2.9501614570617676,0.07401522994041443,0,0
4661,3.3078348636627197,0.09483174979686737,1,1
4662,2.9654040336608887,0.0356755368411541,0,0
4663,3.339675188064575,0.08941928297281265,0,0
4664,4.020676136016846,0.07851340621709824,1,1
4665,3.144394636154175,0.05406970530748367,0,0
4666,3.9522740840911865,0.28154072165489197,0,0
4667,3.9050772190093994,0.21191178262233734,1,1
4668,3.868413209915161,0.016948217526078224,1,1
4669,3.522270441055298,0.007597452495247126,1,1
4670,4.10417366027832,0.024122823029756546,1,1
4671,3.826333522796631,0.0865965187549591,1,1
4672,3.772392749786377,0.019838478416204453,0,0
4673,4.115601062774658,0.002838805317878723,0,0
4674,3.516322374343872,0.03224082663655281,0,0
4675,2.5035812854766846,0.43517717719078064,1,1
4676,2.7805399894714355,0.22505493462085724,0,0
4677,2.919543743133545,0.4517311155796051,1,1
4678,2.9939653873443604,0.527493417263031,1,1
4679,2.9386239051818848,0.035971444100141525,0,0
4680,3.0331671237945557,0.061335932463407516,1,1
4681,3.123645544052124,0.017411163076758385,1,1
4682,3.160104990005493,0.312142014503479,1,1
4683,2.5879650115966797,0.08541916310787201,0,0
4684,3.269829034805298,0.22592563927173615,0,0
4685,2.883232593536377,0.5663115978240967,1,1
4686,2.9767627716064453,0.8745657801628113,0,0
4687,2.232579231262207,0.2981228828430176,1,1
4688,2.9011363983154297,0.4335744082927704,1,1
4689,3.2265193462371826,0.38727328181266785,0,0
4690,3.3076882362365723,0.30107036232948303,0,0
4691,3.566040515899658,0.18050900101661682,1,1
4692,2.8520357608795166,0.635957658290863,0,0
4693,2.8214871883392334,0.2914060056209564,1,1
4694,3.0565555095672607,0.2988821268081665,1,1
4695,2.923322916030884,0.07375291734933853,1,1
4696,3.1561107635498047,0.04960599169135094,1,1
4697,3.1039061546325684,0.0003632740117609501,0,0
4698,3.0071308612823486,0.010106143541634083,1,1
4699,2.7096636295318604,0.5426562428474426,1,1
4700,2.3991408348083496,0.46798649430274963,1,1
4701,2.669656753540039,0.17731693387031555,1,1
4702,2.828510046005249,0.2257605344057083,0,0
4703,3.3874289989471436,0.024832434952259064,1,1
4704,2.8979597091674805,0.04018820449709892,0,0
4705,2.9667227268218994,0.2336975783109665,0,0
4706,3.1500537395477295,0.030393173918128014,1,1
4707,3.4922916889190674,0.026886731386184692,0,0
4708,3.518602132797241,0.15937058627605438,0,0
4709,3.926593542098999,0.06532811373472214,1,1
4710,3.77772855758667,0.013186243362724781,0,0
4711,3.700460195541382,0.007525283843278885,1,1
4712,3.7168662548065186,0.016348063945770264,0,0
4713,3.6980464458465576,0.022325972095131874,0,0
4714,4.087297439575195,9.350515756523237e-05,1,1
4715,3.3981504440307617,0.11819129437208176,0,0
4716,3.4774935245513916,0.47336259484291077,1,1
4717,3.4605824947357178,0.0173551794141531,0,0
4718,2.805310010910034,0.4251011312007904,0,0
4719,2.9463624954223633,0.020879389718174934,0,0
4720,3.5208828449249268,0.29011544585227966,0,0
4721,3.0857772827148438,0.0001979772059712559,0,0
4722,3.6765613555908203,0.02184695191681385,0,0
4723,3.8417038917541504,0.006063725799322128,0,0
4724,3.181741952896118,0.0012571249390020967,0,0
4725,3.0573673248291016,0.09689340740442276,1,1
4726,3.4554598331451416,0.014398652128875256,0,0
4727,3.5678324699401855,0.3986339867115021,1,1
4728,3.208927869796753,0.05063438042998314,0,0
4729,3.265292167663574,0.18057461082935333,0,0
4730,3.4499289989471436,0.025290757417678833,0,0
4731,3.94279408454895,6.050206866348162e-05,0,0
4732,3.6098005771636963,0.0007073894375935197,1,1
4733,3.2405824661254883,0.009691379964351654,0,0
4734,3.375000476837158,0.01782103441655636,0,0
4735,4.084423065185547,0.13959139585494995,0,0
4736,3.9464097023010254,0.0006141722551546991,1,1
4737,3.6086184978485107,0.013357454910874367,0,0
4738,3.7456772327423096,0.001063350704498589,0,0
4739,3.6924264430999756,0.15710566937923431,0,0
4740,3.952143430709839,0.017487650737166405,0,0
4741,3.612981081008911,0.009220326319336891,0,0
4742,3.68646502494812,0.07594957202672958,0,0
4743,2.903132677078247,0.1414000242948532,0,0
4744,3.1690118312835693,0.3882468044757843,1,1
4745,3.025449275970459,0.08620505779981613,0,0
4746,2.7551629543304443,0.16590867936611176,0,0
4747,2.6087918281555176,0.13271929323673248,0,0
4748,2.8125698566436768,0.027838120236992836,1,1
4749,3.347571611404419,0.030548155307769775,0,0
4750,2.8954875469207764,0.5410365462303162,0,0
4751,3.2861883640289307,0.04743782803416252,0,0
4752,3.0236597061157227,0.04091891646385193,0,0
4753,1.8733958005905151,0.01764625683426857,1,1
4754,2.9070234298706055,0.02342349849641323,0,0
4755,3.168501377105713,3.862530138576403e-05,0,0
4756,2.8243331909179688,0.002822375390678644,0,0
4757,2.989366054534912,0.06193489953875542,0,0
4758,3.3045654296875,0.49685946106910706,0,0
4759,3.128549575805664,0.1420830935239792,1,1
4760,3.32153058052063,0.004269782453775406,1,1
4761,3.4286341667175293,0.08865330368280411,0,0
4762,3.4654109477996826,0.08005138486623764,1,1
4763,3.602721691131592,0.0043853227980434895,0,0
4764,3.1824779510498047,0.0394870787858963,0,0
4765,3.532275915145874,0.010028679855167866,0,0
4766,3.721789836883545,0.0002797030902002007,1,1
4767,3.2820851802825928,0.017459584400057793,0,0
4768,3.5211191177368164,0.08297181874513626,1,1
4769,3.321063995361328,0.006242373026907444,0,0
4770,2.7220568656921387,0.03953311964869499,0,0
4771,3.502634048461914,0.14357112348079681,0,0
4772,3.268932342529297,0.005430401768535376,1,1
4773,3.197453022003174,0.05498914048075676,0,0
4774,2.80983304977417,0.24430277943611145,0,0
4775,3.2391040325164795,0.06804437935352325,1,1
4776,2.663079023361206,0.004247111268341541,0,0
4777,2.865243911743164,0.0016016521258279681,0,0
4778,2.948230743408203,1.9111577785224654e-05,0,0
4779,3.121851921081543,0.13084851205348969,0,0
4780,3.2177863121032715,0.09059475362300873,0,0
4781,3.1259288787841797,0.035141654312610626,1,1
4782,2.4571447372436523,0.10589494556188583,0,0
4783,3.303330421447754,0.0044096410274505615,0,0
4784,3.098956346511841,0.010638809762895107,0,0
4785,2.721416473388672,0.08622772991657257,0,0
4786,2.70575213432312,0.06523441523313522,0,0
4787,3.4442813396453857,0.00022001276374794543,0,0
4788,2.9290106296539307,0.032745301723480225,0,0
4789,2.8497672080993652,0.08569014072418213,0,0
4790,3.02854323387146,0.06842250376939774,0,0
4791,3.6220171451568604,0.011396393179893494,0,0
4792,4.049276828765869,0.03834107145667076,1,1
4793,3.5045340061187744,0.0816539078950882,1,1
4794,3.9222114086151123,0.00011599213030422106,1,1
4795,3.3143703937530518,0.018105586990714073,0,0
4796,3.897660732269287,0.0011836388148367405,1,1
4797,4.044306755065918,0.0014597253175452352,1,1
4798,4.129201889038086,0.18317566812038422,0,0
4799,3.7367377281188965,0.007433477323502302,1,1
4800,3.3130204677581787,0.0031817727722227573,0,0
4801,3.9321377277374268,0.04074731096625328,0,0
4802,3.247291088104248,0.003319317474961281,0,0
4803,3.2209739685058594,0.0005458706291392446,0,0
4804,3.020564317703247,0.057118501514196396,0,0
4805,3.224560260772705,0.0008292734855785966,1,1
4806,3.217087507247925,0.047018375247716904,0,0
4807,3.02919602394104,0.17492742836475372,1,1
4808,2.693070650100708,0.10042158514261246,1,1
4809,3.168252468109131,0.004369998350739479,0,0
4810,3.480909585952759,0.040833067148923874,1,1
4811,3.0308585166931152,0.31944143772125244,0,0
4812,3.3435943126678467,0.2207448035478592,0,0
4813,3.261838436126709,0.0317540243268013,1,1
4814,2.3295021057128906,0.0009530783863738179,1,1
4815,3.1240174770355225,0.09508749842643738,0,0
4816,3.1636464595794678,0.16072185337543488,1,1
4817,3.7163383960723877,0.002573807490989566,0,0
4818,3.2101502418518066,0.07021629810333252,0,0
4819,3.244812250137329,0.15141284465789795,0,0
4820,3.5057220458984375,0.16881439089775085,1,1
4821,3.722722053527832,0.06876624375581741,1,1
4822,3.6527099609375,0.0017687830841168761,1,1
4823,3.806628704071045,0.13247330486774445,0,0
4824,3.5312838554382324,0.0007756982231512666,1,1
4825,3.517253875732422,0.0005364418029785156,1,1
4826,3.5866308212280273,0.39991456270217896,1,1
4827,2.9079015254974365,0.016640564426779747,0,0
4828,2.6671414375305176,0.13638658821582794,0,0
4829,2.6576881408691406,0.14403222501277924,1,1
4830,3.0178799629211426,0.30694469809532166,1,1
4831,2.498774766921997,0.37308821082115173,1,1
4832,2.447770357131958,0.7241696715354919,1,1
4833,2.7056527137756348,0.0038673297967761755,0,0
4834,2.514486312866211,0.4516921937465668,1,1
4835,2.5424418449401855,0.18259789049625397,0,0
4836,2.607881784439087,0.3046286106109619,1,1
4837,2.7327842712402344,0.054704368114471436,1,1
4838,2.5736610889434814,0.04274257645010948,0,0
4839,2.681226968765259,0.10365213453769684,0,0
4840,3.4161667823791504,0.036136358976364136,0,0
4841,3.0774669647216797,0.00637112557888031,0,0
4842,3.4087767601013184,0.23841440677642822,0,0
4843,3.1888275146484375,0.0024147764779627323,1,1
4844,3.2615485191345215,0.10688333958387375,1,1
4845,3.1531996726989746,0.014638190157711506,1,1
4846,3.5366013050079346,0.11802547425031662,1,1
4847,3.4230639934539795,0.01366029679775238,0,0
4848,3.4256560802459717,0.002892532153055072,0,0
4849,3.176567792892456,0.0022608160506933928,0,0
4850,3.461592435836792,0.3180248737335205,1,1
4851,3.581843376159668,0.00786216463893652,0,0
4852,3.235834836959839,4.9766247684601694e-05,1,1
4853,3.6294991970062256,0.12983117997646332,0,0
4854,2.983426094055176,0.010316784493625164,1,1
4855,3.4950597286224365,0.000685487815644592,1,1
4856,3.027475595474243,0.12735337018966675,0,0
4857,3.7425949573516846,0.05767802149057388,1,1
4858,3.7395009994506836,0.003920322749763727,1,1
4859,3.6250524520874023,0.09733850508928299,1,1
4860,3.4068620204925537,0.10087471455335617,1,1
4861,2.90144419670105,0.0015709035797044635,0,0
4862,3.2276270389556885,0.056796055287122726,1,1
4863,3.313974380493164,0.01832178607583046,0,0
4864,3.3369925022125244,0.12238836288452148,0,0
4865,3.4230592250823975,0.0011389151914045215,0,0
4866,3.6093859672546387,0.0051732370629906654,0,0
4867,3.5175232887268066,0.07922347635030746,0,0
4868,3.0546152591705322,0.3051188588142395,1,1
4869,3.070843458175659,0.044924523681402206,0,0
4870,3.909728765487671,0.024993896484375,1,1
4871,3.4122562408447266,0.010788642801344395,0,0
4872,3.4557511806488037,0.02488112263381481,0,0
4873,3.4361884593963623,0.06973126530647278,0,0
4874,3.9628310203552246,0.009300191886723042,1,1
4875,3.120396614074707,0.035018742084503174,0,0
4876,3.3290021419525146,0.14452342689037323,0,0
4877,3.456997871398926,0.021713076159358025,0,0
4878,3.47450590133667,0.03521043062210083,1,1
4879,3.4938254356384277,0.044703882187604904,0,0
4880,3.6445634365081787,0.00985930860042572,1,1
4881,3.2540268898010254,0.24201856553554535,1,1
4882,2.9298689365386963,0.06240170821547508,1,1
4883,3.4683942794799805,0.010301106609404087,0,0
4884,3.6087045669555664,0.004864254035055637,1,1
4885,3.490617275238037,0.002451907843351364,0,0
4886,3.508094072341919,0.04040517285466194,0,0
4887,3.5771570205688477,0.007884427905082703,1,1
4888,3.4178688526153564,0.0016186907887458801,1,1
4889,3.264586925506592,0.001068391720764339,0,0
4890,3.502995252609253,0.0290884580463171,1,1
4891,3.480499029159546,0.007431813515722752,0,0
4892,3.2656946182250977,0.011046778410673141,1,1
4893,3.855069637298584,0.048596661537885666,1,1
4894,3.552255868911743,0.14603154361248016,0,0
4895,3.300633668899536,0.07377912849187851,1,1
4896,3.523930788040161,0.049168478697538376,1,1
4897,3.6486010551452637,0.09203535318374634,1,1
4898,3.4416658878326416,0.10295114666223526,1,1
4899,3.8723623752593994,0.03431439772248268,0,0
4900,3.2544009685516357,0.2634974718093872,1,1
4901,4.0035247802734375,0.07151105254888535,1,1
4902,3.258997917175293,0.004234542138874531,1,1
4903,3.692612648010254,0.1573888510465622,1,1
4904,3.6431174278259277,0.19875940680503845,0,0
4905,3.2068636417388916,0.04688454791903496,1,1
4906,2.9588639736175537,0.1741291582584381,0,0
4907,3.423811197280884,0.44490766525268555,1,1
4908,3.356539011001587,0.6260227560997009,0,0
4909,3.2488222122192383,0.26293304562568665,0,0
4910,3.499544858932495,0.058170415461063385,0,0
4911,3.224591016769409,0.08604645729064941,0,0
4912,3.5307724475860596,0.1264595240354538,1,1
4913,3.215914726257324,0.3384688198566437,0,0
4914,3.5909721851348877,0.11875598877668381,0,0
4915,3.0793399810791016,0.22047284245491028,1,1
4916,3.6046319007873535,0.4537830948829651,0,0
4917,3.208467483520508,0.3069019019603729,1,1
4918,3.355903148651123,0.12347110360860825,0,0
4919,3.4832346439361572,0.14238880574703217,0,0
4920,2.9024312496185303,0.5685797333717346,1,1
4921,3.9066379070281982,0.011485165916383266,0,0
4922,4.007646560668945,7.865587394917384e-05,0,0
4923,3.82259464263916,0.18427598476409912,0,0
4924,3.4838058948516846,0.266049861907959,1,1
4925,3.414794921875,0.26102638244628906,0,0
4926,4.028600215911865,0.007287758868187666,1,1
4927,3.069512367248535,0.08363473415374756,0,0
4928,3.1750006675720215,0.0025796859990805387,1,1
4929,3.4466443061828613,0.0635155662894249,0,0
4930,3.1524951457977295,0.022067172452807426,1,1
4931,3.0555245876312256,0.5124624967575073,0,0
4932,3.5683770179748535,0.24374978244304657,1,1
4933,3.512770414352417,0.0036019794642925262,1,1
4934,3.4312844276428223,0.17293919622898102,1,1
4935,3.3677189350128174,0.07998040318489075,1,1
4936,3.619173765182495,0.0694156214594841,0,0
4937,3.6061413288116455,0.3690202534198761,1,1
4938,3.6370809078216553,0.1111014261841774,1,1
4939,3.195573568344116,0.24819134175777435,0,0
4940,4.006027698516846,0.005833003204315901,1,1
4941,3.7235732078552246,0.014762217178940773,1,1
4942,3.6649906635284424,0.0406888872385025,1,1
4943,4.1787872314453125,0.00850457139313221,0,0
4944,4.119204044342041,0.013601708225905895,1,1
4945,4.011960506439209,0.004494638182222843,0,0
4946,4.257234573364258,0.034716006368398666,1,1
4947,3.992177963256836,0.005788864102214575,1,1
4948,3.628568172454834,0.05205133184790611,0,0
4949,3.9917993545532227,0.03428579866886139,1,1
4950,4.057801246643066,0.005506046116352081,0,0
4951,4.217508316040039,0.05593914911150932,0,0
4952,2.99104380607605,0.10477366298437119,1,1
4953,3.6898765563964844,0.0002345600223634392,1,1
4954,3.7009143829345703,0.0001796820288291201,0,0
4955,3.4245784282684326,0.13436268270015717,1,1
4956,3.6150729656219482,0.07480497658252716,0,0
4957,3.261845111846924,0.11432182788848877,1,1
4958,3.63616943359375,0.33018821477890015,0,0
4959,3.3064379692077637,0.11006166785955429,1,1
4960,4.080920219421387,0.11561106890439987,1,1
4961,3.2862987518310547,0.003160035703331232,1,1
4962,3.2581827640533447,0.27112123370170593,0,0
4963,3.536412000656128,0.001566316932439804,0,0
4964,3.6577935218811035,0.09432127326726913,1,1
4965,3.391448736190796,0.00015234957390930504,1,1
4966,3.589614152908325,0.20055325329303741,1,1
4967,3.4070751667022705,0.01694570481777191,1,1
4968,3.2088351249694824,0.20258095860481262,1,1
4969,3.5106945037841797,0.004352153744548559,0,0
4970,3.3166534900665283,0.17377495765686035,0,0
4971,3.4213709831237793,0.10018930584192276,1,1
4972,3.0727546215057373,0.07428327202796936,1,1
4973,3.3195908069610596,0.04904016852378845,1,1
4974,3.3115456104278564,0.0792941078543663,0,0
4975,3.2701430320739746,0.23308217525482178,0,0
4976,3.48789119720459,0.01648159883916378,1,1
4977,3.464426279067993,0.04038965702056885,0,0
4978,3.7135844230651855,0.27400311827659607,1,1
4979,3.802997589111328,0.04225714132189751,0,0
4980,3.100334644317627,0.036412060260772705,0,0
4981,2.8889005184173584,0.0005792860174551606,0,0
4982,3.4094409942626953,0.04362092912197113,1,1
4983,3.1478352546691895,0.0002644234336912632,1,1
4984,3.4476304054260254,0.0990501195192337,1,1
4985,2.985032796859741,7.261419523274526e-05,1,1
4986,3.2053489685058594,0.004738540388643742,1,1
4987,2.661985397338867,0.07886532694101334,0,0
4988,3.0967814922332764,0.043210722506046295,0,0
4989,2.962543487548828,0.05290910601615906,0,0
4990,2.8827831745147705,0.11875598877668381,1,1
4991,3.557765245437622,6.49341382086277e-05,0,0
4992,3.1650607585906982,0.6643109917640686,0,0
4993,3.07633113861084,0.1191287562251091,0,0
4994,3.302177667617798,0.20453155040740967,1,1
4995,3.5090548992156982,0.28276073932647705,1,1
4996,3.610276937484741,1.4985840320587158,0,0
4997,3.217327833175659,1.0218019485473633,1,1
4998,3.5730693340301514,0.21967604756355286,1,1
4999,3.4415547847747803,0.18611161410808563,0,0
5000,3.474804639816284,0.010517717339098454,1,1
5001,3.3296172618865967,0.034798767417669296,0,0
5002,3.4601986408233643,0.14163236320018768,0,0
5003,3.1222496032714844,0.07543448358774185,0,0
5004,3.6214394569396973,0.19125080108642578,0,0
5005,3.0378241539001465,0.05576125904917717,1,1
5006,3.3626604080200195,0.03771252557635307,0,0
5007,3.1451704502105713,0.8031294941902161,1,1
5008,3.246098756790161,0.5241484045982361,1,1
5009,3.636131525039673,0.07415708154439926,0,0
5010,3.6722517013549805,0.14018334448337555,1,1
5011,3.5982370376586914,0.05797041580080986,0,0
5012,3.6278042793273926,0.004533541388809681,1,1
5013,3.6451797485351562,0.0034190230071544647,0,0
5014,3.679497718811035,0.17073895037174225,1,1
5015,3.674800395965576,0.29255321621894836,0,0
5016,3.622349262237549,0.00010543465759838,1,1
5017,3.4613916873931885,0.01615123450756073,0,0
5018,3.7399990558624268,0.050956279039382935,1,1
5019,3.233865737915039,0.28606486320495605,0,0
5020,2.935060501098633,0.28073224425315857,0,0
5021,3.789797782897949,0.17468534409999847,0,0
5022,3.5847086906433105,0.2777133584022522,1,1
5023,4.356235980987549,0.025061070919036865,1,1
5024,2.692397117614746,0.18873535096645355,1,1
5025,2.6147866249084473,0.36685436964035034,0,0
5026,3.0045735836029053,0.03796030953526497,1,1
5027,2.8131062984466553,0.2307862490415573,0,0
5028,2.920328140258789,0.36261141300201416,1,1
5029,3.0328924655914307,0.08243895322084427,1,1
5030,2.8232686519622803,0.08868779242038727,1,1
5031,2.8241825103759766,0.12140452116727829,1,1
5032,2.634162187576294,0.009676185436546803,1,1
5033,3.1703624725341797,0.05517033487558365,1,1
5034,3.179452657699585,0.16355855762958527,0,0
5035,3.769848108291626,0.3404479920864105,1,1
5036,2.680802583694458,0.09679730981588364,0,0
5037,3.1041007041931152,0.027545839548110962,1,1
5038,3.46816086769104,0.2594805061817169,1,1
5039,3.7679977416992188,0.22798530757427216,0,0
5040,3.7290475368499756,0.023117292672395706,1,1
5041,3.8338167667388916,0.07659455388784409,1,1
5042,3.8770105838775635,0.0779842957854271,0,0
5043,3.7808120250701904,0.039127375930547714,0,0
5044,3.855938196182251,0.06458041071891785,0,0
5045,2.8845248222351074,0.03208506107330322,0,0
5046,2.8950765132904053,0.23808467388153076,0,0
5047,3.44207501411438,0.2592151165008545,1,1
5048,3.3135135173797607,0.002313429256901145,1,1
5049,3.4098546504974365,0.041455551981925964,0,0
5050,3.539243698120117,0.2339402437210083,0,0
5051,2.996034622192383,0.032518673688173294,1,1
5052,3.4548227787017822,0.02099389210343361,0,0
5053,3.1690337657928467,0.25895968079566956,1,1
5054,3.506648540496826,0.1898438036441803,0,0
5055,3.4000678062438965,0.025580108165740967,1,1
5056,3.4825947284698486,0.10257373005151749,1,1
5057,3.349433660507202,0.511992871761322,0,0
5058,3.657724380493164,0.004635474178940058,1,1
5059,3.242755889892578,0.4949565827846527,0,0
5060,3.78044056892395,0.14581771194934845,1,1
5061,3.3284175395965576,0.3319428861141205,1,1
5062,3.4554603099823,0.021525772288441658,0,0
5063,3.4129176139831543,0.5066071152687073,1,1
5064,3.584317445755005,0.004564784467220306,0,0
5065,3.33189058303833,0.15048299729824066,1,1
5066,3.9355902671813965,0.010539501905441284,1,1
5067,3.6947925090789795,0.006784333381801844,1,1
5068,3.4114840030670166,0.06617441028356552,0,0
5069,3.6836302280426025,0.00021347739675547928,0,0
5070,3.536332130432129,0.006931380368769169,0,0
5071,3.176757335662842,0.2567642629146576,1,1
5072,3.4371213912963867,0.08015517145395279,0,0
5073,3.506138801574707,0.0015548799419775605,0,0
5074,3.835167646408081,0.003553491784259677,1,1
5075,3.918210744857788,0.015042600221931934,1,1
5076,3.6607887744903564,0.05234236270189285,0,0
5077,3.3310546875,0.0006714113987982273,1,1
5078,3.892587184906006,0.023982135578989983,1,1
5079,3.4290611743927,0.006234750617295504,1,1
5080,3.193284511566162,0.05453747138381004,0,0
5081,2.9764785766601562,0.04845210537314415,1,1
5082,3.614677906036377,0.0748683363199234,1,1
5083,3.3491430282592773,0.00038948142901062965,0,0
5084,3.191736936569214,0.18411032855510712,0,0
5085,3.1650643348693848,0.01678028516471386,0,0
5086,3.526901960372925,0.09800202399492264,1,1
5087,3.3705363273620605,0.29315903782844543,1,1
5088,3.259042739868164,0.019119268283247948,0,0
5089,2.9376814365386963,0.1518261879682541,0,0
5090,2.899181604385376,0.21539108455181122,1,1
5091,2.8178932666778564,0.6497613787651062,1,1
5092,3.3522675037384033,0.13307814300060272,1,1
5093,3.1471786499023438,0.010575199499726295,1,1
5094,3.4101099967956543,0.03378728777170181,0,0
5095,3.696901798248291,0.00047274018288590014,1,1
5096,3.216940402984619,0.004203200805932283,0,0
5097,3.5693812370300293,0.005911392159759998,1,1
5098,3.445667028427124,0.001824412145651877,0,0
5099,3.9408042430877686,0.09458227455615997,1,1
5100,3.6002464294433594,0.07329236716032028,1,1
5101,3.776993989944458,0.18582861125469208,1,1
5102,3.844125747680664,0.00022490658739116043,1,1
5103,3.4876883029937744,0.054083168506622314,0,0
5104,4.271724224090576,0.187412828207016,1,1
5105,3.7303826808929443,4.218230242258869e-05,0,0
5106,3.5332610607147217,0.24002866446971893,1,1
5107,3.9918646812438965,0.07714036852121353,0,0
5108,4.46265172958374,0.00030815237550996244,1,1
5109,3.907043695449829,0.1422286331653595,0,0
5110,3.5036098957061768,0.7281334400177002,1,1
5111,3.1903674602508545,0.07253146171569824,0,0
5112,3.665931463241577,0.01606305129826069,1,1
5113,3.28470778465271,0.39088505506515503,1,1
5114,3.8019351959228516,0.0006252230377867818,1,1
5115,2.923652172088623,0.04464269056916237,0,0
5116,3.4760067462921143,0.00308990478515625,1,1
5117,3.204396963119507,0.12233435362577438,0,0
5118,3.67413592338562,0.11123013496398926,1,1
5119,3.5976176261901855,0.300900936126709,0,0
5120,3.3246419429779053,0.11560449749231339,1,1
5121,3.494060516357422,0.06055450066924095,0,0
5122,3.28082275390625,0.01124647632241249,0,0
5123,3.461488723754883,0.0028956474270671606,1,1
5124,3.681428909301758,0.047001637518405914,1,1
5125,3.9449243545532227,0.047240450978279114,0,0
5126,3.590609550476074,0.0020739585161209106,1,1
5127,3.87453031539917,0.041075240820646286,1,1
5128,3.996215581893921,0.03386182710528374,1,1
5129,4.130858421325684,0.036121685057878494,1,1
5130,3.5416617393493652,0.09375899285078049,1,1
5131,3.5899994373321533,0.0025523104704916477,0,0
5132,3.366645336151123,0.04035087674856186,1,1
5133,3.1969664096832275,0.027760883793234825,0,0
5134,3.575361967086792,0.004933149088174105,1,1
5135,3.869091272354126,0.004781151656061411,1,1
5136,3.645573377609253,0.07122746109962463,0,0
5137,3.7203125953674316,0.03612535446882248,1,1
5138,3.475940227508545,0.021889766678214073,0,0
5139,4.0797271728515625,0.0228480976074934,0,0
5140,3.6803791522979736,0.15087257325649261,1,1
5141,3.724656820297241,0.01472940482199192,0,0
5142,3.5609359741210938,0.24106049537658691,0,0
5143,3.2950961589813232,0.2083374559879303,1,1
5144,3.285001516342163,0.00173565826844424,0,0
5145,3.3108301162719727,0.07225622981786728,0,0
5146,3.589404582977295,0.07235483825206757,1,1
5147,3.434579372406006,0.0864943191409111,0,0
5148,3.8371078968048096,0.09977429360151291,1,1
5149,3.6851727962493896,0.1761242002248764,1,1
5150,3.5618224143981934,0.12863081693649292,0,0
5151,3.6335573196411133,0.09884976595640182,0,0
5152,3.149381160736084,0.0009776651859283447,0,0
5153,3.231389045715332,0.11111430078744888,0,0
5154,3.531846046447754,0.12738093733787537,0,0
5155,3.520571231842041,0.307479590177536,0,0
5156,3.250251293182373,0.30816492438316345,1,1
5157,3.5635368824005127,0.3058549165725708,1,1
5158,3.5503649711608887,0.010330512188374996,0,0
5159,3.882922887802124,0.7090726494789124,1,1
5160,3.1227166652679443,0.8426079750061035,0,0
5161,3.961854934692383,0.2763926684856415,1,1
5162,3.295400619506836,0.08348409086465836,1,1
5163,3.329721450805664,0.02373766526579857,0,0
5164,2.7826244831085205,0.0042685214430093765,0,0
5165,3.290154218673706,0.1357671618461609,1,1
5166,3.212202310562134,0.38444381952285767,0,0
5167,3.592128276824951,0.5862522721290588,0,0
5168,2.9457664489746094,0.09790537506341934,0,0
5169,2.9890260696411133,0.33692100644111633,0,0
5170,3.390436887741089,1.1521185636520386,0,0
5171,3.487265110015869,0.7031852006912231,0,0
5172,4.099536418914795,0.15145039558410645,1,1
5173,3.6067075729370117,0.022859768941998482,0,0
5174,3.7301719188690186,0.688213586807251,1,1
5175,3.718393564224243,0.17016521096229553,0,0
5176,3.868338108062744,0.1454862356185913,1,1
5177,4.257334232330322,0.10640431940555573,1,1
5178,3.7517404556274414,0.328029066324234,0,0
5179,4.094254493713379,0.04034312069416046,1,1
5180,3.830832004547119,0.005598087795078754,1,1
5181,4.004899024963379,1.2137089470343199e-05,0,0
5182,3.905785083770752,0.0007730127545073628,1,1
5183,4.328069686889648,0.011189237236976624,1,1
5184,3.937495708465576,0.027220064774155617,1,1
5185,3.958423614501953,0.33229881525039673,1,1
5186,3.8586347103118896,0.22143451869487762,0,0
5187,4.0843281745910645,0.008046350441873074,0,0
5188,3.251851797103882,0.02840452827513218,0,0
5189,3.0607409477233887,0.07320878654718399,1,1
5190,3.3265867233276367,0.30263981223106384,0,0
5191,3.1792216300964355,0.007259774953126907,1,1
5192,3.23272442817688,0.07579007744789124,0,0
5193,3.8925862312316895,0.2410699874162674,1,1
5194,3.6461706161499023,0.09129322320222855,1,1
5195,3.7923803329467773,0.008264221251010895,1,1
5196,3.325951337814331,0.027070606127381325,0,0
5197,3.349184989929199,0.009231450036168098,0,0
5198,3.2702717781066895,0.011476892977952957,0,0
5199,4.023271083831787,0.7332479953765869,1,1
5200,4.27565336227417,0.7933691740036011,0,0
5201,3.466165065765381,0.0002663099148776382,0,0
5202,3.120187997817993,0.060830291360616684,0,0
5203,3.267618179321289,0.011512070894241333,1,1
5204,2.9228641986846924,0.07531791180372238,0,0
5205,3.039829969406128,0.07037493586540222,1,1
5206,3.156113386154175,0.4076041877269745,0,0
5207,3.3513412475585938,0.08263302594423294,0,0
5208,2.7742626667022705,0.02974056638777256,0,0
5209,2.742335557937622,0.14166869223117828,0,0
5210,2.7046661376953125,0.041145678609609604,0,0
5211,2.626899242401123,0.06984344124794006,0,0
5212,3.1575441360473633,0.09281577914953232,0,0
5213,3.2630343437194824,0.020634684711694717,0,0
5214,3.335742473602295,0.4334981441497803,0,0
5215,3.7874810695648193,0.4525097906589508,0,0
5216,3.2293293476104736,0.153341606259346,1,1
5217,3.8089613914489746,0.18021391332149506,1,1
5218,3.412532329559326,2.0485464119701646e-05,0,0
5219,3.478496551513672,0.1262468546628952,0,0
5220,3.864151954650879,0.22031879425048828,1,1
5221,3.712066173553467,0.041043948382139206,0,0
5222,4.061104774475098,0.01274669636040926,1,1
5223,3.4372997283935547,0.0010539308423176408,0,0
5224,3.553257942199707,0.10119372606277466,0,0
5225,3.6805241107940674,0.0035788491368293762,0,0
5226,3.6992361545562744,0.021775690838694572,0,0
5227,3.3566081523895264,2.3004506147117354e-05,0,0
5228,3.8736026287078857,0.01943279430270195,1,1
5229,3.4982995986938477,0.001101449248380959,0,0
5230,3.7181520462036133,0.47679486870765686,1,1
5231,3.275702476501465,0.04519082233309746,1,1
5232,3.407684564590454,0.03281519189476967,0,0
5233,4.041991233825684,0.11745589971542358,1,1
5234,4.09195613861084,0.09603019803762436,1,1
5235,3.3437798023223877,0.10877837985754013,1,1
5236,3.603078603744507,0.0005567469634115696,0,0
5237,3.9820196628570557,0.0008709136745892465,0,0
5238,3.542311191558838,0.05516126751899719,1,1
5239,3.822866678237915,0.1002870723605156,1,1
5240,3.122586965560913,1.2957398212165572e-05,0,0
5241,3.6831552982330322,0.24803750216960907,1,1
5242,3.4899137020111084,0.00026505152345634997,1,1
5243,4.060404300689697,0.01157220546156168,1,1
5244,3.348923683166504,0.20949311554431915,0,0
5245,3.277756690979004,0.002984602004289627,0,0
5246,3.555447578430176,0.200605109333992,0,0
5247,4.24332332611084,0.00018964792252518237,1,1
5248,3.6179513931274414,0.2784665524959564,0,0
5249,2.947054624557495,0.27860915660858154,0,0
5250,3.6945695877075195,0.11545361578464508,1,1
5251,3.2984001636505127,0.002803948475047946,0,0
5252,3.622842311859131,0.02021266333758831,1,1
5253,3.4638290405273438,0.09560003131628036,1,1
5254,3.573240041732788,0.02122665010392666,1,1
5255,2.89003324508667,0.01563298888504505,1,1
5256,3.1372194290161133,0.01630367338657379,1,1
5257,3.204347610473633,0.00038871998549439013,1,1
5258,3.143028974533081,0.004028615541756153,0,0
5259,3.5080764293670654,0.00035159746767021716,1,1
5260,3.5891125202178955,0.048486094921827316,1,1
5261,3.297095775604248,0.012792497873306274,0,0
5262,3.1862447261810303,0.0019382539903745055,0,0
5263,3.304358959197998,0.01571756601333618,1,1
5264,2.94936466217041,0.20388613641262054,0,0
5265,3.3435561656951904,0.07239637523889542,0,0
5266,3.418020725250244,0.14115338027477264,1,1
5267,2.635981559753418,0.012947961688041687,0,0
5268,3.216477870941162,0.02557084895670414,1,1
5269,3.4307613372802734,0.0005904887220822275,0,0
5270,2.7695982456207275,0.07400473207235336,0,0
5271,2.9120023250579834,0.682301938533783,0,0
5272,3.104877471923828,0.18804839253425598,0,0
5273,3.164388656616211,0.263735294342041,0,0
5274,3.563856840133667,0.004387879278510809,0,0
5275,3.5239217281341553,0.010921362787485123,1,1
5276,3.725444793701172,0.010656733997166157,0,0
5277,3.6018636226654053,0.23531456291675568,1,1
5278,2.759019374847412,0.0010451767593622208,0,0
5279,3.066206455230713,0.05328269675374031,0,0
5280,3.0525095462799072,0.15109758079051971,1,1
5281,2.819582223892212,0.07600276917219162,0,0
5282,3.074658155441284,0.06729626655578613,1,1
5283,2.9288604259490967,0.0859728753566742,0,0
5284,3.3432157039642334,0.0008132332004606724,1,1
5285,3.337980270385742,0.011357278563082218,1,1
5286,3.0004100799560547,0.017810730263590813,1,1
5287,3.1384236812591553,0.0030802562832832336,1,1
5288,3.024207592010498,0.06093030050396919,0,0
5289,2.6583378314971924,0.030500946566462517,0,0
5290,2.9211692810058594,0.008294076658785343,0,0
5291,3.0105838775634766,0.0012461993610486388,0,0
5292,3.332355260848999,0.12016355991363525,1,1
5293,3.257369041442871,0.07183142006397247,0,0
5294,3.3576858043670654,0.14596515893936157,1,1
5295,3.1346967220306396,0.0823226198554039,0,0
5296,3.088020086288452,0.38040950894355774,1,1
5297,3.1676504611968994,0.0022681639529764652,0,0
5298,2.951570749282837,0.005705461837351322,1,1
5299,3.208897829055786,0.11266376823186874,0,0
5300,3.4795708656311035,0.00026568034081719816,1,1
5301,3.148617744445801,0.016353001818060875,0,0
5302,3.335062265396118,0.031933125108480453,1,1
5303,3.2607650756835938,0.014128955081105232,1,1
5304,3.696153163909912,0.04706861078739166,1,1
5305,3.1569766998291016,0.011522428132593632,1,1
5306,3.386759042739868,0.4042961597442627,0,0
5307,3.418555736541748,0.8200651407241821,1,1
5308,3.0657618045806885,0.49700912833213806,1,1
5309,3.401634693145752,0.08075190335512161,1,1
5310,3.1177475452423096,0.08312200009822845,0,0
5311,3.5498623847961426,0.07209548354148865,1,1
5312,3.023796319961548,0.08683523535728455,0,0
5313,2.873673439025879,0.15313005447387695,0,0
5314,3.2539596557617188,0.7985350489616394,0,0
5315,3.486146926879883,0.17447565495967865,0,0
5316,3.903165817260742,0.27567267417907715,0,0
5317,3.351616859436035,0.266836941242218,0,0
5318,2.6480870246887207,0.0009060056181624532,1,1
5319,3.0129799842834473,0.13982225954532623,0,0
5320,3.311236619949341,0.045211341232061386,0,0
5321,3.2434492111206055,0.07672815024852753,0,0
5322,3.6025032997131348,0.08925198763608932,1,1
5323,3.2651901245117188,0.05567014217376709,0,0
5324,3.7887496948242188,0.21686266362667084,0,0
5325,3.609236001968384,0.008208169601857662,1,1
5326,3.2717692852020264,4.268521661288105e-05,0,0
5327,3.560140609741211,0.0030290528666228056,0,0
5328,3.475208044052124,0.010094504803419113,1,1
5329,3.279304265975952,0.0002806723059620708,1,1
5330,2.8420867919921875,0.0001581207907292992,0,0
5331,3.3055930137634277,0.07747309654951096,0,0
5332,3.624720811843872,0.03181940317153931,1,1
5333,3.79296612739563,0.15454569458961487,0,0
5334,3.0058326721191406,0.06443335115909576,1,1
5335,3.3547089099884033,0.033320602029561996,1,1
5336,2.969888925552368,0.17102618515491486,1,1
5337,3.5379974842071533,0.06655728071928024,0,0
5338,3.79101300239563,0.00644838809967041,0,0
5339,2.9567973613739014,0.37213388085365295,0,0
5340,3.5453426837921143,0.47762152552604675,0,0
5341,3.037083864212036,0.16338688135147095,1,1
5342,3.248554229736328,0.319757878780365,0,0
5343,3.00199031829834,0.0008612574310973287,1,1
5344,3.2945408821105957,0.09054828435182571,1,1
5345,3.205277919769287,0.07417284697294235,1,1
5346,2.810690402984619,0.028151366859674454,1,1
5347,2.3959641456604004,0.05652040243148804,0,0
5348,3.0938608646392822,0.00237228418700397,0,0
5349,2.989612340927124,0.00109186174813658,0,0
5350,3.801746368408203,0.4787158966064453,1,1
5351,3.203904390335083,0.08950009942054749,1,1
5352,3.0930798053741455,0.008581280708312988,0,0
5353,3.7030632495880127,0.06050226837396622,1,1
5354,2.543959617614746,0.06729626655578613,0,0
5355,3.907463312149048,0.2044529914855957,1,1
5356,4.293566703796387,0.0940665528178215,1,1
5357,3.8661000728607178,0.1782854050397873,0,0
5358,4.371782302856445,0.19685371220111847,1,1
5359,3.8693761825561523,0.009034089744091034,0,0
5360,2.924866199493408,0.07100098580121994,1,1
5361,3.153221607208252,0.12703673541545868,1,1
5362,3.105942487716675,0.34367647767066956,0,0
5363,3.850905418395996,0.0028946087695658207,1,1
5364,3.480581283569336,0.0023004505783319473,1,1
5365,3.275118827819824,0.01169294398277998,0,0
5366,4.045882701873779,0.040304362773895264,1,1
5367,3.6939280033111572,0.12020371109247208,1,1
5368,3.5871057510375977,0.09477826207876205,0,0
5369,4.074872970581055,0.02351219952106476,1,1
5370,3.9056529998779297,0.5212598443031311,1,1
5371,3.8047311305999756,0.044260174036026,1,1
5372,3.7104108333587646,0.4840053617954254,1,1
5373,3.866056203842163,0.021514445543289185,0,0
5374,3.9307548999786377,0.2603168785572052,1,1
5375,3.7207396030426025,0.0035190589260309935,1,1
5376,3.597831964492798,0.006598037667572498,1,1
5377,3.9583487510681152,0.014014476910233498,0,0
5378,3.4147815704345703,0.019686533138155937,1,1
5379,3.9072940349578857,0.02577495574951172,1,1
5380,3.640381097793579,0.02141829952597618,1,1
5381,3.796462059020996,0.018105586990714073,1,1
5382,3.544923782348633,0.014962221495807171,1,1
5383,3.4195029735565186,0.00038265521288849413,0,0
5384,4.250270366668701,0.020940791815519333,1,1
5385,3.9134533405303955,0.03417867049574852,1,1
5386,4.0889363288879395,0.04986425116658211,1,1
5387,3.491703987121582,0.0014641531743109226,1,1
5388,3.5256547927856445,0.011563901789486408,1,1
5389,3.392563581466675,0.018191391602158546,0,0
5390,3.4861412048339844,0.01007899735122919,1,1
5391,3.7996041774749756,5.507478635990992e-05,1,1
5392,3.7249531745910645,0.00029375552549026906,0,0
5393,3.869431257247925,0.08060388267040253,0,0
5394,3.331517219543457,0.006154239177703857,0,0
5395,3.642345905303955,0.006477870047092438,1,1
5396,3.534433364868164,0.014041908085346222,0,0
5397,3.691345691680908,0.006057715509086847,1,1
5398,3.8063716888427734,0.08763332664966583,1,1
5399,3.458414316177368,0.15542711317539215,0,0
5400,3.518455982208252,0.198037251830101,1,1
5401,3.7563819885253906,0.010652749799191952,1,1
5402,3.2331087589263916,0.07543978840112686,0,0
5403,4.110090732574463,0.11227539926767349,1,1
5404,3.8498973846435547,0.003151361597701907,1,1
5405,3.7689828872680664,0.0046565234661102295,0,0
5406,3.2708184719085693,0.006257631815969944,0,0
5407,3.731260299682617,2.0660552763729356e-05,1,1
5408,3.620126247406006,0.011768199503421783,0,0
5409,3.4226443767547607,0.024808108806610107,0,0
5410,3.208238124847412,0.020612509921193123,0,0
5411,3.687598943710327,0.058552760630846024,0,0
5412,3.225776195526123,0.21043944358825684,0,0
5413,3.1414661407470703,0.0142438979819417,1,1
5414,3.88031005859375,0.002214254578575492,0,0
5415,3.7056941986083984,0.03230324015021324,1,1
5416,3.731917142868042,0.0015118011506274343,0,0
5417,3.516934633255005,0.38269856572151184,1,1
5418,3.4871978759765625,0.23989632725715637,0,0
5419,3.4733245372772217,0.06089695170521736,1,1
5420,3.86726713180542,0.03305688500404358,1,1
5421,3.495600938796997,0.007557129953056574,0,0
5422,3.879424810409546,0.02019346132874489,1,1
5423,3.7784581184387207,0.12080001085996628,1,1
5424,3.3254504203796387,0.08429467678070068,0,0
5425,3.7571969032287598,0.0050586555153131485,1,1
5426,3.2322750091552734,0.04062272980809212,0,0
5427,3.6323509216308594,0.09190072864294052,0,0
5428,3.524765968322754,0.04060716927051544,1,1
5429,3.408738851547241,0.03877311944961548,1,1
5430,3.497296094894409,0.0037825785111635923,1,1
5431,3.6323111057281494,0.03395068272948265,0,0
5432,3.498030662536621,0.009598500095307827,0,0
5433,2.58060884475708,0.05833345651626587,1,1
5434,3.3354697227478027,0.159000962972641,1,1
5435,3.2479584217071533,0.01822785474359989,1,1
5436,2.7759504318237305,0.06980264186859131,0,0
5437,2.930725336074829,0.0173628069460392,1,1
5438,2.811697006225586,0.00789471436291933,0,0
5439,2.3785183429718018,0.11390455067157745,1,1
5440,1.8737719058990479,0.8922348022460938,1,1
5441,2.3849031925201416,0.05048682168126106,0,0
5442,2.8088443279266357,0.003779018297791481,1,1
5443,2.3329715728759766,0.01789325289428234,1,1
5444,2.5702860355377197,0.062363144010305405,1,1
5445,2.458224058151245,0.2011500895023346,0,0
5446,2.334470510482788,0.12509052455425262,1,1
5447,2.881007432937622,0.29458197951316833,0,0
5448,2.7719485759735107,0.0008398675709031522,0,0
5449,2.820849657058716,0.027773750945925713,1,1
5450,3.1892380714416504,0.02618248574435711,1,1
5451,2.7805371284484863,0.005177402403205633,0,0
5452,2.957242727279663,0.013619722798466682,1,1
5453,2.9617011547088623,0.012229073792696,0,0
5454,2.730487585067749,0.022412573918700218,1,1
5455,2.627540111541748,0.01906326599419117,0,0
5456,2.6350269317626953,0.0204935260117054,1,1
5457,2.827746629714966,0.017043834552168846,0,0
5458,2.9532887935638428,0.017723258584737778,0,0
5459,2.628617525100708,0.05440232902765274,1,1
5460,2.360227346420288,0.0020441808737814426,1,1
5461,3.049617052078247,0.05624084547162056,0,0
5462,2.430739164352417,0.0793430358171463,1,1
5463,2.897155523300171,0.5453610420227051,0,0
5464,3.1144461631774902,0.026801347732543945,0,0
5465,2.6375482082366943,0.34446898102760315,1,1
5466,2.765580892562866,0.1270504891872406,0,0
5467,2.937126398086548,0.08318878710269928,0,0
5468,2.9173758029937744,0.37146303057670593,0,0
5469,2.868079423904419,0.2765956521034241,0,0
5470,2.7628538608551025,0.14481708407402039,1,1
5471,3.0113940238952637,0.41071534156799316,0,0
5472,2.6647300720214844,0.2687746584415436,0,0
5473,2.962229013442993,0.01285150833427906,0,0
5474,2.8124051094055176,0.004652573261409998,1,1
5475,3.5673668384552,0.009255573153495789,1,1
5476,2.896653890609741,0.002861474407836795,0,0
5477,3.029102325439453,0.03991009667515755,0,0
5478,2.53787899017334,0.10088083893060684,1,1
5479,2.836817741394043,0.0879993811249733,0,0
5480,2.8320937156677246,0.22724862396717072,0,0
5481,3.617116928100586,0.150034099817276,1,1
5482,3.5890896320343018,0.3768939673900604,1,1
5483,3.411715507507324,0.248691588640213,0,0
5484,4.144736289978027,0.1246267557144165,1,1
5485,3.571018695831299,0.025737786665558815,0,0
5486,3.6255135536193848,2.889419010898564e-05,0,0
5487,3.144012689590454,0.028297284618020058,0,0
5488,3.3111767768859863,0.0017052367329597473,1,1
5489,3.244152784347534,0.0043407017365098,0,0
5490,3.1551787853240967,1.2339652130322065e-05,0,0
5491,3.153136968612671,6.57141242754733e-07,0,0
5492,3.1140453815460205,0.0729583352804184,0,0
5493,3.3461170196533203,0.10247484594583511,0,0
5494,3.7868423461914062,0.0006242581875994802,0,0
5495,3.1022098064422607,0.032899159938097,0,0
5496,3.0994930267333984,0.00743514159694314,0,0
5497,3.316948890686035,0.009430942125618458,0,0
5498,3.525494337081909,0.13965630531311035,0,0
5499,3.7064552307128906,0.0024787411093711853,1,1
5500,3.3176465034484863,0.10551216453313828,0,0
5501,3.0957822799682617,0.0021735727787017822,0,0
5502,3.72361421585083,0.023612933233380318,0,0
5503,3.4919376373291016,0.08288844674825668,0,0
5504,3.320268392562866,0.2638542652130127,1,1
5505,3.4543967247009277,0.005331296008080244,0,0
5506,2.941315174102783,0.0001469194976380095,1,1
5507,2.9578912258148193,0.049485694617033005,0,0
5508,3.8816797733306885,0.045121099799871445,0,0
5509,2.9810585975646973,0.0038242400623857975,0,0
5510,2.7385363578796387,0.018755391240119934,1,1
5511,2.9436800479888916,0.014877349138259888,0,0
5512,3.2970223426818848,0.045961350202560425,1,1
5513,2.8853437900543213,0.05450592190027237,0,0
5514,3.3332180976867676,0.2571556270122528,0,0
5515,2.643611431121826,0.3803738057613373,0,0
5516,2.988692045211792,0.2550458312034607,0,0
5517,3.3189585208892822,0.4368340075016022,1,1
5518,3.0126802921295166,0.391126424074173,0,0
5519,3.1344902515411377,0.17622141540050507,1,1
5520,3.233508586883545,0.3456481099128723,0,0
5521,3.5452611446380615,0.13306406140327454,1,1
5522,3.2556936740875244,0.11725755035877228,0,0
5523,3.4252450466156006,0.02253120020031929,1,1
5524,3.5476832389831543,0.33716750144958496,0,0
5525,3.429776906967163,0.19488051533699036,1,1
5526,3.861252546310425,0.06242099404335022,1,1
5527,3.954465389251709,0.01479271985590458,0,0
5528,3.6434929370880127,0.0054403627291321754,0,0
5529,3.0588674545288086,0.023743612691760063,0,0
5530,3.856849193572998,3.13296914100647e-05,0,0
5531,3.469231605529785,0.0246896892786026,0,0
5532,4.260359764099121,0.016850365325808525,1,1
5533,4.127735614776611,0.22256217896938324,1,1
5534,3.8028616905212402,0.006098343525081873,1,1
5535,3.4263479709625244,0.001325084245763719,0,0
5536,3.023291826248169,0.04218575358390808,0,0
5537,2.5835301876068115,0.026649892330169678,0,0
5538,3.2666141986846924,0.24592725932598114,0,0
5539,3.7334883213043213,0.057063162326812744,1,1
5540,3.709726095199585,0.099451445043087,0,0
5541,3.102527141571045,0.24913454055786133,1,1
5542,3.0721547603607178,2.4128798031597398e-05,1,1
5543,3.377363920211792,0.21047484874725342,0,0
5544,3.230396270751953,0.049679096788167953,1,1
5545,3.0874977111816406,0.13796642422676086,0,0
5546,3.224473714828491,0.0022097155451774597,1,1
5547,3.384603977203369,0.14445005357265472,1,1
5548,3.0836551189422607,0.01596047542989254,1,1
5549,3.346343755722046,0.0014267299557104707,0,0
5550,3.1532907485961914,4.8548357881372795e-05,1,1
5551,3.502054452896118,0.034214358776807785,0,0
5552,3.504070281982422,0.022015592083334923,0,0
5553,2.944464921951294,0.04543323069810867,1,1
5554,2.741194725036621,0.043697554618120193,1,1
5555,3.1446661949157715,0.0031362108420580626,0,0
5556,3.1736483573913574,0.004252144135534763,1,1
5557,3.254473924636841,0.0008516550296917558,0,0
5558,3.1206917762756348,0.14016889035701752,1,1
5559,2.9289133548736572,0.0009638340561650693,0,0
5560,3.0863051414489746,0.004327994771301746,0,0
5561,3.527843713760376,0.055301882326602936,1,1
5562,3.392457962036133,0.1350427269935608,0,0
5563,3.514491319656372,0.042790476232767105,1,1
5564,3.9501376152038574,0.04218575358390808,1,1
5565,3.007827043533325,0.005007990635931492,0,0
5566,2.971223831176758,0.1792483776807785,0,0
5567,2.924574613571167,0.03571200370788574,1,1
5568,2.9660396575927734,0.006809793412685394,1,1
5569,2.611215591430664,0.0041111125610768795,1,1
5570,2.9198031425476074,0.10700326412916183,0,0
5571,3.174384593963623,0.23725664615631104,0,0
5572,3.0535330772399902,0.045672155916690826,0,0
5573,2.698887348175049,0.041825778782367706,1,1
5574,3.0802230834960938,0.003221087157726288,0,0
5575,3.062016010284424,0.023005912080407143,0,0
5576,3.195434093475342,0.01623966172337532,1,1
5577,3.0558359622955322,0.05807269737124443,0,0
5578,3.4276864528656006,0.00097947649192065,0,0
5579,3.0538783073425293,0.14118237793445587,1,1
5580,3.4190893173217773,0.025303035974502563,1,1
5581,2.9240365028381348,0.22216172516345978,1,1
5582,3.171963691711426,0.09232249110937119,0,0
5583,3.1069107055664062,0.1809767335653305,1,1
5584,3.20339035987854,0.009523010812699795,0,0
5585,3.289655923843384,0.002948858542367816,0,0
5586,3.309953212738037,0.00019311904907226562,1,1
5587,3.179466724395752,0.041169174015522,0,0
5588,2.0963728427886963,0.058725692331790924,1,1
5589,3.178154945373535,0.10137801617383957,1,1
5590,3.603066921234131,0.4700617790222168,1,1
5591,3.7159817218780518,0.03279421851038933,1,1
5592,3.1334149837493896,0.02754904329776764,0,0
5593,3.4743287563323975,0.010501887649297714,1,1
5594,3.577162742614746,0.04158533737063408,0,0
5595,3.9942007064819336,0.12868620455265045,1,1
5596,3.866093873977661,0.07276036590337753,1,1
5597,4.076262950897217,0.03581785783171654,1,1
5598,3.799556255340576,0.16348831355571747,1,1
5599,3.900200366973877,0.2776116728782654,1,1
5600,4.354702472686768,0.022184882313013077,1,1
5601,3.7982165813446045,0.03842804580926895,1,1
5602,3.8373780250549316,0.002500892151147127,1,1
5603,3.9380509853363037,0.09435684978961945,1,1
5604,3.6652796268463135,0.016148781403899193,0,0
5605,4.311243057250977,0.0711759552359581,1,1
5606,4.448742389678955,0.6145007014274597,1,1
5607,3.930751085281372,0.12741537392139435,1,1
5608,3.896594524383545,0.15781794488430023,1,1
5609,4.262065410614014,0.2643601596355438,1,1
5610,3.9334044456481934,0.3178398609161377,1,1
5611,4.33240270614624,0.016432078555226326,1,1
5612,4.195812702178955,0.019803151488304138,1,1
5613,3.812993049621582,0.10765456408262253,1,1
5614,4.156497001647949,0.004353427328169346,1,1
5615,4.635049343109131,0.7422997355461121,1,1
5616,3.693570852279663,0.007989317178726196,0,0
5617,3.7698166370391846,0.0066137248650193214,1,1
5618,3.8609721660614014,0.00017556632519699633,1,1
5619,3.503983974456787,0.0614650659263134,0,0
5620,3.5144762992858887,0.044548943638801575,1,1
5621,3.850797176361084,0.004432741552591324,1,1
5622,4.148953914642334,0.10261081904172897,1,1
5623,4.102781772613525,0.1466960906982422,0,0
5624,3.7522737979888916,0.0020389482378959656,1,1
5625,3.4129934310913086,0.19065198302268982,1,1
5626,4.061999797821045,0.7794198393821716,0,0
5627,1.9492532014846802,0.019405897706747055,0,0
5628,2.6992180347442627,0.043142542243003845,0,0
5629,2.3380846977233887,0.6464362144470215,0,0
5630,3.387288808822632,0.27440738677978516,0,0
5631,3.178276300430298,0.1656022071838379,1,1
5632,3.317986488342285,0.023270143195986748,0,0
5633,3.7080631256103516,0.02681083045899868,0,0
5634,3.8185954093933105,0.00044260174036026,1,1
5635,3.8187096118927,0.13583828508853912,0,0
5636,4.278401851654053,0.36064988374710083,0,0
5637,3.042093515396118,0.00413962546736002,1,1
5638,3.4808783531188965,0.00011044750135624781,1,1
5639,3.080927848815918,0.025192631408572197,0,0
5640,4.389154434204102,0.04735378548502922,0,0
5641,3.6175057888031006,0.007858741097152233,0,0
5642,3.0782887935638428,0.006352651864290237,0,0
5643,3.493203639984131,0.0074651287868618965,1,1
5644,2.883763551712036,0.10453640669584274,0,0
5645,2.959749221801758,0.014262332580983639,0,0
5646,3.266066789627075,0.02640783227980137,1,1
5647,4.0595784187316895,0.12276678532361984,1,1
5648,3.8794302940368652,0.00026505152345634997,1,1
5649,2.3239498138427734,0.00027264663367532194,0,0
5650,3.211920738220215,0.0054403627291321754,0,0
5651,3.3817732334136963,0.04192451760172844,1,1
5652,2.9328277111053467,0.014030474238097668,0,0
5653,3.779292106628418,0.06883712857961655,1,1
5654,3.1906094551086426,0.006300455424934626,1,1
5655,3.3254878520965576,0.03768254444003105,0,0
5656,3.891857862472534,0.00677162129431963,1,1
5657,3.7648298740386963,0.04804087430238724,0,0
5658,2.867157459259033,0.20421743392944336,0,0
5659,3.510434865951538,0.13446174561977386,0,0
5660,3.3634767532348633,0.1366647332906723,1,1
5661,3.3251256942749023,0.0953376293182373,1,1
5662,4.262434482574463,0.020884966477751732,1,1
5663,3.690225839614868,0.03481677174568176,1,1
5664,3.206425189971924,0.07865949720144272,0,0
5665,3.3202171325683594,0.033306509256362915,1,1
5666,3.566957950592041,0.5877162218093872,0,0
5667,4.391496181488037,0.06957844644784927,1,1
5668,2.876540422439575,0.00251345569267869,0,0
5669,2.972259759902954,0.5614707469940186,1,1
5670,3.408597469329834,0.3261304497718811,1,1
5671,2.9888784885406494,0.07301568984985352,0,0
5672,3.6947052478790283,0.008864285424351692,1,1
5673,3.575589179992676,0.008025587536394596,0,0
5674,3.3928747177124023,0.042118389159440994,0,0
5675,3.6049892902374268,0.359468549489975,1,1
5676,3.4500484466552734,0.0002619185543153435,0,0
5677,3.443349838256836,0.000986738596111536,1,1
5678,3.5141687393188477,0.026163751259446144,0,0
5679,3.6106371879577637,0.1623275727033615,1,1
5680,3.2103681564331055,0.0051441253162920475,0,0
5681,3.054205894470215,0.039502423256635666,0,0
5682,3.510399103164673,0.029750553891062737,1,1
5683,3.3590598106384277,0.04605656862258911,1,1
5684,3.397031307220459,0.5310177803039551,0,0
5685,3.1996841430664062,0.02749781124293804,0,0
5686,3.3501508235931396,0.08661924302577972,1,1
5687,3.0333681106567383,0.20695661008358002,1,1
5688,3.5394749641418457,0.00010405192006146535,1,1
5689,3.3160016536712646,0.0002861962711904198,0,0
5690,3.656132936477661,0.12219937145709991,0,0
5691,3.6188881397247314,0.03190898522734642,1,1
5692,3.6257121562957764,0.5380451679229736,0,0
5693,3.675455331802368,0.679562509059906,0,0
5694,3.677903652191162,0.12438157945871353,1,1
5695,3.987868547439575,0.40164968371391296,1,1
5696,2.8465538024902344,0.38741743564605713,0,0
5697,3.2550063133239746,0.2748625576496124,0,0
5698,3.153282403945923,0.1858452558517456,0,0
5699,3.708083391189575,0.0026447921991348267,0,0
5700,3.694802761077881,0.16328547894954681,1,1
5701,3.1810171604156494,0.10001220554113388,1,1
5702,3.134373426437378,0.05112197622656822,0,0
5703,3.5548651218414307,0.02544446289539337,1,1
5704,3.6195247173309326,0.051331665366888046,1,1
5705,3.537820339202881,0.06276383996009827,1,1
5706,3.3644635677337646,0.1422431915998459,0,0
5707,2.8814077377319336,0.13944721221923828,1,1
5708,3.1923909187316895,0.9820442199707031,0,0
5709,4.040067672729492,0.17656998336315155,1,1
5710,3.3353536128997803,0.030913574621081352,1,1
5711,3.0605361461639404,0.413552850484848,1,1
5712,3.363654375076294,0.7580470442771912,0,0
5713,3.552043914794922,0.03699259087443352,1,1
5714,3.1688716411590576,0.3750123083591461,0,0
5715,3.084658622741699,0.19955183565616608,1,1
5716,3.350757122039795,0.028845369815826416,0,0
5717,3.2089998722076416,0.20937828719615936,0,0
5718,2.912705659866333,0.004528344608843327,1,1
5719,3.496123790740967,0.04383888468146324,0,0
5720,3.438816547393799,5.238689482212067e-07,1,1
5721,3.5057437419891357,0.25991329550743103,1,1
5722,3.5861401557922363,0.01648903265595436,1,1
5723,3.4882113933563232,0.05449240282177925,0,0
5724,3.4703495502471924,0.0029091648757457733,0,0
5725,2.8490140438079834,0.012097098864614964,0,0
5726,2.8623852729797363,0.31741565465927124,0,0
5727,3.247741460800171,0.09904404729604721,0,0
5728,3.613075017929077,0.0008869353914633393,0,0
5729,3.113194704055786,0.0264266524463892,0,0
5730,3.5366287231445312,0.07305220514535904,1,1
5731,3.5282371044158936,0.059613026678562164,1,1
5732,2.9265317916870117,0.048413872718811035,0,0
5733,3.2312090396881104,0.026880402117967606,1,1
5734,3.152064323425293,0.0016024246579036117,1,1
5735,3.2167880535125732,0.21005003154277802,0,0
5736,3.8271079063415527,0.17212146520614624,0,0
5737,3.0471906661987305,0.10781927406787872,0,0
5738,3.597893476486206,0.00891159474849701,0,0
5739,2.8719236850738525,0.08676131814718246,0,0
5740,4.078073501586914,0.17955902218818665,0,0
5741,3.6381444931030273,0.1460094004869461,1,1
5742,3.2098095417022705,0.15666989982128143,0,0
5743,3.229304552078247,0.13625119626522064,0,0
5744,3.294420003890991,0.044863175600767136,1,1
5745,3.446017026901245,0.25883200764656067,0,0
5746,3.9724302291870117,0.017215611413121223,0,0
5747,4.0759711265563965,0.4119408130645752,1,1
5748,3.665795087814331,0.3464656174182892,1,1
5749,3.5461881160736084,0.05701245740056038,0,0
5750,3.240351676940918,0.18501412868499756,0,0
5751,3.5499095916748047,0.1770569533109665,0,0
5752,2.9583840370178223,0.09562390297651291,0,0
5753,2.981666326522827,0.41116076707839966,0,0
5754,3.2018308639526367,0.007874148897826672,0,0
5755,2.5097861289978027,0.1417704075574875,1,1
5756,2.8467090129852295,0.9767913818359375,0,0
5757,2.932729959487915,0.15109758079051971,0,0
5758,2.7210147380828857,1.2690972089767456,1,1
5759,2.889932870864868,0.6851108074188232,1,1
5760,2.663968801498413,0.0014730290276929736,0,0
5761,2.1868162155151367,0.3507390022277832,1,1
5762,2.4533424377441406,0.20850487053394318,1,1
5763,2.609480857849121,0.018903708085417747,1,1
5764,2.786515951156616,0.06450196355581284,1,1
5765,2.8319904804229736,0.01832439936697483,1,1
5766,2.235055685043335,0.0005025723366998136,0,0
5767,2.517390489578247,0.007730938494205475,0,0
5768,2.5707125663757324,0.13800226151943207,1,1
5769,2.2146189212799072,0.5412353873252869,0,0
5770,2.588059186935425,0.15146541595458984,1,1
5771,2.2170634269714355,0.41176745295524597,0,0
5772,2.730046510696411,0.5198255181312561,1,1
5773,2.5160462856292725,0.20980241894721985,1,1
5774,2.3283278942108154,0.30556678771972656,0,0
5775,2.832911252975464,0.0015450016362592578,0,0
5776,2.778576374053955,0.2430165857076645,1,1
5777,2.3411026000976562,0.12382402271032333,0,0
5778,2.5718038082122803,0.07321923226118088,1,1
5779,2.8453786373138428,0.010599031113088131,1,1
5780,2.5364990234375,0.0319124311208725,0,0
5781,2.578472852706909,0.1804434061050415,0,0
5782,2.7091405391693115,0.1422213464975357,0,0
5783,3.621746301651001,0.0705183744430542,1,1
5784,2.7637627124786377,0.45873722434043884,0,0
5785,2.524747848510742,0.6926400065422058,0,0
5786,2.5258071422576904,0.03641942888498306,0,0
5787,3.695361852645874,0.0029951557517051697,1,1
5788,2.5561015605926514,0.006003756076097488,1,1
5789,2.5991108417510986,0.14588405191898346,0,0
5790,3.108041763305664,0.007210522890090942,1,1
5791,2.6236062049865723,0.008136630989611149,0,0
5792,2.9549026489257812,0.06626878678798676,1,1
5793,2.931161642074585,0.0954449400305748,0,0
5794,3.402083158493042,0.19212119281291962,1,1
5795,3.517843246459961,0.3154071271419525,1,1
5796,3.4336397647857666,0.0030184395145624876,0,0
5797,3.5871047973632812,0.06870552152395248,1,1
5798,3.4831349849700928,0.00021404177823569626,1,1
5799,3.8506112098693848,0.00047947847633622587,1,1
5800,4.020017147064209,0.02279561385512352,1,1
5801,3.3953733444213867,0.025370627641677856,1,1
5802,3.5548174381256104,0.019389769062399864,1,1
5803,3.646876573562622,0.000851091870572418,1,1
5804,3.052710771560669,0.03279421851038933,0,0
5805,3.225005626678467,0.0035419955383986235,1,1
5806,3.299409866333008,0.019002022221684456,0,0
5807,3.3771469593048096,0.235848531126976,0,0
5808,3.2943098545074463,0.03785508871078491,1,1
5809,3.226864814758301,0.07121715694665909,1,1
5810,3.126634120941162,0.04798589274287224,0,0
5811,3.415001153945923,0.023553652688860893,0,0
5812,3.6508634090423584,0.019322635605931282,1,1
5813,3.580374240875244,0.004779817070811987,1,1
5814,2.6480090618133545,0.04490406811237335,0,0
5815,2.75636625289917,0.14598727226257324,0,0
5816,3.5754876136779785,0.002319931983947754,1,1
5817,3.2210655212402344,0.11639992147684097,0,0
5818,3.3803415298461914,0.0540158636868,0,0
5819,3.6003665924072266,0.3470679819583893,0,0
5820,3.790149450302124,0.6625345349311829,1,1
5821,3.84110951423645,0.15096256136894226,0,0
5822,3.5640363693237305,0.047471459954977036,1,1
5823,3.2845630645751953,0.22395752370357513,1,1
5824,3.7471814155578613,0.008982796221971512,0,0
5825,3.4498536586761475,0.08292179554700851,1,1
5826,3.62618088722229,0.21262316405773163,0,0
5827,3.7997119426727295,0.05775684863328934,1,1
5828,3.578932523727417,0.03994866833090782,0,0
5829,3.730459451675415,0.0002495729422662407,1,1
5830,3.945772409439087,0.08407067507505417,1,1
5831,2.6687088012695312,0.01508523989468813,0,0
5832,3.2031304836273193,0.012082243338227272,1,1
5833,3.945211887359619,0.04873291030526161,1,1
5834,3.079258918762207,0.04608557000756264,1,1
5835,3.3897228240966797,7.832422852516174e-06,0,0
5836,2.7663471698760986,0.23650513589382172,1,1
5837,3.600130081176758,0.01819399558007717,0,0
5838,3.6129133701324463,0.0004495316243264824,1,1
5839,1.8028159141540527,0.07566260546445847,1,1
5840,2.549609899520874,0.011435575783252716,0,0
5841,3.764469623565674,0.16914761066436768,0,0
5842,3.7297792434692383,0.13943280279636383,1,1
5843,3.855172872543335,0.6617963314056396,1,1
5844,3.0600333213806152,0.03875412046909332,0,0
5845,3.9160821437835693,0.004837368614971638,0,0
5846,3.9252147674560547,0.3931569755077362,0,0
5847,3.7406039237976074,0.08322218805551529,0,0
5848,4.018344402313232,0.012387529946863651,0,0
5849,3.724777936935425,0.06553547084331512,1,1
5850,4.183961868286133,0.31612294912338257,1,1
5851,4.058309555053711,0.04020368307828903,0,0
5852,3.921621084213257,0.3226676285266876,1,1
5853,3.5605311393737793,0.0021681771613657475,1,1
5854,3.448529005050659,0.15895478427410126,0,0
5855,2.9983208179473877,0.00040875980630517006,1,1
5856,3.0664525032043457,0.015575124882161617,0,0
5857,3.4412193298339844,0.06801416724920273,0,0
5858,3.2064778804779053,0.013583706691861153,1,1
5859,3.323073148727417,0.24619534611701965,0,0
5860,3.642681837081909,0.0038063570391386747,1,1
5861,3.258364200592041,0.14036406576633453,1,1
5862,3.5276122093200684,0.0671161338686943,1,1
5863,3.3220298290252686,0.41581493616104126,1,1
5864,3.648630142211914,0.25044646859169006,1,1
5865,3.8362202644348145,0.3891493082046509,1,1
5866,3.490534782409668,0.07976221293210983,0,0
5867,2.8163256645202637,0.33871588110923767,0,0
5868,3.2722392082214355,0.06042158603668213,0,0
5869,3.4923717975616455,0.189473956823349,1,1
5870,3.545067548751831,0.10546201467514038,1,1
5871,3.651625156402588,0.015950722619891167,1,1
5872,3.559583902359009,0.011242383159697056,1,1
5873,3.632847309112549,0.10195650160312653,0,0
5874,2.951000928878784,0.02498779445886612,1,1
5875,3.1978023052215576,0.02387763373553753,0,0
5876,3.358048915863037,0.11879589408636093,1,1
5877,3.1291871070861816,0.6423768401145935,1,1
5878,3.6036949157714844,0.04556497558951378,0,0
5879,3.9188802242279053,0.5294718146324158,0,0
5880,3.305065393447876,0.30563080310821533,0,0
5881,3.7528555393218994,0.1849726289510727,0,0
5882,3.186730146408081,0.2108025997877121,1,1
5883,3.312969923019409,0.6605408191680908,0,0
5884,3.463871479034424,0.17174531519412994,0,0
5885,3.0592830181121826,0.48227474093437195,0,0
5886,3.273742437362671,0.340200275182724,0,0
5887,2.8638713359832764,0.9601336717605591,1,1
5888,3.181757926940918,0.23435118794441223,1,1
5889,3.083919048309326,0.03557353839278221,1,1
5890,3.1639604568481445,0.2416388988494873,1,1
5891,3.367887496948242,0.019502811133861542,0,0
5892,3.569533348083496,0.013574709184467793,1,1
5893,3.0992298126220703,0.1766267716884613,0,0
5894,3.761784791946411,0.12086039036512375,1,1
5895,3.8039653301239014,0.020097577944397926,0,0
5896,3.969395160675049,0.20426104962825775,0,0
5897,3.7286534309387207,1.0227386951446533,1,1
5898,4.227823257446289,0.03199869021773338,0,0
5899,3.5130207538604736,0.42832881212234497,1,1
5900,3.722388982772827,1.4305237531661987,0,0
5901,3.95947527885437,0.2799147069454193,1,1
5902,3.7216732501983643,0.2191426306962967,0,0
5903,3.731684684753418,1.0216068029403687,0,0
5904,3.7458443641662598,0.8759924173355103,0,0
5905,3.3907995223999023,1.473010778427124,0,0
5906,3.494286060333252,0.5714942216873169,0,0
5907,3.801194906234741,0.7904835939407349,1,1
5908,3.357464551925659,0.27694088220596313,0,0
5909,3.9183144569396973,1.0890120267868042,0,0
5910,3.869321823120117,0.5967171788215637,1,1
5911,3.305136203765869,1.2122373580932617,0,0
5912,3.0468924045562744,1.4970486164093018,1,1
5913,3.6208877563476562,0.9138407111167908,1,1
5914,3.386582612991333,0.9652657508850098,0,0
5915,3.5213735103607178,0.5491876602172852,0,0
5916,3.2701022624969482,0.7877402901649475,0,0
5917,3.353163242340088,0.6180006861686707,0,0
5918,3.897630214691162,0.5980896353721619,0,0
5919,2.4263689517974854,1.0782829523086548,0,0
5920,3.5988123416900635,1.4556339979171753,1,1
5921,3.6815199851989746,1.0852488279342651,0,0
5922,3.550957202911377,1.7050386667251587,0,0
5923,3.400601863861084,1.1175767183303833,0,0
5924,3.147772789001465,2.5163841247558594,1,1
5925,2.9440581798553467,0.5890783071517944,1,1
5926,3.720341682434082,0.24399760365486145,0,0
5927,3.4133381843566895,0.23212337493896484,0,0
5928,3.4531445503234863,0.13816723227500916,0,0
5929,3.71962833404541,0.33856987953186035,1,1
5930,3.4620370864868164,0.16752423346042633,0,0
5931,3.7673356533050537,0.007742822170257568,1,1
5932,3.6267800331115723,0.008001398295164108,0,0
5933,3.6146013736724854,0.18195514380931854,0,0
5934,3.8564586639404297,0.027064254507422447,1,1
5935,3.219597816467285,0.0017036431236192584,0,0
5936,3.1183016300201416,0.03381567448377609,1,1
5937,3.535341501235962,0.23476247489452362,0,0
5938,4.004847526550293,0.0009352863999083638,0,0
5939,3.2116048336029053,0.0975915864109993,0,0
5940,3.8114633560180664,0.005664713680744171,1,1
5941,3.223562717437744,0.10707272589206696,0,0
5942,3.798982620239258,0.002512488281354308,1,1
5943,3.671833038330078,0.011213750578463078,1,1
5944,3.4659321308135986,0.004912835545837879,0,0
5945,3.7724084854125977,0.051980894058942795,1,1
5946,2.92380428314209,0.03127092123031616,0,0
5947,2.5810556411743164,0.8889561891555786,0,0
5948,3.481501340866089,0.7468297481536865,1,1
5949,2.624194383621216,1.1137440204620361,0,0
5950,3.344809055328369,1.1101821660995483,0,0
5951,2.6318774223327637,0.3267700672149658,0,0
5952,2.5117979049682617,0.2776116728782654,0,0
5953,2.661659002304077,0.33390292525291443,1,1
5954,3.03885817527771,0.00026725567295216024,1,1
5955,2.9392881393432617,0.6067183017730713,0,0
5956,3.517763614654541,0.6515673995018005,0,0
5957,3.7363367080688477,0.3738902807235718,1,1
5958,3.3249151706695557,0.30674153566360474,1,1
5959,3.35385799407959,0.13752229511737823,0,0
5960,3.004352569580078,0.05746961385011673,1,1
5961,3.30460262298584,0.03980220481753349,0,0
5962,3.500267267227173,0.12738780677318573,1,1
5963,3.7419931888580322,0.000983104226179421,0,0
5964,3.5185089111328125,0.04556909203529358,1,1
5965,3.494635820388794,0.10212913900613785,1,1
5966,3.943514585494995,0.16829931735992432,0,0
5967,3.789703607559204,0.28049707412719727,1,1
5968,3.461775779724121,0.07434114813804626,1,1
5969,3.6182961463928223,0.051638223230838776,0,0
5970,3.469353437423706,0.01837145909667015,1,1
5971,3.7100014686584473,0.001346245757304132,0,0
5972,4.103472709655762,0.07810291647911072,1,1
5973,3.749288558959961,0.0023497759830206633,0,0
5974,4.230843544006348,0.036077678203582764,1,1
5975,3.2755730152130127,0.15058784186840057,0,0
5976,3.838923692703247,0.08126278966665268,1,1
5977,3.7098536491394043,0.06256574392318726,0,0
5978,3.5756828784942627,0.27365973591804504,0,0
5979,3.389620304107666,0.06915145367383957,0,0
5980,3.940704584121704,0.15531300008296967,1,1
5981,3.358095645904541,0.0020198195707052946,0,0
5982,3.8577380180358887,0.23523031175136566,1,1
5983,3.7190284729003906,3.614733213908039e-05,0,0
5984,2.929499387741089,0.0208180770277977,1,1
5985,3.048077344894409,0.8170267343521118,0,0
5986,2.8923587799072266,0.043134525418281555,0,0
5987,3.095590829849243,0.11017695814371109,0,0
5988,3.397820472717285,0.3855935335159302,0,0
5989,3.2113564014434814,0.6000615954399109,0,0
5990,3.431720495223999,0.5680559277534485,0,0
5991,3.5261216163635254,0.20899870991706848,1,1
5992,3.5306270122528076,0.0005147607298567891,0,0
5993,2.8972842693328857,0.08096595108509064,0,0
5994,3.618821382522583,0.0143708735704422,0,0
5995,3.8687491416931152,0.38830694556236267,1,1
5996,3.3988237380981445,0.1682913899421692,0,0
5997,3.607769250869751,0.05922253057360649,1,1
5998,3.1134462356567383,0.15956328809261322,0,0
5999,3.463144302368164,0.03464411944150925,0,0
6000,3.3330676555633545,0.6440796256065369,0,0
6001,3.0922443866729736,0.4510308802127838,0,0
6002,3.979156970977783,0.5514786243438721,1,1
6003,3.157111883163452,0.18183165788650513,0,0
6004,3.7448694705963135,0.20164382457733154,0,0
6005,3.251080274581909,0.2955465614795685,1,1
6006,3.2941324710845947,0.0019887126982212067,0,0
6007,3.500378370285034,0.3936291038990021,0,0
6008,3.961160182952881,0.306538462638855,1,1
6009,3.2953555583953857,0.1484682261943817,0,0
6010,3.528658390045166,0.07857831567525864,0,0
6011,3.7325799465179443,0.19077841937541962,0,0
6012,3.480160713195801,0.40828219056129456,0,0
6013,3.188763380050659,0.011187195777893066,1,1
6014,3.5036818981170654,0.10612747818231583,0,0
6015,3.3213791847229004,0.19467607140541077,0,0
6016,3.6792562007904053,0.0032882546074688435,0,0
6017,3.493629217147827,0.008563410490751266,1,1
6018,3.1058385372161865,0.11601173132658005,1,1
6019,3.2608001232147217,0.06255608797073364,1,1
6020,3.64502215385437,0.01035603042691946,0,0
6021,3.4446377754211426,0.01591661386191845,0,0
6022,4.346325397491455,0.11385244131088257,1,1
6023,3.4684972763061523,0.007272937335073948,1,1
6024,3.018867254257202,0.4639022946357727,0,0
6025,3.352160692214966,0.03980990871787071,1,1
6026,2.9751169681549072,0.002554260892793536,0,0
6027,3.6586716175079346,0.08613140881061554,1,1
6028,3.5148022174835205,0.030030855908989906,0,0
6029,3.502296209335327,0.21522989869117737,1,1
6030,3.7425780296325684,0.04308643564581871,1,1
6031,2.7276599407196045,0.06753682345151901,0,0
6032,2.6381218433380127,0.010375681333243847,1,1
6033,2.8090240955352783,0.042670782655477524,0,0
6034,2.771272897720337,0.03514527156949043,1,1
6035,2.6729483604431152,0.05828685313463211,0,0
6036,2.811145782470703,0.013793716207146645,1,1
6037,2.607703447341919,0.015471719205379486,1,1
6038,2.749343156814575,0.00014067078882362694,0,0
6039,3.6784720420837402,0.08723382651805878,1,1
6040,3.5088748931884766,0.2728828191757202,0,0
6041,3.0373196601867676,0.019303860142827034,1,1
6042,3.034492015838623,0.03333821892738342,1,1
6043,3.108751058578491,0.022308671846985817,0,0
6044,2.6344287395477295,0.8792288899421692,1,1
6045,2.792370080947876,0.49089130759239197,1,1
6046,2.9434521198272705,0.22389356791973114,0,0
6047,2.7500834465026855,0.2552700638771057,1,1
6048,2.9341235160827637,0.26525402069091797,1,1
6049,3.1637563705444336,0.014092271216213703,1,1
6050,3.0062568187713623,0.0033740289509296417,1,1
6051,2.695349931716919,0.06013726070523262,1,1
6052,2.7752106189727783,0.1808864176273346,1,1
6053,2.8224737644195557,0.12302388995885849,0,0
6054,3.006687879562378,0.11027947813272476,1,1
6055,2.9222166538238525,0.14940676093101501,0,0
6056,2.7680156230926514,0.31110769510269165,0,0
6057,3.3023147583007812,0.11426310986280441,1,1
6058,2.8275809288024902,0.0004021529166493565,0,0
6059,3.002305507659912,0.11932869255542755,1,1
6060,2.9536378383636475,0.009566380642354488,0,0
6061,3.144512414932251,0.005294717848300934,0,0
6062,2.980529546737671,0.0338582806289196,1,1
6063,2.980877161026001,0.00013077864423394203,0,0
6064,2.766633987426758,0.17711380124092102,1,1
6065,2.2117321491241455,0.1578792780637741,0,0
6066,2.7485194206237793,0.001483418163843453,1,1
6067,2.7368130683898926,0.0006744154961779714,0,0
6068,2.7936623096466064,0.15367434918880463,0,0
6069,3.435499429702759,0.12607544660568237,0,0
6070,3.3852365016937256,0.04495725408196449,0,0
6071,3.7946412563323975,0.044134389609098434,0,0
6072,4.198312282562256,0.0234205424785614,1,1
6073,3.8114593029022217,0.001231931964866817,1,1
6074,3.5234923362731934,0.04251145198941231,0,0
6075,3.7535481452941895,0.5873315334320068,1,1
6076,4.020613670349121,0.04705186188220978,1,1
6077,3.6238338947296143,0.003500763326883316,0,0
6078,3.434879779815674,0.08107032626867294,1,1
6079,3.924329996109009,0.0057785892859101295,0,0
6080,2.8936450481414795,6.61843441776e-05,1,1
6081,2.900845527648926,0.31229302287101746,0,0
6082,3.2895147800445557,0.5366162657737732,1,1
6083,2.6993415355682373,1.0835002660751343,1,1
6084,2.9550974369049072,0.8228816390037537,1,1
6085,2.853989601135254,0.4785022735595703,0,0
6086,3.5593888759613037,0.21481819450855255,0,0
6087,3.5483007431030273,0.43844279646873474,0,0
6088,3.431217908859253,0.011419069953262806,1,1
6089,3.230468511581421,9.313225884932663e-11,1,1
6090,3.365309715270996,0.0004786335921380669,1,1
6091,3.5970516204833984,0.15055787563323975,1,1
6092,3.5930349826812744,0.005095788277685642,0,0
6093,3.627716541290283,6.400430720532313e-05,1,1
6094,3.5634541511535645,8.618868741905317e-05,1,1
6095,3.0276403427124023,0.0347231961786747,0,0
6096,3.1214871406555176,0.11807852238416672,0,0
6097,3.003749132156372,0.03575943782925606,0,0
6098,2.868346691131592,0.15034078061580658,1,1
6099,2.0690393447875977,0.05417298153042793,0,0
6100,3.5292153358459473,0.12704360485076904,1,1
6101,3.3654000759124756,8.437876203970518e-06,0,0
6102,3.4868783950805664,0.2328772097826004,0,0
6103,3.546128749847412,0.00850279163569212,1,1
6104,3.8968734741210938,0.007276229560375214,0,0
6105,3.7309134006500244,0.005242881365120411,1,1
6106,3.9487404823303223,0.007431813515722752,1,1
6107,4.071348190307617,0.04884375259280205,1,1
6108,3.834947347640991,0.048384152352809906,0,0
6109,3.1994004249572754,0.11758823692798615,0,0
6110,3.403297185897827,0.5418887138366699,0,0
6111,4.325676918029785,0.2872636020183563,0,0
6112,4.733768939971924,0.006008243653923273,1,1
6113,3.640047550201416,0.00035741188912652433,0,0
6114,3.711846113204956,0.4161510467529297,1,1
6115,3.8480823040008545,0.0005909578176215291,0,0
6116,3.419153928756714,0.3448769152164459,0,0
6117,3.5740573406219482,2.606222369649913e-05,0,0
6118,3.973773717880249,0.03705572709441185,0,0
6119,3.8800652027130127,0.11724432557821274,1,1
6120,3.928636312484741,0.07552462816238403,1,1
6121,3.6081149578094482,0.09282753616571426,0,0
6122,3.2843034267425537,0.09739270806312561,1,1
6123,3.8029584884643555,0.33763837814331055,0,0
6124,4.117435932159424,0.19541767239570618,1,1
6125,3.4102017879486084,0.06534784287214279,1,1
6126,3.010354518890381,0.006563591305166483,1,1
6127,2.7511098384857178,0.02124352566897869,1,1
6128,3.353731870651245,0.01193208247423172,1,1
6129,3.3476979732513428,0.017016129568219185,1,1
6130,3.2806460857391357,0.09732044488191605,1,1
6131,3.340355396270752,0.01993373967707157,0,0
6132,3.199937105178833,0.09347552061080933,0,0
6133,3.3322501182556152,0.9548832178115845,0,0
6134,2.9667136669158936,0.04907437041401863,0,0
6135,3.0131783485412598,0.026120061054825783,1,1
6136,3.1281726360321045,0.7380985617637634,0,0
6137,3.7635574340820312,0.15059532225131989,0,0
6138,3.4151017665863037,0.015007111243903637,1,1
6139,2.8704676628112793,0.003599663032218814,0,0
6140,3.518354654312134,0.021401353180408478,1,1
6141,3.1452176570892334,0.07960965484380722,0,0
6142,3.261106252670288,0.2365426868200302,1,1
6143,2.9634647369384766,0.033833421766757965,1,1
6144,2.9724338054656982,0.1412113904953003,1,1
6145,2.86952805519104,0.06879661977291107,1,1
6146,2.8866024017333984,0.07060041278600693,1,1
6147,3.110576868057251,0.04639269411563873,0,0
6148,3.113473892211914,0.16332446038722992,1,1
6149,3.2411720752716064,0.08231154084205627,0,0
6150,3.20998477935791,0.07377388328313828,0,0
6151,3.542860984802246,0.008652947843074799,1,1
6152,3.022459030151367,0.03974831476807594,1,1
6153,3.947904586791992,0.0012258425122126937,0,0
6154,4.325601577758789,0.3283497095108032,1,1
6155,3.0325119495391846,0.05530642345547676,0,0
6156,2.3822994232177734,0.1692270040512085,0,0
6157,2.9120168685913086,0.24486596882343292,1,1
6158,2.9174726009368896,0.07312525808811188,0,0
6159,2.5432629585266113,0.1142435297369957,0,0
6160,3.0322368144989014,0.24108894169330597,1,1
6161,2.7702012062072754,0.026145020499825478,1,1
6162,3.0724034309387207,0.00021517276763916016,1,1
6163,3.167900562286377,0.009809543378651142,1,1
6164,3.108459711074829,0.302480548620224,1,1
6165,2.639005661010742,0.29715415835380554,1,1
6166,2.8964993953704834,0.005991797894239426,1,1
6167,3.307884454727173,0.2255038321018219,0,0
6168,3.3906290531158447,0.36093971133232117,1,1
6169,2.9714243412017822,0.06073511764407158,0,0
6170,2.9621949195861816,0.001589316874742508,0,0
6171,3.0861780643463135,0.012128963135182858,0,0
6172,3.3873257637023926,0.2124185413122177,1,1
6173,3.431068181991577,0.11964893341064453,1,1
6174,3.3241918087005615,0.0001388453965773806,0,0
6175,3.582864284515381,0.09271583706140518,1,1
6176,3.0937821865081787,0.012101344764232635,1,1
6177,3.319206714630127,0.1543484777212143,0,0
6178,3.6016290187835693,0.13910147547721863,1,1
6179,3.62101674079895,0.022859768941998482,1,1
6180,3.374453067779541,0.2657015323638916,0,0
6181,3.91972279548645,0.28593069314956665,1,1
6182,3.322791576385498,0.056300368160009384,0,0
6183,3.825993776321411,0.12027733772993088,1,1
6184,3.946176767349243,0.28856852650642395,1,1
6185,3.6175849437713623,0.06718616187572479,1,1
6186,3.5025017261505127,0.028701314702630043,1,1
6187,3.5007941722869873,0.024704856798052788,1,1
6188,3.784653902053833,0.05979223921895027,1,1
6189,3.61436128616333,0.1070348396897316,0,0
6190,3.325914144515991,0.3896551728248596,1,1
6191,3.691628932952881,0.0029740668833255768,1,1
6192,3.3896331787109375,0.047421012073755264,0,0
6193,3.3232686519622803,9.00784561963519e-06,1,1
6194,3.596614360809326,0.13877053558826447,1,1
6195,3.3205363750457764,0.15536624193191528,1,1
6196,3.4682440757751465,0.010708601213991642,0,0
6197,3.4768784046173096,0.042320650070905685,1,1
6198,3.6209564208984375,0.0006834679516032338,1,1
6199,3.5032596588134766,0.07741937786340714,1,1
6200,3.678459882736206,0.006157267838716507,1,1
6201,3.932882308959961,0.027427444234490395,1,1
6202,3.5766005516052246,0.15433330833911896,1,1
6203,3.591674566268921,0.37713098526000977,0,0
6204,3.523333787918091,0.15722809731960297,1,1
6205,3.0743799209594727,0.6593491435050964,1,1
6206,3.5694637298583984,0.1709463745355606,0,0
6207,3.576392889022827,0.19323104619979858,0,0
6208,3.042020797729492,0.12776698172092438,0,0
6209,3.1521432399749756,0.03747301921248436,1,1
6210,3.316389799118042,0.018038125708699226,1,1
6211,3.3521416187286377,0.05469985678792,1,1
6212,3.194216728210449,0.1182510256767273,1,1
6213,3.1424429416656494,0.2872636020183563,1,1
6214,3.094348669052124,0.033306509256362915,1,1
6215,3.067964553833008,0.2884752154350281,1,1
6216,3.381761312484741,0.07000676542520523,1,1
6217,3.6399331092834473,0.14324951171875,1,1
6218,3.3467390537261963,0.47823530435562134,1,1
6219,3.5144476890563965,0.22108952701091766,0,0
6220,3.259622097015381,0.2530612349510193,1,1
6221,2.810941219329834,0.1079016849398613,0,0
6222,3.369690179824829,0.02251092530786991,1,1
6223,3.423407554626465,0.004277353174984455,0,0
6224,3.2791101932525635,0.032216574996709824,1,1
6225,3.9466629028320312,0.007637882139533758,0,0
6226,3.9866559505462646,0.08886031061410904,0,0
6227,3.9309287071228027,0.10390706360340118,0,0
6228,2.2751495838165283,0.005790332797914743,0,0
6229,2.055769443511963,0.01934947445988655,1,1
6230,2.951310634613037,0.012122586369514465,0,0
6231,3.4043731689453125,0.13115589320659637,1,1
6232,2.767908811569214,0.0927981361746788,0,0
6233,3.3391458988189697,0.12541840970516205,1,1
6234,3.5066051483154297,0.0023432315792888403,1,1
6235,3.187001943588257,0.00014621848822571337,1,1
6236,3.3257479667663574,0.22937901318073273,0,0
6237,3.508284568786621,0.02572540007531643,1,1
6238,4.000565052032471,4.020044798380695e-05,0,0
6239,3.6698718070983887,9.596441486792173e-06,0,0
6240,3.7610456943511963,0.018439538776874542,1,1
6241,3.7845940589904785,0.013268375769257545,1,1
6242,3.8485372066497803,0.07419387251138687,0,0
6243,3.005742073059082,0.0005900198011659086,0,0
6244,3.466414451599121,0.10524901002645493,0,0
6245,3.79062557220459,0.08404829353094101,0,0
6246,4.09297513961792,0.2538094222545624,1,1
6247,3.8683273792266846,0.013426695950329304,0,0
6248,3.9341793060302734,0.11641967296600342,0,0
6249,3.9307093620300293,0.019903777167201042,0,0
6250,3.858834743499756,0.05717386677861214,0,0
6251,3.58982515335083,0.02281310223042965,0,0
6252,3.5806446075439453,0.007425159215927124,0,0
6253,3.8855738639831543,0.03195382282137871,1,1
6254,4.056509971618652,0.1410881131887436,0,0
6255,3.751619815826416,0.043944016098976135,0,0
6256,3.764718532562256,0.08174768835306168,1,1
6257,3.651198625564575,0.025137517601251602,1,1
6258,3.6552703380584717,0.031452082097530365,0,0
6259,4.137980937957764,0.005217755679041147,1,1
6260,3.8690004348754883,0.11094065755605698,0,0
6261,3.83599591255188,0.0049698189832270145,0,0
6262,3.913463830947876,0.03378373757004738,0,0
6263,3.7362825870513916,0.0024062476586550474,0,0
6264,3.947533369064331,0.01061493344604969,0,0
6265,3.9013397693634033,0.12981726229190826,0,0
6266,3.4491219520568848,0.01649647019803524,0,0
6267,3.9978063106536865,0.006060720421373844,0,0
6268,3.889730215072632,0.2717446982860565,0,0
6269,3.487069845199585,0.00416449923068285,0,0
6270,3.9057676792144775,0.0022224360145628452,0,0
6271,3.7543625831604004,0.015390201471745968,1,1
6272,3.6306142807006836,0.0035811588168144226,0,0
6273,3.6661834716796875,0.002789658261463046,0,0
6274,3.90964937210083,0.054880570620298386,0,0
6275,2.6645219326019287,0.4257557988166809,0,0
6276,2.715830087661743,0.16343370079994202,1,1
6277,3.4207868576049805,0.3291243612766266,0,0
6278,2.7690858840942383,0.018043309450149536,0,0
6279,3.6976423263549805,0.3083149492740631,1,1
6280,4.102536201477051,0.001030874322168529,1,1
6281,3.2270803451538086,0.19079528748989105,1,1
6282,3.599254608154297,0.013619722798466682,0,0
6283,3.9051148891448975,0.009953439235687256,1,1
6284,3.6217539310455322,0.08512607961893082,0,0
6285,4.198235034942627,0.17174531519412994,1,1
6286,4.104560375213623,0.14596515893936157,0,0
6287,3.7184364795684814,0.312055766582489,0,0
6288,4.038556098937988,0.019518988206982613,0,0
6289,3.4531803131103516,0.01376652717590332,0,0
6290,3.272632598876953,0.0987648293375969,1,1
6291,2.7606589794158936,0.011236244812607765,1,1
6292,3.1806955337524414,0.029677359387278557,0,0
6293,3.736504077911377,0.021844100207090378,0,0
6294,3.485689640045166,0.12296974658966064,0,0
6295,3.33060622215271,0.15306209027767181,1,1
6296,3.9077603816986084,0.017728397622704506,1,1
6297,3.3741679191589355,0.1433810442686081,1,1
6298,3.553800344467163,0.009344917722046375,1,1
6299,3.9697704315185547,0.006860856898128986,0,0
6300,3.1619043350219727,0.0522938035428524,0,0
6301,2.6855525970458984,0.14183583855628967,1,1
6302,3.4994237422943115,0.4530293047428131,1,1
6303,3.2431209087371826,0.4634028971195221,1,1
6304,3.61761212348938,0.5867992043495178,0,0
6305,3.052198886871338,0.15004904568195343,1,1
6306,3.435295343399048,0.7007918357849121,1,1
6307,3.508970022201538,0.48703137040138245,1,1
6308,3.036081552505493,0.11789951473474503,1,1
6309,3.250401258468628,1.4975760677771177e-05,0,0
6310,3.5280210971832275,0.08076287060976028,0,0
6311,4.01135778427124,0.08380785584449768,0,0
6312,3.7023682594299316,0.0628170445561409,1,1
6313,3.714200258255005,0.025036633014678955,0,0
6314,3.839738130569458,0.12125660479068756,1,1
6315,3.872818946838379,0.016563469544053078,0,0
6316,3.743011951446533,0.007235127966850996,1,1
6317,3.6021087169647217,0.032216574996709824,1,1
6318,4.054965496063232,0.007282816804945469,1,1
6319,4.157422065734863,0.004283667076379061,1,1
6320,3.9339733123779297,0.10316801071166992,1,1
6321,3.7482519149780273,0.5853511691093445,1,1
6322,3.9078474044799805,0.009307638742029667,0,0
6323,3.9103076457977295,0.2593625485897064,1,1
6324,4.464746475219727,0.0330042690038681,1,1
6325,3.721550226211548,0.009819104336202145,0,0
6326,4.103350639343262,0.47904983162879944,1,1
6327,3.6568100452423096,0.2901362478733063,0,0
6328,3.8641865253448486,0.5460454225540161,0,0
6329,4.091207504272461,0.12991464138031006,1,1
6330,3.895237684249878,0.49569010734558105,0,0
6331,3.8804283142089844,0.21485398709774017,1,1
6332,3.328540325164795,0.02278687059879303,0,0
6333,3.1372406482696533,0.1115909144282341,0,0
6334,3.7895772457122803,0.039456404745578766,1,1
6335,3.847050666809082,0.009498540312051773,0,0
6336,3.7188119888305664,0.0026636854745447636,1,1
6337,2.4751393795013428,0.17180131375789642,0,0
6338,2.5557820796966553,0.05972146615386009,1,1
6339,3.110664129257202,0.1344475895166397,1,1
6340,3.4374969005584717,0.0007151105673983693,0,0
6341,3.659729480743408,0.005470299627631903,1,1
6342,3.8045411109924316,0.37238118052482605,1,1
6343,4.056756496429443,0.17767471075057983,1,1
6344,3.0851452350616455,0.05572480708360672,0,0
6345,3.0349488258361816,0.0003194347082171589,1,1
6346,2.6967356204986572,0.49604350328445435,0,0
6347,2.7940003871917725,0.22451503574848175,0,0
6348,3.1911282539367676,0.4944135844707489,0,0
6349,3.191246747970581,0.48727384209632874,1,1
6350,3.3614704608917236,0.17232170701026917,1,1
6351,2.8482954502105713,0.055342741310596466,1,1
6352,2.971209764480591,0.2153463214635849,0,0
6353,2.965277671813965,0.016556018963456154,1,1
6354,3.03096604347229,0.01323726773262024,1,1
6355,2.939800262451172,0.5708815455436707,0,0
6356,3.3104918003082275,0.20807324349880219,1,1
6357,3.120054006576538,0.36364656686782837,1,1
6358,3.1958115100860596,0.15115009248256683,1,1
6359,3.1115407943725586,0.05313132330775261,1,1
6360,3.400033473968506,0.004466215614229441,1,1
6361,2.8771655559539795,0.0048804208636283875,1,1
6362,3.047968864440918,0.14472894370555878,1,1
6363,3.1551074981689453,0.009938040748238564,1,1
6364,3.2500741481781006,0.05578405410051346,1,1
6365,3.0169777870178223,0.09521252661943436,0,0
6366,3.2529029846191406,0.4618538022041321,1,1
6367,2.8440401554107666,0.40450477600097656,0,0
6368,2.7690465450286865,0.3297668993473053,0,0
6369,3.0596187114715576,0.0010874018771573901,1,1
6370,3.0990824699401855,0.0150260329246521,0,0
6371,3.216423273086548,0.0959404930472374,1,1
6372,3.1919214725494385,0.012338170781731606,1,1
6373,3.061201810836792,0.00024230862618423998,1,1
6374,3.2194225788116455,0.01886127144098282,1,1
6375,3.794639825820923,0.020598655566573143,1,1
6376,3.064534902572632,0.08338931202888489,0,0
6377,3.127894163131714,0.02392239309847355,1,1
6378,3.1574907302856445,0.0054888734593987465,1,1
6379,3.2957539558410645,0.0002861962711904198,1,1
6380,3.255491256713867,0.015732089057564735,1,1
6381,3.273785352706909,0.2476051300764084,1,1
6382,3.1962592601776123,0.08022075146436691,0,0
6383,3.057445526123047,0.11707255989313126,1,1
6384,2.726184129714966,0.10118144750595093,0,0
6385,3.4209113121032715,0.1669953614473343,1,1
6386,3.0016636848449707,0.15010885894298553,0,0
6387,3.491044282913208,0.01435468252748251,1,1
6388,3.4231784343719482,0.009995847940444946,0,0
6389,3.1579947471618652,0.06304945796728134,0,0
6390,3.736950397491455,0.006263740360736847,0,0
6391,3.4375617504119873,0.02251671813428402,0,0
6392,3.375814437866211,6.15575336269103e-05,1,1
6393,3.328245162963867,0.019413962960243225,0,0
6394,3.2569522857666016,0.020991096273064613,1,1
6395,3.557462453842163,0.01624950021505356,1,1
6396,3.0988645553588867,0.11579488962888718,0,0
6397,3.1776742935180664,0.026760289445519447,0,0
6398,3.6554648876190186,0.001011753105558455,1,1
6399,3.4533090591430664,0.06412017345428467,1,1
6400,3.17840838432312,0.15034078061580658,1,1
6401,2.974778413772583,0.31840595602989197,0,0
6402,3.200997829437256,0.06415439397096634,0,0
6403,3.9217233657836914,9.765625145519152e-05,1,1
6404,3.8061771392822266,0.01837145909667015,1,1
6405,3.748145818710327,0.017800426110625267,1,1
6406,3.6595242023468018,0.022173384204506874,0,0
6407,3.363939046859741,0.28245291113853455,1,1
6408,3.363464832305908,0.13790906965732574,1,1
6409,3.427579641342163,0.3714277446269989,1,1
6410,3.7386436462402344,0.0654120072722435,1,1
6411,3.503972291946411,0.004471376538276672,0,0
6412,3.4284932613372803,0.27230843901634216,0,0
6413,3.2437829971313477,0.6608232259750366,1,1
6414,3.314436674118042,0.0028883814811706543,0,0
6415,3.0404202938079834,0.1847485601902008,0,0
6416,3.7028026580810547,0.3097849190235138,1,1
6417,3.6466622352600098,0.4601239860057831,1,1
6418,3.3476808071136475,0.17585699260234833,1,1
6419,3.0760273933410645,0.0013152662431821227,1,1
6420,2.9912240505218506,0.02472306229174137,1,1
6421,3.397458076477051,0.010369784198701382,1,1
6422,2.99650239944458,0.08913669735193253,1,1
6423,2.621220827102661,0.4760487973690033,0,0
6424,3.6190531253814697,0.33078739047050476,1,1
6425,3.4913690090179443,0.36900854110717773,0,0
6426,3.5704221725463867,1.4389622211456299,1,1
6427,3.9568893909454346,0.7297813296318054,1,1
6428,4.029787540435791,0.18249891698360443,1,1
6429,3.3800551891326904,0.2908644378185272,1,1
6430,3.7881557941436768,0.27170443534851074,1,1
6431,3.223581552505493,0.011318231001496315,0,0
6432,3.4525227546691895,0.11349453777074814,1,1
6433,3.479074001312256,0.16284121572971344,1,1
6434,3.2183375358581543,0.0019196048378944397,1,1
6435,3.6658034324645996,0.06416905671358109,0,0
6436,3.7659616470336914,0.0016016521258279681,1,1
6437,2.887141704559326,0.027690181508660316,1,1
6438,2.9578824043273926,0.23449134826660156,1,1
6439,3.477891445159912,0.008866102434694767,0,0
6440,3.6973671913146973,0.16995030641555786,0,0
6441,3.4108850955963135,0.02617936208844185,1,1
6442,3.5319409370422363,0.06984344124794006,1,1
6443,2.9568920135498047,0.36058032512664795,1,1
6444,4.137432098388672,0.043335188180208206,0,0
6445,3.721130132675171,0.0038182742428034544,1,1
6446,3.443783760070801,0.1774551123380661,0,0
6447,4.140530109405518,0.09650927782058716,0,0
6448,3.4457035064697266,0.04888215288519859,0,0
6449,3.430001974105835,0.010768604464828968,0,0
6450,3.299419403076172,0.17748764157295227,0,0
6451,3.7686073780059814,0.0014745109947398305,0,0
6452,4.138236999511719,0.09095529466867447,0,0
6453,3.441100835800171,0.0006495864363387227,0,0
6454,3.9288828372955322,0.26965591311454773,1,1
6455,4.056114196777344,0.07505857199430466,0,0
6456,4.157838344573975,0.00790329184383154,0,0
6457,4.038404941558838,0.08135634660720825,1,1
6458,3.812718152999878,0.15453051030635834,0,0
6459,3.8835818767547607,0.10930738598108292,1,1
6460,3.949329137802124,0.021995550021529198,1,1
6461,4.359818458557129,0.062319766730070114,1,1
6462,4.418472766876221,0.0676974281668663,0,0
6463,3.9698686599731445,0.0029972686897963285,1,1
6464,4.192383289337158,0.015785394236445427,1,1
6465,3.105766534805298,0.06928347796201706,0,0
6466,3.3390963077545166,0.21732130646705627,0,0
6467,3.7236111164093018,0.06705614924430847,0,0
6468,3.331624984741211,0.0006564916111528873,1,1
6469,3.6245527267456055,0.111236572265625,0,0
6470,3.02713680267334,0.0018884435994550586,1,1
6471,3.3628857135772705,0.0383448489010334,1,1
6472,3.1396865844726562,0.12643207609653473,1,1
6473,3.1896820068359375,0.003020560834556818,1,1
6474,3.3799896240234375,1.032734326145146e-05,1,1
6475,3.5249829292297363,0.014085397124290466,0,0
6476,3.1591405868530273,0.04514570161700249,1,1
6477,3.3014745712280273,0.33595821261405945,1,1
6478,3.75938081741333,0.04757244512438774,1,1
6479,3.3311729431152344,0.028076931834220886,0,0
6480,3.3570966720581055,0.004810557700693607,1,1
6481,3.290849447250366,0.015000020153820515,0,0
6482,3.777047872543335,0.1967509686946869,1,1
6483,3.487210512161255,0.0009686336852610111,0,0
6484,3.770049571990967,0.013119836337864399,0,0
6485,3.5069756507873535,0.0016272440552711487,1,1
6486,3.7107505798339844,3.4332276754867053e-06,0,0
6487,3.2737791538238525,0.05746961385011673,0,0
6488,3.1959123611450195,0.028596773743629456,1,1
6489,3.304821252822876,1.4785676967221661e-06,0,0
6490,2.6922473907470703,0.12542523443698883,0,0
6491,2.773113489151001,1.6428531068868324e-07,0,0
6492,2.8083200454711914,0.0290884580463171,0,0
6493,3.2776477336883545,0.29334717988967896,1,1
6494,2.856409788131714,0.1625376045703888,1,1
6495,3.1757919788360596,0.10777491331100464,1,1
6496,3.4703469276428223,0.031946923583745956,0,0
6497,2.7361931800842285,0.0024854724761098623,0,0
6498,2.9172842502593994,0.10282113403081894,1,1
6499,3.407212734222412,0.030798301100730896,0,0
6500,2.983074903488159,0.018885135650634766,1,1
6501,2.9878475666046143,4.331805030233227e-05,0,0
6502,3.4880192279815674,0.020662417635321617,1,1
6503,2.461669921875,0.48118963837623596,0,0
6504,3.0004384517669678,0.11175860464572906,0,0
6505,2.627129077911377,0.2044180929660797,0,0
6506,2.3847527503967285,0.00014112899953033775,0,0
6507,2.4514570236206055,0.10937120765447617,0,0
6508,3.0130727291107178,0.35100194811820984,1,1
6509,2.9126646518707275,0.058473389595746994,0,0
6510,2.9178426265716553,0.0257501732558012,1,1
6511,2.800475835800171,0.043118491768836975,1,1
6512,3.0974364280700684,0.0344969816505909,0,0
6513,3.270934581756592,0.07011916488409042,1,1
6514,2.5520849227905273,0.07431484013795853,1,1
6515,2.9762470722198486,0.02501831389963627,0,0
6516,3.1446354389190674,0.006743062287569046,0,0
6517,2.9789223670959473,8.003124821698293e-05,1,1
6518,3.5183322429656982,0.4108019471168518,0,0
6519,2.5605454444885254,0.29831263422966003,0,0
6520,2.6253998279571533,0.2336416095495224,0,0
6521,2.5990841388702393,0.08636380732059479,0,0
6522,3.261112689971924,0.37535515427589417,1,1
6523,3.039569616317749,0.3503619134426117,0,0
6524,2.8305459022521973,0.22369270026683807,0,0
6525,2.98346209526062,0.04237625375390053,0,0
6526,2.673826217651367,0.008811664767563343,1,1
6527,2.9798800945281982,0.03037635050714016,0,0
6528,3.18074631690979,0.04072393476963043,1,1
6529,3.2249999046325684,0.015744194388389587,0,0
6530,3.3609704971313477,0.5103093385696411,0,0
6531,3.7110695838928223,0.12248966842889786,0,0
6532,3.533125638961792,0.4083808362483978,1,1
6533,3.6094565391540527,0.1141587421298027,0,0
6534,3.5746002197265625,0.05536998435854912,1,1
6535,3.7717926502227783,0.18182343244552612,0,0
6536,3.825927495956421,0.029600931331515312,1,1
6537,3.6207594871520996,0.1362939327955246,0,0
6538,3.8273417949676514,0.06331143528223038,0,0
6539,3.8104946613311768,2.1235086933302227e-06,1,1
6540,3.3819854259490967,0.17085860669612885,0,0
6541,3.4840383529663086,0.6642323732376099,1,1
6542,3.565065383911133,0.1837378293275833,0,0
6543,3.7562484741210938,0.0936526358127594,1,1
6544,4.044872283935547,0.012400422245264053,0,0
6545,3.6645522117614746,0.015894705429673195,1,1
6546,3.7740466594696045,0.33806470036506653,1,1
6547,4.146139621734619,0.05753440782427788,1,1
6548,3.856454849243164,0.011312071233987808,0,0
6549,3.8561010360717773,0.02540753223001957,1,1
6550,4.465765953063965,0.012378938496112823,1,1
6551,3.9439258575439453,0.0014056661166250706,1,1
6552,3.4315576553344727,0.1181846633553505,0,0
6553,3.498234987258911,0.0330042690038681,0,0
6554,3.670341730117798,0.024523170664906502,1,1
6555,3.9520316123962402,0.004856180399656296,0,0
6556,3.7155706882476807,0.011150479316711426,1,1
6557,3.7340080738067627,1.6227364767473773e-06,0,0
6558,4.452235698699951,0.25121012330055237,1,1
6559,4.244074821472168,0.008424662053585052,1,1
6560,3.545579195022583,0.03582516312599182,1,1
6561,3.4320359230041504,0.005456033628433943,1,1
6562,3.524035692214966,0.03264060616493225,1,1
6563,3.367689847946167,0.05626373365521431,0,0
6564,3.5454137325286865,0.022487765178084373,1,1
6565,3.125253438949585,0.17871759831905365,0,0
6566,3.2779088020324707,0.09358177334070206,1,1
6567,3.457467794418335,0.00047442028881050646,1,1
6568,3.5684568881988525,0.5541478395462036,0,0
6569,3.46914005279541,0.060901712626218796,1,1
6570,4.061407566070557,0.12133727222681046,1,1
6571,3.6894147396087646,0.004986160434782505,1,1
6572,3.6322028636932373,0.0738682746887207,1,1
6573,3.6628730297088623,0.0698944553732872,1,1
6574,3.398817539215088,0.15746544301509857,1,1
6575,3.317384958267212,0.23897075653076172,0,0
6576,3.474993944168091,0.33158713579177856,1,1
6577,3.6332099437713623,0.06934445351362228,0,0
6578,3.265927791595459,0.19919848442077637,1,1
6579,3.31282114982605,0.19245974719524384,1,1
6580,3.5391125679016113,0.012393975630402565,0,0
6581,3.3921971321105957,0.0007161432295106351,0,0
6582,3.3987362384796143,0.0738682746887207,1,1
6583,3.371255874633789,0.1383322924375534,1,1
6584,3.430293083190918,0.015914177522063255,1,1
6585,3.664768695831299,0.004230774939060211,0,0
6586,3.974303722381592,0.014992929063737392,1,1
6587,3.4005534648895264,0.03718959912657738,0,0
6588,3.705446481704712,0.025598634034395218,1,1
6589,3.368589162826538,0.0016459837788715959,0,0
6590,3.58508563041687,0.11803872883319855,1,1
6591,2.749210834503174,0.002174472901970148,0,0
6592,3.169055700302124,0.05719694495201111,0,0
6593,3.157841444015503,0.28544580936431885,1,1
6594,3.1394577026367188,0.0008044504793360829,0,0
6595,3.592440605163574,5.7683235354488716e-05,1,1
6596,3.780078172683716,0.0030974193941801786,0,0
6597,3.1915817260742188,0.01395513117313385,1,1
6598,3.5168533325195312,5.14322891831398e-06,1,1
6599,3.0451982021331787,0.2180146723985672,0,0
6600,3.493729591369629,0.2528476417064667,1,1
6601,3.2606027126312256,0.0003505125641822815,1,1
6602,3.6384363174438477,0.008297592401504517,0,0
6603,3.2918777465820312,0.23727543652057648,0,0
6604,2.980266809463501,0.03452925384044647,1,1
6605,3.772073268890381,0.004011482931673527,1,1
6606,3.916918992996216,0.04494497925043106,0,0
6607,3.5972280502319336,0.01952977478504181,1,1
6608,3.480008363723755,0.526568591594696,1,1
6609,3.1342978477478027,0.20317211747169495,0,0
6610,3.195605993270874,0.34030160307884216,1,1
6611,2.5079383850097656,0.2067898064851761,0,0
6612,2.9420318603515625,0.12261128425598145,0,0
6613,2.6534810066223145,0.0639638751745224,1,1
6614,2.6682510375976562,5.238689482212067e-07,0,0
6615,2.6175360679626465,0.0007730127545073628,0,0
6616,2.56602144241333,0.11894229799509048,0,0
6617,2.7693638801574707,0.037892650812864304,1,1
6618,2.2007758617401123,0.007125549949705601,0,0
6619,2.3553860187530518,0.10640431940555573,0,0
6620,2.4557745456695557,0.04415871948003769,0,0
6621,2.7064831256866455,0.0492926724255085,0,0
6622,2.4723591804504395,0.002213346306234598,1,1
6623,2.7368905544281006,0.029352402314543724,0,0
6624,2.7262942790985107,0.010407160967588425,0,0
6625,2.6038098335266113,0.04404522478580475,0,0
6626,2.5712997913360596,0.0040457844734191895,0,0
6627,2.5940284729003906,0.3608585298061371,0,0
6628,2.4247355461120605,0.023476699367165565,0,0
6629,2.532743215560913,2.5355257093906403e-06,0,0
6630,2.509878396987915,0.013737103901803493,0,0
6631,2.371570587158203,0.0238269604742527,0,0
6632,2.721829891204834,0.005443210247904062,0,0
6633,2.6195764541625977,0.025592459365725517,0,0
6634,3.091662645339966,0.0996280312538147,0,0
6635,2.866523265838623,0.0038841520436108112,0,0
6636,2.482379913330078,0.005332705564796925,0,0
6637,2.9517061710357666,0.02790256217122078,1,1
6638,2.722614049911499,0.09938449412584305,0,0
6639,3.3796818256378174,0.09933582693338394,0,0
6640,3.1161906719207764,0.015962911769747734,1,1
6641,2.8739418983459473,0.004090101458132267,0,0
6642,3.801405191421509,0.0330042690038681,1,1
6643,4.005796909332275,0.00209599151276052,1,1
6644,3.866847276687622,0.001052051899023354,1,1
6645,3.2946841716766357,0.05891293287277222,1,1
6646,2.8893957138061523,0.07324012368917465,1,1
6647,3.121122360229492,0.002114588860422373,1,1
6648,3.309278964996338,0.008957204408943653,1,1
6649,3.0198278427124023,0.0004409789980854839,0,0
6650,3.4623186588287354,0.014802110381424427,0,0
6651,3.3930816650390625,0.1748305708169937,0,0
6652,3.517148733139038,0.4308715760707855,0,0
6653,3.511309862136841,0.17942818999290466,1,1
6654,3.4523022174835205,0.1680222898721695,0,0
6655,3.7025084495544434,0.1077875867486,0,0
6656,3.3147459030151367,0.21082918345928192,1,1
6657,3.624467611312866,0.284333199262619,1,1
6658,3.5090460777282715,1.1065043281632825e-06,1,1
6659,2.972691535949707,0.07909857481718063,0,0
6660,3.2932159900665283,0.05336291715502739,0,0
6661,3.420891761779785,0.3984999358654022,0,0
6662,3.5303454399108887,0.33351266384124756,0,0
6663,3.5445008277893066,0.18202100694179535,0,0
6664,3.433628797531128,0.354360431432724,1,1
6665,3.333496570587158,0.003897394984960556,0,0
6666,3.619182586669922,0.02954450622200966,0,0
6667,3.230602741241455,0.06495372205972672,0,0
6668,3.411881923675537,0.14694754779338837,0,0
6669,3.5244224071502686,0.47458505630493164,1,1
6670,3.336350917816162,0.0007140786619856954,0,0
6671,3.5431528091430664,0.009855476208031178,0,0
6672,3.6261141300201416,0.17544445395469666,0,0
6673,3.623767614364624,0.004860216286033392,0,0
6674,3.7518863677978516,0.0035419955383986235,0,0
6675,3.2356624603271484,0.3171003758907318,0,0
6676,3.6084213256835938,0.0990561917424202,1,1
6677,3.7970221042633057,0.12122301012277603,0,0
6678,3.4157087802886963,0.1688936948776245,0,0
6679,3.7131567001342773,0.30976343154907227,0,0
6680,3.6316704750061035,0.2425125688314438,1,1
6681,3.7849342823028564,0.0061179534532129765,1,1
6682,3.928037166595459,0.018334850668907166,1,1
6683,2.921278476715088,0.0012305774725973606,0,0
6684,2.9492244720458984,0.42716747522354126,0,0
6685,3.1340017318725586,0.31812283396720886,0,0
6686,2.6815855503082275,0.18400268256664276,0,0
6687,3.4248251914978027,0.9722756743431091,0,0
6688,3.6918675899505615,0.05078215152025223,0,0
6689,3.6933071613311768,0.134277805685997,1,1
6690,3.195369005203247,0.09922027587890625,0,0
6691,3.4084088802337646,0.014659213833510876,1,1
6692,3.4897851943969727,0.004773147404193878,0,0
6693,3.498979330062866,0.10581331700086594,0,0
6694,3.2694644927978516,0.06057349964976311,1,1
6695,3.4946351051330566,0.10905227810144424,0,0
6696,3.3453330993652344,0.1696242392063141,1,1
6697,3.295056104660034,0.04904016852378845,1,1
6698,3.9142675399780273,0.1445527821779251,1,1
6699,4.385334014892578,0.20876052975654602,1,1
6700,3.8930904865264893,0.050760407000780106,1,1
6701,4.091159820556641,0.04331911727786064,1,1
6702,3.6940534114837646,0.3207627832889557,1,1
6703,3.602108955383301,0.026313820853829384,0,0
6704,3.6364996433258057,0.032064322382211685,1,1
6705,3.870123863220215,0.0036999403964728117,1,1
6706,3.738560438156128,0.05310463532805443,1,1
6707,3.454099416732788,0.46189314126968384,0,0
6708,4.154783725738525,0.04476511478424072,1,1
6709,4.260498046875,0.0059054577723145485,1,1
6710,3.6144816875457764,0.047795820981264114,1,1
6711,3.9320554733276367,0.549159049987793,1,1
6712,3.520301580429077,0.1959812045097351,1,1
6713,3.7563655376434326,0.07944092899560928,1,1
6714,3.5161571502685547,0.10620293766260147,0,0
6715,4.0152411460876465,0.08222296833992004,1,1
6716,4.051626682281494,0.007138589862734079,1,1
6717,3.5568947792053223,0.0055433460511267185,1,1
6718,3.4418768882751465,0.0020660553127527237,1,1
6719,3.6648781299591064,0.3232818841934204,1,1
6720,3.8410754203796387,0.026975421234965324,0,0
6721,3.3054285049438477,0.06912099570035934,1,1
6722,3.347018003463745,0.004154540598392487,1,1
6723,3.833846092224121,0.11454381793737411,0,0
6724,3.466287612915039,0.060992248356342316,1,1
6725,3.758110523223877,0.004181955009698868,1,1
6726,3.3796141147613525,0.11456995457410812,0,0
6727,3.0265424251556396,0.0022736825048923492,0,0
6728,3.800199508666992,0.17156939208507538,1,1
6729,3.6462104320526123,0.11020258814096451,1,1
6730,3.538147211074829,0.0660751461982727,0,0
6731,3.351938486099243,0.0008253873675130308,1,1
6732,3.4171032905578613,0.007102758623659611,0,0
6733,3.0223896503448486,0.0014878817601129413,1,1
6734,3.024610757827759,0.055220212787389755,0,0
6735,3.201080083847046,0.01924223080277443,0,0
6736,3.575446128845215,0.015674041584134102,1,1
6737,3.4463741779327393,0.0013554678298532963,0,0
6738,3.429736852645874,0.002062547719106078,0,0
6739,3.1140689849853516,0.04122793674468994,0,0
6740,3.6463632583618164,0.03706315532326698,0,0
6741,3.3731634616851807,0.005065521690994501,0,0
6742,3.576336145401001,0.11418481916189194,0,0
6743,3.397554397583008,0.06679650396108627,1,1
6744,3.423375368118286,0.16520188748836517,0,0
6745,3.5535268783569336,0.6382068991661072,0,0
6746,3.4736077785491943,0.047749415040016174,0,0
6747,3.624084949493408,0.005124763119965792,1,1
6748,3.859135627746582,0.05330942943692207,0,0
6749,3.668344736099243,0.009811455383896828,1,1
6750,3.6137173175811768,0.11499499529600143,1,1
6751,3.6467936038970947,0.0168153066188097,1,1
6752,3.9370274543762207,0.03264757990837097,1,1
6753,3.5187742710113525,0.0029624998569488525,0,0
6754,3.301804304122925,0.00763282272964716,0,0
6755,3.291368007659912,0.0016766645712777972,0,0
6756,3.541611671447754,0.17358995974063873,0,0
6757,4.02441930770874,0.006160297431051731,1,1
6758,3.7093489170074463,0.02381802164018154,1,1
6759,2.888324499130249,0.28589972853660583,0,0
6760,2.6772379875183105,0.43167009949684143,0,0
6761,2.814408779144287,0.9595474600791931,1,1
6762,2.837528705596924,0.7774273753166199,1,1
6763,3.3795852661132812,0.0009211734868586063,1,1
6764,2.8402061462402344,3.420151915634051e-05,0,0
6765,3.1043577194213867,0.2439594566822052,1,1
6766,2.8415143489837646,0.003629834158346057,0,0
6767,3.8468801975250244,0.05323369428515434,1,1
6768,3.6241519451141357,0.021545598283410072,0,0
6769,3.0427660942077637,0.006275966763496399,0,0
6770,4.226667881011963,0.2942887544631958,1,1
6771,4.419606685638428,0.33583515882492065,1,1
6772,3.5597739219665527,0.0023835785686969757,1,1
6773,2.914293050765991,0.04023464769124985,0,0
6774,3.121192693710327,0.0004858389438595623,1,1
6775,3.4773805141448975,0.03400760516524315,1,1
6776,3.0066890716552734,0.01161584910005331,0,0
6777,2.793869972229004,0.3605571687221527,0,0
6778,3.119830846786499,0.0822063609957695,0,0
6779,3.3646278381347656,0.025339892134070396,1,1
6780,2.999415636062622,0.001281190779991448,1,1
6781,3.1235270500183105,0.00026568034081719816,0,0
6782,3.0162603855133057,0.16762694716453552,1,1
6783,3.431269645690918,0.08164287358522415,0,0
6784,3.3775722980499268,0.1042993888258934,1,1
6785,3.55106520652771,0.002041563857346773,1,1
6786,3.0922272205352783,0.06900940835475922,1,1
6787,3.2593677043914795,0.1211356669664383,0,0
6788,3.012680768966675,0.17142550647258759,0,0
6789,3.5981218814849854,0.866569995880127,1,1
6790,3.50514554977417,0.48329398036003113,1,1
6791,3.1941490173339844,0.7841811776161194,1,1
6792,3.6060965061187744,0.6894630789756775,1,1
6793,3.5133447647094727,0.3185475766658783,1,1
6794,2.9036176204681396,0.3647647798061371,0,0
6795,2.866580009460449,0.008904308080673218,1,1
6796,3.516495704650879,0.08398116379976273,0,0
6797,3.586200714111328,0.00024140812456607819,0,0
6798,3.108611822128296,0.0030984939076006413,1,1
6799,3.6711394786834717,0.10408756881952286,0,0
6800,3.6800007820129395,0.03654477000236511,1,1
6801,2.4021639823913574,0.15524454414844513,0,0
6802,3.006418466567993,3.362074707524698e-08,1,1
6803,3.075800895690918,0.1295253485441208,0,0
6804,3.543229341506958,0.11500807851552963,1,1
6805,3.8714306354522705,0.020543290302157402,1,1
6806,3.6791977882385254,0.004262218717485666,1,1
6807,3.9547617435455322,0.14478035271167755,1,1
6808,3.094947099685669,0.008858834393322468,1,1
6809,3.313819408416748,0.001489371177740395,1,1
6810,3.407844305038452,0.3711337447166443,0,0
6811,3.3050124645233154,0.06605034321546555,0,0
6812,3.6706793308258057,0.5646569728851318,0,0
6813,2.8544788360595703,0.1765294373035431,1,1
6814,3.375312566757202,0.22524726390838623,0,0
6815,3.2376930713653564,0.25882217288017273,1,1
6816,3.2899270057678223,0.4210336208343506,1,1
6817,3.1770102977752686,0.2469620704650879,1,1
6818,3.261611223220825,0.23496825993061066,1,1
6819,3.6127490997314453,0.013257262296974659,1,1
6820,3.312587261199951,0.04450414329767227,0,0
6821,3.245295286178589,0.017127089202404022,1,1
6822,3.358759880065918,0.07118111103773117,0,0
6823,3.3865599632263184,0.05068216472864151,1,1
6824,3.5997045040130615,0.05363970994949341,1,1
6825,3.343430280685425,0.05565192922949791,0,0
6826,3.894221544265747,0.10329204052686691,1,1
6827,3.1237545013427734,0.12134399265050888,1,1
6828,3.3202056884765625,0.025635704398155212,0,0
6829,2.981552839279175,0.11832404136657715,1,1
6830,2.9626212120056152,0.16142676770687103,1,1
6831,3.2146756649017334,0.06793868541717529,1,1
6832,3.200979709625244,0.012041967362165451,1,1
6833,3.1967430114746094,0.21806874871253967,1,1
6834,2.6959924697875977,0.018512999638915062,1,1
6835,2.9322566986083984,0.1376798003911972,0,0
6836,3.056755542755127,0.33759352564811707,0,0
6837,3.788663387298584,0.2486530989408493,1,1
6838,3.593093156814575,0.6105127930641174,0,0
6839,3.360536575317383,0.26661762595176697,1,1
6840,3.2294671535491943,0.3772376775741577,0,0
6841,3.266979455947876,0.10400664061307907,0,0
6842,3.5682225227355957,0.2120717316865921,1,1
6843,3.175295352935791,0.25729265809059143,1,1
6844,3.674999952316284,0.08577491343021393,1,1
6845,3.1263184547424316,0.052740540355443954,0,0
6846,3.317565441131592,0.006193669978529215,0,0
6847,3.4630372524261475,0.07088788598775864,1,1
6848,3.3100452423095703,0.0001151621327153407,1,1
6849,2.8420164585113525,0.06170455366373062,0,0
6850,2.8216311931610107,0.2437688410282135,0,0
6851,3.1295576095581055,0.008114012889564037,0,0
6852,3.818115234375,0.14231598377227783,1,1
6853,3.5785653591156006,0.37238118052482605,0,0
6854,3.3910393714904785,0.031644057482481,0,0
6855,3.3217735290527344,0.17097030580043793,0,0
6856,3.127497434616089,0.00041424119262956083,0,0
6857,3.4682259559631348,0.04987287148833275,0,0
6858,3.419520616531372,0.07046713680028915,0,0
6859,3.5233898162841797,0.1756870597600937,1,1
6860,3.0677571296691895,0.4803197979927063,1,1
6861,3.2556416988372803,0.31259509921073914,0,0
6862,3.171375274658203,0.7392431497573853,1,1
6863,3.0437912940979004,0.3717101216316223,0,0
6864,3.578160047531128,0.19242587685585022,0,0
6865,2.913088798522949,0.07223028689622879,0,0
6866,3.284254550933838,0.2318909615278244,0,0
6867,3.2421703338623047,0.5388950109481812,0,0
6868,2.8690619468688965,0.0021359436213970184,0,0
6869,2.5106770992279053,0.01520876307040453,1,1
6870,3.0514557361602783,0.006844879128038883,1,1
6871,2.9020979404449463,0.06443335115909576,0,0
6872,2.7015230655670166,0.3042345941066742,0,0
6873,3.286740779876709,0.005635697394609451,0,0
6874,2.591212749481201,0.1924004703760147,0,0
6875,3.1269190311431885,0.0045465463772416115,0,0
6876,3.537259578704834,0.005178791470825672,0,0
6877,3.3102505207061768,0.008465456776320934,1,1
6878,3.2442703247070312,0.034751977771520615,0,0
6879,4.065347671508789,0.12228035181760788,0,0
6880,3.3335063457489014,0.11309175938367844,1,1
6881,3.45269513130188,0.035540781915187836,0,0
6882,3.135497570037842,0.13262085616588593,0,0
6883,3.3381288051605225,0.0996280312538147,1,1
6884,3.466259479522705,0.24585068225860596,0,0
6885,3.578629732131958,0.07717790454626083,0,0
6886,2.985006332397461,0.09548071771860123,1,1
6887,3.3408663272857666,0.017636001110076904,0,0
6888,3.3874800205230713,0.024716993793845177,0,0
6889,3.7109265327453613,0.01925562135875225,1,1
6890,3.396655559539795,0.13173671066761017,1,1
6891,3.643512725830078,0.14574401080608368,1,1
6892,3.662533760070801,0.04653414711356163,0,0
6893,3.076256275177002,0.05478113889694214,0,0
6894,3.2292118072509766,0.00011745178926503286,1,1
6895,3.409898519515991,0.0001709931530058384,1,1
6896,3.603529214859009,0.0067557478323578835,0,0
6897,2.96862530708313,0.26725587248802185,0,0
6898,3.6804163455963135,0.0684124082326889,0,0
6899,3.2958428859710693,0.1705794781446457,1,1
6900,3.7139205932617188,0.5677649974822998,0,0
6901,3.5274221897125244,0.38095730543136597,1,1
6902,3.0804572105407715,0.31775280833244324,1,1
6903,3.208387613296509,0.2207629531621933,0,0
6904,3.356924057006836,0.011242383159697056,0,0
6905,3.64629864692688,0.048784054815769196,1,1
6906,3.6696550846099854,0.34351810812950134,0,0
6907,3.289863109588623,0.0004154205380473286,1,1
6908,3.573591947555542,0.13294439017772675,1,1
6909,3.687328577041626,0.2244236022233963,0,0
6910,3.410642147064209,0.13573871552944183,1,1
6911,3.27760910987854,0.004802528768777847,0,0
6912,2.9002442359924316,0.008164511062204838,0,0
6913,3.330336093902588,0.007710587233304977,1,1
6914,3.207782745361328,0.022274089977145195,0,0
6915,3.178302526473999,0.00043331171036697924,0,0
6916,3.5623748302459717,0.0063311331905424595,0,0
6917,3.6573362350463867,0.005293313413858414,0,0
6918,3.285687208175659,0.05098242312669754,0,0
6919,3.6108860969543457,0.09641336649656296,1,1
6920,3.6981804370880127,0.0009089127415791154,1,1
6921,3.921113967895508,0.14770320057868958,0,0
6922,2.9191999435424805,0.5585098266601562,0,0
6923,3.6451451778411865,0.08017703145742416,1,1
6924,3.787891387939453,0.28777071833610535,1,1
6925,3.6052112579345703,0.11810505390167236,0,0
6926,3.317823648452759,0.4212214946746826,0,0
6927,3.307783365249634,0.2066318541765213,1,1
6928,3.560746192932129,0.5946614146232605,1,1
6929,3.502119541168213,1.2407516241073608,0,0
6930,3.9019248485565186,0.7884771227836609,1,1
6931,3.5374865531921387,0.6041052341461182,0,0
6932,3.978793144226074,0.6090959906578064,1,1
6933,3.593932867050171,0.2822272777557373,0,0
6934,3.0783588886260986,0.3103330433368683,0,0
6935,3.9403016567230225,0.2542276978492737,0,0
6936,3.821979284286499,0.770601212978363,0,0
6937,4.0085577964782715,0.7720250487327576,0,0
6938,3.991664409637451,0.11616956442594528,1,1
6939,4.001101970672607,0.24286437034606934,1,1
6940,3.5998966693878174,0.2851056158542633,0,0
6941,3.645699977874756,0.4165869355201721,0,0
6942,3.7943434715270996,0.2366177886724472,1,1
6943,3.7750332355499268,0.03780253231525421,1,1
6944,3.855647325515747,0.1501537412405014,0,0
6945,4.201922416687012,0.014451970346271992,1,1
6946,3.7135655879974365,0.015880107879638672,0,0
6947,3.6275694370269775,0.0036135725677013397,1,1
6948,3.507598400115967,0.001649901270866394,0,0
6949,3.692258596420288,0.02556467615067959,1,1
6950,4.050485610961914,7.294351235032082e-05,0,0
6951,3.4820680618286133,0.2861268222332001,0,0
6952,3.610712766647339,0.11211376637220383,1,1
6953,3.7244551181793213,0.04673421382904053,1,1
6954,3.728302478790283,0.006120973266661167,0,0
6955,3.870870590209961,0.1209409236907959,0,0
6956,3.3216192722320557,0.5019881129264832,1,1
6957,2.9070656299591064,0.008490337990224361,0,0
6958,2.811384916305542,0.0014457479119300842,1,1
6959,3.2331762313842773,0.009982344694435596,1,1
6960,3.4066011905670166,0.2146214246749878,0,0
6961,2.5387837886810303,0.23693709075450897,0,0
6962,2.781244993209839,0.26855456829071045,1,1
6963,2.883211135864258,0.18764685094356537,1,1
6964,2.949688196182251,0.18935635685920715,0,0
6965,3.3492681980133057,0.2120450735092163,0,0
6966,2.8898749351501465,0.003703463589772582,0,0
6967,2.6905717849731445,0.11772065609693527,0,0
6968,3.5616471767425537,0.05564282089471817,0,0
6969,3.709775686264038,0.05951410531997681,1,1
6970,2.575739622116089,0.01275977399200201,0,0
6971,3.065404176712036,0.05597567558288574,1,1
6972,3.4996960163116455,0.027191413566470146,0,0
6973,3.4861607551574707,0.0014457479119300842,1,1
6974,3.4583253860473633,0.036870189011096954,1,1
6975,3.42824125289917,0.11479872465133667,0,0
6976,2.9687554836273193,0.19432707130908966,0,0
6977,3.2540109157562256,0.025868002325296402,1,1
6978,3.414891242980957,0.6120067238807678,1,1
6979,3.426406145095825,0.008771850727498531,1,1
6980,3.288224697113037,0.21687164902687073,0,0
6981,3.9091360569000244,0.02044106088578701,0,0
6982,3.3734660148620605,0.1031494140625,0,0
6983,3.650904893875122,0.0016389436786994338,1,1
6984,3.457909345626831,0.14684398472309113,0,0
6985,4.013051509857178,0.0597308985888958,0,0
6986,3.410900354385376,0.2524208128452301,1,1
6987,3.821082592010498,0.0025464631617069244,1,1
6988,3.33811092376709,0.060839809477329254,1,1
6989,3.2577779293060303,0.12903957068920135,1,1
6990,3.4805142879486084,0.04604414477944374,1,1
6991,3.2328531742095947,0.018019983544945717,0,0
6992,3.2686827182769775,0.007987592369318008,1,1
6993,3.333493709564209,0.26845455169677734,0,0
6994,3.0793042182922363,0.004152053035795689,1,1
6995,3.0016305446624756,0.09146825969219208,0,0
6996,3.9389445781707764,0.029498079791665077,1,1
6997,3.428492307662964,0.005720050074160099,0,0
6998,4.115938186645508,9.417906767339446e-06,1,1
6999,3.84256649017334,0.0003288165607955307,0,0
7000,3.687289237976074,0.09072260558605194,1,1
7001,3.0243098735809326,0.012413321994245052,0,0
7002,3.4913034439086914,0.10279637575149536,0,0
7003,3.893878221511841,0.0026150979101657867,0,0
7004,3.7577714920043945,0.12692669034004211,1,1
7005,3.3200199604034424,0.06444314867258072,0,0
7006,3.531606674194336,0.06985364109277725,1,1
7007,3.708744525909424,0.14386379718780518,0,0
7008,4.195137977600098,0.20195594429969788,1,1
7009,4.022465705871582,0.10054395347833633,0,0
7010,4.014479637145996,0.3862050473690033,0,0
7011,3.9743106365203857,0.008926177397370338,1,1
7012,3.73588490486145,0.16326206922531128,1,1
7013,3.749143600463867,0.005699631758034229,0,0
7014,3.8845720291137695,0.10635395348072052,1,1
7015,3.6330127716064453,0.17172132432460785,0,0
7016,3.1620914936065674,0.027886444702744484,1,1
7017,3.43839430809021,0.0021888972260057926,1,1
7018,3.0260682106018066,0.07984945178031921,0,0
7019,3.6539645195007324,0.0009089127415791154,1,1
7020,3.3111073970794678,0.032469965517520905,1,1
7021,3.4376273155212402,0.03188485652208328,1,1
7022,3.3239471912384033,0.11119794845581055,0,0
7023,4.016944885253906,0.13705743849277496,1,1
7024,2.983656644821167,0.2734780013561249,0,0
7025,3.5884597301483154,0.05216147378087044,0,0
7026,2.821716547012329,0.06527385860681534,0,0
7027,3.6473631858825684,0.025183439254760742,1,1
7028,3.43959903717041,0.04524828493595123,1,1
7029,4.089611530303955,0.007717368192970753,0,0
7030,3.7500100135803223,0.0008365148096345365,0,0
7031,3.6818559169769287,0.11682833731174469,1,1
7032,3.6455445289611816,0.07722079753875732,1,1
7033,3.3495993614196777,0.04515800625085831,1,1
7034,2.966531276702881,0.07010894268751144,0,0
7035,2.992680788040161,0.05236886069178581,1,1
7036,3.5568699836730957,0.0009891652734950185,0,0
7037,2.86126971244812,0.29301273822784424,0,0
7038,3.168599843978882,0.15269984304904938,0,0
7039,3.943620204925537,0.12919214367866516,1,1
7040,3.7995474338531494,0.25288650393486023,0,0
7041,3.790827512741089,0.10092375427484512,1,1
7042,3.6095337867736816,0.9199766516685486,1,1
7043,3.6801540851593018,0.026376474648714066,1,1
7044,3.451076030731201,0.012046203948557377,0,0
7045,3.2822399139404297,0.003648463636636734,1,1
7046,3.4738352298736572,0.06620421260595322,1,1
7047,3.3041276931762695,0.0036368146538734436,0,0
7048,3.319875478744507,0.00469083059579134,0,0
7049,4.239325523376465,0.014103728346526623,0,0
7050,4.601194858551025,0.2383955717086792,1,1
7051,3.493579626083374,0.0035431445576250553,0,0
7052,3.5038206577301025,0.09938449412584305,0,0
7053,2.8818838596343994,0.09225213527679443,1,1
7054,3.342851161956787,0.16759534180164337,0,0
7055,2.840071201324463,0.14146535098552704,1,1
7056,2.901897668838501,0.0020389482378959656,1,1
7057,2.6119210720062256,0.01966487430036068,0,0
7058,2.5874252319335938,0.010585125535726547,1,1
7059,3.145117998123169,0.00024050931097008288,1,1
7060,3.449355125427246,0.027651652693748474,1,1
7061,3.364439010620117,0.031541138887405396,0,0
7062,3.3429131507873535,0.09726625680923462,1,1
7063,2.9750924110412598,0.024047939106822014,0,0
7064,3.2559075355529785,0.0001735263504087925,0,0
7065,3.534926652908325,0.09651527553796768,1,1
7066,3.077871084213257,0.208637073636055,0,0
7067,2.6023099422454834,0.00041424119262956083,0,0
7068,3.5519018173217773,0.022481976076960564,0,0
7069,3.9261724948883057,0.011902584694325924,1,1
7070,3.813772439956665,0.396881103515625,1,1
7071,2.8708336353302,0.028466368094086647,1,1
7072,3.0510058403015137,0.00021886909962631762,1,1
7073,3.0958054065704346,0.0008365148096345365,0,0
7074,3.816575527191162,0.027658073231577873,1,1
7075,3.398282051086426,0.010557343252003193,0,0
7076,3.5846426486968994,0.12283442169427872,0,0
7077,3.396859884262085,0.235352024435997,0,0
7078,3.3091416358947754,0.024447664618492126,0,0
7079,3.5465688705444336,0.050751712173223495,1,1
7080,3.5479300022125244,0.001529865781776607,0,0
7081,3.5442471504211426,0.2350805550813675,0,0
7082,3.5409514904022217,0.01777983270585537,1,1
7083,3.41432523727417,0.05112197622656822,0,0
7084,3.539022207260132,0.008733930066227913,0,0
7085,3.427478313446045,0.02173583395779133,0,0
7086,3.4892380237579346,0.07338645309209824,0,0
7087,3.7185232639312744,0.012581621296703815,0,0
7088,3.6623127460479736,0.02071516588330269,1,1
7089,3.0977115631103516,0.10448648035526276,0,0
7090,3.814476728439331,0.0443129800260067,1,1
7091,3.5501136779785156,0.37768828868865967,1,1
7092,3.165947437286377,0.04611872136592865,0,0
7093,3.620100498199463,0.24243652820587158,1,1
7094,3.3453898429870605,0.006941025145351887,1,1
7095,2.7134883403778076,0.11863628774881363,0,0
7096,3.697479486465454,0.13586674630641937,1,1
7097,3.1698100566864014,0.0007079028873704374,1,1
7098,3.6020290851593018,0.11256661266088486,0,0
7099,3.6282572746276855,0.017592454329133034,1,1
7100,3.7040905952453613,0.0037305280566215515,1,1
7101,3.470911741256714,0.07456234097480774,0,0
7102,3.3110644817352295,0.18681170046329498,0,0
7103,3.7053966522216797,0.40395259857177734,0,0
7104,3.632158041000366,0.398414671421051,0,0
7105,3.6854045391082764,0.021288558840751648,0,0
7106,3.6329429149627686,0.029830506071448326,0,0
7107,3.17322039604187,0.20079533755779266,0,0
7108,2.8425161838531494,0.0009758555679582059,0,0
7109,2.555847644805908,0.14260739088058472,0,0
7110,3.756216287612915,0.32695767283439636,1,1
7111,3.7593276500701904,0.06303976476192474,0,0
7112,3.2492616176605225,0.01602393575012684,0,0
7113,3.2841954231262207,0.013750679790973663,1,1
7114,3.5349783897399902,3.469083594609401e-06,0,0
7115,3.398599624633789,0.0017801657086238265,0,0
7116,3.3410136699676514,0.009015753865242004,1,1
7117,3.4625773429870605,0.029590969905257225,0,0
7118,3.7087762355804443,0.20012128353118896,0,0
7119,3.4232919216156006,0.019330685958266258,0,0
7120,3.05938458442688,0.12905342876911163,0,0
7121,3.0625650882720947,0.39251580834388733,1,1
7122,2.715294599533081,0.003872132394462824,0,0
7123,2.583674907684326,0.07752145081758499,1,1
7124,2.946404218673706,0.1321994662284851,0,0
7125,3.0712389945983887,0.004645993001759052,1,1
7126,3.2514305114746094,0.02038315311074257,1,1
7127,2.941377878189087,0.1507301777601242,0,0
7128,3.2430520057678223,0.2534109055995941,0,0
7129,2.9516658782958984,0.04812128469347954,1,1
7130,3.0337753295898438,0.010501887649297714,0,0
7131,3.226187229156494,0.10378888994455338,1,1
7132,3.0070033073425293,0.0014187217457219958,1,1
7133,2.848694086074829,0.07364287972450256,0,0
7134,2.597346544265747,0.020040160045027733,1,1
7135,2.950666666030884,0.0011168763739988208,0,0
7136,2.5795528888702393,0.09676127880811691,1,1
7137,2.9529342651367188,0.0018508884822949767,1,1
7138,2.797179698944092,0.065476194024086,0,0
7139,3.4380812644958496,0.19517885148525238,1,1
7140,2.953270673751831,0.00611493457108736,0,0
7141,2.9595556259155273,0.07559360563755035,0,0
7142,2.8494555950164795,0.005227519664913416,1,1
7143,2.8365888595581055,0.01405334658920765,0,0
7144,3.2934296131134033,0.00031633759499527514,1,1
7145,3.1168689727783203,0.010852891020476818,0,0
7146,2.9550583362579346,5.280683035380207e-05,0,0
7147,2.4089202880859375,0.06504721939563751,1,1
7148,2.5506107807159424,2.606222369649913e-05,1,1
7149,3.0077004432678223,0.12108192592859268,0,0
7150,2.925457000732422,0.015168324112892151,0,0
7151,3.942262649536133,0.03065958060324192,1,1
7152,3.296971321105957,0.10483615845441818,0,0
7153,2.929748058319092,0.40120941400527954,0,0
7154,3.2763466835021973,0.019178027287125587,0,0
7155,3.1661441326141357,0.2244967520236969,1,1
7156,3.2678205966949463,0.15139782428741455,0,0
7157,3.5622804164886475,0.42381855845451355,1,1
7158,3.98867130279541,0.11290359497070312,0,0
7159,4.30715274810791,0.6940864324569702,1,1
7160,4.4053053855896,0.2253388613462448,1,1
7161,3.830381393432617,0.009194398298859596,0,0
7162,3.871739387512207,0.0702214166522026,1,1
7163,3.8146793842315674,0.27452874183654785,1,1
7164,4.280592918395996,0.026502011343836784,1,1
7165,3.3373117446899414,0.07906057685613632,0,0
7166,4.011180877685547,0.00977898109704256,1,1
7167,3.573206663131714,0.0009435684769414365,1,1
7168,3.128239154815674,0.07137176394462585,0,0
7169,3.245457887649536,0.1211356669664383,1,1
7170,3.3479528427124023,0.05505252629518509,0,0
7171,3.211679458618164,0.006078764796257019,0,0
7172,3.4487199783325195,0.0074268220923841,1,1
7173,4.006374359130859,0.09060636907815933,1,1
7174,3.970569610595703,0.001447950373403728,1,1
7175,3.9838058948516846,0.14079104363918304,0,0
7176,3.5038771629333496,0.061829276382923126,1,1
7177,3.2669169902801514,0.04709374159574509,0,0
7178,3.6405844688415527,0.050469476729631424,1,1
7179,3.2208662033081055,0.40196776390075684,1,1
7180,3.525656223297119,0.18304352462291718,0,0
7181,3.2036972045898438,1.6539382934570312,0,0
7182,3.299941301345825,0.38616904616355896,0,0
7183,3.4451019763946533,0.11883582174777985,1,1
7184,3.673403739929199,0.10707904398441315,1,1
7185,4.230262756347656,0.023856762796640396,1,1
7186,4.346651077270508,0.17106609046459198,1,1
7187,4.245776176452637,0.1072622761130333,1,1
7188,3.38132905960083,0.24961648881435394,0,0
7189,3.9642043113708496,0.11984262615442276,0,0
7190,3.1135447025299072,0.0379001647233963,0,0
7191,3.2801482677459717,6.776386726414785e-05,1,1
7192,2.6450302600860596,0.7821998000144958,1,1
7193,3.0616490840911865,0.39064374566078186,1,1
7194,2.9491629600524902,0.3987314701080322,1,1
7195,3.0729870796203613,0.3123793303966522,0,0
7196,2.9661622047424316,0.13621556758880615,0,0
7197,3.308514356613159,0.252149373292923,1,1
7198,3.5222816467285156,0.2799657881259918,1,1
7199,3.8825457096099854,0.003716395003721118,0,0
7200,3.5859198570251465,0.12511099874973297,1,1
7201,3.877795696258545,1.4238153198675718e-05,1,1
7202,4.009395122528076,0.011176991276443005,1,1
7203,2.935713291168213,0.01566196046769619,0,0
7204,2.25393009185791,0.3906558156013489,1,1
7205,2.6284613609313965,0.7371039390563965,0,0
7206,3.6514759063720703,0.029703963547945023,1,1
7207,3.5329182147979736,0.4008793830871582,0,0
7208,3.417567729949951,0.014451970346271992,1,1
7209,3.196544647216797,0.06383214145898819,1,1
7210,3.450680732727051,0.010808699764311314,0,0
7211,3.228431224822998,0.007451793644577265,1,1
7212,3.311081647872925,0.029867185279726982,1,1
7213,3.1471312046051025,0.11980922520160675,0,0
7214,2.8723928928375244,0.015113701112568378,0,0
7215,3.3198251724243164,0.10916703939437866,0,0
7216,3.2610816955566406,0.02414381317794323,0,0
7217,3.69795298576355,0.05723388120532036,1,1
7218,3.2697784900665283,0.005284891463816166,1,1
7219,3.8463432788848877,0.02358328364789486,1,1
7220,3.8700315952301025,0.05699402093887329,1,1
7221,3.6160004138946533,0.10679501295089722,1,1
7222,3.657902717590332,0.026760289445519447,1,1
7223,3.347294330596924,1.3411045607369942e-08,0,0
7224,3.6965107917785645,0.04490816220641136,1,1
7225,3.570420980453491,0.019395142793655396,0,0
7226,3.6544461250305176,0.0068816556595265865,0,0
7227,3.5337493419647217,0.0014878817601129413,0,0
7228,3.4585254192352295,0.14242522418498993,1,1
7229,3.506553888320923,0.05762704089283943,1,1
7230,3.8072004318237305,0.16133372485637665,1,1
7231,3.5376174449920654,0.04520723968744278,0,0
7232,3.4047493934631348,0.0027328624855726957,1,1
7233,3.336404323577881,0.001231931964866817,0,0
7234,3.6296913623809814,0.3163074553012848,0,0
7235,3.944183826446533,0.01348490733653307,1,1
7236,3.4877383708953857,0.04355242848396301,0,0
7237,3.709538459777832,0.01043474581092596,1,1
7238,3.7974557876586914,0.0007864866638556123,0,0
7239,3.070195198059082,0.025229407474398613,1,1
7240,4.119421482086182,0.03823154792189598,0,0
7241,3.2483208179473877,0.11287765949964523,0,0
7242,3.9140701293945312,0.08238908648490906,1,1
7243,3.7584152221679688,0.007724151946604252,1,1
7244,4.297291278839111,0.018562927842140198,1,1
7245,3.8009421825408936,0.01937364600598812,0,0
7246,3.2235074043273926,0.00410616397857666,0,0
7247,3.6299898624420166,0.024041952565312386,1,1
7248,4.0735955238342285,0.009408462792634964,1,1
7249,3.4663119316101074,0.008818913251161575,1,1
7250,3.1922473907470703,0.037585195153951645,1,1
7251,3.041623830795288,0.14259281754493713,0,0
7252,3.8043901920318604,0.21413885056972504,1,1
7253,3.6174869537353516,0.15308474004268646,0,0
7254,3.4243171215057373,0.09604215621948242,1,1
7255,3.368734836578369,0.0013711460633203387,0,0
7256,3.480644941329956,0.0029593489598482847,1,1
7257,3.2760870456695557,0.3056628406047821,1,1
7258,3.2281036376953125,0.031056268140673637,1,1
7259,3.252676248550415,0.057330887764692307,0,0
7260,3.4966936111450195,0.014458931982517242,1,1
7261,2.9860501289367676,0.1054244190454483,1,1
7262,3.259211540222168,6.0352031141519547e-05,1,1
7263,3.298053026199341,0.06172853335738182,0,0
7264,2.2909977436065674,0.0003323257842566818,1,1
7265,3.080129861831665,0.001253705588169396,1,1
7266,3.478731393814087,0.13531239330768585,1,1
7267,3.307399272918701,0.013547738082706928,0,0
7268,3.5693717002868652,0.003716395003721118,1,1
7269,3.8923115730285645,0.21050141751766205,1,1
7270,3.203505277633667,0.005768323317170143,0,0
7271,3.3978686332702637,0.03362428769469261,1,1
7272,3.8205559253692627,0.016968324780464172,0,0
7273,3.7854840755462646,0.0006041684537194669,1,1
7274,4.15695858001709,0.06490454077720642,1,1
7275,3.5493524074554443,0.049168478697538376,0,0
7276,3.486802339553833,1.0702852705435362e-05,1,1
7277,3.0047824382781982,0.022836429998278618,0,0
7278,2.5975377559661865,0.48618313670158386,0,0
7279,3.4762911796569824,0.16461403667926788,1,1
7280,3.1665961742401123,0.5409088134765625,1,1
7281,3.6094160079956055,0.03534456714987755,1,1
7282,3.6306722164154053,0.0008950009942054749,1,1
7283,3.8581836223602295,0.009604173712432384,0,0
7284,3.9446895122528076,0.07070301473140717,0,0
7285,3.7197532653808594,0.015280254185199738,1,1
7286,3.5157010555267334,0.01147482544183731,1,1
7287,3.556760787963867,0.07208511978387833,0,0
7288,3.458148241043091,0.03324313461780548,1,1
7289,3.804865837097168,0.008126188069581985,1,1
7290,3.5777673721313477,0.024896347895264626,0,0
7291,3.461455821990967,0.046943072229623795,0,0
7292,3.5384416580200195,0.01675529219210148,1,1
7293,3.553495168685913,0.03671099618077278,1,1
7294,3.6586573123931885,0.014039620757102966,0,0
7295,3.0313141345977783,0.004712005145847797,0,0
7296,3.20735764503479,0.010525636374950409,1,1
7297,3.7717995643615723,0.0019698217511177063,0,0
7298,3.6324610710144043,0.0019595555495470762,0,0
7299,3.2214980125427246,0.3094090521335602,1,1
7300,3.1400511264801025,0.46239176392555237,0,0
7301,3.3368043899536133,0.04158533737063408,0,0
7302,3.462419271469116,0.062165677547454834,1,1
7303,3.144401788711548,0.040416814386844635,0,0
7304,3.1048362255096436,0.0005806804983876646,1,1
7305,3.148369073867798,0.03796030953526497,0,0
7306,3.2102572917938232,0.07162981480360031,0,0
7307,3.507423162460327,0.18819908797740936,1,1
7308,3.442420482635498,0.005720050074160099,0,0
7309,3.724778413772583,0.15093256533145905,1,1
7310,3.2965474128723145,0.008070606738328934,1,1
7311,3.8090174198150635,0.03509101644158363,1,1
7312,3.716111421585083,0.027302920818328857,1,1
7313,3.952287435531616,0.0005116999382153153,1,1
7314,3.929497480392456,0.038065679371356964,1,1
7315,3.375681161880493,0.07581133395433426,0,0
7316,3.137586832046509,1.682201400399208e-05,1,1
7317,3.483159303665161,0.02254568785429001,0,0
7318,3.3957533836364746,0.4736414849758148,0,0
7319,3.2750437259674072,0.06067805364727974,0,0
7320,3.243668794631958,0.07871363312005997,1,1
7321,3.462127208709717,0.1931886225938797,1,1
7322,3.1069085597991943,0.15177355706691742,1,1
7323,3.7045841217041016,0.027392292395234108,1,1
7324,3.3383913040161133,0.0008465931750833988,1,1
7325,3.35343074798584,0.02721051312983036,1,1
7326,3.633291721343994,0.11123013496398926,0,0
7327,3.361698627471924,0.007552097085863352,1,1
7328,3.7289724349975586,0.020267581567168236,1,1
7329,3.4842171669006348,0.010764598846435547,0,0
7330,3.4120585918426514,0.09523039311170578,0,0
7331,3.6579248905181885,0.0014013276668265462,1,1
7332,3.2347617149353027,0.0015163072384893894,0,0
7333,3.4393203258514404,0.006921742111444473,1,1
7334,3.5663182735443115,0.0953078418970108,0,0
7335,3.3844714164733887,0.004606609232723713,1,1
7336,3.4832961559295654,0.09122325479984283,0,0
7337,3.5357465744018555,0.038080740720033646,1,1
7338,3.1508820056915283,0.5509770512580872,0,0
7339,3.218628406524658,0.0024366402067244053,1,1
7340,2.858170509338379,0.20881342887878418,0,0
7341,3.0902090072631836,0.02941526286303997,0,0
7342,3.2557220458984375,0.06907026469707489,0,0
7343,3.2054083347320557,0.3518715798854828,0,0
7344,3.744378089904785,0.036759089678525925,1,1
7345,3.6210265159606934,0.17808987200260162,0,0
7346,4.078302383422852,0.0013384671183302999,1,1
7347,3.6774539947509766,0.03926876559853554,0,0
7348,3.298694372177124,0.20469744503498077,1,1
7349,4.059245586395264,0.0829106792807579,1,1
7350,3.6441404819488525,0.10954999923706055,1,1
7351,3.901958703994751,0.014517012052237988,1,1
7352,3.4834539890289307,0.0030952715314924717,0,0
7353,4.357705116271973,4.369998350739479e-05,0,0
7354,3.556731939315796,0.01624950021505356,1,1
7355,3.733466148376465,0.00436107162386179,1,1
7356,3.9631550312042236,0.16222648322582245,1,1
7357,3.697866201400757,0.010269787162542343,1,1
7358,3.7460029125213623,0.1391734629869461,0,0
7359,3.6916916370391846,0.2142549753189087,1,1
7360,3.6026477813720703,0.035185083746910095,0,0
7361,3.678522825241089,0.07854586094617844,1,1
7362,3.601637125015259,0.024939002469182014,1,1
7363,3.578125476837158,0.016760287806391716,1,1
7364,3.812113046646118,0.001798944897018373,1,1
7365,3.8294548988342285,0.008509911596775055,1,1
7366,4.0020527839660645,0.0022865855135023594,1,1
7367,3.691450834274292,0.05816110596060753,1,1
7368,3.932748317718506,0.053144671022892,1,1
7369,3.7525858879089355,0.037052009254693985,1,1
7370,3.6447219848632812,0.002789658261463046,1,1
7371,3.5649783611297607,0.22559550404548645,0,0
7372,3.807201623916626,0.00691371550783515,0,0
7373,3.622743606567383,0.0024960681330412626,0,0
7374,3.7663161754608154,0.001755010336637497,1,1
7375,3.603588342666626,0.03378728777170181,0,0
7376,3.6167211532592773,0.007843350060284138,0,0
7377,3.6455819606781006,0.3432692587375641,0,0
7378,3.6797006130218506,0.003919114358723164,0,0
7379,3.786665916442871,0.2420375645160675,0,0
7380,2.8382627964019775,0.11350103467702866,0,0
7381,2.8709917068481445,0.0234205424785614,0,0
7382,2.548351526260376,0.036981455981731415,1,1
7383,3.2773277759552,0.0021386207081377506,1,1
7384,2.9647111892700195,0.0003454718680586666,1,1
7385,2.992605209350586,0.04789292439818382,0,0
7386,3.115868091583252,0.016437027603387833,0,0
7387,2.555805206298828,0.3747877776622772,0,0
7388,3.310487985610962,0.028063997626304626,1,1
7389,3.404494524002075,7.130438461899757e-05,1,1
7390,2.8635733127593994,0.853253960609436,0,0
7391,3.168557643890381,5.058655733591877e-05,1,1
7392,3.064220905303955,0.13038812577724457,0,0
7393,2.995246171951294,0.1962461769580841,1,1
7394,3.1575076580047607,0.10821890830993652,0,0
7395,2.9251251220703125,0.07563075423240662,0,0
7396,2.991225004196167,0.1457735002040863,1,1
7397,2.943434953689575,0.004315306432545185,1,1
7398,2.898296356201172,0.030077699571847916,0,0
7399,2.866248369216919,0.014626516960561275,1,1
7400,3.3042240142822266,0.05508875846862793,1,1
7401,3.100888967514038,0.09136321395635605,1,1
7402,3.0735485553741455,0.28706708550453186,0,0
7403,3.1180484294891357,1.481338381767273,0,0
7404,2.733139753341675,0.00010523656237637624,1,1
7405,3.5561695098876953,0.3250511586666107,0,0
7406,3.474816083908081,0.06277834624052048,1,1
7407,3.2960569858551025,0.0325918048620224,1,1
7408,3.203998565673828,0.029312733560800552,0,0
7409,3.627568244934082,0.09129904955625534,1,1
7410,3.335606575012207,0.25319716334342957,0,0
7411,3.641753911972046,0.0956059992313385,1,1
7412,3.2411201000213623,0.11835724115371704,0,0
7413,3.6374194622039795,0.031685274094343185,0,0
7414,2.2476916313171387,0.2342577427625656,1,1
7415,2.3092966079711914,0.03182629123330116,1,1
7416,3.507706642150879,0.10743935406208038,0,0
7417,3.482285737991333,0.004845426417887211,0,0
7418,3.280867338180542,0.13290920853614807,0,0
7419,3.6338107585906982,0.03226509317755699,0,0
7420,3.026801586151123,0.28350016474723816,0,0
7421,3.616264820098877,0.08253318816423416,0,0
7422,3.2010674476623535,0.06085885316133499,0,0
7423,3.334226608276367,0.011028528213500977,0,0
7424,3.0705697536468506,0.002419520867988467,1,1
7425,3.477182388305664,0.03636787831783295,1,1
7426,3.2900607585906982,0.00038341069011949003,0,0
7427,3.288348913192749,0.4237808287143707,1,1
7428,3.5478057861328125,0.08677836507558823,0,0
7429,3.5602076053619385,0.00023633698583580554,0,0
7430,3.5547425746917725,0.0289306640625,0,0
7431,3.6362075805664062,0.0005382314557209611,1,1
7432,3.377838611602783,0.14153069257736206,0,0
7433,3.47145938873291,5.812384529235715e-07,1,1
7434,3.9202070236206055,0.09007265418767929,0,0
7435,4.335729598999023,0.07619976997375488,0,0
7436,2.6820342540740967,0.31383731961250305,0,0
7437,3.193516731262207,0.6659480929374695,0,0
7438,3.7251322269439697,0.26414185762405396,1,1
7439,3.6232242584228516,0.24103207886219025,1,1
7440,3.1939332485198975,0.1984669417142868,0,0
7441,3.3366281986236572,0.11499499529600143,1,1
7442,3.3575973510742188,0.0213787704706192,0,0
7443,3.2492520809173584,0.04889495298266411,1,1
7444,3.3105413913726807,0.21860085427761078,1,1
7445,3.1880061626434326,0.031383659690618515,0,0
7446,3.2926480770111084,0.06586198508739471,1,1
7447,2.715507984161377,0.0060697393491864204,0,0
7448,3.5443501472473145,0.1198159009218216,0,0
7449,3.264904260635376,0.0008612574310973287,0,0
7450,2.968162775039673,7.661515701329336e-05,1,1
7451,3.5500729084014893,0.04482639208436012,1,1
7452,3.317253589630127,0.13031844794750214,0,0
7453,3.331010580062866,0.5270729064941406,0,0
7454,3.693741798400879,0.02996733784675598,0,0
7455,3.5698955059051514,0.08385815471410751,1,1
7456,3.4011318683624268,0.03778752312064171,0,0
7457,3.456932783126831,0.25167468190193176,0,0
7458,3.320110559463501,0.012357473373413086,0,0
7459,3.638195276260376,0.003229856491088867,1,1
7460,3.422823190689087,0.056593846529722214,0,0
7461,2.976963758468628,1.4238153198675718e-05,0,0
7462,2.6786108016967773,0.5155621767044067,1,1
7463,3.984196901321411,0.015368658117949963,0,0
7464,3.4392850399017334,0.1550544947385788,1,1
7465,3.382323741912842,0.23954665660858154,0,0
7466,3.4342026710510254,0.055715691298246384,1,1
7467,3.9070229530334473,0.5403837561607361,1,1
7468,2.2481513023376465,0.39859744906425476,0,0
7469,2.902411460876465,0.1721615046262741,1,1
7470,3.382425308227539,0.19071941077709198,1,1
7471,3.417365550994873,0.08528947085142136,0,0
7472,3.1006765365600586,0.32153937220573425,0,0
7473,3.5484068393707275,0.3568810820579529,0,0
7474,3.4493966102600098,0.1499294489622116,0,0
7475,3.7110769748687744,0.4414897561073303,0,0
7476,3.7049567699432373,0.4987523555755615,1,1
7477,3.497871160507202,0.3598621189594269,0,0
7478,3.297210216522217,0.2301746904850006,1,1
7479,3.3153319358825684,0.05776612088084221,0,0
7480,3.6169698238372803,0.09283929318189621,0,0
7481,3.6599512100219727,0.11402183771133423,0,0
7482,3.2753138542175293,0.2604547441005707,0,0
7483,3.4167208671569824,0.08173665404319763,1,1
7484,3.667325973510742,0.1848149299621582,1,1
7485,3.8874270915985107,0.01639251597225666,0,0
7486,3.087110996246338,0.22839097678661346,1,1
7487,3.7225501537323,0.20861946046352386,0,0
7488,3.420307159423828,0.06391018629074097,1,1
7489,3.574371576309204,0.0038242400623857975,1,1
7490,3.572509765625,0.001883414457552135,1,1
7491,4.070095062255859,0.10079503059387207,0,0
7492,3.6016674041748047,0.029421884566545486,1,1
7493,3.34086012840271,0.06809976696968079,1,1
7494,3.4048826694488525,0.0007202812703326344,0,0
7495,3.5340476036071777,0.018855972215533257,1,1
7496,4.139924049377441,0.06574315577745438,1,1
7497,3.8333404064178467,0.00039253468276001513,0,0
7498,2.3515641689300537,0.18341530859470367,0,0
7499,3.578536033630371,0.1356676071882248,0,0
7500,4.055114269256592,0.010816727764904499,1,1
7501,3.362487554550171,0.256441593170166,1,1
7502,3.5211939811706543,0.09567166119813919,1,1
7503,3.5865232944488525,0.11580145359039307,0,0
7504,3.1572296619415283,0.020526695996522903,1,1
7505,3.4779534339904785,6.634146120632067e-05,0,0
7506,3.4882652759552,0.0197353083640337,1,1
7507,3.083453893661499,0.05605333670973778,1,1
7508,3.630444288253784,0.00677162129431963,0,0
7509,3.969858407974243,0.11565043777227402,0,0
7510,3.556157350540161,0.07864325493574142,0,0
7511,3.3122596740722656,0.07149041444063187,0,0
7512,3.604750633239746,0.039368271827697754,0,0
7513,4.121410369873047,0.22387531399726868,1,1
7514,3.6608986854553223,0.01857081800699234,1,1
7515,3.9001455307006836,0.08431709557771683,0,0
7516,4.17543363571167,0.1731559783220291,1,1
7517,3.39754581451416,0.06036467105150223,0,0
7518,3.932025194168091,0.16921906173229218,1,1
7519,4.131725788116455,0.404529333114624,1,1
7520,4.24068546295166,0.015328009612858295,1,1
7521,3.8788559436798096,0.11213316023349762,0,0
7522,3.662224054336548,0.06993528455495834,1,1
7523,3.9635226726531982,0.0026636854745447636,0,0
7524,2.8274495601654053,0.2448277473449707,1,1
7525,3.4080419540405273,0.1607682853937149,0,0
7526,3.5604281425476074,0.7284464240074158,1,1
7527,3.470884084701538,0.34501296281814575,0,0
7528,3.370593309402466,6.634146120632067e-05,1,1
7529,3.0539209842681885,0.004899316467344761,0,0
7530,3.375023365020752,0.10342855751514435,0,0
7531,2.312751054763794,0.036981455981731415,0,0
7532,2.4071829319000244,0.08801083266735077,0,0
7533,3.299156427383423,0.02827456034719944,0,0
7534,3.538217544555664,0.003773088101297617,0,0
7535,3.6638989448547363,0.24514301121234894,0,0
7536,3.5513811111450195,1.7622951418161392e-05,1,1
7537,3.3504035472869873,0.011189237236976624,1,1
7538,3.1121716499328613,0.046984899789094925,1,1
7539,3.3172242641448975,2.337628939130809e-05,1,1
7540,3.669947385787964,0.19765092432498932,1,1
7541,3.155193567276001,0.007778529077768326,1,1
7542,3.741222620010376,0.1542195975780487,1,1
7543,3.5569474697113037,0.011906796135008335,1,1
7544,3.3000330924987793,0.4626411497592926,0,0
7545,3.8073668479919434,0.2504947781562805,1,1
7546,3.204569101333618,0.02569754794239998,0,0
7547,3.419700860977173,0.11926203221082687,0,0
7548,3.1265294551849365,0.31037604808807373,1,1
7549,3.790557384490967,0.0022224360145628452,0,0
7550,3.400033712387085,0.020656870678067207,0,0
7551,3.5213093757629395,0.03901292383670807,1,1
7552,3.782578945159912,0.070027194917202,0,0
7553,3.878420352935791,0.13972845673561096,0,0
7554,3.6270992755889893,0.004991613328456879,1,1
7555,3.4112088680267334,0.029207084327936172,1,1
7556,3.5857784748077393,0.036213453859090805,1,1
7557,3.6297719478607178,0.1133970245718956,0,0
7558,3.33183217048645,0.004310236312448978,0,0
7559,3.413522481918335,0.016038598492741585,1,1
7560,3.3447999954223633,0.005477439612150192,1,1
7561,3.0645179748535156,0.045532017946243286,1,1
7562,3.076112985610962,0.009706586599349976,0,0
7563,3.4511032104492188,0.01471769530326128,1,1
7564,3.5103917121887207,0.009222179651260376,1,1
7565,3.5299439430236816,0.09107174724340439,1,1
7566,3.3378305435180664,0.0163875725120306,0,0
7567,3.202704906463623,0.021277297288179398,0,0
7568,3.212265729904175,0.0012359999818727374,0,0
7569,2.954882860183716,0.10920530557632446,0,0
7570,3.4947574138641357,7.729241769993678e-05,1,1
7571,3.536864995956421,0.032965708523988724,1,1
7572,3.076679229736328,0.11672940105199814,1,1
7573,3.440107822418213,0.15127769112586975,0,0
7574,4.012106418609619,0.00035631805076263845,0,0
7575,3.3891258239746094,0.0019809738732874393,0,0
7576,3.419431686401367,0.0014296475565060973,0,0
7577,3.2702672481536865,0.018162768334150314,0,0
7578,3.7247419357299805,0.058091308921575546,1,1
7579,3.4725229740142822,0.007315796799957752,1,1
7580,3.0841760635375977,0.08788490295410156,0,0
7581,3.3079428672790527,0.3258219063282013,0,0
7582,3.835806369781494,0.17127370834350586,1,1
7583,3.1410915851593018,0.22879700362682343,0,0
7584,3.5429482460021973,0.20563288033008575,1,1
7585,3.41155743598938,0.009513595141470432,0,0
7586,3.5014805793762207,0.021187299862504005,1,1
7587,3.717024803161621,0.02202705107629299,0,0
7588,3.6890482902526855,0.07842689007520676,0,0
7589,2.808081865310669,0.14791838824748993,1,1
7590,3.039854049682617,0.04012631997466087,0,0
7591,3.5154154300689697,0.3821495473384857,0,0
7592,3.1080217361450195,0.0009698354988358915,1,1
7593,3.185579538345337,0.13589520752429962,1,1
7594,3.304715871810913,0.028401276096701622,1,1
7595,3.599316120147705,1.2558034658432007,0,0
7596,3.622530221939087,0.00839634146541357,1,1
7597,3.2170071601867676,0.057858940213918686,1,1
7598,3.3124001026153564,0.016985928639769554,1,1
7599,3.6015639305114746,0.13898631930351257,1,1
7600,3.5099101066589355,0.018610293045639992,1,1
7601,3.3061106204986572,0.009706586599349976,0,0
7602,3.017563819885254,0.07025210559368134,1,1
7603,3.4912497997283936,0.017056437209248543,1,1
7604,3.3033642768859863,0.02105826325714588,0,0
7605,2.781193971633911,0.017248548567295074,0,0
7606,2.695275068283081,0.00131596636492759,0,0
7607,2.756143093109131,0.016940681263804436,0,0
7608,3.1734001636505127,0.006099850870668888,1,1
7609,3.817723274230957,0.026653045788407326,0,0
7610,3.6148171424865723,0.25361496210098267,1,1
7611,3.8433592319488525,0.23375356197357178,1,1
7612,3.326871633529663,0.04160108417272568,1,1
7613,3.8262698650360107,0.411544531583786,1,1
7614,3.1280715465545654,0.34760260581970215,1,1
7615,3.223706007003784,0.1086701899766922,0,0
7616,2.858405113220215,3.0849130325805163e-06,1,1
7617,3.0114095211029053,0.11399576812982559,0,0
7618,3.329026222229004,0.011388152837753296,1,1
7619,3.5359175205230713,0.01694570481777191,1,1
7620,3.961003065109253,0.11052960157394409,1,1
7621,4.047393798828125,0.0973866879940033,1,1
7622,3.634531259536743,0.11145555227994919,0,0
7623,3.458500862121582,0.06373953074216843,1,1
7624,3.9961130619049072,0.30210912227630615,1,1
7625,3.2561919689178467,0.07257825136184692,0,0
7626,3.0685534477233887,0.1238783746957779,0,0
7627,3.1196818351745605,0.017457036301493645,1,1
7628,3.182347059249878,0.10012821108102798,0,0
7629,3.409219980239868,0.02862289361655712,1,1
7630,3.5209951400756836,0.043596744537353516,0,0
7631,3.192378282546997,0.005101300776004791,0,0
7632,3.29754900932312,0.188701793551445,1,1
7633,3.250591993331909,0.002140406286343932,1,1
7634,3.3986904621124268,0.035744842141866684,0,0
7635,3.62174129486084,0.0044778320007026196,1,1
7636,3.4255285263061523,0.007518588099628687,0,0
7637,3.7683944702148438,0.053029049187898636,1,1
7638,3.814419746398926,0.059872496873140335,0,0
7639,3.2007763385772705,0.07801663875579834,0,0
7640,3.3926520347595215,0.31351301074028015,0,0
7641,3.010746717453003,0.1451772004365921,0,0
7642,3.010871410369873,0.013642256148159504,0,0
7643,3.4125003814697266,0.036246515810489655,1,1
7644,3.7347805500030518,0.025238603353500366,1,1
7645,3.364187002182007,0.032888658344745636,0,0
7646,3.458937883377075,0.16562578082084656,0,0
7647,3.4744279384613037,0.09250438213348389,1,1
7648,4.014871120452881,0.015727248042821884,0,0
7649,3.175807476043701,0.19882825016975403,0,0
7650,3.376415252685547,0.001635819673538208,1,1
7651,3.577186107635498,0.33912041783332825,1,1
7652,3.2625484466552734,0.0011631433153524995,0,0
7653,2.8862993717193604,0.10653027147054672,0,0
7654,3.747197389602661,0.029411954805254936,1,1
7655,3.6994099617004395,6.050206866348162e-05,0,0
7656,4.278384208679199,0.11519143730401993,1,1
7657,3.7963345050811768,0.019336052238941193,1,1
7658,3.337994337081909,0.007272937335073948,0,0
7659,3.6184799671173096,0.02645803987979889,0,0
7660,3.4124560356140137,0.19439515471458435,1,1
7661,3.5356087684631348,0.006343425251543522,0,0
7662,3.9324960708618164,0.13222052156925201,1,1
7663,3.9680612087249756,0.005875830538570881,1,1
7664,3.5199339389801025,0.030064312741160393,0,0
7665,3.2595126628875732,0.1870119720697403,0,0
7666,3.7211802005767822,0.024808108806610107,1,1
7667,3.2444159984588623,0.0003625386452767998,1,1
7668,3.6885018348693848,0.0007359051378443837,0,0
7669,3.3074569702148438,7.000649202382192e-05,1,1
7670,3.613457202911377,0.07519612461328506,1,1
7671,3.11466646194458,0.027513815090060234,0,0
7672,3.817816734313965,0.03065282106399536,0,0
7673,3.5900933742523193,0.09819547086954117,1,1
7674,3.8555078506469727,0.01091934647411108,0,0
7675,3.478968858718872,0.006720891688019037,1,1
7676,3.675546407699585,0.015304123051464558,1,1
7677,3.894630193710327,0.36968886852264404,1,1
7678,4.085751056671143,0.00033904463634826243,0,0
7679,3.9417550563812256,0.0022060878109186888,1,1
7680,3.5751278400421143,0.05364865064620972,1,1
7681,4.376436233520508,0.07537618279457092,1,1
7682,4.343199253082275,0.3320763409137726,1,1
7683,3.271282434463501,0.10431186109781265,0,0
7684,3.501995801925659,0.0002732844150159508,0,0
7685,3.691380023956299,0.0008680680184625089,0,0
7686,3.02459979057312,0.08028637617826462,1,1
7687,3.833505630493164,8.381903504606214e-10,1,1
7688,3.0462892055511475,0.011195363476872444,0,0
7689,3.9196393489837646,0.04989011585712433,0,0
7690,3.940741539001465,0.04584142938256264,1,1
7691,3.983474016189575,0.07917458564043045,1,1
7692,3.2867653369903564,0.030305752530694008,0,0
7693,4.286427021026611,0.3419136106967926,1,1
7694,4.027895450592041,0.06086837872862816,0,0
7695,3.5593528747558594,0.04647171497344971,0,0
7696,3.2639071941375732,0.13360673189163208,1,1
7697,4.002098083496094,0.337234765291214,0,0
7698,3.847975969314575,0.0030920510180294514,0,0
7699,3.4873056411743164,0.02348852902650833,1,1
7700,3.222058057785034,0.25036919116973877,1,1
7701,3.636765480041504,0.09129322320222855,1,1
7702,3.2132718563079834,0.07268749177455902,1,1
7703,3.7755024433135986,0.08221190422773361,0,0
7704,4.136873245239258,0.27414458990097046,1,1
7705,3.8020219802856445,0.009410335682332516,0,0
7706,3.812730312347412,0.0007623174460604787,1,1
7707,3.649989366531372,0.10437420755624771,1,1
7708,3.7721455097198486,0.19385090470314026,0,0
7709,3.2574315071105957,6.728805601596832e-05,0,0
7710,3.2179598808288574,0.007741124369204044,1,1
7711,3.4231655597686768,0.04269072040915489,0,0
7712,3.497192621231079,0.0770706981420517,1,1
7713,2.916085720062256,0.03055490367114544,1,1
7714,3.5104947090148926,0.1505279242992401,0,0
7715,3.5680510997772217,0.003403241280466318,0,0
7716,3.0770721435546875,0.11499499529600143,0,0
7717,3.36637806892395,0.007292702794075012,0,0
7718,3.3624656200408936,0.029183998703956604,0,0
7719,3.978745222091675,0.15846268832683563,1,1
7720,3.3198726177215576,0.010704606771469116,0,0
7721,3.6429405212402344,0.0033628270030021667,1,1
7722,3.2424075603485107,0.1301652044057846,1,1
7723,3.2794859409332275,0.0006875106482766569,0,0
7724,3.4941117763519287,0.00969518069177866,1,1
7725,3.386709690093994,0.16052846610546112,1,1
7726,3.225560426712036,0.33165380358695984,0,0
7727,3.367642402648926,0.29060429334640503,0,0
7728,3.3576135635375977,0.1484384685754776,1,1
7729,3.741976737976074,0.43867287039756775,1,1
7730,3.794856309890747,0.06344262510538101,0,0
7731,3.693175792694092,0.18415172398090363,1,1
7732,3.8185298442840576,0.009126048535108566,1,1
7733,4.349944114685059,0.0050545381382107735,0,0
7734,3.76171612739563,0.009809543378651142,1,1
7735,4.090693950653076,0.00712880864739418,1,1
7736,3.204077959060669,0.15438638627529144,0,0
7737,3.355900764465332,0.5730565190315247,0,0
7738,3.660280227661133,9.072655666386709e-05,0,0
7739,3.1950886249542236,0.011481028981506824,1,1
7740,3.60905122756958,0.04476511478424072,1,1
7741,3.8389623165130615,0.2445317953824997,0,0
7742,3.963993549346924,0.11748236417770386,1,1
7743,3.8715319633483887,0.19376592338085175,1,1
7744,3.481642007827759,0.09071097522974014,0,0
7745,3.527772903442383,0.07847554981708527,1,1
7746,3.4530272483825684,0.005290505476295948,1,1
7747,3.4489681720733643,0.032209645956754684,1,1
7748,3.4981329441070557,0.02242991328239441,1,1
7749,3.46836519241333,0.07099585235118866,1,1
7750,3.4517343044281006,0.08226171135902405,0,0
7751,3.273552417755127,0.06114010885357857,0,0
7752,3.45438551902771,0.04414249584078789,0,0
7753,4.3392333984375,0.00043935925350524485,0,0
7754,3.686523675918579,0.05868828296661377,1,1
7755,3.3204739093780518,0.08500223606824875,0,0
7756,3.764580488204956,0.16589295864105225,1,1
7757,3.698509693145752,0.14241066575050354,1,1
7758,3.9129834175109863,0.3726521134376526,1,1
7759,3.8743696212768555,0.22050002217292786,1,1
7760,3.8452084064483643,0.1466517448425293,0,0
7761,3.662627696990967,0.17699198424816132,1,1
7762,3.7495617866516113,0.0017834246391430497,1,1
7763,3.6149790287017822,0.25942152738571167,0,0
7764,4.209471702575684,0.2574591338634491,1,1
7765,3.9171223640441895,0.21469298005104065,1,1
7766,3.846076011657715,0.04458969458937645,0,0
7767,3.602933883666992,0.015113701112568378,1,1
7768,3.7623989582061768,0.17573560774326324,1,1
7769,3.5734035968780518,0.04026562720537186,1,1
7770,3.7718865871429443,0.5199646949768066,1,1
7771,3.749971866607666,0.001217746757902205,1,1
7772,3.7145190238952637,0.09497445076704025,1,1
7773,3.9071106910705566,0.0011506699956953526,0,0
7774,3.9731991291046143,0.00628667464479804,1,1
7775,3.5055618286132812,0.02412582002580166,0,0
7776,3.7057924270629883,0.00010346211638534442,0,0
7777,3.654057502746582,0.09532571583986282,0,0
7778,3.860527276992798,0.059565912932157516,1,1
7779,3.7760133743286133,0.16693226993083954,1,1
7780,2.980752944946289,0.012499487958848476,0,0
7781,3.056943416595459,0.3549236059188843,0,0
7782,3.2204692363739014,0.24624322354793549,0,0
7783,3.963773488998413,0.0060697393491864204,1,1
7784,3.6680126190185547,0.009651519358158112,0,0
7785,3.69102144241333,0.006352651864290237,1,1
7786,3.3187155723571777,0.00127498060464859,0,0
7787,3.7547340393066406,0.01456821896135807,1,1
7788,3.418546438217163,0.012777221389114857,0,0
7789,3.3322103023529053,0.13602331280708313,0,0
7790,3.0455574989318848,0.022647235542535782,0,0
7791,3.5047473907470703,0.009995847940444946,0,0
7792,3.337996482849121,0.14187218248844147,1,1
7793,3.3034884929656982,0.645210862159729,0,0
7794,2.7940139770507812,0.22363793849945068,0,0
7795,3.3825056552886963,0.02083757519721985,1,1
7796,3.568779706954956,0.0842442512512207,0,0
7797,3.6384975910186768,0.06573326140642166,0,0
7798,3.4083809852600098,0.010921362787485123,0,0
7799,3.5869789123535156,0.1984325498342514,0,0
7800,4.121865272521973,0.5368990302085876,0,0
7801,3.8628547191619873,0.34867310523986816,1,1
7802,3.8725926876068115,0.041624706238508224,0,0
7803,3.438617706298828,0.4085042178630829,1,1
7804,3.3209421634674072,0.15567831695079803,1,1
7805,3.65769100189209,0.03429652377963066,1,1
7806,3.40259051322937,0.04052164778113365,0,0
7807,4.021994113922119,0.14927250146865845,1,1
7808,3.902251720428467,0.11494918167591095,1,1
7809,3.356654644012451,0.3215612471103668,0,0
7810,3.662860155105591,0.03991780802607536,0,0
7811,3.633523941040039,0.10518640279769897,1,1
7812,3.513709783554077,0.1449493169784546,1,1
7813,3.4919333457946777,0.0012742915423586965,1,1
7814,3.662644624710083,0.16604235768318176,1,1
7815,3.5283944606781006,0.45367908477783203,1,1
7816,3.72281813621521,0.06379801034927368,1,1
7817,3.6388816833496094,0.12742915749549866,0,0
7818,3.4094717502593994,0.08093848824501038,0,0
7819,3.307839870452881,0.02135620079934597,1,1
7820,3.2823822498321533,0.11033076047897339,1,1
7821,3.5669398307800293,0.05203812196850777,1,1
7822,3.627178430557251,0.3438122868537903,1,1
7823,3.717212677001953,0.0015739649534225464,1,1
7824,3.6999645233154297,0.015495737083256245,1,1
7825,3.3530709743499756,0.25543585419654846,0,0
7826,3.0977225303649902,0.08242787420749664,1,1
7827,2.8443539142608643,0.043190665543079376,0,0
7828,3.3806378841400146,0.12647324800491333,1,1
7829,3.060697078704834,0.11386547237634659,0,0
7830,3.318965435028076,0.10967780649662018,1,1
7831,3.7074639797210693,0.1000671535730362,1,1
7832,3.5419890880584717,0.241581991314888,1,1
7833,3.3630576133728027,0.12007659673690796,0,0
7834,3.807462692260742,0.004515365697443485,0,0
7835,3.8226735591888428,0.44156670570373535,0,0
7836,3.836200475692749,0.5347232818603516,1,1
7837,3.819741725921631,0.26589059829711914,1,1
7838,3.954404592514038,0.09865567088127136,0,0
7839,3.904170513153076,0.15726636350154877,1,1
7840,3.845529556274414,0.6595999598503113,1,1
7841,3.0163357257843018,0.19434408843517303,0,0
7842,3.1010055541992188,0.08365147560834885,0,0
7843,3.6752896308898926,0.18797306716442108,1,1
7844,3.5535264015197754,3.13296914100647e-05,1,1
7845,3.835636854171753,0.04865198954939842,1,1
7846,3.583240270614624,0.12958092987537384,0,0
7847,3.530578374862671,0.07045688480138779,0,0
7848,4.240734100341797,0.15396957099437714,1,1
7849,4.016621112823486,0.0033807591535151005,1,1
7850,3.9899537563323975,0.07104728370904922,1,1
7851,3.5395095348358154,0.4919195771217346,0,0
7852,3.5323872566223145,0.0479520745575428,1,1
7853,3.939896821975708,0.32488611340522766,0,0
7854,3.520223379135132,0.33880576491355896,1,1
7855,3.9702227115631104,0.11739637702703476,1,1
7856,3.800922393798828,0.04396424815058708,0,0
7857,3.8058712482452393,0.35351070761680603,0,0
7858,4.1105241775512695,0.6535943150520325,1,1
7859,4.302938938140869,0.20876935124397278,1,1
7860,3.4639079570770264,0.0017679714364930987,0,0
7861,3.877856969833374,0.012122586369514465,1,1
7862,4.057699203491211,0.25015679001808167,1,1
7863,3.4835753440856934,0.4955406188964844,0,0
7864,3.8226239681243896,0.10379510372877121,1,1
7865,3.8156301975250244,0.6286674737930298,1,1
7866,2.708519697189331,0.38766977190971375,1,1
7867,3.5012474060058594,0.2079940140247345,1,1
7868,3.588937282562256,0.04442274570465088,0,0
7869,4.048707485198975,0.03407526761293411,1,1
7870,3.842538595199585,0.5727497339248657,0,0
7871,2.940243721008301,0.40926939249038696,0,0
7872,2.7919821739196777,0.651224672794342,0,0
7873,2.191469669342041,0.15248873829841614,1,1
7874,2.4857776165008545,0.09962194412946701,0,0
7875,2.771390914916992,0.6391631960868835,0,0
7876,3.1453609466552734,1.267488718032837,0,0
7877,3.298461437225342,0.1572510451078415,1,1
7878,3.331087112426758,0.14190125465393066,0,0
7879,3.644559860229492,0.44273462891578674,1,1
7880,3.54842209815979,0.28419944643974304,0,0
7881,3.236402750015259,0.09358177334070206,0,0
7882,3.4665603637695312,0.24298803508281708,1,1
7883,3.5777060985565186,0.0037873282562941313,0,0
7884,3.6321258544921875,0.1315196305513382,1,1
7885,2.9863152503967285,0.0810098871588707,0,0
7886,3.273066997528076,0.009192547760903835,0,0
7887,3.4094862937927246,0.1536516398191452,0,0
7888,3.6801435947418213,0.007923895493149757,0,0
7889,3.512033224105835,0.005953016225248575,0,0
7890,3.6847891807556152,0.05099114403128624,0,0
7891,3.595536947250366,0.13837537169456482,0,0
7892,3.5833282470703125,0.008613494224846363,1,1
7893,3.972637414932251,0.015558267943561077,0,0
7894,3.4167332649230957,0.05164699628949165,0,0
7895,3.0987346172332764,0.024856774136424065,0,0
7896,3.298185110092163,0.3423764705657959,0,0
7897,3.111992597579956,0.007970351725816727,0,0
7898,3.354104995727539,0.07639169692993164,0,0
7899,3.376504898071289,0.01652871072292328,0,0
7900,3.368107318878174,0.046135302633047104,0,0
7901,3.0350866317749023,2.691522240638733e-06,1,1
7902,3.3378636837005615,0.06255608797073364,1,1
7903,3.5556299686431885,0.33339008688926697,1,1
7904,2.957998514175415,0.6818237900733948,0,0
7905,3.2664966583251953,0.5350056290626526,0,0
7906,3.4029834270477295,0.272177517414093,0,0
7907,3.3358123302459717,0.3064102530479431,1,1
7908,3.4768295288085938,0.4205954074859619,1,1
7909,2.5336313247680664,0.025883525609970093,0,0
7910,2.7830257415771484,0.19015507400035858,0,0
7911,3.6284358501434326,0.00999777764081955,1,1
7912,4.061592102050781,0.36265790462493896,0,0
7913,3.5062201023101807,0.10544321686029434,0,0
7914,2.2815937995910645,0.19014666974544525,0,0
7915,2.6436116695404053,0.004462346900254488,0,0
7916,3.8822171688079834,0.010846859775483608,1,1
7917,3.614718198776245,0.14694015681743622,0,0
7918,2.6284749507904053,0.5126559138298035,0,0
7919,3.257011651992798,0.012577292509377003,0,0
7920,3.237665891647339,0.0031221751123666763,0,0
7921,3.5665998458862305,0.005126144737005234,1,1
7922,3.4381041526794434,0.012449905276298523,1,1
7923,3.6381356716156006,0.09844360500574112,0,0
7924,3.7892279624938965,0.009995847940444946,1,1
7925,3.337435245513916,0.12067258358001709,0,0
7926,3.065122365951538,0.08216763287782669,1,1
7927,3.134673595428467,0.012681406922638416,1,1
7928,3.20430326461792,0.05142791196703911,0,0
7929,3.2486088275909424,0.02245882898569107,0,0
7930,3.587864875793457,0.001159854349680245,0,0
7931,3.191084861755371,0.005137206055223942,0,0
7932,3.4552078247070312,0.22012858092784882,0,0
7933,3.649336338043213,0.0028100840281695127,0,0
7934,3.771958827972412,0.003311537904664874,1,1
7935,3.524400234222412,0.08632411062717438,1,1
7936,3.3396975994110107,0.01880829595029354,0,0
7937,3.5874013900756836,0.0020511678885668516,0,0
7938,3.243143081665039,0.23001728951931,1,1
7939,3.340190887451172,0.03604469448328018,0,0
7940,3.2799553871154785,0.13143564760684967,0,0
7941,3.5211422443389893,0.002802926814183593,0,0
7942,3.454897880554199,0.02926318719983101,1,1
7943,3.3138132095336914,0.05586157366633415,1,1
7944,3.435568332672119,0.035766735672950745,0,0
7945,3.4322166442871094,0.0016853694105520844,1,1
7946,3.6266186237335205,0.1904497742652893,0,0
7947,3.660942316055298,1.8270615339279175,1,1
7948,4.383977890014648,3.0849130325805163e-06,0,0
7949,4.656216144561768,0.00018227855616714805,1,1
7950,4.176026821136475,0.35759633779525757,1,1
7951,4.735912322998047,0.08783341944217682,0,0
7952,3.4316859245300293,3.476822894299403e-05,0,0
7953,3.0273232460021973,0.00019124607206322253,1,1
7954,3.966616153717041,0.006099850870668888,1,1
7955,3.7204394340515137,0.0434759296476841,0,0
7956,3.7555034160614014,0.09927500039339066,0,0
7957,4.153700828552246,0.1470881551504135,0,0
7958,4.065252780914307,0.0025503605138510466,1,1
7959,4.029697418212891,0.03431439772248268,0,0
7960,4.191795349121094,0.012873398140072823,0,0
7961,3.2679800987243652,0.20582547783851624,0,0
7962,3.2317910194396973,0.015860656276345253,0,0
7963,3.1311566829681396,0.021656230092048645,0,0
7964,4.432502269744873,0.14939182996749878,1,1
7965,3.7234151363372803,0.0289306640625,0,0
7966,3.7779102325439453,0.2585669457912445,0,0
7967,3.874814748764038,0.008058473467826843,0,0
7968,4.25542688369751,0.006744646932929754,1,1
7969,4.202139854431152,0.4850667417049408,1,1
7970,4.0871901512146,0.011485165916383266,0,0
7971,4.14534330368042,0.4286952018737793,1,1
7972,5.072988510131836,0.2539747357368469,1,1
7973,3.693424940109253,0.007911873050034046,0,0
7974,3.00713849067688,0.07742474973201752,1,1
7975,2.8625175952911377,0.16106250882148743,0,0
7976,3.273263931274414,0.02060696855187416,0,0
7977,3.2495639324188232,0.11993619054555893,0,0
7978,3.0946366786956787,0.041306354105472565,1,1
7979,2.9341378211975098,0.16550011932849884,0,0
7980,3.3621349334716797,0.7050801515579224,1,1
7981,2.5465004444122314,0.18510545790195465,1,1
7982,3.64098858833313,0.013728057034313679,0,0
7983,3.2929229736328125,0.06275417655706406,1,1
7984,3.3575334548950195,0.05387688800692558,1,1
7985,3.255662441253662,0.15006399154663086,0,0
7986,3.1191227436065674,0.627168595790863,0,0
7987,2.889270544052124,0.03989467769861221,0,0
7988,3.1065449714660645,0.11594599485397339,1,1
7989,2.9362430572509766,0.00024321080127265304,0,0
7990,2.9628095626831055,0.28302764892578125,1,1
7991,3.6765799522399902,0.056364502757787704,1,1
7992,2.854631185531616,0.17601081728935242,0,0
7993,3.0597901344299316,0.03412159904837608,1,1
7994,2.8943681716918945,0.05682365968823433,1,1
7995,3.0429623126983643,0.028812600299715996,0,0
7996,3.6241393089294434,0.0017542019486427307,0,0
7997,3.7888407707214355,0.08581449091434479,0,0
7998,3.1492116451263428,0.09503393620252609,1,1
7999,3.559870481491089,0.08292179554700851,1,1
8000,3.3665273189544678,0.08476605266332626,0,0
8001,3.8305845260620117,8.636796701466665e-05,1,1
8002,3.4508581161499023,0.2173662930727005,0,0
8003,3.7624638080596924,0.014642861671745777,0,0
8004,3.286010265350342,0.0053369347006082535,0,0
8005,3.475356101989746,0.1572357416152954,1,1
8006,3.471794843673706,0.08402031660079956,1,1
8007,3.422447443008423,0.06648758053779602,0,0
8008,3.5198402404785156,0.2304062396287918,0,0
8009,3.489483118057251,0.06335029006004333,1,1
8010,3.822655439376831,0.01997736468911171,1,1
8011,3.568136692047119,0.29322174191474915,0,0
8012,2.7341959476470947,0.37696507573127747,0,0
8013,3.3146770000457764,0.27493342757225037,1,1
8014,3.5292046070098877,0.12573301792144775,0,0
8015,3.661133289337158,0.06832157075405121,1,1
8016,3.2379634380340576,1.6194675481528975e-05,1,1
8017,2.6366143226623535,0.9640714526176453,0,0
8018,2.5425682067871094,0.012229073792696,1,1
8019,2.642449140548706,0.6926721334457397,1,1
8020,2.726914167404175,0.15815548598766327,1,1
8021,3.1705758571624756,2.2912025087862276e-05,1,1
8022,3.2298946380615234,0.0003603369987104088,0,0
8023,2.943286418914795,0.22415851056575775,1,1
8024,2.9405925273895264,0.1214650496840477,0,0
8025,3.3386213779449463,0.18937315046787262,1,1
8026,2.4458770751953125,0.4299851953983307,1,1
8027,2.8081181049346924,0.03236223757266998,0,0
8028,3.4207417964935303,0.45388713479042053,1,1
8029,3.608217716217041,0.13038812577724457,1,1
8030,3.7437446117401123,0.5019744038581848,1,1
8031,3.2687594890594482,0.2028416395187378,1,1
8032,3.1329541206359863,0.08933272212743759,1,1
8033,3.8096742630004883,0.008574130944907665,1,1
8034,3.441157341003418,0.0033471756614744663,0,0
8035,3.365082025527954,0.18243297934532166,1,1
8036,3.4013028144836426,0.05148044973611832,1,1
8037,3.3162264823913574,0.003784953150898218,1,1
8038,3.5339813232421875,0.03991780802607536,1,1
8039,3.3404290676116943,0.001216400065459311,1,1
8040,3.2810192108154297,4.395554060465656e-05,0,0
8041,3.3448894023895264,0.32069718837738037,0,0
8042,3.164065361022949,0.012486543506383896,0,0
8043,3.585958957672119,0.10215381532907486,1,1
8044,3.2624194622039795,0.23491214215755463,0,0
8045,3.523629903793335,0.0006412506336346269,1,1
8046,3.52219295501709,0.18385367095470428,1,1
8047,3.190713882446289,0.2271382361650467,1,1
8048,2.7998597621917725,0.09737464040517807,0,0
8049,3.064845561981201,0.08704011142253876,0,0
8050,3.861205816268921,0.10436797142028809,1,1
8051,3.360560417175293,0.003910660743713379,1,1
8052,3.4208967685699463,0.0009054247639141977,1,1
8053,3.168870449066162,0.03681091591715813,1,1
8054,3.5528743267059326,0.12532955408096313,0,0
8055,3.560671806335449,0.000318056350806728,0,0
8056,3.345315933227539,0.08925774693489075,0,0
8057,2.733581781387329,0.34198132157325745,1,1
8058,3.366257667541504,0.002357266843318939,1,1
8059,3.154719352722168,0.023949267342686653,0,0
8060,3.025771379470825,0.10377645492553711,1,1
8061,3.3219656944274902,0.01571030728518963,0,0
8062,3.274392604827881,0.551163375377655,1,1
8063,3.022188425064087,0.02492985874414444,0,0
8064,3.041109800338745,0.07867031544446945,1,1
8065,3.157101631164551,0.0006223306991159916,0,0
8066,3.567457914352417,0.04447564482688904,0,0
8067,3.013176679611206,0.02853153459727764,0,0
8068,2.969430446624756,0.01679028756916523,0,0
8069,3.212064504623413,0.45797935128211975,0,0
8070,3.850980281829834,0.14817088842391968,1,1
8071,3.4447944164276123,0.27303406596183777,0,0
8072,3.3579468727111816,0.4972676932811737,1,1
8073,3.7938573360443115,0.02242991328239441,1,1
8074,2.565702199935913,0.00043010347872041166,0,0
8075,3.3567276000976562,0.005877309944480658,0,0
8076,3.4134914875030518,0.0030226826202124357,1,1
8077,2.86157488822937,0.0011311122216284275,0,0
8078,3.3079116344451904,0.07758057117462158,1,1
8079,3.8703951835632324,2.136835792043712e-05,1,1
8080,3.278714418411255,0.06987404823303223,0,0
8081,2.9631168842315674,0.10099735110998154,1,1
8082,3.4507293701171875,0.5801941752433777,0,0
8083,3.406144142150879,0.06210794672369957,1,1
8084,3.6778578758239746,0.2511327266693115,1,1
8085,3.4948179721832275,0.018586603924632072,0,0
8086,3.3597912788391113,0.04722787067294121,1,1
8087,3.2402405738830566,0.04364915192127228,0,0
8088,3.859858989715576,0.008042887784540653,0,0
8089,4.025226593017578,0.0962216854095459,1,1
8090,3.7571401596069336,0.029720598831772804,1,1
8091,3.409306287765503,0.1409069299697876,0,0
8092,3.3213000297546387,0.030947519466280937,1,1
8093,3.5104904174804688,0.005355280824005604,0,0
8094,3.5002615451812744,0.05206013470888138,0,0
8095,3.6033599376678467,0.019132615998387337,0,0
8096,3.4308152198791504,0.0022644884884357452,0,0
8097,3.6954236030578613,0.004918248392641544,1,1
8098,2.913663148880005,0.22149811685085297,1,1
8099,3.4799933433532715,0.04014178737998009,0,0
8100,3.4121220111846924,0.25006991624832153,1,1
8101,3.497652530670166,0.03992552310228348,1,1
8102,3.469668388366699,0.07342305779457092,0,0
8103,3.0217573642730713,0.15428023040294647,1,1
8104,3.274688243865967,0.11086994409561157,0,0
8105,3.275921583175659,0.0838693305850029,0,0
8106,3.4030370712280273,0.005068269558250904,1,1
8107,3.9273557662963867,0.10433679819107056,1,1
8108,3.499030828475952,0.04732019081711769,0,0
8109,3.44155216217041,0.020358359441161156,1,1
8110,3.9166927337646484,0.1916477233171463,1,1
8111,3.414395570755005,0.07930498570203781,0,0
8112,3.7873990535736084,0.2570870816707611,1,1
8113,3.5999231338500977,0.062353502959012985,1,1
8114,3.357393503189087,0.0002553999365773052,1,1
8115,3.4621686935424805,0.3110215663909912,0,0
8116,2.875086545944214,0.009229595772922039,0,0
8117,2.85905385017395,0.089621402323246,0,0
8118,3.1445767879486084,0.2268899530172348,0,0
8119,2.922053098678589,0.6331593990325928,1,1
8120,2.7901527881622314,0.03141101822257042,0,0
8121,3.6480681896209717,0.06969559192657471,0,0
8122,3.293025493621826,0.09238114953041077,1,1
8123,3.648699998855591,0.20838148891925812,0,0
8124,3.26875638961792,0.045696910470724106,1,1
8125,3.6706066131591797,5.961302576906746e-06,1,1
8126,3.524390697479248,0.07914743572473526,0,0
8127,3.6475234031677246,0.01275541353970766,1,1
8128,3.9134814739227295,0.07196079939603806,0,0
8129,3.8703789710998535,0.002840862376615405,1,1
8130,4.012962818145752,0.006337277591228485,1,1
8131,3.683063268661499,0.07603469491004944,0,0
8132,3.8964054584503174,0.16390220820903778,1,1
8133,3.7030723094940186,0.05255453661084175,1,1
8134,3.9673047065734863,0.035214055329561234,1,1
8135,3.584937572479248,0.0659710019826889,1,1
8136,3.4947354793548584,0.3864329755306244,1,1
8137,3.437302350997925,0.18583694100379944,1,1
8138,3.0277528762817383,0.0672161802649498,0,0
8139,3.383810520172119,0.038712333887815475,0,0
8140,3.0349488258361816,0.758349597454071,1,1
8141,3.1815900802612305,0.5539610385894775,0,0
8142,3.4118378162384033,0.3856055438518524,0,0
8143,3.4123313426971436,0.2541109025478363,0,0
8144,3.2309417724609375,0.5910946726799011,0,0
8145,3.6685903072357178,0.25843939185142517,1,1
8146,3.0830748081207275,0.24125955998897552,1,1
8147,3.11752986907959,0.19743646681308746,1,1
8148,3.9879651069641113,0.0044404552318155766,1,1
8149,3.654855728149414,0.004273566883057356,1,1
8150,3.2196781635284424,0.010840829461812973,0,0
8151,3.702575445175171,0.09610197693109512,1,1
8152,2.658648729324341,0.04915992170572281,0,0
8153,2.3605031967163086,0.4376252591609955,0,0
8154,3.3663923740386963,0.004907425493001938,1,1
8155,3.8763010501861572,0.02225681208074093,1,1
8156,3.6197452545166016,0.02474127523601055,1,1
8157,3.9798574447631836,0.147933229804039,1,1
8158,4.216951370239258,0.01711951196193695,1,1
8159,3.7212769985198975,0.17674845457077026,0,0
8160,3.2419097423553467,0.14627502858638763,1,1
8161,3.82023549079895,0.0011402183445170522,1,1
8162,3.2056190967559814,0.0001388453965773806,0,0
8163,2.7006421089172363,0.2109355479478836,0,0
8164,2.9261302947998047,0.25675448775291443,0,0
8165,3.9488637447357178,0.33122047781944275,1,1
8166,3.546285629272461,0.24720191955566406,0,0
8167,3.088745355606079,1.0226606130599976,0,0
8168,4.025668144226074,0.4766082763671875,1,1
8169,3.2222304344177246,0.1653745174407959,0,0
8170,2.794386386871338,0.49350473284721375,1,1
8171,3.399742841720581,0.008362771943211555,1,1
8172,3.2947945594787598,0.019887441769242287,0,0
8173,2.8841845989227295,0.06335514783859253,0,0
8174,3.1965253353118896,0.06023196130990982,1,1
8175,3.0163683891296387,0.6588791012763977,0,0
8176,3.445526361465454,0.07531791180372238,0,0
8177,3.4769997596740723,0.07716717571020126,1,1
8178,3.468137741088867,0.00407776702195406,0,0
8179,3.8670244216918945,0.013055801391601562,0,0
8180,3.4664134979248047,0.010488047264516354,1,1
8181,3.1771674156188965,0.05670410022139549,0,0
8182,3.7328617572784424,0.41382595896720886,1,1
8183,4.098857879638672,0.07829182595014572,0,0
8184,3.6668152809143066,0.09650927782058716,1,1
8185,3.499680995941162,0.07049787789583206,1,1
8186,3.968754768371582,0.05992918089032173,0,0
8187,4.175821781158447,0.03849996253848076,1,1
8188,3.7651162147521973,0.0013124678516760468,1,1
8189,3.258107900619507,0.00601273262873292,0,0
8190,3.3438913822174072,0.1239938735961914,0,0
8191,3.3976800441741943,0.12149868160486221,0,0
8192,3.440822124481201,0.0004999795346520841,1,1
8193,3.4634032249450684,0.005110955331474543,0,0
8194,3.3752245903015137,0.2202916145324707,1,1
8195,3.4007694721221924,0.13146363198757172,0,0
8196,3.453157901763916,0.18202100694179535,0,0
8197,4.124244689941406,0.0035673119127750397,1,1
8198,3.7038745880126953,0.0009849205380305648,1,1
8199,3.5831971168518066,0.009767532348632812,0,0
8200,3.216465711593628,0.2545197308063507,0,0
8201,3.139683246612549,0.11517833918333054,0,0
8202,2.817786693572998,0.41998228430747986,0,0
8203,2.903238534927368,0.081207774579525,0,0
8204,3.1845548152923584,0.002135051880031824,0,0
8205,3.1088621616363525,0.7637545466423035,0,0
8206,3.405529022216797,0.03721938654780388,1,1
8207,2.789454460144043,0.03522854670882225,0,0
8208,3.442780017852783,0.008173233829438686,0,0
8209,3.244124174118042,0.020388664677739143,0,0
8210,3.1530113220214844,0.46353426575660706,0,0
8211,3.711272954940796,0.12360679358243942,0,0
8212,3.2077407836914062,0.07410978525876999,0,0
8213,3.5102241039276123,0.047909822314977646,1,1
8214,2.6080574989318848,0.18242472410202026,0,0
8215,3.0988662242889404,0.01073458231985569,0,0
8216,3.2020440101623535,0.001901045790873468,0,0
8217,3.5587692260742188,0.004583059344440699,0,0
8218,3.2118000984191895,0.8111753463745117,1,1
8219,2.9937081336975098,0.0005549268098548055,0,0
8220,3.224661350250244,6.872052472317591e-05,0,0
8221,4.0922980308532715,0.06933937221765518,0,0
8222,3.481992244720459,0.24217049777507782,0,0
8223,3.3378515243530273,0.0007527553825639188,1,1
8224,3.0973284244537354,0.33674177527427673,1,1
8225,3.862776756286621,0.2385086566209793,0,0
8226,3.7390074729919434,0.47743478417396545,1,1
8227,3.519432783126831,0.022067172452807426,0,0
8228,3.1980791091918945,0.11151999235153198,1,1
8229,3.188934803009033,0.05724773555994034,1,1
8230,3.27291202545166,0.04732019081711769,1,1
8231,3.2940104007720947,0.019467785954475403,0,0
8232,3.7002062797546387,0.2303691953420639,0,0
8233,3.3173654079437256,0.08786201477050781,0,0
8234,3.2558577060699463,0.27012720704078674,0,0
8235,3.341723918914795,0.027026165276765823,1,1
8236,3.6266512870788574,0.1615508645772934,0,0
8237,3.2926900386810303,0.09097857773303986,1,1
8238,3.5015721321105957,0.06044056639075279,1,1
8239,3.5934362411499023,0.0014027730794623494,1,1
8240,3.05564284324646,0.13923107087612152,0,0
8241,3.1873130798339844,0.0902465209364891,0,0
8242,3.2652878761291504,0.036870189011096954,1,1
8243,3.432591676712036,0.0004056439793203026,0,0
8244,2.9202675819396973,0.027251917868852615,1,1
8245,3.2721989154815674,0.02217051200568676,1,1
8246,3.3540658950805664,0.0007778499275445938,1,1
8247,3.177539825439453,0.048354435712099075,1,1
8248,2.695296287536621,0.09978649020195007,0,0
8249,3.332282543182373,0.36952459812164307,1,1
8250,3.3955931663513184,0.35761940479278564,0,0
8251,2.141413688659668,0.5537168383598328,1,1
8252,2.1679022312164307,0.2256779968738556,1,1
8253,2.536900043487549,0.266976535320282,1,1
8254,2.673050880432129,0.33145377039909363,1,1
8255,2.7358410358428955,0.11248891800642014,0,0
8256,3.052297592163086,0.001070285215973854,0,0
8257,3.14583420753479,0.2999593913555145,1,1
8258,2.8705453872680664,0.02162499725818634,1,1
8259,2.7061357498168945,0.07826482504606247,1,1
8260,2.7269387245178223,0.12400747835636139,1,1
8261,2.8823983669281006,0.2784665524959564,0,0
8262,3.275149345397949,0.10474243015050888,1,1
8263,3.4701485633850098,0.11833732575178146,0,0
8264,3.2925238609313965,0.05122676491737366,1,1
8265,3.2458465099334717,0.20296335220336914,0,0
8266,3.5994646549224854,0.0037258141674101353,0,0
8267,3.542386054992676,0.008627831004559994,0,0
8268,3.953124761581421,0.13635095953941345,1,1
8269,4.143454074859619,0.0011285172076895833,0,0
8270,3.568107843399048,0.00677162129431963,1,1
8271,3.8932507038116455,0.0008066417067311704,0,0
8272,3.790971517562866,0.005914360284805298,1,1
8273,3.8922619819641113,0.08426105976104736,1,1
8274,2.2285356521606445,0.05812852457165718,0,0
8275,3.382676839828491,0.001198292593471706,0,0
8276,3.5097415447235107,0.008886105380952358,1,1
8277,3.2737653255462646,0.025103867053985596,1,1
8278,3.202369213104248,0.06415928155183792,0,0
8279,3.1663055419921875,0.10182096064090729,0,0
8280,2.2191457748413086,0.011559750884771347,1,1
8281,3.5342438220977783,0.00412225816398859,0,0
8282,3.4784414768218994,0.0064328983426094055,0,0
8283,3.066880226135254,0.00031359726563096046,1,1
8284,3.605442523956299,0.42207375168800354,1,1
8285,3.4460675716400146,0.07752145081758499,1,1
8286,3.588632583618164,0.053778376430273056,1,1
8287,3.3134589195251465,0.01037764735519886,0,0
8288,3.257969617843628,0.17024484276771545,1,1
8289,2.999326467514038,0.004154540598392487,0,0
8290,3.498342752456665,0.00973513163626194,1,1
8291,3.2575137615203857,0.0035224948078393936,0,0
8292,3.4656474590301514,0.007003879640251398,1,1
8293,3.3572306632995605,0.0042899856343865395,0,0
8294,3.626356363296509,0.0033942393492907286,1,1
8295,3.6974754333496094,0.045252393931150436,1,1
8296,3.941114664077759,0.04386717826128006,0,0
8297,3.664344310760498,0.008129668422043324,1,1
8298,3.4029746055603027,0.2829454839229584,1,1
8299,3.6135847568511963,0.06764721125364304,0,0
8300,4.116087436676025,0.08026450127363205,0,0
8301,3.5834884643554688,0.07696892321109772,0,0
8302,3.737704277038574,0.0004913852899335325,1,1
8303,4.082803249359131,0.20626352727413177,1,1
8304,3.5235729217529297,0.27954721450805664,1,1
8305,3.482754945755005,0.06915652006864548,1,1
8306,4.199389457702637,0.05854342132806778,1,1
8307,3.901803493499756,0.01629381813108921,1,1
8308,3.740396738052368,9.481618326390162e-05,0,0
8309,3.5806007385253906,0.117733895778656,1,1
8310,4.172557353973389,0.03500429913401604,1,1
8311,4.0812883377075195,0.10816812515258789,0,0
8312,3.5791823863983154,0.12229384481906891,0,0
8313,3.4729530811309814,0.34851357340812683,0,0
8314,3.4319493770599365,0.8113839030265808,0,0
8315,3.7495617866516113,0.46445462107658386,0,0
8316,3.7144856452941895,0.36574462056159973,0,0
8317,4.100663185119629,0.7598461508750916,0,0
8318,3.7712416648864746,0.4077027440071106,0,0
8319,3.916957378387451,0.9992181658744812,0,0
8320,3.8427231311798096,0.3601979613304138,0,0
8321,3.8650636672973633,0.8757575154304504,0,0
8322,3.7095320224761963,0.604165256023407,0,0
8323,3.9468860626220703,0.7270633578300476,0,0
8324,3.434563398361206,0.07953343540430069,1,1
8325,4.010064125061035,0.46761685609817505,1,1
8326,2.9581961631774902,0.07452018558979034,0,0
8327,2.9896533489227295,0.038058146834373474,1,1
8328,2.870002269744873,0.022833511233329773,0,0
8329,3.0468432903289795,0.017329759895801544,1,1
8330,3.104409694671631,0.030406637117266655,0,0
8331,3.1856212615966797,0.10104642063379288,0,0
8332,3.338646173477173,0.28522929549217224,1,1
8333,3.3902666568756104,0.4188447892665863,0,0
8334,3.7945547103881836,0.08874528110027313,1,1
8335,3.7452945709228516,0.14157426357269287,1,1
8336,4.0851030349731445,0.34458228945732117,0,0
8337,3.7394723892211914,0.04882669076323509,1,1
8338,4.305558204650879,0.03733863681554794,1,1
8339,4.058506011962891,0.3019288182258606,1,1
8340,3.5754101276397705,0.03255000710487366,0,0
8341,3.287928342819214,0.03763759881258011,1,1
8342,3.385551691055298,0.04845210537314415,0,0
8343,3.3690671920776367,0.26785486936569214,1,1
8344,3.2333779335021973,0.17956720292568207,0,0
8345,3.6692616939544678,0.07112447917461395,1,1
8346,3.2492244243621826,0.2560214698314667,1,1
8347,3.2038052082061768,0.05710005387663841,0,0
8348,3.846644639968872,0.08607476949691772,1,1
8349,3.846642255783081,0.06132637336850166,1,1
8350,3.610678195953369,0.2787008583545685,1,1
8351,3.0853192806243896,0.1251041740179062,0,0
8352,3.5070173740386963,0.14119689166545868,1,1
8353,3.1762986183166504,0.024041952565312386,0,0
8354,3.3274853229522705,0.040397416800260544,1,1
8355,3.1253600120544434,0.018803000450134277,0,0
8356,3.3354296684265137,0.009483497589826584,0,0
8357,3.044192314147949,0.057049330323934555,0,0
8358,3.7371480464935303,0.13766548037528992,1,1
8359,3.169654369354248,0.01795009709894657,0,0
8360,2.9162421226501465,0.004864254035055637,1,1
8361,2.883258581161499,0.029137855395674706,1,1
8362,2.9574382305145264,0.15255658328533173,1,1
8363,2.53684139251709,0.07182624191045761,1,1
8364,2.5339035987854004,0.008920707739889622,1,1
8365,2.9368698596954346,0.640027642250061,0,0
8366,3.509718894958496,0.11228833347558975,1,1
8367,4.464506149291992,0.001603197306394577,1,1
8368,4.871133804321289,0.07990400493144989,1,1
8369,3.391568660736084,0.004389157984405756,1,1
8370,3.8106751441955566,0.10507376492023468,0,0
8371,4.3927321434021,0.006003756076097488,1,1
8372,3.5382883548736572,0.0006525413482449949,1,1
8373,3.1517279148101807,0.03654846176505089,1,1
8374,2.844791889190674,0.1542195975780487,0,0
8375,3.6513044834136963,0.025180378928780556,1,1
8376,3.5656254291534424,0.12761525809764862,1,1
8377,3.1249938011169434,0.04950287193059921,0,0
8378,3.488574743270874,0.06485046446323395,0,0
8379,3.6263248920440674,0.0007038005860522389,1,1
8380,2.9176018238067627,2.4223700165748596e-05,0,0
8381,3.6484930515289307,0.03282218798995018,1,1
8382,3.758836030960083,0.0010234513320028782,0,0
8383,3.672638416290283,0.08113079518079758,1,1
8384,3.8686015605926514,0.03493933007121086,1,1
8385,3.9210383892059326,0.018518252298235893,1,1
8386,3.7686820030212402,0.005711294710636139,1,1
8387,3.430593490600586,0.39864617586135864,0,0
8388,2.953352689743042,0.5342999696731567,1,1
8389,3.40850830078125,0.024768603965640068,1,1
8390,3.1592965126037598,0.3191033601760864,0,0
8391,3.2273683547973633,0.5514499545097351,0,0
8392,3.4362330436706543,0.0018022209405899048,1,1
8393,3.5374577045440674,0.031534284353256226,1,1
8394,3.4422607421875,0.208725243806839,0,0
8395,3.5278453826904297,0.07470470666885376,1,1
8396,3.1591851711273193,0.00039867692976258695,1,1
8397,3.678654193878174,0.00254451553337276,1,1
8398,3.656313180923462,0.0039142826572060585,1,1
8399,3.8229458332061768,0.19900040328502655,1,1
8400,3.5734543800354004,0.09400736540555954,1,1
8401,3.2608370780944824,0.09481391310691833,0,0
8402,3.312385320663452,0.01461718138307333,1,1
8403,3.5277271270751953,0.01582178846001625,1,1
8404,3.1258511543273926,0.01400990691035986,0,0
8405,3.2366456985473633,0.043303053826093674,1,1
8406,3.4723103046417236,0.021815581247210503,1,1
8407,3.635261297225952,0.015744194388389587,1,1
8408,3.2338879108428955,0.36283227801322937,0,0
8409,2.9923908710479736,0.010784633457660675,0,0
8410,4.398182392120361,0.1692667007446289,0,0
8411,3.530693531036377,0.037592675536870956,0,0
8412,3.5139594078063965,0.0792071744799614,0,0
8413,3.392758846282959,0.009386010468006134,0,0
8414,3.061185359954834,0.23617671430110931,0,0
8415,3.0090560913085938,0.08567319810390472,0,0
8416,3.2980687618255615,0.6378060579299927,0,0
8417,3.313286304473877,0.3782934844493866,0,0
8418,3.4292633533477783,0.7212162017822266,1,1
8419,3.3885293006896973,0.11070292443037033,0,0
8420,3.4897918701171875,0.8347422480583191,1,1
8421,4.183500289916992,0.7073996067047119,1,1
8422,3.4566941261291504,0.10439915955066681,1,1
8423,3.788102626800537,0.04203524813055992,1,1
8424,3.212989330291748,0.26997676491737366,0,0
8425,3.4804415702819824,0.15680745244026184,1,1
8426,3.428819417953491,0.09455259889364243,1,1
8427,3.7125227451324463,0.025982988998293877,0,0
8428,3.476679801940918,0.004375103395432234,1,1
8429,3.507551908493042,0.20141854882240295,0,0
8430,3.8415915966033936,0.32111266255378723,1,1
8431,3.6907594203948975,0.16778503358364105,0,0
8432,4.133917331695557,0.29798588156700134,1,1
8433,3.4699645042419434,1.5013970136642456,0,0
8434,3.4262030124664307,0.41363975405693054,1,1
8435,3.4040844440460205,0.18395300209522247,1,1
8436,3.564297676086426,0.24275974929332733,1,1
8437,3.6771020889282227,0.01918337307870388,0,0
8438,3.364213228225708,0.2795982360839844,0,0
8439,3.422588586807251,0.02460181899368763,0,0
8440,3.3818085193634033,0.015042600221931934,1,1
8441,3.8123836517333984,0.2298877090215683,1,1
8442,3.112135648727417,0.0008657948346808553,1,1
8443,3.400420904159546,0.16532741487026215,0,0
8444,3.4781930446624756,0.000632968673016876,1,1
8445,3.761104106903076,0.001343414536677301,0,0
8446,3.9096148014068604,0.39295125007629395,0,0
8447,3.409152030944824,0.1180122047662735,1,1
8448,3.2841596603393555,0.00808795541524887,0,0
8449,3.8118057250976562,0.019931016489863396,0,0
8450,3.416158437728882,0.039579182863235474,0,0
8451,3.834810733795166,0.019330685958266258,1,1
8452,3.433574914932251,0.010152764618396759,1,1
8453,2.820600748062134,0.004918248392641544,0,0
8454,3.5875821113586426,0.091707743704319,1,1
8455,3.4624807834625244,0.003802785649895668,1,1
8456,3.4358489513397217,0.013259484432637691,0,0
8457,3.4825057983398438,0.5714066624641418,0,0
8458,3.8093461990356445,0.28150999546051025,1,1
8459,3.7221853733062744,0.020754074677824974,1,1
8460,3.7882914543151855,0.0005382314557209611,0,0
8461,3.2374885082244873,0.3655812442302704,1,1
8462,3.740328073501587,0.0001388453965773806,0,0
8463,3.4989161491394043,3.263950566179119e-05,1,1
8464,3.5882792472839355,0.032902657985687256,0,0
8465,3.4745900630950928,0.062281228601932526,0,0
8466,3.5132460594177246,0.037070587277412415,0,0
8467,3.575160026550293,0.020157819613814354,0,0
8468,3.6521995067596436,0.14243251085281372,1,1
8469,3.8712379932403564,0.016995994374155998,0,0
8470,2.9852800369262695,0.026088876649737358,1,1
8471,3.2525734901428223,0.003249631030485034,0,0
8472,3.2979488372802734,0.0638662800192833,0,0
8473,3.363710880279541,0.23105521500110626,1,1
8474,3.518282651901245,0.0006422285223379731,0,0
8475,3.342716932296753,0.0013427071971818805,1,1
8476,3.438544511795044,0.02054605819284916,1,1
8477,3.2923972606658936,0.004348334856331348,0,0
8478,3.5943410396575928,0.04472021013498306,0,0
8479,3.428893804550171,0.04843935742974281,0,0
8480,3.319498062133789,0.04872012883424759,0,0
8481,3.1322834491729736,0.01841071993112564,1,1
8482,3.1547324657440186,0.024477852508425713,0,0
8483,3.0881240367889404,0.0594387948513031,0,0
8484,2.851956844329834,0.05564282089471817,0,0
8485,3.8959882259368896,0.046575795859098434,0,0
8486,3.4971516132354736,0.35490062832832336,0,0
8487,3.3001246452331543,0.0008060936233960092,1,1
8488,3.225248336791992,0.06993528455495834,0,0
8489,2.71244740486145,0.010756590403616428,0,0
8490,2.7130610942840576,0.015601632185280323,0,0
8491,3.1718785762786865,0.004219483584165573,1,1
8492,3.451472043991089,0.40993642807006836,0,0
8493,3.7684900760650635,1.2485896348953247,1,1
8494,3.43563175201416,0.3272777795791626,1,1
8495,3.300123691558838,0.5152296423912048,0,0
8496,3.267930030822754,1.0835806131362915,0,0
8497,3.644974946975708,0.6422221064567566,1,1
8498,3.1996657848358154,0.011183112859725952,1,1
8499,2.908374309539795,0.0014901161193847656,1,1
8500,3.6276755332946777,0.09795369952917099,1,1
8501,3.529074192047119,0.09858293831348419,1,1
8502,3.898138999938965,0.05565648153424263,1,1
8503,3.658609390258789,0.0032672591041773558,1,1
8504,4.047496795654297,0.30438366532325745,1,1
8505,4.093737602233887,0.6063876152038574,1,1
8506,3.9617559909820557,0.4874489903450012,1,1
8507,3.5107479095458984,0.7612600922584534,0,0
8508,4.156818866729736,0.24536286294460297,1,1
8509,3.4368720054626465,0.05159437656402588,0,0
8510,3.9671127796173096,0.6812501549720764,0,0
8511,3.9314229488372803,0.20679858326911926,1,1
8512,3.5692014694213867,0.9753422141075134,0,0
8513,3.5803303718566895,0.03353586420416832,0,0
8514,3.912139654159546,0.7998981475830078,1,1
8515,3.6970629692077637,0.019974637776613235,0,0
8516,3.8407020568847656,0.12332195043563843,1,1
8517,3.351736307144165,3.362074707524698e-08,0,0
8518,3.6956608295440674,0.47235390543937683,1,1
8519,3.4742891788482666,0.05566103383898735,0,0
8520,3.6271495819091797,0.0013840408064424992,1,1
8521,3.4789483547210693,0.14190125465393066,0,0
8522,3.71016263961792,0.00011085355799878016,1,1
8523,3.513549566268921,0.1189955621957779,0,0
8524,3.2066423892974854,0.42937788367271423,0,0
8525,4.104823112487793,0.03438236191868782,1,1
8526,3.7855336666107178,0.00048413872718811035,0,0
8527,3.291271448135376,0.020651323720812798,0,0
8528,3.46976637840271,0.05642867088317871,1,1
8529,3.496352195739746,0.0026746541261672974,1,1
8530,3.776627540588379,0.004538740962743759,1,1
8531,3.852041006088257,0.007109266705811024,1,1
8532,3.3684372901916504,0.0024653063155710697,0,0
8533,3.1074376106262207,3.256742047597072e-06,1,1
8534,2.4770824909210205,0.0027490302454680204,0,0
8535,1.8389043807983398,0.00010523656237637624,0,0
8536,2.213162422180176,0.028359005227684975,0,0
8537,3.1433422565460205,4.71482053399086e-06,1,1
8538,3.939920663833618,0.040560510009527206,1,1
8539,3.496408224105835,0.03793023154139519,1,1
8540,3.1614584922790527,0.02796708047389984,0,0
8541,3.3559792041778564,0.017736107110977173,0,0
8542,3.3874828815460205,0.008860650472342968,0,0
8543,3.467381238937378,0.016432078555226326,1,1
8544,3.3349125385284424,0.0006017987034283578,0,0
8545,3.9608030319213867,0.009244435466825962,1,1
8546,3.111513137817383,0.19795136153697968,0,0
8547,3.393282890319824,7.228562753880396e-05,0,0
8548,3.365051031112671,0.0009483174653723836,0,0
8549,3.06077241897583,0.11466796696186066,1,1
8550,2.996767997741699,0.054591573774814606,0,0
8551,3.1824448108673096,0.09071097522974014,0,0
8552,3.309751272201538,0.0004820176400244236,1,1
8553,3.53902530670166,0.18766358494758606,0,0
8554,3.2753453254699707,0.10556860268115997,1,1
8555,3.6967697143554688,0.17615661025047302,1,1
8556,3.3900904655456543,0.0017533935606479645,0,0
8557,3.3331198692321777,0.2535177767276764,1,1
8558,3.778160572052002,0.008771850727498531,1,1
8559,3.5335588455200195,0.135390505194664,1,1
8560,3.4552645683288574,0.010804686695337296,0,0
8561,3.5227890014648438,0.0014789612032473087,1,1
8562,3.7765023708343506,0.04892910644412041,0,0
8563,3.8901946544647217,0.0195783581584692,0,0
8564,3.291306734085083,0.00012989724928047508,1,1
8565,3.4218897819519043,0.017021164298057556,1,1
8566,3.6807751655578613,0.0002644234336912632,1,1
8567,3.8574984073638916,0.03992166742682457,1,1
8568,3.2603392601013184,0.05332279950380325,0,0
8569,3.877232789993286,0.018694644793868065,1,1
8570,3.3263118267059326,0.20962564647197723,0,0
8571,3.2624871730804443,0.00530595937743783,1,1
8572,3.293940782546997,0.09369399398565292,0,0
8573,3.4948227405548096,0.0010772423120215535,1,1
8574,3.5410993099212646,0.45162734389305115,1,1
8575,3.42210054397583,0.40228596329689026,0,0
8576,3.8136963844299316,0.0686701163649559,0,0
8577,3.7622432708740234,0.8195234537124634,0,0
8578,3.414189100265503,0.19088803231716156,0,0
8579,3.7566418647766113,0.06451666355133057,1,1
8580,3.3671460151672363,0.17053166031837463,0,0
8581,3.1784322261810303,0.32264572381973267,0,0
8582,3.6930294036865234,0.2680646777153015,1,1
8583,3.4595658779144287,0.04478145390748978,1,1
8584,3.822824478149414,0.17121779918670654,0,0
8585,3.583483934402466,0.8645588159561157,0,0
8586,3.5427017211914062,0.41651222109794617,0,0
8587,3.4914395809173584,1.2542682886123657,1,1
8588,2.666154146194458,0.0070022642612457275,0,0
8589,2.2337913513183594,0.013303971849381924,1,1
8590,2.2197649478912354,0.003813505172729492,1,1
8591,2.675096273422241,0.0003856816329061985,0,0
8592,3.40256404876709,0.07996948808431625,0,0
8593,3.432682991027832,0.0011272208066657186,0,0
8594,2.65263295173645,0.06008994206786156,1,1
8595,3.703550100326538,0.05100857838988304,0,0
8596,3.740506172180176,0.008357477374374866,1,1
8597,3.3167271614074707,0.006684547755867243,0,0
8598,2.937328577041626,0.002153821289539337,1,1
8599,3.3441972732543945,0.007107639219611883,1,1
8600,3.3080787658691406,0.15039315819740295,1,1
8601,3.2723207473754883,0.05384553596377373,1,1
8602,3.5669703483581543,0.003872132394462824,1,1
8603,3.406627655029297,0.19541767239570618,0,0
8604,3.347899913787842,0.2937863767147064,0,0
8605,3.1397345066070557,0.13090437650680542,0,0
8606,3.292271375656128,0.00843706727027893,0,0
8607,3.2032783031463623,0.006123993545770645,0,0
8608,3.3801777362823486,0.001029635313898325,1,1
8609,3.253843307495117,0.23349235951900482,0,0
8610,2.9614696502685547,0.28320223093032837,0,0
8611,3.555445432662964,0.012143846601247787,1,1
8612,3.198629140853882,0.03425721451640129,0,0
8613,3.15976619720459,0.021588115021586418,0,0
8614,4.026805400848389,0.0019698217511177063,1,1
8615,2.981584072113037,0.13388203084468842,0,0
8616,3.4949519634246826,0.017810730263590813,0,0
8617,2.5214614868164062,0.04287835583090782,0,0
8618,3.345294952392578,0.1042993888258934,0,0
8619,3.4435269832611084,0.05936352536082268,1,1
8620,3.3466389179229736,0.04575468972325325,0,0
8621,3.6087827682495117,0.18304352462291718,0,0
8622,3.4263932704925537,0.0018783919513225555,0,0
8623,3.8367903232574463,0.0015230790013447404,1,1
8624,3.8145341873168945,0.015763575211167336,0,0
8625,3.2979142665863037,0.04534687474370003,0,0
8626,3.3185577392578125,0.0785999521613121,1,1
8627,3.7126669883728027,0.6413871645927429,1,1
8628,3.7597875595092773,0.008463681675493717,0,0
8629,3.4363489151000977,0.09509940445423126,1,1
8630,3.4233176708221436,1.4165416928335617e-07,0,0
8631,3.7226390838623047,1.0550403594970703,0,0
8632,3.834641456604004,0.6595215797424316,0,0
8633,3.8594605922698975,0.44306859374046326,0,0
8634,3.983511209487915,0.2666076719760895,0,0
8635,3.7955245971679688,0.003965164069086313,1,1
8636,2.9972479343414307,0.21909745037555695,0,0
8637,3.7132904529571533,0.2271750271320343,0,0
8638,3.0747921466827393,0.022297142073512077,1,1
8639,3.538494348526001,0.14516983926296234,0,0
8640,2.7891368865966797,0.12336261570453644,0,0
8641,3.0367631912231445,0.0018334918422624469,0,0
8642,3.148696184158325,0.0687611848115921,0,0
8643,3.4444358348846436,0.18579533696174622,1,1
8644,3.5160601139068604,0.00010092565935337916,1,1
8645,3.258516788482666,0.0015931666130200028,1,1
8646,3.308532953262329,0.13412223756313324,0,0
8647,3.3635897636413574,0.04189686104655266,1,1
8648,3.5799872875213623,0.16347269713878632,1,1
8649,3.7182955741882324,0.07572632282972336,0,0
8650,3.1939895153045654,1.2818817594961729e-05,1,1
8651,3.0457699298858643,0.4583059251308441,0,0
8652,2.8938348293304443,0.0960780456662178,0,0
8653,2.8937201499938965,0.6935076713562012,1,1
8654,3.0273187160491943,0.6367582678794861,1,1
8655,2.745401382446289,0.0889236107468605,0,0
8656,2.2332000732421875,0.10721172392368317,1,1
8657,2.707423448562622,0.08493471890687943,0,0
8658,2.2667901515960693,0.1254047304391861,0,0
8659,2.8340423107147217,0.05557454749941826,0,0
8660,2.558223247528076,0.09427978843450546,1,1
8661,2.8407702445983887,0.007381980307400227,0,0
8662,2.379072427749634,0.0014274590648710728,1,1
8663,2.911679744720459,0.15523694455623627,0,0
8664,2.726184129714966,0.14921285212039948,0,0
8665,2.362781047821045,0.01285150833427906,0,0
8666,2.816706895828247,0.03704829514026642,0,0
8667,2.7904508113861084,0.029637470841407776,1,1
8668,2.4580912590026855,0.045998599380254745,0,0
8669,2.5456650257110596,0.017426446080207825,0,0
8670,2.8818764686584473,0.23137076199054718,1,1
8671,2.780144453048706,0.16197781264781952,1,1
8672,2.802394390106201,3.5454428143566474e-05,0,0
8673,3.4341983795166016,0.2197665274143219,0,0
8674,2.821608543395996,0.28422001004219055,1,1
8675,2.756619691848755,0.02789933793246746,0,0
8676,3.2383086681365967,0.07186763733625412,1,1
8677,3.2570035457611084,0.006989349611103535,1,1
8678,3.7043466567993164,0.23664593696594238,1,1
8679,3.711580276489258,0.022719910368323326,1,1
8680,3.7268927097320557,0.051174361258745193,0,0
8681,3.335508346557617,0.02122383750975132,1,1
8682,3.819580554962158,0.06888777017593384,0,0
8683,3.4790000915527344,0.023601070046424866,1,1
8684,3.7766075134277344,0.057539042085409164,1,1
8685,3.3811802864074707,0.055570002645254135,1,1
8686,3.1951255798339844,0.05182259902358055,0,0
8687,3.360609769821167,0.18015657365322113,1,1
8688,3.7849252223968506,0.08159324526786804,1,1
8689,3.7899961471557617,0.041865259408950806,1,1
8690,3.210172653198242,0.025419840589165688,1,1
8691,3.4613327980041504,0.012683579698204994,1,1
8692,3.53962779045105,0.024571554735302925,1,1
8693,3.6222617626190186,0.11171344667673111,0,0
8694,3.76816725730896,0.6706658601760864,1,1
8695,3.030841827392578,0.14373938739299774,0,0
8696,3.243030548095703,0.00021319548250176013,1,1
8697,3.486271619796753,0.18371300399303436,0,0
8698,2.901825428009033,0.5256026387214661,0,0
8699,2.422910690307617,0.0873878076672554,0,0
8700,3.3552281856536865,0.3961397409439087,0,0
8701,3.8868470191955566,0.2313336431980133,1,1
8702,3.174799919128418,1.2532957792282104,1,1
8703,3.0740838050842285,0.17747138440608978,0,0
8704,3.558458089828491,0.0008749053813517094,1,1
8705,3.6109344959259033,0.49961143732070923,1,1
8706,3.210073471069336,0.20161782205104828,1,1
8707,3.4678232669830322,0.1431983858346939,1,1
8708,3.6388869285583496,8.159876415447798e-06,1,1
8709,3.46311092376709,0.01809779554605484,1,1
8710,3.516515016555786,0.04581250622868538,0,0
8711,3.6622936725616455,0.12983117997646332,1,1
8712,3.3677854537963867,0.033993370831012726,0,0
8713,3.488913059234619,0.29802805185317993,1,1
8714,3.3312149047851562,0.05407867953181267,0,0
8715,3.532376289367676,0.025610988959670067,0,0
8716,3.550513744354248,0.06680648028850555,1,1
8717,3.70942759513855,0.011126035824418068,0,0
8718,3.3176112174987793,0.12376970052719116,1,1
8719,2.895270586013794,0.0007022653007879853,0,0
8720,3.3661398887634277,0.10568778961896896,1,1
8721,2.60440993309021,0.0047664823941886425,0,0
8722,2.5031793117523193,0.01855241134762764,0,0
8723,2.540231466293335,0.010931449942290783,1,1
8724,3.3647351264953613,0.02314371056854725,0,0
8725,3.3286855220794678,0.0025993294548243284,0,0
8726,3.0975074768066406,0.018909014761447906,0,0
8727,3.39621901512146,0.038001686334609985,1,1
8728,3.0704972743988037,0.09315713495016098,0,0
8729,3.4796245098114014,0.04117700457572937,1,1
8730,3.206531524658203,0.026969080790877342,0,0
8731,3.585883378982544,0.2480182945728302,1,1
8732,3.670069932937622,0.2350805550813675,0,0
8733,3.9486663341522217,0.0038206600584089756,1,1
8734,3.9296534061431885,0.03603736683726311,0,0
8735,4.222967147827148,0.3992801308631897,1,1
8736,3.7952075004577637,0.0877705067396164,1,1
8737,2.9020369052886963,0.10785730183124542,1,1
8738,3.2935891151428223,0.6263434886932373,0,0
8739,4.033376216888428,0.008663724176585674,1,1
8740,3.4311118125915527,0.02599543333053589,0,0
8741,3.270618200302124,0.05210859328508377,0,0
8742,2.8395836353302,0.0013497889740392566,0,0
8743,3.251025438308716,0.28999072313308716,0,0
8744,3.0892112255096436,0.051805026829242706,0,0
8745,3.318145513534546,1.4975760677771177e-05,0,0
8746,3.881632089614868,0.0038409684784710407,0,0
8747,2.760924816131592,0.16473153233528137,1,1
8748,3.5132064819335938,0.058510731905698776,0,0
8749,3.7999444007873535,0.01078062504529953,0,0
8750,2.663349151611328,0.014489118941128254,1,1
8751,3.481698513031006,0.9933038949966431,0,0
8752,3.472869396209717,0.14623813331127167,0,0
8753,3.079143762588501,0.29358765482902527,0,0
8754,3.5609545707702637,0.23298899829387665,0,0
8755,4.2502546310424805,0.18116562068462372,0,0
8756,3.5718812942504883,0.47684818506240845,1,1
8757,3.306016683578491,1.155248999595642,0,0
8758,2.8641486167907715,0.15249626338481903,0,0
8759,3.864337205886841,0.20305033028125763,0,0
8760,2.862938642501831,0.12888707220554352,0,0
8761,3.2608160972595215,0.24594640731811523,0,0
8762,3.7257580757141113,0.04342764988541603,1,1
8763,4.0254740715026855,0.619488537311554,1,1
8764,3.6332082748413086,0.003498479723930359,1,1
8765,3.6214053630828857,0.00551177654415369,0,0
8766,3.6718220710754395,0.06145070865750313,1,1
8767,3.673726797103882,0.18387022614479065,1,1
8768,3.8214919567108154,0.09312178939580917,1,1
8769,3.5068042278289795,0.23368826508522034,0,0
8770,3.646604061126709,0.05500724911689758,1,1
8771,3.548515558242798,0.5076929926872253,0,0
8772,3.647822856903076,0.43788066506385803,1,1
8773,3.3526415824890137,0.4233160614967346,0,0
8774,2.975010871887207,0.01146035734564066,0,0
8775,3.2778074741363525,0.36242547631263733,0,0
8776,3.613156318664551,0.0019433557754382491,1,1
8777,2.7367167472839355,0.06568872928619385,1,1
8778,3.14547061920166,0.0012619198532775044,0,0
8779,3.281374216079712,0.028446832671761513,0,0
8780,3.7172820568084717,9.50042192471301e-07,0,0
8781,3.4739456176757812,0.036925800144672394,0,0
8782,3.6394402980804443,0.002071322640404105,1,1
8783,3.762904405593872,0.13374081254005432,0,0
8784,2.433255910873413,0.08951742202043533,0,0
8785,3.062788486480713,0.0091666579246521,0,0
8786,3.8072807788848877,0.14761419594287872,1,1
8787,3.579735279083252,0.000417389819631353,1,1
8788,3.564943552017212,0.00037290164618752897,1,1
8789,3.4007349014282227,0.05509781837463379,0,0
8790,2.917912721633911,1.0932661294937134,1,1
8791,2.7679924964904785,0.13803094625473022,0,0
8792,4.001862049102783,0.011377857066690922,1,1
8793,2.9953372478485107,0.012598946690559387,1,1
8794,3.522522211074829,0.0069378092885017395,1,1
8795,3.668952703475952,0.23149147629737854,1,1
8796,3.3633296489715576,0.2835618257522583,1,1
8797,3.417060375213623,0.0017004580004140735,1,1
8798,3.5549204349517822,0.2417527735233307,1,1
8799,3.268608570098877,0.04544968530535698,0,0
8800,3.147772789001465,0.03159600868821144,1,1
8801,2.8308677673339844,0.00413465965539217,0,0
8802,3.0923709869384766,0.10780026018619537,0,0
8803,3.062453508377075,0.11802547425031662,0,0
8804,3.535846710205078,0.0005125735187903047,0,0
8805,3.8503665924072266,0.1516232192516327,0,0
8806,3.1750783920288086,0.015061544254422188,1,1
8807,3.4341487884521484,0.2881332337856293,1,1
8808,3.5470423698425293,0.047745198011398315,0,0
8809,3.8232431411743164,0.00044219577102921903,1,1
8810,3.59798264503479,0.5154374241828918,0,0
8811,3.4480531215667725,0.06851845979690552,1,1
8812,3.9634199142456055,0.10709799826145172,0,0
8813,3.3612263202667236,0.057118501514196396,1,1
8814,3.362607002258301,0.4608050286769867,0,0
8815,3.4394519329071045,0.011913115158677101,1,1
8816,3.3767566680908203,0.022856850177049637,0,0
8817,3.192307233810425,0.003758874488994479,0,0
8818,3.494420289993286,0.0025289617478847504,1,1
8819,3.311899185180664,0.24965505301952362,1,1
8820,3.926456928253174,0.40645894408226013,1,1
8821,3.7980856895446777,0.021282928064465523,0,0
8822,3.009192705154419,0.1377800852060318,0,0
8823,3.591508388519287,0.0007940828800201416,0,0
8824,3.4120774269104004,0.003515625139698386,0,0
8825,3.415696859359741,0.0011506699956953526,1,1
8826,3.5115394592285156,0.47580909729003906,0,0
8827,3.437000036239624,0.003255134914070368,0,0
8828,3.8845882415771484,3.725290298461914e-08,0,0
8829,4.337244987487793,0.116854727268219,0,0
8830,3.676116704940796,0.0011175215477123857,0,0
8831,3.345029354095459,0.001026540994644165,0,0
8832,3.6801486015319824,0.011221927590668201,0,0
8833,3.349414587020874,9.938040602719411e-05,1,1
8834,3.5302581787109375,0.10888025909662247,1,1
8835,3.56054425239563,0.0036205374635756016,1,1
8836,3.4726805686950684,0.009547512046992779,1,1
8837,3.503704071044922,0.1357244998216629,0,0
8838,3.6447741985321045,0.014174875803291798,1,1
8839,3.935314416885376,0.1090204119682312,1,1
8840,3.8672420978546143,0.008108798414468765,0,0
8841,3.82106876373291,0.35229530930519104,1,1
8842,3.94334077835083,0.12807072699069977,1,1
8843,3.7663064002990723,0.5495023727416992,1,1
8844,3.1910276412963867,0.07970771193504333,1,1
8845,3.183518886566162,0.007558807730674744,0,0
8846,3.248115062713623,0.13866989314556122,1,1
8847,3.9636881351470947,0.08977169543504715,1,1
8848,3.8969473838806152,0.007807494606822729,0,0
8849,3.890953779220581,0.054668258875608444,1,1
8850,3.628246545791626,0.028359005227684975,1,1
8851,3.558095693588257,0.1926121860742569,1,1
8852,3.576481580734253,0.13806681334972382,0,0
8853,3.921037197113037,0.053953077644109726,1,1
8854,3.9220423698425293,0.00052399787819013,1,1
8855,3.7354605197906494,0.011162712238729,0,0
8856,3.8351635932922363,0.4585019648075104,1,1
8857,3.6314988136291504,0.1442447304725647,1,1
8858,3.5018105506896973,0.013053596019744873,1,1
8859,3.5395381450653076,0.06163745000958443,1,1
8860,3.6664791107177734,0.23462222516536713,0,0
8861,4.305349349975586,0.02618248574435711,1,1
8862,3.698925256729126,0.456961065530777,1,1
8863,3.3825509548187256,0.17531512677669525,1,1
8864,4.018346786499023,0.21794258058071136,1,1
8865,3.4992785453796387,0.0007633836357854307,0,0
8866,3.9291627407073975,0.029917240142822266,1,1
8867,3.986802816390991,0.3515052795410156,1,1
8868,3.463367223739624,0.02191261760890484,0,0
8869,4.066583156585693,0.2682245969772339,1,1
8870,3.8591701984405518,0.016925610601902008,0,0
8871,3.960568904876709,0.21478240191936493,0,0
8872,3.8694188594818115,0.09463570266962051,0,0
8873,4.01814079284668,0.006752575282007456,0,0
8874,3.7886765003204346,0.016227364540100098,1,1
8875,3.719360589981079,0.21230290830135345,1,1
8876,3.571798801422119,0.010834801010787487,1,1
8877,3.64400315284729,0.15010885894298553,0,0
8878,3.625035524368286,0.36066147685050964,1,1
8879,3.279280424118042,0.06209351494908333,0,0
8880,3.4654269218444824,0.13739348948001862,0,0
8881,3.5004608631134033,0.051073987036943436,1,1
8882,3.695697069168091,0.34819459915161133,0,0
8883,3.3995392322540283,0.5683178305625916,1,1
8884,3.6807363033294678,0.007008726242929697,0,0
8885,3.3836188316345215,0.05871165916323662,1,1
8886,3.0081064701080322,0.4566219449043274,1,1
8887,2.506171464920044,0.2392161339521408,1,1
8888,3.3537073135375977,0.12991464138031006,0,0
8889,3.8260834217071533,0.006011235993355513,1,1
8890,3.5558176040649414,0.14691056311130524,1,1
8891,3.2579092979431152,0.010009360499680042,0,0
8892,3.3670814037323,0.0034529641270637512,1,1
8893,3.379585027694702,0.49028298258781433,1,1
8894,2.485349416732788,0.030828792601823807,0,0
8895,3.4098494052886963,0.19456538558006287,1,1
8896,3.664151430130005,0.0018909607315436006,0,0
8897,3.335986375808716,0.06777779757976532,1,1
8898,3.542797327041626,0.062242697924375534,0,0
8899,3.9449398517608643,0.19628892838954926,1,1
8900,3.9865264892578125,0.01306462474167347,0,0
8901,4.17228364944458,0.03761139139533043,1,1
8902,3.7777528762817383,0.018586603924632072,1,1
8903,3.5663585662841797,0.29794377088546753,0,0
8904,3.844289541244507,0.14541999995708466,1,1
8905,3.681232213973999,0.005725890398025513,1,1
8906,3.8989391326904297,0.0031146302353590727,1,1
8907,3.506201982498169,0.053773898631334305,0,0
8908,3.7952017784118652,3.9348378777503967e-07,1,1
8909,4.346244812011719,0.1004582867026329,1,1
8910,3.974358081817627,0.1720333993434906,1,1
8911,3.4979400634765625,0.06428645551204681,0,0
8912,3.5271451473236084,0.004279877990484238,0,0
8913,3.793337106704712,0.032759275287389755,1,1
8914,4.209137916564941,0.0035650066565722227,0,0
8915,4.231501579284668,0.07908771932125092,1,1
8916,3.742536783218384,0.015414155088365078,1,1
8917,3.742570400238037,0.3941499888896942,0,0
8918,4.305794715881348,0.04176659137010574,1,1
8919,3.6455323696136475,0.08296626061201096,0,0
8920,3.6659977436065674,0.22419504821300507,1,1
8921,3.663987398147583,0.00964204128831625,1,1
8922,3.8196797370910645,0.15940141677856445,1,1
8923,3.769510269165039,0.0006870046490803361,0,0
8924,4.117469310760498,0.14827492833137512,1,1
8925,3.5545403957366943,0.11090850830078125,0,0
8926,3.922151803970337,0.09446952491998672,1,1
8927,3.764824867248535,0.13791625201702118,0,0
8928,3.467534303665161,0.04040517285466194,0,0
8929,3.4458205699920654,0.2647671699523926,0,0
8930,3.8144607543945312,0.4373699128627777,1,1
8931,3.737881898880005,0.24680863320827484,1,1
8932,3.7255637645721436,0.04730340093374252,1,1
8933,3.961291551589966,0.10514885187149048,1,1
8934,3.88431715965271,0.0024356876965612173,1,1
8935,3.996753454208374,0.32750970125198364,1,1
8936,3.5650882720947266,0.11986267566680908,0,0
8937,3.1023831367492676,0.5746063590049744,0,0
8938,3.3385725021362305,0.26227036118507385,0,0
8939,3.63002347946167,0.15682272613048553,0,0
8940,3.3410232067108154,0.011048807762563229,1,1
8941,3.6541178226470947,0.333323210477829,0,0
8942,4.042751789093018,0.8428382873535156,0,0
8943,3.7549939155578613,0.2101031094789505,0,0
8944,3.408331871032715,0.1718493103981018,0,0
8945,3.8946533203125,0.0991898775100708,1,1
8946,3.911262273788452,0.33712267875671387,1,1
8947,3.6312336921691895,0.05326487496495247,1,1
8948,3.471837282180786,0.0011350103886798024,0,0
8949,3.227907419204712,0.759122908115387,0,0
8950,3.649369955062866,0.052722811698913574,0,0
8951,3.0902647972106934,0.31215283274650574,1,1
8952,3.0816211700439453,0.000152587890625,0,0
8953,2.6043152809143066,0.16297364234924316,0,0
8954,2.3239808082580566,0.14444272220134735,1,1
8955,2.997544288635254,0.017220675945281982,0,0
8956,2.847405195236206,0.024122823029756546,0,0
8957,3.816009044647217,0.08819415420293808,0,0
8958,3.2712411880493164,0.017314519733190536,0,0
8959,3.351032018661499,0.0655008852481842,0,0
8960,3.1763813495635986,0.32111266255378723,0,0
8961,2.8031437397003174,0.14528754353523254,1,1
8962,3.009373664855957,0.2582039535045624,1,1
8963,3.3715531826019287,0.0705183744430542,0,0
8964,2.859055757522583,0.3222730755805969,0,0
8965,3.0661158561706543,0.10397551208734512,1,1
8966,3.423143148422241,0.14186491072177887,0,0
8967,3.4250664710998535,0.16987870633602142,1,1
8968,3.277665853500366,0.004568697419017553,1,1
8969,3.533003330230713,0.10074601322412491,0,0
8970,3.299846887588501,0.07818924635648727,1,1
8971,2.778648853302002,0.22704625129699707,0,0
8972,3.2097692489624023,0.13996663689613342,0,0
8973,3.1683738231658936,0.04095406457781792,1,1
8974,3.301717758178711,0.10639800876379013,1,1
8975,3.3434031009674072,0.05991028621792793,1,1
8976,3.5111923217773438,0.011826898902654648,1,1
8977,3.4760689735412598,0.09239288419485092,1,1
8978,3.473283290863037,0.032299768179655075,0,0
8979,3.3555901050567627,0.018332237377762794,1,1
8980,3.3670239448547363,2.691522205111596e-08,0,0
8981,3.2693183422088623,0.007148377597332001,0,0
8982,3.505993366241455,0.005869913846254349,0,0
8983,3.050132989883423,0.15924732387065887,1,1
8984,3.6425130367279053,0.0032982230186462402,0,0
8985,3.8100945949554443,0.0010740772122517228,0,0
8986,3.7867345809936523,0.5618757605552673,1,1
8987,3.6389756202697754,0.002139513147994876,0,0
8988,3.645358085632324,0.019244907423853874,0,0
8989,3.5230793952941895,0.017380615696310997,1,1
8990,3.5618348121643066,0.007766617927700281,0,0
8991,3.6816418170928955,0.005807970650494099,1,1
8992,3.67266845703125,0.25853750109672546,0,0
8993,3.4354970455169678,0.01044855173677206,0,0
8994,3.9184274673461914,0.03528653085231781,1,1
8995,3.4829599857330322,0.1409938782453537,0,0
8996,3.839350938796997,0.013689639046788216,0,0
8997,3.8105993270874023,0.0016687706811353564,1,1
8998,3.5431530475616455,0.08054361492395401,0,0
8999,3.2078592777252197,0.005714212544262409,0,0
9000,3.4773592948913574,0.010905232280492783,1,1
9001,3.713846206665039,0.29708048701286316,1,1
9002,3.1794605255126953,0.005805029068142176,0,0
9003,3.6653168201446533,9.822929132496938e-05,1,1
9004,3.360173463821411,0.2343885451555252,0,0
9005,3.3838539123535156,0.3162097632884979,1,1
9006,3.333256959915161,0.24523858726024628,0,0
9007,3.5509660243988037,0.11228185892105103,1,1
9008,3.5731613636016846,0.10212913900613785,0,0
9009,3.446697950363159,0.31899434328079224,1,1
9010,3.2501308917999268,0.005609646439552307,0,0
9011,3.105684995651245,0.28396281599998474,1,1
9012,3.334942102432251,0.050105899572372437,1,1
9013,3.5195348262786865,0.034687239676713943,0,0
9014,3.694705009460449,0.0008215103298425674,1,1
9015,3.0574870109558105,0.025598634034395218,0,0
9016,3.367464303970337,0.20479349792003632,0,0
9017,4.261989593505859,0.05218351632356644,1,1
9018,3.7414610385894775,0.10948612540960312,0,0
9019,4.002107620239258,0.0008834898471832275,1,1
9020,4.13911771774292,0.0004241201968397945,0,0
9021,4.033830165863037,0.0014332988066598773,1,1
9022,4.043137550354004,0.011991188861429691,1,1
9023,3.9863429069519043,0.1571209728717804,0,0
9024,3.4070041179656982,0.09841332584619522,1,1
9025,3.321995258331299,0.0061345710419118404,0,0
9026,3.637509822845459,0.010836810804903507,0,0
9027,3.551112174987793,0.043766170740127563,0,0
9028,3.2345800399780273,0.0359128974378109,0,0
9029,3.3886561393737793,0.007994494400918484,0,0
9030,3.962263584136963,0.036294300109148026,1,1
9031,3.3408257961273193,0.2957669496536255,1,1
9032,3.179264783859253,0.07886532694101334,0,0
9033,3.8201236724853516,0.11369619518518448,0,0
9034,3.4171178340911865,0.08195752650499344,0,0
9035,3.4875905513763428,0.0024290240835398436,1,1
9036,3.734820604324341,0.003721103072166443,1,1
9037,3.720991373062134,0.0030036121606826782,0,0
9038,3.509422540664673,0.13856928050518036,1,1
9039,3.74102783203125,0.02847287990152836,1,1
9040,3.598708152770996,0.08189123123884201,1,1
9041,3.2218005657196045,0.07452018558979034,0,0
9042,3.3494293689727783,0.19498276710510254,0,0
9043,3.8048665523529053,0.0002278104511788115,0,0
9044,3.7602717876434326,0.05244839936494827,0,0
9045,3.7844367027282715,0.1048736497759819,0,0
9046,3.894895315170288,0.09393637627363205,0,0
9047,3.6948447227478027,0.005284891463816166,0,0
9048,3.9834654331207275,0.01136550772935152,1,1
9049,3.723285436630249,0.3067522346973419,1,1
9050,3.9048216342926025,0.0032408349215984344,1,1
9051,3.7690529823303223,0.2279023677110672,0,0
9052,3.7766969203948975,0.018549783155322075,0,0
9053,3.394885540008545,0.24723072350025177,0,0
9054,4.261518955230713,0.12376970052719116,0,0
9055,2.8839244842529297,0.041310276836156845,0,0
9056,2.9941790103912354,0.010098383761942387,0,0
9057,3.880490303039551,0.0004221350827720016,1,1
9058,3.585697650909424,0.053988952189683914,1,1
9059,3.7617902755737305,0.02847287990152836,0,0
9060,3.3511359691619873,0.03268246352672577,1,1
9061,3.2254316806793213,0.03832973167300224,1,1
9062,3.3447885513305664,0.0894019678235054,0,0
9063,3.6313626766204834,0.02094358392059803,1,1
9064,3.789565086364746,0.03158571943640709,1,1
9065,3.3072993755340576,0.21000580489635468,0,0
9066,3.8304035663604736,0.01271185465157032,1,1
9067,3.2580173015594482,3.6881306186842266e-06,1,1
9068,3.44122576713562,0.008761007338762283,1,1
9069,3.6932640075683594,0.06512107700109482,1,1
9070,3.0142061710357666,0.060402609407901764,0,0
9071,3.2920327186584473,0.007886141538619995,1,1
9072,3.0765650272369385,0.08319435268640518,0,0
9073,3.4867565631866455,0.05774756893515587,0,0
9074,4.100646495819092,0.11745589971542358,1,1
9075,3.4428751468658447,0.07556706666946411,0,0
9076,3.448413848876953,0.45243191719055176,0,0
9077,3.362311840057373,0.8881921172142029,1,1
9078,3.5276541709899902,0.1431107521057129,0,0
9079,3.4671175479888916,0.10445529222488403,0,0
9080,3.650966167449951,0.031131142750382423,0,0
9081,3.7283682823181152,1.227194479724858e-05,0,0
9082,3.715501546859741,3.2309537346009165e-05,1,1
9083,3.5694451332092285,0.025432148948311806,0,0
9084,3.314772605895996,0.012618452310562134,0,0
9085,3.0461525917053223,0.08567319810390472,1,1
9086,4.064781665802002,0.0393567830324173,1,1
9087,3.794498920440674,0.14279696345329285,0,0
9088,3.880911111831665,0.0002541676221881062,0,0
9089,4.056297779083252,0.0376787967979908,1,1
9090,3.988283157348633,0.004184451885521412,0,0
9091,3.9925622940063477,0.08007868379354477,0,0
9092,3.2723119258880615,0.002855282975360751,0,0
9093,3.256366014480591,0.13258573412895203,0,0
9094,3.8330700397491455,0.14527282118797302,1,1
9095,3.9581923484802246,0.00862066075205803,1,1
9096,3.2571117877960205,0.005556286778301001,0,0
9097,3.4573519229888916,0.03727153316140175,1,1
9098,4.055413722991943,0.14716218411922455,0,0
9099,4.025729179382324,0.21026240289211273,1,1
9100,3.9128940105438232,0.022427022457122803,1,1
9101,3.8847782611846924,0.00020926828437950462,0,0
9102,3.856722593307495,0.14059555530548096,0,0
9103,3.8417272567749023,0.03301128372550011,0,0
9104,3.5788774490356445,0.05753440782427788,1,1
9105,4.142414569854736,0.005651647225022316,1,1
9106,3.820934534072876,0.0052038230933249,0,0
9107,4.066127300262451,0.0002829403674695641,1,1
9108,3.8904271125793457,0.24514301121234894,1,1
9109,4.254143238067627,0.00011004218686139211,1,1
9110,3.790215253829956,0.000937058066483587,0,0
9111,3.955277919769287,0.37732067704200745,0,0
9112,4.653872966766357,0.002751054707914591,1,1
9113,4.124914646148682,0.06009940057992935,0,0
9114,4.069382190704346,0.08860733360052109,1,1
9115,3.8795430660247803,0.13244520127773285,0,0
9116,4.297447681427002,0.27497389912605286,1,1
9117,4.328344345092773,0.0817035511136055,0,0
9118,3.605609893798828,0.005822689272463322,0,0
9119,4.66579532623291,0.15611271560192108,1,1
9120,4.415243148803711,0.000563141074962914,0,0
9121,4.191359043121338,0.0027147307991981506,0,0
9122,4.809778213500977,0.015082868747413158,1,1
9123,3.783571720123291,0.015356697142124176,0,0
9124,3.8798396587371826,0.006459242198616266,0,0
9125,4.029023170471191,0.09527208656072617,0,0
9126,4.084113597869873,0.10451767593622208,1,1
9127,3.8897500038146973,0.018007030710577965,0,0
9128,4.434040069580078,0.004717306233942509,1,1
9129,4.0639801025390625,0.0013103709788993,0,0
9130,4.526448726654053,0.0694461390376091,0,0
9131,3.431307077407837,0.08106483519077301,1,1
9132,3.4513955116271973,0.006204307544976473,0,0
9133,3.6785221099853516,0.27164408564567566,0,0
9134,3.9805006980895996,0.15175852179527283,0,0
9135,3.7029316425323486,0.01454493124037981,1,1
9136,3.9094583988189697,0.002179876435548067,0,0
9137,3.4468977451324463,0.05780324339866638,1,1
9138,3.656018018722534,0.03464411944150925,1,1
9139,3.469888210296631,0.006819353438913822,1,1
9140,3.709134578704834,0.009442191570997238,1,1
9141,3.5662810802459717,0.07641837000846863,1,1
9142,3.911135196685791,0.007877574302256107,1,1
9143,4.092530250549316,0.1004827618598938,1,1
9144,3.6955623626708984,0.11672281473875046,1,1
9145,3.7956395149230957,0.045696910470724106,0,0
9146,3.905508041381836,0.006257631815969944,0,0
9147,3.889263868331909,0.00019608075672294945,0,0
9148,3.407153606414795,0.017495308071374893,1,1
9149,4.05717134475708,0.10354652255773544,0,0
9150,3.4935693740844727,0.20773880183696747,0,0
9151,3.5037598609924316,0.025864899158477783,0,0
9152,3.4549050331115723,0.16055940091609955,0,0
9153,3.7439615726470947,0.006538596004247665,1,1
9154,3.311326026916504,0.06388580054044724,0,0
9155,3.071821928024292,0.39276978373527527,0,0
9156,3.6484405994415283,0.007309194654226303,0,0
9157,3.0879764556884766,2.7258041882305406e-05,0,0
9158,3.5923635959625244,0.3087973892688751,1,1
9159,3.742739200592041,0.06164224073290825,0,0
9160,3.671832323074341,0.11489029228687286,0,0
9161,3.4472222328186035,0.00844948273152113,0,0
9162,3.817955255508423,0.001190288458019495,0,0
9163,3.798722267150879,0.20313730835914612,0,0
9164,3.448756217956543,0.560227632522583,0,0
9165,3.632150650024414,0.025743979960680008,1,1
9166,3.720945119857788,0.0010123670799657702,0,0
9167,3.576483964920044,0.18811535835266113,1,1
9168,3.541759967803955,0.26033657789230347,0,0
9169,3.5698323249816895,0.2555919587612152,1,1
9170,3.556216239929199,0.1899951994419098,0,0
9171,3.4235212802886963,0.8488559126853943,0,0
9172,3.650958776473999,0.5668782591819763,1,1
9173,3.7249927520751953,0.3969540596008301,1,1
9174,3.798780918121338,0.03071705996990204,0,0
9175,3.559206008911133,0.51829594373703,0,0
9176,3.153454542160034,0.09242808818817139,1,1
9177,3.1881725788116455,0.021964075043797493,1,1
9178,3.2903878688812256,0.0004405737854540348,0,0
9179,3.162630796432495,0.013982506468892097,1,1
9180,3.5148980617523193,0.011232152581214905,1,1
9181,3.461146354675293,0.04476103186607361,1,1
9182,3.290550708770752,0.06084933504462242,1,1
9183,3.4630088806152344,0.15645606815814972,1,1
9184,3.5348503589630127,0.303022176027298,1,1
9185,3.4728333950042725,0.02455340512096882,0,0
9186,3.4344635009765625,0.021884053945541382,1,1
9187,3.3963544368743896,0.023281922563910484,0,0
9188,3.4732632637023926,0.028707856312394142,1,1
9189,3.1894423961639404,0.047660887241363525,0,0
9190,3.8597164154052734,0.01905793510377407,1,1
9191,3.9220194816589355,0.1344192922115326,0,0
9192,2.954951047897339,0.060165662318468094,1,1
9193,3.140685796737671,0.20888400077819824,1,1
9194,3.365323543548584,0.008202924393117428,0,0
9195,3.689854860305786,6.005251998431049e-05,0,0
9196,3.327409267425537,0.011283350177109241,0,0
9197,3.2467973232269287,0.0011869613081216812,1,1
9198,3.1205732822418213,0.0037376047112047672,0,0
9199,3.0751218795776367,0.016114462167024612,0,0
9200,2.9076216220855713,0.025502992793917656,0,0
9201,2.9883265495300293,0.05140165239572525,0,0
9202,3.1281046867370605,0.009035924449563026,0,0
9203,3.236909866333008,0.008761007338762283,0,0
9204,2.7470011711120605,0.5909759998321533,0,0
9205,3.2776153087615967,0.3489694893360138,0,0
9206,3.2878220081329346,2.5355257093906403e-06,1,1
9207,3.2075769901275635,0.0059054577723145485,0,0
9208,3.45566987991333,0.23742590844631195,0,0
9209,3.1914114952087402,0.08833751082420349,1,1
9210,3.0255329608917236,0.030995070934295654,0,0
9211,2.918675184249878,0.004252144135534763,0,0
9212,2.87756609916687,0.35153961181640625,0,0
9213,3.1114566326141357,0.022650141268968582,0,0
9214,2.8165488243103027,0.0010271595092490315,1,1
9215,2.3620080947875977,0.4077150821685791,1,1
9216,3.188042402267456,0.09800202399492264,0,0
9217,3.648672580718994,0.017736107110977173,1,1
9218,3.3591251373291016,0.14180676639080048,0,0
9219,3.3458900451660156,0.04963178560137749,0,0
9220,3.096994400024414,0.0005346551770344377,0,0
9221,3.355501890182495,0.009188846684992313,1,1
9222,3.2665205001831055,0.00019554058962967247,1,1
9223,2.9486844539642334,0.15242843329906464,0,0
9224,3.1362180709838867,0.03453642874956131,1,1
9225,3.467294454574585,0.056671928614377975,0,0
9226,3.426596164703369,0.17639970779418945,0,0
9227,3.6544435024261475,0.001399882952682674,0,0
9228,3.730293035507202,0.008851569145917892,1,1
9229,3.4211173057556152,1.5048518180847168,1,1
9230,3.9078660011291504,0.4136521518230438,1,1
9231,3.8112099170684814,0.012983125634491444,0,0
9232,3.8698842525482178,0.0572015643119812,1,1
9233,3.6398775577545166,0.0010646098526194692,0,0
9234,4.024893760681152,0.012370350770652294,0,0
9235,4.038515090942383,0.00025694453506730497,1,1
9236,3.498873233795166,0.010456444695591927,1,1
9237,3.7977099418640137,0.016565954312682152,1,1
9238,3.420064687728882,0.004238310735672712,0,0
9239,3.627171277999878,0.040957968682050705,0,0
9240,3.6653523445129395,0.13843999803066254,1,1
9241,3.367696762084961,0.009309500455856323,0,0
9242,3.529984951019287,0.030544782057404518,1,1
9243,3.5632855892181396,0.030154738575220108,1,1
9244,3.3407342433929443,0.03992552310228348,0,0
9245,3.2431600093841553,0.14074759185314178,1,1
9246,3.3077752590179443,0.006891265511512756,0,0
9247,3.4435956478118896,0.026899391785264015,0,0
9248,4.041557788848877,0.007612600922584534,1,1
9249,3.791421890258789,0.033957794308662415,0,0
9250,4.266201972961426,0.0683467909693718,1,1
9251,3.7009146213531494,0.0009094947017729282,1,1
9252,3.3110930919647217,0.49951598048210144,0,0
9253,3.1263997554779053,0.1533491611480713,1,1
9254,3.681215524673462,0.011081292293965816,0,0
9255,3.2256412506103516,0.5188657641410828,0,0
9256,3.6979846954345703,0.05669490620493889,1,1
9257,3.6064295768737793,7.261419523274526e-05,0,0
9258,4.3042473793029785,0.16810141503810883,1,1
9259,3.4988648891448975,0.10496743023395538,1,1
9260,3.876161813735962,0.000594717392232269,1,1
9261,3.592940330505371,0.002500892151147127,1,1
9262,3.4579851627349854,0.002002508146688342,1,1
9263,3.6874911785125732,0.2133268564939499,1,1
9264,3.7297565937042236,0.0017100222175940871,1,1
9265,3.4861435890197754,0.0006634333403781056,1,1
9266,3.400059223175049,0.07332371920347214,1,1
9267,3.463366746902466,0.0015985638601705432,0,0
9268,4.130880355834961,0.008802607655525208,1,1
9269,3.709476947784424,0.09824386239051819,0,0
9270,4.1035614013671875,0.08442922681570053,0,0
9271,3.8730545043945312,0.006242373026907444,1,1
9272,4.016720771789551,0.060773175209760666,1,1
9273,3.630284309387207,0.000576038786675781,1,1
9274,4.406475067138672,0.0002934248186647892,1,1
9275,3.700162410736084,0.02312903106212616,0,0
9276,3.5215699672698975,0.023916421458125114,1,1
9277,3.1718177795410156,0.002690649125725031,0,0
9278,4.282233238220215,0.0002399110235273838,1,1
9279,4.089656352996826,0.09847994893789291,1,1
9280,3.6784026622772217,0.002108380664139986,0,0
9281,4.241726398468018,0.039686769247055054,1,1
9282,3.5561280250549316,0.001129814307205379,0,0
9283,4.216506004333496,0.053688894957304,1,1
9284,3.3688604831695557,0.0049290829338133335,0,0
9285,4.30417537689209,0.02996065653860569,1,1
9286,4.356423854827881,0.1181315928697586,0,0
9287,3.6828255653381348,0.06006155535578728,1,1
9288,3.983283042907715,0.0004556909261737019,0,0
9289,3.680083990097046,0.030521174892783165,1,1
9290,3.9967007637023926,0.0038421645294874907,1,1
9291,3.699918508529663,0.02490243874490261,0,0
9292,4.443237781524658,0.026232479140162468,1,1
9293,4.161542892456055,0.09467726945877075,0,0
9294,3.408210039138794,0.007708892226219177,0,0
9295,3.042722463607788,0.2506783604621887,0,0
9296,3.5884640216827393,0.22389356791973114,1,1
9297,3.3245389461517334,0.2285478115081787,1,1
9298,3.428006410598755,0.046659138053655624,1,1
9299,3.267822027206421,0.28124380111694336,1,1
9300,3.0125224590301514,0.09306879341602325,0,0
9301,2.8841872215270996,0.008433522656559944,1,1
9302,2.7575347423553467,0.06493404507637024,0,0
9303,2.728489875793457,0.0011117220856249332,0,0
9304,2.75669002532959,0.014670901000499725,1,1
9305,2.9189445972442627,0.0023441656958311796,0,0
9306,3.1901087760925293,0.020745735615491867,1,1
9307,3.1896297931671143,0.0024176225997507572,0,0
9308,3.503704309463501,0.4292008578777313,1,1
9309,3.5590620040893555,0.5114405751228333,0,0
9310,3.728579044342041,0.26705631613731384,1,1
9311,2.405883312225342,0.6707133054733276,1,1
9312,3.860905408859253,0.11738315969705582,1,1
9313,3.614607095718384,0.023791221901774406,1,1
9314,3.4892749786376953,0.03616204857826233,0,0
9315,3.7410569190979004,0.2271750271320343,1,1
9316,3.5897316932678223,0.011672082357108593,0,0
9317,4.037298679351807,0.16344930231571198,1,1
9318,3.4549179077148438,0.012551330029964447,1,1
9319,3.469900369644165,0.10066639631986618,1,1
9320,3.8803861141204834,0.019360214471817017,0,0
9321,3.4031410217285156,0.23276546597480774,0,0
9322,2.771843910217285,0.027622774243354797,1,1
9323,3.533463954925537,0.030302390456199646,1,1
9324,3.609647512435913,0.1184900775551796,1,1
9325,3.7787883281707764,0.043110478669404984,1,1
9326,3.700570821762085,0.003748232265934348,1,1
9327,4.558403015136719,0.10145176947116852,1,1
9328,3.2901949882507324,0.2236744463443756,0,0
9329,3.5999157428741455,0.014005337841808796,1,1
9330,3.108835220336914,0.20430465042591095,0,0
9331,3.176058292388916,0.09957929700613022,0,0
9332,3.2536981105804443,0.10668151825666428,0,0
9333,3.699512243270874,0.008922531269490719,0,0
9334,3.5621209144592285,0.026051480323076248,1,1
9335,2.970160484313965,0.0005658925510942936,0,0
9336,3.320962905883789,0.027690181508660316,1,1
9337,3.5408573150634766,0.0036391429603099823,0,0
9338,3.5211665630340576,1.038413643836975,0,0
9339,3.2402360439300537,0.0482865534722805,0,0
9340,3.8848085403442383,0.07642904669046402,1,1
9341,3.3414018154144287,0.16085343062877655,0,0
9342,3.8930559158325195,0.08025356382131577,1,1
9343,3.8751330375671387,0.09212320297956467,1,1
9344,3.3197476863861084,0.2444363683462143,1,1
9345,3.116307497024536,0.001344122109003365,0,0
9346,3.1184732913970947,0.03515612706542015,0,0
9347,2.893326759338379,0.006158782634884119,0,0
9348,3.736001491546631,0.0845751017332077,1,1
9349,3.6731889247894287,0.03587998077273369,1,1
9350,3.487056016921997,0.087953582406044,1,1
9351,3.4748518466949463,0.00790500734001398,1,1
9352,3.2255494594573975,0.322908878326416,1,1
9353,3.558012008666992,0.10026873648166656,0,0
9354,3.0861008167266846,0.13147763907909393,1,1
9355,2.932559013366699,0.008575918152928352,1,1
9356,3.2208144664764404,0.23492148518562317,0,0
9357,3.334117889404297,0.00015909309149719775,0,0
9358,3.4291820526123047,0.015746617689728737,1,1
9359,3.7554194927215576,0.018684091046452522,1,1
9360,3.6113622188568115,0.022988349199295044,1,1
9361,2.4760451316833496,0.07071327418088913,0,0
9362,2.793213367462158,0.04187710955739021,0,0
9363,3.183960437774658,0.05972146615386009,0,0
9364,3.0130763053894043,0.00970278400927782,0,0
9365,2.84568452835083,0.007310844957828522,0,0
9366,3.478046417236328,0.26120391488075256,1,1
9367,3.025023937225342,0.06731629371643066,0,0
9368,2.1629714965820312,0.017439188435673714,0,0
9369,3.210829019546509,0.03422864153981209,1,1
9370,3.3448667526245117,0.072074756026268,1,1
9371,3.35288405418396,0.11817139387130737,0,0
9372,3.159506320953369,0.00014950419426895678,1,1
9373,3.229445219039917,0.04998932033777237,1,1
9374,3.6668334007263184,0.03499707579612732,0,0
9375,3.465183734893799,0.12837481498718262,1,1
9376,3.5190443992614746,7.934206951176748e-05,1,1
9377,3.4592297077178955,0.12125660479068756,0,0
9378,3.396669864654541,0.018478874117136,1,1
9379,3.5091593265533447,0.23942387104034424,1,1
9380,3.255733013153076,0.23258855938911438,1,1
9381,3.3439996242523193,0.04271066188812256,1,1
9382,3.147878646850586,0.008862468414008617,0,0
9383,3.8715312480926514,0.028099576011300087,1,1
9384,3.7409911155700684,0.07011916488409042,1,1
9385,3.8741798400878906,0.07993128150701523,1,1
9386,3.6667163372039795,0.4305042326450348,0,0
9387,3.482422113418579,0.012493014335632324,1,1
9388,3.2174715995788574,0.032369181513786316,0,0
9389,3.242483615875244,0.061206936836242676,1,1
9390,3.7910678386688232,0.12504957616329193,0,0
9391,3.4786579608917236,0.052993495017290115,1,1
9392,4.073418140411377,0.019403208047151566,1,1
9393,3.370084285736084,0.0006117829470895231,1,1
9394,3.343214511871338,0.021769993007183075,1,1
9395,4.170464038848877,0.0031970329582691193,0,0
9396,4.035714626312256,0.09240461885929108,1,1
9397,3.222792387008667,0.00308239902369678,0,0
9398,3.8729372024536133,0.0014953360660001636,0,0
9399,4.221875190734863,0.00039983392343856394,1,1
9400,3.548645257949829,0.04355242848396301,0,0
9401,3.5300965309143066,0.0344969816505909,1,1
9402,3.4276316165924072,0.0644480511546135,0,0
9403,3.16595458984375,0.03781003877520561,1,1
9404,3.6156508922576904,0.13583117723464966,1,1
9405,3.4519970417022705,0.03253607824444771,1,1
9406,3.4239606857299805,0.10527405887842178,0,0
9407,3.8767457008361816,0.1062658429145813,1,1
9408,3.5457887649536133,0.0003281169629190117,1,1
9409,3.5168416500091553,0.04127105697989464,0,0
9410,3.199666976928711,0.28073224425315857,0,0
9411,3.843468427658081,9.477232197241392e-06,1,1
9412,3.6352765560150146,0.07439378648996353,0,0
9413,3.1433310508728027,0.010205342434346676,0,0
9414,3.3698558807373047,0.003457502229139209,1,1
9415,3.399203300476074,0.11527005583047867,1,1
9416,3.5843958854675293,0.046425960958004,0,0
9417,4.097964286804199,0.30256548523902893,1,1
9418,3.8498575687408447,0.00978279858827591,1,1
9419,3.8277385234832764,0.01957295648753643,1,1
9420,3.3704581260681152,0.0020643011666834354,0,0
9421,3.570047616958618,0.00010682651918614283,0,0
9422,3.087641954421997,0.0011916205985471606,1,1
9423,3.5101869106292725,0.010628857649862766,0,0
9424,2.607327699661255,0.07058502733707428,1,1
9425,2.103739023208618,0.009891915135085583,1,1
9426,2.388429880142212,0.2559531331062317,0,0
9427,2.516324520111084,1.8779188621920184e-06,1,1
9428,2.287060499191284,0.03055490367114544,0,0
9429,2.743258476257324,0.41464582085609436,0,0
9430,3.036741018295288,0.04980393126606941,0,0
9431,3.5306525230407715,0.0001891166903078556,0,0
9432,3.215707302093506,0.6921902894973755,0,0
9433,3.5640571117401123,0.41085144877433777,1,1
9434,3.331320285797119,0.15147294104099274,1,1
9435,3.3466572761535645,0.5471584796905518,0,0
9436,3.418172836303711,0.41863247752189636,0,0
9437,2.9554500579833984,0.3727228343486786,1,1
9438,2.1087911128997803,0.38913726806640625,1,1
9439,2.4492557048797607,0.02532760612666607,0,0
9440,3.137617588043213,0.022124553099274635,0,0
9441,2.949787139892578,0.5126283168792725,1,1
9442,2.961869955062866,0.0532381497323513,1,1
9443,2.7728428840637207,0.2530418038368225,0,0
9444,2.951517343521118,0.33148711919784546,0,0
9445,2.5143251419067383,0.08716543018817902,1,1
9446,2.472750663757324,9.784707799553871e-05,1,1
9447,2.8875889778137207,0.005577888339757919,1,1
9448,3.016418218612671,0.0339009128510952,0,0
9449,2.578054428100586,0.13296550512313843,1,1
9450,2.513705253601074,5.622664684779011e-05,1,1
9451,2.6757946014404297,0.0005130106001161039,1,1
9452,2.859267473220825,0.033081453293561935,1,1
9453,2.606937885284424,0.035333678126335144,1,1
9454,3.1928164958953857,0.010133326053619385,1,1
9455,2.5695526599884033,0.02980051003396511,0,0
9456,2.965395927429199,0.09261595457792282,1,1
9457,2.719062566757202,0.12269916385412216,1,1
9458,2.9286396503448486,0.37623071670532227,0,0
9459,2.9771339893341064,0.17739008367061615,0,0
9460,3.119769334793091,0.002631904324516654,1,1
9461,2.419696092605591,0.029016081243753433,0,0
9462,2.4614837169647217,0.0417863130569458,1,1
9463,2.8643136024475098,0.01584850624203682,1,1
9464,2.5972342491149902,0.20005221664905548,0,0
9465,1.8002560138702393,0.07166080921888351,1,1
9466,3.460068464279175,0.24862423539161682,0,0
9467,3.0875790119171143,0.03533005341887474,0,0
9468,3.2801756858825684,0.05960831791162491,1,1
9469,3.0632498264312744,0.06575305759906769,0,0
9470,2.8426578044891357,0.007436805870383978,1,1
9471,3.4846463203430176,0.20947544276714325,0,0
9472,3.158888578414917,0.037052009254693985,0,0
9473,3.950376510620117,0.004525747150182724,1,1
9474,3.115055799484253,0.4584365785121918,0,0
9475,2.9260075092315674,0.1561737209558487,1,1
9476,3.313624858856201,0.5301320552825928,0,0
9477,3.3702967166900635,0.2662988305091858,1,1
9478,3.892439842224121,0.24463680386543274,1,1
9479,3.379089117050171,0.06312702596187592,0,0
9480,3.755209445953369,0.08663628250360489,1,1
9481,3.4711978435516357,0.007582318969070911,1,1
9482,3.203104257583618,0.00021659070625901222,0,0
9483,3.441420316696167,0.01975700631737709,1,1
9484,3.3577675819396973,0.06265267729759216,1,1
9485,3.2588748931884766,0.045940663665533066,1,1
9486,3.2254087924957275,0.122239850461483,0,0
9487,3.192413568496704,0.08824001997709274,1,1
9488,2.9583017826080322,0.056593846529722214,1,1
9489,3.1584832668304443,0.03205050155520439,1,1
9490,2.961320638656616,0.17370255291461945,0,0
9491,3.3897979259490967,0.06672170013189316,0,0
9492,3.258187770843506,0.17739008367061615,1,1
9493,3.0760247707366943,0.04681770130991936,0,0
9494,3.395054817199707,0.03846588730812073,1,1
9495,3.3972604274749756,0.011919436044991016,0,0
9496,3.5244386196136475,2.984050752274925e-06,0,0
9497,4.257323265075684,0.025361403822898865,1,1
9498,3.639968156814575,0.3515510559082031,0,0
9499,3.284106731414795,0.002052916679531336,0,0
9500,3.1960673332214355,0.26365602016448975,0,0
9501,3.3409929275512695,0.06185327097773552,1,1
9502,3.351879596710205,0.37561532855033875,1,1
9503,3.507694721221924,0.046309586614370346,1,1
9504,3.562648296356201,0.38281798362731934,0,0
9505,3.194556951522827,0.015539014711976051,1,1
9506,3.788062810897827,0.0731983408331871,1,1
9507,3.3817665576934814,2.819672317855293e-06,0,0
9508,3.487294912338257,0.07778499275445938,1,1
9509,3.3730969429016113,0.2442646324634552,0,0
9510,3.8586225509643555,0.1785789132118225,1,1
9511,3.829266309738159,0.008804419077932835,0,0
9512,3.5987911224365234,0.0658421739935875,1,1
9513,3.5749311447143555,0.1465039700269699,1,1
9514,3.5353503227233887,0.0367886982858181,1,1
9515,2.5679123401641846,0.07993128150701523,0,0
9516,2.901437520980835,0.07355386763811111,0,0
9517,3.9022703170776367,0.008447708562016487,1,1
9518,3.952244758605957,0.08609175682067871,1,1
9519,3.3291821479797363,0.0050586555153131485,0,0
9520,3.0445146560668945,0.0021057226695120335,0,0
9521,3.0194389820098877,0.0010614633793011308,0,0
9522,3.8386573791503906,0.1043243333697319,1,1
9523,3.555936098098755,0.002731853863224387,1,1
9524,3.542391777038574,0.28417885303497314,1,1
9525,3.5406837463378906,0.007922177202999592,1,1
9526,3.611572265625,0.12080671638250351,0,0
9527,3.4942984580993652,0.15365920960903168,1,1
9528,3.871980905532837,0.03689984232187271,0,0
9529,3.7050609588623047,0.27457931637763977,1,1
9530,3.684121608734131,0.02264142595231533,1,1
9531,3.748643159866333,0.22900016605854034,0,0
9532,2.9690871238708496,0.1798781305551529,1,1
9533,2.912583351135254,0.024012034758925438,1,1
9534,3.014960527420044,0.3136967718601227,0,0
9535,4.1071271896362305,0.07236003130674362,1,1
9536,3.4945456981658936,0.003153529018163681,0,0
9537,3.308026075363159,0.010090626776218414,0,0
9538,3.6481311321258545,0.21956749260425568,1,1
9539,3.1903178691864014,0.06100178509950638,0,0
9540,3.1887598037719727,0.20478478074073792,0,0
9541,3.557234525680542,0.36048761010169983,1,1
9542,3.5209851264953613,0.19874219596385956,1,1
9543,3.303504705429077,0.18965882062911987,1,1
9544,3.653249979019165,0.03652632236480713,0,0
9545,3.136463165283203,0.42360493540763855,1,1
9546,3.406996488571167,0.16642795503139496,1,1
9547,3.4064886569976807,0.02825509011745453,0,0
9548,3.140368938446045,0.1431545615196228,1,1
9549,3.3295111656188965,0.054384320974349976,0,0
9550,3.33137845993042,0.17073895037174225,0,0
9551,3.4365665912628174,0.08810246735811234,1,1
9552,3.32546329498291,0.034881629049777985,0,0
9553,3.3839950561523438,0.04926268383860588,1,1
9554,3.320283889770508,0.028212929144501686,1,1
9555,3.3457441329956055,0.0001750552182784304,0,0
9556,3.286691904067993,0.002355393022298813,1,1
9557,3.5140042304992676,0.00012424075976014137,0,0
9558,3.3199799060821533,0.001379735884256661,0,0
9559,3.4877238273620605,0.005883230362087488,1,1
9560,3.219874858856201,0.01897808536887169,0,0
9561,3.3987722396850586,0.08821135014295578,1,1
9562,3.385498046875,0.08517113327980042,1,1
9563,3.2480361461639404,0.003629834158346057,0,0
9564,3.2349843978881836,0.04524007439613342,0,0
9565,3.3168447017669678,0.014012190513312817,0,0
9566,3.9471335411071777,0.043170612305402756,0,0
9567,3.395543098449707,0.04040517285466194,0,0
9568,2.638430595397949,0.13919506967067719,0,0
9569,3.0051467418670654,0.11732365190982819,0,0
9570,2.8811652660369873,0.6600075960159302,1,1
9571,2.921701192855835,0.06568378210067749,0,0
9572,2.89284086227417,0.1221926212310791,0,0
9573,3.4260056018829346,0.06720617413520813,0,0
9574,3.20344614982605,0.0029835477471351624,0,0
9575,2.684419870376587,0.13230475783348083,1,1
9576,2.6655948162078857,0.006352651864290237,0,0
9577,3.2184810638427734,0.15901635587215424,1,1
9578,3.3040499687194824,0.006272909231483936,1,1
9579,3.378786563873291,0.0283492561429739,1,1
9580,3.2312395572662354,0.0012265184195712209,1,1
9581,3.4485697746276855,0.05259436368942261,0,0
9582,2.4967470169067383,0.005717130843549967,1,1
9583,2.346569776535034,0.002925845328718424,1,1
9584,3.0279314517974854,0.06057349964976311,0,0
9585,3.9108641147613525,0.05447438359260559,1,1
9586,3.546520233154297,0.09423238039016724,1,1
9587,3.3772923946380615,0.07031350582838058,1,1
9588,3.4548652172088623,0.013471463695168495,0,0
9589,3.1096627712249756,0.04883948713541031,1,1
9590,3.001009225845337,0.24771077930927277,0,0
9591,3.388375997543335,0.4531072676181793,1,1
9592,3.3791916370391846,0.0005138852866366506,1,1
9593,3.223971128463745,0.08535712212324142,0,0
9594,4.1311469078063965,0.11684813350439072,1,1
9595,3.2472333908081055,0.12515878677368164,0,0
9596,3.110232353210449,0.1007276400923729,0,0
9597,3.993567705154419,0.1867116093635559,0,0
9598,3.339855432510376,0.004848113749176264,0,0
9599,3.7361176013946533,0.08230046927928925,1,1
9600,3.219769239425659,0.041333820670843124,1,1
9601,3.2950265407562256,0.002600313862785697,0,0
9602,3.3238937854766846,0.0004329100192990154,1,1
9603,3.1447484493255615,0.43563565611839294,0,0
9604,3.717466354370117,0.10637912899255753,1,1
9605,3.477287530899048,0.3577117621898651,0,0
9606,3.0343129634857178,0.1795426607131958,0,0
9607,2.8238577842712402,0.0012305774725973606,1,1
9608,2.9441094398498535,0.05643325671553612,0,0
9609,3.272871494293213,0.015452519059181213,0,0
9610,3.316880464553833,0.05252799019217491,1,1
9611,3.0546798706054688,0.0050134556367993355,0,0
9612,3.5818586349487305,0.005093032959848642,0,0
9613,2.097524881362915,0.22276253998279572,0,0
9614,3.0704174041748047,0.2933889925479889,0,0
9615,3.4319725036621094,3.762636424653465e-06,0,0
9616,3.553154706954956,0.0035236403346061707,0,0
9617,3.3468663692474365,0.004278615582734346,0,0
9618,3.3558757305145264,0.0909087285399437,0,0
9619,3.1446688175201416,0.09028131514787674,0,0
9620,3.081129550933838,0.13575294613838196,0,0
9621,3.576786994934082,0.4562959372997284,1,1
9622,3.43084454536438,7.564667612314224e-06,0,0
9623,3.6368637084960938,0.12379685789346695,0,0
9624,3.12467885017395,0.00709462771192193,0,0
9625,3.341860771179199,0.0023311011027544737,0,0
9626,3.642893075942993,0.3371450901031494,0,0
9627,3.9710047245025635,0.06438436359167099,0,0
9628,3.7406539916992188,0.12467445433139801,0,0
9629,3.727006435394287,0.1141587421298027,0,0
9630,3.7691104412078857,0.10383863747119904,0,0
9631,3.620400905609131,0.3424442708492279,1,1
9632,3.87705659866333,0.23597978055477142,0,0
9633,3.304715633392334,0.30816492438316345,0,0
9634,3.04392409324646,0.42275115847587585,0,0
9635,3.0871973037719727,0.25172311067581177,1,1
9636,2.7730727195739746,0.0805271789431572,1,1
9637,3.0547711849212646,0.02492985874414444,0,0
9638,3.2255985736846924,0.3440386652946472,0,0
9639,3.229414224624634,0.08001315593719482,0,0
9640,2.68489408493042,0.013361915946006775,0,0
9641,3.540138006210327,0.007857031188905239,0,0
9642,2.9379703998565674,0.02246461622416973,1,1
9643,3.4191267490386963,0.4701411724090576,0,0
9644,3.505322217941284,0.279833048582077,1,1
9645,3.4449522495269775,0.033468738198280334,1,1
9646,3.5395898818969727,0.04279446601867676,1,1
9647,3.7799856662750244,0.0013977173948660493,1,1
9648,3.3751397132873535,0.07126867771148682,0,0
9649,3.482046604156494,0.1159394308924675,1,1
9650,3.265592575073242,0.0263200830668211,0,0
9651,3.3883349895477295,0.01909525692462921,1,1
9652,3.6914570331573486,0.034275081008672714,1,1
9653,3.5314748287200928,0.0002901279367506504,0,0
9654,3.276560068130493,0.06341832131147385,1,1
9655,3.208547592163086,0.008714099414646626,0,0
9656,3.3445372581481934,0.020007384940981865,1,1
9657,2.93158221244812,0.1163209080696106,0,0
9658,2.9382169246673584,0.3115600049495697,1,1
9659,3.1198277473449707,0.08279956132173538,0,0
9660,3.2389049530029297,0.03937976062297821,0,0
9661,3.287658929824829,0.17560617625713348,1,1
9662,3.384340286254883,0.04400473088026047,0,0
9663,3.1526436805725098,0.12735337018966675,0,0
9664,3.667781114578247,0.015853365883231163,1,1
9665,3.2819137573242188,0.0008680680184625089,0,0
9666,3.3993897438049316,0.0016671940684318542,1,1
9667,3.260234832763672,0.0071565392427146435,1,1
9668,3.5589582920074463,0.3700997531414032,0,0
9669,3.312955379486084,0.235352024435997,1,1
9670,3.2646570205688477,0.040021996945142746,0,0
9671,3.1773109436035156,0.16531957685947418,0,0
9672,3.3095202445983887,0.13930310308933258,1,1
9673,3.374826192855835,0.04209858551621437,1,1
9674,3.1929469108581543,0.020259341225028038,1,1
9675,2.99542498588562,0.002897724974900484,0,0
9676,3.4196906089782715,0.04466308280825615,1,1
9677,3.2069149017333984,0.015337568707764149,0,0
9678,3.595550060272217,0.015466918237507343,1,1
9679,3.5034260749816895,0.04236830770969391,0,0
9680,3.269794225692749,0.15248119831085205,0,0
9681,2.884244441986084,0.08164838701486588,0,0
9682,2.7450971603393555,0.007212162017822266,1,1
9683,3.2024242877960205,0.010666698217391968,0,0
9684,3.4504024982452393,0.04793516919016838,1,1
9685,3.061427116394043,0.016638074070215225,1,1
9686,3.052199363708496,0.03779502958059311,0,0
9687,3.181675910949707,0.0252508707344532,1,1
9688,3.4409985542297363,0.03142470121383667,1,1
9689,2.775050163269043,0.015328009612858295,0,0
9690,3.075573444366455,0.010011292062699795,1,1
9691,3.4616153240203857,0.009199950844049454,1,1
9692,3.138274908065796,0.007758115418255329,1,1
9693,3.441027879714966,0.02058480866253376,1,1
9694,2.9721574783325195,0.010846859775483608,0,0
9695,3.540963649749756,0.0014274590648710728,1,1
9696,3.1289479732513428,0.019153980538249016,1,1
9697,3.3956315517425537,0.02121821418404579,1,1
9698,3.0002951622009277,0.05243071913719177,0,0
9699,3.446617841720581,0.0045778341591358185,1,1
9700,3.0389204025268555,0.013594955205917358,1,1
9701,3.3234643936157227,0.00862245261669159,1,1
9702,3.145334005355835,0.12556882202625275,0,0
9703,3.4022326469421387,0.0968453511595726,1,1
9704,3.4175827503204346,3.862530138576403e-05,1,1
9705,3.200507640838623,0.05922722816467285,0,0
9706,3.443286657333374,0.007552097085863352,0,0
9707,3.240753412246704,0.0014049425953999162,0,0
9708,3.5926828384399414,0.2365332841873169,0,0
9709,3.697124719619751,0.05389929562807083,1,1
9710,3.46840763092041,0.09955494105815887,1,1
9711,3.316277503967285,0.05326042324304581,0,0
9712,2.951725721359253,0.004883117973804474,1,1
9713,3.168550968170166,0.03711147606372833,0,0
9714,3.1178066730499268,0.16509990394115448,1,1
9715,3.8752095699310303,0.04303837567567825,1,1
9716,3.9391095638275146,0.013308423571288586,0,0
9717,3.539792776107788,0.010557343252003193,1,1
9718,4.140758991241455,0.07722079753875732,1,1
9719,4.4859514236450195,0.14093591272830963,0,0
9720,3.980062484741211,0.17115391790866852,1,1
9721,4.135778903961182,0.37849530577659607,0,0
9722,3.6030004024505615,0.021875489503145218,1,1
9723,3.8496994972229004,0.032369181513786316,1,1
9724,3.913116216659546,0.060303039848804474,1,1
9725,3.8192243576049805,0.09515892714262009,0,0
9726,3.447730302810669,0.07185728847980499,0,0
9727,3.890052318572998,0.14047256112098694,0,0
9728,3.5474445819854736,0.7481313347816467,0,0
9729,2.9040958881378174,0.05895042046904564,0,0
9730,3.3130109310150146,0.06005209684371948,0,0
9731,2.1646480560302734,0.18708710372447968,0,0
9732,2.4590041637420654,0.214263916015625,0,0
9733,2.384101152420044,0.13020698726177216,0,0
9734,3.088374614715576,0.13245925307273865,1,1
9735,3.0946686267852783,0.40387898683547974,0,0
9736,2.945636034011841,0.22819732129573822,0,0
9737,2.8743419647216797,0.23785869777202606,0,0
9738,2.4369475841522217,0.1100168451666832,1,1
9739,2.8553874492645264,0.09025811403989792,1,1
9740,2.720055341720581,0.3662116825580597,0,0
9741,2.664172649383545,0.00958715658634901,0,0
9742,2.9727957248687744,0.1699264496564865,1,1
9743,2.8089659214019775,0.04711049422621727,0,0
9744,2.7867841720581055,0.07665865868330002,0,0
9745,2.6376752853393555,0.013764264062047005,0,0
9746,2.5997300148010254,0.00438404455780983,1,1
9747,2.7241392135620117,0.008661927655339241,0,0
9748,3.1494860649108887,0.00020262086763978004,0,0
9749,2.778266429901123,0.005868435371667147,0,0
9750,3.0384163856506348,0.012046203948557377,1,1
9751,2.4343831539154053,0.0036811798345297575,1,1
9752,3.343345880508423,0.02394329383969307,0,0
9753,3.103853225708008,0.008267730474472046,0,0
9754,3.406322717666626,0.014301544986665249,1,1
9755,3.5047190189361572,0.0016194675117731094,0,0
9756,2.8565454483032227,0.10603946447372437,1,1
9757,3.237431049346924,0.06882192939519882,1,1
9758,3.2058987617492676,0.04244780167937279,1,1
9759,3.645148754119873,0.0003807697503361851,0,0
9760,3.5047342777252197,0.0025718496181070805,0,0
9761,3.743379592895508,0.984168529510498,1,1
9762,3.6362175941467285,0.03582150861620903,0,0
9763,3.390138864517212,0.001045800861902535,1,1
9764,3.1289737224578857,0.266836941242218,1,1
9765,3.3364686965942383,0.015280254185199738,1,1
9766,3.5065267086029053,0.30104920268058777,1,1
9767,3.5918874740600586,0.6781949400901794,0,0
9768,3.43666934967041,0.1815272718667984,0,0
9769,3.380281925201416,0.011336718685925007,1,1
9770,3.3172426223754883,0.0693952888250351,1,1
9771,3.120793342590332,0.04463045671582222,1,1
9772,3.1544809341430664,0.2446272373199463,0,0
9773,3.9737184047698975,0.06027933955192566,1,1
9774,3.469243049621582,0.006170906126499176,0,0
9775,3.1040191650390625,3.1872186809778214e-05,1,1
9776,3.0434131622314453,0.02674134634435177,0,0
9777,3.21502423286438,0.032015953212976456,0,0
9778,3.063713312149048,0.1976938247680664,1,1
9779,3.539837121963501,0.0018775556236505508,0,0
9780,3.4684486389160156,0.14392970502376556,1,1
9781,3.518407106399536,0.0026946552097797394,0,0
9782,3.0948543548583984,0.013700932264328003,1,1
9783,3.6806089878082275,0.11306579411029816,1,1
9784,3.749565362930298,0.002484510187059641,0,0
9785,3.493297576904297,0.02668771706521511,1,1
9786,2.870915174484253,0.15549561381340027,1,1
9787,3.949244499206543,0.15243598818778992,1,1
9788,3.9780168533325195,0.016197873279452324,0,0
9789,3.860833168029785,2.0954757928848267e-08,1,1
9790,3.1780691146850586,0.0012867235345765948,0,0
9791,3.882882595062256,0.11978249996900558,1,1
9792,3.616128921508789,0.02516200579702854,1,1
9793,3.589967966079712,0.0018434226512908936,1,1
9794,3.708373546600342,0.025296896696090698,0,0
9795,3.829878330230713,0.0009940274758264422,1,1
9796,3.529978036880493,0.008552697487175465,1,1
9797,2.893744945526123,3.990624009020394e-06,0,0
9798,3.6919515132904053,0.12211841344833374,1,1
9799,2.545666456222534,0.017965614795684814,0,0
9800,3.8971304893493652,0.280629962682724,1,1
9801,3.4460854530334473,0.00020317072630859911,0,0
9802,2.1344082355499268,0.003940893802791834,0,0
9803,3.652711868286133,0.00253090332262218,1,1
9804,3.489758253097534,0.04415871948003769,1,1
9805,3.505981206893921,0.01455657184123993,0,0
9806,3.6828088760375977,0.016593290492892265,0,0
9807,3.180384874343872,9.14634219952859e-05,0,0
9808,3.7254703044891357,0.005717130843549967,1,1
9809,2.9862136840820312,0.23646758496761322,0,0
9810,3.3675670623779297,0.011995416134595871,0,0
9811,3.353273391723633,0.2028416395187378,1,1
9812,3.5069172382354736,1.8030405044555664e-05,0,0
9813,3.4858734607696533,0.03726780414581299,1,1
9814,3.9914233684539795,0.00011934190843021497,0,0
9815,3.1359543800354004,0.0042019495740532875,1,1
9816,3.7435035705566406,0.04105567932128906,0,0
9817,3.8010239601135254,0.09515892714262009,0,0
9818,3.224879264831543,0.13447590172290802,1,1
9819,3.3113174438476562,0.17901962995529175,0,0
9820,3.486764907836914,0.03418580815196037,1,1
9821,3.4093244075775146,0.04698071628808975,0,0
9822,3.4846298694610596,0.043673351407051086,0,0
9823,3.3430399894714355,0.07085706293582916,1,1
9824,3.7171971797943115,0.05157684162259102,0,0
9825,3.411022424697876,0.14459680020809174,1,1
9826,3.618316173553467,0.02296786941587925,1,1
9827,3.57609224319458,0.007992768660187721,0,0
9828,3.0733261108398438,0.11951544135808945,0,0
9829,3.4466874599456787,0.003221087157726288,0,0
9830,4.045737266540527,0.041420191526412964,1,1
9831,4.337645530700684,0.1461717039346695,1,1
9832,3.8074331283569336,0.09203535318374634,0,0
9833,2.7477614879608154,0.0033964887261390686,0,0
9834,3.6675987243652344,0.055469948798418045,0,0
9835,4.2972307205200195,0.011793338693678379,0,0
9836,3.020270824432373,0.07732810825109482,0,0
9837,3.468770980834961,0.16803020238876343,1,1
9838,3.636357307434082,0.13770128786563873,0,0
9839,3.644216537475586,0.48991814255714417,1,1
9840,3.61604905128479,0.631210446357727,1,1
9841,3.6927976608276367,0.19031502306461334,0,0
9842,4.002307415008545,0.0037022889591753483,1,1
9843,3.596999406814575,0.048596661537885666,1,1
9844,3.80246901512146,0.00203459314070642,1,1
9845,3.882021903991699,0.010794657282531261,0,0
9846,3.618863821029663,0.10047052055597305,1,1
9847,3.73112416267395,0.17939548194408417,1,1
9848,3.3593199253082275,0.0013398797018453479,1,1
9849,3.379014253616333,0.0020643011666834354,1,1
9850,3.765641212463379,0.054119087755680084,0,0
9851,3.547774076461792,0.08890058845281601,1,1
9852,3.5570693016052246,0.0663880854845047,1,1
9853,3.67046856880188,4.4597687519853935e-05,1,1
9854,2.9371581077575684,4.385504780657357e-06,0,0
9855,3.310070276260376,0.14399561285972595,1,1
9856,3.1265203952789307,0.0012853392399847507,0,0
9857,3.7584733963012695,0.014849113300442696,0,0
9858,3.5680017471313477,0.03083896078169346,0,0
9859,3.2539188861846924,0.05611732602119446,0,0
9860,3.3485307693481445,0.10007325559854507,0,0
9861,3.1444427967071533,0.011377857066690922,0,0
9862,3.665666341781616,0.028407782316207886,1,1
9863,3.5930604934692383,0.43302807211875916,0,0
9864,3.5745410919189453,0.18788103759288788,1,1
9865,2.9809353351593018,0.43637487292289734,0,0
9866,3.5713868141174316,0.14073310792446136,1,1
9867,4.08254861831665,0.020124949514865875,1,1
9868,3.693155288696289,0.007829681038856506,0,0
9869,3.9856603145599365,0.006494969129562378,0,0
9870,3.3929765224456787,0.0030674152076244354,1,1
9871,3.5968027114868164,0.0003408239281270653,1,1
9872,3.2788853645324707,0.1520443707704544,1,1
9873,3.613630771636963,0.07092901319265366,1,1
9874,3.953246831893921,0.17808987200260162,1,1
9875,3.6253716945648193,0.0381108783185482,1,1
9876,3.1339616775512695,0.8189818263053894,0,0
9877,2.840019464492798,0.1457219123840332,1,1
9878,3.6237642765045166,0.09470697492361069,1,1
9879,2.385465383529663,0.03860987350344658,0,0
9880,2.881425142288208,0.06751173734664917,0,0
9881,3.3475067615509033,0.05994808301329613,1,1
9882,3.184422492980957,0.1766267716884613,1,1
9883,3.18349289894104,0.12807072699069977,1,1
9884,3.218981981277466,0.06954790651798248,0,0
9885,3.345271587371826,0.013444594107568264,1,1
9886,2.7246510982513428,0.004562176764011383,0,0
9887,3.4151134490966797,0.012044086121022701,0,0
9888,3.5199334621429443,0.019854791462421417,0,0
9889,3.2999026775360107,0.02183268964290619,0,0
9890,3.5500106811523438,0.2080468237400055,1,1
9891,3.513624668121338,0.004689508583396673,0,0
9892,4.193004131317139,0.18500582873821259,0,0
9893,3.2117390632629395,0.009315088391304016,1,1
9894,3.081836700439453,6.681391823804006e-05,0,0
9895,3.5721590518951416,0.10259226709604263,1,1
9896,3.5075430870056152,0.022976646199822426,1,1
9897,3.4280080795288086,0.01621015928685665,1,1
9898,3.453742027282715,0.01161584910005331,1,1
9899,3.2578701972961426,0.48627734184265137,0,0
9900,3.105170488357544,0.2503209114074707,1,1
9901,3.4882004261016846,0.13023485243320465,0,0
9902,3.0229053497314453,0.22649478912353516,0,0
9903,2.4554929733276367,0.011164750903844833,1,1
9904,3.110475540161133,0.0960780456662178,0,0
9905,3.2881152629852295,0.19482086598873138,0,0
9906,3.1621925830841064,0.2297489196062088,0,0
9907,3.705904483795166,0.010873007588088512,0,0
9908,3.187955617904663,0.03214732185006142,0,0
9909,3.325322389602661,0.5366445183753967,0,0
9910,2.986093759536743,0.3186891973018646,0,0
9911,3.4525673389434814,0.4229268729686737,0,0
9912,2.777395725250244,0.09696551412343979,0,0
9913,3.44663405418396,0.007949687540531158,0,0
9914,3.3035895824432373,0.3098171651363373,0,0
9915,3.7046074867248535,0.2192239612340927,1,1
9916,3.1376700401306152,0.06319493055343628,0,0
9917,3.29291033744812,0.0263200830668211,1,1
9918,2.9502766132354736,6.247405053727562e-06,1,1
9919,3.1555254459381104,0.5529415607452393,0,0
9920,3.0210647583007812,0.10258609056472778,0,0
9921,3.167219877243042,0.007352160755544901,1,1
9922,3.7642462253570557,0.08562236279249191,1,1
9923,3.3781821727752686,0.08125178515911102,1,1
9924,3.4050421714782715,0.08001315593719482,0,0
9925,2.987009048461914,0.008428205735981464,1,1
9926,3.537212371826172,0.00015092352987267077,1,1
9927,3.618107318878174,0.21224065124988556,1,1
9928,3.52286434173584,0.13078568875789642,0,0
9929,2.981513023376465,0.0006654234020970762,1,1
9930,2.888497829437256,0.23271889984607697,1,1
9931,3.2182207107543945,0.04572579264640808,0,0
9932,3.253338098526001,0.0837017223238945,1,1
9933,3.1599209308624268,0.0011559136910364032,0,0
9934,3.5391860008239746,0.13427072763442993,1,1
9935,3.3550186157226562,0.0023469701409339905,0,0
9936,2.981205701828003,0.05853875353932381,1,1
9937,3.424123525619507,0.01615859381854534,1,1
9938,3.4753451347351074,0.0035465918481349945,0,0
9939,3.778458595275879,0.03731625899672508,1,1
9940,3.2789623737335205,0.2865915894508362,1,1
9941,3.2265751361846924,0.0002171591913793236,1,1
9942,3.1211209297180176,0.0018918000860139728,1,1
9943,3.23569655418396,0.009657208807766438,0,0
9944,3.5711379051208496,0.19031502306461334,1,1
9945,3.2267839908599854,0.00010444605868542567,0,0
9946,3.3032307624816895,0.011054894886910915,0,0
9947,4.055234909057617,0.007370376493781805,0,0
9948,3.4448609352111816,0.0022115304600447416,1,1
9949,3.6846096515655518,0.0492112897336483,0,0
9950,3.3595056533813477,0.00024351189495064318,0,0
9951,2.9302446842193604,0.0049155415035784245,1,1
9952,3.2835259437561035,0.06062101200222969,0,0
9953,3.2593634128570557,0.0012894944520667195,1,1
9954,3.473034620285034,0.32329288125038147,0,0
9955,3.39502215385437,0.009855476208031178,0,0
9956,3.1567249298095703,0.036235492676496506,0,0
9957,3.1567869186401367,0.008098374120891094,1,1
9958,3.0272953510284424,0.10454888641834259,0,0
9959,3.2264814376831055,0.19229042530059814,1,1
9960,3.1889381408691406,0.02124352566897869,0,0
9961,3.3626434803009033,0.07749995589256287,1,1
9962,3.412069797515869,0.32052233815193176,0,0
9963,3.2013111114501953,0.002418571850284934,0,0
9964,3.546126127243042,0.07844851911067963,0,0
9965,3.231914758682251,0.03566095978021622,0,0
9966,2.7394418716430664,0.3597579002380371,0,0
9967,3.642199754714966,0.01599462889134884,1,1
9968,3.003575086593628,0.25925442576408386,0,0
9969,3.519944190979004,0.2985340356826782,1,1
9970,3.263901948928833,0.0006117829470895231,0,0
9971,3.578838586807251,0.004259699024260044,1,1
9972,3.5870630741119385,0.06624891608953476,1,1
9973,3.68753719329834,0.06953772157430649,0,0
9974,3.9871573448181152,0.04967479407787323,1,1
9975,3.7908339500427246,0.006202787160873413,1,1
9976,3.457056999206543,0.004864254035055637,1,1
9977,3.283053159713745,0.07415182143449783,1,1
9978,3.7288901805877686,0.007267999928444624,0,0
9979,3.7238316535949707,0.0977122113108635,1,1
9980,3.805826187133789,0.1391446590423584,1,1
9981,3.8347532749176025,0.0726250633597374,1,1
9982,3.065868616104126,0.019389769062399864,1,1
9983,3.7326531410217285,0.004949430003762245,1,1
9984,3.280799627304077,0.0002163067547371611,1,1
9985,4.032487392425537,0.0010671303607523441,0,0
9986,3.8746466636657715,0.13090437650680542,1,1
9987,3.5140676498413086,0.11029230803251266,0,0
9988,3.6106603145599365,0.10935205221176147,1,1
9989,3.6769003868103027,0.01684284768998623,0,0
9990,3.824007272720337,0.2638344466686249,1,1
9991,3.728994846343994,0.007795561105012894,0,0
9992,3.3734402656555176,0.008065405301749706,0,0
9993,3.4180715084075928,0.37155717611312866,1,1
9994,3.6073813438415527,0.000628122070338577,1,1
9995,3.8115737438201904,0.0037825785111635923,0,0
9996,4.27309513092041,0.08904451876878738,0,0
9997,3.4463841915130615,0.010925397276878357,0,0
9998,3.3776514530181885,0.033645521849393845,1,1
9999,3.173835039138794,0.013368611223995686,0,0
10000,3.360631227493286,0.034626156091690063,1,1
